trade_number,entry_type,exit_type,entry_datetime,exit_datetime,direction,entry_price,exit_price,size_qty,actual_quantity,size_value,lot_notional_usd,gross_pnl,net_pnl,net_pnl_inr,net_pnl_pct,favorable_excursion,favorable_excursion_pct,adverse_excursion,adverse_excursion_pct,cumulative_pnl,cumulative_pnl_inr,cumulative_pnl_pct,margin_required,taker_fees_usd,slippage_usd,slippage_applied,funding_usd,insurance_usd,tax_usd,total_charges_usd,stop_loss
1,SELL,ST_FLIP_GREEN,2025-07-10T05:00:00,2025-07-10T07:00:00,short,111195.5,111257.5,100,0.1,11119.55,100.0,-6.2,-16.31,-1370.04,-0.02,0,0.0,62,0.06,-16.31,-1370.04,-0.02,1111.96,0.1,10,5.0,0.01,0,0.0,10.11,111319.5
2,BUY,ST_FLIP_RED,2025-07-10T07:00:00,2025-07-10T08:00:00,long,111257.5,111133.5,100,0.1,11125.75,100.0,-12.4,-22.51,-1890.84,-0.02,0,0.0,124,0.11,-38.82,-3260.88,-0.04,1112.58,0.1,10,5.0,0.01,0,0.0,10.11,111133.5
3,SELL,ST_FLIP_GREEN,2025-07-10T08:00:00,2025-07-10T11:00:00,short,111133.5,111195.5,100,0.1,11113.35,100.0,-6.2,-16.31,-1370.04,-0.02,0,0.0,62,0.06,-55.13,-4630.92,-0.06,1111.34,0.1,10,5.0,0.01,0,0.0,10.11,111257.5
4,BUY,ST_FLIP_RED,2025-07-10T11:00:00,2025-07-10T14:00:00,long,111195.5,111133.5,100,0.1,11119.55,100.0,-6.2,-16.31,-1370.04,-0.02,0,0.0,62,0.06,-71.44,-6000.96,-0.07,1111.96,0.1,10,5.0,0.01,0,0.0,10.11,111071.5
5,SELL,ST_FLIP_GREEN,2025-07-10T14:00:00,2025-07-10T20:00:00,short,111133.5,111071.5,100,0.1,11113.35,100.0,6.2,-3.91,-328.44,-0.0,62,0.06,0,0.0,-75.35,-6329.4,-0.08,1111.34,0.1,10,5.0,0.01,0,0.0,10.11,111257.5
6,BUY,ST_FLIP_RED,2025-07-10T20:00:00,2025-07-10T23:00:00,long,111071.5,113179.5,100,0.1,11107.15,100.0,210.8,200.69,16857.96,0.2,2108,1.9,0,0.0,125.34,10528.56,0.13,1110.72,0.1,10,5.0,0.01,0,0.0,10.11,110947.5
7,SELL,ST_FLIP_GREEN,2025-07-10T23:00:00,2025-07-11T00:00:00,short,113179.5,113303.5,100,0.1,11317.95,100.0,-12.4,-22.51,-1890.84,-0.02,0,0.0,124,0.11,102.83,8637.72,0.1,1131.8,0.1,10,5.0,0.01,0,0.0,10.11,113303.5
8,BUY,ST_FLIP_RED,2025-07-11T00:00:00,2025-07-11T04:00:00,long,113303.5,115721.5,100,0.1,11330.35,100.0,241.8,231.69,19461.96,0.23,2418,2.13,0,0.0,334.52,28099.68,0.33,1133.04,0.1,10,5.0,0.01,0,0.0,10.11,113179.5
9,SELL,ST_FLIP_GREEN,2025-07-11T04:00:00,2025-07-11T06:00:00,short,115721.5,115721.5,100,0.1,11572.15,100.0,0.0,-10.11,-849.24,-0.01,0,0.0,0,0.0,324.41,27250.44,0.32,1157.22,0.1,10,5.0,0.01,0,0.0,10.11,115845.5
10,BUY,ST_FLIP_RED,2025-07-11T06:00:00,2025-07-11T12:00:00,long,115721.5,117891.5,100,0.1,11572.15,100.0,217.0,206.89,17378.76,0.21,2170,1.88,0,0.0,531.3,44629.2,0.53,1157.22,0.1,10,5.0,0.01,0,0.0,10.11,115597.5
11,SELL,ST_FLIP_GREEN,2025-07-11T12:00:00,2025-07-11T13:00:00,short,117891.5,118015.5,100,0.1,11789.15,100.0,-12.4,-22.51,-1890.84,-0.02,0,0.0,124,0.11,508.79,42738.36,0.51,1178.92,0.1,10,5.0,0.01,0,0.0,10.11,118015.5
12,BUY,ST_FLIP_RED,2025-07-11T13:00:00,2025-07-11T16:00:00,long,118015.5,118015.5,100,0.1,11801.55,100.0,0.0,-10.11,-849.24,-0.01,0,0.0,0,0.0,498.68,41889.12,0.5,1180.16,0.1,10,5.0,0.01,0,0.0,10.11,117891.5
13,SELL,ST_FLIP_GREEN,2025-07-11T16:00:00,2025-07-11T19:00:00,short,118015.5,117829.5,100,0.1,11801.55,100.0,18.6,8.49,713.16,0.01,186,0.16,0,0.0,507.17,42602.28,0.51,1180.16,0.1,10,5.0,0.01,0,0.0,10.11,118139.5
14,BUY,ST_FLIP_RED,2025-07-11T19:00:00,2025-07-11T20:00:00,long,117829.5,117767.5,100,0.1,11782.95,100.0,-6.2,-16.31,-1370.04,-0.02,0,0.0,62,0.05,490.86,41232.24,0.49,1178.3,0.1,10,5.0,0.01,0,0.0,10.11,117705.5
15,SELL,ST_FLIP_GREEN,2025-07-11T20:00:00,2025-07-11T22:00:00,short,117767.5,117519.5,100,0.1,11776.75,100.0,24.8,14.69,1233.96,0.01,248,0.21,0,0.0,505.55,42466.2,0.51,1177.67,0.1,10,5.0,0.01,0,0.0,10.11,117891.5
16,BUY,ST_FLIP_RED,2025-07-11T22:00:00,2025-07-11T23:00:00,long,117519.5,117395.5,100,0.1,11751.95,100.0,-12.4,-22.51,-1890.84,-0.02,0,0.0,124,0.11,483.04,40575.36,0.48,1175.2,0.1,10,5.0,0.01,0,0.0,10.11,117395.5
17,SELL,ST_FLIP_GREEN,2025-07-11T23:00:00,2025-07-12T00:00:00,short,117395.5,117519.5,100,0.1,11739.55,100.0,-12.4,-22.51,-1890.84,-0.02,0,0.0,124,0.11,460.53,38684.52,0.46,1173.96,0.1,10,5.0,0.01,0,0.0,10.11,117519.5
18,BUY,ST_FLIP_RED,2025-07-12T00:00:00,2025-07-12T03:00:00,long,117519.5,117705.5,100,0.1,11751.95,100.0,18.6,8.49,713.16,0.01,186,0.16,0,0.0,469.02,39397.68,0.47,1175.2,0.1,10,5.0,0.01,0,0.0,10.11,117395.5
19,SELL,ST_FLIP_GREEN,2025-07-12T03:00:00,2025-07-12T04:00:00,short,117705.5,117395.5,100,0.1,11770.55,100.0,31.0,20.89,1754.76,0.02,310,0.26,0,0.0,489.91,41152.44,0.49,1177.06,0.1,10,5.0,0.01,0,0.0,10.11,117829.5
20,BUY,ST_FLIP_RED,2025-07-12T04:00:00,2025-07-12T05:00:00,long,117395.5,117457.5,100,0.1,11739.55,100.0,6.2,-3.91,-328.44,-0.0,62,0.05,0,0.0,486.0,40824.0,0.49,1173.96,0.1,10,5.0,0.01,0,0.0,10.11,117271.5
21,SELL,ST_FLIP_GREEN,2025-07-12T05:00:00,2025-07-12T06:00:00,short,117457.5,117643.5,100,0.1,11745.75,100.0,-18.6,-28.71,-2411.64,-0.03,0,0.0,186,0.16,457.29,38412.36,0.46,1174.58,0.1,10,5.0,0.01,0,0.0,10.11,117581.5
22,BUY,ST_FLIP_RED,2025-07-12T06:00:00,2025-07-12T10:00:00,long,117643.5,117643.5,100,0.1,11764.35,100.0,0.0,-10.11,-849.24,-0.01,0,0.0,0,0.0,447.18,37563.12,0.45,1176.43,0.1,10,5.0,0.01,0,0.0,10.11,117519.5
23,SELL,ST_FLIP_GREEN,2025-07-12T10:00:00,2025-07-12T11:00:00,short,117643.5,117767.5,100,0.1,11764.35,100.0,-12.4,-22.51,-1890.84,-0.02,0,0.0,124,0.11,424.67,35672.28,0.42,1176.43,0.1,10,5.0,0.01,0,0.0,10.11,117767.5
24,BUY,ST_FLIP_RED,2025-07-12T11:00:00,2025-07-12T17:00:00,long,117767.5,117829.5,100,0.1,11776.75,100.0,6.2,-3.91,-328.44,-0.0,62,0.05,0,0.0,420.76,35343.84,0.42,1177.67,0.1,10,5.0,0.01,0,0.0,10.11,117643.5
25,SELL,ST_FLIP_GREEN,2025-07-12T17:00:00,2025-07-12T19:00:00,short,117829.5,117519.5,100,0.1,11782.95,100.0,31.0,20.89,1754.76,0.02,310,0.26,0,0.0,441.65,37098.6,0.44,1178.3,0.1,10,5.0,0.01,0,0.0,10.11,117953.5
26,BUY,ST_FLIP_RED,2025-07-12T19:00:00,2025-07-12T20:00:00,long,117519.5,117457.5,100,0.1,11751.95,100.0,-6.2,-16.31,-1370.04,-0.02,0,0.0,62,0.05,425.34,35728.56,0.43,1175.2,0.1,10,5.0,0.01,0,0.0,10.11,117395.5
27,SELL,ST_FLIP_GREEN,2025-07-12T20:00:00,2025-07-12T22:00:00,short,117457.5,117457.5,100,0.1,11745.75,100.0,0.0,-10.11,-849.24,-0.01,0,0.0,0,0.0,415.23,34879.32,0.42,1174.58,0.1,10,5.0,0.01,0,0.0,10.11,117581.5
28,BUY,ST_FLIP_RED,2025-07-12T22:00:00,2025-07-13T02:00:00,long,117457.5,117271.5,100,0.1,11745.75,100.0,-18.6,-28.71,-2411.64,-0.03,0,0.0,186,0.16,386.52,32467.68,0.39,1174.58,0.1,10,5.0,0.01,0,0.0,10.11,117333.5
29,SELL,ST_FLIP_GREEN,2025-07-13T02:00:00,2025-07-13T03:00:00,short,117271.5,117457.5,100,0.1,11727.15,100.0,-18.6,-28.71,-2411.64,-0.03,0,0.0,186,0.16,357.81,30056.04,0.36,1172.72,0.1,10,5.0,0.01,0,0.0,10.11,117395.5
30,BUY,ST_FLIP_RED,2025-07-13T03:00:00,2025-07-13T04:00:00,long,117457.5,117271.5,100,0.1,11745.75,100.0,-18.6,-28.71,-2411.64,-0.03,0,0.0,186,0.16,329.1,27644.4,0.33,1174.58,0.1,10,5.0,0.01,0,0.0,10.11,117333.5
31,SELL,ST_FLIP_GREEN,2025-07-13T04:00:00,2025-07-13T05:00:00,short,117271.5,117395.5,100,0.1,11727.15,100.0,-12.4,-22.51,-1890.84,-0.02,0,0.0,124,0.11,306.59,25753.56,0.31,1172.72,0.1,10,5.0,0.01,0,0.0,10.11,117395.5
32,BUY,ST_FLIP_RED,2025-07-13T05:00:00,2025-07-13T13:00:00,long,117395.5,117767.5,100,0.1,11739.55,100.0,37.2,27.09,2275.56,0.03,372,0.32,0,0.0,333.68,28029.12,0.33,1173.96,0.1,10,5.0,0.01,0,0.0,10.11,117271.5
33,SELL,ST_FLIP_GREEN,2025-07-13T13:00:00,2025-07-13T16:00:00,short,117767.5,117953.5,100,0.1,11776.75,100.0,-18.6,-28.71,-2411.64,-0.03,0,0.0,186,0.16,304.97,25617.48,0.3,1177.67,0.1,10,5.0,0.01,0,0.0,10.11,117891.5
34,BUY,ST_FLIP_RED,2025-07-13T16:00:00,2025-07-13T20:00:00,long,117953.5,118945.5,100,0.1,11795.35,100.0,99.2,89.09,7483.56,0.09,992,0.84,0,0.0,394.06,33101.04,0.39,1179.54,0.1,10,5.0,0.01,0,0.0,10.11,117829.5
35,SELL,ST_FLIP_GREEN,2025-07-13T20:00:00,2025-07-13T23:00:00,short,118945.5,118821.5,100,0.1,11894.55,100.0,12.4,2.29,192.36,0.0,124,0.1,0,0.0,396.35,33293.4,0.4,1189.46,0.1,10,5.0,0.01,0,0.0,10.11,119069.5
36,BUY,ST_FLIP_RED,2025-07-13T23:00:00,2025-07-14T02:00:00,long,118821.5,119007.5,100,0.1,11882.15,100.0,18.6,8.49,713.16,0.01,186,0.16,0,0.0,404.84,34006.56,0.4,1188.22,0.1,10,5.0,0.01,0,0.0,10.11,118697.5
37,SELL,ST_FLIP_GREEN,2025-07-14T02:00:00,2025-07-14T04:00:00,short,119007.5,118573.5,100,0.1,11900.75,100.0,43.4,33.29,2796.36,0.03,434,0.36,0,0.0,438.13,36802.92,0.44,1190.08,0.1,10,5.0,0.01,0,0.0,10.11,119131.5
38,BUY,ST_FLIP_RED,2025-07-14T04:00:00,2025-07-14T06:00:00,long,118573.5,118945.5,100,0.1,11857.35,100.0,37.2,27.09,2275.56,0.03,372,0.31,0,0.0,465.22,39078.48,0.47,1185.74,0.1,10,5.0,0.01,0,0.0,10.11,118449.5
39,SELL,ST_FLIP_GREEN,2025-07-14T06:00:00,2025-07-14T07:00:00,short,118945.5,119069.5,100,0.1,11894.55,100.0,-12.4,-22.51,-1890.84,-0.02,0,0.0,124,0.1,442.71,37187.64,0.44,1189.46,0.1,10,5.0,0.01,0,0.0,10.11,119069.5
40,BUY,ST_FLIP_RED,2025-07-14T07:00:00,2025-07-14T14:00:00,long,119069.5,122231.5,100,0.1,11906.95,100.0,316.2,306.09,25711.56,0.31,3162,2.66,0,0.0,748.8,62899.2,0.75,1190.7,0.1,10,5.0,0.01,0,0.0,10.11,118945.5
41,SELL,ST_FLIP_GREEN,2025-07-14T14:00:00,2025-07-14T17:00:00,short,122231.5,121797.5,100,0.1,12223.15,100.0,43.4,33.29,2796.36,0.03,434,0.36,0,0.0,782.09,65695.56,0.78,1222.32,0.1,10,5.0,0.01,0,0.0,10.11,122355.5
42,BUY,ST_FLIP_RED,2025-07-14T17:00:00,2025-07-14T18:00:00,long,121797.5,121673.5,100,0.1,12179.75,100.0,-12.4,-22.51,-1890.84,-0.02,0,0.0,124,0.1,759.58,63804.72,0.76,1217.97,0.1,10,5.0,0.01,0,0.0,10.11,121673.5
43,SELL,ST_FLIP_GREEN,2025-07-14T18:00:00,2025-07-15T01:00:00,short,121673.5,119999.5,100,0.1,12167.35,100.0,167.4,157.29,13212.36,0.16,1674,1.38,0,0.0,916.87,77017.08,0.92,1216.74,0.1,10,5.0,0.01,0,0.0,10.11,121797.5
44,BUY,ST_FLIP_RED,2025-07-15T01:00:00,2025-07-15T04:00:00,long,119999.5,120061.5,100,0.1,11999.95,100.0,6.2,-3.91,-328.44,-0.0,62,0.05,0,0.0,912.96,76688.64,0.91,1200.0,0.1,10,5.0,0.01,0,0.0,10.11,119875.5
45,SELL,ST_FLIP_GREEN,2025-07-15T04:00:00,2025-07-15T10:00:00,short,120061.5,117519.5,100,0.1,12006.15,100.0,254.2,244.09,20503.56,0.24,2542,2.12,0,0.0,1157.05,97192.2,1.16,1200.62,0.1,10,5.0,0.01,0,0.0,10.11,120185.5
46,BUY,ST_FLIP_RED,2025-07-15T10:00:00,2025-07-15T11:00:00,long,117519.5,117395.5,100,0.1,11751.95,100.0,-12.4,-22.51,-1890.84,-0.02,0,0.0,124,0.11,1134.54,95301.36,1.13,1175.2,0.1,10,5.0,0.01,0,0.0,10.11,117395.5
47,SELL,ST_FLIP_GREEN,2025-07-15T11:00:00,2025-07-15T15:00:00,short,117395.5,117085.5,100,0.1,11739.55,100.0,31.0,20.89,1754.76,0.02,310,0.26,0,0.0,1155.43,97056.12,1.16,1173.96,0.1,10,5.0,0.01,0,0.0,10.11,117519.5
48,BUY,ST_FLIP_RED,2025-07-15T15:00:00,2025-07-15T16:00:00,long,117085.5,116899.5,100,0.1,11708.55,100.0,-18.6,-28.71,-2411.64,-0.03,0,0.0,186,0.16,1126.72,94644.48,1.13,1170.86,0.1,10,5.0,0.01,0,0.0,10.11,116961.5
49,SELL,ST_FLIP_GREEN,2025-07-15T16:00:00,2025-07-15T17:00:00,short,116899.5,116651.5,100,0.1,11689.95,100.0,24.8,14.69,1233.96,0.01,248,0.21,0,0.0,1141.41,95878.44,1.14,1169.0,0.1,10,5.0,0.01,0,0.0,10.11,117023.5
50,BUY,ST_FLIP_RED,2025-07-15T17:00:00,2025-07-15T20:00:00,long,116651.5,117457.5,100,0.1,11665.15,100.0,80.6,70.49,5921.16,0.07,806,0.69,0,0.0,1211.9,101799.6,1.21,1166.52,0.1,10,5.0,0.01,0,0.0,10.11,116527.5
51,SELL,ST_FLIP_GREEN,2025-07-15T20:00:00,2025-07-15T21:00:00,short,117457.5,116403.5,100,0.1,11745.75,100.0,105.4,95.29,8004.36,0.1,1054,0.9,0,0.0,1307.19,109803.96,1.31,1174.58,0.1,10,5.0,0.01,0,0.0,10.11,117581.5
52,BUY,ST_FLIP_RED,2025-07-15T21:00:00,2025-07-15T23:00:00,long,116403.5,117333.5,100,0.1,11640.35,100.0,93.0,82.89,6962.76,0.08,930,0.8,0,0.0,1390.08,116766.72,1.39,1164.04,0.1,10,5.0,0.01,0,0.0,10.11,116279.5
53,SELL,ST_FLIP_GREEN,2025-07-15T23:00:00,2025-07-16T02:00:00,short,117333.5,116775.5,100,0.1,11733.35,100.0,55.8,45.69,3837.96,0.05,558,0.48,0,0.0,1435.77,120604.68,1.44,1173.34,0.1,10,5.0,0.01,0,0.0,10.11,117457.5
54,BUY,ST_FLIP_RED,2025-07-16T02:00:00,2025-07-16T07:00:00,long,116775.5,117457.5,100,0.1,11677.55,100.0,68.2,58.09,4879.56,0.06,682,0.58,0,0.0,1493.86,125484.24,1.49,1167.76,0.1,10,5.0,0.01,0,0.0,10.11,116651.5
55,SELL,ST_FLIP_GREEN,2025-07-16T07:00:00,2025-07-16T09:00:00,short,117457.5,117519.5,100,0.1,11745.75,100.0,-6.2,-16.31,-1370.04,-0.02,0,0.0,62,0.05,1477.55,124114.2,1.48,1174.58,0.1,10,5.0,0.01,0,0.0,10.11,117581.5
56,BUY,ST_FLIP_RED,2025-07-16T09:00:00,2025-07-16T16:00:00,long,117519.5,118945.5,100,0.1,11751.95,100.0,142.6,132.49,11129.16,0.13,1426,1.21,0,0.0,1610.04,135243.36,1.61,1175.2,0.1,10,5.0,0.01,0,0.0,10.11,117395.5
57,SELL,ST_FLIP_GREEN,2025-07-16T16:00:00,2025-07-16T20:00:00,short,118945.5,118697.5,100,0.1,11894.55,100.0,24.8,14.69,1233.96,0.01,248,0.21,0,0.0,1624.73,136477.32,1.62,1189.46,0.1,10,5.0,0.01,0,0.0,10.11,119069.5
58,BUY,ST_FLIP_RED,2025-07-16T20:00:00,2025-07-16T21:00:00,long,118697.5,119317.5,100,0.1,11869.75,100.0,62.0,51.89,4358.76,0.05,620,0.52,0,0.0,1676.62,140836.08,1.68,1186.97,0.1,10,5.0,0.01,0,0.0,10.11,118573.5
59,SELL,ST_FLIP_GREEN,2025-07-16T21:00:00,2025-07-16T22:00:00,short,119317.5,119317.5,100,0.1,11931.75,100.0,0.0,-10.11,-849.24,-0.01,0,0.0,0,0.0,1666.51,139986.84,1.67,1193.17,0.1,10,5.0,0.01,0,0.0,10.11,119441.5
60,BUY,ST_FLIP_RED,2025-07-16T22:00:00,2025-07-16T23:00:00,long,119317.5,119441.5,100,0.1,11931.75,100.0,12.4,2.29,192.36,0.0,124,0.1,0,0.0,1668.8,140179.2,1.67,1193.17,0.1,10,5.0,0.01,0,0.0,10.11,119193.5
61,SELL,ST_FLIP_GREEN,2025-07-16T23:00:00,2025-07-17T01:00:00,short,119441.5,119317.5,100,0.1,11944.15,100.0,12.4,2.29,192.36,0.0,124,0.1,0,0.0,1671.09,140371.56,1.67,1194.42,0.1,10,5.0,0.01,0,0.0,10.11,119565.5
62,BUY,ST_FLIP_RED,2025-07-17T01:00:00,2025-07-17T03:00:00,long,119317.5,119689.5,100,0.1,11931.75,100.0,37.2,27.09,2275.56,0.03,372,0.31,0,0.0,1698.18,142647.12,1.7,1193.17,0.1,10,5.0,0.01,0,0.0,10.11,119193.5
63,SELL,ST_FLIP_GREEN,2025-07-17T03:00:00,2025-07-17T05:00:00,short,119689.5,118821.5,100,0.1,11968.95,100.0,86.8,76.69,6441.96,0.08,868,0.73,0,0.0,1774.87,149089.08,1.77,1196.89,0.1,10,5.0,0.01,0,0.0,10.11,119813.5
64,BUY,ST_FLIP_RED,2025-07-17T05:00:00,2025-07-17T06:00:00,long,118821.5,118697.5,100,0.1,11882.15,100.0,-12.4,-22.51,-1890.84,-0.02,0,0.0,124,0.1,1752.36,147198.24,1.75,1188.22,0.1,10,5.0,0.01,0,0.0,10.11,118697.5
65,SELL,ST_FLIP_GREEN,2025-07-17T06:00:00,2025-07-17T09:00:00,short,118697.5,118077.5,100,0.1,11869.75,100.0,62.0,51.89,4358.76,0.05,620,0.52,0,0.0,1804.25,151557.0,1.8,1186.97,0.1,10,5.0,0.01,0,0.0,10.11,118821.5
66,BUY,ST_FLIP_RED,2025-07-17T09:00:00,2025-07-17T12:00:00,long,118077.5,118449.5,100,0.1,11807.75,100.0,37.2,27.09,2275.56,0.03,372,0.32,0,0.0,1831.34,153832.56,1.83,1180.78,0.1,10,5.0,0.01,0,0.0,10.11,117953.5
67,SELL,ST_FLIP_GREEN,2025-07-17T12:00:00,2025-07-17T13:00:00,short,118449.5,118077.5,100,0.1,11844.95,100.0,37.2,27.09,2275.56,0.03,372,0.31,0,0.0,1858.43,156108.12,1.86,1184.5,0.1,10,5.0,0.01,0,0.0,10.11,118573.5
68,BUY,ST_FLIP_RED,2025-07-17T13:00:00,2025-07-17T15:00:00,long,118077.5,118945.5,100,0.1,11807.75,100.0,86.8,76.69,6441.96,0.08,868,0.74,0,0.0,1935.12,162550.08,1.94,1180.78,0.1,10,5.0,0.01,0,0.0,10.11,117953.5
69,SELL,ST_FLIP_GREEN,2025-07-17T15:00:00,2025-07-17T18:00:00,short,118945.5,117705.5,100,0.1,11894.55,100.0,124.0,113.89,9566.76,0.11,1240,1.04,0,0.0,2049.01,172116.84,2.05,1189.46,0.1,10,5.0,0.01,0,0.0,10.11,119069.5
70,BUY,ST_FLIP_RED,2025-07-17T18:00:00,2025-07-17T20:00:00,long,117705.5,118511.5,100,0.1,11770.55,100.0,80.6,70.49,5921.16,0.07,806,0.68,0,0.0,2119.5,178038.0,2.12,1177.06,0.1,10,5.0,0.01,0,0.0,10.11,117581.5
71,SELL,ST_FLIP_GREEN,2025-07-17T20:00:00,2025-07-17T22:00:00,short,118511.5,118697.5,100,0.1,11851.15,100.0,-18.6,-28.71,-2411.64,-0.03,0,0.0,186,0.16,2090.79,175626.36,2.09,1185.12,0.1,10,5.0,0.01,0,0.0,10.11,118635.5
72,BUY,ST_FLIP_RED,2025-07-17T22:00:00,2025-07-18T01:00:00,long,118697.5,119503.5,100,0.1,11869.75,100.0,80.6,70.49,5921.16,0.07,806,0.68,0,0.0,2161.28,181547.52,2.16,1186.97,0.1,10,5.0,0.01,0,0.0,10.11,118573.5
73,SELL,ST_FLIP_GREEN,2025-07-18T01:00:00,2025-07-18T02:00:00,short,119503.5,119193.5,100,0.1,11950.35,100.0,31.0,20.89,1754.76,0.02,310,0.26,0,0.0,2182.17,183302.28,2.18,1195.04,0.1,10,5.0,0.01,0,0.0,10.11,119627.5
74,BUY,ST_FLIP_RED,2025-07-18T02:00:00,2025-07-18T03:00:00,long,119193.5,120743.5,100,0.1,11919.35,100.0,155.0,144.89,12170.76,0.14,1550,1.3,0,0.0,2327.06,195473.04,2.33,1191.93,0.1,10,5.0,0.01,0,0.0,10.11,119069.5
75,SELL,ST_FLIP_GREEN,2025-07-18T03:00:00,2025-07-18T06:00:00,short,120743.5,119689.5,100,0.1,12074.35,100.0,105.4,95.29,8004.36,0.1,1054,0.87,0,0.0,2422.35,203477.4,2.42,1207.43,0.1,10,5.0,0.01,0,0.0,10.11,120867.5
76,BUY,ST_FLIP_RED,2025-07-18T06:00:00,2025-07-18T08:00:00,long,119689.5,119999.5,100,0.1,11968.95,100.0,31.0,20.89,1754.76,0.02,310,0.26,0,0.0,2443.24,205232.16,2.44,1196.89,0.1,10,5.0,0.01,0,0.0,10.11,119565.5
77,SELL,ST_FLIP_GREEN,2025-07-18T08:00:00,2025-07-18T10:00:00,short,119999.5,120185.5,100,0.1,11999.95,100.0,-18.6,-28.71,-2411.64,-0.03,0,0.0,186,0.16,2414.53,202820.52,2.41,1200.0,0.1,10,5.0,0.01,0,0.0,10.11,120123.5
78,BUY,ST_FLIP_RED,2025-07-18T10:00:00,2025-07-18T11:00:00,long,120185.5,120371.5,100,0.1,12018.55,100.0,18.6,8.49,713.16,0.01,186,0.15,0,0.0,2423.02,203533.68,2.42,1201.86,0.1,10,5.0,0.01,0,0.0,10.11,120061.5
79,SELL,ST_FLIP_GREEN,2025-07-18T11:00:00,2025-07-18T16:00:00,short,120371.5,118883.5,100,0.1,12037.15,100.0,148.8,138.69,11649.96,0.14,1488,1.24,0,0.0,2561.71,215183.64,2.56,1203.72,0.1,10,5.0,0.01,0,0.0,10.11,120495.5
80,BUY,ST_FLIP_RED,2025-07-18T16:00:00,2025-07-18T18:00:00,long,118883.5,119007.5,100,0.1,11888.35,100.0,12.4,2.29,192.36,0.0,124,0.1,0,0.0,2564.0,215376.0,2.56,1188.84,0.1,10,5.0,0.01,0,0.0,10.11,118759.5
81,SELL,ST_FLIP_GREEN,2025-07-18T18:00:00,2025-07-18T22:00:00,short,119007.5,117829.5,100,0.1,11900.75,100.0,117.8,107.69,9045.96,0.11,1178,0.99,0,0.0,2671.69,224421.96,2.67,1190.08,0.1,10,5.0,0.01,0,0.0,10.11,119131.5
82,BUY,ST_FLIP_RED,2025-07-18T22:00:00,2025-07-18T23:00:00,long,117829.5,117767.5,100,0.1,11782.95,100.0,-6.2,-16.31,-1370.04,-0.02,0,0.0,62,0.05,2655.38,223051.92,2.66,1178.3,0.1,10,5.0,0.01,0,0.0,10.11,117705.5
83,SELL,ST_FLIP_GREEN,2025-07-18T23:00:00,2025-07-19T00:00:00,short,117767.5,117829.5,100,0.1,11776.75,100.0,-6.2,-16.31,-1370.04,-0.02,0,0.0,62,0.05,2639.07,221681.88,2.64,1177.67,0.1,10,5.0,0.01,0,0.0,10.11,117891.5
84,BUY,ST_FLIP_RED,2025-07-19T00:00:00,2025-07-19T01:00:00,long,117829.5,117643.5,100,0.1,11782.95,100.0,-18.6,-28.71,-2411.64,-0.03,0,0.0,186,0.16,2610.36,219270.24,2.61,1178.3,0.1,10,5.0,0.01,0,0.0,10.11,117705.5
85,SELL,ST_FLIP_GREEN,2025-07-19T01:00:00,2025-07-19T02:00:00,short,117643.5,117147.5,100,0.1,11764.35,100.0,49.6,39.49,3317.16,0.04,496,0.42,0,0.0,2649.85,222587.4,2.65,1176.43,0.1,10,5.0,0.01,0,0.0,10.11,117767.5
86,BUY,ST_FLIP_RED,2025-07-19T02:00:00,2025-07-19T11:00:00,long,117147.5,118015.5,100,0.1,11714.75,100.0,86.8,76.69,6441.96,0.08,868,0.74,0,0.0,2726.54,229029.36,2.73,1171.47,0.1,10,5.0,0.01,0,0.0,10.11,117023.5
87,SELL,ST_FLIP_GREEN,2025-07-19T11:00:00,2025-07-19T12:00:00,short,118015.5,118201.5,100,0.1,11801.55,100.0,-18.6,-28.71,-2411.64,-0.03,0,0.0,186,0.16,2697.83,226617.72,2.7,1180.16,0.1,10,5.0,0.01,0,0.0,10.11,118139.5
88,BUY,ST_FLIP_RED,2025-07-19T12:00:00,2025-07-19T13:00:00,long,118201.5,118077.5,100,0.1,11820.15,100.0,-12.4,-22.51,-1890.84,-0.02,0,0.0,124,0.1,2675.32,224726.88,2.68,1182.02,0.1,10,5.0,0.01,0,0.0,10.11,118077.5
89,SELL,ST_FLIP_GREEN,2025-07-19T13:00:00,2025-07-19T14:00:00,short,118077.5,118201.5,100,0.1,11807.75,100.0,-12.4,-22.51,-1890.84,-0.02,0,0.0,124,0.11,2652.81,222836.04,2.65,1180.78,0.1,10,5.0,0.01,0,0.0,10.11,118201.5
90,BUY,ST_FLIP_RED,2025-07-19T14:00:00,2025-07-19T17:00:00,long,118201.5,118201.5,100,0.1,11820.15,100.0,0.0,-10.11,-849.24,-0.01,0,0.0,0,0.0,2642.7,221986.8,2.64,1182.02,0.1,10,5.0,0.01,0,0.0,10.11,118077.5
91,SELL,ST_FLIP_GREEN,2025-07-19T17:00:00,2025-07-19T18:00:00,short,118201.5,118325.5,100,0.1,11820.15,100.0,-12.4,-22.51,-1890.84,-0.02,0,0.0,124,0.1,2620.19,220095.96,2.62,1182.02,0.1,10,5.0,0.01,0,0.0,10.11,118325.5
92,BUY,ST_FLIP_RED,2025-07-19T18:00:00,2025-07-19T19:00:00,long,118325.5,118139.5,100,0.1,11832.55,100.0,-18.6,-28.71,-2411.64,-0.03,0,0.0,186,0.16,2591.48,217684.32,2.59,1183.26,0.1,10,5.0,0.01,0,0.0,10.11,118201.5
93,SELL,ST_FLIP_GREEN,2025-07-19T19:00:00,2025-07-19T20:00:00,short,118139.5,118015.5,100,0.1,11813.95,100.0,12.4,2.29,192.36,0.0,124,0.1,0,0.0,2593.77,217876.68,2.59,1181.39,0.1,10,5.0,0.01,0,0.0,10.11,118263.5
94,BUY,ST_FLIP_RED,2025-07-19T20:00:00,2025-07-19T22:00:00,long,118015.5,118015.5,100,0.1,11801.55,100.0,0.0,-10.11,-849.24,-0.01,0,0.0,0,0.0,2583.66,217027.44,2.58,1180.16,0.1,10,5.0,0.01,0,0.0,10.11,117891.5
95,SELL,ST_FLIP_GREEN,2025-07-19T22:00:00,2025-07-19T23:00:00,short,118015.5,117953.5,100,0.1,11801.55,100.0,6.2,-3.91,-328.44,-0.0,62,0.05,0,0.0,2579.75,216699.0,2.58,1180.16,0.1,10,5.0,0.01,0,0.0,10.11,118139.5
96,BUY,ST_FLIP_RED,2025-07-19T23:00:00,2025-07-20T02:00:00,long,117953.5,117767.5,100,0.1,11795.35,100.0,-18.6,-28.71,-2411.64,-0.03,0,0.0,186,0.16,2551.04,214287.36,2.55,1179.54,0.1,10,5.0,0.01,0,0.0,10.11,117829.5
97,SELL,ST_FLIP_GREEN,2025-07-20T02:00:00,2025-07-20T04:00:00,short,117767.5,117829.5,100,0.1,11776.75,100.0,-6.2,-16.31,-1370.04,-0.02,0,0.0,62,0.05,2534.73,212917.32,2.53,1177.67,0.1,10,5.0,0.01,0,0.0,10.11,117891.5
98,BUY,ST_FLIP_RED,2025-07-20T04:00:00,2025-07-20T05:00:00,long,117829.5,117643.5,100,0.1,11782.95,100.0,-18.6,-28.71,-2411.64,-0.03,0,0.0,186,0.16,2506.02,210505.68,2.51,1178.3,0.1,10,5.0,0.01,0,0.0,10.11,117705.5
99,SELL,ST_FLIP_GREEN,2025-07-20T05:00:00,2025-07-20T06:00:00,short,117643.5,117767.5,100,0.1,11764.35,100.0,-12.4,-22.51,-1890.84,-0.02,0,0.0,124,0.11,2483.51,208614.84,2.48,1176.43,0.1,10,5.0,0.01,0,0.0,10.11,117767.5
100,BUY,ST_FLIP_RED,2025-07-20T06:00:00,2025-07-20T07:00:00,long,117767.5,117829.5,100,0.1,11776.75,100.0,6.2,-3.91,-328.44,-0.0,62,0.05,0,0.0,2479.6,208286.4,2.48,1177.67,0.1,10,5.0,0.01,0,0.0,10.11,117643.5
101,SELL,ST_FLIP_GREEN,2025-07-20T07:00:00,2025-07-20T08:00:00,short,117829.5,117953.5,100,0.1,11782.95,100.0,-12.4,-22.51,-1890.84,-0.02,0,0.0,124,0.11,2457.09,206395.56,2.46,1178.3,0.1,10,5.0,0.01,0,0.0,10.11,117953.5
102,BUY,ST_FLIP_RED,2025-07-20T08:00:00,2025-07-20T10:00:00,long,117953.5,117829.5,100,0.1,11795.35,100.0,-12.4,-22.51,-1890.84,-0.02,0,0.0,124,0.11,2434.58,204504.72,2.43,1179.54,0.1,10,5.0,0.01,0,0.0,10.11,117829.5
103,SELL,ST_FLIP_GREEN,2025-07-20T10:00:00,2025-07-20T12:00:00,short,117829.5,117953.5,100,0.1,11782.95,100.0,-12.4,-22.51,-1890.84,-0.02,0,0.0,124,0.11,2412.07,202613.88,2.41,1178.3,0.1,10,5.0,0.01,0,0.0,10.11,117953.5
104,BUY,ST_FLIP_RED,2025-07-20T12:00:00,2025-07-20T14:00:00,long,117953.5,117953.5,100,0.1,11795.35,100.0,0.0,-10.11,-849.24,-0.01,0,0.0,0,0.0,2401.96,201764.64,2.4,1179.54,0.1,10,5.0,0.01,0,0.0,10.11,117829.5
105,SELL,ST_FLIP_GREEN,2025-07-20T14:00:00,2025-07-20T18:00:00,short,117953.5,118015.5,100,0.1,11795.35,100.0,-6.2,-16.31,-1370.04,-0.02,0,0.0,62,0.05,2385.65,200394.6,2.39,1179.54,0.1,10,5.0,0.01,0,0.0,10.11,118077.5
106,BUY,ST_FLIP_RED,2025-07-20T18:00:00,2025-07-20T22:00:00,long,118015.5,118511.5,100,0.1,11801.55,100.0,49.6,39.49,3317.16,0.04,496,0.42,0,0.0,2425.14,203711.76,2.43,1180.16,0.1,10,5.0,0.01,0,0.0,10.11,117891.5
107,SELL,ST_FLIP_GREEN,2025-07-20T22:00:00,2025-07-21T00:00:00,short,118511.5,118387.5,100,0.1,11851.15,100.0,12.4,2.29,192.36,0.0,124,0.1,0,0.0,2427.43,203904.12,2.43,1185.12,0.1,10,5.0,0.01,0,0.0,10.11,118635.5
108,BUY,ST_FLIP_RED,2025-07-21T00:00:00,2025-07-21T01:00:00,long,118387.5,118387.5,100,0.1,11838.75,100.0,0.0,-10.11,-849.24,-0.01,0,0.0,0,0.0,2417.32,203054.88,2.42,1183.88,0.1,10,5.0,0.01,0,0.0,10.11,118263.5
109,SELL,ST_FLIP_GREEN,2025-07-21T01:00:00,2025-07-21T06:00:00,short,118387.5,117085.5,100,0.1,11838.75,100.0,130.2,120.09,10087.56,0.12,1302,1.1,0,0.0,2537.41,213142.44,2.54,1183.88,0.1,10,5.0,0.01,0,0.0,10.11,118511.5
110,BUY,ST_FLIP_RED,2025-07-21T06:00:00,2025-07-21T10:00:00,long,117085.5,118263.5,100,0.1,11708.55,100.0,117.8,107.69,9045.96,0.11,1178,1.01,0,0.0,2645.1,222188.4,2.65,1170.86,0.1,10,5.0,0.01,0,0.0,10.11,116961.5
111,SELL,ST_FLIP_GREEN,2025-07-21T10:00:00,2025-07-21T11:00:00,short,118263.5,118325.5,100,0.1,11826.35,100.0,-6.2,-16.31,-1370.04,-0.02,0,0.0,62,0.05,2628.79,220818.36,2.63,1182.63,0.1,10,5.0,0.01,0,0.0,10.11,118387.5
112,BUY,ST_FLIP_RED,2025-07-21T11:00:00,2025-07-21T13:00:00,long,118325.5,119379.5,100,0.1,11832.55,100.0,105.4,95.29,8004.36,0.1,1054,0.89,0,0.0,2724.08,228822.72,2.72,1183.26,0.1,10,5.0,0.01,0,0.0,10.11,118201.5
113,SELL,ST_FLIP_GREEN,2025-07-21T13:00:00,2025-07-21T19:00:00,short,119379.5,118511.5,100,0.1,11937.95,100.0,86.8,76.69,6441.96,0.08,868,0.73,0,0.0,2800.77,235264.68,2.8,1193.8,0.1,10,5.0,0.01,0,0.0,10.11,119503.5
114,BUY,ST_FLIP_RED,2025-07-21T19:00:00,2025-07-21T20:00:00,long,118511.5,118759.5,100,0.1,11851.15,100.0,24.8,14.69,1233.96,0.01,248,0.21,0,0.0,2815.46,236498.64,2.82,1185.12,0.1,10,5.0,0.01,0,0.0,10.11,118387.5
115,SELL,ST_FLIP_GREEN,2025-07-21T20:00:00,2025-07-21T23:00:00,short,118759.5,117767.5,100,0.1,11875.95,100.0,99.2,89.09,7483.56,0.09,992,0.84,0,0.0,2904.55,243982.2,2.9,1187.6,0.1,10,5.0,0.01,0,0.0,10.11,118883.5
116,BUY,ST_FLIP_RED,2025-07-21T23:00:00,2025-07-22T00:00:00,long,117767.5,117829.5,100,0.1,11776.75,100.0,6.2,-3.91,-328.44,-0.0,62,0.05,0,0.0,2900.64,243653.76,2.9,1177.67,0.1,10,5.0,0.01,0,0.0,10.11,117643.5
117,SELL,ST_FLIP_GREEN,2025-07-22T00:00:00,2025-07-22T02:00:00,short,117829.5,117209.5,100,0.1,11782.95,100.0,62.0,51.89,4358.76,0.05,620,0.53,0,0.0,2952.53,248012.52,2.95,1178.3,0.1,10,5.0,0.01,0,0.0,10.11,117953.5
118,BUY,ST_FLIP_RED,2025-07-22T02:00:00,2025-07-22T06:00:00,long,117209.5,117271.5,100,0.1,11720.95,100.0,6.2,-3.91,-328.44,-0.0,62,0.05,0,0.0,2948.62,247684.08,2.95,1172.1,0.1,10,5.0,0.01,0,0.0,10.11,117085.5
119,SELL,ST_FLIP_GREEN,2025-07-22T06:00:00,2025-07-22T07:00:00,short,117271.5,117395.5,100,0.1,11727.15,100.0,-12.4,-22.51,-1890.84,-0.02,0,0.0,124,0.11,2926.11,245793.24,2.93,1172.72,0.1,10,5.0,0.01,0,0.0,10.11,117395.5
120,BUY,ST_FLIP_RED,2025-07-22T07:00:00,2025-07-22T08:00:00,long,117395.5,117395.5,100,0.1,11739.55,100.0,0.0,-10.11,-849.24,-0.01,0,0.0,0,0.0,2916.0,244944.0,2.92,1173.96,0.1,10,5.0,0.01,0,0.0,10.11,117271.5
121,SELL,ST_FLIP_GREEN,2025-07-22T08:00:00,2025-07-22T10:00:00,short,117395.5,117147.5,100,0.1,11739.55,100.0,24.8,14.69,1233.96,0.01,248,0.21,0,0.0,2930.69,246177.96,2.93,1173.96,0.1,10,5.0,0.01,0,0.0,10.11,117519.5
122,BUY,ST_FLIP_RED,2025-07-22T10:00:00,2025-07-22T13:00:00,long,117147.5,118325.5,100,0.1,11714.75,100.0,117.8,107.69,9045.96,0.11,1178,1.01,0,0.0,3038.38,255223.92,3.04,1171.47,0.1,10,5.0,0.01,0,0.0,10.11,117023.5
123,SELL,ST_FLIP_GREEN,2025-07-22T13:00:00,2025-07-22T14:00:00,short,118325.5,117829.5,100,0.1,11832.55,100.0,49.6,39.49,3317.16,0.04,496,0.42,0,0.0,3077.87,258541.08,3.08,1183.26,0.1,10,5.0,0.01,0,0.0,10.11,118449.5
124,BUY,ST_FLIP_RED,2025-07-22T14:00:00,2025-07-22T19:00:00,long,117829.5,119007.5,100,0.1,11782.95,100.0,117.8,107.69,9045.96,0.11,1178,1.0,0,0.0,3185.56,267587.04,3.19,1178.3,0.1,10,5.0,0.01,0,0.0,10.11,117705.5
125,SELL,ST_FLIP_GREEN,2025-07-22T19:00:00,2025-07-22T20:00:00,short,119007.5,118573.5,100,0.1,11900.75,100.0,43.4,33.29,2796.36,0.03,434,0.36,0,0.0,3218.85,270383.4,3.22,1190.08,0.1,10,5.0,0.01,0,0.0,10.11,119131.5
126,BUY,ST_FLIP_RED,2025-07-22T20:00:00,2025-07-22T22:00:00,long,118573.5,118821.5,100,0.1,11857.35,100.0,24.8,14.69,1233.96,0.01,248,0.21,0,0.0,3233.54,271617.36,3.23,1185.74,0.1,10,5.0,0.01,0,0.0,10.11,118449.5
127,SELL,ST_FLIP_GREEN,2025-07-22T22:00:00,2025-07-22T23:00:00,short,118821.5,118883.5,100,0.1,11882.15,100.0,-6.2,-16.31,-1370.04,-0.02,0,0.0,62,0.05,3217.23,270247.32,3.22,1188.22,0.1,10,5.0,0.01,0,0.0,10.11,118945.5
128,BUY,ST_FLIP_RED,2025-07-22T23:00:00,2025-07-23T02:00:00,long,118883.5,119565.5,100,0.1,11888.35,100.0,68.2,58.09,4879.56,0.06,682,0.57,0,0.0,3275.32,275126.88,3.28,1188.84,0.1,10,5.0,0.01,0,0.0,10.11,118759.5
129,SELL,ST_FLIP_GREEN,2025-07-23T02:00:00,2025-07-23T03:00:00,short,119565.5,119689.5,100,0.1,11956.55,100.0,-12.4,-22.51,-1890.84,-0.02,0,0.0,124,0.1,3252.81,273236.04,3.25,1195.66,0.1,10,5.0,0.01,0,0.0,10.11,119689.5
130,BUY,ST_FLIP_RED,2025-07-23T03:00:00,2025-07-23T05:00:00,long,119689.5,119937.5,100,0.1,11968.95,100.0,24.8,14.69,1233.96,0.01,248,0.21,0,0.0,3267.5,274470.0,3.27,1196.89,0.1,10,5.0,0.01,0,0.0,10.11,119565.5
131,SELL,ST_FLIP_GREEN,2025-07-23T05:00:00,2025-07-23T15:00:00,short,119937.5,118201.5,100,0.1,11993.75,100.0,173.6,163.49,13733.16,0.16,1736,1.45,0,0.0,3430.99,288203.16,3.43,1199.38,0.1,10,5.0,0.01,0,0.0,10.11,120061.5
132,BUY,ST_FLIP_RED,2025-07-23T15:00:00,2025-07-23T18:00:00,long,118201.5,118325.5,100,0.1,11820.15,100.0,12.4,2.29,192.36,0.0,124,0.1,0,0.0,3433.28,288395.52,3.43,1182.02,0.1,10,5.0,0.01,0,0.0,10.11,118077.5
133,SELL,ST_FLIP_GREEN,2025-07-23T18:00:00,2025-07-23T23:00:00,short,118325.5,117829.5,100,0.1,11832.55,100.0,49.6,39.49,3317.16,0.04,496,0.42,0,0.0,3472.77,291712.68,3.47,1183.26,0.1,10,5.0,0.01,0,0.0,10.11,118449.5
134,BUY,ST_FLIP_RED,2025-07-23T23:00:00,2025-07-24T01:00:00,long,117829.5,118077.5,100,0.1,11782.95,100.0,24.8,14.69,1233.96,0.01,248,0.21,0,0.0,3487.46,292946.64,3.49,1178.3,0.1,10,5.0,0.01,0,0.0,10.11,117705.5
135,SELL,ST_FLIP_GREEN,2025-07-24T01:00:00,2025-07-24T03:00:00,short,118077.5,117767.5,100,0.1,11807.75,100.0,31.0,20.89,1754.76,0.02,310,0.26,0,0.0,3508.35,294701.4,3.51,1180.78,0.1,10,5.0,0.01,0,0.0,10.11,118201.5
136,BUY,ST_FLIP_RED,2025-07-24T03:00:00,2025-07-24T09:00:00,long,117767.5,119007.5,100,0.1,11776.75,100.0,124.0,113.89,9566.76,0.11,1240,1.05,0,0.0,3622.24,304268.16,3.62,1177.67,0.1,10,5.0,0.01,0,0.0,10.11,117643.5
137,SELL,ST_FLIP_GREEN,2025-07-24T09:00:00,2025-07-24T11:00:00,short,119007.5,117767.5,100,0.1,11900.75,100.0,124.0,113.89,9566.76,0.11,1240,1.04,0,0.0,3736.13,313834.92,3.74,1190.08,0.1,10,5.0,0.01,0,0.0,10.11,119131.5
138,BUY,ST_FLIP_RED,2025-07-24T11:00:00,2025-07-24T15:00:00,long,117767.5,118387.5,100,0.1,11776.75,100.0,62.0,51.89,4358.76,0.05,620,0.53,0,0.0,3788.02,318193.68,3.79,1177.67,0.1,10,5.0,0.01,0,0.0,10.11,117643.5
139,SELL,ST_FLIP_GREEN,2025-07-24T15:00:00,2025-07-24T16:00:00,short,118387.5,118263.5,100,0.1,11838.75,100.0,12.4,2.29,192.36,0.0,124,0.1,0,0.0,3790.31,318386.04,3.79,1183.88,0.1,10,5.0,0.01,0,0.0,10.11,118511.5
140,BUY,ST_FLIP_RED,2025-07-24T16:00:00,2025-07-24T19:00:00,long,118263.5,118449.5,100,0.1,11826.35,100.0,18.6,8.49,713.16,0.01,186,0.16,0,0.0,3798.8,319099.2,3.8,1182.63,0.1,10,5.0,0.01,0,0.0,10.11,118139.5
141,SELL,ST_FLIP_GREEN,2025-07-24T19:00:00,2025-07-24T20:00:00,short,118449.5,118263.5,100,0.1,11844.95,100.0,18.6,8.49,713.16,0.01,186,0.16,0,0.0,3807.29,319812.36,3.81,1184.5,0.1,10,5.0,0.01,0,0.0,10.11,118573.5
142,BUY,ST_FLIP_RED,2025-07-24T20:00:00,2025-07-24T21:00:00,long,118263.5,118821.5,100,0.1,11826.35,100.0,55.8,45.69,3837.96,0.05,558,0.47,0,0.0,3852.98,323650.32,3.85,1182.63,0.1,10,5.0,0.01,0,0.0,10.11,118139.5
143,SELL,ST_FLIP_GREEN,2025-07-24T21:00:00,2025-07-24T22:00:00,short,118821.5,118821.5,100,0.1,11882.15,100.0,0.0,-10.11,-849.24,-0.01,0,0.0,0,0.0,3842.87,322801.08,3.84,1188.22,0.1,10,5.0,0.01,0,0.0,10.11,118945.5
144,BUY,ST_FLIP_RED,2025-07-24T22:00:00,2025-07-25T01:00:00,long,118821.5,119069.5,100,0.1,11882.15,100.0,24.8,14.69,1233.96,0.01,248,0.21,0,0.0,3857.56,324035.04,3.86,1188.22,0.1,10,5.0,0.01,0,0.0,10.11,118697.5
145,SELL,ST_FLIP_GREEN,2025-07-25T01:00:00,2025-07-25T10:00:00,short,119069.5,115535.5,100,0.1,11906.95,100.0,353.4,343.29,28836.36,0.34,3534,2.97,0,0.0,4200.85,352871.4,4.2,1190.7,0.1,10,5.0,0.01,0,0.0,10.11,119193.5
146,BUY,ST_FLIP_RED,2025-07-25T10:00:00,2025-07-25T11:00:00,long,115535.5,115411.5,100,0.1,11553.55,100.0,-12.4,-22.51,-1890.84,-0.02,0,0.0,124,0.11,4178.34,350980.56,4.18,1155.36,0.1,10,5.0,0.01,0,0.0,10.11,115411.5
147,SELL,ST_FLIP_GREEN,2025-07-25T11:00:00,2025-07-25T12:00:00,short,115411.5,115411.5,100,0.1,11541.15,100.0,0.0,-10.11,-849.24,-0.01,0,0.0,0,0.0,4168.23,350131.32,4.17,1154.12,0.1,10,5.0,0.01,0,0.0,10.11,115535.5
148,BUY,ST_FLIP_RED,2025-07-25T12:00:00,2025-07-25T17:00:00,long,115411.5,116465.5,100,0.1,11541.15,100.0,105.4,95.29,8004.36,0.1,1054,0.91,0,0.0,4263.52,358135.68,4.26,1154.12,0.1,10,5.0,0.01,0,0.0,10.11,115287.5
149,SELL,ST_FLIP_GREEN,2025-07-25T17:00:00,2025-07-25T21:00:00,short,116465.5,115721.5,100,0.1,11646.55,100.0,74.4,64.29,5400.36,0.06,744,0.64,0,0.0,4327.81,363536.04,4.33,1164.66,0.1,10,5.0,0.01,0,0.0,10.11,116589.5
150,BUY,ST_FLIP_RED,2025-07-25T21:00:00,2025-07-26T06:00:00,long,115721.5,117333.5,100,0.1,11572.15,100.0,161.2,151.09,12691.56,0.15,1612,1.39,0,0.0,4478.9,376227.6,4.48,1157.22,0.1,10,5.0,0.01,0,0.0,10.11,115597.5
151,SELL,ST_FLIP_GREEN,2025-07-26T06:00:00,2025-07-26T07:00:00,short,117333.5,117519.5,100,0.1,11733.35,100.0,-18.6,-28.71,-2411.64,-0.03,0,0.0,186,0.16,4450.19,373815.96,4.45,1173.34,0.1,10,5.0,0.01,0,0.0,10.11,117457.5
152,BUY,ST_FLIP_RED,2025-07-26T07:00:00,2025-07-26T08:00:00,long,117519.5,117395.5,100,0.1,11751.95,100.0,-12.4,-22.51,-1890.84,-0.02,0,0.0,124,0.11,4427.68,371925.12,4.43,1175.2,0.1,10,5.0,0.01,0,0.0,10.11,117395.5
153,SELL,ST_FLIP_GREEN,2025-07-26T08:00:00,2025-07-26T10:00:00,short,117395.5,117581.5,100,0.1,11739.55,100.0,-18.6,-28.71,-2411.64,-0.03,0,0.0,186,0.16,4398.97,369513.48,4.4,1173.96,0.1,10,5.0,0.01,0,0.0,10.11,117519.5
154,BUY,ST_FLIP_RED,2025-07-26T10:00:00,2025-07-26T11:00:00,long,117581.5,117395.5,100,0.1,11758.15,100.0,-18.6,-28.71,-2411.64,-0.03,0,0.0,186,0.16,4370.26,367101.84,4.37,1175.82,0.1,10,5.0,0.01,0,0.0,10.11,117457.5
155,SELL,ST_FLIP_GREEN,2025-07-26T11:00:00,2025-07-26T13:00:00,short,117395.5,117457.5,100,0.1,11739.55,100.0,-6.2,-16.31,-1370.04,-0.02,0,0.0,62,0.05,4353.95,365731.8,4.35,1173.96,0.1,10,5.0,0.01,0,0.0,10.11,117519.5
156,BUY,ST_FLIP_RED,2025-07-26T13:00:00,2025-07-26T20:00:00,long,117457.5,117829.5,100,0.1,11745.75,100.0,37.2,27.09,2275.56,0.03,372,0.32,0,0.0,4381.04,368007.36,4.38,1174.58,0.1,10,5.0,0.01,0,0.0,10.11,117333.5
157,SELL,ST_FLIP_GREEN,2025-07-26T20:00:00,2025-07-26T21:00:00,short,117829.5,118015.5,100,0.1,11782.95,100.0,-18.6,-28.71,-2411.64,-0.03,0,0.0,186,0.16,4352.33,365595.72,4.35,1178.3,0.1,10,5.0,0.01,0,0.0,10.11,117953.5
158,BUY,ST_FLIP_RED,2025-07-26T21:00:00,2025-07-26T22:00:00,long,118015.5,118015.5,100,0.1,11801.55,100.0,0.0,-10.11,-849.24,-0.01,0,0.0,0,0.0,4342.22,364746.48,4.34,1180.16,0.1,10,5.0,0.01,0,0.0,10.11,117891.5
159,SELL,ST_FLIP_GREEN,2025-07-26T22:00:00,2025-07-27T06:00:00,short,118015.5,118077.5,100,0.1,11801.55,100.0,-6.2,-16.31,-1370.04,-0.02,0,0.0,62,0.05,4325.91,363376.44,4.33,1180.16,0.1,10,5.0,0.01,0,0.0,10.11,118139.5
160,BUY,ST_FLIP_RED,2025-07-27T06:00:00,2025-07-27T12:00:00,long,118077.5,118077.5,100,0.1,11807.75,100.0,0.0,-10.11,-849.24,-0.01,0,0.0,0,0.0,4315.8,362527.2,4.32,1180.78,0.1,10,5.0,0.01,0,0.0,10.11,117953.5
161,SELL,ST_FLIP_GREEN,2025-07-27T12:00:00,2025-07-27T15:00:00,short,118077.5,118077.5,100,0.1,11807.75,100.0,0.0,-10.11,-849.24,-0.01,0,0.0,0,0.0,4305.69,361677.96,4.31,1180.78,0.1,10,5.0,0.01,0,0.0,10.11,118201.5
162,BUY,ST_FLIP_RED,2025-07-27T15:00:00,2025-07-27T17:00:00,long,118077.5,117953.5,100,0.1,11807.75,100.0,-12.4,-22.51,-1890.84,-0.02,0,0.0,124,0.11,4283.18,359787.12,4.28,1180.78,0.1,10,5.0,0.01,0,0.0,10.11,117953.5
163,SELL,ST_FLIP_GREEN,2025-07-27T17:00:00,2025-07-27T18:00:00,short,117953.5,118139.5,100,0.1,11795.35,100.0,-18.6,-28.71,-2411.64,-0.03,0,0.0,186,0.16,4254.47,357375.48,4.25,1179.54,0.1,10,5.0,0.01,0,0.0,10.11,118077.5
164,BUY,ST_FLIP_RED,2025-07-27T18:00:00,2025-07-28T00:00:00,long,118139.5,119131.5,100,0.1,11813.95,100.0,99.2,89.09,7483.56,0.09,992,0.84,0,0.0,4343.56,364859.04,4.34,1181.39,0.1,10,5.0,0.01,0,0.0,10.11,118015.5
165,SELL,ST_FLIP_GREEN,2025-07-28T00:00:00,2025-07-28T03:00:00,short,119131.5,119131.5,100,0.1,11913.15,100.0,0.0,-10.11,-849.24,-0.01,0,0.0,0,0.0,4333.45,364009.8,4.33,1191.32,0.1,10,5.0,0.01,0,0.0,10.11,119255.5
166,BUY,ST_FLIP_RED,2025-07-28T03:00:00,2025-07-28T04:00:00,long,119131.5,119503.5,100,0.1,11913.15,100.0,37.2,27.09,2275.56,0.03,372,0.31,0,0.0,4360.54,366285.36,4.36,1191.32,0.1,10,5.0,0.01,0,0.0,10.11,119007.5
167,SELL,ST_FLIP_GREEN,2025-07-28T04:00:00,2025-07-28T05:00:00,short,119503.5,119627.5,100,0.1,11950.35,100.0,-12.4,-22.51,-1890.84,-0.02,0,0.0,124,0.1,4338.03,364394.52,4.34,1195.04,0.1,10,5.0,0.01,0,0.0,10.11,119627.5
168,BUY,ST_FLIP_RED,2025-07-28T05:00:00,2025-07-28T06:00:00,long,119627.5,119503.5,100,0.1,11962.75,100.0,-12.4,-22.51,-1890.84,-0.02,0,0.0,124,0.1,4315.52,362503.68,4.32,1196.28,0.1,10,5.0,0.01,0,0.0,10.11,119503.5
169,SELL,ST_FLIP_GREEN,2025-07-28T06:00:00,2025-07-28T10:00:00,short,119503.5,119379.5,100,0.1,11950.35,100.0,12.4,2.29,192.36,0.0,124,0.1,0,0.0,4317.81,362696.04,4.32,1195.04,0.1,10,5.0,0.01,0,0.0,10.11,119627.5
170,BUY,ST_FLIP_RED,2025-07-28T10:00:00,2025-07-28T12:00:00,long,119379.5,119255.5,100,0.1,11937.95,100.0,-12.4,-22.51,-1890.84,-0.02,0,0.0,124,0.1,4295.3,360805.2,4.3,1193.8,0.1,10,5.0,0.01,0,0.0,10.11,119255.5
171,SELL,ST_FLIP_GREEN,2025-07-28T12:00:00,2025-07-28T17:00:00,short,119255.5,118759.5,100,0.1,11925.55,100.0,49.6,39.49,3317.16,0.04,496,0.42,0,0.0,4334.79,364122.36,4.33,1192.56,0.1,10,5.0,0.01,0,0.0,10.11,119379.5
172,BUY,ST_FLIP_RED,2025-07-28T17:00:00,2025-07-28T18:00:00,long,118759.5,118759.5,100,0.1,11875.95,100.0,0.0,-10.11,-849.24,-0.01,0,0.0,0,0.0,4324.68,363273.12,4.32,1187.6,0.1,10,5.0,0.01,0,0.0,10.11,118635.5
173,SELL,ST_FLIP_GREEN,2025-07-28T18:00:00,2025-07-28T20:00:00,short,118759.5,118263.5,100,0.1,11875.95,100.0,49.6,39.49,3317.16,0.04,496,0.42,0,0.0,4364.17,366590.28,4.36,1187.6,0.1,10,5.0,0.01,0,0.0,10.11,118883.5
174,BUY,ST_FLIP_RED,2025-07-28T20:00:00,2025-07-28T21:00:00,long,118263.5,118263.5,100,0.1,11826.35,100.0,0.0,-10.11,-849.24,-0.01,0,0.0,0,0.0,4354.06,365741.04,4.35,1182.63,0.1,10,5.0,0.01,0,0.0,10.11,118139.5
175,SELL,ST_FLIP_GREEN,2025-07-28T21:00:00,2025-07-29T00:00:00,short,118263.5,117767.5,100,0.1,11826.35,100.0,49.6,39.49,3317.16,0.04,496,0.42,0,0.0,4393.55,369058.2,4.39,1182.63,0.1,10,5.0,0.01,0,0.0,10.11,118387.5
176,BUY,ST_FLIP_RED,2025-07-29T00:00:00,2025-07-29T01:00:00,long,117767.5,117953.5,100,0.1,11776.75,100.0,18.6,8.49,713.16,0.01,186,0.16,0,0.0,4402.04,369771.36,4.4,1177.67,0.1,10,5.0,0.01,0,0.0,10.11,117643.5
177,SELL,ST_FLIP_GREEN,2025-07-29T01:00:00,2025-07-29T02:00:00,short,117953.5,117643.5,100,0.1,11795.35,100.0,31.0,20.89,1754.76,0.02,310,0.26,0,0.0,4422.93,371526.12,4.42,1179.54,0.1,10,5.0,0.01,0,0.0,10.11,118077.5
178,BUY,ST_FLIP_RED,2025-07-29T02:00:00,2025-07-29T04:00:00,long,117643.5,117953.5,100,0.1,11764.35,100.0,31.0,20.89,1754.76,0.02,310,0.26,0,0.0,4443.82,373280.88,4.44,1176.43,0.1,10,5.0,0.01,0,0.0,10.11,117519.5
179,SELL,ST_FLIP_GREEN,2025-07-29T04:00:00,2025-07-29T05:00:00,short,117953.5,118139.5,100,0.1,11795.35,100.0,-18.6,-28.71,-2411.64,-0.03,0,0.0,186,0.16,4415.11,370869.24,4.42,1179.54,0.1,10,5.0,0.01,0,0.0,10.11,118077.5
180,BUY,ST_FLIP_RED,2025-07-29T05:00:00,2025-07-29T07:00:00,long,118139.5,118077.5,100,0.1,11813.95,100.0,-6.2,-16.31,-1370.04,-0.02,0,0.0,62,0.05,4398.8,369499.2,4.4,1181.39,0.1,10,5.0,0.01,0,0.0,10.11,118015.5
181,SELL,ST_FLIP_GREEN,2025-07-29T07:00:00,2025-07-29T08:00:00,short,118077.5,118015.5,100,0.1,11807.75,100.0,6.2,-3.91,-328.44,-0.0,62,0.05,0,0.0,4394.89,369170.76,4.39,1180.78,0.1,10,5.0,0.01,0,0.0,10.11,118201.5
182,BUY,ST_FLIP_RED,2025-07-29T08:00:00,2025-07-29T15:00:00,long,118015.5,118697.5,100,0.1,11801.55,100.0,68.2,58.09,4879.56,0.06,682,0.58,0,0.0,4452.98,374050.32,4.45,1180.16,0.1,10,5.0,0.01,0,0.0,10.11,117891.5
183,SELL,ST_FLIP_GREEN,2025-07-29T15:00:00,2025-07-29T17:00:00,short,118697.5,118697.5,100,0.1,11869.75,100.0,0.0,-10.11,-849.24,-0.01,0,0.0,0,0.0,4442.87,373201.08,4.44,1186.97,0.1,10,5.0,0.01,0,0.0,10.11,118821.5
184,BUY,ST_FLIP_RED,2025-07-29T17:00:00,2025-07-29T19:00:00,long,118697.5,118759.5,100,0.1,11869.75,100.0,6.2,-3.91,-328.44,-0.0,62,0.05,0,0.0,4438.96,372872.64,4.44,1186.97,0.1,10,5.0,0.01,0,0.0,10.11,118573.5
185,SELL,ST_FLIP_GREEN,2025-07-29T19:00:00,2025-07-29T22:00:00,short,118759.5,117519.5,100,0.1,11875.95,100.0,124.0,113.89,9566.76,0.11,1240,1.04,0,0.0,4552.85,382439.4,4.55,1187.6,0.1,10,5.0,0.01,0,0.0,10.11,118883.5
186,BUY,ST_FLIP_RED,2025-07-29T22:00:00,2025-07-29T23:00:00,long,117519.5,117705.5,100,0.1,11751.95,100.0,18.6,8.49,713.16,0.01,186,0.16,0,0.0,4561.34,383152.56,4.56,1175.2,0.1,10,5.0,0.01,0,0.0,10.11,117395.5
187,SELL,ST_FLIP_GREEN,2025-07-29T23:00:00,2025-07-30T03:00:00,short,117705.5,117519.5,100,0.1,11770.55,100.0,18.6,8.49,713.16,0.01,186,0.16,0,0.0,4569.83,383865.72,4.57,1177.06,0.1,10,5.0,0.01,0,0.0,10.11,117829.5
188,BUY,ST_FLIP_RED,2025-07-30T03:00:00,2025-07-30T05:00:00,long,117519.5,117705.5,100,0.1,11751.95,100.0,18.6,8.49,713.16,0.01,186,0.16,0,0.0,4578.32,384578.88,4.58,1175.2,0.1,10,5.0,0.01,0,0.0,10.11,117395.5
189,SELL,ST_FLIP_GREEN,2025-07-30T05:00:00,2025-07-30T07:00:00,short,117705.5,117767.5,100,0.1,11770.55,100.0,-6.2,-16.31,-1370.04,-0.02,0,0.0,62,0.05,4562.01,383208.84,4.56,1177.06,0.1,10,5.0,0.01,0,0.0,10.11,117829.5
190,BUY,ST_FLIP_RED,2025-07-30T07:00:00,2025-07-30T10:00:00,long,117767.5,117891.5,100,0.1,11776.75,100.0,12.4,2.29,192.36,0.0,124,0.11,0,0.0,4564.3,383401.2,4.56,1177.67,0.1,10,5.0,0.01,0,0.0,10.11,117643.5
191,SELL,ST_FLIP_GREEN,2025-07-30T10:00:00,2025-07-30T11:00:00,short,117891.5,118077.5,100,0.1,11789.15,100.0,-18.6,-28.71,-2411.64,-0.03,0,0.0,186,0.16,4535.59,380989.56,4.54,1178.92,0.1,10,5.0,0.01,0,0.0,10.11,118015.5
192,BUY,ST_FLIP_RED,2025-07-30T11:00:00,2025-07-30T13:00:00,long,118077.5,118077.5,100,0.1,11807.75,100.0,0.0,-10.11,-849.24,-0.01,0,0.0,0,0.0,4525.48,380140.32,4.53,1180.78,0.1,10,5.0,0.01,0,0.0,10.11,117953.5
193,SELL,ST_FLIP_GREEN,2025-07-30T13:00:00,2025-07-30T15:00:00,short,118077.5,118263.5,100,0.1,11807.75,100.0,-18.6,-28.71,-2411.64,-0.03,0,0.0,186,0.16,4496.77,377728.68,4.5,1180.78,0.1,10,5.0,0.01,0,0.0,10.11,118201.5
194,BUY,ST_FLIP_RED,2025-07-30T15:00:00,2025-07-30T16:00:00,long,118263.5,118139.5,100,0.1,11826.35,100.0,-12.4,-22.51,-1890.84,-0.02,0,0.0,124,0.1,4474.26,375837.84,4.47,1182.63,0.1,10,5.0,0.01,0,0.0,10.11,118139.5
195,SELL,ST_FLIP_GREEN,2025-07-30T16:00:00,2025-07-30T19:00:00,short,118139.5,117705.5,100,0.1,11813.95,100.0,43.4,33.29,2796.36,0.03,434,0.37,0,0.0,4507.55,378634.2,4.51,1181.39,0.1,10,5.0,0.01,0,0.0,10.11,118263.5
196,BUY,ST_FLIP_RED,2025-07-30T19:00:00,2025-07-30T21:00:00,long,117705.5,117891.5,100,0.1,11770.55,100.0,18.6,8.49,713.16,0.01,186,0.16,0,0.0,4516.04,379347.36,4.52,1177.06,0.1,10,5.0,0.01,0,0.0,10.11,117581.5
197,SELL,ST_FLIP_GREEN,2025-07-30T21:00:00,2025-07-31T01:00:00,short,117891.5,116651.5,100,0.1,11789.15,100.0,124.0,113.89,9566.76,0.11,1240,1.05,0,0.0,4629.93,388914.12,4.63,1178.92,0.1,10,5.0,0.01,0,0.0,10.11,118015.5
198,BUY,ST_FLIP_RED,2025-07-31T01:00:00,2025-07-31T02:00:00,long,116651.5,116899.5,100,0.1,11665.15,100.0,24.8,14.69,1233.96,0.01,248,0.21,0,0.0,4644.62,390148.08,4.64,1166.52,0.1,10,5.0,0.01,0,0.0,10.11,116527.5
199,SELL,ST_FLIP_GREEN,2025-07-31T02:00:00,2025-07-31T03:00:00,short,116899.5,117085.5,100,0.1,11689.95,100.0,-18.6,-28.71,-2411.64,-0.03,0,0.0,186,0.16,4615.91,387736.44,4.62,1169.0,0.1,10,5.0,0.01,0,0.0,10.11,117023.5
200,BUY,ST_FLIP_RED,2025-07-31T03:00:00,2025-07-31T13:00:00,long,117085.5,118573.5,100,0.1,11708.55,100.0,148.8,138.69,11649.96,0.14,1488,1.27,0,0.0,4754.6,399386.4,4.75,1170.86,0.1,10,5.0,0.01,0,0.0,10.11,116961.5
201,SELL,ST_FLIP_GREEN,2025-07-31T13:00:00,2025-07-31T21:00:00,short,118573.5,118139.5,100,0.1,11857.35,100.0,43.4,33.29,2796.36,0.03,434,0.37,0,0.0,4787.89,402182.76,4.79,1185.74,0.1,10,5.0,0.01,0,0.0,10.11,118697.5
202,BUY,ST_FLIP_RED,2025-07-31T21:00:00,2025-07-31T22:00:00,long,118139.5,118325.5,100,0.1,11813.95,100.0,18.6,8.49,713.16,0.01,186,0.16,0,0.0,4796.38,402895.92,4.8,1181.39,0.1,10,5.0,0.01,0,0.0,10.11,118015.5
203,SELL,ST_FLIP_GREEN,2025-07-31T22:00:00,2025-08-01T07:00:00,short,118325.5,115349.5,100,0.1,11832.55,100.0,297.6,287.49,24149.16,0.29,2976,2.52,0,0.0,5083.87,427045.08,5.08,1183.26,0.1,10,5.0,0.01,0,0.0,10.11,118449.5
204,BUY,ST_FLIP_RED,2025-08-01T07:00:00,2025-08-01T09:00:00,long,115349.5,115783.5,100,0.1,11534.95,100.0,43.4,33.29,2796.36,0.03,434,0.38,0,0.0,5117.16,429841.44,5.12,1153.5,0.1,10,5.0,0.01,0,0.0,10.11,115225.5
205,SELL,ST_FLIP_GREEN,2025-08-01T09:00:00,2025-08-01T14:00:00,short,115783.5,114605.5,100,0.1,11578.35,100.0,117.8,107.69,9045.96,0.11,1178,1.02,0,0.0,5224.85,438887.4,5.22,1157.84,0.1,10,5.0,0.01,0,0.0,10.11,115907.5
206,BUY,ST_FLIP_RED,2025-08-01T14:00:00,2025-08-01T15:00:00,long,114605.5,115101.5,100,0.1,11460.55,100.0,49.6,39.49,3317.16,0.04,496,0.43,0,0.0,5264.34,442204.56,5.26,1146.06,0.1,10,5.0,0.01,0,0.0,10.11,114481.5
207,SELL,ST_FLIP_GREEN,2025-08-01T15:00:00,2025-08-01T17:00:00,short,115101.5,115101.5,100,0.1,11510.15,100.0,0.0,-10.11,-849.24,-0.01,0,0.0,0,0.0,5254.23,441355.32,5.25,1151.02,0.1,10,5.0,0.01,0,0.0,10.11,115225.5
208,BUY,ST_FLIP_RED,2025-08-01T17:00:00,2025-08-01T20:00:00,long,115101.5,115473.5,100,0.1,11510.15,100.0,37.2,27.09,2275.56,0.03,372,0.32,0,0.0,5281.32,443630.88,5.28,1151.02,0.1,10,5.0,0.01,0,0.0,10.11,114977.5
209,SELL,ST_FLIP_GREEN,2025-08-01T20:00:00,2025-08-01T21:00:00,short,115473.5,114915.5,100,0.1,11547.35,100.0,55.8,45.69,3837.96,0.05,558,0.48,0,0.0,5327.01,447468.84,5.33,1154.74,0.1,10,5.0,0.01,0,0.0,10.11,115597.5
210,BUY,ST_FLIP_RED,2025-08-01T21:00:00,2025-08-01T22:00:00,long,114915.5,115411.5,100,0.1,11491.55,100.0,49.6,39.49,3317.16,0.04,496,0.43,0,0.0,5366.5,450786.0,5.37,1149.16,0.1,10,5.0,0.01,0,0.0,10.11,114791.5
211,SELL,ST_FLIP_GREEN,2025-08-01T22:00:00,2025-08-02T02:00:00,short,115411.5,113551.5,100,0.1,11541.15,100.0,186.0,175.89,14774.76,0.18,1860,1.61,0,0.0,5542.39,465560.76,5.54,1154.12,0.1,10,5.0,0.01,0,0.0,10.11,115535.5
212,BUY,ST_FLIP_RED,2025-08-02T02:00:00,2025-08-02T03:00:00,long,113551.5,113799.5,100,0.1,11355.15,100.0,24.8,14.69,1233.96,0.01,248,0.22,0,0.0,5557.08,466794.72,5.56,1135.52,0.1,10,5.0,0.01,0,0.0,10.11,113427.5
213,SELL,ST_FLIP_GREEN,2025-08-02T03:00:00,2025-08-02T04:00:00,short,113799.5,113551.5,100,0.1,11379.95,100.0,24.8,14.69,1233.96,0.01,248,0.22,0,0.0,5571.77,468028.68,5.57,1138.0,0.1,10,5.0,0.01,0,0.0,10.11,113923.5
214,BUY,ST_FLIP_RED,2025-08-02T04:00:00,2025-08-02T11:00:00,long,113551.5,113799.5,100,0.1,11355.15,100.0,24.8,14.69,1233.96,0.01,248,0.22,0,0.0,5586.46,469262.64,5.59,1135.52,0.1,10,5.0,0.01,0,0.0,10.11,113427.5
215,SELL,ST_FLIP_GREEN,2025-08-02T11:00:00,2025-08-02T12:00:00,short,113799.5,113675.5,100,0.1,11379.95,100.0,12.4,2.29,192.36,0.0,124,0.11,0,0.0,5588.75,469455.0,5.59,1138.0,0.1,10,5.0,0.01,0,0.0,10.11,113923.5
216,BUY,ST_FLIP_RED,2025-08-02T12:00:00,2025-08-02T14:00:00,long,113675.5,113737.5,100,0.1,11367.55,100.0,6.2,-3.91,-328.44,-0.0,62,0.05,0,0.0,5584.84,469126.56,5.58,1136.76,0.1,10,5.0,0.01,0,0.0,10.11,113551.5
217,SELL,ST_FLIP_GREEN,2025-08-02T14:00:00,2025-08-02T16:00:00,short,113737.5,113799.5,100,0.1,11373.75,100.0,-6.2,-16.31,-1370.04,-0.02,0,0.0,62,0.05,5568.53,467756.52,5.57,1137.38,0.1,10,5.0,0.01,0,0.0,10.11,113861.5
218,BUY,ST_FLIP_RED,2025-08-02T16:00:00,2025-08-02T17:00:00,long,113799.5,113675.5,100,0.1,11379.95,100.0,-12.4,-22.51,-1890.84,-0.02,0,0.0,124,0.11,5546.02,465865.68,5.55,1138.0,0.1,10,5.0,0.01,0,0.0,10.11,113675.5
219,SELL,ST_FLIP_GREEN,2025-08-02T17:00:00,2025-08-02T22:00:00,short,113675.5,113117.5,100,0.1,11367.55,100.0,55.8,45.69,3837.96,0.05,558,0.49,0,0.0,5591.71,469703.64,5.59,1136.76,0.1,10,5.0,0.01,0,0.0,10.11,113799.5
220,BUY,ST_FLIP_RED,2025-08-02T22:00:00,2025-08-02T23:00:00,long,113117.5,113179.5,100,0.1,11311.75,100.0,6.2,-3.91,-328.44,-0.0,62,0.05,0,0.0,5587.8,469375.2,5.59,1131.17,0.1,10,5.0,0.01,0,0.0,10.11,112993.5
221,SELL,ST_FLIP_GREEN,2025-08-02T23:00:00,2025-08-03T00:00:00,short,113179.5,112497.5,100,0.1,11317.95,100.0,68.2,58.09,4879.56,0.06,682,0.6,0,0.0,5645.89,474254.76,5.65,1131.8,0.1,10,5.0,0.01,0,0.0,10.11,113303.5
222,BUY,ST_FLIP_RED,2025-08-03T00:00:00,2025-08-03T01:00:00,long,112497.5,112497.5,100,0.1,11249.75,100.0,0.0,-10.11,-849.24,-0.01,0,0.0,0,0.0,5635.78,473405.52,5.64,1124.97,0.1,10,5.0,0.01,0,0.0,10.11,112373.5
223,SELL,ST_FLIP_GREEN,2025-08-03T01:00:00,2025-08-03T02:00:00,short,112497.5,112559.5,100,0.1,11249.75,100.0,-6.2,-16.31,-1370.04,-0.02,0,0.0,62,0.06,5619.47,472035.48,5.62,1124.97,0.1,10,5.0,0.01,0,0.0,10.11,112621.5
224,BUY,ST_FLIP_RED,2025-08-03T02:00:00,2025-08-03T04:00:00,long,112559.5,112373.5,100,0.1,11255.95,100.0,-18.6,-28.71,-2411.64,-0.03,0,0.0,186,0.17,5590.76,469623.84,5.59,1125.6,0.1,10,5.0,0.01,0,0.0,10.11,112435.5
225,SELL,ST_FLIP_GREEN,2025-08-03T04:00:00,2025-08-03T06:00:00,short,112373.5,112435.5,100,0.1,11237.35,100.0,-6.2,-16.31,-1370.04,-0.02,0,0.0,62,0.06,5574.45,468253.8,5.57,1123.74,0.1,10,5.0,0.01,0,0.0,10.11,112497.5
226,BUY,ST_FLIP_RED,2025-08-03T06:00:00,2025-08-03T17:00:00,long,112435.5,113737.5,100,0.1,11243.55,100.0,130.2,120.09,10087.56,0.12,1302,1.16,0,0.0,5694.54,478341.36,5.69,1124.36,0.1,10,5.0,0.01,0,0.0,10.11,112311.5
227,SELL,ST_FLIP_GREEN,2025-08-03T17:00:00,2025-08-03T20:00:00,short,113737.5,113861.5,100,0.1,11373.75,100.0,-12.4,-22.51,-1890.84,-0.02,0,0.0,124,0.11,5672.03,476450.52,5.67,1137.38,0.1,10,5.0,0.01,0,0.0,10.11,113861.5
228,BUY,ST_FLIP_RED,2025-08-03T20:00:00,2025-08-04T01:00:00,long,113861.5,114233.5,100,0.1,11386.15,100.0,37.2,27.09,2275.56,0.03,372,0.33,0,0.0,5699.12,478726.08,5.7,1138.62,0.1,10,5.0,0.01,0,0.0,10.11,113737.5
229,SELL,ST_FLIP_GREEN,2025-08-04T01:00:00,2025-08-04T02:00:00,short,114233.5,114295.5,100,0.1,11423.35,100.0,-6.2,-16.31,-1370.04,-0.02,0,0.0,62,0.05,5682.81,477356.04,5.68,1142.34,0.1,10,5.0,0.01,0,0.0,10.11,114357.5
230,BUY,ST_FLIP_RED,2025-08-04T02:00:00,2025-08-04T03:00:00,long,114295.5,114295.5,100,0.1,11429.55,100.0,0.0,-10.11,-849.24,-0.01,0,0.0,0,0.0,5672.7,476506.8,5.67,1142.96,0.1,10,5.0,0.01,0,0.0,10.11,114171.5
231,SELL,ST_FLIP_GREEN,2025-08-04T03:00:00,2025-08-04T04:00:00,short,114295.5,114233.5,100,0.1,11429.55,100.0,6.2,-3.91,-328.44,-0.0,62,0.05,0,0.0,5668.79,476178.36,5.67,1142.96,0.1,10,5.0,0.01,0,0.0,10.11,114419.5
232,BUY,ST_FLIP_RED,2025-08-04T04:00:00,2025-08-04T08:00:00,long,114233.5,114605.5,100,0.1,11423.35,100.0,37.2,27.09,2275.56,0.03,372,0.33,0,0.0,5695.88,478453.92,5.7,1142.34,0.1,10,5.0,0.01,0,0.0,10.11,114109.5
233,SELL,ST_FLIP_GREEN,2025-08-04T08:00:00,2025-08-04T12:00:00,short,114605.5,114419.5,100,0.1,11460.55,100.0,18.6,8.49,713.16,0.01,186,0.16,0,0.0,5704.37,479167.08,5.7,1146.06,0.1,10,5.0,0.01,0,0.0,10.11,114729.5
234,BUY,ST_FLIP_RED,2025-08-04T12:00:00,2025-08-04T15:00:00,long,114419.5,114357.5,100,0.1,11441.95,100.0,-6.2,-16.31,-1370.04,-0.02,0,0.0,62,0.05,5688.06,477797.04,5.69,1144.2,0.1,10,5.0,0.01,0,0.0,10.11,114295.5
235,SELL,ST_FLIP_GREEN,2025-08-04T15:00:00,2025-08-04T19:00:00,short,114357.5,114357.5,100,0.1,11435.75,100.0,0.0,-10.11,-849.24,-0.01,0,0.0,0,0.0,5677.95,476947.8,5.68,1143.58,0.1,10,5.0,0.01,0,0.0,10.11,114481.5
236,BUY,ST_FLIP_RED,2025-08-04T19:00:00,2025-08-04T20:00:00,long,114357.5,115225.5,100,0.1,11435.75,100.0,86.8,76.69,6441.96,0.08,868,0.76,0,0.0,5754.64,483389.76,5.75,1143.58,0.1,10,5.0,0.01,0,0.0,10.11,114233.5
237,SELL,ST_FLIP_GREEN,2025-08-04T20:00:00,2025-08-04T21:00:00,short,115225.5,114915.5,100,0.1,11522.55,100.0,31.0,20.89,1754.76,0.02,310,0.27,0,0.0,5775.53,485144.52,5.78,1152.26,0.1,10,5.0,0.01,0,0.0,10.11,115349.5
238,BUY,ST_FLIP_RED,2025-08-04T21:00:00,2025-08-04T23:00:00,long,114915.5,115287.5,100,0.1,11491.55,100.0,37.2,27.09,2275.56,0.03,372,0.32,0,0.0,5802.62,487420.08,5.8,1149.16,0.1,10,5.0,0.01,0,0.0,10.11,114791.5
239,SELL,ST_FLIP_GREEN,2025-08-04T23:00:00,2025-08-05T02:00:00,short,115287.5,114915.5,100,0.1,11528.75,100.0,37.2,27.09,2275.56,0.03,372,0.32,0,0.0,5829.71,489695.64,5.83,1152.88,0.1,10,5.0,0.01,0,0.0,10.11,115411.5
240,BUY,ST_FLIP_RED,2025-08-05T02:00:00,2025-08-05T05:00:00,long,114915.5,115039.5,100,0.1,11491.55,100.0,12.4,2.29,192.36,0.0,124,0.11,0,0.0,5832.0,489888.0,5.83,1149.16,0.1,10,5.0,0.01,0,0.0,10.11,114791.5
241,SELL,ST_FLIP_GREEN,2025-08-05T05:00:00,2025-08-05T10:00:00,short,115039.5,114419.5,100,0.1,11503.95,100.0,62.0,51.89,4358.76,0.05,620,0.54,0,0.0,5883.89,494246.76,5.88,1150.39,0.1,10,5.0,0.01,0,0.0,10.11,115163.5
242,BUY,ST_FLIP_RED,2025-08-05T10:00:00,2025-08-05T12:00:00,long,114419.5,114233.5,100,0.1,11441.95,100.0,-18.6,-28.71,-2411.64,-0.03,0,0.0,186,0.16,5855.18,491835.12,5.86,1144.2,0.1,10,5.0,0.01,0,0.0,10.11,114295.5
243,SELL,ST_FLIP_GREEN,2025-08-05T12:00:00,2025-08-05T13:00:00,short,114233.5,114295.5,100,0.1,11423.35,100.0,-6.2,-16.31,-1370.04,-0.02,0,0.0,62,0.05,5838.87,490465.08,5.84,1142.34,0.1,10,5.0,0.01,0,0.0,10.11,114357.5
244,BUY,ST_FLIP_RED,2025-08-05T13:00:00,2025-08-05T17:00:00,long,114295.5,114729.5,100,0.1,11429.55,100.0,43.4,33.29,2796.36,0.03,434,0.38,0,0.0,5872.16,493261.44,5.87,1142.96,0.1,10,5.0,0.01,0,0.0,10.11,114171.5
245,SELL,ST_FLIP_GREEN,2025-08-05T17:00:00,2025-08-05T21:00:00,short,114729.5,113117.5,100,0.1,11472.95,100.0,161.2,151.09,12691.56,0.15,1612,1.41,0,0.0,6023.25,505953.0,6.02,1147.3,0.1,10,5.0,0.01,0,0.0,10.11,114853.5
246,BUY,ST_FLIP_RED,2025-08-05T21:00:00,2025-08-06T02:00:00,long,113117.5,113737.5,100,0.1,11311.75,100.0,62.0,51.89,4358.76,0.05,620,0.55,0,0.0,6075.14,510311.76,6.08,1131.17,0.1,10,5.0,0.01,0,0.0,10.11,112993.5
247,SELL,ST_FLIP_GREEN,2025-08-06T02:00:00,2025-08-06T04:00:00,short,113737.5,113923.5,100,0.1,11373.75,100.0,-18.6,-28.71,-2411.64,-0.03,0,0.0,186,0.16,6046.43,507900.12,6.05,1137.38,0.1,10,5.0,0.01,0,0.0,10.11,113861.5
248,BUY,ST_FLIP_RED,2025-08-06T04:00:00,2025-08-06T05:00:00,long,113923.5,113861.5,100,0.1,11392.35,100.0,-6.2,-16.31,-1370.04,-0.02,0,0.0,62,0.05,6030.12,506530.08,6.03,1139.24,0.1,10,5.0,0.01,0,0.0,10.11,113799.5
249,SELL,ST_FLIP_GREEN,2025-08-06T05:00:00,2025-08-06T10:00:00,short,113861.5,113613.5,100,0.1,11386.15,100.0,24.8,14.69,1233.96,0.01,248,0.22,0,0.0,6044.81,507764.04,6.04,1138.62,0.1,10,5.0,0.01,0,0.0,10.11,113985.5
250,BUY,ST_FLIP_RED,2025-08-06T10:00:00,2025-08-06T13:00:00,long,113613.5,114047.5,100,0.1,11361.35,100.0,43.4,33.29,2796.36,0.03,434,0.38,0,0.0,6078.1,510560.4,6.08,1136.13,0.1,10,5.0,0.01,0,0.0,10.11,113489.5
251,SELL,ST_FLIP_GREEN,2025-08-06T13:00:00,2025-08-06T16:00:00,short,114047.5,114171.5,100,0.1,11404.75,100.0,-12.4,-22.51,-1890.84,-0.02,0,0.0,124,0.11,6055.59,508669.56,6.06,1140.47,0.1,10,5.0,0.01,0,0.0,10.11,114171.5
252,BUY,ST_FLIP_RED,2025-08-06T16:00:00,2025-08-06T17:00:00,long,114171.5,114047.5,100,0.1,11417.15,100.0,-12.4,-22.51,-1890.84,-0.02,0,0.0,124,0.11,6033.08,506778.72,6.03,1141.72,0.1,10,5.0,0.01,0,0.0,10.11,114047.5
253,SELL,ST_FLIP_GREEN,2025-08-06T17:00:00,2025-08-06T19:00:00,short,114047.5,114109.5,100,0.1,11404.75,100.0,-6.2,-16.31,-1370.04,-0.02,0,0.0,62,0.05,6016.77,505408.68,6.02,1140.47,0.1,10,5.0,0.01,0,0.0,10.11,114171.5
254,BUY,ST_FLIP_RED,2025-08-06T19:00:00,2025-08-07T01:00:00,long,114109.5,115163.5,100,0.1,11410.95,100.0,105.4,95.29,8004.36,0.1,1054,0.92,0,0.0,6112.06,513413.04,6.11,1141.1,0.1,10,5.0,0.01,0,0.0,10.11,113985.5
255,SELL,ST_FLIP_GREEN,2025-08-07T01:00:00,2025-08-07T06:00:00,short,115163.5,115101.5,100,0.1,11516.35,100.0,6.2,-3.91,-328.44,-0.0,62,0.05,0,0.0,6108.15,513084.6,6.11,1151.63,0.1,10,5.0,0.01,0,0.0,10.11,115287.5
256,BUY,ST_FLIP_RED,2025-08-07T06:00:00,2025-08-07T07:00:00,long,115101.5,114977.5,100,0.1,11510.15,100.0,-12.4,-22.51,-1890.84,-0.02,0,0.0,124,0.11,6085.64,511193.76,6.09,1151.02,0.1,10,5.0,0.01,0,0.0,10.11,114977.5
257,SELL,ST_FLIP_GREEN,2025-08-07T07:00:00,2025-08-07T12:00:00,short,114977.5,114667.5,100,0.1,11497.75,100.0,31.0,20.89,1754.76,0.02,310,0.27,0,0.0,6106.53,512948.52,6.11,1149.78,0.1,10,5.0,0.01,0,0.0,10.11,115101.5
258,BUY,ST_FLIP_RED,2025-08-07T12:00:00,2025-08-07T17:00:00,long,114667.5,116527.5,100,0.1,11466.75,100.0,186.0,175.89,14774.76,0.18,1860,1.62,0,0.0,6282.42,527723.28,6.28,1146.67,0.1,10,5.0,0.01,0,0.0,10.11,114543.5
259,SELL,ST_FLIP_GREEN,2025-08-07T17:00:00,2025-08-07T20:00:00,short,116527.5,116527.5,100,0.1,11652.75,100.0,0.0,-10.11,-849.24,-0.01,0,0.0,0,0.0,6272.31,526874.04,6.27,1165.28,0.1,10,5.0,0.01,0,0.0,10.11,116651.5
260,BUY,ST_FLIP_RED,2025-08-07T20:00:00,2025-08-07T22:00:00,long,116527.5,116403.5,100,0.1,11652.75,100.0,-12.4,-22.51,-1890.84,-0.02,0,0.0,124,0.11,6249.8,524983.2,6.25,1165.28,0.1,10,5.0,0.01,0,0.0,10.11,116403.5
261,SELL,ST_FLIP_GREEN,2025-08-07T22:00:00,2025-08-08T00:00:00,short,116403.5,116527.5,100,0.1,11640.35,100.0,-12.4,-22.51,-1890.84,-0.02,0,0.0,124,0.11,6227.29,523092.36,6.23,1164.04,0.1,10,5.0,0.01,0,0.0,10.11,116527.5
262,BUY,ST_FLIP_RED,2025-08-08T00:00:00,2025-08-08T04:00:00,long,116527.5,117209.5,100,0.1,11652.75,100.0,68.2,58.09,4879.56,0.06,682,0.59,0,0.0,6285.38,527971.92,6.29,1165.28,0.1,10,5.0,0.01,0,0.0,10.11,116403.5
263,SELL,ST_FLIP_GREEN,2025-08-08T04:00:00,2025-08-08T12:00:00,short,117209.5,116837.5,100,0.1,11720.95,100.0,37.2,27.09,2275.56,0.03,372,0.32,0,0.0,6312.47,530247.48,6.31,1172.1,0.1,10,5.0,0.01,0,0.0,10.11,117333.5
264,BUY,ST_FLIP_RED,2025-08-08T12:00:00,2025-08-08T13:00:00,long,116837.5,116775.5,100,0.1,11683.75,100.0,-6.2,-16.31,-1370.04,-0.02,0,0.0,62,0.05,6296.16,528877.44,6.3,1168.38,0.1,10,5.0,0.01,0,0.0,10.11,116713.5
265,SELL,ST_FLIP_GREEN,2025-08-08T13:00:00,2025-08-08T16:00:00,short,116775.5,116651.5,100,0.1,11677.55,100.0,12.4,2.29,192.36,0.0,124,0.11,0,0.0,6298.45,529069.8,6.3,1167.76,0.1,10,5.0,0.01,0,0.0,10.11,116899.5
266,BUY,ST_FLIP_RED,2025-08-08T16:00:00,2025-08-08T17:00:00,long,116651.5,116589.5,100,0.1,11665.15,100.0,-6.2,-16.31,-1370.04,-0.02,0,0.0,62,0.05,6282.14,527699.76,6.28,1166.52,0.1,10,5.0,0.01,0,0.0,10.11,116527.5
267,SELL,ST_FLIP_GREEN,2025-08-08T17:00:00,2025-08-08T18:00:00,short,116589.5,116713.5,100,0.1,11658.95,100.0,-12.4,-22.51,-1890.84,-0.02,0,0.0,124,0.11,6259.63,525808.92,6.26,1165.89,0.1,10,5.0,0.01,0,0.0,10.11,116713.5
268,BUY,ST_FLIP_RED,2025-08-08T18:00:00,2025-08-08T20:00:00,long,116713.5,116527.5,100,0.1,11671.35,100.0,-18.6,-28.71,-2411.64,-0.03,0,0.0,186,0.16,6230.92,523397.28,6.23,1167.13,0.1,10,5.0,0.01,0,0.0,10.11,116589.5
269,SELL,ST_FLIP_GREEN,2025-08-08T20:00:00,2025-08-08T22:00:00,short,116527.5,116279.5,100,0.1,11652.75,100.0,24.8,14.69,1233.96,0.01,248,0.21,0,0.0,6245.61,524631.24,6.25,1165.28,0.1,10,5.0,0.01,0,0.0,10.11,116651.5
270,BUY,ST_FLIP_RED,2025-08-08T22:00:00,2025-08-09T04:00:00,long,116279.5,116713.5,100,0.1,11627.95,100.0,43.4,33.29,2796.36,0.03,434,0.37,0,0.0,6278.9,527427.6,6.28,1162.8,0.1,10,5.0,0.01,0,0.0,10.11,116155.5
271,SELL,ST_FLIP_GREEN,2025-08-09T04:00:00,2025-08-09T10:00:00,short,116713.5,116651.5,100,0.1,11671.35,100.0,6.2,-3.91,-328.44,-0.0,62,0.05,0,0.0,6274.99,527099.16,6.27,1167.13,0.1,10,5.0,0.01,0,0.0,10.11,116837.5
272,BUY,ST_FLIP_RED,2025-08-09T10:00:00,2025-08-09T11:00:00,long,116651.5,116775.5,100,0.1,11665.15,100.0,12.4,2.29,192.36,0.0,124,0.11,0,0.0,6277.28,527291.52,6.28,1166.52,0.1,10,5.0,0.01,0,0.0,10.11,116527.5
273,SELL,ST_FLIP_GREEN,2025-08-09T11:00:00,2025-08-09T12:00:00,short,116775.5,116713.5,100,0.1,11677.55,100.0,6.2,-3.91,-328.44,-0.0,62,0.05,0,0.0,6273.37,526963.08,6.27,1167.76,0.1,10,5.0,0.01,0,0.0,10.11,116899.5
274,BUY,ST_FLIP_RED,2025-08-09T12:00:00,2025-08-09T16:00:00,long,116713.5,117519.5,100,0.1,11671.35,100.0,80.6,70.49,5921.16,0.07,806,0.69,0,0.0,6343.86,532884.24,6.34,1167.13,0.1,10,5.0,0.01,0,0.0,10.11,116589.5
275,SELL,ST_FLIP_GREEN,2025-08-09T16:00:00,2025-08-10T03:00:00,short,117519.5,116589.5,100,0.1,11751.95,100.0,93.0,82.89,6962.76,0.08,930,0.79,0,0.0,6426.75,539847.0,6.43,1175.2,0.1,10,5.0,0.01,0,0.0,10.11,117643.5
276,BUY,ST_FLIP_RED,2025-08-10T03:00:00,2025-08-10T04:00:00,long,116589.5,116527.5,100,0.1,11658.95,100.0,-6.2,-16.31,-1370.04,-0.02,0,0.0,62,0.05,6410.44,538476.96,6.41,1165.89,0.1,10,5.0,0.01,0,0.0,10.11,116465.5
277,SELL,ST_FLIP_GREEN,2025-08-10T04:00:00,2025-08-10T05:00:00,short,116527.5,116589.5,100,0.1,11652.75,100.0,-6.2,-16.31,-1370.04,-0.02,0,0.0,62,0.05,6394.13,537106.92,6.39,1165.28,0.1,10,5.0,0.01,0,0.0,10.11,116651.5
278,BUY,ST_FLIP_RED,2025-08-10T05:00:00,2025-08-10T10:00:00,long,116589.5,118387.5,100,0.1,11658.95,100.0,179.8,169.69,14253.96,0.17,1798,1.54,0,0.0,6563.82,551360.88,6.56,1165.89,0.1,10,5.0,0.01,0,0.0,10.11,116465.5
279,SELL,ST_FLIP_GREEN,2025-08-10T10:00:00,2025-08-10T12:00:00,short,118387.5,118015.5,100,0.1,11838.75,100.0,37.2,27.09,2275.56,0.03,372,0.31,0,0.0,6590.91,553636.44,6.59,1183.88,0.1,10,5.0,0.01,0,0.0,10.11,118511.5
280,BUY,ST_FLIP_RED,2025-08-10T12:00:00,2025-08-10T22:00:00,long,118015.5,118573.5,100,0.1,11801.55,100.0,55.8,45.69,3837.96,0.05,558,0.47,0,0.0,6636.6,557474.4,6.64,1180.16,0.1,10,5.0,0.01,0,0.0,10.11,117891.5
281,SELL,ST_FLIP_GREEN,2025-08-10T22:00:00,2025-08-11T00:00:00,short,118573.5,118573.5,100,0.1,11857.35,100.0,0.0,-10.11,-849.24,-0.01,0,0.0,0,0.0,6626.49,556625.16,6.63,1185.74,0.1,10,5.0,0.01,0,0.0,10.11,118697.5
282,BUY,ST_FLIP_RED,2025-08-11T00:00:00,2025-08-11T01:00:00,long,118573.5,118387.5,100,0.1,11857.35,100.0,-18.6,-28.71,-2411.64,-0.03,0,0.0,186,0.16,6597.78,554213.52,6.6,1185.74,0.1,10,5.0,0.01,0,0.0,10.11,118449.5
283,SELL,ST_FLIP_GREEN,2025-08-11T01:00:00,2025-08-11T03:00:00,short,118387.5,118387.5,100,0.1,11838.75,100.0,0.0,-10.11,-849.24,-0.01,0,0.0,0,0.0,6587.67,553364.28,6.59,1183.88,0.1,10,5.0,0.01,0,0.0,10.11,118511.5
284,BUY,ST_FLIP_RED,2025-08-11T03:00:00,2025-08-11T06:00:00,long,118387.5,119193.5,100,0.1,11838.75,100.0,80.6,70.49,5921.16,0.07,806,0.68,0,0.0,6658.16,559285.44,6.66,1183.88,0.1,10,5.0,0.01,0,0.0,10.11,118263.5
285,SELL,ST_FLIP_GREEN,2025-08-11T06:00:00,2025-08-11T07:00:00,short,119193.5,119317.5,100,0.1,11919.35,100.0,-12.4,-22.51,-1890.84,-0.02,0,0.0,124,0.1,6635.65,557394.6,6.64,1191.93,0.1,10,5.0,0.01,0,0.0,10.11,119317.5
286,BUY,ST_FLIP_RED,2025-08-11T07:00:00,2025-08-11T12:00:00,long,119317.5,121859.5,100,0.1,11931.75,100.0,254.2,244.09,20503.56,0.24,2542,2.13,0,0.0,6879.74,577898.16,6.88,1193.17,0.1,10,5.0,0.01,0,0.0,10.11,119193.5
287,SELL,ST_FLIP_GREEN,2025-08-11T12:00:00,2025-08-11T19:00:00,short,121859.5,119751.5,100,0.1,12185.95,100.0,210.8,200.69,16857.96,0.2,2108,1.73,0,0.0,7080.43,594756.12,7.08,1218.6,0.1,10,5.0,0.01,0,0.0,10.11,121983.5
288,BUY,ST_FLIP_RED,2025-08-11T19:00:00,2025-08-11T22:00:00,long,119751.5,120309.5,100,0.1,11975.15,100.0,55.8,45.69,3837.96,0.05,558,0.47,0,0.0,7126.12,598594.08,7.13,1197.52,0.1,10,5.0,0.01,0,0.0,10.11,119627.5
289,SELL,ST_FLIP_GREEN,2025-08-11T22:00:00,2025-08-12T04:00:00,short,120309.5,118697.5,100,0.1,12030.95,100.0,161.2,151.09,12691.56,0.15,1612,1.34,0,0.0,7277.21,611285.64,7.28,1203.1,0.1,10,5.0,0.01,0,0.0,10.11,120433.5
290,BUY,ST_FLIP_RED,2025-08-12T04:00:00,2025-08-12T08:00:00,long,118697.5,118883.5,100,0.1,11869.75,100.0,18.6,8.49,713.16,0.01,186,0.16,0,0.0,7285.7,611998.8,7.29,1186.97,0.1,10,5.0,0.01,0,0.0,10.11,118573.5
291,SELL,ST_FLIP_GREEN,2025-08-12T08:00:00,2025-08-12T11:00:00,short,118883.5,118821.5,100,0.1,11888.35,100.0,6.2,-3.91,-328.44,-0.0,62,0.05,0,0.0,7281.79,611670.36,7.28,1188.84,0.1,10,5.0,0.01,0,0.0,10.11,119007.5
292,BUY,ST_FLIP_RED,2025-08-12T11:00:00,2025-08-12T13:00:00,long,118821.5,118883.5,100,0.1,11882.15,100.0,6.2,-3.91,-328.44,-0.0,62,0.05,0,0.0,7277.88,611341.92,7.28,1188.22,0.1,10,5.0,0.01,0,0.0,10.11,118697.5
293,SELL,ST_FLIP_GREEN,2025-08-12T13:00:00,2025-08-12T18:00:00,short,118883.5,118635.5,100,0.1,11888.35,100.0,24.8,14.69,1233.96,0.01,248,0.21,0,0.0,7292.57,612575.88,7.29,1188.84,0.1,10,5.0,0.01,0,0.0,10.11,119007.5
294,BUY,ST_FLIP_RED,2025-08-12T18:00:00,2025-08-12T22:00:00,long,118635.5,119503.5,100,0.1,11863.55,100.0,86.8,76.69,6441.96,0.08,868,0.73,0,0.0,7369.26,619017.84,7.37,1186.36,0.1,10,5.0,0.01,0,0.0,10.11,118511.5
295,SELL,ST_FLIP_GREEN,2025-08-12T22:00:00,2025-08-12T23:00:00,short,119503.5,119503.5,100,0.1,11950.35,100.0,0.0,-10.11,-849.24,-0.01,0,0.0,0,0.0,7359.15,618168.6,7.36,1195.04,0.1,10,5.0,0.01,0,0.0,10.11,119627.5
296,BUY,ST_FLIP_RED,2025-08-12T23:00:00,2025-08-13T03:00:00,long,119503.5,119875.5,100,0.1,11950.35,100.0,37.2,27.09,2275.56,0.03,372,0.31,0,0.0,7386.24,620444.16,7.39,1195.04,0.1,10,5.0,0.01,0,0.0,10.11,119379.5
297,SELL,ST_FLIP_GREEN,2025-08-13T03:00:00,2025-08-13T04:00:00,short,119875.5,119875.5,100,0.1,11987.55,100.0,0.0,-10.11,-849.24,-0.01,0,0.0,0,0.0,7376.13,619594.92,7.38,1198.76,0.1,10,5.0,0.01,0,0.0,10.11,119999.5
298,BUY,ST_FLIP_RED,2025-08-13T04:00:00,2025-08-13T05:00:00,long,119875.5,119999.5,100,0.1,11987.55,100.0,12.4,2.29,192.36,0.0,124,0.1,0,0.0,7378.42,619787.28,7.38,1198.76,0.1,10,5.0,0.01,0,0.0,10.11,119751.5
299,SELL,ST_FLIP_GREEN,2025-08-13T05:00:00,2025-08-13T08:00:00,short,119999.5,119441.5,100,0.1,11999.95,100.0,55.8,45.69,3837.96,0.05,558,0.47,0,0.0,7424.11,623625.24,7.42,1200.0,0.1,10,5.0,0.01,0,0.0,10.11,120123.5
300,BUY,ST_FLIP_RED,2025-08-13T08:00:00,2025-08-13T11:00:00,long,119441.5,119379.5,100,0.1,11944.15,100.0,-6.2,-16.31,-1370.04,-0.02,0,0.0,62,0.05,7407.8,622255.2,7.41,1194.42,0.1,10,5.0,0.01,0,0.0,10.11,119317.5
301,SELL,ST_FLIP_GREEN,2025-08-13T11:00:00,2025-08-13T12:00:00,short,119379.5,119317.5,100,0.1,11937.95,100.0,6.2,-3.91,-328.44,-0.0,62,0.05,0,0.0,7403.89,621926.76,7.4,1193.8,0.1,10,5.0,0.01,0,0.0,10.11,119503.5
302,BUY,ST_FLIP_RED,2025-08-13T12:00:00,2025-08-13T20:00:00,long,119317.5,121487.5,100,0.1,11931.75,100.0,217.0,206.89,17378.76,0.21,2170,1.82,0,0.0,7610.78,639305.52,7.61,1193.17,0.1,10,5.0,0.01,0,0.0,10.11,119193.5
303,SELL,ST_FLIP_GREEN,2025-08-13T20:00:00,2025-08-13T21:00:00,short,121487.5,120743.5,100,0.1,12148.75,100.0,74.4,64.29,5400.36,0.06,744,0.61,0,0.0,7675.07,644705.88,7.68,1214.88,0.1,10,5.0,0.01,0,0.0,10.11,121611.5
304,BUY,ST_FLIP_RED,2025-08-13T21:00:00,2025-08-14T06:00:00,long,120743.5,124091.5,100,0.1,12074.35,100.0,334.8,324.69,27273.96,0.32,3348,2.77,0,0.0,7999.76,671979.84,8.0,1207.43,0.1,10,5.0,0.01,0,0.0,10.11,120619.5
305,SELL,ST_FLIP_GREEN,2025-08-14T06:00:00,2025-08-14T08:00:00,short,124091.5,123595.5,100,0.1,12409.15,100.0,49.6,39.49,3317.16,0.04,496,0.4,0,0.0,8039.25,675297.0,8.04,1240.92,0.1,10,5.0,0.01,0,0.0,10.11,124215.5
306,BUY,ST_FLIP_RED,2025-08-14T08:00:00,2025-08-14T09:00:00,long,123595.5,123471.5,100,0.1,12359.55,100.0,-12.4,-22.51,-1890.84,-0.02,0,0.0,124,0.1,8016.74,673406.16,8.02,1235.96,0.1,10,5.0,0.01,0,0.0,10.11,123471.5
307,SELL,ST_FLIP_GREEN,2025-08-14T09:00:00,2025-08-14T13:00:00,short,123471.5,121859.5,100,0.1,12347.15,100.0,161.2,151.09,12691.56,0.15,1612,1.31,0,0.0,8167.83,686097.72,8.17,1234.72,0.1,10,5.0,0.01,0,0.0,10.11,123595.5
308,BUY,ST_FLIP_RED,2025-08-14T13:00:00,2025-08-14T14:00:00,long,121859.5,121859.5,100,0.1,12185.95,100.0,0.0,-10.11,-849.24,-0.01,0,0.0,0,0.0,8157.72,685248.48,8.16,1218.6,0.1,10,5.0,0.01,0,0.0,10.11,121735.5
309,SELL,ST_FLIP_GREEN,2025-08-14T14:00:00,2025-08-14T17:00:00,short,121859.5,121115.5,100,0.1,12185.95,100.0,74.4,64.29,5400.36,0.06,744,0.61,0,0.0,8222.01,690648.84,8.22,1218.6,0.1,10,5.0,0.01,0,0.0,10.11,121983.5
310,BUY,ST_FLIP_RED,2025-08-14T17:00:00,2025-08-14T18:00:00,long,121115.5,120991.5,100,0.1,12111.55,100.0,-12.4,-22.51,-1890.84,-0.02,0,0.0,124,0.1,8199.5,688758.0,8.2,1211.16,0.1,10,5.0,0.01,0,0.0,10.11,120991.5
311,SELL,ST_FLIP_GREEN,2025-08-14T18:00:00,2025-08-14T19:00:00,short,120991.5,118325.5,100,0.1,12099.15,100.0,266.6,256.49,21545.16,0.26,2666,2.2,0,0.0,8455.99,710303.16,8.46,1209.92,0.1,10,5.0,0.01,0,0.0,10.11,121115.5
312,BUY,ST_FLIP_RED,2025-08-14T19:00:00,2025-08-14T20:00:00,long,118325.5,118387.5,100,0.1,11832.55,100.0,6.2,-3.91,-328.44,-0.0,62,0.05,0,0.0,8452.08,709974.72,8.45,1183.26,0.1,10,5.0,0.01,0,0.0,10.11,118201.5
313,SELL,ST_FLIP_GREEN,2025-08-14T20:00:00,2025-08-14T22:00:00,short,118387.5,117829.5,100,0.1,11838.75,100.0,55.8,45.69,3837.96,0.05,558,0.47,0,0.0,8497.77,713812.68,8.5,1183.88,0.1,10,5.0,0.01,0,0.0,10.11,118511.5
314,BUY,ST_FLIP_RED,2025-08-14T22:00:00,2025-08-14T23:00:00,long,117829.5,117891.5,100,0.1,11782.95,100.0,6.2,-3.91,-328.44,-0.0,62,0.05,0,0.0,8493.86,713484.24,8.49,1178.3,0.1,10,5.0,0.01,0,0.0,10.11,117705.5
315,SELL,ST_FLIP_GREEN,2025-08-14T23:00:00,2025-08-15T00:00:00,short,117891.5,117953.5,100,0.1,11789.15,100.0,-6.2,-16.31,-1370.04,-0.02,0,0.0,62,0.05,8477.55,712114.2,8.48,1178.92,0.1,10,5.0,0.01,0,0.0,10.11,118015.5
316,BUY,ST_FLIP_RED,2025-08-15T00:00:00,2025-08-15T01:00:00,long,117953.5,118077.5,100,0.1,11795.35,100.0,12.4,2.29,192.36,0.0,124,0.11,0,0.0,8479.84,712306.56,8.48,1179.54,0.1,10,5.0,0.01,0,0.0,10.11,117829.5
317,SELL,ST_FLIP_GREEN,2025-08-15T01:00:00,2025-08-15T03:00:00,short,118077.5,117829.5,100,0.1,11807.75,100.0,24.8,14.69,1233.96,0.01,248,0.21,0,0.0,8494.53,713540.52,8.49,1180.78,0.1,10,5.0,0.01,0,0.0,10.11,118201.5
318,BUY,ST_FLIP_RED,2025-08-15T03:00:00,2025-08-15T05:00:00,long,117829.5,118263.5,100,0.1,11782.95,100.0,43.4,33.29,2796.36,0.03,434,0.37,0,0.0,8527.82,716336.88,8.53,1178.3,0.1,10,5.0,0.01,0,0.0,10.11,117705.5
319,SELL,ST_FLIP_GREEN,2025-08-15T05:00:00,2025-08-15T06:00:00,short,118263.5,118325.5,100,0.1,11826.35,100.0,-6.2,-16.31,-1370.04,-0.02,0,0.0,62,0.05,8511.51,714966.84,8.51,1182.63,0.1,10,5.0,0.01,0,0.0,10.11,118387.5
320,BUY,ST_FLIP_RED,2025-08-15T06:00:00,2025-08-15T10:00:00,long,118325.5,118945.5,100,0.1,11832.55,100.0,62.0,51.89,4358.76,0.05,620,0.52,0,0.0,8563.4,719325.6,8.56,1183.26,0.1,10,5.0,0.01,0,0.0,10.11,118201.5
321,SELL,ST_FLIP_GREEN,2025-08-15T10:00:00,2025-08-15T11:00:00,short,118945.5,118883.5,100,0.1,11894.55,100.0,6.2,-3.91,-328.44,-0.0,62,0.05,0,0.0,8559.49,718997.16,8.56,1189.46,0.1,10,5.0,0.01,0,0.0,10.11,119069.5
322,BUY,ST_FLIP_RED,2025-08-15T11:00:00,2025-08-15T12:00:00,long,118883.5,118883.5,100,0.1,11888.35,100.0,0.0,-10.11,-849.24,-0.01,0,0.0,0,0.0,8549.38,718147.92,8.55,1188.84,0.1,10,5.0,0.01,0,0.0,10.11,118759.5
323,SELL,ST_FLIP_GREEN,2025-08-15T12:00:00,2025-08-15T13:00:00,short,118883.5,119007.5,100,0.1,11888.35,100.0,-12.4,-22.51,-1890.84,-0.02,0,0.0,124,0.1,8526.87,716257.08,8.53,1188.84,0.1,10,5.0,0.01,0,0.0,10.11,119007.5
324,BUY,ST_FLIP_RED,2025-08-15T13:00:00,2025-08-15T14:00:00,long,119007.5,118883.5,100,0.1,11900.75,100.0,-12.4,-22.51,-1890.84,-0.02,0,0.0,124,0.1,8504.36,714366.24,8.5,1190.08,0.1,10,5.0,0.01,0,0.0,10.11,118883.5
325,SELL,ST_FLIP_GREEN,2025-08-15T14:00:00,2025-08-15T15:00:00,short,118883.5,118821.5,100,0.1,11888.35,100.0,6.2,-3.91,-328.44,-0.0,62,0.05,0,0.0,8500.45,714037.8,8.5,1188.84,0.1,10,5.0,0.01,0,0.0,10.11,119007.5
326,BUY,ST_FLIP_RED,2025-08-15T15:00:00,2025-08-15T17:00:00,long,118821.5,118821.5,100,0.1,11882.15,100.0,0.0,-10.11,-849.24,-0.01,0,0.0,0,0.0,8490.34,713188.56,8.49,1188.22,0.1,10,5.0,0.01,0,0.0,10.11,118697.5
327,SELL,ST_FLIP_GREEN,2025-08-15T17:00:00,2025-08-15T22:00:00,short,118821.5,117209.5,100,0.1,11882.15,100.0,161.2,151.09,12691.56,0.15,1612,1.36,0,0.0,8641.43,725880.12,8.64,1188.22,0.1,10,5.0,0.01,0,0.0,10.11,118945.5
328,BUY,ST_FLIP_RED,2025-08-15T22:00:00,2025-08-15T23:00:00,long,117209.5,117333.5,100,0.1,11720.95,100.0,12.4,2.29,192.36,0.0,124,0.11,0,0.0,8643.72,726072.48,8.64,1172.1,0.1,10,5.0,0.01,0,0.0,10.11,117085.5
329,SELL,ST_FLIP_GREEN,2025-08-15T23:00:00,2025-08-16T03:00:00,short,117333.5,117333.5,100,0.1,11733.35,100.0,0.0,-10.11,-849.24,-0.01,0,0.0,0,0.0,8633.61,725223.24,8.63,1173.34,0.1,10,5.0,0.01,0,0.0,10.11,117457.5
330,BUY,ST_FLIP_RED,2025-08-16T03:00:00,2025-08-16T04:00:00,long,117333.5,117209.5,100,0.1,11733.35,100.0,-12.4,-22.51,-1890.84,-0.02,0,0.0,124,0.11,8611.1,723332.4,8.61,1173.34,0.1,10,5.0,0.01,0,0.0,10.11,117209.5
331,SELL,ST_FLIP_GREEN,2025-08-16T04:00:00,2025-08-16T05:00:00,short,117209.5,117271.5,100,0.1,11720.95,100.0,-6.2,-16.31,-1370.04,-0.02,0,0.0,62,0.05,8594.79,721962.36,8.59,1172.1,0.1,10,5.0,0.01,0,0.0,10.11,117333.5
332,BUY,ST_FLIP_RED,2025-08-16T05:00:00,2025-08-16T10:00:00,long,117271.5,117581.5,100,0.1,11727.15,100.0,31.0,20.89,1754.76,0.02,310,0.26,0,0.0,8615.68,723717.12,8.62,1172.72,0.1,10,5.0,0.01,0,0.0,10.11,117147.5
333,SELL,ST_FLIP_GREEN,2025-08-16T10:00:00,2025-08-16T14:00:00,short,117581.5,117643.5,100,0.1,11758.15,100.0,-6.2,-16.31,-1370.04,-0.02,0,0.0,62,0.05,8599.37,722347.08,8.6,1175.82,0.1,10,5.0,0.01,0,0.0,10.11,117705.5
334,BUY,ST_FLIP_RED,2025-08-16T14:00:00,2025-08-16T15:00:00,long,117643.5,117457.5,100,0.1,11764.35,100.0,-18.6,-28.71,-2411.64,-0.03,0,0.0,186,0.16,8570.66,719935.44,8.57,1176.43,0.1,10,5.0,0.01,0,0.0,10.11,117519.5
335,SELL,ST_FLIP_GREEN,2025-08-16T15:00:00,2025-08-16T16:00:00,short,117457.5,117457.5,100,0.1,11745.75,100.0,0.0,-10.11,-849.24,-0.01,0,0.0,0,0.0,8560.55,719086.2,8.56,1174.58,0.1,10,5.0,0.01,0,0.0,10.11,117581.5
336,BUY,ST_FLIP_RED,2025-08-16T16:00:00,2025-08-17T02:00:00,long,117457.5,117519.5,100,0.1,11745.75,100.0,6.2,-3.91,-328.44,-0.0,62,0.05,0,0.0,8556.64,718757.76,8.56,1174.58,0.1,10,5.0,0.01,0,0.0,10.11,117333.5
337,SELL,ST_FLIP_GREEN,2025-08-17T02:00:00,2025-08-17T07:00:00,short,117519.5,117457.5,100,0.1,11751.95,100.0,6.2,-3.91,-328.44,-0.0,62,0.05,0,0.0,8552.73,718429.32,8.55,1175.2,0.1,10,5.0,0.01,0,0.0,10.11,117643.5
338,BUY,ST_FLIP_RED,2025-08-17T07:00:00,2025-08-17T12:00:00,long,117457.5,117891.5,100,0.1,11745.75,100.0,43.4,33.29,2796.36,0.03,434,0.37,0,0.0,8586.02,721225.68,8.59,1174.58,0.1,10,5.0,0.01,0,0.0,10.11,117333.5
339,SELL,ST_FLIP_GREEN,2025-08-17T12:00:00,2025-08-17T14:00:00,short,117891.5,118077.5,100,0.1,11789.15,100.0,-18.6,-28.71,-2411.64,-0.03,0,0.0,186,0.16,8557.31,718814.04,8.56,1178.92,0.1,10,5.0,0.01,0,0.0,10.11,118015.5
340,BUY,ST_FLIP_RED,2025-08-17T14:00:00,2025-08-17T15:00:00,long,118077.5,118139.5,100,0.1,11807.75,100.0,6.2,-3.91,-328.44,-0.0,62,0.05,0,0.0,8553.4,718485.6,8.55,1180.78,0.1,10,5.0,0.01,0,0.0,10.11,117953.5
341,SELL,ST_FLIP_GREEN,2025-08-17T15:00:00,2025-08-17T16:00:00,short,118139.5,118325.5,100,0.1,11813.95,100.0,-18.6,-28.71,-2411.64,-0.03,0,0.0,186,0.16,8524.69,716073.96,8.52,1181.39,0.1,10,5.0,0.01,0,0.0,10.11,118263.5
342,BUY,ST_FLIP_RED,2025-08-17T16:00:00,2025-08-17T17:00:00,long,118325.5,118139.5,100,0.1,11832.55,100.0,-18.6,-28.71,-2411.64,-0.03,0,0.0,186,0.16,8495.98,713662.32,8.5,1183.26,0.1,10,5.0,0.01,0,0.0,10.11,118201.5
343,SELL,ST_FLIP_GREEN,2025-08-17T17:00:00,2025-08-18T10:00:00,short,118139.5,115535.5,100,0.1,11813.95,100.0,260.4,250.29,21024.36,0.25,2604,2.2,0,0.0,8746.27,734686.68,8.75,1181.39,0.1,10,5.0,0.01,0,0.0,10.11,118263.5
344,BUY,ST_FLIP_RED,2025-08-18T10:00:00,2025-08-18T11:00:00,long,115535.5,115349.5,100,0.1,11553.55,100.0,-18.6,-28.71,-2411.64,-0.03,0,0.0,186,0.16,8717.56,732275.04,8.72,1155.36,0.1,10,5.0,0.01,0,0.0,10.11,115411.5
345,SELL,ST_FLIP_GREEN,2025-08-18T11:00:00,2025-08-18T12:00:00,short,115349.5,115287.5,100,0.1,11534.95,100.0,6.2,-3.91,-328.44,-0.0,62,0.05,0,0.0,8713.65,731946.6,8.71,1153.5,0.1,10,5.0,0.01,0,0.0,10.11,115473.5
346,BUY,ST_FLIP_RED,2025-08-18T12:00:00,2025-08-18T14:00:00,long,115287.5,115163.5,100,0.1,11528.75,100.0,-12.4,-22.51,-1890.84,-0.02,0,0.0,124,0.11,8691.14,730055.76,8.69,1152.88,0.1,10,5.0,0.01,0,0.0,10.11,115163.5
347,SELL,ST_FLIP_GREEN,2025-08-18T14:00:00,2025-08-18T15:00:00,short,115163.5,114791.5,100,0.1,11516.35,100.0,37.2,27.09,2275.56,0.03,372,0.32,0,0.0,8718.23,732331.32,8.72,1151.63,0.1,10,5.0,0.01,0,0.0,10.11,115287.5
348,BUY,ST_FLIP_RED,2025-08-18T15:00:00,2025-08-18T19:00:00,long,114791.5,115411.5,100,0.1,11479.15,100.0,62.0,51.89,4358.76,0.05,620,0.54,0,0.0,8770.12,736690.08,8.77,1147.92,0.1,10,5.0,0.01,0,0.0,10.11,114667.5
349,SELL,ST_FLIP_GREEN,2025-08-18T19:00:00,2025-08-18T20:00:00,short,115411.5,115473.5,100,0.1,11541.15,100.0,-6.2,-16.31,-1370.04,-0.02,0,0.0,62,0.05,8753.81,735320.04,8.75,1154.12,0.1,10,5.0,0.01,0,0.0,10.11,115535.5
350,BUY,ST_FLIP_RED,2025-08-18T20:00:00,2025-08-18T23:00:00,long,115473.5,116279.5,100,0.1,11547.35,100.0,80.6,70.49,5921.16,0.07,806,0.7,0,0.0,8824.3,741241.2,8.82,1154.74,0.1,10,5.0,0.01,0,0.0,10.11,115349.5
351,SELL,ST_FLIP_GREEN,2025-08-18T23:00:00,2025-08-19T01:00:00,short,116279.5,116465.5,100,0.1,11627.95,100.0,-18.6,-28.71,-2411.64,-0.03,0,0.0,186,0.16,8795.59,738829.56,8.8,1162.8,0.1,10,5.0,0.01,0,0.0,10.11,116403.5
352,BUY,ST_FLIP_RED,2025-08-19T01:00:00,2025-08-19T04:00:00,long,116465.5,116651.5,100,0.1,11646.55,100.0,18.6,8.49,713.16,0.01,186,0.16,0,0.0,8804.08,739542.72,8.8,1164.66,0.1,10,5.0,0.01,0,0.0,10.11,116341.5
353,SELL,ST_FLIP_GREEN,2025-08-19T04:00:00,2025-08-19T06:00:00,short,116651.5,116093.5,100,0.1,11665.15,100.0,55.8,45.69,3837.96,0.05,558,0.48,0,0.0,8849.77,743380.68,8.85,1166.52,0.1,10,5.0,0.01,0,0.0,10.11,116775.5
354,BUY,ST_FLIP_RED,2025-08-19T06:00:00,2025-08-19T07:00:00,long,116093.5,116031.5,100,0.1,11609.35,100.0,-6.2,-16.31,-1370.04,-0.02,0,0.0,62,0.05,8833.46,742010.64,8.83,1160.93,0.1,10,5.0,0.01,0,0.0,10.11,115969.5
355,SELL,ST_FLIP_GREEN,2025-08-19T07:00:00,2025-08-19T10:00:00,short,116031.5,115101.5,100,0.1,11603.15,100.0,93.0,82.89,6962.76,0.08,930,0.8,0,0.0,8916.35,748973.4,8.92,1160.32,0.1,10,5.0,0.01,0,0.0,10.11,116155.5
356,BUY,ST_FLIP_RED,2025-08-19T10:00:00,2025-08-19T11:00:00,long,115101.5,115163.5,100,0.1,11510.15,100.0,6.2,-3.91,-328.44,-0.0,62,0.05,0,0.0,8912.44,748644.96,8.91,1151.02,0.1,10,5.0,0.01,0,0.0,10.11,114977.5
357,SELL,ST_FLIP_GREEN,2025-08-19T11:00:00,2025-08-19T13:00:00,short,115163.5,114915.5,100,0.1,11516.35,100.0,24.8,14.69,1233.96,0.01,248,0.22,0,0.0,8927.13,749878.92,8.93,1151.63,0.1,10,5.0,0.01,0,0.0,10.11,115287.5
358,BUY,ST_FLIP_RED,2025-08-19T13:00:00,2025-08-19T19:00:00,long,114915.5,115473.5,100,0.1,11491.55,100.0,55.8,45.69,3837.96,0.05,558,0.49,0,0.0,8972.82,753716.88,8.97,1149.16,0.1,10,5.0,0.01,0,0.0,10.11,114791.5
359,SELL,ST_FLIP_GREEN,2025-08-19T19:00:00,2025-08-20T02:00:00,short,115473.5,113427.5,100,0.1,11547.35,100.0,204.6,194.49,16337.16,0.19,2046,1.77,0,0.0,9167.31,770054.04,9.17,1154.74,0.1,10,5.0,0.01,0,0.0,10.11,115597.5
360,BUY,ST_FLIP_RED,2025-08-20T02:00:00,2025-08-20T03:00:00,long,113427.5,113303.5,100,0.1,11342.75,100.0,-12.4,-22.51,-1890.84,-0.02,0,0.0,124,0.11,9144.8,768163.2,9.14,1134.28,0.1,10,5.0,0.01,0,0.0,10.11,113303.5
361,SELL,ST_FLIP_GREEN,2025-08-20T03:00:00,2025-08-20T07:00:00,short,113303.5,113117.5,100,0.1,11330.35,100.0,18.6,8.49,713.16,0.01,186,0.16,0,0.0,9153.29,768876.36,9.15,1133.04,0.1,10,5.0,0.01,0,0.0,10.11,113427.5
362,BUY,ST_FLIP_RED,2025-08-20T07:00:00,2025-08-20T15:00:00,long,113117.5,113613.5,100,0.1,11311.75,100.0,49.6,39.49,3317.16,0.04,496,0.44,0,0.0,9192.78,772193.52,9.19,1131.17,0.1,10,5.0,0.01,0,0.0,10.11,112993.5
363,SELL,ST_FLIP_GREEN,2025-08-20T15:00:00,2025-08-20T17:00:00,short,113613.5,113613.5,100,0.1,11361.35,100.0,0.0,-10.11,-849.24,-0.01,0,0.0,0,0.0,9182.67,771344.28,9.18,1136.13,0.1,10,5.0,0.01,0,0.0,10.11,113737.5
364,BUY,ST_FLIP_RED,2025-08-20T17:00:00,2025-08-20T18:00:00,long,113613.5,113551.5,100,0.1,11361.35,100.0,-6.2,-16.31,-1370.04,-0.02,0,0.0,62,0.05,9166.36,769974.24,9.17,1136.13,0.1,10,5.0,0.01,0,0.0,10.11,113489.5
365,SELL,ST_FLIP_GREEN,2025-08-20T18:00:00,2025-08-20T20:00:00,short,113551.5,113303.5,100,0.1,11355.15,100.0,24.8,14.69,1233.96,0.01,248,0.22,0,0.0,9181.05,771208.2,9.18,1135.52,0.1,10,5.0,0.01,0,0.0,10.11,113675.5
366,BUY,ST_FLIP_RED,2025-08-20T20:00:00,2025-08-20T22:00:00,long,113303.5,114109.5,100,0.1,11330.35,100.0,80.6,70.49,5921.16,0.07,806,0.71,0,0.0,9251.54,777129.36,9.25,1133.04,0.1,10,5.0,0.01,0,0.0,10.11,113179.5
367,SELL,ST_FLIP_GREEN,2025-08-20T22:00:00,2025-08-21T00:00:00,short,114109.5,113489.5,100,0.1,11410.95,100.0,62.0,51.89,4358.76,0.05,620,0.54,0,0.0,9303.43,781488.12,9.3,1141.1,0.1,10,5.0,0.01,0,0.0,10.11,114233.5
368,BUY,ST_FLIP_RED,2025-08-21T00:00:00,2025-08-21T05:00:00,long,113489.5,114109.5,100,0.1,11348.95,100.0,62.0,51.89,4358.76,0.05,620,0.55,0,0.0,9355.32,785846.88,9.36,1134.89,0.1,10,5.0,0.01,0,0.0,10.11,113365.5
369,SELL,ST_FLIP_GREEN,2025-08-21T05:00:00,2025-08-21T08:00:00,short,114109.5,114171.5,100,0.1,11410.95,100.0,-6.2,-16.31,-1370.04,-0.02,0,0.0,62,0.05,9339.01,784476.84,9.34,1141.1,0.1,10,5.0,0.01,0,0.0,10.11,114233.5
370,BUY,ST_FLIP_RED,2025-08-21T08:00:00,2025-08-21T09:00:00,long,114171.5,114047.5,100,0.1,11417.15,100.0,-12.4,-22.51,-1890.84,-0.02,0,0.0,124,0.11,9316.5,782586.0,9.32,1141.72,0.1,10,5.0,0.01,0,0.0,10.11,114047.5
371,SELL,ST_FLIP_GREEN,2025-08-21T09:00:00,2025-08-21T19:00:00,short,114047.5,113427.5,100,0.1,11404.75,100.0,62.0,51.89,4358.76,0.05,620,0.54,0,0.0,9368.39,786944.76,9.37,1140.47,0.1,10,5.0,0.01,0,0.0,10.11,114171.5
372,BUY,ST_FLIP_RED,2025-08-21T19:00:00,2025-08-21T20:00:00,long,113427.5,113551.5,100,0.1,11342.75,100.0,12.4,2.29,192.36,0.0,124,0.11,0,0.0,9370.68,787137.12,9.37,1134.28,0.1,10,5.0,0.01,0,0.0,10.11,113303.5
373,SELL,ST_FLIP_GREEN,2025-08-21T20:00:00,2025-08-21T23:00:00,short,113551.5,112435.5,100,0.1,11355.15,100.0,111.6,101.49,8525.16,0.1,1116,0.98,0,0.0,9472.17,795662.28,9.47,1135.52,0.1,10,5.0,0.01,0,0.0,10.11,113675.5
374,BUY,ST_FLIP_RED,2025-08-21T23:00:00,2025-08-22T00:00:00,long,112435.5,112311.5,100,0.1,11243.55,100.0,-12.4,-22.51,-1890.84,-0.02,0,0.0,124,0.11,9449.66,793771.44,9.45,1124.36,0.1,10,5.0,0.01,0,0.0,10.11,112311.5
375,SELL,ST_FLIP_GREEN,2025-08-22T00:00:00,2025-08-22T01:00:00,short,112311.5,112373.5,100,0.1,11231.15,100.0,-6.2,-16.31,-1370.04,-0.02,0,0.0,62,0.06,9433.35,792401.4,9.43,1123.12,0.1,10,5.0,0.01,0,0.0,10.11,112435.5
376,BUY,ST_FLIP_RED,2025-08-22T01:00:00,2025-08-22T04:00:00,long,112373.5,112373.5,100,0.1,11237.35,100.0,0.0,-10.11,-849.24,-0.01,0,0.0,0,0.0,9423.24,791552.16,9.42,1123.74,0.1,10,5.0,0.01,0,0.0,10.11,112249.5
377,SELL,ST_FLIP_GREEN,2025-08-22T04:00:00,2025-08-22T05:00:00,short,112373.5,112559.5,100,0.1,11237.35,100.0,-18.6,-28.71,-2411.64,-0.03,0,0.0,186,0.17,9394.53,789140.52,9.39,1123.74,0.1,10,5.0,0.01,0,0.0,10.11,112497.5
378,BUY,ST_FLIP_RED,2025-08-22T05:00:00,2025-08-22T08:00:00,long,112559.5,113241.5,100,0.1,11255.95,100.0,68.2,58.09,4879.56,0.06,682,0.61,0,0.0,9452.62,794020.08,9.45,1125.6,0.1,10,5.0,0.01,0,0.0,10.11,112435.5
379,SELL,ST_FLIP_GREEN,2025-08-22T08:00:00,2025-08-22T11:00:00,short,113241.5,113117.5,100,0.1,11324.15,100.0,12.4,2.29,192.36,0.0,124,0.11,0,0.0,9454.91,794212.44,9.45,1132.42,0.1,10,5.0,0.01,0,0.0,10.11,113365.5
380,BUY,ST_FLIP_RED,2025-08-22T11:00:00,2025-08-22T14:00:00,long,113117.5,113055.5,100,0.1,11311.75,100.0,-6.2,-16.31,-1370.04,-0.02,0,0.0,62,0.05,9438.6,792842.4,9.44,1131.17,0.1,10,5.0,0.01,0,0.0,10.11,112993.5
381,SELL,ST_FLIP_GREEN,2025-08-22T14:00:00,2025-08-22T18:00:00,short,113055.5,112249.5,100,0.1,11305.55,100.0,80.6,70.49,5921.16,0.07,806,0.71,0,0.0,9509.09,798763.56,9.51,1130.56,0.1,10,5.0,0.01,0,0.0,10.11,113179.5
382,BUY,ST_FLIP_RED,2025-08-22T18:00:00,2025-08-22T21:00:00,long,112249.5,116465.5,100,0.1,11224.95,100.0,421.6,411.49,34565.16,0.41,4216,3.76,0,0.0,9920.58,833328.72,9.92,1122.5,0.1,10,5.0,0.01,0,0.0,10.11,112125.5
383,SELL,ST_FLIP_GREEN,2025-08-22T21:00:00,2025-08-22T22:00:00,short,116465.5,116527.5,100,0.1,11646.55,100.0,-6.2,-16.31,-1370.04,-0.02,0,0.0,62,0.05,9904.27,831958.68,9.9,1164.66,0.1,10,5.0,0.01,0,0.0,10.11,116589.5
384,BUY,ST_FLIP_RED,2025-08-22T22:00:00,2025-08-23T00:00:00,long,116527.5,116775.5,100,0.1,11652.75,100.0,24.8,14.69,1233.96,0.01,248,0.21,0,0.0,9918.96,833192.64,9.92,1165.28,0.1,10,5.0,0.01,0,0.0,10.11,116403.5
385,SELL,ST_FLIP_GREEN,2025-08-23T00:00:00,2025-08-23T01:00:00,short,116775.5,116837.5,100,0.1,11677.55,100.0,-6.2,-16.31,-1370.04,-0.02,0,0.0,62,0.05,9902.65,831822.6,9.9,1167.76,0.1,10,5.0,0.01,0,0.0,10.11,116899.5
386,BUY,ST_FLIP_RED,2025-08-23T01:00:00,2025-08-23T02:00:00,long,116837.5,116899.5,100,0.1,11683.75,100.0,6.2,-3.91,-328.44,-0.0,62,0.05,0,0.0,9898.74,831494.16,9.9,1168.38,0.1,10,5.0,0.01,0,0.0,10.11,116713.5
387,SELL,ST_FLIP_GREEN,2025-08-23T02:00:00,2025-08-23T05:00:00,short,116899.5,116837.5,100,0.1,11689.95,100.0,6.2,-3.91,-328.44,-0.0,62,0.05,0,0.0,9894.83,831165.72,9.89,1169.0,0.1,10,5.0,0.01,0,0.0,10.11,117023.5
388,BUY,ST_FLIP_RED,2025-08-23T05:00:00,2025-08-23T06:00:00,long,116837.5,116775.5,100,0.1,11683.75,100.0,-6.2,-16.31,-1370.04,-0.02,0,0.0,62,0.05,9878.52,829795.68,9.88,1168.38,0.1,10,5.0,0.01,0,0.0,10.11,116713.5
389,SELL,ST_FLIP_GREEN,2025-08-23T06:00:00,2025-08-23T10:00:00,short,116775.5,115907.5,100,0.1,11677.55,100.0,86.8,76.69,6441.96,0.08,868,0.74,0,0.0,9955.21,836237.64,9.96,1167.76,0.1,10,5.0,0.01,0,0.0,10.11,116899.5
390,BUY,ST_FLIP_RED,2025-08-23T10:00:00,2025-08-23T11:00:00,long,115907.5,115783.5,100,0.1,11590.75,100.0,-12.4,-22.51,-1890.84,-0.02,0,0.0,124,0.11,9932.7,834346.8,9.93,1159.08,0.1,10,5.0,0.01,0,0.0,10.11,115783.5
391,SELL,ST_FLIP_GREEN,2025-08-23T11:00:00,2025-08-23T23:00:00,short,115783.5,115039.5,100,0.1,11578.35,100.0,74.4,64.29,5400.36,0.06,744,0.64,0,0.0,9996.99,839747.16,10.0,1157.84,0.1,10,5.0,0.01,0,0.0,10.11,115907.5
392,BUY,ST_FLIP_RED,2025-08-23T23:00:00,2025-08-24T02:00:00,long,115039.5,114977.5,100,0.1,11503.95,100.0,-6.2,-16.31,-1370.04,-0.02,0,0.0,62,0.05,9980.68,838377.12,9.98,1150.39,0.1,10,5.0,0.01,0,0.0,10.11,114915.5
393,SELL,ST_FLIP_GREEN,2025-08-24T02:00:00,2025-08-24T03:00:00,short,114977.5,115163.5,100,0.1,11497.75,100.0,-18.6,-28.71,-2411.64,-0.03,0,0.0,186,0.16,9951.97,835965.48,9.95,1149.78,0.1,10,5.0,0.01,0,0.0,10.11,115101.5
394,BUY,ST_FLIP_RED,2025-08-24T03:00:00,2025-08-24T08:00:00,long,115163.5,115287.5,100,0.1,11516.35,100.0,12.4,2.29,192.36,0.0,124,0.11,0,0.0,9954.26,836157.84,9.95,1151.63,0.1,10,5.0,0.01,0,0.0,10.11,115039.5
395,SELL,ST_FLIP_GREEN,2025-08-24T08:00:00,2025-08-24T09:00:00,short,115287.5,115101.5,100,0.1,11528.75,100.0,18.6,8.49,713.16,0.01,186,0.16,0,0.0,9962.75,836871.0,9.96,1152.88,0.1,10,5.0,0.01,0,0.0,10.11,115411.5
396,BUY,ST_FLIP_RED,2025-08-24T09:00:00,2025-08-24T10:00:00,long,115101.5,115039.5,100,0.1,11510.15,100.0,-6.2,-16.31,-1370.04,-0.02,0,0.0,62,0.05,9946.44,835500.96,9.95,1151.02,0.1,10,5.0,0.01,0,0.0,10.11,114977.5
397,SELL,ST_FLIP_GREEN,2025-08-24T10:00:00,2025-08-24T20:00:00,short,115039.5,114667.5,100,0.1,11503.95,100.0,37.2,27.09,2275.56,0.03,372,0.32,0,0.0,9973.53,837776.52,9.97,1150.39,0.1,10,5.0,0.01,0,0.0,10.11,115163.5
398,BUY,ST_FLIP_RED,2025-08-24T20:00:00,2025-08-24T21:00:00,long,114667.5,114481.5,100,0.1,11466.75,100.0,-18.6,-28.71,-2411.64,-0.03,0,0.0,186,0.16,9944.82,835364.88,9.94,1146.67,0.1,10,5.0,0.01,0,0.0,10.11,114543.5
399,SELL,ST_FLIP_GREEN,2025-08-24T21:00:00,2025-08-24T23:00:00,short,114481.5,114481.5,100,0.1,11448.15,100.0,0.0,-10.11,-849.24,-0.01,0,0.0,0,0.0,9934.71,834515.64,9.93,1144.82,0.1,10,5.0,0.01,0,0.0,10.11,114605.5
400,BUY,ST_FLIP_RED,2025-08-24T23:00:00,2025-08-25T01:00:00,long,114481.5,114481.5,100,0.1,11448.15,100.0,0.0,-10.11,-849.24,-0.01,0,0.0,0,0.0,9924.6,833666.4,9.92,1144.82,0.1,10,5.0,0.01,0,0.0,10.11,114357.5
401,SELL,ST_FLIP_GREEN,2025-08-25T01:00:00,2025-08-25T04:00:00,short,114481.5,112807.5,100,0.1,11448.15,100.0,167.4,157.29,13212.36,0.16,1674,1.46,0,0.0,10081.89,846878.76,10.08,1144.82,0.1,10,5.0,0.01,0,0.0,10.11,114605.5
402,BUY,ST_FLIP_RED,2025-08-25T04:00:00,2025-08-25T05:00:00,long,112807.5,113427.5,100,0.1,11280.75,100.0,62.0,51.89,4358.76,0.05,620,0.55,0,0.0,10133.78,851237.52,10.13,1128.08,0.1,10,5.0,0.01,0,0.0,10.11,112683.5
403,SELL,ST_FLIP_GREEN,2025-08-25T05:00:00,2025-08-25T07:00:00,short,113427.5,113179.5,100,0.1,11342.75,100.0,24.8,14.69,1233.96,0.01,248,0.22,0,0.0,10148.47,852471.48,10.15,1134.28,0.1,10,5.0,0.01,0,0.0,10.11,113551.5
404,BUY,ST_FLIP_RED,2025-08-25T07:00:00,2025-08-25T09:00:00,long,113179.5,113241.5,100,0.1,11317.95,100.0,6.2,-3.91,-328.44,-0.0,62,0.05,0,0.0,10144.56,852143.04,10.14,1131.8,0.1,10,5.0,0.01,0,0.0,10.11,113055.5
405,SELL,ST_FLIP_GREEN,2025-08-25T09:00:00,2025-08-25T17:00:00,short,113241.5,111257.5,100,0.1,11324.15,100.0,198.4,188.29,15816.36,0.19,1984,1.75,0,0.0,10332.85,867959.4,10.33,1132.42,0.1,10,5.0,0.01,0,0.0,10.11,113365.5
406,BUY,ST_FLIP_RED,2025-08-25T17:00:00,2025-08-25T23:00:00,long,111257.5,112497.5,100,0.1,11125.75,100.0,124.0,113.89,9566.76,0.11,1240,1.11,0,0.0,10446.74,877526.16,10.45,1112.58,0.1,10,5.0,0.01,0,0.0,10.11,111133.5
407,SELL,ST_FLIP_GREEN,2025-08-25T23:00:00,2025-08-26T03:00:00,short,112497.5,109707.5,100,0.1,11249.75,100.0,279.0,268.89,22586.76,0.27,2790,2.48,0,0.0,10715.63,900112.92,10.72,1124.97,0.1,10,5.0,0.01,0,0.0,10.11,112621.5
408,BUY,ST_FLIP_RED,2025-08-26T03:00:00,2025-08-26T04:00:00,long,109707.5,110203.5,100,0.1,10970.75,100.0,49.6,39.49,3317.16,0.04,496,0.45,0,0.0,10755.12,903430.08,10.76,1097.08,0.1,10,5.0,0.01,0,0.0,10.11,109583.5
409,SELL,ST_FLIP_GREEN,2025-08-26T04:00:00,2025-08-26T07:00:00,short,110203.5,109831.5,100,0.1,11020.35,100.0,37.2,27.09,2275.56,0.03,372,0.34,0,0.0,10782.21,905705.64,10.78,1102.04,0.1,10,5.0,0.01,0,0.0,10.11,110327.5
410,BUY,ST_FLIP_RED,2025-08-26T07:00:00,2025-08-26T12:00:00,long,109831.5,109893.5,100,0.1,10983.15,100.0,6.2,-3.91,-328.44,-0.0,62,0.06,0,0.0,10778.3,905377.2,10.78,1098.32,0.1,10,5.0,0.01,0,0.0,10.11,109707.5
411,SELL,ST_FLIP_GREEN,2025-08-26T12:00:00,2025-08-26T13:00:00,short,109893.5,110079.5,100,0.1,10989.35,100.0,-18.6,-28.71,-2411.64,-0.03,0,0.0,186,0.17,10749.59,902965.56,10.75,1098.93,0.1,10,5.0,0.01,0,0.0,10.11,110017.5
412,BUY,ST_FLIP_RED,2025-08-26T13:00:00,2025-08-26T16:00:00,long,110079.5,110079.5,100,0.1,11007.95,100.0,0.0,-10.11,-849.24,-0.01,0,0.0,0,0.0,10739.48,902116.32,10.74,1100.8,0.1,10,5.0,0.01,0,0.0,10.11,109955.5
413,SELL,ST_FLIP_GREEN,2025-08-26T16:00:00,2025-08-26T19:00:00,short,110079.5,109893.5,100,0.1,11007.95,100.0,18.6,8.49,713.16,0.01,186,0.17,0,0.0,10747.97,902829.48,10.75,1100.8,0.1,10,5.0,0.01,0,0.0,10.11,110203.5
414,BUY,ST_FLIP_RED,2025-08-26T19:00:00,2025-08-26T20:00:00,long,109893.5,110017.5,100,0.1,10989.35,100.0,12.4,2.29,192.36,0.0,124,0.11,0,0.0,10750.26,903021.84,10.75,1098.93,0.1,10,5.0,0.01,0,0.0,10.11,109769.5
415,SELL,ST_FLIP_GREEN,2025-08-26T20:00:00,2025-08-26T23:00:00,short,110017.5,109955.5,100,0.1,11001.75,100.0,6.2,-3.91,-328.44,-0.0,62,0.06,0,0.0,10746.35,902693.4,10.75,1100.17,0.1,10,5.0,0.01,0,0.0,10.11,110141.5
416,BUY,ST_FLIP_RED,2025-08-26T23:00:00,2025-08-27T05:00:00,long,109955.5,111691.5,100,0.1,10995.55,100.0,173.6,163.49,13733.16,0.16,1736,1.58,0,0.0,10909.84,916426.56,10.91,1099.56,0.1,10,5.0,0.01,0,0.0,10.11,109831.5
417,SELL,ST_FLIP_GREEN,2025-08-27T05:00:00,2025-08-27T09:00:00,short,111691.5,111133.5,100,0.1,11169.15,100.0,55.8,45.69,3837.96,0.05,558,0.5,0,0.0,10955.53,920264.52,10.96,1116.92,0.1,10,5.0,0.01,0,0.0,10.11,111815.5
418,BUY,ST_FLIP_RED,2025-08-27T09:00:00,2025-08-27T11:00:00,long,111133.5,111257.5,100,0.1,11113.35,100.0,12.4,2.29,192.36,0.0,124,0.11,0,0.0,10957.82,920456.88,10.96,1111.34,0.1,10,5.0,0.01,0,0.0,10.11,111009.5
419,SELL,ST_FLIP_GREEN,2025-08-27T11:00:00,2025-08-27T14:00:00,short,111257.5,110761.5,100,0.1,11125.75,100.0,49.6,39.49,3317.16,0.04,496,0.45,0,0.0,10997.31,923774.04,11.0,1112.58,0.1,10,5.0,0.01,0,0.0,10.11,111381.5
420,BUY,ST_FLIP_RED,2025-08-27T14:00:00,2025-08-27T20:00:00,long,110761.5,111939.5,100,0.1,11076.15,100.0,117.8,107.69,9045.96,0.11,1178,1.06,0,0.0,11105.0,932820.0,11.11,1107.62,0.1,10,5.0,0.01,0,0.0,10.11,110637.5
421,SELL,ST_FLIP_GREEN,2025-08-27T20:00:00,2025-08-27T22:00:00,short,111939.5,111877.5,100,0.1,11193.95,100.0,6.2,-3.91,-328.44,-0.0,62,0.06,0,0.0,11101.09,932491.56,11.1,1119.39,0.1,10,5.0,0.01,0,0.0,10.11,112063.5
422,BUY,ST_FLIP_RED,2025-08-27T22:00:00,2025-08-28T00:00:00,long,111877.5,112187.5,100,0.1,11187.75,100.0,31.0,20.89,1754.76,0.02,310,0.28,0,0.0,11121.98,934246.32,11.12,1118.78,0.1,10,5.0,0.01,0,0.0,10.11,111753.5
423,SELL,ST_FLIP_GREEN,2025-08-28T00:00:00,2025-08-28T06:00:00,short,112187.5,111319.5,100,0.1,11218.75,100.0,86.8,76.69,6441.96,0.08,868,0.77,0,0.0,11198.67,940688.28,11.2,1121.88,0.1,10,5.0,0.01,0,0.0,10.11,112311.5
424,BUY,ST_FLIP_RED,2025-08-28T06:00:00,2025-08-28T14:00:00,long,111319.5,112931.5,100,0.1,11131.95,100.0,161.2,151.09,12691.56,0.15,1612,1.45,0,0.0,11349.76,953379.84,11.35,1113.2,0.1,10,5.0,0.01,0,0.0,10.11,111195.5
425,SELL,ST_FLIP_GREEN,2025-08-28T14:00:00,2025-08-28T18:00:00,short,112931.5,113055.5,100,0.1,11293.15,100.0,-12.4,-22.51,-1890.84,-0.02,0,0.0,124,0.11,11327.25,951489.0,11.33,1129.32,0.1,10,5.0,0.01,0,0.0,10.11,113055.5
426,BUY,ST_FLIP_RED,2025-08-28T18:00:00,2025-08-28T19:00:00,long,113055.5,112869.5,100,0.1,11305.55,100.0,-18.6,-28.71,-2411.64,-0.03,0,0.0,186,0.16,11298.54,949077.36,11.3,1130.56,0.1,10,5.0,0.01,0,0.0,10.11,112931.5
427,SELL,ST_FLIP_GREEN,2025-08-28T19:00:00,2025-08-28T21:00:00,short,112869.5,112745.5,100,0.1,11286.95,100.0,12.4,2.29,192.36,0.0,124,0.11,0,0.0,11300.83,949269.72,11.3,1128.7,0.1,10,5.0,0.01,0,0.0,10.11,112993.5
428,BUY,ST_FLIP_RED,2025-08-28T21:00:00,2025-08-28T22:00:00,long,112745.5,112807.5,100,0.1,11274.55,100.0,6.2,-3.91,-328.44,-0.0,62,0.05,0,0.0,11296.92,948941.28,11.3,1127.46,0.1,10,5.0,0.01,0,0.0,10.11,112621.5
429,SELL,ST_FLIP_GREEN,2025-08-28T22:00:00,2025-08-28T23:00:00,short,112807.5,112621.5,100,0.1,11280.75,100.0,18.6,8.49,713.16,0.01,186,0.16,0,0.0,11305.41,949654.44,11.31,1128.08,0.1,10,5.0,0.01,0,0.0,10.11,112931.5
430,BUY,ST_FLIP_RED,2025-08-28T23:00:00,2025-08-29T00:00:00,long,112621.5,112435.5,100,0.1,11262.15,100.0,-18.6,-28.71,-2411.64,-0.03,0,0.0,186,0.17,11276.7,947242.8,11.28,1126.22,0.1,10,5.0,0.01,0,0.0,10.11,112497.5
431,SELL,ST_FLIP_GREEN,2025-08-29T00:00:00,2025-08-29T03:00:00,short,112435.5,112125.5,100,0.1,11243.55,100.0,31.0,20.89,1754.76,0.02,310,0.28,0,0.0,11297.59,948997.56,11.3,1124.36,0.1,10,5.0,0.01,0,0.0,10.11,112559.5
432,BUY,ST_FLIP_RED,2025-08-29T03:00:00,2025-08-29T06:00:00,long,112125.5,112373.5,100,0.1,11212.55,100.0,24.8,14.69,1233.96,0.01,248,0.22,0,0.0,11312.28,950231.52,11.31,1121.26,0.1,10,5.0,0.01,0,0.0,10.11,112001.5
433,SELL,ST_FLIP_GREEN,2025-08-29T06:00:00,2025-08-29T08:00:00,short,112373.5,111629.5,100,0.1,11237.35,100.0,74.4,64.29,5400.36,0.06,744,0.66,0,0.0,11376.57,955631.88,11.38,1123.74,0.1,10,5.0,0.01,0,0.0,10.11,112497.5
434,BUY,ST_FLIP_RED,2025-08-29T08:00:00,2025-08-29T10:00:00,long,111629.5,111443.5,100,0.1,11162.95,100.0,-18.6,-28.71,-2411.64,-0.03,0,0.0,186,0.17,11347.86,953220.24,11.35,1116.3,0.1,10,5.0,0.01,0,0.0,10.11,111505.5
435,SELL,ST_FLIP_GREEN,2025-08-29T10:00:00,2025-08-29T15:00:00,short,111443.5,109955.5,100,0.1,11144.35,100.0,148.8,138.69,11649.96,0.14,1488,1.34,0,0.0,11486.55,964870.2,11.49,1114.43,0.1,10,5.0,0.01,0,0.0,10.11,111567.5
436,BUY,ST_FLIP_RED,2025-08-29T15:00:00,2025-08-29T19:00:00,long,109955.5,110265.5,100,0.1,10995.55,100.0,31.0,20.89,1754.76,0.02,310,0.28,0,0.0,11507.44,966624.96,11.51,1099.56,0.1,10,5.0,0.01,0,0.0,10.11,109831.5
437,SELL,ST_FLIP_GREEN,2025-08-29T19:00:00,2025-08-30T00:00:00,short,110265.5,108343.5,100,0.1,11026.55,100.0,192.2,182.09,15295.56,0.18,1922,1.74,0,0.0,11689.53,981920.52,11.69,1102.66,0.1,10,5.0,0.01,0,0.0,10.11,110389.5
438,BUY,ST_FLIP_RED,2025-08-30T00:00:00,2025-08-30T01:00:00,long,108343.5,108467.5,100,0.1,10834.35,100.0,12.4,2.29,192.36,0.0,124,0.11,0,0.0,11691.82,982112.88,11.69,1083.43,0.1,10,5.0,0.01,0,0.0,10.11,108219.5
439,SELL,ST_FLIP_GREEN,2025-08-30T01:00:00,2025-08-30T03:00:00,short,108467.5,108095.5,100,0.1,10846.75,100.0,37.2,27.09,2275.56,0.03,372,0.34,0,0.0,11718.91,984388.44,11.72,1084.67,0.1,10,5.0,0.01,0,0.0,10.11,108591.5
440,BUY,ST_FLIP_RED,2025-08-30T03:00:00,2025-08-30T05:00:00,long,108095.5,108219.5,100,0.1,10809.55,100.0,12.4,2.29,192.36,0.0,124,0.11,0,0.0,11721.2,984580.8,11.72,1080.96,0.1,10,5.0,0.01,0,0.0,10.11,107971.5
441,SELL,ST_FLIP_GREEN,2025-08-30T05:00:00,2025-08-30T08:00:00,short,108219.5,108033.5,100,0.1,10821.95,100.0,18.6,8.49,713.16,0.01,186,0.17,0,0.0,11729.69,985293.96,11.73,1082.2,0.1,10,5.0,0.01,0,0.0,10.11,108343.5
442,BUY,ST_FLIP_RED,2025-08-30T08:00:00,2025-08-30T10:00:00,long,108033.5,108405.5,100,0.1,10803.35,100.0,37.2,27.09,2275.56,0.03,372,0.34,0,0.0,11756.78,987569.52,11.76,1080.34,0.1,10,5.0,0.01,0,0.0,10.11,107909.5
443,SELL,ST_FLIP_GREEN,2025-08-30T10:00:00,2025-08-30T13:00:00,short,108405.5,108343.5,100,0.1,10840.55,100.0,6.2,-3.91,-328.44,-0.0,62,0.06,0,0.0,11752.87,987241.08,11.75,1084.06,0.1,10,5.0,0.01,0,0.0,10.11,108529.5
444,BUY,ST_FLIP_RED,2025-08-30T13:00:00,2025-08-30T14:00:00,long,108343.5,108529.5,100,0.1,10834.35,100.0,18.6,8.49,713.16,0.01,186,0.17,0,0.0,11761.36,987954.24,11.76,1083.43,0.1,10,5.0,0.01,0,0.0,10.11,108219.5
445,SELL,ST_FLIP_GREEN,2025-08-30T14:00:00,2025-08-30T15:00:00,short,108529.5,108653.5,100,0.1,10852.95,100.0,-12.4,-22.51,-1890.84,-0.02,0,0.0,124,0.11,11738.85,986063.4,11.74,1085.3,0.1,10,5.0,0.01,0,0.0,10.11,108653.5
446,BUY,ST_FLIP_RED,2025-08-30T15:00:00,2025-08-30T16:00:00,long,108653.5,108529.5,100,0.1,10865.35,100.0,-12.4,-22.51,-1890.84,-0.02,0,0.0,124,0.11,11716.34,984172.56,11.72,1086.54,0.1,10,5.0,0.01,0,0.0,10.11,108529.5
447,SELL,ST_FLIP_GREEN,2025-08-30T16:00:00,2025-08-30T20:00:00,short,108529.5,108591.5,100,0.1,10852.95,100.0,-6.2,-16.31,-1370.04,-0.02,0,0.0,62,0.06,11700.03,982802.52,11.7,1085.3,0.1,10,5.0,0.01,0,0.0,10.11,108653.5
448,BUY,ST_FLIP_RED,2025-08-30T20:00:00,2025-08-31T02:00:00,long,108591.5,108591.5,100,0.1,10859.15,100.0,0.0,-10.11,-849.24,-0.01,0,0.0,0,0.0,11689.92,981953.28,11.69,1085.92,0.1,10,5.0,0.01,0,0.0,10.11,108467.5
449,SELL,ST_FLIP_GREEN,2025-08-31T02:00:00,2025-08-31T04:00:00,short,108591.5,108715.5,100,0.1,10859.15,100.0,-12.4,-22.51,-1890.84,-0.02,0,0.0,124,0.11,11667.41,980062.44,11.67,1085.92,0.1,10,5.0,0.01,0,0.0,10.11,108715.5
450,BUY,ST_FLIP_RED,2025-08-31T04:00:00,2025-08-31T09:00:00,long,108715.5,109087.5,100,0.1,10871.55,100.0,37.2,27.09,2275.56,0.03,372,0.34,0,0.0,11694.5,982338.0,11.69,1087.16,0.1,10,5.0,0.01,0,0.0,10.11,108591.5
451,SELL,ST_FLIP_GREEN,2025-08-31T09:00:00,2025-08-31T13:00:00,short,109087.5,108777.5,100,0.1,10908.75,100.0,31.0,20.89,1754.76,0.02,310,0.28,0,0.0,11715.39,984092.76,11.72,1090.88,0.1,10,5.0,0.01,0,0.0,10.11,109211.5
452,BUY,ST_FLIP_RED,2025-08-31T13:00:00,2025-08-31T15:00:00,long,108777.5,108715.5,100,0.1,10877.75,100.0,-6.2,-16.31,-1370.04,-0.02,0,0.0,62,0.06,11699.08,982722.72,11.7,1087.78,0.1,10,5.0,0.01,0,0.0,10.11,108653.5
453,SELL,ST_FLIP_GREEN,2025-08-31T15:00:00,2025-08-31T20:00:00,short,108715.5,108467.5,100,0.1,10871.55,100.0,24.8,14.69,1233.96,0.01,248,0.23,0,0.0,11713.77,983956.68,11.71,1087.16,0.1,10,5.0,0.01,0,0.0,10.11,108839.5
454,BUY,ST_FLIP_RED,2025-08-31T20:00:00,2025-09-01T04:00:00,long,108467.5,108901.5,100,0.1,10846.75,100.0,43.4,33.29,2796.36,0.03,434,0.4,0,0.0,11747.06,986753.04,11.75,1084.67,0.1,10,5.0,0.01,0,0.0,10.11,108343.5
455,SELL,ST_FLIP_GREEN,2025-09-01T04:00:00,2025-09-01T06:00:00,short,108901.5,108033.5,100,0.1,10890.15,100.0,86.8,76.69,6441.96,0.08,868,0.8,0,0.0,11823.75,993195.0,11.82,1089.02,0.1,10,5.0,0.01,0,0.0,10.11,109025.5
456,BUY,ST_FLIP_RED,2025-09-01T06:00:00,2025-09-01T07:00:00,long,108033.5,108033.5,100,0.1,10803.35,100.0,0.0,-10.11,-849.24,-0.01,0,0.0,0,0.0,11813.64,992345.76,11.81,1080.34,0.1,10,5.0,0.01,0,0.0,10.11,107909.5
457,SELL,ST_FLIP_GREEN,2025-09-01T07:00:00,2025-09-01T10:00:00,short,108033.5,107661.5,100,0.1,10803.35,100.0,37.2,27.09,2275.56,0.03,372,0.34,0,0.0,11840.73,994621.32,11.84,1080.34,0.1,10,5.0,0.01,0,0.0,10.11,108157.5
458,BUY,ST_FLIP_RED,2025-09-01T10:00:00,2025-09-01T15:00:00,long,107661.5,109459.5,100,0.1,10766.15,100.0,179.8,169.69,14253.96,0.17,1798,1.67,0,0.0,12010.42,1008875.28,12.01,1076.62,0.1,10,5.0,0.01,0,0.0,10.11,107537.5
459,SELL,ST_FLIP_GREEN,2025-09-01T15:00:00,2025-09-01T17:00:00,short,109459.5,108839.5,100,0.1,10945.95,100.0,62.0,51.89,4358.76,0.05,620,0.57,0,0.0,12062.31,1013234.04,12.06,1094.6,0.1,10,5.0,0.01,0,0.0,10.11,109583.5
460,BUY,ST_FLIP_RED,2025-09-01T17:00:00,2025-09-01T19:00:00,long,108839.5,109211.5,100,0.1,10883.95,100.0,37.2,27.09,2275.56,0.03,372,0.34,0,0.0,12089.4,1015509.6,12.09,1088.39,0.1,10,5.0,0.01,0,0.0,10.11,108715.5
461,SELL,ST_FLIP_GREEN,2025-09-01T19:00:00,2025-09-01T21:00:00,short,109211.5,108901.5,100,0.1,10921.15,100.0,31.0,20.89,1754.76,0.02,310,0.28,0,0.0,12110.29,1017264.36,12.11,1092.12,0.1,10,5.0,0.01,0,0.0,10.11,109335.5
462,BUY,ST_FLIP_RED,2025-09-01T21:00:00,2025-09-01T22:00:00,long,108901.5,108715.5,100,0.1,10890.15,100.0,-18.6,-28.71,-2411.64,-0.03,0,0.0,186,0.17,12081.58,1014852.72,12.08,1089.02,0.1,10,5.0,0.01,0,0.0,10.11,108777.5
463,SELL,ST_FLIP_GREEN,2025-09-01T22:00:00,2025-09-01T23:00:00,short,108715.5,108777.5,100,0.1,10871.55,100.0,-6.2,-16.31,-1370.04,-0.02,0,0.0,62,0.06,12065.27,1013482.68,12.07,1087.16,0.1,10,5.0,0.01,0,0.0,10.11,108839.5
464,BUY,ST_FLIP_RED,2025-09-01T23:00:00,2025-09-02T02:00:00,long,108777.5,108963.5,100,0.1,10877.75,100.0,18.6,8.49,713.16,0.01,186,0.17,0,0.0,12073.76,1014195.84,12.07,1087.78,0.1,10,5.0,0.01,0,0.0,10.11,108653.5
465,SELL,ST_FLIP_GREEN,2025-09-02T02:00:00,2025-09-02T04:00:00,short,108963.5,108219.5,100,0.1,10896.35,100.0,74.4,64.29,5400.36,0.06,744,0.68,0,0.0,12138.05,1019596.2,12.14,1089.63,0.1,10,5.0,0.01,0,0.0,10.11,109087.5
466,BUY,ST_FLIP_RED,2025-09-02T04:00:00,2025-09-02T10:00:00,long,108219.5,110079.5,100,0.1,10821.95,100.0,186.0,175.89,14774.76,0.18,1860,1.72,0,0.0,12313.94,1034370.96,12.31,1082.2,0.1,10,5.0,0.01,0,0.0,10.11,108095.5
467,SELL,ST_FLIP_GREEN,2025-09-02T10:00:00,2025-09-02T11:00:00,short,110079.5,110265.5,100,0.1,11007.95,100.0,-18.6,-28.71,-2411.64,-0.03,0,0.0,186,0.17,12285.23,1031959.32,12.29,1100.8,0.1,10,5.0,0.01,0,0.0,10.11,110203.5
468,BUY,ST_FLIP_RED,2025-09-02T11:00:00,2025-09-02T12:00:00,long,110265.5,110265.5,100,0.1,11026.55,100.0,0.0,-10.11,-849.24,-0.01,0,0.0,0,0.0,12275.12,1031110.08,12.28,1102.66,0.1,10,5.0,0.01,0,0.0,10.11,110141.5
469,SELL,ST_FLIP_GREEN,2025-09-02T12:00:00,2025-09-02T19:00:00,short,110265.5,109583.5,100,0.1,11026.55,100.0,68.2,58.09,4879.56,0.06,682,0.62,0,0.0,12333.21,1035989.64,12.33,1102.66,0.1,10,5.0,0.01,0,0.0,10.11,110389.5
470,BUY,ST_FLIP_RED,2025-09-02T19:00:00,2025-09-02T20:00:00,long,109583.5,111257.5,100,0.1,10958.35,100.0,167.4,157.29,13212.36,0.16,1674,1.53,0,0.0,12490.5,1049202.0,12.49,1095.84,0.1,10,5.0,0.01,0,0.0,10.11,109459.5
471,SELL,ST_FLIP_GREEN,2025-09-02T20:00:00,2025-09-02T22:00:00,short,111257.5,110699.5,100,0.1,11125.75,100.0,55.8,45.69,3837.96,0.05,558,0.5,0,0.0,12536.19,1053039.96,12.54,1112.58,0.1,10,5.0,0.01,0,0.0,10.11,111381.5
472,BUY,ST_FLIP_RED,2025-09-02T22:00:00,2025-09-02T23:00:00,long,110699.5,110699.5,100,0.1,11069.95,100.0,0.0,-10.11,-849.24,-0.01,0,0.0,0,0.0,12526.08,1052190.72,12.53,1107.0,0.1,10,5.0,0.01,0,0.0,10.11,110575.5
473,SELL,ST_FLIP_GREEN,2025-09-02T23:00:00,2025-09-03T01:00:00,short,110699.5,110575.5,100,0.1,11069.95,100.0,12.4,2.29,192.36,0.0,124,0.11,0,0.0,12528.37,1052383.08,12.53,1107.0,0.1,10,5.0,0.01,0,0.0,10.11,110823.5
474,BUY,ST_FLIP_RED,2025-09-03T01:00:00,2025-09-03T03:00:00,long,110575.5,111071.5,100,0.1,11057.55,100.0,49.6,39.49,3317.16,0.04,496,0.45,0,0.0,12567.86,1055700.24,12.57,1105.76,0.1,10,5.0,0.01,0,0.0,10.11,110451.5
475,SELL,ST_FLIP_GREEN,2025-09-03T03:00:00,2025-09-03T05:00:00,short,111071.5,111195.5,100,0.1,11107.15,100.0,-12.4,-22.51,-1890.84,-0.02,0,0.0,124,0.11,12545.35,1053809.4,12.55,1110.72,0.1,10,5.0,0.01,0,0.0,10.11,111195.5
476,BUY,ST_FLIP_RED,2025-09-03T05:00:00,2025-09-03T06:00:00,long,111195.5,111443.5,100,0.1,11119.55,100.0,24.8,14.69,1233.96,0.01,248,0.22,0,0.0,12560.04,1055043.36,12.56,1111.96,0.1,10,5.0,0.01,0,0.0,10.11,111071.5
477,SELL,ST_FLIP_GREEN,2025-09-03T06:00:00,2025-09-03T07:00:00,short,111443.5,111071.5,100,0.1,11144.35,100.0,37.2,27.09,2275.56,0.03,372,0.33,0,0.0,12587.13,1057318.92,12.59,1114.43,0.1,10,5.0,0.01,0,0.0,10.11,111567.5
478,BUY,ST_FLIP_RED,2025-09-03T07:00:00,2025-09-03T08:00:00,long,111071.5,111195.5,100,0.1,11107.15,100.0,12.4,2.29,192.36,0.0,124,0.11,0,0.0,12589.42,1057511.28,12.59,1110.72,0.1,10,5.0,0.01,0,0.0,10.11,110947.5
479,SELL,ST_FLIP_GREEN,2025-09-03T08:00:00,2025-09-03T13:00:00,short,111195.5,110947.5,100,0.1,11119.55,100.0,24.8,14.69,1233.96,0.01,248,0.22,0,0.0,12604.11,1058745.24,12.6,1111.96,0.1,10,5.0,0.01,0,0.0,10.11,111319.5
480,BUY,ST_FLIP_RED,2025-09-03T13:00:00,2025-09-03T18:00:00,long,110947.5,111257.5,100,0.1,11094.75,100.0,31.0,20.89,1754.76,0.02,310,0.28,0,0.0,12625.0,1060500.0,12.63,1109.47,0.1,10,5.0,0.01,0,0.0,10.11,110823.5
481,SELL,ST_FLIP_GREEN,2025-09-03T18:00:00,2025-09-03T19:00:00,short,111257.5,111443.5,100,0.1,11125.75,100.0,-18.6,-28.71,-2411.64,-0.03,0,0.0,186,0.17,12596.29,1058088.36,12.6,1112.58,0.1,10,5.0,0.01,0,0.0,10.11,111381.5
482,BUY,ST_FLIP_RED,2025-09-03T19:00:00,2025-09-03T23:00:00,long,111443.5,112187.5,100,0.1,11144.35,100.0,74.4,64.29,5400.36,0.06,744,0.67,0,0.0,12660.58,1063488.72,12.66,1114.43,0.1,10,5.0,0.01,0,0.0,10.11,111319.5
483,SELL,ST_FLIP_GREEN,2025-09-03T23:00:00,2025-09-04T01:00:00,short,112187.5,112125.5,100,0.1,11218.75,100.0,6.2,-3.91,-328.44,-0.0,62,0.06,0,0.0,12656.67,1063160.28,12.66,1121.88,0.1,10,5.0,0.01,0,0.0,10.11,112311.5
484,BUY,ST_FLIP_RED,2025-09-04T01:00:00,2025-09-04T03:00:00,long,112125.5,111939.5,100,0.1,11212.55,100.0,-18.6,-28.71,-2411.64,-0.03,0,0.0,186,0.17,12627.96,1060748.64,12.63,1121.26,0.1,10,5.0,0.01,0,0.0,10.11,112001.5
485,SELL,ST_FLIP_GREEN,2025-09-04T03:00:00,2025-09-04T05:00:00,short,111939.5,111939.5,100,0.1,11193.95,100.0,0.0,-10.11,-849.24,-0.01,0,0.0,0,0.0,12617.85,1059899.4,12.62,1119.39,0.1,10,5.0,0.01,0,0.0,10.11,112063.5
486,BUY,ST_FLIP_RED,2025-09-04T05:00:00,2025-09-04T06:00:00,long,111939.5,111815.5,100,0.1,11193.95,100.0,-12.4,-22.51,-1890.84,-0.02,0,0.0,124,0.11,12595.34,1058008.56,12.6,1119.39,0.1,10,5.0,0.01,0,0.0,10.11,111815.5
487,SELL,ST_FLIP_GREEN,2025-09-04T06:00:00,2025-09-04T13:00:00,short,111815.5,110637.5,100,0.1,11181.55,100.0,117.8,107.69,9045.96,0.11,1178,1.05,0,0.0,12703.03,1067054.52,12.7,1118.16,0.1,10,5.0,0.01,0,0.0,10.11,111939.5
488,BUY,ST_FLIP_RED,2025-09-04T13:00:00,2025-09-04T19:00:00,long,110637.5,110637.5,100,0.1,11063.75,100.0,0.0,-10.11,-849.24,-0.01,0,0.0,0,0.0,12692.92,1066205.28,12.69,1106.38,0.1,10,5.0,0.01,0,0.0,10.11,110513.5
489,SELL,ST_FLIP_GREEN,2025-09-04T19:00:00,2025-09-04T22:00:00,short,110637.5,109583.5,100,0.1,11063.75,100.0,105.4,95.29,8004.36,0.1,1054,0.95,0,0.0,12788.21,1074209.64,12.79,1106.38,0.1,10,5.0,0.01,0,0.0,10.11,110761.5
490,BUY,ST_FLIP_RED,2025-09-04T22:00:00,2025-09-05T05:00:00,long,109583.5,110823.5,100,0.1,10958.35,100.0,124.0,113.89,9566.76,0.11,1240,1.13,0,0.0,12902.1,1083776.4,12.9,1095.84,0.1,10,5.0,0.01,0,0.0,10.11,109459.5
491,SELL,ST_FLIP_GREEN,2025-09-05T05:00:00,2025-09-05T06:00:00,short,110823.5,110823.5,100,0.1,11082.35,100.0,0.0,-10.11,-849.24,-0.01,0,0.0,0,0.0,12891.99,1082927.16,12.89,1108.24,0.1,10,5.0,0.01,0,0.0,10.11,110947.5
492,BUY,ST_FLIP_RED,2025-09-05T06:00:00,2025-09-05T08:00:00,long,110823.5,111071.5,100,0.1,11082.35,100.0,24.8,14.69,1233.96,0.01,248,0.22,0,0.0,12906.68,1084161.12,12.91,1108.24,0.1,10,5.0,0.01,0,0.0,10.11,110699.5
493,SELL,ST_FLIP_GREEN,2025-09-05T08:00:00,2025-09-05T09:00:00,short,111071.5,111257.5,100,0.1,11107.15,100.0,-18.6,-28.71,-2411.64,-0.03,0,0.0,186,0.17,12877.97,1081749.48,12.88,1110.72,0.1,10,5.0,0.01,0,0.0,10.11,111195.5
494,BUY,ST_FLIP_RED,2025-09-05T09:00:00,2025-09-05T14:00:00,long,111257.5,112497.5,100,0.1,11125.75,100.0,124.0,113.89,9566.76,0.11,1240,1.11,0,0.0,12991.86,1091316.24,12.99,1112.58,0.1,10,5.0,0.01,0,0.0,10.11,111133.5
495,SELL,ST_FLIP_GREEN,2025-09-05T14:00:00,2025-09-05T16:00:00,short,112497.5,112373.5,100,0.1,11249.75,100.0,12.4,2.29,192.36,0.0,124,0.11,0,0.0,12994.15,1091508.6,12.99,1124.97,0.1,10,5.0,0.01,0,0.0,10.11,112621.5
496,BUY,ST_FLIP_RED,2025-09-05T16:00:00,2025-09-05T19:00:00,long,112373.5,112683.5,100,0.1,11237.35,100.0,31.0,20.89,1754.76,0.02,310,0.28,0,0.0,13015.04,1093263.36,13.02,1123.74,0.1,10,5.0,0.01,0,0.0,10.11,112249.5
497,SELL,ST_FLIP_GREEN,2025-09-05T19:00:00,2025-09-05T23:00:00,short,112683.5,110885.5,100,0.1,11268.35,100.0,179.8,169.69,14253.96,0.17,1798,1.6,0,0.0,13184.73,1107517.32,13.18,1126.84,0.1,10,5.0,0.01,0,0.0,10.11,112807.5
498,BUY,ST_FLIP_RED,2025-09-05T23:00:00,2025-09-06T02:00:00,long,110885.5,111133.5,100,0.1,11088.55,100.0,24.8,14.69,1233.96,0.01,248,0.22,0,0.0,13199.42,1108751.28,13.2,1108.86,0.1,10,5.0,0.01,0,0.0,10.11,110761.5
499,SELL,ST_FLIP_GREEN,2025-09-06T02:00:00,2025-09-06T06:00:00,short,111133.5,110823.5,100,0.1,11113.35,100.0,31.0,20.89,1754.76,0.02,310,0.28,0,0.0,13220.31,1110506.04,13.22,1111.34,0.1,10,5.0,0.01,0,0.0,10.11,111257.5
500,BUY,ST_FLIP_RED,2025-09-06T06:00:00,2025-09-06T09:00:00,long,110823.5,111009.5,100,0.1,11082.35,100.0,18.6,8.49,713.16,0.01,186,0.17,0,0.0,13228.8,1111219.2,13.23,1108.24,0.1,10,5.0,0.01,0,0.0,10.11,110699.5
501,SELL,ST_FLIP_GREEN,2025-09-06T09:00:00,2025-09-06T18:00:00,short,111009.5,110885.5,100,0.1,11100.95,100.0,12.4,2.29,192.36,0.0,124,0.11,0,0.0,13231.09,1111411.56,13.23,1110.1,0.1,10,5.0,0.01,0,0.0,10.11,111133.5
502,BUY,ST_FLIP_RED,2025-09-06T18:00:00,2025-09-06T20:00:00,long,110885.5,110699.5,100,0.1,11088.55,100.0,-18.6,-28.71,-2411.64,-0.03,0,0.0,186,0.17,13202.38,1108999.92,13.2,1108.86,0.1,10,5.0,0.01,0,0.0,10.11,110761.5
503,SELL,ST_FLIP_GREEN,2025-09-06T20:00:00,2025-09-07T04:00:00,short,110699.5,110265.5,100,0.1,11069.95,100.0,43.4,33.29,2796.36,0.03,434,0.39,0,0.0,13235.67,1111796.28,13.24,1107.0,0.1,10,5.0,0.01,0,0.0,10.11,110823.5
504,BUY,ST_FLIP_RED,2025-09-07T04:00:00,2025-09-07T15:00:00,long,110265.5,111009.5,100,0.1,11026.55,100.0,74.4,64.29,5400.36,0.06,744,0.67,0,0.0,13299.96,1117196.64,13.3,1102.66,0.1,10,5.0,0.01,0,0.0,10.11,110141.5
505,SELL,ST_FLIP_GREEN,2025-09-07T15:00:00,2025-09-07T16:00:00,short,111009.5,111133.5,100,0.1,11100.95,100.0,-12.4,-22.51,-1890.84,-0.02,0,0.0,124,0.11,13277.45,1115305.8,13.28,1110.1,0.1,10,5.0,0.01,0,0.0,10.11,111133.5
506,BUY,ST_FLIP_RED,2025-09-07T16:00:00,2025-09-07T17:00:00,long,111133.5,111071.5,100,0.1,11113.35,100.0,-6.2,-16.31,-1370.04,-0.02,0,0.0,62,0.06,13261.14,1113935.76,13.26,1111.34,0.1,10,5.0,0.01,0,0.0,10.11,111009.5
507,SELL,ST_FLIP_GREEN,2025-09-07T17:00:00,2025-09-07T20:00:00,short,111071.5,111257.5,100,0.1,11107.15,100.0,-18.6,-28.71,-2411.64,-0.03,0,0.0,186,0.17,13232.43,1111524.12,13.23,1110.72,0.1,10,5.0,0.01,0,0.0,10.11,111195.5
508,BUY,ST_FLIP_RED,2025-09-07T20:00:00,2025-09-07T21:00:00,long,111257.5,111133.5,100,0.1,11125.75,100.0,-12.4,-22.51,-1890.84,-0.02,0,0.0,124,0.11,13209.92,1109633.28,13.21,1112.58,0.1,10,5.0,0.01,0,0.0,10.11,111133.5
509,SELL,ST_FLIP_GREEN,2025-09-07T21:00:00,2025-09-08T00:00:00,short,111133.5,111133.5,100,0.1,11113.35,100.0,0.0,-10.11,-849.24,-0.01,0,0.0,0,0.0,13199.81,1108784.04,13.2,1111.34,0.1,10,5.0,0.01,0,0.0,10.11,111257.5
510,BUY,ST_FLIP_RED,2025-09-08T00:00:00,2025-09-08T05:00:00,long,111133.5,111195.5,100,0.1,11113.35,100.0,6.2,-3.91,-328.44,-0.0,62,0.06,0,0.0,13195.9,1108455.6,13.2,1111.34,0.1,10,5.0,0.01,0,0.0,10.11,111009.5
511,SELL,ST_FLIP_GREEN,2025-09-08T05:00:00,2025-09-08T08:00:00,short,111195.5,111009.5,100,0.1,11119.55,100.0,18.6,8.49,713.16,0.01,186,0.17,0,0.0,13204.39,1109168.76,13.2,1111.96,0.1,10,5.0,0.01,0,0.0,10.11,111319.5
512,BUY,ST_FLIP_RED,2025-09-08T08:00:00,2025-09-08T10:00:00,long,111009.5,110947.5,100,0.1,11100.95,100.0,-6.2,-16.31,-1370.04,-0.02,0,0.0,62,0.06,13188.08,1107798.72,13.19,1110.1,0.1,10,5.0,0.01,0,0.0,10.11,110885.5
513,SELL,ST_FLIP_GREEN,2025-09-08T10:00:00,2025-09-08T11:00:00,short,110947.5,111071.5,100,0.1,11094.75,100.0,-12.4,-22.51,-1890.84,-0.02,0,0.0,124,0.11,13165.57,1105907.88,13.17,1109.47,0.1,10,5.0,0.01,0,0.0,10.11,111071.5
514,BUY,ST_FLIP_RED,2025-09-08T11:00:00,2025-09-08T16:00:00,long,111071.5,111877.5,100,0.1,11107.15,100.0,80.6,70.49,5921.16,0.07,806,0.73,0,0.0,13236.06,1111829.04,13.24,1110.72,0.1,10,5.0,0.01,0,0.0,10.11,110947.5
515,SELL,ST_FLIP_GREEN,2025-09-08T16:00:00,2025-09-08T17:00:00,short,111877.5,111939.5,100,0.1,11187.75,100.0,-6.2,-16.31,-1370.04,-0.02,0,0.0,62,0.06,13219.75,1110459.0,13.22,1118.78,0.1,10,5.0,0.01,0,0.0,10.11,112001.5
516,BUY,ST_FLIP_RED,2025-09-08T17:00:00,2025-09-08T21:00:00,long,111939.5,112559.5,100,0.1,11193.95,100.0,62.0,51.89,4358.76,0.05,620,0.55,0,0.0,13271.64,1114817.76,13.27,1119.39,0.1,10,5.0,0.01,0,0.0,10.11,111815.5
517,SELL,ST_FLIP_GREEN,2025-09-08T21:00:00,2025-09-09T03:00:00,short,112559.5,112249.5,100,0.1,11255.95,100.0,31.0,20.89,1754.76,0.02,310,0.28,0,0.0,13292.53,1116572.52,13.29,1125.6,0.1,10,5.0,0.01,0,0.0,10.11,112683.5
518,BUY,ST_FLIP_RED,2025-09-09T03:00:00,2025-09-09T04:00:00,long,112249.5,112125.5,100,0.1,11224.95,100.0,-12.4,-22.51,-1890.84,-0.02,0,0.0,124,0.11,13270.02,1114681.68,13.27,1122.5,0.1,10,5.0,0.01,0,0.0,10.11,112125.5
519,SELL,ST_FLIP_GREEN,2025-09-09T04:00:00,2025-09-09T08:00:00,short,112125.5,111505.5,100,0.1,11212.55,100.0,62.0,51.89,4358.76,0.05,620,0.55,0,0.0,13321.91,1119040.44,13.32,1121.26,0.1,10,5.0,0.01,0,0.0,10.11,112249.5
520,BUY,ST_FLIP_RED,2025-09-09T08:00:00,2025-09-09T13:00:00,long,111505.5,112993.5,100,0.1,11150.55,100.0,148.8,138.69,11649.96,0.14,1488,1.33,0,0.0,13460.6,1130690.4,13.46,1115.06,0.1,10,5.0,0.01,0,0.0,10.11,111381.5
521,SELL,ST_FLIP_GREEN,2025-09-09T13:00:00,2025-09-09T23:00:00,short,112993.5,111071.5,100,0.1,11299.35,100.0,192.2,182.09,15295.56,0.18,1922,1.7,0,0.0,13642.69,1145985.96,13.64,1129.93,0.1,10,5.0,0.01,0,0.0,10.11,113117.5
522,BUY,ST_FLIP_RED,2025-09-09T23:00:00,2025-09-10T05:00:00,long,111071.5,111195.5,100,0.1,11107.15,100.0,12.4,2.29,192.36,0.0,124,0.11,0,0.0,13644.98,1146178.32,13.64,1110.72,0.1,10,5.0,0.01,0,0.0,10.11,110947.5
523,SELL,ST_FLIP_GREEN,2025-09-10T05:00:00,2025-09-10T07:00:00,short,111195.5,111133.5,100,0.1,11119.55,100.0,6.2,-3.91,-328.44,-0.0,62,0.06,0,0.0,13641.07,1145849.88,13.64,1111.96,0.1,10,5.0,0.01,0,0.0,10.11,111319.5
524,BUY,ST_FLIP_RED,2025-09-10T07:00:00,2025-09-10T14:00:00,long,111133.5,112435.5,100,0.1,11113.35,100.0,130.2,120.09,10087.56,0.12,1302,1.17,0,0.0,13761.16,1155937.44,13.76,1111.34,0.1,10,5.0,0.01,0,0.0,10.11,111009.5
525,SELL,ST_FLIP_GREEN,2025-09-10T14:00:00,2025-09-10T15:00:00,short,112435.5,112435.5,100,0.1,11243.55,100.0,0.0,-10.11,-849.24,-0.01,0,0.0,0,0.0,13751.05,1155088.2,13.75,1124.36,0.1,10,5.0,0.01,0,0.0,10.11,112559.5
526,BUY,ST_FLIP_RED,2025-09-10T15:00:00,2025-09-10T16:00:00,long,112435.5,112249.5,100,0.1,11243.55,100.0,-18.6,-28.71,-2411.64,-0.03,0,0.0,186,0.17,13722.34,1152676.56,13.72,1124.36,0.1,10,5.0,0.01,0,0.0,10.11,112311.5
527,SELL,ST_FLIP_GREEN,2025-09-10T16:00:00,2025-09-10T17:00:00,short,112249.5,112435.5,100,0.1,11224.95,100.0,-18.6,-28.71,-2411.64,-0.03,0,0.0,186,0.17,13693.63,1150264.92,13.69,1122.5,0.1,10,5.0,0.01,0,0.0,10.11,112373.5
528,BUY,ST_FLIP_RED,2025-09-10T17:00:00,2025-09-10T20:00:00,long,112435.5,113799.5,100,0.1,11243.55,100.0,136.4,126.29,10608.36,0.13,1364,1.21,0,0.0,13819.92,1160873.28,13.82,1124.36,0.1,10,5.0,0.01,0,0.0,10.11,112311.5
529,SELL,ST_FLIP_GREEN,2025-09-10T20:00:00,2025-09-11T01:00:00,short,113799.5,113427.5,100,0.1,11379.95,100.0,37.2,27.09,2275.56,0.03,372,0.33,0,0.0,13847.01,1163148.84,13.85,1138.0,0.1,10,5.0,0.01,0,0.0,10.11,113923.5
530,BUY,ST_FLIP_RED,2025-09-11T01:00:00,2025-09-11T07:00:00,long,113427.5,113737.5,100,0.1,11342.75,100.0,31.0,20.89,1754.76,0.02,310,0.27,0,0.0,13867.9,1164903.6,13.87,1134.28,0.1,10,5.0,0.01,0,0.0,10.11,113303.5
531,SELL,ST_FLIP_GREEN,2025-09-11T07:00:00,2025-09-11T08:00:00,short,113737.5,113861.5,100,0.1,11373.75,100.0,-12.4,-22.51,-1890.84,-0.02,0,0.0,124,0.11,13845.39,1163012.76,13.85,1137.38,0.1,10,5.0,0.01,0,0.0,10.11,113861.5
532,BUY,ST_FLIP_RED,2025-09-11T08:00:00,2025-09-11T12:00:00,long,113861.5,113985.5,100,0.1,11386.15,100.0,12.4,2.29,192.36,0.0,124,0.11,0,0.0,13847.68,1163205.12,13.85,1138.62,0.1,10,5.0,0.01,0,0.0,10.11,113737.5
533,SELL,ST_FLIP_GREEN,2025-09-11T12:00:00,2025-09-11T13:00:00,short,113985.5,114171.5,100,0.1,11398.55,100.0,-18.6,-28.71,-2411.64,-0.03,0,0.0,186,0.16,13818.97,1160793.48,13.82,1139.86,0.1,10,5.0,0.01,0,0.0,10.11,114109.5
534,BUY,ST_FLIP_RED,2025-09-11T13:00:00,2025-09-11T14:00:00,long,114171.5,113985.5,100,0.1,11417.15,100.0,-18.6,-28.71,-2411.64,-0.03,0,0.0,186,0.16,13790.26,1158381.84,13.79,1141.72,0.1,10,5.0,0.01,0,0.0,10.11,114047.5
535,SELL,ST_FLIP_GREEN,2025-09-11T14:00:00,2025-09-11T17:00:00,short,113985.5,114109.5,100,0.1,11398.55,100.0,-12.4,-22.51,-1890.84,-0.02,0,0.0,124,0.11,13767.75,1156491.0,13.77,1139.86,0.1,10,5.0,0.01,0,0.0,10.11,114109.5
536,BUY,ST_FLIP_RED,2025-09-11T17:00:00,2025-09-11T18:00:00,long,114109.5,114171.5,100,0.1,11410.95,100.0,6.2,-3.91,-328.44,-0.0,62,0.05,0,0.0,13763.84,1156162.56,13.76,1141.1,0.1,10,5.0,0.01,0,0.0,10.11,113985.5
537,SELL,ST_FLIP_GREEN,2025-09-11T18:00:00,2025-09-11T19:00:00,short,114171.5,113799.5,100,0.1,11417.15,100.0,37.2,27.09,2275.56,0.03,372,0.33,0,0.0,13790.93,1158438.12,13.79,1141.72,0.1,10,5.0,0.01,0,0.0,10.11,114295.5
538,BUY,ST_FLIP_RED,2025-09-11T19:00:00,2025-09-11T23:00:00,long,113799.5,114171.5,100,0.1,11379.95,100.0,37.2,27.09,2275.56,0.03,372,0.33,0,0.0,13818.02,1160713.68,13.82,1138.0,0.1,10,5.0,0.01,0,0.0,10.11,113675.5
539,SELL,ST_FLIP_GREEN,2025-09-11T23:00:00,2025-09-12T00:00:00,short,114171.5,114295.5,100,0.1,11417.15,100.0,-12.4,-22.51,-1890.84,-0.02,0,0.0,124,0.11,13795.51,1158822.84,13.8,1141.72,0.1,10,5.0,0.01,0,0.0,10.11,114295.5
540,BUY,ST_FLIP_RED,2025-09-12T00:00:00,2025-09-12T07:00:00,long,114295.5,115535.5,100,0.1,11429.55,100.0,124.0,113.89,9566.76,0.11,1240,1.08,0,0.0,13909.4,1168389.6,13.91,1142.96,0.1,10,5.0,0.01,0,0.0,10.11,114171.5
541,SELL,ST_FLIP_GREEN,2025-09-12T07:00:00,2025-09-12T10:00:00,short,115535.5,115411.5,100,0.1,11553.55,100.0,12.4,2.29,192.36,0.0,124,0.11,0,0.0,13911.69,1168581.96,13.91,1155.36,0.1,10,5.0,0.01,0,0.0,10.11,115659.5
542,BUY,ST_FLIP_RED,2025-09-12T10:00:00,2025-09-12T11:00:00,long,115411.5,115287.5,100,0.1,11541.15,100.0,-12.4,-22.51,-1890.84,-0.02,0,0.0,124,0.11,13889.18,1166691.12,13.89,1154.12,0.1,10,5.0,0.01,0,0.0,10.11,115287.5
543,SELL,ST_FLIP_GREEN,2025-09-12T11:00:00,2025-09-12T16:00:00,short,115287.5,115101.5,100,0.1,11528.75,100.0,18.6,8.49,713.16,0.01,186,0.16,0,0.0,13897.67,1167404.28,13.9,1152.88,0.1,10,5.0,0.01,0,0.0,10.11,115411.5
544,BUY,ST_FLIP_RED,2025-09-12T16:00:00,2025-09-12T18:00:00,long,115101.5,114915.5,100,0.1,11510.15,100.0,-18.6,-28.71,-2411.64,-0.03,0,0.0,186,0.16,13868.96,1164992.64,13.87,1151.02,0.1,10,5.0,0.01,0,0.0,10.11,114977.5
545,SELL,ST_FLIP_GREEN,2025-09-12T18:00:00,2025-09-12T19:00:00,short,114915.5,115039.5,100,0.1,11491.55,100.0,-12.4,-22.51,-1890.84,-0.02,0,0.0,124,0.11,13846.45,1163101.8,13.85,1149.16,0.1,10,5.0,0.01,0,0.0,10.11,115039.5
546,BUY,ST_FLIP_RED,2025-09-12T19:00:00,2025-09-12T20:00:00,long,115039.5,115039.5,100,0.1,11503.95,100.0,0.0,-10.11,-849.24,-0.01,0,0.0,0,0.0,13836.34,1162252.56,13.84,1150.39,0.1,10,5.0,0.01,0,0.0,10.11,114915.5
547,SELL,ST_FLIP_GREEN,2025-09-12T20:00:00,2025-09-12T21:00:00,short,115039.5,115101.5,100,0.1,11503.95,100.0,-6.2,-16.31,-1370.04,-0.02,0,0.0,62,0.05,13820.03,1160882.52,13.82,1150.39,0.1,10,5.0,0.01,0,0.0,10.11,115163.5
548,BUY,ST_FLIP_RED,2025-09-12T21:00:00,2025-09-13T01:00:00,long,115101.5,116279.5,100,0.1,11510.15,100.0,117.8,107.69,9045.96,0.11,1178,1.02,0,0.0,13927.72,1169928.48,13.93,1151.02,0.1,10,5.0,0.01,0,0.0,10.11,114977.5
549,SELL,ST_FLIP_GREEN,2025-09-13T01:00:00,2025-09-13T13:00:00,short,116279.5,115845.5,100,0.1,11627.95,100.0,43.4,33.29,2796.36,0.03,434,0.37,0,0.0,13961.01,1172724.84,13.96,1162.8,0.1,10,5.0,0.01,0,0.0,10.11,116403.5
550,BUY,ST_FLIP_RED,2025-09-13T13:00:00,2025-09-13T17:00:00,long,115845.5,115783.5,100,0.1,11584.55,100.0,-6.2,-16.31,-1370.04,-0.02,0,0.0,62,0.05,13944.7,1171354.8,13.94,1158.46,0.1,10,5.0,0.01,0,0.0,10.11,115721.5
551,SELL,ST_FLIP_GREEN,2025-09-13T17:00:00,2025-09-13T18:00:00,short,115783.5,115969.5,100,0.1,11578.35,100.0,-18.6,-28.71,-2411.64,-0.03,0,0.0,186,0.16,13915.99,1168943.16,13.92,1157.84,0.1,10,5.0,0.01,0,0.0,10.11,115907.5
552,BUY,ST_FLIP_RED,2025-09-13T18:00:00,2025-09-13T20:00:00,long,115969.5,115783.5,100,0.1,11596.95,100.0,-18.6,-28.71,-2411.64,-0.03,0,0.0,186,0.16,13887.28,1166531.52,13.89,1159.7,0.1,10,5.0,0.01,0,0.0,10.11,115845.5
553,SELL,ST_FLIP_GREEN,2025-09-13T20:00:00,2025-09-13T23:00:00,short,115783.5,115535.5,100,0.1,11578.35,100.0,24.8,14.69,1233.96,0.01,248,0.21,0,0.0,13901.97,1167765.48,13.9,1157.84,0.1,10,5.0,0.01,0,0.0,10.11,115907.5
554,BUY,ST_FLIP_RED,2025-09-13T23:00:00,2025-09-14T08:00:00,long,115535.5,115721.5,100,0.1,11553.55,100.0,18.6,8.49,713.16,0.01,186,0.16,0,0.0,13910.46,1168478.64,13.91,1155.36,0.1,10,5.0,0.01,0,0.0,10.11,115411.5
555,SELL,ST_FLIP_GREEN,2025-09-14T08:00:00,2025-09-14T13:00:00,short,115721.5,115845.5,100,0.1,11572.15,100.0,-12.4,-22.51,-1890.84,-0.02,0,0.0,124,0.11,13887.95,1166587.8,13.89,1157.22,0.1,10,5.0,0.01,0,0.0,10.11,115845.5
556,BUY,ST_FLIP_RED,2025-09-14T13:00:00,2025-09-14T16:00:00,long,115845.5,115783.5,100,0.1,11584.55,100.0,-6.2,-16.31,-1370.04,-0.02,0,0.0,62,0.05,13871.64,1165217.76,13.87,1158.46,0.1,10,5.0,0.01,0,0.0,10.11,115721.5
557,SELL,ST_FLIP_GREEN,2025-09-14T16:00:00,2025-09-14T21:00:00,short,115783.5,115473.5,100,0.1,11578.35,100.0,31.0,20.89,1754.76,0.02,310,0.27,0,0.0,13892.53,1166972.52,13.89,1157.84,0.1,10,5.0,0.01,0,0.0,10.11,115907.5
558,BUY,ST_FLIP_RED,2025-09-14T21:00:00,2025-09-15T04:00:00,long,115473.5,115659.5,100,0.1,11547.35,100.0,18.6,8.49,713.16,0.01,186,0.16,0,0.0,13901.02,1167685.68,13.9,1154.74,0.1,10,5.0,0.01,0,0.0,10.11,115349.5
559,SELL,ST_FLIP_GREEN,2025-09-15T04:00:00,2025-09-15T07:00:00,short,115659.5,115349.5,100,0.1,11565.95,100.0,31.0,20.89,1754.76,0.02,310,0.27,0,0.0,13921.91,1169440.44,13.92,1156.6,0.1,10,5.0,0.01,0,0.0,10.11,115783.5
560,BUY,ST_FLIP_RED,2025-09-15T07:00:00,2025-09-15T12:00:00,long,115349.5,116155.5,100,0.1,11534.95,100.0,80.6,70.49,5921.16,0.07,806,0.7,0,0.0,13992.4,1175361.6,13.99,1153.5,0.1,10,5.0,0.01,0,0.0,10.11,115225.5
561,SELL,ST_FLIP_GREEN,2025-09-15T12:00:00,2025-09-15T18:00:00,short,116155.5,114977.5,100,0.1,11615.55,100.0,117.8,107.69,9045.96,0.11,1178,1.01,0,0.0,14100.09,1184407.56,14.1,1161.56,0.1,10,5.0,0.01,0,0.0,10.11,116279.5
562,BUY,ST_FLIP_RED,2025-09-15T18:00:00,2025-09-15T20:00:00,long,114977.5,114853.5,100,0.1,11497.75,100.0,-12.4,-22.51,-1890.84,-0.02,0,0.0,124,0.11,14077.58,1182516.72,14.08,1149.78,0.1,10,5.0,0.01,0,0.0,10.11,114853.5
563,SELL,ST_FLIP_GREEN,2025-09-15T20:00:00,2025-09-15T23:00:00,short,114853.5,114791.5,100,0.1,11485.35,100.0,6.2,-3.91,-328.44,-0.0,62,0.05,0,0.0,14073.67,1182188.28,14.07,1148.54,0.1,10,5.0,0.01,0,0.0,10.11,114977.5
564,BUY,ST_FLIP_RED,2025-09-15T23:00:00,2025-09-16T05:00:00,long,114791.5,115225.5,100,0.1,11479.15,100.0,43.4,33.29,2796.36,0.03,434,0.38,0,0.0,14106.96,1184984.64,14.11,1147.92,0.1,10,5.0,0.01,0,0.0,10.11,114667.5
565,SELL,ST_FLIP_GREEN,2025-09-16T05:00:00,2025-09-16T06:00:00,short,115225.5,115163.5,100,0.1,11522.55,100.0,6.2,-3.91,-328.44,-0.0,62,0.05,0,0.0,14103.05,1184656.2,14.1,1152.26,0.1,10,5.0,0.01,0,0.0,10.11,115349.5
566,BUY,ST_FLIP_RED,2025-09-16T06:00:00,2025-09-16T07:00:00,long,115163.5,115225.5,100,0.1,11516.35,100.0,6.2,-3.91,-328.44,-0.0,62,0.05,0,0.0,14099.14,1184327.76,14.1,1151.63,0.1,10,5.0,0.01,0,0.0,10.11,115039.5
567,SELL,ST_FLIP_GREEN,2025-09-16T07:00:00,2025-09-16T09:00:00,short,115225.5,115287.5,100,0.1,11522.55,100.0,-6.2,-16.31,-1370.04,-0.02,0,0.0,62,0.05,14082.83,1182957.72,14.08,1152.26,0.1,10,5.0,0.01,0,0.0,10.11,115349.5
568,BUY,ST_FLIP_RED,2025-09-16T09:00:00,2025-09-16T14:00:00,long,115287.5,115597.5,100,0.1,11528.75,100.0,31.0,20.89,1754.76,0.02,310,0.27,0,0.0,14103.72,1184712.48,14.1,1152.88,0.1,10,5.0,0.01,0,0.0,10.11,115163.5
569,SELL,ST_FLIP_GREEN,2025-09-16T14:00:00,2025-09-16T21:00:00,short,115597.5,115163.5,100,0.1,11559.75,100.0,43.4,33.29,2796.36,0.03,434,0.38,0,0.0,14137.01,1187508.84,14.14,1155.97,0.1,10,5.0,0.01,0,0.0,10.11,115721.5
570,BUY,ST_FLIP_RED,2025-09-16T21:00:00,2025-09-16T23:00:00,long,115163.5,116527.5,100,0.1,11516.35,100.0,136.4,126.29,10608.36,0.13,1364,1.18,0,0.0,14263.3,1198117.2,14.26,1151.63,0.1,10,5.0,0.01,0,0.0,10.11,115039.5
571,SELL,ST_FLIP_GREEN,2025-09-16T23:00:00,2025-09-17T01:00:00,short,116527.5,116589.5,100,0.1,11652.75,100.0,-6.2,-16.31,-1370.04,-0.02,0,0.0,62,0.05,14246.99,1196747.16,14.25,1165.28,0.1,10,5.0,0.01,0,0.0,10.11,116651.5
572,BUY,ST_FLIP_RED,2025-09-17T01:00:00,2025-09-17T02:00:00,long,116589.5,116527.5,100,0.1,11658.95,100.0,-6.2,-16.31,-1370.04,-0.02,0,0.0,62,0.05,14230.68,1195377.12,14.23,1165.89,0.1,10,5.0,0.01,0,0.0,10.11,116465.5
573,SELL,ST_FLIP_GREEN,2025-09-17T02:00:00,2025-09-17T03:00:00,short,116527.5,116713.5,100,0.1,11652.75,100.0,-18.6,-28.71,-2411.64,-0.03,0,0.0,186,0.16,14201.97,1192965.48,14.2,1165.28,0.1,10,5.0,0.01,0,0.0,10.11,116651.5
574,BUY,ST_FLIP_RED,2025-09-17T03:00:00,2025-09-17T04:00:00,long,116713.5,116651.5,100,0.1,11671.35,100.0,-6.2,-16.31,-1370.04,-0.02,0,0.0,62,0.05,14185.66,1191595.44,14.19,1167.13,0.1,10,5.0,0.01,0,0.0,10.11,116589.5
575,SELL,ST_FLIP_GREEN,2025-09-17T04:00:00,2025-09-17T10:00:00,short,116651.5,116527.5,100,0.1,11665.15,100.0,12.4,2.29,192.36,0.0,124,0.11,0,0.0,14187.95,1191787.8,14.19,1166.52,0.1,10,5.0,0.01,0,0.0,10.11,116775.5
576,BUY,ST_FLIP_RED,2025-09-17T10:00:00,2025-09-17T13:00:00,long,116527.5,116961.5,100,0.1,11652.75,100.0,43.4,33.29,2796.36,0.03,434,0.37,0,0.0,14221.24,1194584.16,14.22,1165.28,0.1,10,5.0,0.01,0,0.0,10.11,116403.5
577,SELL,ST_FLIP_GREEN,2025-09-17T13:00:00,2025-09-17T23:00:00,short,116961.5,115845.5,100,0.1,11696.15,100.0,111.6,101.49,8525.16,0.1,1116,0.95,0,0.0,14322.73,1203109.32,14.32,1169.62,0.1,10,5.0,0.01,0,0.0,10.11,117085.5
578,BUY,ST_FLIP_RED,2025-09-17T23:00:00,2025-09-18T00:00:00,long,115845.5,115783.5,100,0.1,11584.55,100.0,-6.2,-16.31,-1370.04,-0.02,0,0.0,62,0.05,14306.42,1201739.28,14.31,1158.46,0.1,10,5.0,0.01,0,0.0,10.11,115721.5
579,SELL,ST_FLIP_GREEN,2025-09-18T00:00:00,2025-09-18T03:00:00,short,115783.5,115845.5,100,0.1,11578.35,100.0,-6.2,-16.31,-1370.04,-0.02,0,0.0,62,0.05,14290.11,1200369.24,14.29,1157.84,0.1,10,5.0,0.01,0,0.0,10.11,115907.5
580,BUY,ST_FLIP_RED,2025-09-18T03:00:00,2025-09-18T05:00:00,long,115845.5,116279.5,100,0.1,11584.55,100.0,43.4,33.29,2796.36,0.03,434,0.37,0,0.0,14323.4,1203165.6,14.32,1158.46,0.1,10,5.0,0.01,0,0.0,10.11,115721.5
581,SELL,ST_FLIP_GREEN,2025-09-18T05:00:00,2025-09-18T06:00:00,short,116279.5,116279.5,100,0.1,11627.95,100.0,0.0,-10.11,-849.24,-0.01,0,0.0,0,0.0,14313.29,1202316.36,14.31,1162.8,0.1,10,5.0,0.01,0,0.0,10.11,116403.5
582,BUY,ST_FLIP_RED,2025-09-18T06:00:00,2025-09-18T09:00:00,long,116279.5,117519.5,100,0.1,11627.95,100.0,124.0,113.89,9566.76,0.11,1240,1.07,0,0.0,14427.18,1211883.12,14.43,1162.8,0.1,10,5.0,0.01,0,0.0,10.11,116155.5
583,SELL,ST_FLIP_GREEN,2025-09-18T09:00:00,2025-09-18T13:00:00,short,117519.5,117147.5,100,0.1,11751.95,100.0,37.2,27.09,2275.56,0.03,372,0.32,0,0.0,14454.27,1214158.68,14.45,1175.2,0.1,10,5.0,0.01,0,0.0,10.11,117643.5
584,BUY,ST_FLIP_RED,2025-09-18T13:00:00,2025-09-18T15:00:00,long,117147.5,117147.5,100,0.1,11714.75,100.0,0.0,-10.11,-849.24,-0.01,0,0.0,0,0.0,14444.16,1213309.44,14.44,1171.47,0.1,10,5.0,0.01,0,0.0,10.11,117023.5
585,SELL,ST_FLIP_GREEN,2025-09-18T15:00:00,2025-09-18T18:00:00,short,117147.5,117271.5,100,0.1,11714.75,100.0,-12.4,-22.51,-1890.84,-0.02,0,0.0,124,0.11,14421.65,1211418.6,14.42,1171.47,0.1,10,5.0,0.01,0,0.0,10.11,117271.5
586,BUY,ST_FLIP_RED,2025-09-18T18:00:00,2025-09-18T20:00:00,long,117271.5,117457.5,100,0.1,11727.15,100.0,18.6,8.49,713.16,0.01,186,0.16,0,0.0,14430.14,1212131.76,14.43,1172.72,0.1,10,5.0,0.01,0,0.0,10.11,117147.5
587,SELL,ST_FLIP_GREEN,2025-09-18T20:00:00,2025-09-18T21:00:00,short,117457.5,117457.5,100,0.1,11745.75,100.0,0.0,-10.11,-849.24,-0.01,0,0.0,0,0.0,14420.03,1211282.52,14.42,1174.58,0.1,10,5.0,0.01,0,0.0,10.11,117581.5
588,BUY,ST_FLIP_RED,2025-09-18T21:00:00,2025-09-18T22:00:00,long,117457.5,117519.5,100,0.1,11745.75,100.0,6.2,-3.91,-328.44,-0.0,62,0.05,0,0.0,14416.12,1210954.08,14.42,1174.58,0.1,10,5.0,0.01,0,0.0,10.11,117333.5
589,SELL,ST_FLIP_GREEN,2025-09-18T22:00:00,2025-09-18T23:00:00,short,117519.5,117643.5,100,0.1,11751.95,100.0,-12.4,-22.51,-1890.84,-0.02,0,0.0,124,0.11,14393.61,1209063.24,14.39,1175.2,0.1,10,5.0,0.01,0,0.0,10.11,117643.5
590,BUY,ST_FLIP_RED,2025-09-18T23:00:00,2025-09-19T00:00:00,long,117643.5,117581.5,100,0.1,11764.35,100.0,-6.2,-16.31,-1370.04,-0.02,0,0.0,62,0.05,14377.3,1207693.2,14.38,1176.43,0.1,10,5.0,0.01,0,0.0,10.11,117519.5
591,SELL,ST_FLIP_GREEN,2025-09-19T00:00:00,2025-09-19T05:00:00,short,117581.5,117023.5,100,0.1,11758.15,100.0,55.8,45.69,3837.96,0.05,558,0.47,0,0.0,14422.99,1211531.16,14.42,1175.82,0.1,10,5.0,0.01,0,0.0,10.11,117705.5
592,BUY,ST_FLIP_RED,2025-09-19T05:00:00,2025-09-19T07:00:00,long,117023.5,117085.5,100,0.1,11702.35,100.0,6.2,-3.91,-328.44,-0.0,62,0.05,0,0.0,14419.08,1211202.72,14.42,1170.24,0.1,10,5.0,0.01,0,0.0,10.11,116899.5
593,SELL,ST_FLIP_GREEN,2025-09-19T07:00:00,2025-09-19T13:00:00,short,117085.5,116961.5,100,0.1,11708.55,100.0,12.4,2.29,192.36,0.0,124,0.11,0,0.0,14421.37,1211395.08,14.42,1170.86,0.1,10,5.0,0.01,0,0.0,10.11,117209.5
594,BUY,ST_FLIP_RED,2025-09-19T13:00:00,2025-09-19T14:00:00,long,116961.5,116899.5,100,0.1,11696.15,100.0,-6.2,-16.31,-1370.04,-0.02,0,0.0,62,0.05,14405.06,1210025.04,14.41,1169.62,0.1,10,5.0,0.01,0,0.0,10.11,116837.5
595,SELL,ST_FLIP_GREEN,2025-09-19T14:00:00,2025-09-19T21:00:00,short,116899.5,115969.5,100,0.1,11689.95,100.0,93.0,82.89,6962.76,0.08,930,0.8,0,0.0,14487.95,1216987.8,14.49,1169.0,0.1,10,5.0,0.01,0,0.0,10.11,117023.5
596,BUY,ST_FLIP_RED,2025-09-19T21:00:00,2025-09-19T22:00:00,long,115969.5,115783.5,100,0.1,11596.95,100.0,-18.6,-28.71,-2411.64,-0.03,0,0.0,186,0.16,14459.24,1214576.16,14.46,1159.7,0.1,10,5.0,0.01,0,0.0,10.11,115845.5
597,SELL,ST_FLIP_GREEN,2025-09-19T22:00:00,2025-09-20T03:00:00,short,115783.5,115535.5,100,0.1,11578.35,100.0,24.8,14.69,1233.96,0.01,248,0.21,0,0.0,14473.93,1215810.12,14.47,1157.84,0.1,10,5.0,0.01,0,0.0,10.11,115907.5
598,BUY,ST_FLIP_RED,2025-09-20T03:00:00,2025-09-20T04:00:00,long,115535.5,115411.5,100,0.1,11553.55,100.0,-12.4,-22.51,-1890.84,-0.02,0,0.0,124,0.11,14451.42,1213919.28,14.45,1155.36,0.1,10,5.0,0.01,0,0.0,10.11,115411.5
599,SELL,ST_FLIP_GREEN,2025-09-20T04:00:00,2025-09-20T06:00:00,short,115411.5,115597.5,100,0.1,11541.15,100.0,-18.6,-28.71,-2411.64,-0.03,0,0.0,186,0.16,14422.71,1211507.64,14.42,1154.12,0.1,10,5.0,0.01,0,0.0,10.11,115535.5
600,BUY,ST_FLIP_RED,2025-09-20T06:00:00,2025-09-20T07:00:00,long,115597.5,115473.5,100,0.1,11559.75,100.0,-12.4,-22.51,-1890.84,-0.02,0,0.0,124,0.11,14400.2,1209616.8,14.4,1155.97,0.1,10,5.0,0.01,0,0.0,10.11,115473.5
601,SELL,ST_FLIP_GREEN,2025-09-20T07:00:00,2025-09-20T11:00:00,short,115473.5,115659.5,100,0.1,11547.35,100.0,-18.6,-28.71,-2411.64,-0.03,0,0.0,186,0.16,14371.49,1207205.16,14.37,1154.74,0.1,10,5.0,0.01,0,0.0,10.11,115597.5
602,BUY,ST_FLIP_RED,2025-09-20T11:00:00,2025-09-20T21:00:00,long,115659.5,115845.5,100,0.1,11565.95,100.0,18.6,8.49,713.16,0.01,186,0.16,0,0.0,14379.98,1207918.32,14.38,1156.6,0.1,10,5.0,0.01,0,0.0,10.11,115535.5
603,SELL,ST_FLIP_GREEN,2025-09-20T21:00:00,2025-09-21T08:00:00,short,115845.5,115659.5,100,0.1,11584.55,100.0,18.6,8.49,713.16,0.01,186,0.16,0,0.0,14388.47,1208631.48,14.39,1158.46,0.1,10,5.0,0.01,0,0.0,10.11,115969.5
604,BUY,ST_FLIP_RED,2025-09-21T08:00:00,2025-09-21T09:00:00,long,115659.5,115473.5,100,0.1,11565.95,100.0,-18.6,-28.71,-2411.64,-0.03,0,0.0,186,0.16,14359.76,1206219.84,14.36,1156.6,0.1,10,5.0,0.01,0,0.0,10.11,115535.5
605,SELL,ST_FLIP_GREEN,2025-09-21T09:00:00,2025-09-21T11:00:00,short,115473.5,115659.5,100,0.1,11547.35,100.0,-18.6,-28.71,-2411.64,-0.03,0,0.0,186,0.16,14331.05,1203808.2,14.33,1154.74,0.1,10,5.0,0.01,0,0.0,10.11,115597.5
606,BUY,ST_FLIP_RED,2025-09-21T11:00:00,2025-09-21T12:00:00,long,115659.5,115597.5,100,0.1,11565.95,100.0,-6.2,-16.31,-1370.04,-0.02,0,0.0,62,0.05,14314.74,1202438.16,14.31,1156.6,0.1,10,5.0,0.01,0,0.0,10.11,115535.5
607,SELL,ST_FLIP_GREEN,2025-09-21T12:00:00,2025-09-21T16:00:00,short,115597.5,115659.5,100,0.1,11559.75,100.0,-6.2,-16.31,-1370.04,-0.02,0,0.0,62,0.05,14298.43,1201068.12,14.3,1155.97,0.1,10,5.0,0.01,0,0.0,10.11,115721.5
608,BUY,ST_FLIP_RED,2025-09-21T16:00:00,2025-09-21T20:00:00,long,115659.5,115473.5,100,0.1,11565.95,100.0,-18.6,-28.71,-2411.64,-0.03,0,0.0,186,0.16,14269.72,1198656.48,14.27,1156.6,0.1,10,5.0,0.01,0,0.0,10.11,115535.5
609,SELL,ST_FLIP_GREEN,2025-09-21T20:00:00,2025-09-22T15:00:00,short,115473.5,112559.5,100,0.1,11547.35,100.0,291.4,281.29,23628.36,0.28,2914,2.52,0,0.0,14551.01,1222284.84,14.55,1154.74,0.1,10,5.0,0.01,0,0.0,10.11,115597.5
610,BUY,ST_FLIP_RED,2025-09-22T15:00:00,2025-09-22T17:00:00,long,112559.5,112497.5,100,0.1,11255.95,100.0,-6.2,-16.31,-1370.04,-0.02,0,0.0,62,0.06,14534.7,1220914.8,14.53,1125.6,0.1,10,5.0,0.01,0,0.0,10.11,112435.5
611,SELL,ST_FLIP_GREEN,2025-09-22T17:00:00,2025-09-22T18:00:00,short,112497.5,112683.5,100,0.1,11249.75,100.0,-18.6,-28.71,-2411.64,-0.03,0,0.0,186,0.17,14505.99,1218503.16,14.51,1124.97,0.1,10,5.0,0.01,0,0.0,10.11,112621.5
612,BUY,ST_FLIP_RED,2025-09-22T18:00:00,2025-09-22T20:00:00,long,112683.5,113117.5,100,0.1,11268.35,100.0,43.4,33.29,2796.36,0.03,434,0.39,0,0.0,14539.28,1221299.52,14.54,1126.84,0.1,10,5.0,0.01,0,0.0,10.11,112559.5
613,SELL,ST_FLIP_GREEN,2025-09-22T20:00:00,2025-09-22T23:00:00,short,113117.5,112559.5,100,0.1,11311.75,100.0,55.8,45.69,3837.96,0.05,558,0.49,0,0.0,14584.97,1225137.48,14.58,1131.17,0.1,10,5.0,0.01,0,0.0,10.11,113241.5
614,BUY,ST_FLIP_RED,2025-09-22T23:00:00,2025-09-23T00:00:00,long,112559.5,112497.5,100,0.1,11255.95,100.0,-6.2,-16.31,-1370.04,-0.02,0,0.0,62,0.06,14568.66,1223767.44,14.57,1125.6,0.1,10,5.0,0.01,0,0.0,10.11,112435.5
615,SELL,ST_FLIP_GREEN,2025-09-23T00:00:00,2025-09-23T02:00:00,short,112497.5,112435.5,100,0.1,11249.75,100.0,6.2,-3.91,-328.44,-0.0,62,0.06,0,0.0,14564.75,1223439.0,14.56,1124.97,0.1,10,5.0,0.01,0,0.0,10.11,112621.5
616,BUY,ST_FLIP_RED,2025-09-23T02:00:00,2025-09-23T06:00:00,long,112435.5,112497.5,100,0.1,11243.55,100.0,6.2,-3.91,-328.44,-0.0,62,0.06,0,0.0,14560.84,1223110.56,14.56,1124.36,0.1,10,5.0,0.01,0,0.0,10.11,112311.5
617,SELL,ST_FLIP_GREEN,2025-09-23T06:00:00,2025-09-23T08:00:00,short,112497.5,112187.5,100,0.1,11249.75,100.0,31.0,20.89,1754.76,0.02,310,0.28,0,0.0,14581.73,1224865.32,14.58,1124.97,0.1,10,5.0,0.01,0,0.0,10.11,112621.5
618,BUY,ST_FLIP_RED,2025-09-23T08:00:00,2025-09-23T09:00:00,long,112187.5,112125.5,100,0.1,11218.75,100.0,-6.2,-16.31,-1370.04,-0.02,0,0.0,62,0.06,14565.42,1223495.28,14.57,1121.88,0.1,10,5.0,0.01,0,0.0,10.11,112063.5
619,SELL,ST_FLIP_GREEN,2025-09-23T09:00:00,2025-09-23T10:00:00,short,112125.5,112125.5,100,0.1,11212.55,100.0,0.0,-10.11,-849.24,-0.01,0,0.0,0,0.0,14555.31,1222646.04,14.56,1121.26,0.1,10,5.0,0.01,0,0.0,10.11,112249.5
620,BUY,ST_FLIP_RED,2025-09-23T10:00:00,2025-09-23T15:00:00,long,112125.5,112869.5,100,0.1,11212.55,100.0,74.4,64.29,5400.36,0.06,744,0.66,0,0.0,14619.6,1228046.4,14.62,1121.26,0.1,10,5.0,0.01,0,0.0,10.11,112001.5
621,SELL,ST_FLIP_GREEN,2025-09-23T15:00:00,2025-09-24T02:00:00,short,112869.5,111815.5,100,0.1,11286.95,100.0,105.4,95.29,8004.36,0.1,1054,0.93,0,0.0,14714.89,1236050.76,14.71,1128.7,0.1,10,5.0,0.01,0,0.0,10.11,112993.5
622,BUY,ST_FLIP_RED,2025-09-24T02:00:00,2025-09-24T04:00:00,long,111815.5,111877.5,100,0.1,11181.55,100.0,6.2,-3.91,-328.44,-0.0,62,0.06,0,0.0,14710.98,1235722.32,14.71,1118.16,0.1,10,5.0,0.01,0,0.0,10.11,111691.5
623,SELL,ST_FLIP_GREEN,2025-09-24T04:00:00,2025-09-24T05:00:00,short,111877.5,112001.5,100,0.1,11187.75,100.0,-12.4,-22.51,-1890.84,-0.02,0,0.0,124,0.11,14688.47,1233831.48,14.69,1118.78,0.1,10,5.0,0.01,0,0.0,10.11,112001.5
624,BUY,ST_FLIP_RED,2025-09-24T05:00:00,2025-09-24T08:00:00,long,112001.5,112125.5,100,0.1,11200.15,100.0,12.4,2.29,192.36,0.0,124,0.11,0,0.0,14690.76,1234023.84,14.69,1120.02,0.1,10,5.0,0.01,0,0.0,10.11,111877.5
625,SELL,ST_FLIP_GREEN,2025-09-24T08:00:00,2025-09-24T09:00:00,short,112125.5,111877.5,100,0.1,11212.55,100.0,24.8,14.69,1233.96,0.01,248,0.22,0,0.0,14705.45,1235257.8,14.71,1121.26,0.1,10,5.0,0.01,0,0.0,10.11,112249.5
626,BUY,ST_FLIP_RED,2025-09-24T09:00:00,2025-09-24T13:00:00,long,111877.5,112373.5,100,0.1,11187.75,100.0,49.6,39.49,3317.16,0.04,496,0.44,0,0.0,14744.94,1238574.96,14.74,1118.78,0.1,10,5.0,0.01,0,0.0,10.11,111753.5
627,SELL,ST_FLIP_GREEN,2025-09-24T13:00:00,2025-09-24T14:00:00,short,112373.5,112559.5,100,0.1,11237.35,100.0,-18.6,-28.71,-2411.64,-0.03,0,0.0,186,0.17,14716.23,1236163.32,14.72,1123.74,0.1,10,5.0,0.01,0,0.0,10.11,112497.5
628,BUY,ST_FLIP_RED,2025-09-24T14:00:00,2025-09-25T00:00:00,long,112559.5,113489.5,100,0.1,11255.95,100.0,93.0,82.89,6962.76,0.08,930,0.83,0,0.0,14799.12,1243126.08,14.8,1125.6,0.1,10,5.0,0.01,0,0.0,10.11,112435.5
629,SELL,ST_FLIP_GREEN,2025-09-25T00:00:00,2025-09-25T13:00:00,short,113489.5,111877.5,100,0.1,11348.95,100.0,161.2,151.09,12691.56,0.15,1612,1.42,0,0.0,14950.21,1255817.64,14.95,1134.89,0.1,10,5.0,0.01,0,0.0,10.11,113613.5
630,BUY,ST_FLIP_RED,2025-09-25T13:00:00,2025-09-25T15:00:00,long,111877.5,111815.5,100,0.1,11187.75,100.0,-6.2,-16.31,-1370.04,-0.02,0,0.0,62,0.06,14933.9,1254447.6,14.93,1118.78,0.1,10,5.0,0.01,0,0.0,10.11,111753.5
631,SELL,ST_FLIP_GREEN,2025-09-25T15:00:00,2025-09-25T18:00:00,short,111815.5,111319.5,100,0.1,11181.55,100.0,49.6,39.49,3317.16,0.04,496,0.44,0,0.0,14973.39,1257764.76,14.97,1118.16,0.1,10,5.0,0.01,0,0.0,10.11,111939.5
632,BUY,ST_FLIP_RED,2025-09-25T18:00:00,2025-09-25T19:00:00,long,111319.5,111443.5,100,0.1,11131.95,100.0,12.4,2.29,192.36,0.0,124,0.11,0,0.0,14975.68,1257957.12,14.98,1113.2,0.1,10,5.0,0.01,0,0.0,10.11,111195.5
633,SELL,ST_FLIP_GREEN,2025-09-25T19:00:00,2025-09-25T21:00:00,short,111443.5,111133.5,100,0.1,11144.35,100.0,31.0,20.89,1754.76,0.02,310,0.28,0,0.0,14996.57,1259711.88,15.0,1114.43,0.1,10,5.0,0.01,0,0.0,10.11,111567.5
634,BUY,ST_FLIP_RED,2025-09-25T21:00:00,2025-09-25T22:00:00,long,111133.5,110947.5,100,0.1,11113.35,100.0,-18.6,-28.71,-2411.64,-0.03,0,0.0,186,0.17,14967.86,1257300.24,14.97,1111.34,0.1,10,5.0,0.01,0,0.0,10.11,111009.5
635,SELL,ST_FLIP_GREEN,2025-09-25T22:00:00,2025-09-26T00:00:00,short,110947.5,109645.5,100,0.1,11094.75,100.0,130.2,120.09,10087.56,0.12,1302,1.17,0,0.0,15087.95,1267387.8,15.09,1109.47,0.1,10,5.0,0.01,0,0.0,10.11,111071.5
636,BUY,ST_FLIP_RED,2025-09-26T00:00:00,2025-09-26T01:00:00,long,109645.5,109645.5,100,0.1,10964.55,100.0,0.0,-10.11,-849.24,-0.01,0,0.0,0,0.0,15077.84,1266538.56,15.08,1096.46,0.1,10,5.0,0.01,0,0.0,10.11,109521.5
637,SELL,ST_FLIP_GREEN,2025-09-26T01:00:00,2025-09-26T03:00:00,short,109645.5,109459.5,100,0.1,10964.55,100.0,18.6,8.49,713.16,0.01,186,0.17,0,0.0,15086.33,1267251.72,15.09,1096.46,0.1,10,5.0,0.01,0,0.0,10.11,109769.5
638,BUY,ST_FLIP_RED,2025-09-26T03:00:00,2025-09-26T05:00:00,long,109459.5,109273.5,100,0.1,10945.95,100.0,-18.6,-28.71,-2411.64,-0.03,0,0.0,186,0.17,15057.62,1264840.08,15.06,1094.6,0.1,10,5.0,0.01,0,0.0,10.11,109335.5
639,SELL,ST_FLIP_GREEN,2025-09-26T05:00:00,2025-09-26T06:00:00,short,109273.5,109459.5,100,0.1,10927.35,100.0,-18.6,-28.71,-2411.64,-0.03,0,0.0,186,0.17,15028.91,1262428.44,15.03,1092.74,0.1,10,5.0,0.01,0,0.0,10.11,109397.5
640,BUY,ST_FLIP_RED,2025-09-26T06:00:00,2025-09-26T08:00:00,long,109459.5,109397.5,100,0.1,10945.95,100.0,-6.2,-16.31,-1370.04,-0.02,0,0.0,62,0.06,15012.6,1261058.4,15.01,1094.6,0.1,10,5.0,0.01,0,0.0,10.11,109335.5
641,SELL,ST_FLIP_GREEN,2025-09-26T08:00:00,2025-09-26T10:00:00,short,109397.5,109459.5,100,0.1,10939.75,100.0,-6.2,-16.31,-1370.04,-0.02,0,0.0,62,0.06,14996.29,1259688.36,15.0,1093.97,0.1,10,5.0,0.01,0,0.0,10.11,109521.5
642,BUY,ST_FLIP_RED,2025-09-26T10:00:00,2025-09-26T12:00:00,long,109459.5,109335.5,100,0.1,10945.95,100.0,-12.4,-22.51,-1890.84,-0.02,0,0.0,124,0.11,14973.78,1257797.52,14.97,1094.6,0.1,10,5.0,0.01,0,0.0,10.11,109335.5
643,SELL,ST_FLIP_GREEN,2025-09-26T12:00:00,2025-09-26T13:00:00,short,109335.5,109397.5,100,0.1,10933.55,100.0,-6.2,-16.31,-1370.04,-0.02,0,0.0,62,0.06,14957.47,1256427.48,14.96,1093.36,0.1,10,5.0,0.01,0,0.0,10.11,109459.5
644,BUY,ST_FLIP_RED,2025-09-26T13:00:00,2025-09-26T15:00:00,long,109397.5,109397.5,100,0.1,10939.75,100.0,0.0,-10.11,-849.24,-0.01,0,0.0,0,0.0,14947.36,1255578.24,14.95,1093.97,0.1,10,5.0,0.01,0,0.0,10.11,109273.5
645,SELL,ST_FLIP_GREEN,2025-09-26T15:00:00,2025-09-26T17:00:00,short,109397.5,108901.5,100,0.1,10939.75,100.0,49.6,39.49,3317.16,0.04,496,0.45,0,0.0,14986.85,1258895.4,14.99,1093.97,0.1,10,5.0,0.01,0,0.0,10.11,109521.5
646,BUY,ST_FLIP_RED,2025-09-26T17:00:00,2025-09-27T00:00:00,long,108901.5,109955.5,100,0.1,10890.15,100.0,105.4,95.29,8004.36,0.1,1054,0.97,0,0.0,15082.14,1266899.76,15.08,1089.02,0.1,10,5.0,0.01,0,0.0,10.11,108777.5
647,SELL,ST_FLIP_GREEN,2025-09-27T00:00:00,2025-09-27T02:00:00,short,109955.5,109335.5,100,0.1,10995.55,100.0,62.0,51.89,4358.76,0.05,620,0.56,0,0.0,15134.03,1271258.52,15.13,1099.56,0.1,10,5.0,0.01,0,0.0,10.11,110079.5
648,BUY,ST_FLIP_RED,2025-09-27T02:00:00,2025-09-27T07:00:00,long,109335.5,109335.5,100,0.1,10933.55,100.0,0.0,-10.11,-849.24,-0.01,0,0.0,0,0.0,15123.92,1270409.28,15.12,1093.36,0.1,10,5.0,0.01,0,0.0,10.11,109211.5
649,SELL,ST_FLIP_GREEN,2025-09-27T07:00:00,2025-09-27T08:00:00,short,109335.5,109459.5,100,0.1,10933.55,100.0,-12.4,-22.51,-1890.84,-0.02,0,0.0,124,0.11,15101.41,1268518.44,15.1,1093.36,0.1,10,5.0,0.01,0,0.0,10.11,109459.5
650,BUY,ST_FLIP_RED,2025-09-27T08:00:00,2025-09-27T11:00:00,long,109459.5,109459.5,100,0.1,10945.95,100.0,0.0,-10.11,-849.24,-0.01,0,0.0,0,0.0,15091.3,1267669.2,15.09,1094.6,0.1,10,5.0,0.01,0,0.0,10.11,109335.5
651,SELL,ST_FLIP_GREEN,2025-09-27T11:00:00,2025-09-27T15:00:00,short,109459.5,109273.5,100,0.1,10945.95,100.0,18.6,8.49,713.16,0.01,186,0.17,0,0.0,15099.79,1268382.36,15.1,1094.6,0.1,10,5.0,0.01,0,0.0,10.11,109583.5
652,BUY,ST_FLIP_RED,2025-09-27T15:00:00,2025-09-28T04:00:00,long,109273.5,109459.5,100,0.1,10927.35,100.0,18.6,8.49,713.16,0.01,186,0.17,0,0.0,15108.28,1269095.52,15.11,1092.74,0.1,10,5.0,0.01,0,0.0,10.11,109149.5
653,SELL,ST_FLIP_GREEN,2025-09-28T04:00:00,2025-09-28T05:00:00,short,109459.5,109645.5,100,0.1,10945.95,100.0,-18.6,-28.71,-2411.64,-0.03,0,0.0,186,0.17,15079.57,1266683.88,15.08,1094.6,0.1,10,5.0,0.01,0,0.0,10.11,109583.5
654,BUY,ST_FLIP_RED,2025-09-28T05:00:00,2025-09-28T06:00:00,long,109645.5,109583.5,100,0.1,10964.55,100.0,-6.2,-16.31,-1370.04,-0.02,0,0.0,62,0.06,15063.26,1265313.84,15.06,1096.46,0.1,10,5.0,0.01,0,0.0,10.11,109521.5
655,SELL,ST_FLIP_GREEN,2025-09-28T06:00:00,2025-09-28T12:00:00,short,109583.5,109459.5,100,0.1,10958.35,100.0,12.4,2.29,192.36,0.0,124,0.11,0,0.0,15065.55,1265506.2,15.07,1095.84,0.1,10,5.0,0.01,0,0.0,10.11,109707.5
656,BUY,ST_FLIP_RED,2025-09-28T12:00:00,2025-09-28T16:00:00,long,109459.5,109273.5,100,0.1,10945.95,100.0,-18.6,-28.71,-2411.64,-0.03,0,0.0,186,0.17,15036.84,1263094.56,15.04,1094.6,0.1,10,5.0,0.01,0,0.0,10.11,109335.5
657,SELL,ST_FLIP_GREEN,2025-09-28T16:00:00,2025-09-28T17:00:00,short,109273.5,109397.5,100,0.1,10927.35,100.0,-12.4,-22.51,-1890.84,-0.02,0,0.0,124,0.11,15014.33,1261203.72,15.01,1092.74,0.1,10,5.0,0.01,0,0.0,10.11,109397.5
658,BUY,ST_FLIP_RED,2025-09-28T17:00:00,2025-09-29T07:00:00,long,109397.5,111939.5,100,0.1,10939.75,100.0,254.2,244.09,20503.56,0.24,2542,2.32,0,0.0,15258.42,1281707.28,15.26,1093.97,0.1,10,5.0,0.01,0,0.0,10.11,109273.5
659,SELL,ST_FLIP_GREEN,2025-09-29T07:00:00,2025-09-29T13:00:00,short,111939.5,111753.5,100,0.1,11193.95,100.0,18.6,8.49,713.16,0.01,186,0.17,0,0.0,15266.91,1282420.44,15.27,1119.39,0.1,10,5.0,0.01,0,0.0,10.11,112063.5
660,BUY,ST_FLIP_RED,2025-09-29T13:00:00,2025-09-29T16:00:00,long,111753.5,112001.5,100,0.1,11175.35,100.0,24.8,14.69,1233.96,0.01,248,0.22,0,0.0,15281.6,1283654.4,15.28,1117.54,0.1,10,5.0,0.01,0,0.0,10.11,111629.5
661,SELL,ST_FLIP_GREEN,2025-09-29T16:00:00,2025-09-29T17:00:00,short,112001.5,112063.5,100,0.1,11200.15,100.0,-6.2,-16.31,-1370.04,-0.02,0,0.0,62,0.06,15265.29,1282284.36,15.27,1120.02,0.1,10,5.0,0.01,0,0.0,10.11,112125.5
662,BUY,ST_FLIP_RED,2025-09-29T17:00:00,2025-09-29T18:00:00,long,112063.5,112187.5,100,0.1,11206.35,100.0,12.4,2.29,192.36,0.0,124,0.11,0,0.0,15267.58,1282476.72,15.27,1120.63,0.1,10,5.0,0.01,0,0.0,10.11,111939.5
663,SELL,ST_FLIP_GREEN,2025-09-29T18:00:00,2025-09-29T19:00:00,short,112187.5,112311.5,100,0.1,11218.75,100.0,-12.4,-22.51,-1890.84,-0.02,0,0.0,124,0.11,15245.07,1280585.88,15.25,1121.88,0.1,10,5.0,0.01,0,0.0,10.11,112311.5
664,BUY,ST_FLIP_RED,2025-09-29T19:00:00,2025-09-30T03:00:00,long,112311.5,114047.5,100,0.1,11231.15,100.0,173.6,163.49,13733.16,0.16,1736,1.55,0,0.0,15408.56,1294319.04,15.41,1123.12,0.1,10,5.0,0.01,0,0.0,10.11,112187.5
665,SELL,ST_FLIP_GREEN,2025-09-30T03:00:00,2025-09-30T04:00:00,short,114047.5,114171.5,100,0.1,11404.75,100.0,-12.4,-22.51,-1890.84,-0.02,0,0.0,124,0.11,15386.05,1292428.2,15.39,1140.47,0.1,10,5.0,0.01,0,0.0,10.11,114171.5
666,BUY,ST_FLIP_RED,2025-09-30T04:00:00,2025-09-30T05:00:00,long,114171.5,114109.5,100,0.1,11417.15,100.0,-6.2,-16.31,-1370.04,-0.02,0,0.0,62,0.05,15369.74,1291058.16,15.37,1141.72,0.1,10,5.0,0.01,0,0.0,10.11,114047.5
667,SELL,ST_FLIP_GREEN,2025-09-30T05:00:00,2025-09-30T06:00:00,short,114109.5,114295.5,100,0.1,11410.95,100.0,-18.6,-28.71,-2411.64,-0.03,0,0.0,186,0.16,15341.03,1288646.52,15.34,1141.1,0.1,10,5.0,0.01,0,0.0,10.11,114233.5
668,BUY,ST_FLIP_RED,2025-09-30T06:00:00,2025-09-30T07:00:00,long,114295.5,114419.5,100,0.1,11429.55,100.0,12.4,2.29,192.36,0.0,124,0.11,0,0.0,15343.32,1288838.88,15.34,1142.96,0.1,10,5.0,0.01,0,0.0,10.11,114171.5
669,SELL,ST_FLIP_GREEN,2025-09-30T07:00:00,2025-09-30T17:00:00,short,114419.5,112993.5,100,0.1,11441.95,100.0,142.6,132.49,11129.16,0.13,1426,1.25,0,0.0,15475.81,1299968.04,15.48,1144.2,0.1,10,5.0,0.01,0,0.0,10.11,114543.5
670,BUY,ST_FLIP_RED,2025-09-30T17:00:00,2025-09-30T19:00:00,long,112993.5,113055.5,100,0.1,11299.35,100.0,6.2,-3.91,-328.44,-0.0,62,0.05,0,0.0,15471.9,1299639.6,15.47,1129.93,0.1,10,5.0,0.01,0,0.0,10.11,112869.5
671,SELL,ST_FLIP_GREEN,2025-09-30T19:00:00,2025-09-30T22:00:00,short,113055.5,113179.5,100,0.1,11305.55,100.0,-12.4,-22.51,-1890.84,-0.02,0,0.0,124,0.11,15449.39,1297748.76,15.45,1130.56,0.1,10,5.0,0.01,0,0.0,10.11,113179.5
672,BUY,ST_FLIP_RED,2025-09-30T22:00:00,2025-10-01T03:00:00,long,113179.5,114109.5,100,0.1,11317.95,100.0,93.0,82.89,6962.76,0.08,930,0.82,0,0.0,15532.28,1304711.52,15.53,1131.8,0.1,10,5.0,0.01,0,0.0,10.11,113055.5
673,SELL,ST_FLIP_GREEN,2025-10-01T03:00:00,2025-10-01T06:00:00,short,114109.5,114109.5,100,0.1,11410.95,100.0,0.0,-10.11,-849.24,-0.01,0,0.0,0,0.0,15522.17,1303862.28,15.52,1141.1,0.1,10,5.0,0.01,0,0.0,10.11,114233.5
674,BUY,ST_FLIP_RED,2025-10-01T06:00:00,2025-10-01T11:00:00,long,114109.5,114357.5,100,0.1,11410.95,100.0,24.8,14.69,1233.96,0.01,248,0.22,0,0.0,15536.86,1305096.24,15.54,1141.1,0.1,10,5.0,0.01,0,0.0,10.11,113985.5
675,SELL,ST_FLIP_GREEN,2025-10-01T11:00:00,2025-10-01T12:00:00,short,114357.5,114481.5,100,0.1,11435.75,100.0,-12.4,-22.51,-1890.84,-0.02,0,0.0,124,0.11,15514.35,1303205.4,15.51,1143.58,0.1,10,5.0,0.01,0,0.0,10.11,114481.5
676,BUY,ST_FLIP_RED,2025-10-01T12:00:00,2025-10-01T22:00:00,long,114481.5,117643.5,100,0.1,11448.15,100.0,316.2,306.09,25711.56,0.31,3162,2.76,0,0.0,15820.44,1328916.96,15.82,1144.82,0.1,10,5.0,0.01,0,0.0,10.11,114357.5
677,SELL,ST_FLIP_GREEN,2025-10-01T22:00:00,2025-10-02T00:00:00,short,117643.5,117209.5,100,0.1,11764.35,100.0,43.4,33.29,2796.36,0.03,434,0.37,0,0.0,15853.73,1331713.32,15.85,1176.43,0.1,10,5.0,0.01,0,0.0,10.11,117767.5
678,BUY,ST_FLIP_RED,2025-10-02T00:00:00,2025-10-02T06:00:00,long,117209.5,118697.5,100,0.1,11720.95,100.0,148.8,138.69,11649.96,0.14,1488,1.27,0,0.0,15992.42,1343363.28,15.99,1172.1,0.1,10,5.0,0.01,0,0.0,10.11,117085.5
679,SELL,ST_FLIP_GREEN,2025-10-02T06:00:00,2025-10-02T08:00:00,short,118697.5,118635.5,100,0.1,11869.75,100.0,6.2,-3.91,-328.44,-0.0,62,0.05,0,0.0,15988.51,1343034.84,15.99,1186.97,0.1,10,5.0,0.01,0,0.0,10.11,118821.5
680,BUY,ST_FLIP_RED,2025-10-02T08:00:00,2025-10-02T09:00:00,long,118635.5,118759.5,100,0.1,11863.55,100.0,12.4,2.29,192.36,0.0,124,0.1,0,0.0,15990.8,1343227.2,15.99,1186.36,0.1,10,5.0,0.01,0,0.0,10.11,118511.5
681,SELL,ST_FLIP_GREEN,2025-10-02T09:00:00,2025-10-02T13:00:00,short,118759.5,118635.5,100,0.1,11875.95,100.0,12.4,2.29,192.36,0.0,124,0.1,0,0.0,15993.09,1343419.56,15.99,1187.6,0.1,10,5.0,0.01,0,0.0,10.11,118883.5
682,BUY,ST_FLIP_RED,2025-10-02T13:00:00,2025-10-02T20:00:00,long,118635.5,119441.5,100,0.1,11863.55,100.0,80.6,70.49,5921.16,0.07,806,0.68,0,0.0,16063.58,1349340.72,16.06,1186.36,0.1,10,5.0,0.01,0,0.0,10.11,118511.5
683,SELL,ST_FLIP_GREEN,2025-10-02T20:00:00,2025-10-02T21:00:00,short,119441.5,119565.5,100,0.1,11944.15,100.0,-12.4,-22.51,-1890.84,-0.02,0,0.0,124,0.1,16041.07,1347449.88,16.04,1194.42,0.1,10,5.0,0.01,0,0.0,10.11,119565.5
684,BUY,ST_FLIP_RED,2025-10-02T21:00:00,2025-10-02T22:00:00,long,119565.5,119813.5,100,0.1,11956.55,100.0,24.8,14.69,1233.96,0.01,248,0.21,0,0.0,16055.76,1348683.84,16.06,1195.66,0.1,10,5.0,0.01,0,0.0,10.11,119441.5
685,SELL,ST_FLIP_GREEN,2025-10-02T22:00:00,2025-10-02T23:00:00,short,119813.5,119565.5,100,0.1,11981.35,100.0,24.8,14.69,1233.96,0.01,248,0.21,0,0.0,16070.45,1349917.8,16.07,1198.13,0.1,10,5.0,0.01,0,0.0,10.11,119937.5
686,BUY,ST_FLIP_RED,2025-10-02T23:00:00,2025-10-03T01:00:00,long,119565.5,120495.5,100,0.1,11956.55,100.0,93.0,82.89,6962.76,0.08,930,0.78,0,0.0,16153.34,1356880.56,16.15,1195.66,0.1,10,5.0,0.01,0,0.0,10.11,119441.5
687,SELL,ST_FLIP_GREEN,2025-10-03T01:00:00,2025-10-03T04:00:00,short,120495.5,120495.5,100,0.1,12049.55,100.0,0.0,-10.11,-849.24,-0.01,0,0.0,0,0.0,16143.23,1356031.32,16.14,1204.96,0.1,10,5.0,0.01,0,0.0,10.11,120619.5
688,BUY,ST_FLIP_RED,2025-10-03T04:00:00,2025-10-03T05:00:00,long,120495.5,120371.5,100,0.1,12049.55,100.0,-12.4,-22.51,-1890.84,-0.02,0,0.0,124,0.1,16120.72,1354140.48,16.12,1204.96,0.1,10,5.0,0.01,0,0.0,10.11,120371.5
689,SELL,ST_FLIP_GREEN,2025-10-03T05:00:00,2025-10-03T08:00:00,short,120371.5,120185.5,100,0.1,12037.15,100.0,18.6,8.49,713.16,0.01,186,0.15,0,0.0,16129.21,1354853.64,16.13,1203.72,0.1,10,5.0,0.01,0,0.0,10.11,120495.5
690,BUY,ST_FLIP_RED,2025-10-03T08:00:00,2025-10-03T10:00:00,long,120185.5,119999.5,100,0.1,12018.55,100.0,-18.6,-28.71,-2411.64,-0.03,0,0.0,186,0.15,16100.5,1352442.0,16.1,1201.86,0.1,10,5.0,0.01,0,0.0,10.11,120061.5
691,SELL,ST_FLIP_GREEN,2025-10-03T10:00:00,2025-10-03T14:00:00,short,119999.5,119875.5,100,0.1,11999.95,100.0,12.4,2.29,192.36,0.0,124,0.1,0,0.0,16102.79,1352634.36,16.1,1200.0,0.1,10,5.0,0.01,0,0.0,10.11,120123.5
692,BUY,ST_FLIP_RED,2025-10-03T14:00:00,2025-10-03T16:00:00,long,119875.5,120247.5,100,0.1,11987.55,100.0,37.2,27.09,2275.56,0.03,372,0.31,0,0.0,16129.88,1354909.92,16.13,1198.76,0.1,10,5.0,0.01,0,0.0,10.11,119751.5
693,SELL,ST_FLIP_GREEN,2025-10-03T16:00:00,2025-10-03T18:00:00,short,120247.5,120433.5,100,0.1,12024.75,100.0,-18.6,-28.71,-2411.64,-0.03,0,0.0,186,0.15,16101.17,1352498.28,16.1,1202.47,0.1,10,5.0,0.01,0,0.0,10.11,120371.5
694,BUY,ST_FLIP_RED,2025-10-03T18:00:00,2025-10-03T19:00:00,long,120433.5,120371.5,100,0.1,12043.35,100.0,-6.2,-16.31,-1370.04,-0.02,0,0.0,62,0.05,16084.86,1351128.24,16.08,1204.34,0.1,10,5.0,0.01,0,0.0,10.11,120309.5
695,SELL,ST_FLIP_GREEN,2025-10-03T19:00:00,2025-10-03T20:00:00,short,120371.5,120557.5,100,0.1,12037.15,100.0,-18.6,-28.71,-2411.64,-0.03,0,0.0,186,0.15,16056.15,1348716.6,16.06,1203.72,0.1,10,5.0,0.01,0,0.0,10.11,120495.5
696,BUY,ST_FLIP_RED,2025-10-03T20:00:00,2025-10-03T22:00:00,long,120557.5,123409.5,100,0.1,12055.75,100.0,285.2,275.09,23107.56,0.28,2852,2.37,0,0.0,16331.24,1371824.16,16.33,1205.58,0.1,10,5.0,0.01,0,0.0,10.11,120433.5
697,SELL,ST_FLIP_GREEN,2025-10-03T22:00:00,2025-10-04T00:00:00,short,123409.5,122665.5,100,0.1,12340.95,100.0,74.4,64.29,5400.36,0.06,744,0.6,0,0.0,16395.53,1377224.52,16.4,1234.1,0.1,10,5.0,0.01,0,0.0,10.11,123533.5
698,BUY,ST_FLIP_RED,2025-10-04T00:00:00,2025-10-04T01:00:00,long,122665.5,122603.5,100,0.1,12266.55,100.0,-6.2,-16.31,-1370.04,-0.02,0,0.0,62,0.05,16379.22,1375854.48,16.38,1226.66,0.1,10,5.0,0.01,0,0.0,10.11,122541.5
699,SELL,ST_FLIP_GREEN,2025-10-04T01:00:00,2025-10-04T02:00:00,short,122603.5,122293.5,100,0.1,12260.35,100.0,31.0,20.89,1754.76,0.02,310,0.25,0,0.0,16400.11,1377609.24,16.4,1226.04,0.1,10,5.0,0.01,0,0.0,10.11,122727.5
700,BUY,ST_FLIP_RED,2025-10-04T02:00:00,2025-10-04T04:00:00,long,122293.5,122231.5,100,0.1,12229.35,100.0,-6.2,-16.31,-1370.04,-0.02,0,0.0,62,0.05,16383.8,1376239.2,16.38,1222.93,0.1,10,5.0,0.01,0,0.0,10.11,122169.5
701,SELL,ST_FLIP_GREEN,2025-10-04T04:00:00,2025-10-04T08:00:00,short,122231.5,121983.5,100,0.1,12223.15,100.0,24.8,14.69,1233.96,0.01,248,0.2,0,0.0,16398.49,1377473.16,16.4,1222.32,0.1,10,5.0,0.01,0,0.0,10.11,122355.5
702,BUY,ST_FLIP_RED,2025-10-04T08:00:00,2025-10-04T11:00:00,long,121983.5,122417.5,100,0.1,12198.35,100.0,43.4,33.29,2796.36,0.03,434,0.36,0,0.0,16431.78,1380269.52,16.43,1219.84,0.1,10,5.0,0.01,0,0.0,10.11,121859.5
703,SELL,ST_FLIP_GREEN,2025-10-04T11:00:00,2025-10-04T18:00:00,short,122417.5,122231.5,100,0.1,12241.75,100.0,18.6,8.49,713.16,0.01,186,0.15,0,0.0,16440.27,1380982.68,16.44,1224.17,0.1,10,5.0,0.01,0,0.0,10.11,122541.5
704,BUY,ST_FLIP_RED,2025-10-04T18:00:00,2025-10-04T20:00:00,long,122231.5,122107.5,100,0.1,12223.15,100.0,-12.4,-22.51,-1890.84,-0.02,0,0.0,124,0.1,16417.76,1379091.84,16.42,1222.32,0.1,10,5.0,0.01,0,0.0,10.11,122107.5
705,SELL,ST_FLIP_GREEN,2025-10-04T20:00:00,2025-10-04T22:00:00,short,122107.5,121859.5,100,0.1,12210.75,100.0,24.8,14.69,1233.96,0.01,248,0.2,0,0.0,16432.45,1380325.8,16.43,1221.08,0.1,10,5.0,0.01,0,0.0,10.11,122231.5
706,BUY,ST_FLIP_RED,2025-10-04T22:00:00,2025-10-04T23:00:00,long,121859.5,121673.5,100,0.1,12185.95,100.0,-18.6,-28.71,-2411.64,-0.03,0,0.0,186,0.15,16403.74,1377914.16,16.4,1218.6,0.1,10,5.0,0.01,0,0.0,10.11,121735.5
707,SELL,ST_FLIP_GREEN,2025-10-04T23:00:00,2025-10-05T01:00:00,short,121673.5,121859.5,100,0.1,12167.35,100.0,-18.6,-28.71,-2411.64,-0.03,0,0.0,186,0.15,16375.03,1375502.52,16.38,1216.74,0.1,10,5.0,0.01,0,0.0,10.11,121797.5
708,BUY,ST_FLIP_RED,2025-10-05T01:00:00,2025-10-05T06:00:00,long,121859.5,122169.5,100,0.1,12185.95,100.0,31.0,20.89,1754.76,0.02,310,0.25,0,0.0,16395.92,1377257.28,16.4,1218.6,0.1,10,5.0,0.01,0,0.0,10.11,121735.5
709,SELL,ST_FLIP_GREEN,2025-10-05T06:00:00,2025-10-05T07:00:00,short,122169.5,122355.5,100,0.1,12216.95,100.0,-18.6,-28.71,-2411.64,-0.03,0,0.0,186,0.15,16367.21,1374845.64,16.37,1221.7,0.1,10,5.0,0.01,0,0.0,10.11,122293.5
710,BUY,ST_FLIP_RED,2025-10-05T07:00:00,2025-10-05T11:00:00,long,122355.5,125145.5,100,0.1,12235.55,100.0,279.0,268.89,22586.76,0.27,2790,2.28,0,0.0,16636.1,1397432.4,16.64,1223.56,0.1,10,5.0,0.01,0,0.0,10.11,122231.5
711,SELL,ST_FLIP_GREEN,2025-10-05T11:00:00,2025-10-05T16:00:00,short,125145.5,123223.5,100,0.1,12514.55,100.0,192.2,182.09,15295.56,0.18,1922,1.54,0,0.0,16818.19,1412727.96,16.82,1251.46,0.1,10,5.0,0.01,0,0.0,10.11,125269.5
712,BUY,ST_FLIP_RED,2025-10-05T16:00:00,2025-10-05T17:00:00,long,123223.5,123161.5,100,0.1,12322.35,100.0,-6.2,-16.31,-1370.04,-0.02,0,0.0,62,0.05,16801.88,1411357.92,16.8,1232.24,0.1,10,5.0,0.01,0,0.0,10.11,123099.5
713,SELL,ST_FLIP_GREEN,2025-10-05T17:00:00,2025-10-05T18:00:00,short,123161.5,123223.5,100,0.1,12316.15,100.0,-6.2,-16.31,-1370.04,-0.02,0,0.0,62,0.05,16785.57,1409987.88,16.79,1231.62,0.1,10,5.0,0.01,0,0.0,10.11,123285.5
714,BUY,ST_FLIP_RED,2025-10-05T18:00:00,2025-10-05T20:00:00,long,123223.5,123099.5,100,0.1,12322.35,100.0,-12.4,-22.51,-1890.84,-0.02,0,0.0,124,0.1,16763.06,1408097.04,16.76,1232.24,0.1,10,5.0,0.01,0,0.0,10.11,123099.5
715,SELL,ST_FLIP_GREEN,2025-10-05T20:00:00,2025-10-05T22:00:00,short,123099.5,123037.5,100,0.1,12309.95,100.0,6.2,-3.91,-328.44,-0.0,62,0.05,0,0.0,16759.15,1407768.6,16.76,1231.0,0.1,10,5.0,0.01,0,0.0,10.11,123223.5
716,BUY,ST_FLIP_RED,2025-10-05T22:00:00,2025-10-05T23:00:00,long,123037.5,122975.5,100,0.1,12303.75,100.0,-6.2,-16.31,-1370.04,-0.02,0,0.0,62,0.05,16742.84,1406398.56,16.74,1230.38,0.1,10,5.0,0.01,0,0.0,10.11,122913.5
717,SELL,ST_FLIP_GREEN,2025-10-05T23:00:00,2025-10-06T03:00:00,short,122975.5,122851.5,100,0.1,12297.55,100.0,12.4,2.29,192.36,0.0,124,0.1,0,0.0,16745.13,1406590.92,16.75,1229.76,0.1,10,5.0,0.01,0,0.0,10.11,123099.5
718,BUY,ST_FLIP_RED,2025-10-06T03:00:00,2025-10-06T10:00:00,long,122851.5,123719.5,100,0.1,12285.15,100.0,86.8,76.69,6441.96,0.08,868,0.71,0,0.0,16821.82,1413032.88,16.82,1228.52,0.1,10,5.0,0.01,0,0.0,10.11,122727.5
719,SELL,ST_FLIP_GREEN,2025-10-06T10:00:00,2025-10-06T11:00:00,short,123719.5,123719.5,100,0.1,12371.95,100.0,0.0,-10.11,-849.24,-0.01,0,0.0,0,0.0,16811.71,1412183.64,16.81,1237.2,0.1,10,5.0,0.01,0,0.0,10.11,123843.5
720,BUY,ST_FLIP_RED,2025-10-06T11:00:00,2025-10-06T21:00:00,long,123719.5,124897.5,100,0.1,12371.95,100.0,117.8,107.69,9045.96,0.11,1178,0.95,0,0.0,16919.4,1421229.6,16.92,1237.2,0.1,10,5.0,0.01,0,0.0,10.11,123595.5
721,SELL,ST_FLIP_GREEN,2025-10-06T21:00:00,2025-10-06T22:00:00,short,124897.5,125021.5,100,0.1,12489.75,100.0,-12.4,-22.51,-1890.84,-0.02,0,0.0,124,0.1,16896.89,1419338.76,16.9,1248.97,0.1,10,5.0,0.01,0,0.0,10.11,125021.5
722,BUY,ST_FLIP_RED,2025-10-06T22:00:00,2025-10-06T23:00:00,long,125021.5,125455.5,100,0.1,12502.15,100.0,43.4,33.29,2796.36,0.03,434,0.35,0,0.0,16930.18,1422135.12,16.93,1250.22,0.1,10,5.0,0.01,0,0.0,10.11,124897.5
723,SELL,ST_FLIP_GREEN,2025-10-06T23:00:00,2025-10-07T00:00:00,short,125455.5,125331.5,100,0.1,12545.55,100.0,12.4,2.29,192.36,0.0,124,0.1,0,0.0,16932.47,1422327.48,16.93,1254.56,0.1,10,5.0,0.01,0,0.0,10.11,125579.5
724,BUY,ST_FLIP_RED,2025-10-07T00:00:00,2025-10-07T01:00:00,long,125331.5,125455.5,100,0.1,12533.15,100.0,12.4,2.29,192.36,0.0,124,0.1,0,0.0,16934.76,1422519.84,16.93,1253.32,0.1,10,5.0,0.01,0,0.0,10.11,125207.5
725,SELL,ST_FLIP_GREEN,2025-10-07T01:00:00,2025-10-07T03:00:00,short,125455.5,124959.5,100,0.1,12545.55,100.0,49.6,39.49,3317.16,0.04,496,0.4,0,0.0,16974.25,1425837.0,16.97,1254.56,0.1,10,5.0,0.01,0,0.0,10.11,125579.5
726,BUY,ST_FLIP_RED,2025-10-07T03:00:00,2025-10-07T04:00:00,long,124959.5,124959.5,100,0.1,12495.95,100.0,0.0,-10.11,-849.24,-0.01,0,0.0,0,0.0,16964.14,1424987.76,16.96,1249.6,0.1,10,5.0,0.01,0,0.0,10.11,124835.5
727,SELL,ST_FLIP_GREEN,2025-10-07T04:00:00,2025-10-07T09:00:00,short,124959.5,124339.5,100,0.1,12495.95,100.0,62.0,51.89,4358.76,0.05,620,0.5,0,0.0,17016.03,1429346.52,17.02,1249.6,0.1,10,5.0,0.01,0,0.0,10.11,125083.5
728,BUY,ST_FLIP_RED,2025-10-07T09:00:00,2025-10-07T11:00:00,long,124339.5,124215.5,100,0.1,12433.95,100.0,-12.4,-22.51,-1890.84,-0.02,0,0.0,124,0.1,16993.52,1427455.68,16.99,1243.39,0.1,10,5.0,0.01,0,0.0,10.11,124215.5
729,SELL,ST_FLIP_GREEN,2025-10-07T11:00:00,2025-10-07T14:00:00,short,124215.5,123843.5,100,0.1,12421.55,100.0,37.2,27.09,2275.56,0.03,372,0.3,0,0.0,17020.61,1429731.24,17.02,1242.16,0.1,10,5.0,0.01,0,0.0,10.11,124339.5
730,BUY,ST_FLIP_RED,2025-10-07T14:00:00,2025-10-07T19:00:00,long,123843.5,124525.5,100,0.1,12384.35,100.0,68.2,58.09,4879.56,0.06,682,0.55,0,0.0,17078.7,1434610.8,17.08,1238.43,0.1,10,5.0,0.01,0,0.0,10.11,123719.5
731,SELL,ST_FLIP_GREEN,2025-10-07T19:00:00,2025-10-07T22:00:00,short,124525.5,121301.5,100,0.1,12452.55,100.0,322.4,312.29,26232.36,0.31,3224,2.59,0,0.0,17390.99,1460843.16,17.39,1245.26,0.1,10,5.0,0.01,0,0.0,10.11,124649.5
732,BUY,ST_FLIP_RED,2025-10-07T22:00:00,2025-10-07T23:00:00,long,121301.5,121115.5,100,0.1,12130.15,100.0,-18.6,-28.71,-2411.64,-0.03,0,0.0,186,0.15,17362.28,1458431.52,17.36,1213.02,0.1,10,5.0,0.01,0,0.0,10.11,121177.5
733,SELL,ST_FLIP_GREEN,2025-10-07T23:00:00,2025-10-08T00:00:00,short,121115.5,120867.5,100,0.1,12111.55,100.0,24.8,14.69,1233.96,0.01,248,0.2,0,0.0,17376.97,1459665.48,17.38,1211.16,0.1,10,5.0,0.01,0,0.0,10.11,121239.5
734,BUY,ST_FLIP_RED,2025-10-08T00:00:00,2025-10-08T03:00:00,long,120867.5,121983.5,100,0.1,12086.75,100.0,111.6,101.49,8525.16,0.1,1116,0.92,0,0.0,17478.46,1468190.64,17.48,1208.67,0.1,10,5.0,0.01,0,0.0,10.11,120743.5
735,SELL,ST_FLIP_GREEN,2025-10-08T03:00:00,2025-10-08T06:00:00,short,121983.5,121797.5,100,0.1,12198.35,100.0,18.6,8.49,713.16,0.01,186,0.15,0,0.0,17486.95,1468903.8,17.49,1219.84,0.1,10,5.0,0.01,0,0.0,10.11,122107.5
736,BUY,ST_FLIP_RED,2025-10-08T06:00:00,2025-10-08T08:00:00,long,121797.5,121921.5,100,0.1,12179.75,100.0,12.4,2.29,192.36,0.0,124,0.1,0,0.0,17489.24,1469096.16,17.49,1217.97,0.1,10,5.0,0.01,0,0.0,10.11,121673.5
737,SELL,ST_FLIP_GREEN,2025-10-08T08:00:00,2025-10-08T10:00:00,short,121921.5,121549.5,100,0.1,12192.15,100.0,37.2,27.09,2275.56,0.03,372,0.31,0,0.0,17516.33,1471371.72,17.52,1219.22,0.1,10,5.0,0.01,0,0.0,10.11,122045.5
738,BUY,ST_FLIP_RED,2025-10-08T10:00:00,2025-10-08T11:00:00,long,121549.5,121487.5,100,0.1,12154.95,100.0,-6.2,-16.31,-1370.04,-0.02,0,0.0,62,0.05,17500.02,1470001.68,17.5,1215.5,0.1,10,5.0,0.01,0,0.0,10.11,121425.5
739,SELL,ST_FLIP_GREEN,2025-10-08T11:00:00,2025-10-08T12:00:00,short,121487.5,121549.5,100,0.1,12148.75,100.0,-6.2,-16.31,-1370.04,-0.02,0,0.0,62,0.05,17483.71,1468631.64,17.48,1214.88,0.1,10,5.0,0.01,0,0.0,10.11,121611.5
740,BUY,ST_FLIP_RED,2025-10-08T12:00:00,2025-10-08T17:00:00,long,121549.5,122727.5,100,0.1,12154.95,100.0,117.8,107.69,9045.96,0.11,1178,0.97,0,0.0,17591.4,1477677.6,17.59,1215.5,0.1,10,5.0,0.01,0,0.0,10.11,121425.5
741,SELL,ST_FLIP_GREEN,2025-10-08T17:00:00,2025-10-08T21:00:00,short,122727.5,122603.5,100,0.1,12272.75,100.0,12.4,2.29,192.36,0.0,124,0.1,0,0.0,17593.69,1477869.96,17.59,1227.28,0.1,10,5.0,0.01,0,0.0,10.11,122851.5
742,BUY,ST_FLIP_RED,2025-10-08T21:00:00,2025-10-08T23:00:00,long,122603.5,123533.5,100,0.1,12260.35,100.0,93.0,82.89,6962.76,0.08,930,0.76,0,0.0,17676.58,1484832.72,17.68,1226.04,0.1,10,5.0,0.01,0,0.0,10.11,122479.5
743,SELL,ST_FLIP_GREEN,2025-10-08T23:00:00,2025-10-09T04:00:00,short,123533.5,123471.5,100,0.1,12353.35,100.0,6.2,-3.91,-328.44,-0.0,62,0.05,0,0.0,17672.67,1484504.28,17.67,1235.34,0.1,10,5.0,0.01,0,0.0,10.11,123657.5
744,BUY,ST_FLIP_RED,2025-10-09T04:00:00,2025-10-09T05:00:00,long,123471.5,123285.5,100,0.1,12347.15,100.0,-18.6,-28.71,-2411.64,-0.03,0,0.0,186,0.15,17643.96,1482092.64,17.64,1234.72,0.1,10,5.0,0.01,0,0.0,10.11,123347.5
745,SELL,ST_FLIP_GREEN,2025-10-09T05:00:00,2025-10-09T09:00:00,short,123285.5,122169.5,100,0.1,12328.55,100.0,111.6,101.49,8525.16,0.1,1116,0.91,0,0.0,17745.45,1490617.8,17.75,1232.86,0.1,10,5.0,0.01,0,0.0,10.11,123409.5
746,BUY,ST_FLIP_RED,2025-10-09T09:00:00,2025-10-09T10:00:00,long,122169.5,122045.5,100,0.1,12216.95,100.0,-12.4,-22.51,-1890.84,-0.02,0,0.0,124,0.1,17722.94,1488726.96,17.72,1221.7,0.1,10,5.0,0.01,0,0.0,10.11,122045.5
747,SELL,ST_FLIP_GREEN,2025-10-09T10:00:00,2025-10-09T11:00:00,short,122045.5,122107.5,100,0.1,12204.55,100.0,-6.2,-16.31,-1370.04,-0.02,0,0.0,62,0.05,17706.63,1487356.92,17.71,1220.46,0.1,10,5.0,0.01,0,0.0,10.11,122169.5
748,BUY,ST_FLIP_RED,2025-10-09T11:00:00,2025-10-09T12:00:00,long,122107.5,121921.5,100,0.1,12210.75,100.0,-18.6,-28.71,-2411.64,-0.03,0,0.0,186,0.15,17677.92,1484945.28,17.68,1221.08,0.1,10,5.0,0.01,0,0.0,10.11,121983.5
749,SELL,ST_FLIP_GREEN,2025-10-09T12:00:00,2025-10-09T14:00:00,short,121921.5,121363.5,100,0.1,12192.15,100.0,55.8,45.69,3837.96,0.05,558,0.46,0,0.0,17723.61,1488783.24,17.72,1219.22,0.1,10,5.0,0.01,0,0.0,10.11,122045.5
750,BUY,ST_FLIP_RED,2025-10-09T14:00:00,2025-10-09T19:00:00,long,121363.5,123223.5,100,0.1,12136.35,100.0,186.0,175.89,14774.76,0.18,1860,1.53,0,0.0,17899.5,1503558.0,17.9,1213.63,0.1,10,5.0,0.01,0,0.0,10.11,121239.5
751,SELL,ST_FLIP_GREEN,2025-10-09T19:00:00,2025-10-09T21:00:00,short,123223.5,121239.5,100,0.1,12322.35,100.0,198.4,188.29,15816.36,0.19,1984,1.61,0,0.0,18087.79,1519374.36,18.09,1232.24,0.1,10,5.0,0.01,0,0.0,10.11,123347.5
752,BUY,ST_FLIP_RED,2025-10-09T21:00:00,2025-10-09T22:00:00,long,121239.5,121053.5,100,0.1,12123.95,100.0,-18.6,-28.71,-2411.64,-0.03,0,0.0,186,0.15,18059.08,1516962.72,18.06,1212.39,0.1,10,5.0,0.01,0,0.0,10.11,121115.5
753,SELL,ST_FLIP_GREEN,2025-10-09T22:00:00,2025-10-09T23:00:00,short,121053.5,120371.5,100,0.1,12105.35,100.0,68.2,58.09,4879.56,0.06,682,0.56,0,0.0,18117.17,1521842.28,18.12,1210.54,0.1,10,5.0,0.01,0,0.0,10.11,121177.5
754,BUY,ST_FLIP_RED,2025-10-09T23:00:00,2025-10-10T01:00:00,long,120371.5,120867.5,100,0.1,12037.15,100.0,49.6,39.49,3317.16,0.04,496,0.41,0,0.0,18156.66,1525159.44,18.16,1203.72,0.1,10,5.0,0.01,0,0.0,10.11,120247.5
755,SELL,ST_FLIP_GREEN,2025-10-10T01:00:00,2025-10-10T02:00:00,short,120867.5,120991.5,100,0.1,12086.75,100.0,-12.4,-22.51,-1890.84,-0.02,0,0.0,124,0.1,18134.15,1523268.6,18.13,1208.67,0.1,10,5.0,0.01,0,0.0,10.11,120991.5
756,BUY,ST_FLIP_RED,2025-10-10T02:00:00,2025-10-10T07:00:00,long,120991.5,121611.5,100,0.1,12099.15,100.0,62.0,51.89,4358.76,0.05,620,0.51,0,0.0,18186.04,1527627.36,18.19,1209.92,0.1,10,5.0,0.01,0,0.0,10.11,120867.5
757,SELL,ST_FLIP_GREEN,2025-10-10T07:00:00,2025-10-10T11:00:00,short,121611.5,121487.5,100,0.1,12161.15,100.0,12.4,2.29,192.36,0.0,124,0.1,0,0.0,18188.33,1527819.72,18.19,1216.12,0.1,10,5.0,0.01,0,0.0,10.11,121735.5
758,BUY,ST_FLIP_RED,2025-10-10T11:00:00,2025-10-10T12:00:00,long,121487.5,121301.5,100,0.1,12148.75,100.0,-18.6,-28.71,-2411.64,-0.03,0,0.0,186,0.15,18159.62,1525408.08,18.16,1214.88,0.1,10,5.0,0.01,0,0.0,10.11,121363.5
759,SELL,ST_FLIP_GREEN,2025-10-10T12:00:00,2025-10-10T14:00:00,short,121301.5,121425.5,100,0.1,12130.15,100.0,-12.4,-22.51,-1890.84,-0.02,0,0.0,124,0.1,18137.11,1523517.24,18.14,1213.02,0.1,10,5.0,0.01,0,0.0,10.11,121425.5
760,BUY,ST_FLIP_RED,2025-10-10T14:00:00,2025-10-10T15:00:00,long,121425.5,121549.5,100,0.1,12142.55,100.0,12.4,2.29,192.36,0.0,124,0.1,0,0.0,18139.4,1523709.6,18.14,1214.26,0.1,10,5.0,0.01,0,0.0,10.11,121301.5
761,SELL,ST_FLIP_GREEN,2025-10-10T15:00:00,2025-10-10T16:00:00,short,121549.5,121425.5,100,0.1,12154.95,100.0,12.4,2.29,192.36,0.0,124,0.1,0,0.0,18141.69,1523901.96,18.14,1215.5,0.1,10,5.0,0.01,0,0.0,10.11,121673.5
762,BUY,ST_FLIP_RED,2025-10-10T16:00:00,2025-10-10T19:00:00,long,121425.5,121673.5,100,0.1,12142.55,100.0,24.8,14.69,1233.96,0.01,248,0.2,0,0.0,18156.38,1525135.92,18.16,1214.26,0.1,10,5.0,0.01,0,0.0,10.11,121301.5
763,SELL,ST_FLIP_GREEN,2025-10-10T19:00:00,2025-10-11T01:00:00,short,121673.5,116217.5,100,0.1,12167.35,100.0,545.6,535.49,44981.16,0.54,5456,4.48,0,0.0,18691.87,1570117.08,18.69,1216.74,0.1,10,5.0,0.01,0,0.0,10.11,121797.5
764,BUY,ST_FLIP_RED,2025-10-11T01:00:00,2025-10-11T02:00:00,long,116217.5,116899.5,100,0.1,11621.75,100.0,68.2,58.09,4879.56,0.06,682,0.59,0,0.0,18749.96,1574996.64,18.75,1162.17,0.1,10,5.0,0.01,0,0.0,10.11,116093.5
765,SELL,ST_FLIP_GREEN,2025-10-11T02:00:00,2025-10-11T03:00:00,short,116899.5,109397.5,100,0.1,11689.95,100.0,750.2,740.09,62167.56,0.74,7502,6.42,0,0.0,19490.05,1637164.2,19.49,1169.0,0.1,10,5.0,0.01,0,0.0,10.11,117023.5
766,BUY,ST_FLIP_RED,2025-10-11T03:00:00,2025-10-11T05:00:00,long,109397.5,113489.5,100,0.1,10939.75,100.0,409.2,399.09,33523.56,0.4,4092,3.74,0,0.0,19889.14,1670687.76,19.89,1093.97,0.1,10,5.0,0.01,0,0.0,10.11,109273.5
767,SELL,ST_FLIP_GREEN,2025-10-11T05:00:00,2025-10-11T07:00:00,short,113489.5,111443.5,100,0.1,11348.95,100.0,204.6,194.49,16337.16,0.19,2046,1.8,0,0.0,20083.63,1687024.92,20.08,1134.89,0.1,10,5.0,0.01,0,0.0,10.11,113613.5
768,BUY,ST_FLIP_RED,2025-10-11T07:00:00,2025-10-11T08:00:00,long,111443.5,112001.5,100,0.1,11144.35,100.0,55.8,45.69,3837.96,0.05,558,0.5,0,0.0,20129.32,1690862.88,20.13,1114.43,0.1,10,5.0,0.01,0,0.0,10.11,111319.5
769,SELL,ST_FLIP_GREEN,2025-10-11T08:00:00,2025-10-11T09:00:00,short,112001.5,112001.5,100,0.1,11200.15,100.0,0.0,-10.11,-849.24,-0.01,0,0.0,0,0.0,20119.21,1690013.64,20.12,1120.02,0.1,10,5.0,0.01,0,0.0,10.11,112125.5
770,BUY,ST_FLIP_RED,2025-10-11T09:00:00,2025-10-11T10:00:00,long,112001.5,112063.5,100,0.1,11200.15,100.0,6.2,-3.91,-328.44,-0.0,62,0.06,0,0.0,20115.3,1689685.2,20.12,1120.02,0.1,10,5.0,0.01,0,0.0,10.11,111877.5
771,SELL,ST_FLIP_GREEN,2025-10-11T10:00:00,2025-10-11T11:00:00,short,112063.5,112125.5,100,0.1,11206.35,100.0,-6.2,-16.31,-1370.04,-0.02,0,0.0,62,0.06,20098.99,1688315.16,20.1,1120.63,0.1,10,5.0,0.01,0,0.0,10.11,112187.5
772,BUY,ST_FLIP_RED,2025-10-11T11:00:00,2025-10-11T12:00:00,long,112125.5,112497.5,100,0.1,11212.55,100.0,37.2,27.09,2275.56,0.03,372,0.33,0,0.0,20126.08,1690590.72,20.13,1121.26,0.1,10,5.0,0.01,0,0.0,10.11,112001.5
773,SELL,ST_FLIP_GREEN,2025-10-11T12:00:00,2025-10-11T13:00:00,short,112497.5,110885.5,100,0.1,11249.75,100.0,161.2,151.09,12691.56,0.15,1612,1.43,0,0.0,20277.17,1703282.28,20.28,1124.97,0.1,10,5.0,0.01,0,0.0,10.11,112621.5
774,BUY,ST_FLIP_RED,2025-10-11T13:00:00,2025-10-11T19:00:00,long,110885.5,112187.5,100,0.1,11088.55,100.0,130.2,120.09,10087.56,0.12,1302,1.17,0,0.0,20397.26,1713369.84,20.4,1108.86,0.1,10,5.0,0.01,0,0.0,10.11,110761.5
775,SELL,ST_FLIP_GREEN,2025-10-11T19:00:00,2025-10-11T20:00:00,short,112187.5,112125.5,100,0.1,11218.75,100.0,6.2,-3.91,-328.44,-0.0,62,0.06,0,0.0,20393.35,1713041.4,20.39,1121.88,0.1,10,5.0,0.01,0,0.0,10.11,112311.5
776,BUY,ST_FLIP_RED,2025-10-11T20:00:00,2025-10-11T21:00:00,long,112125.5,112001.5,100,0.1,11212.55,100.0,-12.4,-22.51,-1890.84,-0.02,0,0.0,124,0.11,20370.84,1711150.56,20.37,1121.26,0.1,10,5.0,0.01,0,0.0,10.11,112001.5
777,SELL,ST_FLIP_GREEN,2025-10-11T21:00:00,2025-10-11T22:00:00,short,112001.5,111939.5,100,0.1,11200.15,100.0,6.2,-3.91,-328.44,-0.0,62,0.06,0,0.0,20366.93,1710822.12,20.37,1120.02,0.1,10,5.0,0.01,0,0.0,10.11,112125.5
778,BUY,ST_FLIP_RED,2025-10-11T22:00:00,2025-10-11T23:00:00,long,111939.5,111939.5,100,0.1,11193.95,100.0,0.0,-10.11,-849.24,-0.01,0,0.0,0,0.0,20356.82,1709972.88,20.36,1119.39,0.1,10,5.0,0.01,0,0.0,10.11,111815.5
779,SELL,ST_FLIP_GREEN,2025-10-11T23:00:00,2025-10-12T03:00:00,short,111939.5,110823.5,100,0.1,11193.95,100.0,111.6,101.49,8525.16,0.1,1116,1.0,0,0.0,20458.31,1718498.04,20.46,1119.39,0.1,10,5.0,0.01,0,0.0,10.11,112063.5
780,BUY,ST_FLIP_RED,2025-10-12T03:00:00,2025-10-12T05:00:00,long,110823.5,110699.5,100,0.1,11082.35,100.0,-12.4,-22.51,-1890.84,-0.02,0,0.0,124,0.11,20435.8,1716607.2,20.44,1108.24,0.1,10,5.0,0.01,0,0.0,10.11,110699.5
781,SELL,ST_FLIP_GREEN,2025-10-12T05:00:00,2025-10-12T07:00:00,short,110699.5,110017.5,100,0.1,11069.95,100.0,68.2,58.09,4879.56,0.06,682,0.62,0,0.0,20493.89,1721486.76,20.49,1107.0,0.1,10,5.0,0.01,0,0.0,10.11,110823.5
782,BUY,ST_FLIP_RED,2025-10-12T07:00:00,2025-10-12T12:00:00,long,110017.5,111691.5,100,0.1,11001.75,100.0,167.4,157.29,13212.36,0.16,1674,1.52,0,0.0,20651.18,1734699.12,20.65,1100.17,0.1,10,5.0,0.01,0,0.0,10.11,109893.5
783,SELL,ST_FLIP_GREEN,2025-10-12T12:00:00,2025-10-12T13:00:00,short,111691.5,111691.5,100,0.1,11169.15,100.0,0.0,-10.11,-849.24,-0.01,0,0.0,0,0.0,20641.07,1733849.88,20.64,1116.92,0.1,10,5.0,0.01,0,0.0,10.11,111815.5
784,BUY,ST_FLIP_RED,2025-10-12T13:00:00,2025-10-12T14:00:00,long,111691.5,111567.5,100,0.1,11169.15,100.0,-12.4,-22.51,-1890.84,-0.02,0,0.0,124,0.11,20618.56,1731959.04,20.62,1116.92,0.1,10,5.0,0.01,0,0.0,10.11,111567.5
785,SELL,ST_FLIP_GREEN,2025-10-12T14:00:00,2025-10-12T15:00:00,short,111567.5,111505.5,100,0.1,11156.75,100.0,6.2,-3.91,-328.44,-0.0,62,0.06,0,0.0,20614.65,1731630.6,20.61,1115.67,0.1,10,5.0,0.01,0,0.0,10.11,111691.5
786,BUY,ST_FLIP_RED,2025-10-12T15:00:00,2025-10-12T18:00:00,long,111505.5,111753.5,100,0.1,11150.55,100.0,24.8,14.69,1233.96,0.01,248,0.22,0,0.0,20629.34,1732864.56,20.63,1115.06,0.1,10,5.0,0.01,0,0.0,10.11,111381.5
787,SELL,ST_FLIP_GREEN,2025-10-12T18:00:00,2025-10-12T20:00:00,short,111753.5,111629.5,100,0.1,11175.35,100.0,12.4,2.29,192.36,0.0,124,0.11,0,0.0,20631.63,1733056.92,20.63,1117.54,0.1,10,5.0,0.01,0,0.0,10.11,111877.5
788,BUY,ST_FLIP_RED,2025-10-12T20:00:00,2025-10-12T23:00:00,long,111629.5,114047.5,100,0.1,11162.95,100.0,241.8,231.69,19461.96,0.23,2418,2.17,0,0.0,20863.32,1752518.88,20.86,1116.3,0.1,10,5.0,0.01,0,0.0,10.11,111505.5
789,SELL,ST_FLIP_GREEN,2025-10-12T23:00:00,2025-10-13T00:00:00,short,114047.5,113985.5,100,0.1,11404.75,100.0,6.2,-3.91,-328.44,-0.0,62,0.05,0,0.0,20859.41,1752190.44,20.86,1140.47,0.1,10,5.0,0.01,0,0.0,10.11,114171.5
790,BUY,ST_FLIP_RED,2025-10-13T00:00:00,2025-10-13T02:00:00,long,113985.5,114977.5,100,0.1,11398.55,100.0,99.2,89.09,7483.56,0.09,992,0.87,0,0.0,20948.5,1759674.0,20.95,1139.86,0.1,10,5.0,0.01,0,0.0,10.11,113861.5
791,SELL,ST_FLIP_GREEN,2025-10-13T02:00:00,2025-10-13T03:00:00,short,114977.5,115039.5,100,0.1,11497.75,100.0,-6.2,-16.31,-1370.04,-0.02,0,0.0,62,0.05,20932.19,1758303.96,20.93,1149.78,0.1,10,5.0,0.01,0,0.0,10.11,115101.5
792,BUY,ST_FLIP_RED,2025-10-13T03:00:00,2025-10-13T07:00:00,long,115039.5,115349.5,100,0.1,11503.95,100.0,31.0,20.89,1754.76,0.02,310,0.27,0,0.0,20953.08,1760058.72,20.95,1150.39,0.1,10,5.0,0.01,0,0.0,10.11,114915.5
793,SELL,ST_FLIP_GREEN,2025-10-13T07:00:00,2025-10-13T11:00:00,short,115349.5,114853.5,100,0.1,11534.95,100.0,49.6,39.49,3317.16,0.04,496,0.43,0,0.0,20992.57,1763375.88,20.99,1153.5,0.1,10,5.0,0.01,0,0.0,10.11,115473.5
794,BUY,ST_FLIP_RED,2025-10-13T11:00:00,2025-10-13T13:00:00,long,114853.5,115225.5,100,0.1,11485.35,100.0,37.2,27.09,2275.56,0.03,372,0.32,0,0.0,21019.66,1765651.44,21.02,1148.54,0.1,10,5.0,0.01,0,0.0,10.11,114729.5
795,SELL,ST_FLIP_GREEN,2025-10-13T13:00:00,2025-10-13T17:00:00,short,115225.5,113861.5,100,0.1,11522.55,100.0,136.4,126.29,10608.36,0.13,1364,1.18,0,0.0,21145.95,1776259.8,21.15,1152.26,0.1,10,5.0,0.01,0,0.0,10.11,115349.5
796,BUY,ST_FLIP_RED,2025-10-13T17:00:00,2025-10-13T20:00:00,long,113861.5,114171.5,100,0.1,11386.15,100.0,31.0,20.89,1754.76,0.02,310,0.27,0,0.0,21166.84,1778014.56,21.17,1138.62,0.1,10,5.0,0.01,0,0.0,10.11,113737.5
797,SELL,ST_FLIP_GREEN,2025-10-13T20:00:00,2025-10-13T21:00:00,short,114171.5,114357.5,100,0.1,11417.15,100.0,-18.6,-28.71,-2411.64,-0.03,0,0.0,186,0.16,21138.13,1775602.92,21.14,1141.72,0.1,10,5.0,0.01,0,0.0,10.11,114295.5
798,BUY,ST_FLIP_RED,2025-10-13T21:00:00,2025-10-14T04:00:00,long,114357.5,115349.5,100,0.1,11435.75,100.0,99.2,89.09,7483.56,0.09,992,0.87,0,0.0,21227.22,1783086.48,21.23,1143.58,0.1,10,5.0,0.01,0,0.0,10.11,114233.5
799,SELL,ST_FLIP_GREEN,2025-10-14T04:00:00,2025-10-14T09:00:00,short,115349.5,113489.5,100,0.1,11534.95,100.0,186.0,175.89,14774.76,0.18,1860,1.61,0,0.0,21403.11,1797861.24,21.4,1153.5,0.1,10,5.0,0.01,0,0.0,10.11,115473.5
800,BUY,ST_FLIP_RED,2025-10-14T09:00:00,2025-10-14T10:00:00,long,113489.5,113303.5,100,0.1,11348.95,100.0,-18.6,-28.71,-2411.64,-0.03,0,0.0,186,0.16,21374.4,1795449.6,21.37,1134.89,0.1,10,5.0,0.01,0,0.0,10.11,113365.5
801,SELL,ST_FLIP_GREEN,2025-10-14T10:00:00,2025-10-14T16:00:00,short,113303.5,110513.5,100,0.1,11330.35,100.0,279.0,268.89,22586.76,0.27,2790,2.46,0,0.0,21643.29,1818036.36,21.64,1133.04,0.1,10,5.0,0.01,0,0.0,10.11,113427.5
802,BUY,ST_FLIP_RED,2025-10-14T16:00:00,2025-10-14T17:00:00,long,110513.5,111257.5,100,0.1,11051.35,100.0,74.4,64.29,5400.36,0.06,744,0.67,0,0.0,21707.58,1823436.72,21.71,1105.13,0.1,10,5.0,0.01,0,0.0,10.11,110389.5
803,SELL,ST_FLIP_GREEN,2025-10-14T17:00:00,2025-10-14T19:00:00,short,111257.5,110947.5,100,0.1,11125.75,100.0,31.0,20.89,1754.76,0.02,310,0.28,0,0.0,21728.47,1825191.48,21.73,1112.58,0.1,10,5.0,0.01,0,0.0,10.11,111381.5
804,BUY,ST_FLIP_RED,2025-10-14T19:00:00,2025-10-14T20:00:00,long,110947.5,111629.5,100,0.1,11094.75,100.0,68.2,58.09,4879.56,0.06,682,0.61,0,0.0,21786.56,1830071.04,21.79,1109.47,0.1,10,5.0,0.01,0,0.0,10.11,110823.5
805,SELL,ST_FLIP_GREEN,2025-10-14T20:00:00,2025-10-14T21:00:00,short,111629.5,111629.5,100,0.1,11162.95,100.0,0.0,-10.11,-849.24,-0.01,0,0.0,0,0.0,21776.45,1829221.8,21.78,1116.3,0.1,10,5.0,0.01,0,0.0,10.11,111753.5
806,BUY,ST_FLIP_RED,2025-10-14T21:00:00,2025-10-15T01:00:00,long,111629.5,113055.5,100,0.1,11162.95,100.0,142.6,132.49,11129.16,0.13,1426,1.28,0,0.0,21908.94,1840350.96,21.91,1116.3,0.1,10,5.0,0.01,0,0.0,10.11,111505.5
807,SELL,ST_FLIP_GREEN,2025-10-15T01:00:00,2025-10-15T02:00:00,short,113055.5,112931.5,100,0.1,11305.55,100.0,12.4,2.29,192.36,0.0,124,0.11,0,0.0,21911.23,1840543.32,21.91,1130.56,0.1,10,5.0,0.01,0,0.0,10.11,113179.5
808,BUY,ST_FLIP_RED,2025-10-15T02:00:00,2025-10-15T05:00:00,long,112931.5,113179.5,100,0.1,11293.15,100.0,24.8,14.69,1233.96,0.01,248,0.22,0,0.0,21925.92,1841777.28,21.93,1129.32,0.1,10,5.0,0.01,0,0.0,10.11,112807.5
809,SELL,ST_FLIP_GREEN,2025-10-15T05:00:00,2025-10-15T07:00:00,short,113179.5,112683.5,100,0.1,11317.95,100.0,49.6,39.49,3317.16,0.04,496,0.44,0,0.0,21965.41,1845094.44,21.97,1131.8,0.1,10,5.0,0.01,0,0.0,10.11,113303.5
810,BUY,ST_FLIP_RED,2025-10-15T07:00:00,2025-10-15T08:00:00,long,112683.5,113365.5,100,0.1,11268.35,100.0,68.2,58.09,4879.56,0.06,682,0.61,0,0.0,22023.5,1849974.0,22.02,1126.84,0.1,10,5.0,0.01,0,0.0,10.11,112559.5
811,SELL,ST_FLIP_GREEN,2025-10-15T08:00:00,2025-10-15T12:00:00,short,113365.5,112125.5,100,0.1,11336.55,100.0,124.0,113.89,9566.76,0.11,1240,1.09,0,0.0,22137.39,1859540.76,22.14,1133.66,0.1,10,5.0,0.01,0,0.0,10.11,113489.5
812,BUY,ST_FLIP_RED,2025-10-15T12:00:00,2025-10-15T14:00:00,long,112125.5,112869.5,100,0.1,11212.55,100.0,74.4,64.29,5400.36,0.06,744,0.66,0,0.0,22201.68,1864941.12,22.2,1121.26,0.1,10,5.0,0.01,0,0.0,10.11,112001.5
813,SELL,ST_FLIP_GREEN,2025-10-15T14:00:00,2025-10-15T19:00:00,short,112869.5,111629.5,100,0.1,11286.95,100.0,124.0,113.89,9566.76,0.11,1240,1.1,0,0.0,22315.57,1874507.88,22.32,1128.7,0.1,10,5.0,0.01,0,0.0,10.11,112993.5
814,BUY,ST_FLIP_RED,2025-10-15T19:00:00,2025-10-15T20:00:00,long,111629.5,111691.5,100,0.1,11162.95,100.0,6.2,-3.91,-328.44,-0.0,62,0.06,0,0.0,22311.66,1874179.44,22.31,1116.3,0.1,10,5.0,0.01,0,0.0,10.11,111505.5
815,SELL,ST_FLIP_GREEN,2025-10-15T20:00:00,2025-10-15T23:00:00,short,111691.5,110575.5,100,0.1,11169.15,100.0,111.6,101.49,8525.16,0.1,1116,1.0,0,0.0,22413.15,1882704.6,22.41,1116.92,0.1,10,5.0,0.01,0,0.0,10.11,111815.5
816,BUY,ST_FLIP_RED,2025-10-15T23:00:00,2025-10-16T01:00:00,long,110575.5,111195.5,100,0.1,11057.55,100.0,62.0,51.89,4358.76,0.05,620,0.56,0,0.0,22465.04,1887063.36,22.47,1105.76,0.1,10,5.0,0.01,0,0.0,10.11,110451.5
817,SELL,ST_FLIP_GREEN,2025-10-16T01:00:00,2025-10-16T03:00:00,short,111195.5,111133.5,100,0.1,11119.55,100.0,6.2,-3.91,-328.44,-0.0,62,0.06,0,0.0,22461.13,1886734.92,22.46,1111.96,0.1,10,5.0,0.01,0,0.0,10.11,111319.5
818,BUY,ST_FLIP_RED,2025-10-16T03:00:00,2025-10-16T04:00:00,long,111133.5,110947.5,100,0.1,11113.35,100.0,-18.6,-28.71,-2411.64,-0.03,0,0.0,186,0.17,22432.42,1884323.28,22.43,1111.34,0.1,10,5.0,0.01,0,0.0,10.11,111009.5
819,SELL,ST_FLIP_GREEN,2025-10-16T04:00:00,2025-10-16T07:00:00,short,110947.5,110947.5,100,0.1,11094.75,100.0,0.0,-10.11,-849.24,-0.01,0,0.0,0,0.0,22422.31,1883474.04,22.42,1109.47,0.1,10,5.0,0.01,0,0.0,10.11,111071.5
820,BUY,ST_FLIP_RED,2025-10-16T07:00:00,2025-10-16T09:00:00,long,110947.5,111443.5,100,0.1,11094.75,100.0,49.6,39.49,3317.16,0.04,496,0.45,0,0.0,22461.8,1886791.2,22.46,1109.47,0.1,10,5.0,0.01,0,0.0,10.11,110823.5
821,SELL,ST_FLIP_GREEN,2025-10-16T09:00:00,2025-10-16T11:00:00,short,111443.5,111257.5,100,0.1,11144.35,100.0,18.6,8.49,713.16,0.01,186,0.17,0,0.0,22470.29,1887504.36,22.47,1114.43,0.1,10,5.0,0.01,0,0.0,10.11,111567.5
822,BUY,ST_FLIP_RED,2025-10-16T11:00:00,2025-10-16T12:00:00,long,111257.5,111071.5,100,0.1,11125.75,100.0,-18.6,-28.71,-2411.64,-0.03,0,0.0,186,0.17,22441.58,1885092.72,22.44,1112.58,0.1,10,5.0,0.01,0,0.0,10.11,111133.5
823,SELL,ST_FLIP_GREEN,2025-10-16T12:00:00,2025-10-16T15:00:00,short,111071.5,110699.5,100,0.1,11107.15,100.0,37.2,27.09,2275.56,0.03,372,0.33,0,0.0,22468.67,1887368.28,22.47,1110.72,0.1,10,5.0,0.01,0,0.0,10.11,111195.5
824,BUY,ST_FLIP_RED,2025-10-16T15:00:00,2025-10-16T16:00:00,long,110699.5,111195.5,100,0.1,11069.95,100.0,49.6,39.49,3317.16,0.04,496,0.45,0,0.0,22508.16,1890685.44,22.51,1107.0,0.1,10,5.0,0.01,0,0.0,10.11,110575.5
825,SELL,ST_FLIP_GREEN,2025-10-16T16:00:00,2025-10-16T17:00:00,short,111195.5,111257.5,100,0.1,11119.55,100.0,-6.2,-16.31,-1370.04,-0.02,0,0.0,62,0.06,22491.85,1889315.4,22.49,1111.96,0.1,10,5.0,0.01,0,0.0,10.11,111319.5
826,BUY,ST_FLIP_RED,2025-10-16T17:00:00,2025-10-16T18:00:00,long,111257.5,111195.5,100,0.1,11125.75,100.0,-6.2,-16.31,-1370.04,-0.02,0,0.0,62,0.06,22475.54,1887945.36,22.48,1112.58,0.1,10,5.0,0.01,0,0.0,10.11,111133.5
827,SELL,ST_FLIP_GREEN,2025-10-16T18:00:00,2025-10-16T22:00:00,short,111195.5,108281.5,100,0.1,11119.55,100.0,291.4,281.29,23628.36,0.28,2914,2.62,0,0.0,22756.83,1911573.72,22.76,1111.96,0.1,10,5.0,0.01,0,0.0,10.11,111319.5
828,BUY,ST_FLIP_RED,2025-10-16T22:00:00,2025-10-16T23:00:00,long,108281.5,108591.5,100,0.1,10828.15,100.0,31.0,20.89,1754.76,0.02,310,0.29,0,0.0,22777.72,1913328.48,22.78,1082.82,0.1,10,5.0,0.01,0,0.0,10.11,108157.5
829,SELL,ST_FLIP_GREEN,2025-10-16T23:00:00,2025-10-17T01:00:00,short,108591.5,107971.5,100,0.1,10859.15,100.0,62.0,51.89,4358.76,0.05,620,0.57,0,0.0,22829.61,1917687.24,22.83,1085.92,0.1,10,5.0,0.01,0,0.0,10.11,108715.5
830,BUY,ST_FLIP_RED,2025-10-17T01:00:00,2025-10-17T07:00:00,long,107971.5,108529.5,100,0.1,10797.15,100.0,55.8,45.69,3837.96,0.05,558,0.52,0,0.0,22875.3,1921525.2,22.88,1079.72,0.1,10,5.0,0.01,0,0.0,10.11,107847.5
831,SELL,ST_FLIP_GREEN,2025-10-17T07:00:00,2025-10-17T08:00:00,short,108529.5,108529.5,100,0.1,10852.95,100.0,0.0,-10.11,-849.24,-0.01,0,0.0,0,0.0,22865.19,1920675.96,22.87,1085.3,0.1,10,5.0,0.01,0,0.0,10.11,108653.5
832,BUY,ST_FLIP_RED,2025-10-17T08:00:00,2025-10-17T10:00:00,long,108529.5,108839.5,100,0.1,10852.95,100.0,31.0,20.89,1754.76,0.02,310,0.29,0,0.0,22886.08,1922430.72,22.89,1085.3,0.1,10,5.0,0.01,0,0.0,10.11,108405.5
833,SELL,ST_FLIP_GREEN,2025-10-17T10:00:00,2025-10-17T16:00:00,short,108839.5,104189.5,100,0.1,10883.95,100.0,465.0,454.89,38210.76,0.45,4650,4.27,0,0.0,23340.97,1960641.48,23.34,1088.39,0.1,10,5.0,0.01,0,0.0,10.11,108963.5
834,BUY,ST_FLIP_RED,2025-10-17T16:00:00,2025-10-17T17:00:00,long,104189.5,106049.5,100,0.1,10418.95,100.0,186.0,175.89,14774.76,0.18,1860,1.79,0,0.0,23516.86,1975416.24,23.52,1041.89,0.1,10,5.0,0.01,0,0.0,10.11,104065.5
835,SELL,ST_FLIP_GREEN,2025-10-17T17:00:00,2025-10-17T20:00:00,short,106049.5,105243.5,100,0.1,10604.95,100.0,80.6,70.49,5921.16,0.07,806,0.76,0,0.0,23587.35,1981337.4,23.59,1060.5,0.1,10,5.0,0.01,0,0.0,10.11,106173.5
836,BUY,ST_FLIP_RED,2025-10-17T20:00:00,2025-10-17T22:00:00,long,105243.5,106545.5,100,0.1,10524.35,100.0,130.2,120.09,10087.56,0.12,1302,1.24,0,0.0,23707.44,1991424.96,23.71,1052.43,0.1,10,5.0,0.01,0,0.0,10.11,105119.5
837,SELL,ST_FLIP_GREEN,2025-10-17T22:00:00,2025-10-17T23:00:00,short,106545.5,106359.5,100,0.1,10654.55,100.0,18.6,8.49,713.16,0.01,186,0.17,0,0.0,23715.93,1992138.12,23.72,1065.46,0.1,10,5.0,0.01,0,0.0,10.11,106669.5
838,BUY,ST_FLIP_RED,2025-10-17T23:00:00,2025-10-18T00:00:00,long,106359.5,106669.5,100,0.1,10635.95,100.0,31.0,20.89,1754.76,0.02,310,0.29,0,0.0,23736.82,1993892.88,23.74,1063.6,0.1,10,5.0,0.01,0,0.0,10.11,106235.5
839,SELL,ST_FLIP_GREEN,2025-10-18T00:00:00,2025-10-18T01:00:00,short,106669.5,106731.5,100,0.1,10666.95,100.0,-6.2,-16.31,-1370.04,-0.02,0,0.0,62,0.06,23720.51,1992522.84,23.72,1066.7,0.1,10,5.0,0.01,0,0.0,10.11,106793.5
840,BUY,ST_FLIP_RED,2025-10-18T01:00:00,2025-10-18T03:00:00,long,106731.5,107165.5,100,0.1,10673.15,100.0,43.4,33.29,2796.36,0.03,434,0.41,0,0.0,23753.8,1995319.2,23.75,1067.32,0.1,10,5.0,0.01,0,0.0,10.11,106607.5
841,SELL,ST_FLIP_GREEN,2025-10-18T03:00:00,2025-10-18T05:00:00,short,107165.5,106731.5,100,0.1,10716.55,100.0,43.4,33.29,2796.36,0.03,434,0.4,0,0.0,23787.09,1998115.56,23.79,1071.66,0.1,10,5.0,0.01,0,0.0,10.11,107289.5
842,BUY,ST_FLIP_RED,2025-10-18T05:00:00,2025-10-18T07:00:00,long,106731.5,107041.5,100,0.1,10673.15,100.0,31.0,20.89,1754.76,0.02,310,0.29,0,0.0,23807.98,1999870.32,23.81,1067.32,0.1,10,5.0,0.01,0,0.0,10.11,106607.5
843,SELL,ST_FLIP_GREEN,2025-10-18T07:00:00,2025-10-18T11:00:00,short,107041.5,106731.5,100,0.1,10704.15,100.0,31.0,20.89,1754.76,0.02,310,0.29,0,0.0,23828.87,2001625.08,23.83,1070.42,0.1,10,5.0,0.01,0,0.0,10.11,107165.5
844,BUY,ST_FLIP_RED,2025-10-18T11:00:00,2025-10-18T13:00:00,long,106731.5,106793.5,100,0.1,10673.15,100.0,6.2,-3.91,-328.44,-0.0,62,0.06,0,0.0,23824.96,2001296.64,23.82,1067.32,0.1,10,5.0,0.01,0,0.0,10.11,106607.5
845,SELL,ST_FLIP_GREEN,2025-10-18T13:00:00,2025-10-18T14:00:00,short,106793.5,106855.5,100,0.1,10679.35,100.0,-6.2,-16.31,-1370.04,-0.02,0,0.0,62,0.06,23808.65,1999926.6,23.81,1067.93,0.1,10,5.0,0.01,0,0.0,10.11,106917.5
846,BUY,ST_FLIP_RED,2025-10-18T14:00:00,2025-10-18T19:00:00,long,106855.5,106855.5,100,0.1,10685.55,100.0,0.0,-10.11,-849.24,-0.01,0,0.0,0,0.0,23798.54,1999077.36,23.8,1068.56,0.1,10,5.0,0.01,0,0.0,10.11,106731.5
847,SELL,ST_FLIP_GREEN,2025-10-18T19:00:00,2025-10-19T00:00:00,short,106855.5,106979.5,100,0.1,10685.55,100.0,-12.4,-22.51,-1890.84,-0.02,0,0.0,124,0.12,23776.03,1997186.52,23.78,1068.56,0.1,10,5.0,0.01,0,0.0,10.11,106979.5
848,BUY,ST_FLIP_RED,2025-10-19T00:00:00,2025-10-19T04:00:00,long,106979.5,106979.5,100,0.1,10697.95,100.0,0.0,-10.11,-849.24,-0.01,0,0.0,0,0.0,23765.92,1996337.28,23.77,1069.8,0.1,10,5.0,0.01,0,0.0,10.11,106855.5
849,SELL,ST_FLIP_GREEN,2025-10-19T04:00:00,2025-10-19T08:00:00,short,106979.5,107041.5,100,0.1,10697.95,100.0,-6.2,-16.31,-1370.04,-0.02,0,0.0,62,0.06,23749.61,1994967.24,23.75,1069.8,0.1,10,5.0,0.01,0,0.0,10.11,107103.5
850,BUY,ST_FLIP_RED,2025-10-19T08:00:00,2025-10-19T10:00:00,long,107041.5,106917.5,100,0.1,10704.15,100.0,-12.4,-22.51,-1890.84,-0.02,0,0.0,124,0.12,23727.1,1993076.4,23.73,1070.42,0.1,10,5.0,0.01,0,0.0,10.11,106917.5
851,SELL,ST_FLIP_GREEN,2025-10-19T10:00:00,2025-10-19T15:00:00,short,106917.5,106359.5,100,0.1,10691.75,100.0,55.8,45.69,3837.96,0.05,558,0.52,0,0.0,23772.79,1996914.36,23.77,1069.17,0.1,10,5.0,0.01,0,0.0,10.11,107041.5
852,BUY,ST_FLIP_RED,2025-10-19T15:00:00,2025-10-19T17:00:00,long,106359.5,107599.5,100,0.1,10635.95,100.0,124.0,113.89,9566.76,0.11,1240,1.17,0,0.0,23886.68,2006481.12,23.89,1063.6,0.1,10,5.0,0.01,0,0.0,10.11,106235.5
853,SELL,ST_FLIP_GREEN,2025-10-19T17:00:00,2025-10-19T19:00:00,short,107599.5,107599.5,100,0.1,10759.95,100.0,0.0,-10.11,-849.24,-0.01,0,0.0,0,0.0,23876.57,2005631.88,23.88,1076.0,0.1,10,5.0,0.01,0,0.0,10.11,107723.5
854,BUY,ST_FLIP_RED,2025-10-19T19:00:00,2025-10-20T01:00:00,long,107599.5,108963.5,100,0.1,10759.95,100.0,136.4,126.29,10608.36,0.13,1364,1.27,0,0.0,24002.86,2016240.24,24.0,1076.0,0.1,10,5.0,0.01,0,0.0,10.11,107475.5
855,SELL,ST_FLIP_GREEN,2025-10-20T01:00:00,2025-10-20T03:00:00,short,108963.5,108777.5,100,0.1,10896.35,100.0,18.6,8.49,713.16,0.01,186,0.17,0,0.0,24011.35,2016953.4,24.01,1089.63,0.1,10,5.0,0.01,0,0.0,10.11,109087.5
856,BUY,ST_FLIP_RED,2025-10-20T03:00:00,2025-10-20T04:00:00,long,108777.5,109025.5,100,0.1,10877.75,100.0,24.8,14.69,1233.96,0.01,248,0.23,0,0.0,24026.04,2018187.36,24.03,1087.78,0.1,10,5.0,0.01,0,0.0,10.11,108653.5
857,SELL,ST_FLIP_GREEN,2025-10-20T04:00:00,2025-10-20T06:00:00,short,109025.5,107847.5,100,0.1,10902.55,100.0,117.8,107.69,9045.96,0.11,1178,1.08,0,0.0,24133.73,2027233.32,24.13,1090.26,0.1,10,5.0,0.01,0,0.0,10.11,109149.5
858,BUY,ST_FLIP_RED,2025-10-20T06:00:00,2025-10-20T14:00:00,long,107847.5,111071.5,100,0.1,10784.75,100.0,322.4,312.29,26232.36,0.31,3224,2.99,0,0.0,24446.02,2053465.68,24.45,1078.47,0.1,10,5.0,0.01,0,0.0,10.11,107723.5
859,SELL,ST_FLIP_GREEN,2025-10-20T14:00:00,2025-10-20T15:00:00,short,111071.5,110947.5,100,0.1,11107.15,100.0,12.4,2.29,192.36,0.0,124,0.11,0,0.0,24448.31,2053658.04,24.45,1110.72,0.1,10,5.0,0.01,0,0.0,10.11,111195.5
860,BUY,ST_FLIP_RED,2025-10-20T15:00:00,2025-10-20T16:00:00,long,110947.5,110823.5,100,0.1,11094.75,100.0,-12.4,-22.51,-1890.84,-0.02,0,0.0,124,0.11,24425.8,2051767.2,24.43,1109.47,0.1,10,5.0,0.01,0,0.0,10.11,110823.5
861,SELL,ST_FLIP_GREEN,2025-10-20T16:00:00,2025-10-20T17:00:00,short,110823.5,110947.5,100,0.1,11082.35,100.0,-12.4,-22.51,-1890.84,-0.02,0,0.0,124,0.11,24403.29,2049876.36,24.4,1108.24,0.1,10,5.0,0.01,0,0.0,10.11,110947.5
862,BUY,ST_FLIP_RED,2025-10-20T17:00:00,2025-10-20T18:00:00,long,110947.5,110885.5,100,0.1,11094.75,100.0,-6.2,-16.31,-1370.04,-0.02,0,0.0,62,0.06,24386.98,2048506.32,24.39,1109.47,0.1,10,5.0,0.01,0,0.0,10.11,110823.5
863,SELL,ST_FLIP_GREEN,2025-10-20T18:00:00,2025-10-20T19:00:00,short,110885.5,110885.5,100,0.1,11088.55,100.0,0.0,-10.11,-849.24,-0.01,0,0.0,0,0.0,24376.87,2047657.08,24.38,1108.86,0.1,10,5.0,0.01,0,0.0,10.11,111009.5
864,BUY,ST_FLIP_RED,2025-10-20T19:00:00,2025-10-20T21:00:00,long,110885.5,111071.5,100,0.1,11088.55,100.0,18.6,8.49,713.16,0.01,186,0.17,0,0.0,24385.36,2048370.24,24.39,1108.86,0.1,10,5.0,0.01,0,0.0,10.11,110761.5
865,SELL,ST_FLIP_GREEN,2025-10-20T21:00:00,2025-10-20T23:00:00,short,111071.5,110575.5,100,0.1,11107.15,100.0,49.6,39.49,3317.16,0.04,496,0.45,0,0.0,24424.85,2051687.4,24.42,1110.72,0.1,10,5.0,0.01,0,0.0,10.11,111195.5
866,BUY,ST_FLIP_RED,2025-10-20T23:00:00,2025-10-21T03:00:00,long,110575.5,110761.5,100,0.1,11057.55,100.0,18.6,8.49,713.16,0.01,186,0.17,0,0.0,24433.34,2052400.56,24.43,1105.76,0.1,10,5.0,0.01,0,0.0,10.11,110451.5
867,SELL,ST_FLIP_GREEN,2025-10-21T03:00:00,2025-10-21T04:00:00,short,110761.5,110761.5,100,0.1,11076.15,100.0,0.0,-10.11,-849.24,-0.01,0,0.0,0,0.0,24423.23,2051551.32,24.42,1107.62,0.1,10,5.0,0.01,0,0.0,10.11,110885.5
868,BUY,ST_FLIP_RED,2025-10-21T04:00:00,2025-10-21T05:00:00,long,110761.5,110575.5,100,0.1,11076.15,100.0,-18.6,-28.71,-2411.64,-0.03,0,0.0,186,0.17,24394.52,2049139.68,24.39,1107.62,0.1,10,5.0,0.01,0,0.0,10.11,110637.5
869,SELL,ST_FLIP_GREEN,2025-10-21T05:00:00,2025-10-21T16:00:00,short,110575.5,107847.5,100,0.1,11057.55,100.0,272.8,262.69,22065.96,0.26,2728,2.47,0,0.0,24657.21,2071205.64,24.66,1105.76,0.1,10,5.0,0.01,0,0.0,10.11,110699.5
870,BUY,ST_FLIP_RED,2025-10-21T16:00:00,2025-10-21T18:00:00,long,107847.5,108901.5,100,0.1,10784.75,100.0,105.4,95.29,8004.36,0.1,1054,0.98,0,0.0,24752.5,2079210.0,24.75,1078.47,0.1,10,5.0,0.01,0,0.0,10.11,107723.5
871,SELL,ST_FLIP_GREEN,2025-10-21T18:00:00,2025-10-21T19:00:00,short,108901.5,108839.5,100,0.1,10890.15,100.0,6.2,-3.91,-328.44,-0.0,62,0.06,0,0.0,24748.59,2078881.56,24.75,1089.02,0.1,10,5.0,0.01,0,0.0,10.11,109025.5
872,BUY,ST_FLIP_RED,2025-10-21T19:00:00,2025-10-21T22:00:00,long,108839.5,113365.5,100,0.1,10883.95,100.0,452.6,442.49,37169.16,0.44,4526,4.16,0,0.0,25191.08,2116050.72,25.19,1088.39,0.1,10,5.0,0.01,0,0.0,10.11,108715.5
873,SELL,ST_FLIP_GREEN,2025-10-21T22:00:00,2025-10-22T06:00:00,short,113365.5,108157.5,100,0.1,11336.55,100.0,520.8,510.69,42897.96,0.51,5208,4.59,0,0.0,25701.77,2158948.68,25.7,1133.66,0.1,10,5.0,0.01,0,0.0,10.11,113489.5
874,BUY,ST_FLIP_RED,2025-10-22T06:00:00,2025-10-22T08:00:00,long,108157.5,108343.5,100,0.1,10815.75,100.0,18.6,8.49,713.16,0.01,186,0.17,0,0.0,25710.26,2159661.84,25.71,1081.58,0.1,10,5.0,0.01,0,0.0,10.11,108033.5
875,SELL,ST_FLIP_GREEN,2025-10-22T08:00:00,2025-10-22T09:00:00,short,108343.5,108281.5,100,0.1,10834.35,100.0,6.2,-3.91,-328.44,-0.0,62,0.06,0,0.0,25706.35,2159333.4,25.71,1083.43,0.1,10,5.0,0.01,0,0.0,10.11,108467.5
876,BUY,ST_FLIP_RED,2025-10-22T09:00:00,2025-10-22T10:00:00,long,108281.5,108157.5,100,0.1,10828.15,100.0,-12.4,-22.51,-1890.84,-0.02,0,0.0,124,0.11,25683.84,2157442.56,25.68,1082.82,0.1,10,5.0,0.01,0,0.0,10.11,108157.5
877,SELL,ST_FLIP_GREEN,2025-10-22T10:00:00,2025-10-22T11:00:00,short,108157.5,108157.5,100,0.1,10815.75,100.0,0.0,-10.11,-849.24,-0.01,0,0.0,0,0.0,25673.73,2156593.32,25.67,1081.58,0.1,10,5.0,0.01,0,0.0,10.11,108281.5
878,BUY,ST_FLIP_RED,2025-10-22T11:00:00,2025-10-22T12:00:00,long,108157.5,108033.5,100,0.1,10815.75,100.0,-12.4,-22.51,-1890.84,-0.02,0,0.0,124,0.11,25651.22,2154702.48,25.65,1081.58,0.1,10,5.0,0.01,0,0.0,10.11,108033.5
879,SELL,ST_FLIP_GREEN,2025-10-22T12:00:00,2025-10-22T13:00:00,short,108033.5,108095.5,100,0.1,10803.35,100.0,-6.2,-16.31,-1370.04,-0.02,0,0.0,62,0.06,25634.91,2153332.44,25.63,1080.34,0.1,10,5.0,0.01,0,0.0,10.11,108157.5
880,BUY,ST_FLIP_RED,2025-10-22T13:00:00,2025-10-22T15:00:00,long,108095.5,108095.5,100,0.1,10809.55,100.0,0.0,-10.11,-849.24,-0.01,0,0.0,0,0.0,25624.8,2152483.2,25.62,1080.96,0.1,10,5.0,0.01,0,0.0,10.11,107971.5
881,SELL,ST_FLIP_GREEN,2025-10-22T15:00:00,2025-10-22T17:00:00,short,108095.5,107971.5,100,0.1,10809.55,100.0,12.4,2.29,192.36,0.0,124,0.11,0,0.0,25627.09,2152675.56,25.63,1080.96,0.1,10,5.0,0.01,0,0.0,10.11,108219.5
882,BUY,ST_FLIP_RED,2025-10-22T17:00:00,2025-10-22T20:00:00,long,107971.5,107847.5,100,0.1,10797.15,100.0,-12.4,-22.51,-1890.84,-0.02,0,0.0,124,0.11,25604.58,2150784.72,25.6,1079.72,0.1,10,5.0,0.01,0,0.0,10.11,107847.5
883,SELL,ST_FLIP_GREEN,2025-10-22T20:00:00,2025-10-22T21:00:00,short,107847.5,108033.5,100,0.1,10784.75,100.0,-18.6,-28.71,-2411.64,-0.03,0,0.0,186,0.17,25575.87,2148373.08,25.58,1078.47,0.1,10,5.0,0.01,0,0.0,10.11,107971.5
884,BUY,ST_FLIP_RED,2025-10-22T21:00:00,2025-10-22T22:00:00,long,108033.5,108343.5,100,0.1,10803.35,100.0,31.0,20.89,1754.76,0.02,310,0.29,0,0.0,25596.76,2150127.84,25.6,1080.34,0.1,10,5.0,0.01,0,0.0,10.11,107909.5
885,SELL,ST_FLIP_GREEN,2025-10-22T22:00:00,2025-10-23T00:00:00,short,108343.5,108095.5,100,0.1,10834.35,100.0,24.8,14.69,1233.96,0.01,248,0.23,0,0.0,25611.45,2151361.8,25.61,1083.43,0.1,10,5.0,0.01,0,0.0,10.11,108467.5
886,BUY,ST_FLIP_RED,2025-10-23T00:00:00,2025-10-23T01:00:00,long,108095.5,107909.5,100,0.1,10809.55,100.0,-18.6,-28.71,-2411.64,-0.03,0,0.0,186,0.17,25582.74,2148950.16,25.58,1080.96,0.1,10,5.0,0.01,0,0.0,10.11,107971.5
887,SELL,ST_FLIP_GREEN,2025-10-23T01:00:00,2025-10-23T03:00:00,short,107909.5,106979.5,100,0.1,10790.95,100.0,93.0,82.89,6962.76,0.08,930,0.86,0,0.0,25665.63,2155912.92,25.67,1079.1,0.1,10,5.0,0.01,0,0.0,10.11,108033.5
888,BUY,ST_FLIP_RED,2025-10-23T03:00:00,2025-10-23T05:00:00,long,106979.5,107537.5,100,0.1,10697.95,100.0,55.8,45.69,3837.96,0.05,558,0.52,0,0.0,25711.32,2159750.88,25.71,1069.8,0.1,10,5.0,0.01,0,0.0,10.11,106855.5
889,SELL,ST_FLIP_GREEN,2025-10-23T05:00:00,2025-10-23T06:00:00,short,107537.5,107723.5,100,0.1,10753.75,100.0,-18.6,-28.71,-2411.64,-0.03,0,0.0,186,0.17,25682.61,2157339.24,25.68,1075.38,0.1,10,5.0,0.01,0,0.0,10.11,107661.5
890,BUY,ST_FLIP_RED,2025-10-23T06:00:00,2025-10-23T12:00:00,long,107723.5,109645.5,100,0.1,10772.35,100.0,192.2,182.09,15295.56,0.18,1922,1.78,0,0.0,25864.7,2172634.8,25.86,1077.24,0.1,10,5.0,0.01,0,0.0,10.11,107599.5
891,SELL,ST_FLIP_GREEN,2025-10-23T12:00:00,2025-10-23T13:00:00,short,109645.5,109645.5,100,0.1,10964.55,100.0,0.0,-10.11,-849.24,-0.01,0,0.0,0,0.0,25854.59,2171785.56,25.85,1096.46,0.1,10,5.0,0.01,0,0.0,10.11,109769.5
892,BUY,ST_FLIP_RED,2025-10-23T13:00:00,2025-10-23T14:00:00,long,109645.5,109583.5,100,0.1,10964.55,100.0,-6.2,-16.31,-1370.04,-0.02,0,0.0,62,0.06,25838.28,2170415.52,25.84,1096.46,0.1,10,5.0,0.01,0,0.0,10.11,109521.5
893,SELL,ST_FLIP_GREEN,2025-10-23T14:00:00,2025-10-23T15:00:00,short,109583.5,109521.5,100,0.1,10958.35,100.0,6.2,-3.91,-328.44,-0.0,62,0.06,0,0.0,25834.37,2170087.08,25.83,1095.84,0.1,10,5.0,0.01,0,0.0,10.11,109707.5
894,BUY,ST_FLIP_RED,2025-10-23T15:00:00,2025-10-23T17:00:00,long,109521.5,109335.5,100,0.1,10952.15,100.0,-18.6,-28.71,-2411.64,-0.03,0,0.0,186,0.17,25805.66,2167675.44,25.81,1095.22,0.1,10,5.0,0.01,0,0.0,10.11,109397.5
895,SELL,ST_FLIP_GREEN,2025-10-23T17:00:00,2025-10-23T19:00:00,short,109335.5,109273.5,100,0.1,10933.55,100.0,6.2,-3.91,-328.44,-0.0,62,0.06,0,0.0,25801.75,2167347.0,25.8,1093.36,0.1,10,5.0,0.01,0,0.0,10.11,109459.5
896,BUY,ST_FLIP_RED,2025-10-23T19:00:00,2025-10-24T01:00:00,long,109273.5,110265.5,100,0.1,10927.35,100.0,99.2,89.09,7483.56,0.09,992,0.91,0,0.0,25890.84,2174830.56,25.89,1092.74,0.1,10,5.0,0.01,0,0.0,10.11,109149.5
897,SELL,ST_FLIP_GREEN,2025-10-24T01:00:00,2025-10-24T03:00:00,short,110265.5,109831.5,100,0.1,11026.55,100.0,43.4,33.29,2796.36,0.03,434,0.39,0,0.0,25924.13,2177626.92,25.92,1102.66,0.1,10,5.0,0.01,0,0.0,10.11,110389.5
898,BUY,ST_FLIP_RED,2025-10-24T03:00:00,2025-10-24T13:00:00,long,109831.5,111071.5,100,0.1,10983.15,100.0,124.0,113.89,9566.76,0.11,1240,1.13,0,0.0,26038.02,2187193.68,26.04,1098.32,0.1,10,5.0,0.01,0,0.0,10.11,109707.5
899,SELL,ST_FLIP_GREEN,2025-10-24T13:00:00,2025-10-24T14:00:00,short,111071.5,110947.5,100,0.1,11107.15,100.0,12.4,2.29,192.36,0.0,124,0.11,0,0.0,26040.31,2187386.04,26.04,1110.72,0.1,10,5.0,0.01,0,0.0,10.11,111195.5
900,BUY,ST_FLIP_RED,2025-10-24T14:00:00,2025-10-24T15:00:00,long,110947.5,111257.5,100,0.1,11094.75,100.0,31.0,20.89,1754.76,0.02,310,0.28,0,0.0,26061.2,2189140.8,26.06,1109.47,0.1,10,5.0,0.01,0,0.0,10.11,110823.5
901,SELL,ST_FLIP_GREEN,2025-10-24T15:00:00,2025-10-24T18:00:00,short,111257.5,111195.5,100,0.1,11125.75,100.0,6.2,-3.91,-328.44,-0.0,62,0.06,0,0.0,26057.29,2188812.36,26.06,1112.58,0.1,10,5.0,0.01,0,0.0,10.11,111381.5
902,BUY,ST_FLIP_RED,2025-10-24T18:00:00,2025-10-24T19:00:00,long,111195.5,111009.5,100,0.1,11119.55,100.0,-18.6,-28.71,-2411.64,-0.03,0,0.0,186,0.17,26028.58,2186400.72,26.03,1111.96,0.1,10,5.0,0.01,0,0.0,10.11,111071.5
903,SELL,ST_FLIP_GREEN,2025-10-24T19:00:00,2025-10-24T20:00:00,short,111009.5,110141.5,100,0.1,11100.95,100.0,86.8,76.69,6441.96,0.08,868,0.78,0,0.0,26105.27,2192842.68,26.11,1110.1,0.1,10,5.0,0.01,0,0.0,10.11,111133.5
904,BUY,ST_FLIP_RED,2025-10-24T20:00:00,2025-10-24T21:00:00,long,110141.5,110389.5,100,0.1,11014.15,100.0,24.8,14.69,1233.96,0.01,248,0.23,0,0.0,26119.96,2194076.64,26.12,1101.42,0.1,10,5.0,0.01,0,0.0,10.11,110017.5
905,SELL,ST_FLIP_GREEN,2025-10-24T21:00:00,2025-10-24T22:00:00,short,110389.5,110451.5,100,0.1,11038.95,100.0,-6.2,-16.31,-1370.04,-0.02,0,0.0,62,0.06,26103.65,2192706.6,26.1,1103.89,0.1,10,5.0,0.01,0,0.0,10.11,110513.5
906,BUY,ST_FLIP_RED,2025-10-24T22:00:00,2025-10-25T01:00:00,long,110451.5,110699.5,100,0.1,11045.15,100.0,24.8,14.69,1233.96,0.01,248,0.22,0,0.0,26118.34,2193940.56,26.12,1104.52,0.1,10,5.0,0.01,0,0.0,10.11,110327.5
907,SELL,ST_FLIP_GREEN,2025-10-25T01:00:00,2025-10-25T02:00:00,short,110699.5,110823.5,100,0.1,11069.95,100.0,-12.4,-22.51,-1890.84,-0.02,0,0.0,124,0.11,26095.83,2192049.72,26.1,1107.0,0.1,10,5.0,0.01,0,0.0,10.11,110823.5
908,BUY,ST_FLIP_RED,2025-10-25T02:00:00,2025-10-25T05:00:00,long,110823.5,110823.5,100,0.1,11082.35,100.0,0.0,-10.11,-849.24,-0.01,0,0.0,0,0.0,26085.72,2191200.48,26.09,1108.24,0.1,10,5.0,0.01,0,0.0,10.11,110699.5
909,SELL,ST_FLIP_GREEN,2025-10-25T05:00:00,2025-10-25T06:00:00,short,110823.5,110947.5,100,0.1,11082.35,100.0,-12.4,-22.51,-1890.84,-0.02,0,0.0,124,0.11,26063.21,2189309.64,26.06,1108.24,0.1,10,5.0,0.01,0,0.0,10.11,110947.5
910,BUY,ST_FLIP_RED,2025-10-25T06:00:00,2025-10-25T15:00:00,long,110947.5,111443.5,100,0.1,11094.75,100.0,49.6,39.49,3317.16,0.04,496,0.45,0,0.0,26102.7,2192626.8,26.1,1109.47,0.1,10,5.0,0.01,0,0.0,10.11,110823.5
911,SELL,ST_FLIP_GREEN,2025-10-25T15:00:00,2025-10-25T16:00:00,short,111443.5,111629.5,100,0.1,11144.35,100.0,-18.6,-28.71,-2411.64,-0.03,0,0.0,186,0.17,26073.99,2190215.16,26.07,1114.43,0.1,10,5.0,0.01,0,0.0,10.11,111567.5
912,BUY,ST_FLIP_RED,2025-10-25T16:00:00,2025-10-25T20:00:00,long,111629.5,111505.5,100,0.1,11162.95,100.0,-12.4,-22.51,-1890.84,-0.02,0,0.0,124,0.11,26051.48,2188324.32,26.05,1116.3,0.1,10,5.0,0.01,0,0.0,10.11,111505.5
913,SELL,ST_FLIP_GREEN,2025-10-25T20:00:00,2025-10-25T23:00:00,short,111505.5,111381.5,100,0.1,11150.55,100.0,12.4,2.29,192.36,0.0,124,0.11,0,0.0,26053.77,2188516.68,26.05,1115.06,0.1,10,5.0,0.01,0,0.0,10.11,111629.5
914,BUY,ST_FLIP_RED,2025-10-25T23:00:00,2025-10-26T01:00:00,long,111381.5,111443.5,100,0.1,11138.15,100.0,6.2,-3.91,-328.44,-0.0,62,0.06,0,0.0,26049.86,2188188.24,26.05,1113.82,0.1,10,5.0,0.01,0,0.0,10.11,111257.5
915,SELL,ST_FLIP_GREEN,2025-10-26T01:00:00,2025-10-26T04:00:00,short,111443.5,111567.5,100,0.1,11144.35,100.0,-12.4,-22.51,-1890.84,-0.02,0,0.0,124,0.11,26027.35,2186297.4,26.03,1114.43,0.1,10,5.0,0.01,0,0.0,10.11,111567.5
916,BUY,ST_FLIP_RED,2025-10-26T04:00:00,2025-10-26T08:00:00,long,111567.5,111505.5,100,0.1,11156.75,100.0,-6.2,-16.31,-1370.04,-0.02,0,0.0,62,0.06,26011.04,2184927.36,26.01,1115.67,0.1,10,5.0,0.01,0,0.0,10.11,111443.5
917,SELL,ST_FLIP_GREEN,2025-10-26T08:00:00,2025-10-26T11:00:00,short,111505.5,111567.5,100,0.1,11150.55,100.0,-6.2,-16.31,-1370.04,-0.02,0,0.0,62,0.06,25994.73,2183557.32,25.99,1115.06,0.1,10,5.0,0.01,0,0.0,10.11,111629.5
918,BUY,ST_FLIP_RED,2025-10-26T11:00:00,2025-10-26T15:00:00,long,111567.5,112435.5,100,0.1,11156.75,100.0,86.8,76.69,6441.96,0.08,868,0.78,0,0.0,26071.42,2189999.28,26.07,1115.67,0.1,10,5.0,0.01,0,0.0,10.11,111443.5
919,SELL,ST_FLIP_GREEN,2025-10-26T15:00:00,2025-10-26T16:00:00,short,112435.5,112435.5,100,0.1,11243.55,100.0,0.0,-10.11,-849.24,-0.01,0,0.0,0,0.0,26061.31,2189150.04,26.06,1124.36,0.1,10,5.0,0.01,0,0.0,10.11,112559.5
920,BUY,ST_FLIP_RED,2025-10-26T16:00:00,2025-10-26T20:00:00,long,112435.5,113427.5,100,0.1,11243.55,100.0,99.2,89.09,7483.56,0.09,992,0.88,0,0.0,26150.4,2196633.6,26.15,1124.36,0.1,10,5.0,0.01,0,0.0,10.11,112311.5
921,SELL,ST_FLIP_GREEN,2025-10-26T20:00:00,2025-10-26T22:00:00,short,113427.5,113613.5,100,0.1,11342.75,100.0,-18.6,-28.71,-2411.64,-0.03,0,0.0,186,0.16,26121.69,2194221.96,26.12,1134.28,0.1,10,5.0,0.01,0,0.0,10.11,113551.5
922,BUY,ST_FLIP_RED,2025-10-26T22:00:00,2025-10-26T23:00:00,long,113613.5,113427.5,100,0.1,11361.35,100.0,-18.6,-28.71,-2411.64,-0.03,0,0.0,186,0.16,26092.98,2191810.32,26.09,1136.13,0.1,10,5.0,0.01,0,0.0,10.11,113489.5
923,SELL,ST_FLIP_GREEN,2025-10-26T23:00:00,2025-10-27T00:00:00,short,113427.5,113613.5,100,0.1,11342.75,100.0,-18.6,-28.71,-2411.64,-0.03,0,0.0,186,0.16,26064.27,2189398.68,26.06,1134.28,0.1,10,5.0,0.01,0,0.0,10.11,113551.5
924,BUY,ST_FLIP_RED,2025-10-27T00:00:00,2025-10-27T01:00:00,long,113613.5,113489.5,100,0.1,11361.35,100.0,-12.4,-22.51,-1890.84,-0.02,0,0.0,124,0.11,26041.76,2187507.84,26.04,1136.13,0.1,10,5.0,0.01,0,0.0,10.11,113489.5
925,SELL,ST_FLIP_GREEN,2025-10-27T01:00:00,2025-10-27T03:00:00,short,113489.5,113303.5,100,0.1,11348.95,100.0,18.6,8.49,713.16,0.01,186,0.16,0,0.0,26050.25,2188221.0,26.05,1134.89,0.1,10,5.0,0.01,0,0.0,10.11,113613.5
926,BUY,ST_FLIP_RED,2025-10-27T03:00:00,2025-10-27T07:00:00,long,113303.5,114915.5,100,0.1,11330.35,100.0,161.2,151.09,12691.56,0.15,1612,1.42,0,0.0,26201.34,2200912.56,26.2,1133.04,0.1,10,5.0,0.01,0,0.0,10.11,113179.5
927,SELL,ST_FLIP_GREEN,2025-10-27T07:00:00,2025-10-27T09:00:00,short,114915.5,115101.5,100,0.1,11491.55,100.0,-18.6,-28.71,-2411.64,-0.03,0,0.0,186,0.16,26172.63,2198500.92,26.17,1149.16,0.1,10,5.0,0.01,0,0.0,10.11,115039.5
928,BUY,ST_FLIP_RED,2025-10-27T09:00:00,2025-10-27T13:00:00,long,115101.5,115597.5,100,0.1,11510.15,100.0,49.6,39.49,3317.16,0.04,496,0.43,0,0.0,26212.12,2201818.08,26.21,1151.02,0.1,10,5.0,0.01,0,0.0,10.11,114977.5
929,SELL,ST_FLIP_GREEN,2025-10-27T13:00:00,2025-10-27T15:00:00,short,115597.5,115287.5,100,0.1,11559.75,100.0,31.0,20.89,1754.76,0.02,310,0.27,0,0.0,26233.01,2203572.84,26.23,1155.97,0.1,10,5.0,0.01,0,0.0,10.11,115721.5
930,BUY,ST_FLIP_RED,2025-10-27T15:00:00,2025-10-27T16:00:00,long,115287.5,115287.5,100,0.1,11528.75,100.0,0.0,-10.11,-849.24,-0.01,0,0.0,0,0.0,26222.9,2202723.6,26.22,1152.88,0.1,10,5.0,0.01,0,0.0,10.11,115163.5
931,SELL,ST_FLIP_GREEN,2025-10-27T16:00:00,2025-10-27T21:00:00,short,115287.5,115163.5,100,0.1,11528.75,100.0,12.4,2.29,192.36,0.0,124,0.11,0,0.0,26225.19,2202915.96,26.23,1152.88,0.1,10,5.0,0.01,0,0.0,10.11,115411.5
932,BUY,ST_FLIP_RED,2025-10-27T21:00:00,2025-10-28T00:00:00,long,115163.5,115163.5,100,0.1,11516.35,100.0,0.0,-10.11,-849.24,-0.01,0,0.0,0,0.0,26215.08,2202066.72,26.22,1151.63,0.1,10,5.0,0.01,0,0.0,10.11,115039.5
933,SELL,ST_FLIP_GREEN,2025-10-28T00:00:00,2025-10-28T03:00:00,short,115163.5,114357.5,100,0.1,11516.35,100.0,80.6,70.49,5921.16,0.07,806,0.7,0,0.0,26285.57,2207987.88,26.29,1151.63,0.1,10,5.0,0.01,0,0.0,10.11,115287.5
934,BUY,ST_FLIP_RED,2025-10-28T03:00:00,2025-10-28T04:00:00,long,114357.5,114233.5,100,0.1,11435.75,100.0,-12.4,-22.51,-1890.84,-0.02,0,0.0,124,0.11,26263.06,2206097.04,26.26,1143.58,0.1,10,5.0,0.01,0,0.0,10.11,114233.5
935,SELL,ST_FLIP_GREEN,2025-10-28T04:00:00,2025-10-28T05:00:00,short,114233.5,114171.5,100,0.1,11423.35,100.0,6.2,-3.91,-328.44,-0.0,62,0.05,0,0.0,26259.15,2205768.6,26.26,1142.34,0.1,10,5.0,0.01,0,0.0,10.11,114357.5
936,BUY,ST_FLIP_RED,2025-10-28T05:00:00,2025-10-28T07:00:00,long,114171.5,114047.5,100,0.1,11417.15,100.0,-12.4,-22.51,-1890.84,-0.02,0,0.0,124,0.11,26236.64,2203877.76,26.24,1141.72,0.1,10,5.0,0.01,0,0.0,10.11,114047.5
937,SELL,ST_FLIP_GREEN,2025-10-28T07:00:00,2025-10-28T12:00:00,short,114047.5,114047.5,100,0.1,11404.75,100.0,0.0,-10.11,-849.24,-0.01,0,0.0,0,0.0,26226.53,2203028.52,26.23,1140.47,0.1,10,5.0,0.01,0,0.0,10.11,114171.5
938,BUY,ST_FLIP_RED,2025-10-28T12:00:00,2025-10-28T17:00:00,long,114047.5,114295.5,100,0.1,11404.75,100.0,24.8,14.69,1233.96,0.01,248,0.22,0,0.0,26241.22,2204262.48,26.24,1140.47,0.1,10,5.0,0.01,0,0.0,10.11,113923.5
939,SELL,ST_FLIP_GREEN,2025-10-28T17:00:00,2025-10-28T18:00:00,short,114295.5,114295.5,100,0.1,11429.55,100.0,0.0,-10.11,-849.24,-0.01,0,0.0,0,0.0,26231.11,2203413.24,26.23,1142.96,0.1,10,5.0,0.01,0,0.0,10.11,114419.5
940,BUY,ST_FLIP_RED,2025-10-28T18:00:00,2025-10-28T20:00:00,long,114295.5,115659.5,100,0.1,11429.55,100.0,136.4,126.29,10608.36,0.13,1364,1.19,0,0.0,26357.4,2214021.6,26.36,1142.96,0.1,10,5.0,0.01,0,0.0,10.11,114171.5
941,SELL,ST_FLIP_GREEN,2025-10-28T20:00:00,2025-10-28T22:00:00,short,115659.5,115163.5,100,0.1,11565.95,100.0,49.6,39.49,3317.16,0.04,496,0.43,0,0.0,26396.89,2217338.76,26.4,1156.6,0.1,10,5.0,0.01,0,0.0,10.11,115783.5
942,BUY,ST_FLIP_RED,2025-10-28T22:00:00,2025-10-28T23:00:00,long,115163.5,115287.5,100,0.1,11516.35,100.0,12.4,2.29,192.36,0.0,124,0.11,0,0.0,26399.18,2217531.12,26.4,1151.63,0.1,10,5.0,0.01,0,0.0,10.11,115039.5
943,SELL,ST_FLIP_GREEN,2025-10-28T23:00:00,2025-10-29T02:00:00,short,115287.5,112745.5,100,0.1,11528.75,100.0,254.2,244.09,20503.56,0.24,2542,2.2,0,0.0,26643.27,2238034.68,26.64,1152.88,0.1,10,5.0,0.01,0,0.0,10.11,115411.5
944,BUY,ST_FLIP_RED,2025-10-29T02:00:00,2025-10-29T04:00:00,long,112745.5,112869.5,100,0.1,11274.55,100.0,12.4,2.29,192.36,0.0,124,0.11,0,0.0,26645.56,2238227.04,26.65,1127.46,0.1,10,5.0,0.01,0,0.0,10.11,112621.5
945,SELL,ST_FLIP_GREEN,2025-10-29T04:00:00,2025-10-29T07:00:00,short,112869.5,112373.5,100,0.1,11286.95,100.0,49.6,39.49,3317.16,0.04,496,0.44,0,0.0,26685.05,2241544.2,26.69,1128.7,0.1,10,5.0,0.01,0,0.0,10.11,112993.5
946,BUY,ST_FLIP_RED,2025-10-29T07:00:00,2025-10-29T08:00:00,long,112373.5,112497.5,100,0.1,11237.35,100.0,12.4,2.29,192.36,0.0,124,0.11,0,0.0,26687.34,2241736.56,26.69,1123.74,0.1,10,5.0,0.01,0,0.0,10.11,112249.5
947,SELL,ST_FLIP_GREEN,2025-10-29T08:00:00,2025-10-29T09:00:00,short,112497.5,112621.5,100,0.1,11249.75,100.0,-12.4,-22.51,-1890.84,-0.02,0,0.0,124,0.11,26664.83,2239845.72,26.66,1124.97,0.1,10,5.0,0.01,0,0.0,10.11,112621.5
948,BUY,ST_FLIP_RED,2025-10-29T09:00:00,2025-10-29T14:00:00,long,112621.5,113179.5,100,0.1,11262.15,100.0,55.8,45.69,3837.96,0.05,558,0.5,0,0.0,26710.52,2243683.68,26.71,1126.22,0.1,10,5.0,0.01,0,0.0,10.11,112497.5
949,SELL,ST_FLIP_GREEN,2025-10-29T14:00:00,2025-10-29T15:00:00,short,113179.5,113055.5,100,0.1,11317.95,100.0,12.4,2.29,192.36,0.0,124,0.11,0,0.0,26712.81,2243876.04,26.71,1131.8,0.1,10,5.0,0.01,0,0.0,10.11,113303.5
950,BUY,ST_FLIP_RED,2025-10-29T15:00:00,2025-10-29T19:00:00,long,113055.5,113303.5,100,0.1,11305.55,100.0,24.8,14.69,1233.96,0.01,248,0.22,0,0.0,26727.5,2245110.0,26.73,1130.56,0.1,10,5.0,0.01,0,0.0,10.11,112931.5
951,SELL,ST_FLIP_GREEN,2025-10-29T19:00:00,2025-10-29T23:00:00,short,113303.5,111319.5,100,0.1,11330.35,100.0,198.4,188.29,15816.36,0.19,1984,1.75,0,0.0,26915.79,2260926.36,26.92,1133.04,0.1,10,5.0,0.01,0,0.0,10.11,113427.5
952,BUY,ST_FLIP_RED,2025-10-29T23:00:00,2025-10-30T00:00:00,long,111319.5,111257.5,100,0.1,11131.95,100.0,-6.2,-16.31,-1370.04,-0.02,0,0.0,62,0.06,26899.48,2259556.32,26.9,1113.2,0.1,10,5.0,0.01,0,0.0,10.11,111195.5
953,SELL,ST_FLIP_GREEN,2025-10-30T00:00:00,2025-10-30T01:00:00,short,111257.5,111071.5,100,0.1,11125.75,100.0,18.6,8.49,713.16,0.01,186,0.17,0,0.0,26907.97,2260269.48,26.91,1112.58,0.1,10,5.0,0.01,0,0.0,10.11,111381.5
954,BUY,ST_FLIP_RED,2025-10-30T01:00:00,2025-10-30T03:00:00,long,111071.5,111257.5,100,0.1,11107.15,100.0,18.6,8.49,713.16,0.01,186,0.17,0,0.0,26916.46,2260982.64,26.92,1110.72,0.1,10,5.0,0.01,0,0.0,10.11,110947.5
955,SELL,ST_FLIP_GREEN,2025-10-30T03:00:00,2025-10-30T07:00:00,short,111257.5,110575.5,100,0.1,11125.75,100.0,68.2,58.09,4879.56,0.06,682,0.61,0,0.0,26974.55,2265862.2,26.97,1112.58,0.1,10,5.0,0.01,0,0.0,10.11,111381.5
956,BUY,ST_FLIP_RED,2025-10-30T07:00:00,2025-10-30T08:00:00,long,110575.5,110699.5,100,0.1,11057.55,100.0,12.4,2.29,192.36,0.0,124,0.11,0,0.0,26976.84,2266054.56,26.98,1105.76,0.1,10,5.0,0.01,0,0.0,10.11,110451.5
957,SELL,ST_FLIP_GREEN,2025-10-30T08:00:00,2025-10-30T10:00:00,short,110699.5,108529.5,100,0.1,11069.95,100.0,217.0,206.89,17378.76,0.21,2170,1.96,0,0.0,27183.73,2283433.32,27.18,1107.0,0.1,10,5.0,0.01,0,0.0,10.11,110823.5
958,BUY,ST_FLIP_RED,2025-10-30T10:00:00,2025-10-30T13:00:00,long,108529.5,111009.5,100,0.1,10852.95,100.0,248.0,237.89,19982.76,0.24,2480,2.29,0,0.0,27421.62,2303416.08,27.42,1085.3,0.1,10,5.0,0.01,0,0.0,10.11,108405.5
959,SELL,ST_FLIP_GREEN,2025-10-30T13:00:00,2025-10-30T21:00:00,short,111009.5,108033.5,100,0.1,11100.95,100.0,297.6,287.49,24149.16,0.29,2976,2.68,0,0.0,27709.11,2327565.24,27.71,1110.1,0.1,10,5.0,0.01,0,0.0,10.11,111133.5
960,BUY,ST_FLIP_RED,2025-10-30T21:00:00,2025-10-30T22:00:00,long,108033.5,107971.5,100,0.1,10803.35,100.0,-6.2,-16.31,-1370.04,-0.02,0,0.0,62,0.06,27692.8,2326195.2,27.69,1080.34,0.1,10,5.0,0.01,0,0.0,10.11,107909.5
961,SELL,ST_FLIP_GREEN,2025-10-30T22:00:00,2025-10-30T23:00:00,short,107971.5,107289.5,100,0.1,10797.15,100.0,68.2,58.09,4879.56,0.06,682,0.63,0,0.0,27750.89,2331074.76,27.75,1079.72,0.1,10,5.0,0.01,0,0.0,10.11,108095.5
962,BUY,ST_FLIP_RED,2025-10-30T23:00:00,2025-10-31T00:00:00,long,107289.5,107165.5,100,0.1,10728.95,100.0,-12.4,-22.51,-1890.84,-0.02,0,0.0,124,0.12,27728.38,2329183.92,27.73,1072.89,0.1,10,5.0,0.01,0,0.0,10.11,107165.5
963,SELL,ST_FLIP_GREEN,2025-10-31T00:00:00,2025-10-31T01:00:00,short,107165.5,107103.5,100,0.1,10716.55,100.0,6.2,-3.91,-328.44,-0.0,62,0.06,0,0.0,27724.47,2328855.48,27.72,1071.66,0.1,10,5.0,0.01,0,0.0,10.11,107289.5
964,BUY,ST_FLIP_RED,2025-10-31T01:00:00,2025-10-31T07:00:00,long,107103.5,109583.5,100,0.1,10710.35,100.0,248.0,237.89,19982.76,0.24,2480,2.32,0,0.0,27962.36,2348838.24,27.96,1071.04,0.1,10,5.0,0.01,0,0.0,10.11,106979.5
965,SELL,ST_FLIP_GREEN,2025-10-31T07:00:00,2025-10-31T09:00:00,short,109583.5,109273.5,100,0.1,10958.35,100.0,31.0,20.89,1754.76,0.02,310,0.28,0,0.0,27983.25,2350593.0,27.98,1095.84,0.1,10,5.0,0.01,0,0.0,10.11,109707.5
966,BUY,ST_FLIP_RED,2025-10-31T09:00:00,2025-10-31T11:00:00,long,109273.5,109645.5,100,0.1,10927.35,100.0,37.2,27.09,2275.56,0.03,372,0.34,0,0.0,28010.34,2352868.56,28.01,1092.74,0.1,10,5.0,0.01,0,0.0,10.11,109149.5
967,SELL,ST_FLIP_GREEN,2025-10-31T11:00:00,2025-10-31T13:00:00,short,109645.5,109831.5,100,0.1,10964.55,100.0,-18.6,-28.71,-2411.64,-0.03,0,0.0,186,0.17,27981.63,2350456.92,27.98,1096.46,0.1,10,5.0,0.01,0,0.0,10.11,109769.5
968,BUY,ST_FLIP_RED,2025-10-31T13:00:00,2025-10-31T15:00:00,long,109831.5,109769.5,100,0.1,10983.15,100.0,-6.2,-16.31,-1370.04,-0.02,0,0.0,62,0.06,27965.32,2349086.88,27.97,1098.32,0.1,10,5.0,0.01,0,0.0,10.11,109707.5
969,SELL,ST_FLIP_GREEN,2025-10-31T15:00:00,2025-10-31T17:00:00,short,109769.5,109707.5,100,0.1,10976.95,100.0,6.2,-3.91,-328.44,-0.0,62,0.06,0,0.0,27961.41,2348758.44,27.96,1097.7,0.1,10,5.0,0.01,0,0.0,10.11,109893.5
970,BUY,ST_FLIP_RED,2025-10-31T17:00:00,2025-10-31T18:00:00,long,109707.5,109955.5,100,0.1,10970.75,100.0,24.8,14.69,1233.96,0.01,248,0.23,0,0.0,27976.1,2349992.4,27.98,1097.08,0.1,10,5.0,0.01,0,0.0,10.11,109583.5
971,SELL,ST_FLIP_GREEN,2025-10-31T18:00:00,2025-10-31T20:00:00,short,109955.5,110017.5,100,0.1,10995.55,100.0,-6.2,-16.31,-1370.04,-0.02,0,0.0,62,0.06,27959.79,2348622.36,27.96,1099.56,0.1,10,5.0,0.01,0,0.0,10.11,110079.5
972,BUY,ST_FLIP_RED,2025-10-31T20:00:00,2025-10-31T21:00:00,long,110017.5,110265.5,100,0.1,11001.75,100.0,24.8,14.69,1233.96,0.01,248,0.23,0,0.0,27974.48,2349856.32,27.97,1100.17,0.1,10,5.0,0.01,0,0.0,10.11,109893.5
973,SELL,ST_FLIP_GREEN,2025-10-31T21:00:00,2025-10-31T23:00:00,short,110265.5,109211.5,100,0.1,11026.55,100.0,105.4,95.29,8004.36,0.1,1054,0.96,0,0.0,28069.77,2357860.68,28.07,1102.66,0.1,10,5.0,0.01,0,0.0,10.11,110389.5
974,BUY,ST_FLIP_RED,2025-10-31T23:00:00,2025-11-01T02:00:00,long,109211.5,109521.5,100,0.1,10921.15,100.0,31.0,20.89,1754.76,0.02,310,0.28,0,0.0,28090.66,2359615.44,28.09,1092.12,0.1,10,5.0,0.01,0,0.0,10.11,109087.5
975,SELL,ST_FLIP_GREEN,2025-11-01T02:00:00,2025-11-01T03:00:00,short,109521.5,109645.5,100,0.1,10952.15,100.0,-12.4,-22.51,-1890.84,-0.02,0,0.0,124,0.11,28068.15,2357724.6,28.07,1095.22,0.1,10,5.0,0.01,0,0.0,10.11,109645.5
976,BUY,ST_FLIP_RED,2025-11-01T03:00:00,2025-11-01T05:00:00,long,109645.5,109459.5,100,0.1,10964.55,100.0,-18.6,-28.71,-2411.64,-0.03,0,0.0,186,0.17,28039.44,2355312.96,28.04,1096.46,0.1,10,5.0,0.01,0,0.0,10.11,109521.5
977,SELL,ST_FLIP_GREEN,2025-11-01T05:00:00,2025-11-01T06:00:00,short,109459.5,109645.5,100,0.1,10945.95,100.0,-18.6,-28.71,-2411.64,-0.03,0,0.0,186,0.17,28010.73,2352901.32,28.01,1094.6,0.1,10,5.0,0.01,0,0.0,10.11,109583.5
978,BUY,ST_FLIP_RED,2025-11-01T06:00:00,2025-11-01T07:00:00,long,109645.5,109769.5,100,0.1,10964.55,100.0,12.4,2.29,192.36,0.0,124,0.11,0,0.0,28013.02,2353093.68,28.01,1096.46,0.1,10,5.0,0.01,0,0.0,10.11,109521.5
979,SELL,ST_FLIP_GREEN,2025-11-01T07:00:00,2025-11-01T08:00:00,short,109769.5,109769.5,100,0.1,10976.95,100.0,0.0,-10.11,-849.24,-0.01,0,0.0,0,0.0,28002.91,2352244.44,28.0,1097.7,0.1,10,5.0,0.01,0,0.0,10.11,109893.5
980,BUY,ST_FLIP_RED,2025-11-01T08:00:00,2025-11-01T10:00:00,long,109769.5,110079.5,100,0.1,10976.95,100.0,31.0,20.89,1754.76,0.02,310,0.28,0,0.0,28023.8,2353999.2,28.02,1097.7,0.1,10,5.0,0.01,0,0.0,10.11,109645.5
981,SELL,ST_FLIP_GREEN,2025-11-01T10:00:00,2025-11-01T12:00:00,short,110079.5,110203.5,100,0.1,11007.95,100.0,-12.4,-22.51,-1890.84,-0.02,0,0.0,124,0.11,28001.29,2352108.36,28.0,1100.8,0.1,10,5.0,0.01,0,0.0,10.11,110203.5
982,BUY,ST_FLIP_RED,2025-11-01T12:00:00,2025-11-01T15:00:00,long,110203.5,110017.5,100,0.1,11020.35,100.0,-18.6,-28.71,-2411.64,-0.03,0,0.0,186,0.17,27972.58,2349696.72,27.97,1102.04,0.1,10,5.0,0.01,0,0.0,10.11,110079.5
983,SELL,ST_FLIP_GREEN,2025-11-01T15:00:00,2025-11-01T20:00:00,short,110017.5,110079.5,100,0.1,11001.75,100.0,-6.2,-16.31,-1370.04,-0.02,0,0.0,62,0.06,27956.27,2348326.68,27.96,1100.17,0.1,10,5.0,0.01,0,0.0,10.11,110141.5
984,BUY,ST_FLIP_RED,2025-11-01T20:00:00,2025-11-02T03:00:00,long,110079.5,110203.5,100,0.1,11007.95,100.0,12.4,2.29,192.36,0.0,124,0.11,0,0.0,27958.56,2348519.04,27.96,1100.8,0.1,10,5.0,0.01,0,0.0,10.11,109955.5
985,SELL,ST_FLIP_GREEN,2025-11-02T03:00:00,2025-11-02T09:00:00,short,110203.5,110141.5,100,0.1,11020.35,100.0,6.2,-3.91,-328.44,-0.0,62,0.06,0,0.0,27954.65,2348190.6,27.95,1102.04,0.1,10,5.0,0.01,0,0.0,10.11,110327.5
986,BUY,ST_FLIP_RED,2025-11-02T09:00:00,2025-11-02T15:00:00,long,110141.5,110699.5,100,0.1,11014.15,100.0,55.8,45.69,3837.96,0.05,558,0.51,0,0.0,28000.34,2352028.56,28.0,1101.42,0.1,10,5.0,0.01,0,0.0,10.11,110017.5
987,SELL,ST_FLIP_GREEN,2025-11-02T15:00:00,2025-11-02T16:00:00,short,110699.5,110699.5,100,0.1,11069.95,100.0,0.0,-10.11,-849.24,-0.01,0,0.0,0,0.0,27990.23,2351179.32,27.99,1107.0,0.1,10,5.0,0.01,0,0.0,10.11,110823.5
988,BUY,ST_FLIP_RED,2025-11-02T16:00:00,2025-11-02T18:00:00,long,110699.5,110699.5,100,0.1,11069.95,100.0,0.0,-10.11,-849.24,-0.01,0,0.0,0,0.0,27980.12,2350330.08,27.98,1107.0,0.1,10,5.0,0.01,0,0.0,10.11,110575.5
989,SELL,ST_FLIP_GREEN,2025-11-02T18:00:00,2025-11-02T20:00:00,short,110699.5,110451.5,100,0.1,11069.95,100.0,24.8,14.69,1233.96,0.01,248,0.22,0,0.0,27994.81,2351564.04,27.99,1107.0,0.1,10,5.0,0.01,0,0.0,10.11,110823.5
990,BUY,ST_FLIP_RED,2025-11-02T20:00:00,2025-11-02T21:00:00,long,110451.5,110327.5,100,0.1,11045.15,100.0,-12.4,-22.51,-1890.84,-0.02,0,0.0,124,0.11,27972.3,2349673.2,27.97,1104.52,0.1,10,5.0,0.01,0,0.0,10.11,110327.5
991,SELL,ST_FLIP_GREEN,2025-11-02T21:00:00,2025-11-02T23:00:00,short,110327.5,110203.5,100,0.1,11032.75,100.0,12.4,2.29,192.36,0.0,124,0.11,0,0.0,27974.59,2349865.56,27.97,1103.28,0.1,10,5.0,0.01,0,0.0,10.11,110451.5
992,BUY,ST_FLIP_RED,2025-11-02T23:00:00,2025-11-03T00:00:00,long,110203.5,110079.5,100,0.1,11020.35,100.0,-12.4,-22.51,-1890.84,-0.02,0,0.0,124,0.11,27952.08,2347974.72,27.95,1102.04,0.1,10,5.0,0.01,0,0.0,10.11,110079.5
993,SELL,ST_FLIP_GREEN,2025-11-03T00:00:00,2025-11-03T04:00:00,short,110079.5,110079.5,100,0.1,11007.95,100.0,0.0,-10.11,-849.24,-0.01,0,0.0,0,0.0,27941.97,2347125.48,27.94,1100.8,0.1,10,5.0,0.01,0,0.0,10.11,110203.5
994,BUY,ST_FLIP_RED,2025-11-03T04:00:00,2025-11-03T06:00:00,long,110079.5,110079.5,100,0.1,11007.95,100.0,0.0,-10.11,-849.24,-0.01,0,0.0,0,0.0,27931.86,2346276.24,27.93,1100.8,0.1,10,5.0,0.01,0,0.0,10.11,109955.5
995,SELL,ST_FLIP_GREEN,2025-11-03T06:00:00,2025-11-03T12:00:00,short,110079.5,107661.5,100,0.1,11007.95,100.0,241.8,231.69,19461.96,0.23,2418,2.2,0,0.0,28163.55,2365738.2,28.16,1100.8,0.1,10,5.0,0.01,0,0.0,10.11,110203.5
996,BUY,ST_FLIP_RED,2025-11-03T12:00:00,2025-11-03T13:00:00,long,107661.5,107475.5,100,0.1,10766.15,100.0,-18.6,-28.71,-2411.64,-0.03,0,0.0,186,0.17,28134.84,2363326.56,28.13,1076.62,0.1,10,5.0,0.01,0,0.0,10.11,107537.5
997,SELL,ST_FLIP_GREEN,2025-11-03T13:00:00,2025-11-03T14:00:00,short,107475.5,107351.5,100,0.1,10747.55,100.0,12.4,2.29,192.36,0.0,124,0.12,0,0.0,28137.13,2363518.92,28.14,1074.76,0.1,10,5.0,0.01,0,0.0,10.11,107599.5
998,BUY,ST_FLIP_RED,2025-11-03T14:00:00,2025-11-03T18:00:00,long,107351.5,107971.5,100,0.1,10735.15,100.0,62.0,51.89,4358.76,0.05,620,0.58,0,0.0,28189.02,2367877.68,28.19,1073.52,0.1,10,5.0,0.01,0,0.0,10.11,107227.5
999,SELL,ST_FLIP_GREEN,2025-11-03T18:00:00,2025-11-03T21:00:00,short,107971.5,106173.5,100,0.1,10797.15,100.0,179.8,169.69,14253.96,0.17,1798,1.67,0,0.0,28358.71,2382131.64,28.36,1079.72,0.1,10,5.0,0.01,0,0.0,10.11,108095.5
1000,BUY,ST_FLIP_RED,2025-11-03T21:00:00,2025-11-04T00:00:00,long,106173.5,106979.5,100,0.1,10617.35,100.0,80.6,70.49,5921.16,0.07,806,0.76,0,0.0,28429.2,2388052.8,28.43,1061.74,0.1,10,5.0,0.01,0,0.0,10.11,106049.5
1001,SELL,ST_FLIP_GREEN,2025-11-04T00:00:00,2025-11-04T04:00:00,short,106979.5,106359.5,100,0.1,10697.95,100.0,62.0,51.89,4358.76,0.05,620,0.58,0,0.0,28481.09,2392411.56,28.48,1069.8,0.1,10,5.0,0.01,0,0.0,10.11,107103.5
1002,BUY,ST_FLIP_RED,2025-11-04T04:00:00,2025-11-04T05:00:00,long,106359.5,106297.5,100,0.1,10635.95,100.0,-6.2,-16.31,-1370.04,-0.02,0,0.0,62,0.06,28464.78,2391041.52,28.46,1063.6,0.1,10,5.0,0.01,0,0.0,10.11,106235.5
1003,SELL,ST_FLIP_GREEN,2025-11-04T05:00:00,2025-11-04T06:00:00,short,106297.5,105987.5,100,0.1,10629.75,100.0,31.0,20.89,1754.76,0.02,310,0.29,0,0.0,28485.67,2392796.28,28.49,1062.97,0.1,10,5.0,0.01,0,0.0,10.11,106421.5
1004,BUY,ST_FLIP_RED,2025-11-04T06:00:00,2025-11-04T10:00:00,long,105987.5,106731.5,100,0.1,10598.75,100.0,74.4,64.29,5400.36,0.06,744,0.7,0,0.0,28549.96,2398196.64,28.55,1059.88,0.1,10,5.0,0.01,0,0.0,10.11,105863.5
1005,SELL,ST_FLIP_GREEN,2025-11-04T10:00:00,2025-11-04T16:00:00,short,106731.5,103941.5,100,0.1,10673.15,100.0,279.0,268.89,22586.76,0.27,2790,2.61,0,0.0,28818.85,2420783.4,28.82,1067.32,0.1,10,5.0,0.01,0,0.0,10.11,106855.5
1006,BUY,ST_FLIP_RED,2025-11-04T16:00:00,2025-11-04T17:00:00,long,103941.5,104127.5,100,0.1,10394.15,100.0,18.6,8.49,713.16,0.01,186,0.18,0,0.0,28827.34,2421496.56,28.83,1039.42,0.1,10,5.0,0.01,0,0.0,10.11,103817.5
1007,SELL,ST_FLIP_GREEN,2025-11-04T17:00:00,2025-11-04T20:00:00,short,104127.5,103879.5,100,0.1,10412.75,100.0,24.8,14.69,1233.96,0.01,248,0.24,0,0.0,28842.03,2422730.52,28.84,1041.28,0.1,10,5.0,0.01,0,0.0,10.11,104251.5
1008,BUY,ST_FLIP_RED,2025-11-04T20:00:00,2025-11-04T21:00:00,long,103879.5,104189.5,100,0.1,10387.95,100.0,31.0,20.89,1754.76,0.02,310,0.3,0,0.0,28862.92,2424485.28,28.86,1038.8,0.1,10,5.0,0.01,0,0.0,10.11,103755.5
1009,SELL,ST_FLIP_GREEN,2025-11-04T21:00:00,2025-11-05T00:00:00,short,104189.5,100903.5,100,0.1,10418.95,100.0,328.6,318.49,26753.16,0.32,3286,3.15,0,0.0,29181.41,2451238.44,29.18,1041.89,0.1,10,5.0,0.01,0,0.0,10.11,104313.5
1010,BUY,ST_FLIP_RED,2025-11-05T00:00:00,2025-11-05T01:00:00,long,100903.5,101089.5,100,0.1,10090.35,100.0,18.6,8.49,713.16,0.01,186,0.18,0,0.0,29189.9,2451951.6,29.19,1009.04,0.1,10,5.0,0.01,0,0.0,10.11,100779.5
1011,SELL,ST_FLIP_GREEN,2025-11-05T01:00:00,2025-11-05T03:00:00,short,101089.5,100097.5,100,0.1,10108.95,100.0,99.2,89.09,7483.56,0.09,992,0.98,0,0.0,29278.99,2459435.16,29.28,1010.9,0.1,10,5.0,0.01,0,0.0,10.11,101213.5
1012,BUY,ST_FLIP_RED,2025-11-05T03:00:00,2025-11-05T05:00:00,long,100097.5,100965.5,100,0.1,10009.75,100.0,86.8,76.69,6441.96,0.08,868,0.87,0,0.0,29355.68,2465877.12,29.36,1000.98,0.1,10,5.0,0.01,0,0.0,10.11,99973.5
1013,SELL,ST_FLIP_GREEN,2025-11-05T05:00:00,2025-11-05T07:00:00,short,100965.5,99291.5,100,0.1,10096.55,100.0,167.4,157.29,13212.36,0.16,1674,1.66,0,0.0,29512.97,2479089.48,29.51,1009.66,0.1,10,5.0,0.01,0,0.0,10.11,101089.5
1014,BUY,ST_FLIP_RED,2025-11-05T07:00:00,2025-11-05T09:00:00,long,99291.5,101833.5,100,0.1,9929.15,100.0,254.2,244.09,20503.56,0.24,2542,2.56,0,0.0,29757.06,2499593.04,29.76,992.92,0.1,10,5.0,0.01,0,0.0,10.11,99167.5
1015,SELL,ST_FLIP_GREEN,2025-11-05T09:00:00,2025-11-05T10:00:00,short,101833.5,101709.5,100,0.1,10183.35,100.0,12.4,2.29,192.36,0.0,124,0.12,0,0.0,29759.35,2499785.4,29.76,1018.34,0.1,10,5.0,0.01,0,0.0,10.11,101957.5
1016,BUY,ST_FLIP_RED,2025-11-05T10:00:00,2025-11-05T13:00:00,long,101709.5,101709.5,100,0.1,10170.95,100.0,0.0,-10.11,-849.24,-0.01,0,0.0,0,0.0,29749.24,2498936.16,29.75,1017.1,0.1,10,5.0,0.01,0,0.0,10.11,101585.5
1017,SELL,ST_FLIP_GREEN,2025-11-05T13:00:00,2025-11-05T14:00:00,short,101709.5,101523.5,100,0.1,10170.95,100.0,18.6,8.49,713.16,0.01,186,0.18,0,0.0,29757.73,2499649.32,29.76,1017.1,0.1,10,5.0,0.01,0,0.0,10.11,101833.5
1018,BUY,ST_FLIP_RED,2025-11-05T14:00:00,2025-11-05T15:00:00,long,101523.5,101709.5,100,0.1,10152.35,100.0,18.6,8.49,713.16,0.01,186,0.18,0,0.0,29766.22,2500362.48,29.77,1015.24,0.1,10,5.0,0.01,0,0.0,10.11,101399.5
1019,SELL,ST_FLIP_GREEN,2025-11-05T15:00:00,2025-11-05T17:00:00,short,101709.5,101771.5,100,0.1,10170.95,100.0,-6.2,-16.31,-1370.04,-0.02,0,0.0,62,0.06,29749.91,2498992.44,29.75,1017.1,0.1,10,5.0,0.01,0,0.0,10.11,101833.5
1020,BUY,ST_FLIP_RED,2025-11-05T17:00:00,2025-11-06T01:00:00,long,101771.5,103941.5,100,0.1,10177.15,100.0,217.0,206.89,17378.76,0.21,2170,2.13,0,0.0,29956.8,2516371.2,29.96,1017.72,0.1,10,5.0,0.01,0,0.0,10.11,101647.5
1021,SELL,ST_FLIP_GREEN,2025-11-06T01:00:00,2025-11-06T04:00:00,short,103941.5,103569.5,100,0.1,10394.15,100.0,37.2,27.09,2275.56,0.03,372,0.36,0,0.0,29983.89,2518646.76,29.98,1039.42,0.1,10,5.0,0.01,0,0.0,10.11,104065.5
1022,BUY,ST_FLIP_RED,2025-11-06T04:00:00,2025-11-06T05:00:00,long,103569.5,103755.5,100,0.1,10356.95,100.0,18.6,8.49,713.16,0.01,186,0.18,0,0.0,29992.38,2519359.92,29.99,1035.7,0.1,10,5.0,0.01,0,0.0,10.11,103445.5
1023,SELL,ST_FLIP_GREEN,2025-11-06T05:00:00,2025-11-06T08:00:00,short,103755.5,103011.5,100,0.1,10375.55,100.0,74.4,64.29,5400.36,0.06,744,0.72,0,0.0,30056.67,2524760.28,30.06,1037.56,0.1,10,5.0,0.01,0,0.0,10.11,103879.5
1024,BUY,ST_FLIP_RED,2025-11-06T08:00:00,2025-11-06T10:00:00,long,103011.5,103507.5,100,0.1,10301.15,100.0,49.6,39.49,3317.16,0.04,496,0.48,0,0.0,30096.16,2528077.44,30.1,1030.12,0.1,10,5.0,0.01,0,0.0,10.11,102887.5
1025,SELL,ST_FLIP_GREEN,2025-11-06T10:00:00,2025-11-06T16:00:00,short,103507.5,103135.5,100,0.1,10350.75,100.0,37.2,27.09,2275.56,0.03,372,0.36,0,0.0,30123.25,2530353.0,30.12,1035.08,0.1,10,5.0,0.01,0,0.0,10.11,103631.5
1026,BUY,ST_FLIP_RED,2025-11-06T16:00:00,2025-11-06T17:00:00,long,103135.5,102949.5,100,0.1,10313.55,100.0,-18.6,-28.71,-2411.64,-0.03,0,0.0,186,0.18,30094.54,2527941.36,30.09,1031.36,0.1,10,5.0,0.01,0,0.0,10.11,103011.5
1027,SELL,ST_FLIP_GREEN,2025-11-06T17:00:00,2025-11-06T18:00:00,short,102949.5,102949.5,100,0.1,10294.95,100.0,0.0,-10.11,-849.24,-0.01,0,0.0,0,0.0,30084.43,2527092.12,30.08,1029.5,0.1,10,5.0,0.01,0,0.0,10.11,103073.5
1028,BUY,ST_FLIP_RED,2025-11-06T18:00:00,2025-11-06T19:00:00,long,102949.5,103321.5,100,0.1,10294.95,100.0,37.2,27.09,2275.56,0.03,372,0.36,0,0.0,30111.52,2529367.68,30.11,1029.5,0.1,10,5.0,0.01,0,0.0,10.11,102825.5
1029,SELL,ST_FLIP_GREEN,2025-11-06T19:00:00,2025-11-07T00:00:00,short,103321.5,101523.5,100,0.1,10332.15,100.0,179.8,169.69,14253.96,0.17,1798,1.74,0,0.0,30281.21,2543621.64,30.28,1033.22,0.1,10,5.0,0.01,0,0.0,10.11,103445.5
1030,BUY,ST_FLIP_RED,2025-11-07T00:00:00,2025-11-07T01:00:00,long,101523.5,101585.5,100,0.1,10152.35,100.0,6.2,-3.91,-328.44,-0.0,62,0.06,0,0.0,30277.3,2543293.2,30.28,1015.24,0.1,10,5.0,0.01,0,0.0,10.11,101399.5
1031,SELL,ST_FLIP_GREEN,2025-11-07T01:00:00,2025-11-07T03:00:00,short,101585.5,101089.5,100,0.1,10158.55,100.0,49.6,39.49,3317.16,0.04,496,0.49,0,0.0,30316.79,2546610.36,30.32,1015.86,0.1,10,5.0,0.01,0,0.0,10.11,101709.5
1032,BUY,ST_FLIP_RED,2025-11-07T03:00:00,2025-11-07T05:00:00,long,101089.5,101089.5,100,0.1,10108.95,100.0,0.0,-10.11,-849.24,-0.01,0,0.0,0,0.0,30306.68,2545761.12,30.31,1010.9,0.1,10,5.0,0.01,0,0.0,10.11,100965.5
1033,SELL,ST_FLIP_GREEN,2025-11-07T05:00:00,2025-11-07T06:00:00,short,101089.5,101027.5,100,0.1,10108.95,100.0,6.2,-3.91,-328.44,-0.0,62,0.06,0,0.0,30302.77,2545432.68,30.3,1010.9,0.1,10,5.0,0.01,0,0.0,10.11,101213.5
1034,BUY,ST_FLIP_RED,2025-11-07T06:00:00,2025-11-07T07:00:00,long,101027.5,101461.5,100,0.1,10102.75,100.0,43.4,33.29,2796.36,0.03,434,0.43,0,0.0,30336.06,2548229.04,30.34,1010.27,0.1,10,5.0,0.01,0,0.0,10.11,100903.5
1035,SELL,ST_FLIP_GREEN,2025-11-07T07:00:00,2025-11-07T08:00:00,short,101461.5,101337.5,100,0.1,10146.15,100.0,12.4,2.29,192.36,0.0,124,0.12,0,0.0,30338.35,2548421.4,30.34,1014.62,0.1,10,5.0,0.01,0,0.0,10.11,101585.5
1036,BUY,ST_FLIP_RED,2025-11-07T08:00:00,2025-11-07T09:00:00,long,101337.5,102081.5,100,0.1,10133.75,100.0,74.4,64.29,5400.36,0.06,744,0.73,0,0.0,30402.64,2553821.76,30.4,1013.38,0.1,10,5.0,0.01,0,0.0,10.11,101213.5
1037,SELL,ST_FLIP_GREEN,2025-11-07T09:00:00,2025-11-07T10:00:00,short,102081.5,102081.5,100,0.1,10208.15,100.0,0.0,-10.11,-849.24,-0.01,0,0.0,0,0.0,30392.53,2552972.52,30.39,1020.82,0.1,10,5.0,0.01,0,0.0,10.11,102205.5
1038,BUY,ST_FLIP_RED,2025-11-07T10:00:00,2025-11-07T11:00:00,long,102081.5,102205.5,100,0.1,10208.15,100.0,12.4,2.29,192.36,0.0,124,0.12,0,0.0,30394.82,2553164.88,30.39,1020.82,0.1,10,5.0,0.01,0,0.0,10.11,101957.5
1039,SELL,ST_FLIP_GREEN,2025-11-07T11:00:00,2025-11-07T18:00:00,short,102205.5,100097.5,100,0.1,10220.55,100.0,210.8,200.69,16857.96,0.2,2108,2.06,0,0.0,30595.51,2570022.84,30.6,1022.06,0.1,10,5.0,0.01,0,0.0,10.11,102329.5
1040,BUY,ST_FLIP_RED,2025-11-07T18:00:00,2025-11-08T04:00:00,long,100097.5,103693.5,100,0.1,10009.75,100.0,359.6,349.49,29357.16,0.35,3596,3.59,0,0.0,30945.0,2599380.0,30.95,1000.98,0.1,10,5.0,0.01,0,0.0,10.11,99973.5
1041,SELL,ST_FLIP_GREEN,2025-11-08T04:00:00,2025-11-08T07:00:00,short,103693.5,103197.5,100,0.1,10369.35,100.0,49.6,39.49,3317.16,0.04,496,0.48,0,0.0,30984.49,2602697.16,30.98,1036.93,0.1,10,5.0,0.01,0,0.0,10.11,103817.5
1042,BUY,ST_FLIP_RED,2025-11-08T07:00:00,2025-11-08T08:00:00,long,103197.5,103073.5,100,0.1,10319.75,100.0,-12.4,-22.51,-1890.84,-0.02,0,0.0,124,0.12,30961.98,2600806.32,30.96,1031.97,0.1,10,5.0,0.01,0,0.0,10.11,103073.5
1043,SELL,ST_FLIP_GREEN,2025-11-08T08:00:00,2025-11-08T13:00:00,short,103073.5,102267.5,100,0.1,10307.35,100.0,80.6,70.49,5921.16,0.07,806,0.78,0,0.0,31032.47,2606727.48,31.03,1030.74,0.1,10,5.0,0.01,0,0.0,10.11,103197.5
1044,BUY,ST_FLIP_RED,2025-11-08T13:00:00,2025-11-08T17:00:00,long,102267.5,102267.5,100,0.1,10226.75,100.0,0.0,-10.11,-849.24,-0.01,0,0.0,0,0.0,31022.36,2605878.24,31.02,1022.67,0.1,10,5.0,0.01,0,0.0,10.11,102143.5
1045,SELL,ST_FLIP_GREEN,2025-11-08T17:00:00,2025-11-08T18:00:00,short,102267.5,102081.5,100,0.1,10226.75,100.0,18.6,8.49,713.16,0.01,186,0.18,0,0.0,31030.85,2606591.4,31.03,1022.67,0.1,10,5.0,0.01,0,0.0,10.11,102391.5
1046,BUY,ST_FLIP_RED,2025-11-08T18:00:00,2025-11-08T19:00:00,long,102081.5,101895.5,100,0.1,10208.15,100.0,-18.6,-28.71,-2411.64,-0.03,0,0.0,186,0.18,31002.14,2604179.76,31.0,1020.82,0.1,10,5.0,0.01,0,0.0,10.11,101957.5
1047,SELL,ST_FLIP_GREEN,2025-11-08T19:00:00,2025-11-08T21:00:00,short,101895.5,101771.5,100,0.1,10189.55,100.0,12.4,2.29,192.36,0.0,124,0.12,0,0.0,31004.43,2604372.12,31.0,1018.96,0.1,10,5.0,0.01,0,0.0,10.11,102019.5
1048,BUY,ST_FLIP_RED,2025-11-08T21:00:00,2025-11-09T00:00:00,long,101771.5,101771.5,100,0.1,10177.15,100.0,0.0,-10.11,-849.24,-0.01,0,0.0,0,0.0,30994.32,2603522.88,30.99,1017.72,0.1,10,5.0,0.01,0,0.0,10.11,101647.5
1049,SELL,ST_FLIP_GREEN,2025-11-09T00:00:00,2025-11-09T01:00:00,short,101771.5,101895.5,100,0.1,10177.15,100.0,-12.4,-22.51,-1890.84,-0.02,0,0.0,124,0.12,30971.81,2601632.04,30.97,1017.72,0.1,10,5.0,0.01,0,0.0,10.11,101895.5
1050,BUY,ST_FLIP_RED,2025-11-09T01:00:00,2025-11-09T05:00:00,long,101895.5,102205.5,100,0.1,10189.55,100.0,31.0,20.89,1754.76,0.02,310,0.3,0,0.0,30992.7,2603386.8,30.99,1018.96,0.1,10,5.0,0.01,0,0.0,10.11,101771.5
1051,SELL,ST_FLIP_GREEN,2025-11-09T05:00:00,2025-11-09T07:00:00,short,102205.5,101895.5,100,0.1,10220.55,100.0,31.0,20.89,1754.76,0.02,310,0.3,0,0.0,31013.59,2605141.56,31.01,1022.06,0.1,10,5.0,0.01,0,0.0,10.11,102329.5
1052,BUY,ST_FLIP_RED,2025-11-09T07:00:00,2025-11-09T08:00:00,long,101895.5,101709.5,100,0.1,10189.55,100.0,-18.6,-28.71,-2411.64,-0.03,0,0.0,186,0.18,30984.88,2602729.92,30.98,1018.96,0.1,10,5.0,0.01,0,0.0,10.11,101771.5
1053,SELL,ST_FLIP_GREEN,2025-11-09T08:00:00,2025-11-09T09:00:00,short,101709.5,101647.5,100,0.1,10170.95,100.0,6.2,-3.91,-328.44,-0.0,62,0.06,0,0.0,30980.97,2602401.48,30.98,1017.1,0.1,10,5.0,0.01,0,0.0,10.11,101833.5
1054,BUY,ST_FLIP_RED,2025-11-09T09:00:00,2025-11-09T10:00:00,long,101647.5,101895.5,100,0.1,10164.75,100.0,24.8,14.69,1233.96,0.01,248,0.24,0,0.0,30995.66,2603635.44,31.0,1016.48,0.1,10,5.0,0.01,0,0.0,10.11,101523.5
1055,SELL,ST_FLIP_GREEN,2025-11-09T10:00:00,2025-11-09T13:00:00,short,101895.5,101957.5,100,0.1,10189.55,100.0,-6.2,-16.31,-1370.04,-0.02,0,0.0,62,0.06,30979.35,2602265.4,30.98,1018.96,0.1,10,5.0,0.01,0,0.0,10.11,102019.5
1056,BUY,ST_FLIP_RED,2025-11-09T13:00:00,2025-11-09T15:00:00,long,101957.5,101771.5,100,0.1,10195.75,100.0,-18.6,-28.71,-2411.64,-0.03,0,0.0,186,0.18,30950.64,2599853.76,30.95,1019.58,0.1,10,5.0,0.01,0,0.0,10.11,101833.5
1057,SELL,ST_FLIP_GREEN,2025-11-09T15:00:00,2025-11-09T16:00:00,short,101771.5,101895.5,100,0.1,10177.15,100.0,-12.4,-22.51,-1890.84,-0.02,0,0.0,124,0.12,30928.13,2597962.92,30.93,1017.72,0.1,10,5.0,0.01,0,0.0,10.11,101895.5
1058,BUY,ST_FLIP_RED,2025-11-09T16:00:00,2025-11-09T20:00:00,long,101895.5,103631.5,100,0.1,10189.55,100.0,173.6,163.49,13733.16,0.16,1736,1.7,0,0.0,31091.62,2611696.08,31.09,1018.96,0.1,10,5.0,0.01,0,0.0,10.11,101771.5
1059,SELL,ST_FLIP_GREEN,2025-11-09T20:00:00,2025-11-10T00:00:00,short,103631.5,103693.5,100,0.1,10363.15,100.0,-6.2,-16.31,-1370.04,-0.02,0,0.0,62,0.06,31075.31,2610326.04,31.08,1036.32,0.1,10,5.0,0.01,0,0.0,10.11,103755.5
1060,BUY,ST_FLIP_RED,2025-11-10T00:00:00,2025-11-10T01:00:00,long,103693.5,104561.5,100,0.1,10369.35,100.0,86.8,76.69,6441.96,0.08,868,0.84,0,0.0,31152.0,2616768.0,31.15,1036.93,0.1,10,5.0,0.01,0,0.0,10.11,103569.5
1061,SELL,ST_FLIP_GREEN,2025-11-10T01:00:00,2025-11-10T02:00:00,short,104561.5,104623.5,100,0.1,10456.15,100.0,-6.2,-16.31,-1370.04,-0.02,0,0.0,62,0.06,31135.69,2615397.96,31.14,1045.62,0.1,10,5.0,0.01,0,0.0,10.11,104685.5
1062,BUY,ST_FLIP_RED,2025-11-10T02:00:00,2025-11-10T03:00:00,long,104623.5,104437.5,100,0.1,10462.35,100.0,-18.6,-28.71,-2411.64,-0.03,0,0.0,186,0.18,31106.98,2612986.32,31.11,1046.24,0.1,10,5.0,0.01,0,0.0,10.11,104499.5
1063,SELL,ST_FLIP_GREEN,2025-11-10T03:00:00,2025-11-10T04:00:00,short,104437.5,104437.5,100,0.1,10443.75,100.0,0.0,-10.11,-849.24,-0.01,0,0.0,0,0.0,31096.87,2612137.08,31.1,1044.38,0.1,10,5.0,0.01,0,0.0,10.11,104561.5
1064,BUY,ST_FLIP_RED,2025-11-10T04:00:00,2025-11-10T07:00:00,long,104437.5,105863.5,100,0.1,10443.75,100.0,142.6,132.49,11129.16,0.13,1426,1.37,0,0.0,31229.36,2623266.24,31.23,1044.38,0.1,10,5.0,0.01,0,0.0,10.11,104313.5
1065,SELL,ST_FLIP_GREEN,2025-11-10T07:00:00,2025-11-10T08:00:00,short,105863.5,105925.5,100,0.1,10586.35,100.0,-6.2,-16.31,-1370.04,-0.02,0,0.0,62,0.06,31213.05,2621896.2,31.21,1058.63,0.1,10,5.0,0.01,0,0.0,10.11,105987.5
1066,BUY,ST_FLIP_RED,2025-11-10T08:00:00,2025-11-10T15:00:00,long,105925.5,106173.5,100,0.1,10592.55,100.0,24.8,14.69,1233.96,0.01,248,0.23,0,0.0,31227.74,2623130.16,31.23,1059.26,0.1,10,5.0,0.01,0,0.0,10.11,105801.5
1067,SELL,ST_FLIP_GREEN,2025-11-10T15:00:00,2025-11-10T18:00:00,short,106173.5,106111.5,100,0.1,10617.35,100.0,6.2,-3.91,-328.44,-0.0,62,0.06,0,0.0,31223.83,2622801.72,31.22,1061.74,0.1,10,5.0,0.01,0,0.0,10.11,106297.5
1068,BUY,ST_FLIP_RED,2025-11-10T18:00:00,2025-11-10T19:00:00,long,106111.5,106111.5,100,0.1,10611.15,100.0,0.0,-10.11,-849.24,-0.01,0,0.0,0,0.0,31213.72,2621952.48,31.21,1061.12,0.1,10,5.0,0.01,0,0.0,10.11,105987.5
1069,SELL,ST_FLIP_GREEN,2025-11-10T19:00:00,2025-11-10T22:00:00,short,106111.5,105367.5,100,0.1,10611.15,100.0,74.4,64.29,5400.36,0.06,744,0.7,0,0.0,31278.01,2627352.84,31.28,1061.12,0.1,10,5.0,0.01,0,0.0,10.11,106235.5
1070,BUY,ST_FLIP_RED,2025-11-10T22:00:00,2025-11-11T00:00:00,long,105367.5,105677.5,100,0.1,10536.75,100.0,31.0,20.89,1754.76,0.02,310,0.29,0,0.0,31298.9,2629107.6,31.3,1053.67,0.1,10,5.0,0.01,0,0.0,10.11,105243.5
1071,SELL,ST_FLIP_GREEN,2025-11-11T00:00:00,2025-11-11T01:00:00,short,105677.5,105863.5,100,0.1,10567.75,100.0,-18.6,-28.71,-2411.64,-0.03,0,0.0,186,0.18,31270.19,2626695.96,31.27,1056.78,0.1,10,5.0,0.01,0,0.0,10.11,105801.5
1072,BUY,ST_FLIP_RED,2025-11-11T01:00:00,2025-11-11T02:00:00,long,105863.5,105863.5,100,0.1,10586.35,100.0,0.0,-10.11,-849.24,-0.01,0,0.0,0,0.0,31260.08,2625846.72,31.26,1058.63,0.1,10,5.0,0.01,0,0.0,10.11,105739.5
1073,SELL,ST_FLIP_GREEN,2025-11-11T02:00:00,2025-11-11T04:00:00,short,105863.5,105677.5,100,0.1,10586.35,100.0,18.6,8.49,713.16,0.01,186,0.18,0,0.0,31268.57,2626559.88,31.27,1058.63,0.1,10,5.0,0.01,0,0.0,10.11,105987.5
1074,BUY,ST_FLIP_RED,2025-11-11T04:00:00,2025-11-11T05:00:00,long,105677.5,105987.5,100,0.1,10567.75,100.0,31.0,20.89,1754.76,0.02,310,0.29,0,0.0,31289.46,2628314.64,31.29,1056.78,0.1,10,5.0,0.01,0,0.0,10.11,105553.5
1075,SELL,ST_FLIP_GREEN,2025-11-11T05:00:00,2025-11-11T06:00:00,short,105987.5,105863.5,100,0.1,10598.75,100.0,12.4,2.29,192.36,0.0,124,0.12,0,0.0,31291.75,2628507.0,31.29,1059.88,0.1,10,5.0,0.01,0,0.0,10.11,106111.5
1076,BUY,ST_FLIP_RED,2025-11-11T06:00:00,2025-11-11T07:00:00,long,105863.5,106607.5,100,0.1,10586.35,100.0,74.4,64.29,5400.36,0.06,744,0.7,0,0.0,31356.04,2633907.36,31.36,1058.63,0.1,10,5.0,0.01,0,0.0,10.11,105739.5
1077,SELL,ST_FLIP_GREEN,2025-11-11T07:00:00,2025-11-11T08:00:00,short,106607.5,106483.5,100,0.1,10660.75,100.0,12.4,2.29,192.36,0.0,124,0.12,0,0.0,31358.33,2634099.72,31.36,1066.08,0.1,10,5.0,0.01,0,0.0,10.11,106731.5
1078,BUY,ST_FLIP_RED,2025-11-11T08:00:00,2025-11-11T09:00:00,long,106483.5,106545.5,100,0.1,10648.35,100.0,6.2,-3.91,-328.44,-0.0,62,0.06,0,0.0,31354.42,2633771.28,31.35,1064.84,0.1,10,5.0,0.01,0,0.0,10.11,106359.5
1079,SELL,ST_FLIP_GREEN,2025-11-11T09:00:00,2025-11-11T14:00:00,short,106545.5,105243.5,100,0.1,10654.55,100.0,130.2,120.09,10087.56,0.12,1302,1.22,0,0.0,31474.51,2643858.84,31.47,1065.46,0.1,10,5.0,0.01,0,0.0,10.11,106669.5
1080,BUY,ST_FLIP_RED,2025-11-11T14:00:00,2025-11-11T15:00:00,long,105243.5,105119.5,100,0.1,10524.35,100.0,-12.4,-22.51,-1890.84,-0.02,0,0.0,124,0.12,31452.0,2641968.0,31.45,1052.43,0.1,10,5.0,0.01,0,0.0,10.11,105119.5
1081,SELL,ST_FLIP_GREEN,2025-11-11T15:00:00,2025-11-11T16:00:00,short,105119.5,105243.5,100,0.1,10511.95,100.0,-12.4,-22.51,-1890.84,-0.02,0,0.0,124,0.12,31429.49,2640077.16,31.43,1051.2,0.1,10,5.0,0.01,0,0.0,10.11,105243.5
1082,BUY,ST_FLIP_RED,2025-11-11T16:00:00,2025-11-11T17:00:00,long,105243.5,105119.5,100,0.1,10524.35,100.0,-12.4,-22.51,-1890.84,-0.02,0,0.0,124,0.12,31406.98,2638186.32,31.41,1052.43,0.1,10,5.0,0.01,0,0.0,10.11,105119.5
1083,SELL,ST_FLIP_GREEN,2025-11-11T17:00:00,2025-11-11T19:00:00,short,105119.5,104499.5,100,0.1,10511.95,100.0,62.0,51.89,4358.76,0.05,620,0.59,0,0.0,31458.87,2642545.08,31.46,1051.2,0.1,10,5.0,0.01,0,0.0,10.11,105243.5
1084,BUY,ST_FLIP_RED,2025-11-11T19:00:00,2025-11-11T20:00:00,long,104499.5,104313.5,100,0.1,10449.95,100.0,-18.6,-28.71,-2411.64,-0.03,0,0.0,186,0.18,31430.16,2640133.44,31.43,1045.0,0.1,10,5.0,0.01,0,0.0,10.11,104375.5
1085,SELL,ST_FLIP_GREEN,2025-11-11T20:00:00,2025-11-12T03:00:00,short,104313.5,102949.5,100,0.1,10431.35,100.0,136.4,126.29,10608.36,0.13,1364,1.31,0,0.0,31556.45,2650741.8,31.56,1043.13,0.1,10,5.0,0.01,0,0.0,10.11,104437.5
1086,BUY,ST_FLIP_RED,2025-11-12T03:00:00,2025-11-12T19:00:00,long,102949.5,104747.5,100,0.1,10294.95,100.0,179.8,169.69,14253.96,0.17,1798,1.75,0,0.0,31726.14,2664995.76,31.73,1029.5,0.1,10,5.0,0.01,0,0.0,10.11,102825.5
1087,SELL,ST_FLIP_GREEN,2025-11-12T19:00:00,2025-11-13T01:00:00,short,104747.5,101275.5,100,0.1,10474.75,100.0,347.2,337.09,28315.56,0.34,3472,3.31,0,0.0,32063.23,2693311.32,32.06,1047.47,0.1,10,5.0,0.01,0,0.0,10.11,104871.5
1088,BUY,ST_FLIP_RED,2025-11-13T01:00:00,2025-11-13T05:00:00,long,101275.5,101647.5,100,0.1,10127.55,100.0,37.2,27.09,2275.56,0.03,372,0.37,0,0.0,32090.32,2695586.88,32.09,1012.76,0.1,10,5.0,0.01,0,0.0,10.11,101151.5
1089,SELL,ST_FLIP_GREEN,2025-11-13T05:00:00,2025-11-13T06:00:00,short,101647.5,101585.5,100,0.1,10164.75,100.0,6.2,-3.91,-328.44,-0.0,62,0.06,0,0.0,32086.41,2695258.44,32.09,1016.48,0.1,10,5.0,0.01,0,0.0,10.11,101771.5
1090,BUY,ST_FLIP_RED,2025-11-13T06:00:00,2025-11-13T13:00:00,long,101585.5,103693.5,100,0.1,10158.55,100.0,210.8,200.69,16857.96,0.2,2108,2.08,0,0.0,32287.1,2712116.4,32.29,1015.86,0.1,10,5.0,0.01,0,0.0,10.11,101461.5
1091,SELL,ST_FLIP_GREEN,2025-11-13T13:00:00,2025-11-13T15:00:00,short,103693.5,103073.5,100,0.1,10369.35,100.0,62.0,51.89,4358.76,0.05,620,0.6,0,0.0,32338.99,2716475.16,32.34,1036.93,0.1,10,5.0,0.01,0,0.0,10.11,103817.5
1092,BUY,ST_FLIP_RED,2025-11-13T15:00:00,2025-11-13T16:00:00,long,103073.5,102887.5,100,0.1,10307.35,100.0,-18.6,-28.71,-2411.64,-0.03,0,0.0,186,0.18,32310.28,2714063.52,32.31,1030.74,0.1,10,5.0,0.01,0,0.0,10.11,102949.5
1093,SELL,ST_FLIP_GREEN,2025-11-13T16:00:00,2025-11-14T03:00:00,short,102887.5,98671.5,100,0.1,10288.75,100.0,421.6,411.49,34565.16,0.41,4216,4.1,0,0.0,32721.77,2748628.68,32.72,1028.88,0.1,10,5.0,0.01,0,0.0,10.11,103011.5
1094,BUY,ST_FLIP_RED,2025-11-14T03:00:00,2025-11-14T05:00:00,long,98671.5,99973.5,100,0.1,9867.15,100.0,130.2,120.09,10087.56,0.12,1302,1.32,0,0.0,32841.86,2758716.24,32.84,986.72,0.1,10,5.0,0.01,0,0.0,10.11,98547.5
1095,SELL,ST_FLIP_GREEN,2025-11-14T05:00:00,2025-11-14T07:00:00,short,99973.5,99291.5,100,0.1,9997.35,100.0,68.2,58.09,4879.56,0.06,682,0.68,0,0.0,32899.95,2763595.8,32.9,999.74,0.1,10,5.0,0.01,0,0.0,10.11,100097.5
1096,BUY,ST_FLIP_RED,2025-11-14T07:00:00,2025-11-14T08:00:00,long,99291.5,99477.5,100,0.1,9929.15,100.0,18.6,8.49,713.16,0.01,186,0.19,0,0.0,32908.44,2764308.96,32.91,992.92,0.1,10,5.0,0.01,0,0.0,10.11,99167.5
1097,SELL,ST_FLIP_GREEN,2025-11-14T08:00:00,2025-11-14T12:00:00,short,99477.5,97183.5,100,0.1,9947.75,100.0,229.4,219.29,18420.36,0.22,2294,2.31,0,0.0,33127.73,2782729.32,33.13,994.77,0.1,10,5.0,0.01,0,0.0,10.11,99601.5
1098,BUY,ST_FLIP_RED,2025-11-14T12:00:00,2025-11-14T13:00:00,long,97183.5,97493.5,100,0.1,9718.35,100.0,31.0,20.89,1754.76,0.02,310,0.32,0,0.0,33148.62,2784484.08,33.15,971.84,0.1,10,5.0,0.01,0,0.0,10.11,97059.5
1099,SELL,ST_FLIP_GREEN,2025-11-14T13:00:00,2025-11-14T14:00:00,short,97493.5,97059.5,100,0.1,9749.35,100.0,43.4,33.29,2796.36,0.03,434,0.45,0,0.0,33181.91,2787280.44,33.18,974.94,0.1,10,5.0,0.01,0,0.0,10.11,97617.5
1100,BUY,ST_FLIP_RED,2025-11-14T14:00:00,2025-11-14T16:00:00,long,97059.5,96873.5,100,0.1,9705.95,100.0,-18.6,-28.71,-2411.64,-0.03,0,0.0,186,0.19,33153.2,2784868.8,33.15,970.6,0.1,10,5.0,0.01,0,0.0,10.11,96935.5
1101,SELL,ST_FLIP_GREEN,2025-11-14T16:00:00,2025-11-14T19:00:00,short,96873.5,95261.5,100,0.1,9687.35,100.0,161.2,151.09,12691.56,0.15,1612,1.66,0,0.0,33304.29,2797560.36,33.3,968.74,0.1,10,5.0,0.01,0,0.0,10.11,96997.5
1102,BUY,ST_FLIP_RED,2025-11-14T19:00:00,2025-11-14T22:00:00,long,95261.5,96749.5,100,0.1,9526.15,100.0,148.8,138.69,11649.96,0.14,1488,1.56,0,0.0,33442.98,2809210.32,33.44,952.62,0.1,10,5.0,0.01,0,0.0,10.11,95137.5
1103,SELL,ST_FLIP_GREEN,2025-11-14T22:00:00,2025-11-15T03:00:00,short,96749.5,94889.5,100,0.1,9674.95,100.0,186.0,175.89,14774.76,0.18,1860,1.92,0,0.0,33618.87,2823985.08,33.62,967.5,0.1,10,5.0,0.01,0,0.0,10.11,96873.5
1104,BUY,ST_FLIP_RED,2025-11-15T03:00:00,2025-11-15T04:00:00,long,94889.5,95075.5,100,0.1,9488.95,100.0,18.6,8.49,713.16,0.01,186,0.2,0,0.0,33627.36,2824698.24,33.63,948.9,0.1,10,5.0,0.01,0,0.0,10.11,94765.5
1105,SELL,ST_FLIP_GREEN,2025-11-15T04:00:00,2025-11-15T05:00:00,short,95075.5,94455.5,100,0.1,9507.55,100.0,62.0,51.89,4358.76,0.05,620,0.65,0,0.0,33679.25,2829057.0,33.68,950.76,0.1,10,5.0,0.01,0,0.0,10.11,95199.5
1106,BUY,ST_FLIP_RED,2025-11-15T05:00:00,2025-11-15T06:00:00,long,94455.5,95199.5,100,0.1,9445.55,100.0,74.4,64.29,5400.36,0.06,744,0.79,0,0.0,33743.54,2834457.36,33.74,944.56,0.1,10,5.0,0.01,0,0.0,10.11,94331.5
1107,SELL,ST_FLIP_GREEN,2025-11-15T06:00:00,2025-11-15T07:00:00,short,95199.5,95261.5,100,0.1,9519.95,100.0,-6.2,-16.31,-1370.04,-0.02,0,0.0,62,0.07,33727.23,2833087.32,33.73,952.0,0.1,10,5.0,0.01,0,0.0,10.11,95323.5
1108,BUY,ST_FLIP_RED,2025-11-15T07:00:00,2025-11-15T09:00:00,long,95261.5,96439.5,100,0.1,9526.15,100.0,117.8,107.69,9045.96,0.11,1178,1.24,0,0.0,33834.92,2842133.28,33.83,952.62,0.1,10,5.0,0.01,0,0.0,10.11,95137.5
1109,SELL,ST_FLIP_GREEN,2025-11-15T09:00:00,2025-11-15T11:00:00,short,96439.5,96253.5,100,0.1,9643.95,100.0,18.6,8.49,713.16,0.01,186,0.19,0,0.0,33843.41,2842846.44,33.84,964.4,0.1,10,5.0,0.01,0,0.0,10.11,96563.5
1110,BUY,ST_FLIP_RED,2025-11-15T11:00:00,2025-11-15T12:00:00,long,96253.5,96253.5,100,0.1,9625.35,100.0,0.0,-10.11,-849.24,-0.01,0,0.0,0,0.0,33833.3,2841997.2,33.83,962.54,0.1,10,5.0,0.01,0,0.0,10.11,96129.5
1111,SELL,ST_FLIP_GREEN,2025-11-15T12:00:00,2025-11-15T18:00:00,short,96253.5,96005.5,100,0.1,9625.35,100.0,24.8,14.69,1233.96,0.01,248,0.26,0,0.0,33847.99,2843231.16,33.85,962.54,0.1,10,5.0,0.01,0,0.0,10.11,96377.5
1112,BUY,ST_FLIP_RED,2025-11-15T18:00:00,2025-11-15T21:00:00,long,96005.5,96129.5,100,0.1,9600.55,100.0,12.4,2.29,192.36,0.0,124,0.13,0,0.0,33850.28,2843423.52,33.85,960.06,0.1,10,5.0,0.01,0,0.0,10.11,95881.5
1113,SELL,ST_FLIP_GREEN,2025-11-15T21:00:00,2025-11-15T22:00:00,short,96129.5,95943.5,100,0.1,9612.95,100.0,18.6,8.49,713.16,0.01,186,0.19,0,0.0,33858.77,2844136.68,33.86,961.3,0.1,10,5.0,0.01,0,0.0,10.11,96253.5
1114,BUY,ST_FLIP_RED,2025-11-15T22:00:00,2025-11-16T01:00:00,long,95943.5,95819.5,100,0.1,9594.35,100.0,-12.4,-22.51,-1890.84,-0.02,0,0.0,124,0.13,33836.26,2842245.84,33.84,959.44,0.1,10,5.0,0.01,0,0.0,10.11,95819.5
1115,SELL,ST_FLIP_GREEN,2025-11-16T01:00:00,2025-11-16T03:00:00,short,95819.5,95633.5,100,0.1,9581.95,100.0,18.6,8.49,713.16,0.01,186,0.19,0,0.0,33844.75,2842959.0,33.84,958.2,0.1,10,5.0,0.01,0,0.0,10.11,95943.5
1116,BUY,ST_FLIP_RED,2025-11-16T03:00:00,2025-11-16T05:00:00,long,95633.5,95447.5,100,0.1,9563.35,100.0,-18.6,-28.71,-2411.64,-0.03,0,0.0,186,0.19,33816.04,2840547.36,33.82,956.34,0.1,10,5.0,0.01,0,0.0,10.11,95509.5
1117,SELL,ST_FLIP_GREEN,2025-11-16T05:00:00,2025-11-16T06:00:00,short,95447.5,95385.5,100,0.1,9544.75,100.0,6.2,-3.91,-328.44,-0.0,62,0.06,0,0.0,33812.13,2840218.92,33.81,954.48,0.1,10,5.0,0.01,0,0.0,10.11,95571.5
1118,BUY,ST_FLIP_RED,2025-11-16T06:00:00,2025-11-16T12:00:00,long,95385.5,95757.5,100,0.1,9538.55,100.0,37.2,27.09,2275.56,0.03,372,0.39,0,0.0,33839.22,2842494.48,33.84,953.86,0.1,10,5.0,0.01,0,0.0,10.11,95261.5
1119,SELL,ST_FLIP_GREEN,2025-11-16T12:00:00,2025-11-16T14:00:00,short,95757.5,95943.5,100,0.1,9575.75,100.0,-18.6,-28.71,-2411.64,-0.03,0,0.0,186,0.19,33810.51,2840082.84,33.81,957.58,0.1,10,5.0,0.01,0,0.0,10.11,95881.5
1120,BUY,ST_FLIP_RED,2025-11-16T14:00:00,2025-11-16T16:00:00,long,95943.5,96253.5,100,0.1,9594.35,100.0,31.0,20.89,1754.76,0.02,310,0.32,0,0.0,33831.4,2841837.6,33.83,959.44,0.1,10,5.0,0.01,0,0.0,10.11,95819.5
1121,SELL,ST_FLIP_GREEN,2025-11-16T16:00:00,2025-11-16T17:00:00,short,96253.5,95757.5,100,0.1,9625.35,100.0,49.6,39.49,3317.16,0.04,496,0.52,0,0.0,33870.89,2845154.76,33.87,962.54,0.1,10,5.0,0.01,0,0.0,10.11,96377.5
1122,BUY,ST_FLIP_RED,2025-11-16T17:00:00,2025-11-16T18:00:00,long,95757.5,95633.5,100,0.1,9575.75,100.0,-12.4,-22.51,-1890.84,-0.02,0,0.0,124,0.13,33848.38,2843263.92,33.85,957.58,0.1,10,5.0,0.01,0,0.0,10.11,95633.5
1123,SELL,ST_FLIP_GREEN,2025-11-16T18:00:00,2025-11-16T23:00:00,short,95633.5,94455.5,100,0.1,9563.35,100.0,117.8,107.69,9045.96,0.11,1178,1.23,0,0.0,33956.07,2852309.88,33.96,956.34,0.1,10,5.0,0.01,0,0.0,10.11,95757.5
1124,BUY,ST_FLIP_RED,2025-11-16T23:00:00,2025-11-17T00:00:00,long,94455.5,94641.5,100,0.1,9445.55,100.0,18.6,8.49,713.16,0.01,186,0.2,0,0.0,33964.56,2853023.04,33.96,944.56,0.1,10,5.0,0.01,0,0.0,10.11,94331.5
1125,SELL,ST_FLIP_GREEN,2025-11-17T00:00:00,2025-11-17T01:00:00,short,94641.5,94517.5,100,0.1,9464.15,100.0,12.4,2.29,192.36,0.0,124,0.13,0,0.0,33966.85,2853215.4,33.97,946.41,0.1,10,5.0,0.01,0,0.0,10.11,94765.5
1126,BUY,ST_FLIP_RED,2025-11-17T01:00:00,2025-11-17T02:00:00,long,94517.5,94455.5,100,0.1,9451.75,100.0,-6.2,-16.31,-1370.04,-0.02,0,0.0,62,0.07,33950.54,2851845.36,33.95,945.17,0.1,10,5.0,0.01,0,0.0,10.11,94393.5
1127,SELL,ST_FLIP_GREEN,2025-11-17T02:00:00,2025-11-17T04:00:00,short,94455.5,93835.5,100,0.1,9445.55,100.0,62.0,51.89,4358.76,0.05,620,0.66,0,0.0,34002.43,2856204.12,34.0,944.56,0.1,10,5.0,0.01,0,0.0,10.11,94579.5
1128,BUY,ST_FLIP_RED,2025-11-17T04:00:00,2025-11-17T10:00:00,long,93835.5,95199.5,100,0.1,9383.55,100.0,136.4,126.29,10608.36,0.13,1364,1.45,0,0.0,34128.72,2866812.48,34.13,938.36,0.1,10,5.0,0.01,0,0.0,10.11,93711.5
1129,SELL,ST_FLIP_GREEN,2025-11-17T10:00:00,2025-11-17T12:00:00,short,95199.5,95261.5,100,0.1,9519.95,100.0,-6.2,-16.31,-1370.04,-0.02,0,0.0,62,0.07,34112.41,2865442.44,34.11,952.0,0.1,10,5.0,0.01,0,0.0,10.11,95323.5
1130,BUY,ST_FLIP_RED,2025-11-17T12:00:00,2025-11-17T15:00:00,long,95261.5,95571.5,100,0.1,9526.15,100.0,31.0,20.89,1754.76,0.02,310,0.33,0,0.0,34133.3,2867197.2,34.13,952.62,0.1,10,5.0,0.01,0,0.0,10.11,95137.5
1131,SELL,ST_FLIP_GREEN,2025-11-17T15:00:00,2025-11-17T20:00:00,short,95571.5,94331.5,100,0.1,9557.15,100.0,124.0,113.89,9566.76,0.11,1240,1.3,0,0.0,34247.19,2876763.96,34.25,955.71,0.1,10,5.0,0.01,0,0.0,10.11,95695.5
1132,BUY,ST_FLIP_RED,2025-11-17T20:00:00,2025-11-17T21:00:00,long,94331.5,94331.5,100,0.1,9433.15,100.0,0.0,-10.11,-849.24,-0.01,0,0.0,0,0.0,34237.08,2875914.72,34.24,943.31,0.1,10,5.0,0.01,0,0.0,10.11,94207.5
1133,SELL,ST_FLIP_GREEN,2025-11-17T21:00:00,2025-11-18T03:00:00,short,94331.5,91975.5,100,0.1,9433.15,100.0,235.6,225.49,18941.16,0.23,2356,2.5,0,0.0,34462.57,2894855.88,34.46,943.31,0.1,10,5.0,0.01,0,0.0,10.11,94455.5
1134,BUY,ST_FLIP_RED,2025-11-18T03:00:00,2025-11-18T04:00:00,long,91975.5,91975.5,100,0.1,9197.55,100.0,0.0,-10.11,-849.24,-0.01,0,0.0,0,0.0,34452.46,2894006.64,34.45,919.76,0.1,10,5.0,0.01,0,0.0,10.11,91851.5
1135,SELL,ST_FLIP_GREEN,2025-11-18T04:00:00,2025-11-18T05:00:00,short,91975.5,92037.5,100,0.1,9197.55,100.0,-6.2,-16.31,-1370.04,-0.02,0,0.0,62,0.07,34436.15,2892636.6,34.44,919.76,0.1,10,5.0,0.01,0,0.0,10.11,92099.5
1136,BUY,ST_FLIP_RED,2025-11-18T05:00:00,2025-11-18T06:00:00,long,92037.5,91851.5,100,0.1,9203.75,100.0,-18.6,-28.71,-2411.64,-0.03,0,0.0,186,0.2,34407.44,2890224.96,34.41,920.38,0.1,10,5.0,0.01,0,0.0,10.11,91913.5
1137,SELL,ST_FLIP_GREEN,2025-11-18T06:00:00,2025-11-18T10:00:00,short,91851.5,90115.5,100,0.1,9185.15,100.0,173.6,163.49,13733.16,0.16,1736,1.89,0,0.0,34570.93,2903958.12,34.57,918.51,0.1,10,5.0,0.01,0,0.0,10.11,91975.5
1138,BUY,ST_FLIP_RED,2025-11-18T10:00:00,2025-11-18T11:00:00,long,90115.5,89991.5,100,0.1,9011.55,100.0,-12.4,-22.51,-1890.84,-0.02,0,0.0,124,0.14,34548.42,2902067.28,34.55,901.16,0.1,10,5.0,0.01,0,0.0,10.11,89991.5
1139,SELL,ST_FLIP_GREEN,2025-11-18T11:00:00,2025-11-18T13:00:00,short,89991.5,90177.5,100,0.1,8999.15,100.0,-18.6,-28.71,-2411.64,-0.03,0,0.0,186,0.21,34519.71,2899655.64,34.52,899.91,0.1,10,5.0,0.01,0,0.0,10.11,90115.5
1140,BUY,ST_FLIP_RED,2025-11-18T13:00:00,2025-11-18T17:00:00,long,90177.5,91231.5,100,0.1,9017.75,100.0,105.4,95.29,8004.36,0.1,1054,1.17,0,0.0,34615.0,2907660.0,34.62,901.77,0.1,10,5.0,0.01,0,0.0,10.11,90053.5
1141,SELL,ST_FLIP_GREEN,2025-11-18T17:00:00,2025-11-18T19:00:00,short,91231.5,91355.5,100,0.1,9123.15,100.0,-12.4,-22.51,-1890.84,-0.02,0,0.0,124,0.14,34592.49,2905769.16,34.59,912.31,0.1,10,5.0,0.01,0,0.0,10.11,91355.5
1142,BUY,ST_FLIP_RED,2025-11-18T19:00:00,2025-11-18T22:00:00,long,91355.5,93463.5,100,0.1,9135.55,100.0,210.8,200.69,16857.96,0.2,2108,2.31,0,0.0,34793.18,2922627.12,34.79,913.56,0.1,10,5.0,0.01,0,0.0,10.11,91231.5
1143,SELL,ST_FLIP_GREEN,2025-11-18T22:00:00,2025-11-18T23:00:00,short,93463.5,93091.5,100,0.1,9346.35,100.0,37.2,27.09,2275.56,0.03,372,0.4,0,0.0,34820.27,2924902.68,34.82,934.63,0.1,10,5.0,0.01,0,0.0,10.11,93587.5
1144,BUY,ST_FLIP_RED,2025-11-18T23:00:00,2025-11-19T01:00:00,long,93091.5,93215.5,100,0.1,9309.15,100.0,12.4,2.29,192.36,0.0,124,0.13,0,0.0,34822.56,2925095.04,34.82,930.91,0.1,10,5.0,0.01,0,0.0,10.11,92967.5
1145,SELL,ST_FLIP_GREEN,2025-11-19T01:00:00,2025-11-19T03:00:00,short,93215.5,93153.5,100,0.1,9321.55,100.0,6.2,-3.91,-328.44,-0.0,62,0.07,0,0.0,34818.65,2924766.6,34.82,932.16,0.1,10,5.0,0.01,0,0.0,10.11,93339.5
1146,BUY,ST_FLIP_RED,2025-11-19T03:00:00,2025-11-19T04:00:00,long,93153.5,93029.5,100,0.1,9315.35,100.0,-12.4,-22.51,-1890.84,-0.02,0,0.0,124,0.13,34796.14,2922875.76,34.8,931.54,0.1,10,5.0,0.01,0,0.0,10.11,93029.5
1147,SELL,ST_FLIP_GREEN,2025-11-19T04:00:00,2025-11-19T07:00:00,short,93029.5,92471.5,100,0.1,9302.95,100.0,55.8,45.69,3837.96,0.05,558,0.6,0,0.0,34841.83,2926713.72,34.84,930.3,0.1,10,5.0,0.01,0,0.0,10.11,93153.5
1148,BUY,ST_FLIP_RED,2025-11-19T07:00:00,2025-11-19T08:00:00,long,92471.5,92409.5,100,0.1,9247.15,100.0,-6.2,-16.31,-1370.04,-0.02,0,0.0,62,0.07,34825.52,2925343.68,34.83,924.71,0.1,10,5.0,0.01,0,0.0,10.11,92347.5
1149,SELL,ST_FLIP_GREEN,2025-11-19T08:00:00,2025-11-19T12:00:00,short,92409.5,90983.5,100,0.1,9240.95,100.0,142.6,132.49,11129.16,0.13,1426,1.54,0,0.0,34958.01,2936472.84,34.96,924.1,0.1,10,5.0,0.01,0,0.0,10.11,92533.5
1150,BUY,ST_FLIP_RED,2025-11-19T12:00:00,2025-11-19T14:00:00,long,90983.5,91665.5,100,0.1,9098.35,100.0,68.2,58.09,4879.56,0.06,682,0.75,0,0.0,35016.1,2941352.4,35.02,909.84,0.1,10,5.0,0.01,0,0.0,10.11,90859.5
1151,SELL,ST_FLIP_GREEN,2025-11-19T14:00:00,2025-11-19T15:00:00,short,91665.5,91417.5,100,0.1,9166.55,100.0,24.8,14.69,1233.96,0.01,248,0.27,0,0.0,35030.79,2942586.36,35.03,916.66,0.1,10,5.0,0.01,0,0.0,10.11,91789.5
1152,BUY,ST_FLIP_RED,2025-11-19T15:00:00,2025-11-19T17:00:00,long,91417.5,91293.5,100,0.1,9141.75,100.0,-12.4,-22.51,-1890.84,-0.02,0,0.0,124,0.14,35008.28,2940695.52,35.01,914.17,0.1,10,5.0,0.01,0,0.0,10.11,91293.5
1153,SELL,ST_FLIP_GREEN,2025-11-19T17:00:00,2025-11-19T18:00:00,short,91293.5,91479.5,100,0.1,9129.35,100.0,-18.6,-28.71,-2411.64,-0.03,0,0.0,186,0.2,34979.57,2938283.88,34.98,912.94,0.1,10,5.0,0.01,0,0.0,10.11,91417.5
1154,BUY,ST_FLIP_RED,2025-11-19T18:00:00,2025-11-19T19:00:00,long,91479.5,91603.5,100,0.1,9147.95,100.0,12.4,2.29,192.36,0.0,124,0.14,0,0.0,34981.86,2938476.24,34.98,914.8,0.1,10,5.0,0.01,0,0.0,10.11,91355.5
1155,SELL,ST_FLIP_GREEN,2025-11-19T19:00:00,2025-11-19T20:00:00,short,91603.5,91231.5,100,0.1,9160.35,100.0,37.2,27.09,2275.56,0.03,372,0.41,0,0.0,35008.95,2940751.8,35.01,916.04,0.1,10,5.0,0.01,0,0.0,10.11,91727.5
1156,BUY,ST_FLIP_RED,2025-11-19T20:00:00,2025-11-19T21:00:00,long,91231.5,91045.5,100,0.1,9123.15,100.0,-18.6,-28.71,-2411.64,-0.03,0,0.0,186,0.2,34980.24,2938340.16,34.98,912.31,0.1,10,5.0,0.01,0,0.0,10.11,91107.5
1157,SELL,ST_FLIP_GREEN,2025-11-19T21:00:00,2025-11-20T01:00:00,short,91045.5,89123.5,100,0.1,9104.55,100.0,192.2,182.09,15295.56,0.18,1922,2.11,0,0.0,35162.33,2953635.72,35.16,910.46,0.1,10,5.0,0.01,0,0.0,10.11,91169.5
1158,BUY,ST_FLIP_RED,2025-11-20T01:00:00,2025-11-20T09:00:00,long,89123.5,92223.5,100,0.1,8912.35,100.0,310.0,299.89,25190.76,0.3,3100,3.48,0,0.0,35462.22,2978826.48,35.46,891.24,0.1,10,5.0,0.01,0,0.0,10.11,88999.5
1159,SELL,ST_FLIP_GREEN,2025-11-20T09:00:00,2025-11-20T10:00:00,short,92223.5,92409.5,100,0.1,9222.35,100.0,-18.6,-28.71,-2411.64,-0.03,0,0.0,186,0.2,35433.51,2976414.84,35.43,922.24,0.1,10,5.0,0.01,0,0.0,10.11,92347.5
1160,BUY,ST_FLIP_RED,2025-11-20T10:00:00,2025-11-20T11:00:00,long,92409.5,92533.5,100,0.1,9240.95,100.0,12.4,2.29,192.36,0.0,124,0.13,0,0.0,35435.8,2976607.2,35.44,924.1,0.1,10,5.0,0.01,0,0.0,10.11,92285.5
1161,SELL,ST_FLIP_GREEN,2025-11-20T11:00:00,2025-11-20T13:00:00,short,92533.5,92099.5,100,0.1,9253.35,100.0,43.4,33.29,2796.36,0.03,434,0.47,0,0.0,35469.09,2979403.56,35.47,925.34,0.1,10,5.0,0.01,0,0.0,10.11,92657.5
1162,BUY,ST_FLIP_RED,2025-11-20T13:00:00,2025-11-20T14:00:00,long,92099.5,92099.5,100,0.1,9209.95,100.0,0.0,-10.11,-849.24,-0.01,0,0.0,0,0.0,35458.98,2978554.32,35.46,921.0,0.1,10,5.0,0.01,0,0.0,10.11,91975.5
1163,SELL,ST_FLIP_GREEN,2025-11-20T14:00:00,2025-11-20T15:00:00,short,92099.5,91913.5,100,0.1,9209.95,100.0,18.6,8.49,713.16,0.01,186,0.2,0,0.0,35467.47,2979267.48,35.47,921.0,0.1,10,5.0,0.01,0,0.0,10.11,92223.5
1164,BUY,ST_FLIP_RED,2025-11-20T15:00:00,2025-11-20T16:00:00,long,91913.5,91789.5,100,0.1,9191.35,100.0,-12.4,-22.51,-1890.84,-0.02,0,0.0,124,0.13,35444.96,2977376.64,35.44,919.13,0.1,10,5.0,0.01,0,0.0,10.11,91789.5
1165,SELL,ST_FLIP_GREEN,2025-11-20T16:00:00,2025-11-20T17:00:00,short,91789.5,91727.5,100,0.1,9178.95,100.0,6.2,-3.91,-328.44,-0.0,62,0.07,0,0.0,35441.05,2977048.2,35.44,917.9,0.1,10,5.0,0.01,0,0.0,10.11,91913.5
1166,BUY,ST_FLIP_RED,2025-11-20T17:00:00,2025-11-20T19:00:00,long,91727.5,91665.5,100,0.1,9172.75,100.0,-6.2,-16.31,-1370.04,-0.02,0,0.0,62,0.07,35424.74,2975678.16,35.42,917.27,0.1,10,5.0,0.01,0,0.0,10.11,91603.5
1167,SELL,ST_FLIP_GREEN,2025-11-20T19:00:00,2025-11-21T01:00:00,short,91665.5,87077.5,100,0.1,9166.55,100.0,458.8,448.69,37689.96,0.45,4588,5.01,0,0.0,35873.43,3013368.12,35.87,916.66,0.1,10,5.0,0.01,0,0.0,10.11,91789.5
1168,BUY,ST_FLIP_RED,2025-11-21T01:00:00,2025-11-21T04:00:00,long,87077.5,87883.5,100,0.1,8707.75,100.0,80.6,70.49,5921.16,0.07,806,0.93,0,0.0,35943.92,3019289.28,35.94,870.77,0.1,10,5.0,0.01,0,0.0,10.11,86953.5
1169,SELL,ST_FLIP_GREEN,2025-11-21T04:00:00,2025-11-21T10:00:00,short,87883.5,85899.5,100,0.1,8788.35,100.0,198.4,188.29,15816.36,0.19,1984,2.26,0,0.0,36132.21,3035105.64,36.13,878.84,0.1,10,5.0,0.01,0,0.0,10.11,88007.5
1170,BUY,ST_FLIP_RED,2025-11-21T10:00:00,2025-11-21T11:00:00,long,85899.5,86023.5,100,0.1,8589.95,100.0,12.4,2.29,192.36,0.0,124,0.14,0,0.0,36134.5,3035298.0,36.13,859.0,0.1,10,5.0,0.01,0,0.0,10.11,85775.5
1171,SELL,ST_FLIP_GREEN,2025-11-21T11:00:00,2025-11-21T16:00:00,short,86023.5,82241.5,100,0.1,8602.35,100.0,378.2,368.09,30919.56,0.37,3782,4.4,0,0.0,36502.59,3066217.56,36.5,860.24,0.1,10,5.0,0.01,0,0.0,10.11,86147.5
1172,BUY,ST_FLIP_RED,2025-11-21T16:00:00,2025-11-21T17:00:00,long,82241.5,82737.5,100,0.1,8224.15,100.0,49.6,39.49,3317.16,0.04,496,0.6,0,0.0,36542.08,3069534.72,36.54,822.41,0.1,10,5.0,0.01,0,0.0,10.11,82117.5
1173,SELL,ST_FLIP_GREEN,2025-11-21T17:00:00,2025-11-21T18:00:00,short,82737.5,81063.5,100,0.1,8273.75,100.0,167.4,157.29,13212.36,0.16,1674,2.02,0,0.0,36699.37,3082747.08,36.7,827.38,0.1,10,5.0,0.01,0,0.0,10.11,82861.5
1174,BUY,ST_FLIP_RED,2025-11-21T18:00:00,2025-11-21T21:00:00,long,81063.5,83419.5,100,0.1,8106.35,100.0,235.6,225.49,18941.16,0.23,2356,2.91,0,0.0,36924.86,3101688.24,36.92,810.63,0.1,10,5.0,0.01,0,0.0,10.11,80939.5
1175,SELL,ST_FLIP_GREEN,2025-11-21T21:00:00,2025-11-21T22:00:00,short,83419.5,83419.5,100,0.1,8341.95,100.0,0.0,-10.11,-849.24,-0.01,0,0.0,0,0.0,36914.75,3100839.0,36.91,834.2,0.1,10,5.0,0.01,0,0.0,10.11,83543.5
1176,BUY,ST_FLIP_RED,2025-11-21T22:00:00,2025-11-21T23:00:00,long,83419.5,85031.5,100,0.1,8341.95,100.0,161.2,151.09,12691.56,0.15,1612,1.93,0,0.0,37065.84,3113530.56,37.07,834.2,0.1,10,5.0,0.01,0,0.0,10.11,83295.5
1177,SELL,ST_FLIP_GREEN,2025-11-21T23:00:00,2025-11-22T00:00:00,short,85031.5,84163.5,100,0.1,8503.15,100.0,86.8,76.69,6441.96,0.08,868,1.02,0,0.0,37142.53,3119972.52,37.14,850.31,0.1,10,5.0,0.01,0,0.0,10.11,85155.5
1178,BUY,ST_FLIP_RED,2025-11-22T00:00:00,2025-11-22T01:00:00,long,84163.5,84721.5,100,0.1,8416.35,100.0,55.8,45.69,3837.96,0.05,558,0.66,0,0.0,37188.22,3123810.48,37.19,841.63,0.1,10,5.0,0.01,0,0.0,10.11,84039.5
1179,SELL,ST_FLIP_GREEN,2025-11-22T01:00:00,2025-11-22T02:00:00,short,84721.5,83667.5,100,0.1,8472.15,100.0,105.4,95.29,8004.36,0.1,1054,1.24,0,0.0,37283.51,3131814.84,37.28,847.21,0.1,10,5.0,0.01,0,0.0,10.11,84845.5
1180,BUY,ST_FLIP_RED,2025-11-22T02:00:00,2025-11-22T03:00:00,long,83667.5,84783.5,100,0.1,8366.75,100.0,111.6,101.49,8525.16,0.1,1116,1.33,0,0.0,37385.0,3140340.0,37.39,836.67,0.1,10,5.0,0.01,0,0.0,10.11,83543.5
1181,SELL,ST_FLIP_GREEN,2025-11-22T03:00:00,2025-11-22T04:00:00,short,84783.5,84969.5,100,0.1,8478.35,100.0,-18.6,-28.71,-2411.64,-0.03,0,0.0,186,0.22,37356.29,3137928.36,37.36,847.84,0.1,10,5.0,0.01,0,0.0,10.11,84907.5
1182,BUY,ST_FLIP_RED,2025-11-22T04:00:00,2025-11-22T05:00:00,long,84969.5,84845.5,100,0.1,8496.95,100.0,-12.4,-22.51,-1890.84,-0.02,0,0.0,124,0.15,37333.78,3136037.52,37.33,849.7,0.1,10,5.0,0.01,0,0.0,10.11,84845.5
1183,SELL,ST_FLIP_GREEN,2025-11-22T05:00:00,2025-11-22T11:00:00,short,84845.5,84163.5,100,0.1,8484.55,100.0,68.2,58.09,4879.56,0.06,682,0.8,0,0.0,37391.87,3140917.08,37.39,848.46,0.1,10,5.0,0.01,0,0.0,10.11,84969.5
1184,BUY,ST_FLIP_RED,2025-11-22T11:00:00,2025-11-22T13:00:00,long,84163.5,84349.5,100,0.1,8416.35,100.0,18.6,8.49,713.16,0.01,186,0.22,0,0.0,37400.36,3141630.24,37.4,841.63,0.1,10,5.0,0.01,0,0.0,10.11,84039.5
1185,SELL,ST_FLIP_GREEN,2025-11-22T13:00:00,2025-11-22T16:00:00,short,84349.5,83853.5,100,0.1,8434.95,100.0,49.6,39.49,3317.16,0.04,496,0.59,0,0.0,37439.85,3144947.4,37.44,843.5,0.1,10,5.0,0.01,0,0.0,10.11,84473.5
1186,BUY,ST_FLIP_RED,2025-11-22T16:00:00,2025-11-22T17:00:00,long,83853.5,84039.5,100,0.1,8385.35,100.0,18.6,8.49,713.16,0.01,186,0.22,0,0.0,37448.34,3145660.56,37.45,838.54,0.1,10,5.0,0.01,0,0.0,10.11,83729.5
1187,SELL,ST_FLIP_GREEN,2025-11-22T17:00:00,2025-11-22T18:00:00,short,84039.5,83791.5,100,0.1,8403.95,100.0,24.8,14.69,1233.96,0.01,248,0.3,0,0.0,37463.03,3146894.52,37.46,840.4,0.1,10,5.0,0.01,0,0.0,10.11,84163.5
1188,BUY,ST_FLIP_RED,2025-11-22T18:00:00,2025-11-22T20:00:00,long,83791.5,84349.5,100,0.1,8379.15,100.0,55.8,45.69,3837.96,0.05,558,0.67,0,0.0,37508.72,3150732.48,37.51,837.91,0.1,10,5.0,0.01,0,0.0,10.11,83667.5
1189,SELL,ST_FLIP_GREEN,2025-11-22T20:00:00,2025-11-22T21:00:00,short,84349.5,84535.5,100,0.1,8434.95,100.0,-18.6,-28.71,-2411.64,-0.03,0,0.0,186,0.22,37480.01,3148320.84,37.48,843.5,0.1,10,5.0,0.01,0,0.0,10.11,84473.5
1190,BUY,ST_FLIP_RED,2025-11-22T21:00:00,2025-11-23T02:00:00,long,84535.5,84473.5,100,0.1,8453.55,100.0,-6.2,-16.31,-1370.04,-0.02,0,0.0,62,0.07,37463.7,3146950.8,37.46,845.36,0.1,10,5.0,0.01,0,0.0,10.11,84411.5
1191,SELL,ST_FLIP_GREEN,2025-11-23T02:00:00,2025-11-23T03:00:00,short,84473.5,84411.5,100,0.1,8447.35,100.0,6.2,-3.91,-328.44,-0.0,62,0.07,0,0.0,37459.79,3146622.36,37.46,844.74,0.1,10,5.0,0.01,0,0.0,10.11,84597.5
1192,BUY,ST_FLIP_RED,2025-11-23T03:00:00,2025-11-23T10:00:00,long,84411.5,86271.5,100,0.1,8441.15,100.0,186.0,175.89,14774.76,0.18,1860,2.2,0,0.0,37635.68,3161397.12,37.64,844.12,0.1,10,5.0,0.01,0,0.0,10.11,84287.5
1193,SELL,ST_FLIP_GREEN,2025-11-23T10:00:00,2025-11-23T13:00:00,short,86271.5,85713.5,100,0.1,8627.15,100.0,55.8,45.69,3837.96,0.05,558,0.65,0,0.0,37681.37,3165235.08,37.68,862.71,0.1,10,5.0,0.01,0,0.0,10.11,86395.5
1194,BUY,ST_FLIP_RED,2025-11-23T13:00:00,2025-11-23T18:00:00,long,85713.5,86519.5,100,0.1,8571.35,100.0,80.6,70.49,5921.16,0.07,806,0.94,0,0.0,37751.86,3171156.24,37.75,857.13,0.1,10,5.0,0.01,0,0.0,10.11,85589.5
1195,SELL,ST_FLIP_GREEN,2025-11-23T18:00:00,2025-11-23T19:00:00,short,86519.5,86581.5,100,0.1,8651.95,100.0,-6.2,-16.31,-1370.04,-0.02,0,0.0,62,0.07,37735.55,3169786.2,37.74,865.2,0.1,10,5.0,0.01,0,0.0,10.11,86643.5
1196,BUY,ST_FLIP_RED,2025-11-23T19:00:00,2025-11-23T22:00:00,long,86581.5,86829.5,100,0.1,8658.15,100.0,24.8,14.69,1233.96,0.01,248,0.29,0,0.0,37750.24,3171020.16,37.75,865.81,0.1,10,5.0,0.01,0,0.0,10.11,86457.5
1197,SELL,ST_FLIP_GREEN,2025-11-23T22:00:00,2025-11-24T00:00:00,short,86829.5,87015.5,100,0.1,8682.95,100.0,-18.6,-28.71,-2411.64,-0.03,0,0.0,186,0.21,37721.53,3168608.52,37.72,868.3,0.1,10,5.0,0.01,0,0.0,10.11,86953.5
1198,BUY,ST_FLIP_RED,2025-11-24T00:00:00,2025-11-24T04:00:00,long,87015.5,87635.5,100,0.1,8701.55,100.0,62.0,51.89,4358.76,0.05,620,0.71,0,0.0,37773.42,3172967.28,37.77,870.16,0.1,10,5.0,0.01,0,0.0,10.11,86891.5
1199,SELL,ST_FLIP_GREEN,2025-11-24T04:00:00,2025-11-24T06:00:00,short,87635.5,86643.5,100,0.1,8763.55,100.0,99.2,89.09,7483.56,0.09,992,1.13,0,0.0,37862.51,3180450.84,37.86,876.36,0.1,10,5.0,0.01,0,0.0,10.11,87759.5
1200,BUY,ST_FLIP_RED,2025-11-24T06:00:00,2025-11-24T09:00:00,long,86643.5,87449.5,100,0.1,8664.35,100.0,80.6,70.49,5921.16,0.07,806,0.93,0,0.0,37933.0,3186372.0,37.93,866.44,0.1,10,5.0,0.01,0,0.0,10.11,86519.5
1201,SELL,ST_FLIP_GREEN,2025-11-24T09:00:00,2025-11-24T10:00:00,short,87449.5,86705.5,100,0.1,8744.95,100.0,74.4,64.29,5400.36,0.06,744,0.85,0,0.0,37997.29,3191772.36,38.0,874.5,0.1,10,5.0,0.01,0,0.0,10.11,87573.5
1202,BUY,ST_FLIP_RED,2025-11-24T10:00:00,2025-11-24T11:00:00,long,86705.5,87449.5,100,0.1,8670.55,100.0,74.4,64.29,5400.36,0.06,744,0.86,0,0.0,38061.58,3197172.72,38.06,867.06,0.1,10,5.0,0.01,0,0.0,10.11,86581.5
1203,SELL,ST_FLIP_GREEN,2025-11-24T11:00:00,2025-11-24T16:00:00,short,87449.5,86023.5,100,0.1,8744.95,100.0,142.6,132.49,11129.16,0.13,1426,1.63,0,0.0,38194.07,3208301.88,38.19,874.5,0.1,10,5.0,0.01,0,0.0,10.11,87573.5
1204,BUY,ST_FLIP_RED,2025-11-24T16:00:00,2025-11-24T19:00:00,long,86023.5,86271.5,100,0.1,8602.35,100.0,24.8,14.69,1233.96,0.01,248,0.29,0,0.0,38208.76,3209535.84,38.21,860.24,0.1,10,5.0,0.01,0,0.0,10.11,85899.5
1205,SELL,ST_FLIP_GREEN,2025-11-24T19:00:00,2025-11-24T20:00:00,short,86271.5,86085.5,100,0.1,8627.15,100.0,18.6,8.49,713.16,0.01,186,0.22,0,0.0,38217.25,3210249.0,38.22,862.71,0.1,10,5.0,0.01,0,0.0,10.11,86395.5
1206,BUY,ST_FLIP_RED,2025-11-24T20:00:00,2025-11-25T04:00:00,long,86085.5,88627.5,100,0.1,8608.55,100.0,254.2,244.09,20503.56,0.24,2542,2.95,0,0.0,38461.34,3230752.56,38.46,860.86,0.1,10,5.0,0.01,0,0.0,10.11,85961.5
1207,SELL,ST_FLIP_GREEN,2025-11-25T04:00:00,2025-11-25T06:00:00,short,88627.5,88069.5,100,0.1,8862.75,100.0,55.8,45.69,3837.96,0.05,558,0.63,0,0.0,38507.03,3234590.52,38.51,886.27,0.1,10,5.0,0.01,0,0.0,10.11,88751.5
1208,BUY,ST_FLIP_RED,2025-11-25T06:00:00,2025-11-25T07:00:00,long,88069.5,87883.5,100,0.1,8806.95,100.0,-18.6,-28.71,-2411.64,-0.03,0,0.0,186,0.21,38478.32,3232178.88,38.48,880.7,0.1,10,5.0,0.01,0,0.0,10.11,87945.5
1209,SELL,ST_FLIP_GREEN,2025-11-25T07:00:00,2025-11-25T08:00:00,short,87883.5,87759.5,100,0.1,8788.35,100.0,12.4,2.29,192.36,0.0,124,0.14,0,0.0,38480.61,3232371.24,38.48,878.84,0.1,10,5.0,0.01,0,0.0,10.11,88007.5
1210,BUY,ST_FLIP_RED,2025-11-25T08:00:00,2025-11-25T12:00:00,long,87759.5,87759.5,100,0.1,8775.95,100.0,0.0,-10.11,-849.24,-0.01,0,0.0,0,0.0,38470.5,3231522.0,38.47,877.6,0.1,10,5.0,0.01,0,0.0,10.11,87635.5
1211,SELL,ST_FLIP_GREEN,2025-11-25T12:00:00,2025-11-25T15:00:00,short,87759.5,86891.5,100,0.1,8775.95,100.0,86.8,76.69,6441.96,0.08,868,0.99,0,0.0,38547.19,3237963.96,38.55,877.6,0.1,10,5.0,0.01,0,0.0,10.11,87883.5
1212,BUY,ST_FLIP_RED,2025-11-25T15:00:00,2025-11-25T19:00:00,long,86891.5,87387.5,100,0.1,8689.15,100.0,49.6,39.49,3317.16,0.04,496,0.57,0,0.0,38586.68,3241281.12,38.59,868.91,0.1,10,5.0,0.01,0,0.0,10.11,86767.5
1213,SELL,ST_FLIP_GREEN,2025-11-25T19:00:00,2025-11-25T21:00:00,short,87387.5,86953.5,100,0.1,8738.75,100.0,43.4,33.29,2796.36,0.03,434,0.5,0,0.0,38619.97,3244077.48,38.62,873.88,0.1,10,5.0,0.01,0,0.0,10.11,87511.5
1214,BUY,ST_FLIP_RED,2025-11-25T21:00:00,2025-11-26T00:00:00,long,86953.5,87387.5,100,0.1,8695.35,100.0,43.4,33.29,2796.36,0.03,434,0.5,0,0.0,38653.26,3246873.84,38.65,869.54,0.1,10,5.0,0.01,0,0.0,10.11,86829.5
1215,SELL,ST_FLIP_GREEN,2025-11-26T00:00:00,2025-11-26T01:00:00,short,87387.5,86395.5,100,0.1,8738.75,100.0,99.2,89.09,7483.56,0.09,992,1.14,0,0.0,38742.35,3254357.4,38.74,873.88,0.1,10,5.0,0.01,0,0.0,10.11,87511.5
1216,BUY,ST_FLIP_RED,2025-11-26T01:00:00,2025-11-26T03:00:00,long,86395.5,87077.5,100,0.1,8639.55,100.0,68.2,58.09,4879.56,0.06,682,0.79,0,0.0,38800.44,3259236.96,38.8,863.96,0.1,10,5.0,0.01,0,0.0,10.11,86271.5
1217,SELL,ST_FLIP_GREEN,2025-11-26T03:00:00,2025-11-26T04:00:00,short,87077.5,87263.5,100,0.1,8707.75,100.0,-18.6,-28.71,-2411.64,-0.03,0,0.0,186,0.21,38771.73,3256825.32,38.77,870.77,0.1,10,5.0,0.01,0,0.0,10.11,87201.5
1218,BUY,ST_FLIP_RED,2025-11-26T04:00:00,2025-11-26T09:00:00,long,87263.5,87573.5,100,0.1,8726.35,100.0,31.0,20.89,1754.76,0.02,310,0.36,0,0.0,38792.62,3258580.08,38.79,872.63,0.1,10,5.0,0.01,0,0.0,10.11,87139.5
1219,SELL,ST_FLIP_GREEN,2025-11-26T09:00:00,2025-11-26T10:00:00,short,87573.5,87387.5,100,0.1,8757.35,100.0,18.6,8.49,713.16,0.01,186,0.21,0,0.0,38801.11,3259293.24,38.8,875.74,0.1,10,5.0,0.01,0,0.0,10.11,87697.5
1220,BUY,ST_FLIP_RED,2025-11-26T10:00:00,2025-11-26T13:00:00,long,87387.5,87573.5,100,0.1,8738.75,100.0,18.6,8.49,713.16,0.01,186,0.21,0,0.0,38809.6,3260006.4,38.81,873.88,0.1,10,5.0,0.01,0,0.0,10.11,87263.5
1221,SELL,ST_FLIP_GREEN,2025-11-26T13:00:00,2025-11-26T18:00:00,short,87573.5,86705.5,100,0.1,8757.35,100.0,86.8,76.69,6441.96,0.08,868,0.99,0,0.0,38886.29,3266448.36,38.89,875.74,0.1,10,5.0,0.01,0,0.0,10.11,87697.5
1222,BUY,ST_FLIP_RED,2025-11-26T18:00:00,2025-11-27T00:00:00,long,86705.5,90115.5,100,0.1,8670.55,100.0,341.0,330.89,27794.76,0.33,3410,3.93,0,0.0,39217.18,3294243.12,39.22,867.06,0.1,10,5.0,0.01,0,0.0,10.11,86581.5
1223,SELL,ST_FLIP_GREEN,2025-11-27T00:00:00,2025-11-27T01:00:00,short,90115.5,89929.5,100,0.1,9011.55,100.0,18.6,8.49,713.16,0.01,186,0.21,0,0.0,39225.67,3294956.28,39.23,901.16,0.1,10,5.0,0.01,0,0.0,10.11,90239.5
1224,BUY,ST_FLIP_RED,2025-11-27T01:00:00,2025-11-27T09:00:00,long,89929.5,91231.5,100,0.1,8992.95,100.0,130.2,120.09,10087.56,0.12,1302,1.45,0,0.0,39345.76,3305043.84,39.35,899.3,0.1,10,5.0,0.01,0,0.0,10.11,89805.5
1225,SELL,ST_FLIP_GREEN,2025-11-27T09:00:00,2025-11-27T10:00:00,short,91231.5,91231.5,100,0.1,9123.15,100.0,0.0,-10.11,-849.24,-0.01,0,0.0,0,0.0,39335.65,3304194.6,39.34,912.31,0.1,10,5.0,0.01,0,0.0,10.11,91355.5
1226,BUY,ST_FLIP_RED,2025-11-27T10:00:00,2025-11-27T11:00:00,long,91231.5,91293.5,100,0.1,9123.15,100.0,6.2,-3.91,-328.44,-0.0,62,0.07,0,0.0,39331.74,3303866.16,39.33,912.31,0.1,10,5.0,0.01,0,0.0,10.11,91107.5
1227,SELL,ST_FLIP_GREEN,2025-11-27T11:00:00,2025-11-27T14:00:00,short,91293.5,91479.5,100,0.1,9129.35,100.0,-18.6,-28.71,-2411.64,-0.03,0,0.0,186,0.2,39303.03,3301454.52,39.3,912.94,0.1,10,5.0,0.01,0,0.0,10.11,91417.5
1228,BUY,ST_FLIP_RED,2025-11-27T14:00:00,2025-11-27T16:00:00,long,91479.5,91417.5,100,0.1,9147.95,100.0,-6.2,-16.31,-1370.04,-0.02,0,0.0,62,0.07,39286.72,3300084.48,39.29,914.8,0.1,10,5.0,0.01,0,0.0,10.11,91355.5
1229,SELL,ST_FLIP_GREEN,2025-11-27T16:00:00,2025-11-27T19:00:00,short,91417.5,90921.5,100,0.1,9141.75,100.0,49.6,39.49,3317.16,0.04,496,0.54,0,0.0,39326.21,3303401.64,39.33,914.17,0.1,10,5.0,0.01,0,0.0,10.11,91541.5
1230,BUY,ST_FLIP_RED,2025-11-27T19:00:00,2025-11-28T01:00:00,long,90921.5,91355.5,100,0.1,9092.15,100.0,43.4,33.29,2796.36,0.03,434,0.48,0,0.0,39359.5,3306198.0,39.36,909.21,0.1,10,5.0,0.01,0,0.0,10.11,90797.5
1231,SELL,ST_FLIP_GREEN,2025-11-28T01:00:00,2025-11-28T02:00:00,short,91355.5,91541.5,100,0.1,9135.55,100.0,-18.6,-28.71,-2411.64,-0.03,0,0.0,186,0.2,39330.79,3303786.36,39.33,913.56,0.1,10,5.0,0.01,0,0.0,10.11,91479.5
1232,BUY,ST_FLIP_RED,2025-11-28T02:00:00,2025-11-28T04:00:00,long,91541.5,91355.5,100,0.1,9154.15,100.0,-18.6,-28.71,-2411.64,-0.03,0,0.0,186,0.2,39302.08,3301374.72,39.3,915.41,0.1,10,5.0,0.01,0,0.0,10.11,91417.5
1233,SELL,ST_FLIP_GREEN,2025-11-28T04:00:00,2025-11-28T08:00:00,short,91355.5,90859.5,100,0.1,9135.55,100.0,49.6,39.49,3317.16,0.04,496,0.54,0,0.0,39341.57,3304691.88,39.34,913.56,0.1,10,5.0,0.01,0,0.0,10.11,91479.5
1234,BUY,ST_FLIP_RED,2025-11-28T08:00:00,2025-11-28T11:00:00,long,90859.5,91293.5,100,0.1,9085.95,100.0,43.4,33.29,2796.36,0.03,434,0.48,0,0.0,39374.86,3307488.24,39.37,908.6,0.1,10,5.0,0.01,0,0.0,10.11,90735.5
1235,SELL,ST_FLIP_GREEN,2025-11-28T11:00:00,2025-11-28T12:00:00,short,91293.5,91417.5,100,0.1,9129.35,100.0,-12.4,-22.51,-1890.84,-0.02,0,0.0,124,0.14,39352.35,3305597.4,39.35,912.94,0.1,10,5.0,0.01,0,0.0,10.11,91417.5
1236,BUY,ST_FLIP_RED,2025-11-28T12:00:00,2025-11-28T13:00:00,long,91417.5,91293.5,100,0.1,9141.75,100.0,-12.4,-22.51,-1890.84,-0.02,0,0.0,124,0.14,39329.84,3303706.56,39.33,914.17,0.1,10,5.0,0.01,0,0.0,10.11,91293.5
1237,SELL,ST_FLIP_GREEN,2025-11-28T13:00:00,2025-11-28T14:00:00,short,91293.5,91293.5,100,0.1,9129.35,100.0,0.0,-10.11,-849.24,-0.01,0,0.0,0,0.0,39319.73,3302857.32,39.32,912.94,0.1,10,5.0,0.01,0,0.0,10.11,91417.5
1238,BUY,ST_FLIP_RED,2025-11-28T14:00:00,2025-11-28T16:00:00,long,91293.5,91417.5,100,0.1,9129.35,100.0,12.4,2.29,192.36,0.0,124,0.14,0,0.0,39322.02,3303049.68,39.32,912.94,0.1,10,5.0,0.01,0,0.0,10.11,91169.5
1239,SELL,ST_FLIP_GREEN,2025-11-28T16:00:00,2025-11-28T17:00:00,short,91417.5,91417.5,100,0.1,9141.75,100.0,0.0,-10.11,-849.24,-0.01,0,0.0,0,0.0,39311.91,3302200.44,39.31,914.17,0.1,10,5.0,0.01,0,0.0,10.11,91541.5
1240,BUY,ST_FLIP_RED,2025-11-28T17:00:00,2025-11-28T20:00:00,long,91417.5,92719.5,100,0.1,9141.75,100.0,130.2,120.09,10087.56,0.12,1302,1.42,0,0.0,39432.0,3312288.0,39.43,914.17,0.1,10,5.0,0.01,0,0.0,10.11,91293.5
1241,SELL,ST_FLIP_GREEN,2025-11-28T20:00:00,2025-11-28T23:00:00,short,92719.5,90673.5,100,0.1,9271.95,100.0,204.6,194.49,16337.16,0.19,2046,2.21,0,0.0,39626.49,3328625.16,39.63,927.2,0.1,10,5.0,0.01,0,0.0,10.11,92843.5
1242,BUY,ST_FLIP_RED,2025-11-28T23:00:00,2025-11-29T03:00:00,long,90673.5,90921.5,100,0.1,9067.35,100.0,24.8,14.69,1233.96,0.01,248,0.27,0,0.0,39641.18,3329859.12,39.64,906.74,0.1,10,5.0,0.01,0,0.0,10.11,90549.5
1243,SELL,ST_FLIP_GREEN,2025-11-29T03:00:00,2025-11-29T04:00:00,short,90921.5,90983.5,100,0.1,9092.15,100.0,-6.2,-16.31,-1370.04,-0.02,0,0.0,62,0.07,39624.87,3328489.08,39.62,909.21,0.1,10,5.0,0.01,0,0.0,10.11,91045.5
1244,BUY,ST_FLIP_RED,2025-11-29T04:00:00,2025-11-29T07:00:00,long,90983.5,90797.5,100,0.1,9098.35,100.0,-18.6,-28.71,-2411.64,-0.03,0,0.0,186,0.2,39596.16,3326077.44,39.6,909.84,0.1,10,5.0,0.01,0,0.0,10.11,90859.5
1245,SELL,ST_FLIP_GREEN,2025-11-29T07:00:00,2025-11-29T10:00:00,short,90797.5,90859.5,100,0.1,9079.75,100.0,-6.2,-16.31,-1370.04,-0.02,0,0.0,62,0.07,39579.85,3324707.4,39.58,907.98,0.1,10,5.0,0.01,0,0.0,10.11,90921.5
1246,BUY,ST_FLIP_RED,2025-11-29T10:00:00,2025-11-29T11:00:00,long,90859.5,90735.5,100,0.1,9085.95,100.0,-12.4,-22.51,-1890.84,-0.02,0,0.0,124,0.14,39557.34,3322816.56,39.56,908.6,0.1,10,5.0,0.01,0,0.0,10.11,90735.5
1247,SELL,ST_FLIP_GREEN,2025-11-29T11:00:00,2025-11-29T18:00:00,short,90735.5,90673.5,100,0.1,9073.55,100.0,6.2,-3.91,-328.44,-0.0,62,0.07,0,0.0,39553.43,3322488.12,39.55,907.36,0.1,10,5.0,0.01,0,0.0,10.11,90859.5
1248,BUY,ST_FLIP_RED,2025-11-29T18:00:00,2025-11-29T19:00:00,long,90673.5,90611.5,100,0.1,9067.35,100.0,-6.2,-16.31,-1370.04,-0.02,0,0.0,62,0.07,39537.12,3321118.08,39.54,906.74,0.1,10,5.0,0.01,0,0.0,10.11,90549.5
1249,SELL,ST_FLIP_GREEN,2025-11-29T19:00:00,2025-11-29T20:00:00,short,90611.5,90797.5,100,0.1,9061.15,100.0,-18.6,-28.71,-2411.64,-0.03,0,0.0,186,0.21,39508.41,3318706.44,39.51,906.12,0.1,10,5.0,0.01,0,0.0,10.11,90735.5
1250,BUY,ST_FLIP_RED,2025-11-29T20:00:00,2025-11-29T22:00:00,long,90797.5,90673.5,100,0.1,9079.75,100.0,-12.4,-22.51,-1890.84,-0.02,0,0.0,124,0.14,39485.9,3316815.6,39.49,907.98,0.1,10,5.0,0.01,0,0.0,10.11,90673.5
1251,SELL,ST_FLIP_GREEN,2025-11-29T22:00:00,2025-11-30T00:00:00,short,90673.5,90487.5,100,0.1,9067.35,100.0,18.6,8.49,713.16,0.01,186,0.21,0,0.0,39494.39,3317528.76,39.49,906.74,0.1,10,5.0,0.01,0,0.0,10.11,90797.5
1252,BUY,ST_FLIP_RED,2025-11-30T00:00:00,2025-11-30T01:00:00,long,90487.5,90611.5,100,0.1,9048.75,100.0,12.4,2.29,192.36,0.0,124,0.14,0,0.0,39496.68,3317721.12,39.5,904.88,0.1,10,5.0,0.01,0,0.0,10.11,90363.5
1253,SELL,ST_FLIP_GREEN,2025-11-30T01:00:00,2025-11-30T02:00:00,short,90611.5,90797.5,100,0.1,9061.15,100.0,-18.6,-28.71,-2411.64,-0.03,0,0.0,186,0.21,39467.97,3315309.48,39.47,906.12,0.1,10,5.0,0.01,0,0.0,10.11,90735.5
1254,BUY,ST_FLIP_RED,2025-11-30T02:00:00,2025-11-30T03:00:00,long,90797.5,90735.5,100,0.1,9079.75,100.0,-6.2,-16.31,-1370.04,-0.02,0,0.0,62,0.07,39451.66,3313939.44,39.45,907.98,0.1,10,5.0,0.01,0,0.0,10.11,90673.5
1255,SELL,ST_FLIP_GREEN,2025-11-30T03:00:00,2025-11-30T05:00:00,short,90735.5,90859.5,100,0.1,9073.55,100.0,-12.4,-22.51,-1890.84,-0.02,0,0.0,124,0.14,39429.15,3312048.6,39.43,907.36,0.1,10,5.0,0.01,0,0.0,10.11,90859.5
1256,BUY,ST_FLIP_RED,2025-11-30T05:00:00,2025-11-30T08:00:00,long,90859.5,90735.5,100,0.1,9085.95,100.0,-12.4,-22.51,-1890.84,-0.02,0,0.0,124,0.14,39406.64,3310157.76,39.41,908.6,0.1,10,5.0,0.01,0,0.0,10.11,90735.5
1257,SELL,ST_FLIP_GREEN,2025-11-30T08:00:00,2025-11-30T09:00:00,short,90735.5,90797.5,100,0.1,9073.55,100.0,-6.2,-16.31,-1370.04,-0.02,0,0.0,62,0.07,39390.33,3308787.72,39.39,907.36,0.1,10,5.0,0.01,0,0.0,10.11,90859.5
1258,BUY,ST_FLIP_RED,2025-11-30T09:00:00,2025-11-30T10:00:00,long,90797.5,90673.5,100,0.1,9079.75,100.0,-12.4,-22.51,-1890.84,-0.02,0,0.0,124,0.14,39367.82,3306896.88,39.37,907.98,0.1,10,5.0,0.01,0,0.0,10.11,90673.5
1259,SELL,ST_FLIP_GREEN,2025-11-30T10:00:00,2025-11-30T11:00:00,short,90673.5,90797.5,100,0.1,9067.35,100.0,-12.4,-22.51,-1890.84,-0.02,0,0.0,124,0.14,39345.31,3305006.04,39.35,906.74,0.1,10,5.0,0.01,0,0.0,10.11,90797.5
1260,BUY,ST_FLIP_RED,2025-11-30T11:00:00,2025-11-30T16:00:00,long,90797.5,91169.5,100,0.1,9079.75,100.0,37.2,27.09,2275.56,0.03,372,0.41,0,0.0,39372.4,3307281.6,39.37,907.98,0.1,10,5.0,0.01,0,0.0,10.11,90673.5
1261,SELL,ST_FLIP_GREEN,2025-11-30T16:00:00,2025-11-30T18:00:00,short,91169.5,91355.5,100,0.1,9116.95,100.0,-18.6,-28.71,-2411.64,-0.03,0,0.0,186,0.2,39343.69,3304869.96,39.34,911.7,0.1,10,5.0,0.01,0,0.0,10.11,91293.5
1262,BUY,ST_FLIP_RED,2025-11-30T18:00:00,2025-11-30T19:00:00,long,91355.5,91665.5,100,0.1,9135.55,100.0,31.0,20.89,1754.76,0.02,310,0.34,0,0.0,39364.58,3306624.72,39.36,913.56,0.1,10,5.0,0.01,0,0.0,10.11,91231.5
1263,SELL,ST_FLIP_GREEN,2025-11-30T19:00:00,2025-11-30T21:00:00,short,91665.5,91665.5,100,0.1,9166.55,100.0,0.0,-10.11,-849.24,-0.01,0,0.0,0,0.0,39354.47,3305775.48,39.35,916.66,0.1,10,5.0,0.01,0,0.0,10.11,91789.5
1264,BUY,ST_FLIP_RED,2025-11-30T21:00:00,2025-11-30T22:00:00,long,91665.5,91541.5,100,0.1,9166.55,100.0,-12.4,-22.51,-1890.84,-0.02,0,0.0,124,0.14,39331.96,3303884.64,39.33,916.66,0.1,10,5.0,0.01,0,0.0,10.11,91541.5
1265,SELL,ST_FLIP_GREEN,2025-11-30T22:00:00,2025-12-01T03:00:00,short,91541.5,91231.5,100,0.1,9154.15,100.0,31.0,20.89,1754.76,0.02,310,0.34,0,0.0,39352.85,3305639.4,39.35,915.41,0.1,10,5.0,0.01,0,0.0,10.11,91665.5
1266,BUY,ST_FLIP_RED,2025-12-01T03:00:00,2025-12-01T04:00:00,long,91231.5,91045.5,100,0.1,9123.15,100.0,-18.6,-28.71,-2411.64,-0.03,0,0.0,186,0.2,39324.14,3303227.76,39.32,912.31,0.1,10,5.0,0.01,0,0.0,10.11,91107.5
1267,SELL,ST_FLIP_GREEN,2025-12-01T04:00:00,2025-12-01T10:00:00,short,91045.5,85961.5,100,0.1,9104.55,100.0,508.4,498.29,41856.36,0.5,5084,5.58,0,0.0,39822.43,3345084.12,39.82,910.46,0.1,10,5.0,0.01,0,0.0,10.11,91169.5
1268,BUY,ST_FLIP_RED,2025-12-01T10:00:00,2025-12-01T16:00:00,long,85961.5,86395.5,100,0.1,8596.15,100.0,43.4,33.29,2796.36,0.03,434,0.5,0,0.0,39855.72,3347880.48,39.86,859.62,0.1,10,5.0,0.01,0,0.0,10.11,85837.5
1269,SELL,ST_FLIP_GREEN,2025-12-01T16:00:00,2025-12-01T18:00:00,short,86395.5,86023.5,100,0.1,8639.55,100.0,37.2,27.09,2275.56,0.03,372,0.43,0,0.0,39882.81,3350156.04,39.88,863.96,0.1,10,5.0,0.01,0,0.0,10.11,86519.5
1270,BUY,ST_FLIP_RED,2025-12-01T18:00:00,2025-12-01T20:00:00,long,86023.5,86023.5,100,0.1,8602.35,100.0,0.0,-10.11,-849.24,-0.01,0,0.0,0,0.0,39872.7,3349306.8,39.87,860.24,0.1,10,5.0,0.01,0,0.0,10.11,85899.5
1271,SELL,ST_FLIP_GREEN,2025-12-01T20:00:00,2025-12-01T22:00:00,short,86023.5,84721.5,100,0.1,8602.35,100.0,130.2,120.09,10087.56,0.12,1302,1.51,0,0.0,39992.79,3359394.36,39.99,860.24,0.1,10,5.0,0.01,0,0.0,10.11,86147.5
1272,BUY,ST_FLIP_RED,2025-12-01T22:00:00,2025-12-02T00:00:00,long,84721.5,85031.5,100,0.1,8472.15,100.0,31.0,20.89,1754.76,0.02,310,0.37,0,0.0,40013.68,3361149.12,40.01,847.21,0.1,10,5.0,0.01,0,0.0,10.11,84597.5
1273,SELL,ST_FLIP_GREEN,2025-12-02T00:00:00,2025-12-02T01:00:00,short,85031.5,84845.5,100,0.1,8503.15,100.0,18.6,8.49,713.16,0.01,186,0.22,0,0.0,40022.17,3361862.28,40.02,850.31,0.1,10,5.0,0.01,0,0.0,10.11,85155.5
1274,BUY,ST_FLIP_RED,2025-12-02T01:00:00,2025-12-02T05:00:00,long,84845.5,86519.5,100,0.1,8484.55,100.0,167.4,157.29,13212.36,0.16,1674,1.97,0,0.0,40179.46,3375074.64,40.18,848.46,0.1,10,5.0,0.01,0,0.0,10.11,84721.5
1275,SELL,ST_FLIP_GREEN,2025-12-02T05:00:00,2025-12-02T06:00:00,short,86519.5,86457.5,100,0.1,8651.95,100.0,6.2,-3.91,-328.44,-0.0,62,0.07,0,0.0,40175.55,3374746.2,40.18,865.2,0.1,10,5.0,0.01,0,0.0,10.11,86643.5
1276,BUY,ST_FLIP_RED,2025-12-02T06:00:00,2025-12-02T07:00:00,long,86457.5,86581.5,100,0.1,8645.75,100.0,12.4,2.29,192.36,0.0,124,0.14,0,0.0,40177.84,3374938.56,40.18,864.58,0.1,10,5.0,0.01,0,0.0,10.11,86333.5
1277,SELL,ST_FLIP_GREEN,2025-12-02T07:00:00,2025-12-02T09:00:00,short,86581.5,86519.5,100,0.1,8658.15,100.0,6.2,-3.91,-328.44,-0.0,62,0.07,0,0.0,40173.93,3374610.12,40.17,865.81,0.1,10,5.0,0.01,0,0.0,10.11,86705.5
1278,BUY,ST_FLIP_RED,2025-12-02T09:00:00,2025-12-02T10:00:00,long,86519.5,86829.5,100,0.1,8651.95,100.0,31.0,20.89,1754.76,0.02,310,0.36,0,0.0,40194.82,3376364.88,40.19,865.2,0.1,10,5.0,0.01,0,0.0,10.11,86395.5
1279,SELL,ST_FLIP_GREEN,2025-12-02T10:00:00,2025-12-02T14:00:00,short,86829.5,86705.5,100,0.1,8682.95,100.0,12.4,2.29,192.36,0.0,124,0.14,0,0.0,40197.11,3376557.24,40.2,868.3,0.1,10,5.0,0.01,0,0.0,10.11,86953.5
1280,BUY,ST_FLIP_RED,2025-12-02T14:00:00,2025-12-03T01:00:00,long,86705.5,91789.5,100,0.1,8670.55,100.0,508.4,498.29,41856.36,0.5,5084,5.86,0,0.0,40695.4,3418413.6,40.7,867.06,0.1,10,5.0,0.01,0,0.0,10.11,86581.5
1281,SELL,ST_FLIP_GREEN,2025-12-03T01:00:00,2025-12-03T02:00:00,short,91789.5,91107.5,100,0.1,9178.95,100.0,68.2,58.09,4879.56,0.06,682,0.74,0,0.0,40753.49,3423293.16,40.75,917.9,0.1,10,5.0,0.01,0,0.0,10.11,91913.5
1282,BUY,ST_FLIP_RED,2025-12-03T02:00:00,2025-12-03T05:00:00,long,91107.5,91417.5,100,0.1,9110.75,100.0,31.0,20.89,1754.76,0.02,310,0.34,0,0.0,40774.38,3425047.92,40.77,911.08,0.1,10,5.0,0.01,0,0.0,10.11,90983.5
1283,SELL,ST_FLIP_GREEN,2025-12-03T05:00:00,2025-12-03T06:00:00,short,91417.5,91293.5,100,0.1,9141.75,100.0,12.4,2.29,192.36,0.0,124,0.14,0,0.0,40776.67,3425240.28,40.78,914.17,0.1,10,5.0,0.01,0,0.0,10.11,91541.5
1284,BUY,ST_FLIP_RED,2025-12-03T06:00:00,2025-12-03T12:00:00,long,91293.5,93711.5,100,0.1,9129.35,100.0,241.8,231.69,19461.96,0.23,2418,2.65,0,0.0,41008.36,3444702.24,41.01,912.94,0.1,10,5.0,0.01,0,0.0,10.11,91169.5
1285,SELL,ST_FLIP_GREEN,2025-12-03T12:00:00,2025-12-03T15:00:00,short,93711.5,93091.5,100,0.1,9371.15,100.0,62.0,51.89,4358.76,0.05,620,0.66,0,0.0,41060.25,3449061.0,41.06,937.12,0.1,10,5.0,0.01,0,0.0,10.11,93835.5
1286,BUY,ST_FLIP_RED,2025-12-03T15:00:00,2025-12-03T16:00:00,long,93091.5,93029.5,100,0.1,9309.15,100.0,-6.2,-16.31,-1370.04,-0.02,0,0.0,62,0.07,41043.94,3447690.96,41.04,930.91,0.1,10,5.0,0.01,0,0.0,10.11,92967.5
1287,SELL,ST_FLIP_GREEN,2025-12-03T16:00:00,2025-12-03T18:00:00,short,93029.5,92905.5,100,0.1,9302.95,100.0,12.4,2.29,192.36,0.0,124,0.13,0,0.0,41046.23,3447883.32,41.05,930.3,0.1,10,5.0,0.01,0,0.0,10.11,93153.5
1288,BUY,ST_FLIP_RED,2025-12-03T18:00:00,2025-12-03T19:00:00,long,92905.5,92843.5,100,0.1,9290.55,100.0,-6.2,-16.31,-1370.04,-0.02,0,0.0,62,0.07,41029.92,3446513.28,41.03,929.06,0.1,10,5.0,0.01,0,0.0,10.11,92781.5
1289,SELL,ST_FLIP_GREEN,2025-12-03T19:00:00,2025-12-03T22:00:00,short,92843.5,92471.5,100,0.1,9284.35,100.0,37.2,27.09,2275.56,0.03,372,0.4,0,0.0,41057.01,3448788.84,41.06,928.44,0.1,10,5.0,0.01,0,0.0,10.11,92967.5
1290,BUY,ST_FLIP_RED,2025-12-03T22:00:00,2025-12-04T00:00:00,long,92471.5,92843.5,100,0.1,9247.15,100.0,37.2,27.09,2275.56,0.03,372,0.4,0,0.0,41084.1,3451064.4,41.08,924.71,0.1,10,5.0,0.01,0,0.0,10.11,92347.5
1291,SELL,ST_FLIP_GREEN,2025-12-04T00:00:00,2025-12-04T01:00:00,short,92843.5,92843.5,100,0.1,9284.35,100.0,0.0,-10.11,-849.24,-0.01,0,0.0,0,0.0,41073.99,3450215.16,41.07,928.44,0.1,10,5.0,0.01,0,0.0,10.11,92967.5
1292,BUY,ST_FLIP_RED,2025-12-04T01:00:00,2025-12-04T05:00:00,long,92843.5,93401.5,100,0.1,9284.35,100.0,55.8,45.69,3837.96,0.05,558,0.6,0,0.0,41119.68,3454053.12,41.12,928.44,0.1,10,5.0,0.01,0,0.0,10.11,92719.5
1293,SELL,ST_FLIP_GREEN,2025-12-04T05:00:00,2025-12-04T06:00:00,short,93401.5,92967.5,100,0.1,9340.15,100.0,43.4,33.29,2796.36,0.03,434,0.46,0,0.0,41152.97,3456849.48,41.15,934.01,0.1,10,5.0,0.01,0,0.0,10.11,93525.5
1294,BUY,ST_FLIP_RED,2025-12-04T06:00:00,2025-12-04T08:00:00,long,92967.5,93525.5,100,0.1,9296.75,100.0,55.8,45.69,3837.96,0.05,558,0.6,0,0.0,41198.66,3460687.44,41.2,929.67,0.1,10,5.0,0.01,0,0.0,10.11,92843.5
1295,SELL,ST_FLIP_GREEN,2025-12-04T08:00:00,2025-12-04T14:00:00,short,93525.5,93277.5,100,0.1,9352.55,100.0,24.8,14.69,1233.96,0.01,248,0.27,0,0.0,41213.35,3461921.4,41.21,935.26,0.1,10,5.0,0.01,0,0.0,10.11,93649.5
1296,BUY,ST_FLIP_RED,2025-12-04T14:00:00,2025-12-04T16:00:00,long,93277.5,93215.5,100,0.1,9327.75,100.0,-6.2,-16.31,-1370.04,-0.02,0,0.0,62,0.07,41197.04,3460551.36,41.2,932.77,0.1,10,5.0,0.01,0,0.0,10.11,93153.5
1297,SELL,ST_FLIP_GREEN,2025-12-04T16:00:00,2025-12-04T21:00:00,short,93215.5,92781.5,100,0.1,9321.55,100.0,43.4,33.29,2796.36,0.03,434,0.47,0,0.0,41230.33,3463347.72,41.23,932.16,0.1,10,5.0,0.01,0,0.0,10.11,93339.5
1298,BUY,ST_FLIP_RED,2025-12-04T21:00:00,2025-12-04T22:00:00,long,92781.5,92719.5,100,0.1,9278.15,100.0,-6.2,-16.31,-1370.04,-0.02,0,0.0,62,0.07,41214.02,3461977.68,41.21,927.81,0.1,10,5.0,0.01,0,0.0,10.11,92657.5
1299,SELL,ST_FLIP_GREEN,2025-12-04T22:00:00,2025-12-04T23:00:00,short,92719.5,92223.5,100,0.1,9271.95,100.0,49.6,39.49,3317.16,0.04,496,0.53,0,0.0,41253.51,3465294.84,41.25,927.2,0.1,10,5.0,0.01,0,0.0,10.11,92843.5
1300,BUY,ST_FLIP_RED,2025-12-04T23:00:00,2025-12-05T00:00:00,long,92223.5,92285.5,100,0.1,9222.35,100.0,6.2,-3.91,-328.44,-0.0,62,0.07,0,0.0,41249.6,3464966.4,41.25,922.24,0.1,10,5.0,0.01,0,0.0,10.11,92099.5
1301,SELL,ST_FLIP_GREEN,2025-12-05T00:00:00,2025-12-05T01:00:00,short,92285.5,91479.5,100,0.1,9228.55,100.0,80.6,70.49,5921.16,0.07,806,0.87,0,0.0,41320.09,3470887.56,41.32,922.86,0.1,10,5.0,0.01,0,0.0,10.11,92409.5
1302,BUY,ST_FLIP_RED,2025-12-05T01:00:00,2025-12-05T08:00:00,long,91479.5,92347.5,100,0.1,9147.95,100.0,86.8,76.69,6441.96,0.08,868,0.95,0,0.0,41396.78,3477329.52,41.4,914.8,0.1,10,5.0,0.01,0,0.0,10.11,91355.5
1303,SELL,ST_FLIP_GREEN,2025-12-05T08:00:00,2025-12-05T12:00:00,short,92347.5,92161.5,100,0.1,9234.75,100.0,18.6,8.49,713.16,0.01,186,0.2,0,0.0,41405.27,3478042.68,41.41,923.48,0.1,10,5.0,0.01,0,0.0,10.11,92471.5
1304,BUY,ST_FLIP_RED,2025-12-05T12:00:00,2025-12-05T13:00:00,long,92161.5,92285.5,100,0.1,9216.15,100.0,12.4,2.29,192.36,0.0,124,0.13,0,0.0,41407.56,3478235.04,41.41,921.62,0.1,10,5.0,0.01,0,0.0,10.11,92037.5
1305,SELL,ST_FLIP_GREEN,2025-12-05T13:00:00,2025-12-05T20:00:00,short,92285.5,90611.5,100,0.1,9228.55,100.0,167.4,157.29,13212.36,0.16,1674,1.81,0,0.0,41564.85,3491447.4,41.56,922.86,0.1,10,5.0,0.01,0,0.0,10.11,92409.5
1306,BUY,ST_FLIP_RED,2025-12-05T20:00:00,2025-12-05T21:00:00,long,90611.5,91045.5,100,0.1,9061.15,100.0,43.4,33.29,2796.36,0.03,434,0.48,0,0.0,41598.14,3494243.76,41.6,906.12,0.1,10,5.0,0.01,0,0.0,10.11,90487.5
1307,SELL,ST_FLIP_GREEN,2025-12-05T21:00:00,2025-12-05T23:00:00,short,91045.5,88937.5,100,0.1,9104.55,100.0,210.8,200.69,16857.96,0.2,2108,2.32,0,0.0,41798.83,3511101.72,41.8,910.46,0.1,10,5.0,0.01,0,0.0,10.11,91169.5
1308,BUY,ST_FLIP_RED,2025-12-05T23:00:00,2025-12-06T03:00:00,long,88937.5,89309.5,100,0.1,8893.75,100.0,37.2,27.09,2275.56,0.03,372,0.42,0,0.0,41825.92,3513377.28,41.83,889.38,0.1,10,5.0,0.01,0,0.0,10.11,88813.5
1309,SELL,ST_FLIP_GREEN,2025-12-06T03:00:00,2025-12-06T06:00:00,short,89309.5,89371.5,100,0.1,8930.95,100.0,-6.2,-16.31,-1370.04,-0.02,0,0.0,62,0.07,41809.61,3512007.24,41.81,893.1,0.1,10,5.0,0.01,0,0.0,10.11,89433.5
1310,BUY,ST_FLIP_RED,2025-12-06T06:00:00,2025-12-06T07:00:00,long,89371.5,89247.5,100,0.1,8937.15,100.0,-12.4,-22.51,-1890.84,-0.02,0,0.0,124,0.14,41787.1,3510116.4,41.79,893.71,0.1,10,5.0,0.01,0,0.0,10.11,89247.5
1311,SELL,ST_FLIP_GREEN,2025-12-06T07:00:00,2025-12-06T08:00:00,short,89247.5,89371.5,100,0.1,8924.75,100.0,-12.4,-22.51,-1890.84,-0.02,0,0.0,124,0.14,41764.59,3508225.56,41.76,892.48,0.1,10,5.0,0.01,0,0.0,10.11,89371.5
1312,BUY,ST_FLIP_RED,2025-12-06T08:00:00,2025-12-06T12:00:00,long,89371.5,89495.5,100,0.1,8937.15,100.0,12.4,2.29,192.36,0.0,124,0.14,0,0.0,41766.88,3508417.92,41.77,893.71,0.1,10,5.0,0.01,0,0.0,10.11,89247.5
1313,SELL,ST_FLIP_GREEN,2025-12-06T12:00:00,2025-12-06T14:00:00,short,89495.5,89495.5,100,0.1,8949.55,100.0,0.0,-10.11,-849.24,-0.01,0,0.0,0,0.0,41756.77,3507568.68,41.76,894.96,0.1,10,5.0,0.01,0,0.0,10.11,89619.5
1314,BUY,ST_FLIP_RED,2025-12-06T14:00:00,2025-12-06T20:00:00,long,89495.5,89681.5,100,0.1,8949.55,100.0,18.6,8.49,713.16,0.01,186,0.21,0,0.0,41765.26,3508281.84,41.77,894.96,0.1,10,5.0,0.01,0,0.0,10.11,89371.5
1315,SELL,ST_FLIP_GREEN,2025-12-06T20:00:00,2025-12-06T21:00:00,short,89681.5,89743.5,100,0.1,8968.15,100.0,-6.2,-16.31,-1370.04,-0.02,0,0.0,62,0.07,41748.95,3506911.8,41.75,896.81,0.1,10,5.0,0.01,0,0.0,10.11,89805.5
1316,BUY,ST_FLIP_RED,2025-12-06T21:00:00,2025-12-06T23:00:00,long,89743.5,89681.5,100,0.1,8974.35,100.0,-6.2,-16.31,-1370.04,-0.02,0,0.0,62,0.07,41732.64,3505541.76,41.73,897.44,0.1,10,5.0,0.01,0,0.0,10.11,89619.5
1317,SELL,ST_FLIP_GREEN,2025-12-06T23:00:00,2025-12-07T05:00:00,short,89681.5,89185.5,100,0.1,8968.15,100.0,49.6,39.49,3317.16,0.04,496,0.55,0,0.0,41772.13,3508858.92,41.77,896.81,0.1,10,5.0,0.01,0,0.0,10.11,89805.5
1318,BUY,ST_FLIP_RED,2025-12-07T05:00:00,2025-12-07T12:00:00,long,89185.5,89433.5,100,0.1,8918.55,100.0,24.8,14.69,1233.96,0.01,248,0.28,0,0.0,41786.82,3510092.88,41.79,891.86,0.1,10,5.0,0.01,0,0.0,10.11,89061.5
1319,SELL,ST_FLIP_GREEN,2025-12-07T12:00:00,2025-12-07T20:00:00,short,89433.5,88131.5,100,0.1,8943.35,100.0,130.2,120.09,10087.56,0.12,1302,1.46,0,0.0,41906.91,3520180.44,41.91,894.34,0.1,10,5.0,0.01,0,0.0,10.11,89557.5
1320,BUY,ST_FLIP_RED,2025-12-07T20:00:00,2025-12-08T00:00:00,long,88131.5,91355.5,100,0.1,8813.15,100.0,322.4,312.29,26232.36,0.31,3224,3.66,0,0.0,42219.2,3546412.8,42.22,881.31,0.1,10,5.0,0.01,0,0.0,10.11,88007.5
1321,SELL,ST_FLIP_GREEN,2025-12-08T00:00:00,2025-12-08T01:00:00,short,91355.5,91355.5,100,0.1,9135.55,100.0,0.0,-10.11,-849.24,-0.01,0,0.0,0,0.0,42209.09,3545563.56,42.21,913.56,0.1,10,5.0,0.01,0,0.0,10.11,91479.5
1322,BUY,ST_FLIP_RED,2025-12-08T01:00:00,2025-12-08T02:00:00,long,91355.5,91231.5,100,0.1,9135.55,100.0,-12.4,-22.51,-1890.84,-0.02,0,0.0,124,0.14,42186.58,3543672.72,42.19,913.56,0.1,10,5.0,0.01,0,0.0,10.11,91231.5
1323,SELL,ST_FLIP_GREEN,2025-12-08T02:00:00,2025-12-08T04:00:00,short,91231.5,89867.5,100,0.1,9123.15,100.0,136.4,126.29,10608.36,0.13,1364,1.5,0,0.0,42312.87,3554281.08,42.31,912.31,0.1,10,5.0,0.01,0,0.0,10.11,91355.5
1324,BUY,ST_FLIP_RED,2025-12-08T04:00:00,2025-12-08T17:00:00,long,89867.5,91789.5,100,0.1,8986.75,100.0,192.2,182.09,15295.56,0.18,1922,2.14,0,0.0,42494.96,3569576.64,42.49,898.67,0.1,10,5.0,0.01,0,0.0,10.11,89743.5
1325,SELL,ST_FLIP_GREEN,2025-12-08T17:00:00,2025-12-08T21:00:00,short,91789.5,90177.5,100,0.1,9178.95,100.0,161.2,151.09,12691.56,0.15,1612,1.76,0,0.0,42646.05,3582268.2,42.65,917.9,0.1,10,5.0,0.01,0,0.0,10.11,91913.5
1326,BUY,ST_FLIP_RED,2025-12-08T21:00:00,2025-12-08T22:00:00,long,90177.5,90115.5,100,0.1,9017.75,100.0,-6.2,-16.31,-1370.04,-0.02,0,0.0,62,0.07,42629.74,3580898.16,42.63,901.77,0.1,10,5.0,0.01,0,0.0,10.11,90053.5
1327,SELL,ST_FLIP_GREEN,2025-12-08T22:00:00,2025-12-08T23:00:00,short,90115.5,90053.5,100,0.1,9011.55,100.0,6.2,-3.91,-328.44,-0.0,62,0.07,0,0.0,42625.83,3580569.72,42.63,901.16,0.1,10,5.0,0.01,0,0.0,10.11,90239.5
1328,BUY,ST_FLIP_RED,2025-12-08T23:00:00,2025-12-09T04:00:00,long,90053.5,90797.5,100,0.1,9005.35,100.0,74.4,64.29,5400.36,0.06,744,0.83,0,0.0,42690.12,3585970.08,42.69,900.54,0.1,10,5.0,0.01,0,0.0,10.11,89929.5
1329,SELL,ST_FLIP_GREEN,2025-12-09T04:00:00,2025-12-09T09:00:00,short,90797.5,90239.5,100,0.1,9079.75,100.0,55.8,45.69,3837.96,0.05,558,0.61,0,0.0,42735.81,3589808.04,42.74,907.98,0.1,10,5.0,0.01,0,0.0,10.11,90921.5
1330,BUY,ST_FLIP_RED,2025-12-09T09:00:00,2025-12-09T10:00:00,long,90239.5,90239.5,100,0.1,9023.95,100.0,0.0,-10.11,-849.24,-0.01,0,0.0,0,0.0,42725.7,3588958.8,42.73,902.4,0.1,10,5.0,0.01,0,0.0,10.11,90115.5
1331,SELL,ST_FLIP_GREEN,2025-12-09T10:00:00,2025-12-09T12:00:00,short,90239.5,89991.5,100,0.1,9023.95,100.0,24.8,14.69,1233.96,0.01,248,0.27,0,0.0,42740.39,3590192.76,42.74,902.4,0.1,10,5.0,0.01,0,0.0,10.11,90363.5
1332,BUY,ST_FLIP_RED,2025-12-09T12:00:00,2025-12-09T14:00:00,long,89991.5,90239.5,100,0.1,8999.15,100.0,24.8,14.69,1233.96,0.01,248,0.28,0,0.0,42755.08,3591426.72,42.76,899.91,0.1,10,5.0,0.01,0,0.0,10.11,89867.5
1333,SELL,ST_FLIP_GREEN,2025-12-09T14:00:00,2025-12-09T17:00:00,short,90239.5,90363.5,100,0.1,9023.95,100.0,-12.4,-22.51,-1890.84,-0.02,0,0.0,124,0.14,42732.57,3589535.88,42.73,902.4,0.1,10,5.0,0.01,0,0.0,10.11,90363.5
1334,BUY,ST_FLIP_RED,2025-12-09T17:00:00,2025-12-09T19:00:00,long,90363.5,90425.5,100,0.1,9036.35,100.0,6.2,-3.91,-328.44,-0.0,62,0.07,0,0.0,42728.66,3589207.44,42.73,903.63,0.1,10,5.0,0.01,0,0.0,10.11,90239.5
1335,SELL,ST_FLIP_GREEN,2025-12-09T19:00:00,2025-12-09T20:00:00,short,90425.5,90363.5,100,0.1,9042.55,100.0,6.2,-3.91,-328.44,-0.0,62,0.07,0,0.0,42724.75,3588879.0,42.72,904.26,0.1,10,5.0,0.01,0,0.0,10.11,90549.5
1336,BUY,ST_FLIP_RED,2025-12-09T20:00:00,2025-12-10T01:00:00,long,90363.5,93835.5,100,0.1,9036.35,100.0,347.2,337.09,28315.56,0.34,3472,3.84,0,0.0,43061.84,3617194.56,43.06,903.63,0.1,10,5.0,0.01,0,0.0,10.11,90239.5
1337,SELL,ST_FLIP_GREEN,2025-12-10T01:00:00,2025-12-10T04:00:00,short,93835.5,92719.5,100,0.1,9383.55,100.0,111.6,101.49,8525.16,0.1,1116,1.19,0,0.0,43163.33,3625719.72,43.16,938.36,0.1,10,5.0,0.01,0,0.0,10.11,93959.5
1338,BUY,ST_FLIP_RED,2025-12-10T04:00:00,2025-12-10T05:00:00,long,92719.5,92657.5,100,0.1,9271.95,100.0,-6.2,-16.31,-1370.04,-0.02,0,0.0,62,0.07,43147.02,3624349.68,43.15,927.2,0.1,10,5.0,0.01,0,0.0,10.11,92595.5
1339,SELL,ST_FLIP_GREEN,2025-12-10T05:00:00,2025-12-10T07:00:00,short,92657.5,92471.5,100,0.1,9265.75,100.0,18.6,8.49,713.16,0.01,186,0.2,0,0.0,43155.51,3625062.84,43.16,926.58,0.1,10,5.0,0.01,0,0.0,10.11,92781.5
1340,BUY,ST_FLIP_RED,2025-12-10T07:00:00,2025-12-10T14:00:00,long,92471.5,92409.5,100,0.1,9247.15,100.0,-6.2,-16.31,-1370.04,-0.02,0,0.0,62,0.07,43139.2,3623692.8,43.14,924.71,0.1,10,5.0,0.01,0,0.0,10.11,92347.5
1341,SELL,ST_FLIP_GREEN,2025-12-10T14:00:00,2025-12-10T21:00:00,short,92409.5,92099.5,100,0.1,9240.95,100.0,31.0,20.89,1754.76,0.02,310,0.34,0,0.0,43160.09,3625447.56,43.16,924.1,0.1,10,5.0,0.01,0,0.0,10.11,92533.5
1342,BUY,ST_FLIP_RED,2025-12-10T21:00:00,2025-12-10T22:00:00,long,92099.5,92285.5,100,0.1,9209.95,100.0,18.6,8.49,713.16,0.01,186,0.2,0,0.0,43168.58,3626160.72,43.17,921.0,0.1,10,5.0,0.01,0,0.0,10.11,91975.5
1343,SELL,ST_FLIP_GREEN,2025-12-10T22:00:00,2025-12-11T00:00:00,short,92285.5,92409.5,100,0.1,9228.55,100.0,-12.4,-22.51,-1890.84,-0.02,0,0.0,124,0.13,43146.07,3624269.88,43.15,922.86,0.1,10,5.0,0.01,0,0.0,10.11,92409.5
1344,BUY,ST_FLIP_RED,2025-12-11T00:00:00,2025-12-11T02:00:00,long,92409.5,93339.5,100,0.1,9240.95,100.0,93.0,82.89,6962.76,0.08,930,1.01,0,0.0,43228.96,3631232.64,43.23,924.1,0.1,10,5.0,0.01,0,0.0,10.11,92285.5
1345,SELL,ST_FLIP_GREEN,2025-12-11T02:00:00,2025-12-11T09:00:00,short,93339.5,89929.5,100,0.1,9333.95,100.0,341.0,330.89,27794.76,0.33,3410,3.65,0,0.0,43559.85,3659027.4,43.56,933.4,0.1,10,5.0,0.01,0,0.0,10.11,93463.5
1346,BUY,ST_FLIP_RED,2025-12-11T09:00:00,2025-12-11T15:00:00,long,89929.5,90177.5,100,0.1,8992.95,100.0,24.8,14.69,1233.96,0.01,248,0.28,0,0.0,43574.54,3660261.36,43.57,899.3,0.1,10,5.0,0.01,0,0.0,10.11,89805.5
1347,SELL,ST_FLIP_GREEN,2025-12-11T15:00:00,2025-12-11T20:00:00,short,90177.5,90239.5,100,0.1,9017.75,100.0,-6.2,-16.31,-1370.04,-0.02,0,0.0,62,0.07,43558.23,3658891.32,43.56,901.77,0.1,10,5.0,0.01,0,0.0,10.11,90301.5
1348,BUY,ST_FLIP_RED,2025-12-11T20:00:00,2025-12-11T21:00:00,long,90239.5,90053.5,100,0.1,9023.95,100.0,-18.6,-28.71,-2411.64,-0.03,0,0.0,186,0.21,43529.52,3656479.68,43.53,902.4,0.1,10,5.0,0.01,0,0.0,10.11,90115.5
1349,SELL,ST_FLIP_GREEN,2025-12-11T21:00:00,2025-12-11T22:00:00,short,90053.5,89681.5,100,0.1,9005.35,100.0,37.2,27.09,2275.56,0.03,372,0.41,0,0.0,43556.61,3658755.24,43.56,900.54,0.1,10,5.0,0.01,0,0.0,10.11,90177.5
1350,BUY,ST_FLIP_RED,2025-12-11T22:00:00,2025-12-12T03:00:00,long,89681.5,93029.5,100,0.1,8968.15,100.0,334.8,324.69,27273.96,0.32,3348,3.73,0,0.0,43881.3,3686029.2,43.88,896.81,0.1,10,5.0,0.01,0,0.0,10.11,89557.5
1351,SELL,ST_FLIP_GREEN,2025-12-12T03:00:00,2025-12-12T04:00:00,short,93029.5,92471.5,100,0.1,9302.95,100.0,55.8,45.69,3837.96,0.05,558,0.6,0,0.0,43926.99,3689867.16,43.93,930.3,0.1,10,5.0,0.01,0,0.0,10.11,93153.5
1352,BUY,ST_FLIP_RED,2025-12-12T04:00:00,2025-12-12T06:00:00,long,92471.5,92285.5,100,0.1,9247.15,100.0,-18.6,-28.71,-2411.64,-0.03,0,0.0,186,0.2,43898.28,3687455.52,43.9,924.71,0.1,10,5.0,0.01,0,0.0,10.11,92347.5
1353,SELL,ST_FLIP_GREEN,2025-12-12T06:00:00,2025-12-12T07:00:00,short,92285.5,92223.5,100,0.1,9228.55,100.0,6.2,-3.91,-328.44,-0.0,62,0.07,0,0.0,43894.37,3687127.08,43.89,922.86,0.1,10,5.0,0.01,0,0.0,10.11,92409.5
1354,BUY,ST_FLIP_RED,2025-12-12T07:00:00,2025-12-12T08:00:00,long,92223.5,92223.5,100,0.1,9222.35,100.0,0.0,-10.11,-849.24,-0.01,0,0.0,0,0.0,43884.26,3686277.84,43.88,922.24,0.1,10,5.0,0.01,0,0.0,10.11,92099.5
1355,SELL,ST_FLIP_GREEN,2025-12-12T08:00:00,2025-12-12T11:00:00,short,92223.5,92285.5,100,0.1,9222.35,100.0,-6.2,-16.31,-1370.04,-0.02,0,0.0,62,0.07,43867.95,3684907.8,43.87,922.24,0.1,10,5.0,0.01,0,0.0,10.11,92347.5
1356,BUY,ST_FLIP_RED,2025-12-12T11:00:00,2025-12-12T12:00:00,long,92285.5,92409.5,100,0.1,9228.55,100.0,12.4,2.29,192.36,0.0,124,0.13,0,0.0,43870.24,3685100.16,43.87,922.86,0.1,10,5.0,0.01,0,0.0,10.11,92161.5
1357,SELL,ST_FLIP_GREEN,2025-12-12T12:00:00,2025-12-12T15:00:00,short,92409.5,92285.5,100,0.1,9240.95,100.0,12.4,2.29,192.36,0.0,124,0.13,0,0.0,43872.53,3685292.52,43.87,924.1,0.1,10,5.0,0.01,0,0.0,10.11,92533.5
1358,BUY,ST_FLIP_RED,2025-12-12T15:00:00,2025-12-12T16:00:00,long,92285.5,92285.5,100,0.1,9228.55,100.0,0.0,-10.11,-849.24,-0.01,0,0.0,0,0.0,43862.42,3684443.28,43.86,922.86,0.1,10,5.0,0.01,0,0.0,10.11,92161.5
1359,SELL,ST_FLIP_GREEN,2025-12-12T16:00:00,2025-12-12T23:00:00,short,92285.5,89991.5,100,0.1,9228.55,100.0,229.4,219.29,18420.36,0.22,2294,2.49,0,0.0,44081.71,3702863.64,44.08,922.86,0.1,10,5.0,0.01,0,0.0,10.11,92409.5
1360,BUY,ST_FLIP_RED,2025-12-12T23:00:00,2025-12-13T00:00:00,long,89991.5,90363.5,100,0.1,8999.15,100.0,37.2,27.09,2275.56,0.03,372,0.41,0,0.0,44108.8,3705139.2,44.11,899.91,0.1,10,5.0,0.01,0,0.0,10.11,89867.5
1361,SELL,ST_FLIP_GREEN,2025-12-13T00:00:00,2025-12-13T02:00:00,short,90363.5,90177.5,100,0.1,9036.35,100.0,18.6,8.49,713.16,0.01,186,0.21,0,0.0,44117.29,3705852.36,44.12,903.63,0.1,10,5.0,0.01,0,0.0,10.11,90487.5
1362,BUY,ST_FLIP_RED,2025-12-13T02:00:00,2025-12-13T17:00:00,long,90177.5,90239.5,100,0.1,9017.75,100.0,6.2,-3.91,-328.44,-0.0,62,0.07,0,0.0,44113.38,3705523.92,44.11,901.77,0.1,10,5.0,0.01,0,0.0,10.11,90053.5
1363,SELL,ST_FLIP_GREEN,2025-12-13T17:00:00,2025-12-13T20:00:00,short,90239.5,90177.5,100,0.1,9023.95,100.0,6.2,-3.91,-328.44,-0.0,62,0.07,0,0.0,44109.47,3705195.48,44.11,902.4,0.1,10,5.0,0.01,0,0.0,10.11,90363.5
1364,BUY,ST_FLIP_RED,2025-12-13T20:00:00,2025-12-13T21:00:00,long,90177.5,89991.5,100,0.1,9017.75,100.0,-18.6,-28.71,-2411.64,-0.03,0,0.0,186,0.21,44080.76,3702783.84,44.08,901.77,0.1,10,5.0,0.01,0,0.0,10.11,90053.5
1365,SELL,ST_FLIP_GREEN,2025-12-13T21:00:00,2025-12-13T23:00:00,short,89991.5,90177.5,100,0.1,8999.15,100.0,-18.6,-28.71,-2411.64,-0.03,0,0.0,186,0.21,44052.05,3700372.2,44.05,899.91,0.1,10,5.0,0.01,0,0.0,10.11,90115.5
1366,BUY,ST_FLIP_RED,2025-12-13T23:00:00,2025-12-14T02:00:00,long,90177.5,89991.5,100,0.1,9017.75,100.0,-18.6,-28.71,-2411.64,-0.03,0,0.0,186,0.21,44023.34,3697960.56,44.02,901.77,0.1,10,5.0,0.01,0,0.0,10.11,90053.5
1367,SELL,ST_FLIP_GREEN,2025-12-14T02:00:00,2025-12-14T03:00:00,short,89991.5,90115.5,100,0.1,8999.15,100.0,-12.4,-22.51,-1890.84,-0.02,0,0.0,124,0.14,44000.83,3696069.72,44.0,899.91,0.1,10,5.0,0.01,0,0.0,10.11,90115.5
1368,BUY,ST_FLIP_RED,2025-12-14T03:00:00,2025-12-14T08:00:00,long,90115.5,90177.5,100,0.1,9011.55,100.0,6.2,-3.91,-328.44,-0.0,62,0.07,0,0.0,43996.92,3695741.28,44.0,901.16,0.1,10,5.0,0.01,0,0.0,10.11,89991.5
1369,SELL,ST_FLIP_GREEN,2025-12-14T08:00:00,2025-12-14T21:00:00,short,90177.5,89185.5,100,0.1,9017.75,100.0,99.2,89.09,7483.56,0.09,992,1.1,0,0.0,44086.01,3703224.84,44.09,901.77,0.1,10,5.0,0.01,0,0.0,10.11,90301.5
1370,BUY,ST_FLIP_RED,2025-12-14T21:00:00,2025-12-14T22:00:00,long,89185.5,89061.5,100,0.1,8918.55,100.0,-12.4,-22.51,-1890.84,-0.02,0,0.0,124,0.14,44063.5,3701334.0,44.06,891.86,0.1,10,5.0,0.01,0,0.0,10.11,89061.5
1371,SELL,ST_FLIP_GREEN,2025-12-14T22:00:00,2025-12-15T05:00:00,short,89061.5,88193.5,100,0.1,8906.15,100.0,86.8,76.69,6441.96,0.08,868,0.97,0,0.0,44140.19,3707775.96,44.14,890.62,0.1,10,5.0,0.01,0,0.0,10.11,89185.5
1372,BUY,ST_FLIP_RED,2025-12-15T05:00:00,2025-12-15T08:00:00,long,88193.5,89433.5,100,0.1,8819.35,100.0,124.0,113.89,9566.76,0.11,1240,1.41,0,0.0,44254.08,3717342.72,44.25,881.94,0.1,10,5.0,0.01,0,0.0,10.11,88069.5
1373,SELL,ST_FLIP_GREEN,2025-12-15T08:00:00,2025-12-15T10:00:00,short,89433.5,89495.5,100,0.1,8943.35,100.0,-6.2,-16.31,-1370.04,-0.02,0,0.0,62,0.07,44237.77,3715972.68,44.24,894.34,0.1,10,5.0,0.01,0,0.0,10.11,89557.5
1374,BUY,ST_FLIP_RED,2025-12-15T10:00:00,2025-12-15T11:00:00,long,89495.5,89495.5,100,0.1,8949.55,100.0,0.0,-10.11,-849.24,-0.01,0,0.0,0,0.0,44227.66,3715123.44,44.23,894.96,0.1,10,5.0,0.01,0,0.0,10.11,89371.5
1375,SELL,ST_FLIP_GREEN,2025-12-15T11:00:00,2025-12-15T13:00:00,short,89495.5,89681.5,100,0.1,8949.55,100.0,-18.6,-28.71,-2411.64,-0.03,0,0.0,186,0.21,44198.95,3712711.8,44.2,894.96,0.1,10,5.0,0.01,0,0.0,10.11,89619.5
1376,BUY,ST_FLIP_RED,2025-12-15T13:00:00,2025-12-15T17:00:00,long,89681.5,89681.5,100,0.1,8968.15,100.0,0.0,-10.11,-849.24,-0.01,0,0.0,0,0.0,44188.84,3711862.56,44.19,896.81,0.1,10,5.0,0.01,0,0.0,10.11,89557.5
1377,SELL,ST_FLIP_GREEN,2025-12-15T17:00:00,2025-12-16T00:00:00,short,89681.5,85775.5,100,0.1,8968.15,100.0,390.6,380.49,31961.16,0.38,3906,4.36,0,0.0,44569.33,3743823.72,44.57,896.81,0.1,10,5.0,0.01,0,0.0,10.11,89805.5
1378,BUY,ST_FLIP_RED,2025-12-16T00:00:00,2025-12-16T01:00:00,long,85775.5,85961.5,100,0.1,8577.55,100.0,18.6,8.49,713.16,0.01,186,0.22,0,0.0,44577.82,3744536.88,44.58,857.76,0.1,10,5.0,0.01,0,0.0,10.11,85651.5
1379,SELL,ST_FLIP_GREEN,2025-12-16T01:00:00,2025-12-16T02:00:00,short,85961.5,85899.5,100,0.1,8596.15,100.0,6.2,-3.91,-328.44,-0.0,62,0.07,0,0.0,44573.91,3744208.44,44.57,859.62,0.1,10,5.0,0.01,0,0.0,10.11,86085.5
1380,BUY,ST_FLIP_RED,2025-12-16T02:00:00,2025-12-16T06:00:00,long,85899.5,86085.5,100,0.1,8589.95,100.0,18.6,8.49,713.16,0.01,186,0.22,0,0.0,44582.4,3744921.6,44.58,859.0,0.1,10,5.0,0.01,0,0.0,10.11,85775.5
1381,SELL,ST_FLIP_GREEN,2025-12-16T06:00:00,2025-12-16T07:00:00,short,86085.5,86023.5,100,0.1,8608.55,100.0,6.2,-3.91,-328.44,-0.0,62,0.07,0,0.0,44578.49,3744593.16,44.58,860.86,0.1,10,5.0,0.01,0,0.0,10.11,86209.5
1382,BUY,ST_FLIP_RED,2025-12-16T07:00:00,2025-12-16T08:00:00,long,86023.5,86023.5,100,0.1,8602.35,100.0,0.0,-10.11,-849.24,-0.01,0,0.0,0,0.0,44568.38,3743743.92,44.57,860.24,0.1,10,5.0,0.01,0,0.0,10.11,85899.5
1383,SELL,ST_FLIP_GREEN,2025-12-16T08:00:00,2025-12-16T10:00:00,short,86023.5,85837.5,100,0.1,8602.35,100.0,18.6,8.49,713.16,0.01,186,0.22,0,0.0,44576.87,3744457.08,44.58,860.24,0.1,10,5.0,0.01,0,0.0,10.11,86147.5
1384,BUY,ST_FLIP_RED,2025-12-16T10:00:00,2025-12-16T12:00:00,long,85837.5,86147.5,100,0.1,8583.75,100.0,31.0,20.89,1754.76,0.02,310,0.36,0,0.0,44597.76,3746211.84,44.6,858.38,0.1,10,5.0,0.01,0,0.0,10.11,85713.5
1385,SELL,ST_FLIP_GREEN,2025-12-16T12:00:00,2025-12-16T15:00:00,short,86147.5,86333.5,100,0.1,8614.75,100.0,-18.6,-28.71,-2411.64,-0.03,0,0.0,186,0.22,44569.05,3743800.2,44.57,861.48,0.1,10,5.0,0.01,0,0.0,10.11,86271.5
1386,BUY,ST_FLIP_RED,2025-12-16T15:00:00,2025-12-16T19:00:00,long,86333.5,87139.5,100,0.1,8633.35,100.0,80.6,70.49,5921.16,0.07,806,0.93,0,0.0,44639.54,3749721.36,44.64,863.34,0.1,10,5.0,0.01,0,0.0,10.11,86209.5
1387,SELL,ST_FLIP_GREEN,2025-12-16T19:00:00,2025-12-16T20:00:00,short,87139.5,87077.5,100,0.1,8713.95,100.0,6.2,-3.91,-328.44,-0.0,62,0.07,0,0.0,44635.63,3749392.92,44.64,871.4,0.1,10,5.0,0.01,0,0.0,10.11,87263.5
1388,BUY,ST_FLIP_RED,2025-12-16T20:00:00,2025-12-16T22:00:00,long,87077.5,87573.5,100,0.1,8707.75,100.0,49.6,39.49,3317.16,0.04,496,0.57,0,0.0,44675.12,3752710.08,44.68,870.77,0.1,10,5.0,0.01,0,0.0,10.11,86953.5
1389,SELL,ST_FLIP_GREEN,2025-12-16T22:00:00,2025-12-17T00:00:00,short,87573.5,87449.5,100,0.1,8757.35,100.0,12.4,2.29,192.36,0.0,124,0.14,0,0.0,44677.41,3752902.44,44.68,875.74,0.1,10,5.0,0.01,0,0.0,10.11,87697.5
1390,BUY,ST_FLIP_RED,2025-12-17T00:00:00,2025-12-17T04:00:00,long,87449.5,87635.5,100,0.1,8744.95,100.0,18.6,8.49,713.16,0.01,186,0.21,0,0.0,44685.9,3753615.6,44.69,874.5,0.1,10,5.0,0.01,0,0.0,10.11,87325.5
1391,SELL,ST_FLIP_GREEN,2025-12-17T04:00:00,2025-12-17T06:00:00,short,87635.5,87697.5,100,0.1,8763.55,100.0,-6.2,-16.31,-1370.04,-0.02,0,0.0,62,0.07,44669.59,3752245.56,44.67,876.36,0.1,10,5.0,0.01,0,0.0,10.11,87759.5
1392,BUY,ST_FLIP_RED,2025-12-17T06:00:00,2025-12-17T07:00:00,long,87697.5,87573.5,100,0.1,8769.75,100.0,-12.4,-22.51,-1890.84,-0.02,0,0.0,124,0.14,44647.08,3750354.72,44.65,876.98,0.1,10,5.0,0.01,0,0.0,10.11,87573.5
1393,SELL,ST_FLIP_GREEN,2025-12-17T07:00:00,2025-12-17T11:00:00,short,87573.5,86581.5,100,0.1,8757.35,100.0,99.2,89.09,7483.56,0.09,992,1.13,0,0.0,44736.17,3757838.28,44.74,875.74,0.1,10,5.0,0.01,0,0.0,10.11,87697.5
1394,BUY,ST_FLIP_RED,2025-12-17T11:00:00,2025-12-17T12:00:00,long,86581.5,86705.5,100,0.1,8658.15,100.0,12.4,2.29,192.36,0.0,124,0.14,0,0.0,44738.46,3758030.64,44.74,865.81,0.1,10,5.0,0.01,0,0.0,10.11,86457.5
1395,SELL,ST_FLIP_GREEN,2025-12-17T12:00:00,2025-12-17T15:00:00,short,86705.5,86519.5,100,0.1,8670.55,100.0,18.6,8.49,713.16,0.01,186,0.21,0,0.0,44746.95,3758743.8,44.75,867.06,0.1,10,5.0,0.01,0,0.0,10.11,86829.5
1396,BUY,ST_FLIP_RED,2025-12-17T15:00:00,2025-12-17T21:00:00,long,86519.5,89681.5,100,0.1,8651.95,100.0,316.2,306.09,25711.56,0.31,3162,3.65,0,0.0,45053.04,3784455.36,45.05,865.2,0.1,10,5.0,0.01,0,0.0,10.11,86395.5
1397,SELL,ST_FLIP_GREEN,2025-12-17T21:00:00,2025-12-17T22:00:00,short,89681.5,86519.5,100,0.1,8968.15,100.0,316.2,306.09,25711.56,0.31,3162,3.53,0,0.0,45359.13,3810166.92,45.36,896.81,0.1,10,5.0,0.01,0,0.0,10.11,89805.5
1398,BUY,ST_FLIP_RED,2025-12-17T22:00:00,2025-12-17T23:00:00,long,86519.5,86705.5,100,0.1,8651.95,100.0,18.6,8.49,713.16,0.01,186,0.21,0,0.0,45367.62,3810880.08,45.37,865.2,0.1,10,5.0,0.01,0,0.0,10.11,86395.5
1399,SELL,ST_FLIP_GREEN,2025-12-17T23:00:00,2025-12-18T01:00:00,short,86705.5,85899.5,100,0.1,8670.55,100.0,80.6,70.49,5921.16,0.07,806,0.93,0,0.0,45438.11,3816801.24,45.44,867.06,0.1,10,5.0,0.01,0,0.0,10.11,86829.5
1400,BUY,ST_FLIP_RED,2025-12-18T01:00:00,2025-12-18T02:00:00,long,85899.5,85961.5,100,0.1,8589.95,100.0,6.2,-3.91,-328.44,-0.0,62,0.07,0,0.0,45434.2,3816472.8,45.43,859.0,0.1,10,5.0,0.01,0,0.0,10.11,85775.5
1401,SELL,ST_FLIP_GREEN,2025-12-18T02:00:00,2025-12-18T03:00:00,short,85961.5,85961.5,100,0.1,8596.15,100.0,0.0,-10.11,-849.24,-0.01,0,0.0,0,0.0,45424.09,3815623.56,45.42,859.62,0.1,10,5.0,0.01,0,0.0,10.11,86085.5
1402,BUY,ST_FLIP_RED,2025-12-18T03:00:00,2025-12-18T04:00:00,long,85961.5,86085.5,100,0.1,8596.15,100.0,12.4,2.29,192.36,0.0,124,0.14,0,0.0,45426.38,3815815.92,45.43,859.62,0.1,10,5.0,0.01,0,0.0,10.11,85837.5
1403,SELL,ST_FLIP_GREEN,2025-12-18T04:00:00,2025-12-18T05:00:00,short,86085.5,86147.5,100,0.1,8608.55,100.0,-6.2,-16.31,-1370.04,-0.02,0,0.0,62,0.07,45410.07,3814445.88,45.41,860.86,0.1,10,5.0,0.01,0,0.0,10.11,86209.5
1404,BUY,ST_FLIP_RED,2025-12-18T05:00:00,2025-12-18T06:00:00,long,86147.5,86085.5,100,0.1,8614.75,100.0,-6.2,-16.31,-1370.04,-0.02,0,0.0,62,0.07,45393.76,3813075.84,45.39,861.48,0.1,10,5.0,0.01,0,0.0,10.11,86023.5
1405,SELL,ST_FLIP_GREEN,2025-12-18T06:00:00,2025-12-18T07:00:00,short,86085.5,86147.5,100,0.1,8608.55,100.0,-6.2,-16.31,-1370.04,-0.02,0,0.0,62,0.07,45377.45,3811705.8,45.38,860.86,0.1,10,5.0,0.01,0,0.0,10.11,86209.5
1406,BUY,ST_FLIP_RED,2025-12-18T07:00:00,2025-12-18T08:00:00,long,86147.5,86209.5,100,0.1,8614.75,100.0,6.2,-3.91,-328.44,-0.0,62,0.07,0,0.0,45373.54,3811377.36,45.37,861.48,0.1,10,5.0,0.01,0,0.0,10.11,86023.5
1407,SELL,ST_FLIP_GREEN,2025-12-18T08:00:00,2025-12-18T09:00:00,short,86209.5,86395.5,100,0.1,8620.95,100.0,-18.6,-28.71,-2411.64,-0.03,0,0.0,186,0.22,45344.83,3808965.72,45.34,862.1,0.1,10,5.0,0.01,0,0.0,10.11,86333.5
1408,BUY,ST_FLIP_RED,2025-12-18T09:00:00,2025-12-18T10:00:00,long,86395.5,86643.5,100,0.1,8639.55,100.0,24.8,14.69,1233.96,0.01,248,0.29,0,0.0,45359.52,3810199.68,45.36,863.96,0.1,10,5.0,0.01,0,0.0,10.11,86271.5
1409,SELL,ST_FLIP_GREEN,2025-12-18T10:00:00,2025-12-18T12:00:00,short,86643.5,86643.5,100,0.1,8664.35,100.0,0.0,-10.11,-849.24,-0.01,0,0.0,0,0.0,45349.41,3809350.44,45.35,866.44,0.1,10,5.0,0.01,0,0.0,10.11,86767.5
1410,BUY,ST_FLIP_RED,2025-12-18T12:00:00,2025-12-18T16:00:00,long,86643.5,87139.5,100,0.1,8664.35,100.0,49.6,39.49,3317.16,0.04,496,0.57,0,0.0,45388.9,3812667.6,45.39,866.44,0.1,10,5.0,0.01,0,0.0,10.11,86519.5
1411,SELL,ST_FLIP_GREEN,2025-12-18T16:00:00,2025-12-18T18:00:00,short,87139.5,87325.5,100,0.1,8713.95,100.0,-18.6,-28.71,-2411.64,-0.03,0,0.0,186,0.21,45360.19,3810255.96,45.36,871.4,0.1,10,5.0,0.01,0,0.0,10.11,87263.5
1412,BUY,ST_FLIP_RED,2025-12-18T18:00:00,2025-12-18T21:00:00,long,87325.5,88379.5,100,0.1,8732.55,100.0,105.4,95.29,8004.36,0.1,1054,1.21,0,0.0,45455.48,3818260.32,45.46,873.26,0.1,10,5.0,0.01,0,0.0,10.11,87201.5
1413,SELL,ST_FLIP_GREEN,2025-12-18T21:00:00,2025-12-18T23:00:00,short,88379.5,86085.5,100,0.1,8837.95,100.0,229.4,219.29,18420.36,0.22,2294,2.6,0,0.0,45674.77,3836680.68,45.67,883.8,0.1,10,5.0,0.01,0,0.0,10.11,88503.5
1414,BUY,ST_FLIP_RED,2025-12-18T23:00:00,2025-12-19T00:00:00,long,86085.5,86209.5,100,0.1,8608.55,100.0,12.4,2.29,192.36,0.0,124,0.14,0,0.0,45677.06,3836873.04,45.68,860.86,0.1,10,5.0,0.01,0,0.0,10.11,85961.5
1415,SELL,ST_FLIP_GREEN,2025-12-19T00:00:00,2025-12-19T02:00:00,short,86209.5,85155.5,100,0.1,8620.95,100.0,105.4,95.29,8004.36,0.1,1054,1.22,0,0.0,45772.35,3844877.4,45.77,862.1,0.1,10,5.0,0.01,0,0.0,10.11,86333.5
1416,BUY,ST_FLIP_RED,2025-12-19T02:00:00,2025-12-19T06:00:00,long,85155.5,85279.5,100,0.1,8515.55,100.0,12.4,2.29,192.36,0.0,124,0.15,0,0.0,45774.64,3845069.76,45.77,851.56,0.1,10,5.0,0.01,0,0.0,10.11,85031.5
1417,SELL,ST_FLIP_GREEN,2025-12-19T06:00:00,2025-12-19T07:00:00,short,85279.5,85279.5,100,0.1,8527.95,100.0,0.0,-10.11,-849.24,-0.01,0,0.0,0,0.0,45764.53,3844220.52,45.76,852.8,0.1,10,5.0,0.01,0,0.0,10.11,85403.5
1418,BUY,ST_FLIP_RED,2025-12-19T07:00:00,2025-12-19T10:00:00,long,85279.5,86891.5,100,0.1,8527.95,100.0,161.2,151.09,12691.56,0.15,1612,1.89,0,0.0,45915.62,3856912.08,45.92,852.8,0.1,10,5.0,0.01,0,0.0,10.11,85155.5
1419,SELL,ST_FLIP_GREEN,2025-12-19T10:00:00,2025-12-19T11:00:00,short,86891.5,86891.5,100,0.1,8689.15,100.0,0.0,-10.11,-849.24,-0.01,0,0.0,0,0.0,45905.51,3856062.84,45.91,868.91,0.1,10,5.0,0.01,0,0.0,10.11,87015.5
1420,BUY,ST_FLIP_RED,2025-12-19T11:00:00,2025-12-19T13:00:00,long,86891.5,87697.5,100,0.1,8689.15,100.0,80.6,70.49,5921.16,0.07,806,0.93,0,0.0,45976.0,3861984.0,45.98,868.91,0.1,10,5.0,0.01,0,0.0,10.11,86767.5
1421,SELL,ST_FLIP_GREEN,2025-12-19T13:00:00,2025-12-19T14:00:00,short,87697.5,87883.5,100,0.1,8769.75,100.0,-18.6,-28.71,-2411.64,-0.03,0,0.0,186,0.21,45947.29,3859572.36,45.95,876.98,0.1,10,5.0,0.01,0,0.0,10.11,87821.5
1422,BUY,ST_FLIP_RED,2025-12-19T14:00:00,2025-12-19T17:00:00,long,87883.5,88069.5,100,0.1,8788.35,100.0,18.6,8.49,713.16,0.01,186,0.21,0,0.0,45955.78,3860285.52,45.96,878.84,0.1,10,5.0,0.01,0,0.0,10.11,87759.5
1423,SELL,ST_FLIP_GREEN,2025-12-19T17:00:00,2025-12-19T20:00:00,short,88069.5,88131.5,100,0.1,8806.95,100.0,-6.2,-16.31,-1370.04,-0.02,0,0.0,62,0.07,45939.47,3858915.48,45.94,880.7,0.1,10,5.0,0.01,0,0.0,10.11,88193.5
1424,BUY,ST_FLIP_RED,2025-12-19T20:00:00,2025-12-19T22:00:00,long,88131.5,88193.5,100,0.1,8813.15,100.0,6.2,-3.91,-328.44,-0.0,62,0.07,0,0.0,45935.56,3858587.04,45.94,881.31,0.1,10,5.0,0.01,0,0.0,10.11,88007.5
1425,SELL,ST_FLIP_GREEN,2025-12-19T22:00:00,2025-12-20T00:00:00,short,88193.5,87511.5,100,0.1,8819.35,100.0,68.2,58.09,4879.56,0.06,682,0.77,0,0.0,45993.65,3863466.6,45.99,881.94,0.1,10,5.0,0.01,0,0.0,10.11,88317.5
1426,BUY,ST_FLIP_RED,2025-12-20T00:00:00,2025-12-20T06:00:00,long,87511.5,88069.5,100,0.1,8751.15,100.0,55.8,45.69,3837.96,0.05,558,0.64,0,0.0,46039.34,3867304.56,46.04,875.12,0.1,10,5.0,0.01,0,0.0,10.11,87387.5
1427,SELL,ST_FLIP_GREEN,2025-12-20T06:00:00,2025-12-20T08:00:00,short,88069.5,88255.5,100,0.1,8806.95,100.0,-18.6,-28.71,-2411.64,-0.03,0,0.0,186,0.21,46010.63,3864892.92,46.01,880.7,0.1,10,5.0,0.01,0,0.0,10.11,88193.5
1428,BUY,ST_FLIP_RED,2025-12-20T08:00:00,2025-12-20T09:00:00,long,88255.5,88131.5,100,0.1,8825.55,100.0,-12.4,-22.51,-1890.84,-0.02,0,0.0,124,0.14,45988.12,3863002.08,45.99,882.56,0.1,10,5.0,0.01,0,0.0,10.11,88131.5
1429,SELL,ST_FLIP_GREEN,2025-12-20T09:00:00,2025-12-20T10:00:00,short,88131.5,88317.5,100,0.1,8813.15,100.0,-18.6,-28.71,-2411.64,-0.03,0,0.0,186,0.21,45959.41,3860590.44,45.96,881.31,0.1,10,5.0,0.01,0,0.0,10.11,88255.5
1430,BUY,ST_FLIP_RED,2025-12-20T10:00:00,2025-12-20T12:00:00,long,88317.5,88193.5,100,0.1,8831.75,100.0,-12.4,-22.51,-1890.84,-0.02,0,0.0,124,0.14,45936.9,3858699.6,45.94,883.17,0.1,10,5.0,0.01,0,0.0,10.11,88193.5
1431,SELL,ST_FLIP_GREEN,2025-12-20T12:00:00,2025-12-20T13:00:00,short,88193.5,88379.5,100,0.1,8819.35,100.0,-18.6,-28.71,-2411.64,-0.03,0,0.0,186,0.21,45908.19,3856287.96,45.91,881.94,0.1,10,5.0,0.01,0,0.0,10.11,88317.5
1432,BUY,ST_FLIP_RED,2025-12-20T13:00:00,2025-12-20T15:00:00,long,88379.5,88193.5,100,0.1,8837.95,100.0,-18.6,-28.71,-2411.64,-0.03,0,0.0,186,0.21,45879.48,3853876.32,45.88,883.8,0.1,10,5.0,0.01,0,0.0,10.11,88255.5
1433,SELL,ST_FLIP_GREEN,2025-12-20T15:00:00,2025-12-20T21:00:00,short,88193.5,88193.5,100,0.1,8819.35,100.0,0.0,-10.11,-849.24,-0.01,0,0.0,0,0.0,45869.37,3853027.08,45.87,881.94,0.1,10,5.0,0.01,0,0.0,10.11,88317.5
1434,BUY,ST_FLIP_RED,2025-12-20T21:00:00,2025-12-21T07:00:00,long,88193.5,88193.5,100,0.1,8819.35,100.0,0.0,-10.11,-849.24,-0.01,0,0.0,0,0.0,45859.26,3852177.84,45.86,881.94,0.1,10,5.0,0.01,0,0.0,10.11,88069.5
1435,SELL,ST_FLIP_GREEN,2025-12-21T07:00:00,2025-12-21T08:00:00,short,88193.5,88069.5,100,0.1,8819.35,100.0,12.4,2.29,192.36,0.0,124,0.14,0,0.0,45861.55,3852370.2,45.86,881.94,0.1,10,5.0,0.01,0,0.0,10.11,88317.5
1436,BUY,ST_FLIP_RED,2025-12-21T08:00:00,2025-12-21T18:00:00,long,88069.5,88565.5,100,0.1,8806.95,100.0,49.6,39.49,3317.16,0.04,496,0.56,0,0.0,45901.04,3855687.36,45.9,880.7,0.1,10,5.0,0.01,0,0.0,10.11,87945.5
1437,SELL,ST_FLIP_GREEN,2025-12-21T18:00:00,2025-12-21T21:00:00,short,88565.5,88069.5,100,0.1,8856.55,100.0,49.6,39.49,3317.16,0.04,496,0.56,0,0.0,45940.53,3859004.52,45.94,885.66,0.1,10,5.0,0.01,0,0.0,10.11,88689.5
1438,BUY,ST_FLIP_RED,2025-12-21T21:00:00,2025-12-21T23:00:00,long,88069.5,88069.5,100,0.1,8806.95,100.0,0.0,-10.11,-849.24,-0.01,0,0.0,0,0.0,45930.42,3858155.28,45.93,880.7,0.1,10,5.0,0.01,0,0.0,10.11,87945.5
1439,SELL,ST_FLIP_GREEN,2025-12-21T23:00:00,2025-12-22T00:00:00,short,88069.5,88255.5,100,0.1,8806.95,100.0,-18.6,-28.71,-2411.64,-0.03,0,0.0,186,0.21,45901.71,3855743.64,45.9,880.7,0.1,10,5.0,0.01,0,0.0,10.11,88193.5
1440,BUY,ST_FLIP_RED,2025-12-22T00:00:00,2025-12-22T07:00:00,long,88255.5,88751.5,100,0.1,8825.55,100.0,49.6,39.49,3317.16,0.04,496,0.56,0,0.0,45941.2,3859060.8,45.94,882.56,0.1,10,5.0,0.01,0,0.0,10.11,88131.5
1441,SELL,ST_FLIP_GREEN,2025-12-22T07:00:00,2025-12-22T08:00:00,short,88751.5,88441.5,100,0.1,8875.15,100.0,31.0,20.89,1754.76,0.02,310,0.35,0,0.0,45962.09,3860815.56,45.96,887.51,0.1,10,5.0,0.01,0,0.0,10.11,88875.5
1442,BUY,ST_FLIP_RED,2025-12-22T08:00:00,2025-12-22T14:00:00,long,88441.5,89557.5,100,0.1,8844.15,100.0,111.6,101.49,8525.16,0.1,1116,1.26,0,0.0,46063.58,3869340.72,46.06,884.41,0.1,10,5.0,0.01,0,0.0,10.11,88317.5
1443,SELL,ST_FLIP_GREEN,2025-12-22T14:00:00,2025-12-22T16:00:00,short,89557.5,89743.5,100,0.1,8955.75,100.0,-18.6,-28.71,-2411.64,-0.03,0,0.0,186,0.21,46034.87,3866929.08,46.03,895.58,0.1,10,5.0,0.01,0,0.0,10.11,89681.5
1444,BUY,ST_FLIP_RED,2025-12-22T16:00:00,2025-12-22T18:00:00,long,89743.5,90053.5,100,0.1,8974.35,100.0,31.0,20.89,1754.76,0.02,310,0.35,0,0.0,46055.76,3868683.84,46.06,897.44,0.1,10,5.0,0.01,0,0.0,10.11,89619.5
1445,SELL,ST_FLIP_GREEN,2025-12-22T18:00:00,2025-12-22T21:00:00,short,90053.5,89805.5,100,0.1,9005.35,100.0,24.8,14.69,1233.96,0.01,248,0.28,0,0.0,46070.45,3869917.8,46.07,900.54,0.1,10,5.0,0.01,0,0.0,10.11,90177.5
1446,BUY,ST_FLIP_RED,2025-12-22T21:00:00,2025-12-22T22:00:00,long,89805.5,89867.5,100,0.1,8980.55,100.0,6.2,-3.91,-328.44,-0.0,62,0.07,0,0.0,46066.54,3869589.36,46.07,898.06,0.1,10,5.0,0.01,0,0.0,10.11,89681.5
1447,SELL,ST_FLIP_GREEN,2025-12-22T22:00:00,2025-12-22T23:00:00,short,89867.5,89495.5,100,0.1,8986.75,100.0,37.2,27.09,2275.56,0.03,372,0.41,0,0.0,46093.63,3871864.92,46.09,898.67,0.1,10,5.0,0.01,0,0.0,10.11,89991.5
1448,BUY,ST_FLIP_RED,2025-12-22T23:00:00,2025-12-23T00:00:00,long,89495.5,89309.5,100,0.1,8949.55,100.0,-18.6,-28.71,-2411.64,-0.03,0,0.0,186,0.21,46064.92,3869453.28,46.06,894.96,0.1,10,5.0,0.01,0,0.0,10.11,89371.5
1449,SELL,ST_FLIP_GREEN,2025-12-23T00:00:00,2025-12-23T02:00:00,short,89309.5,88255.5,100,0.1,8930.95,100.0,105.4,95.29,8004.36,0.1,1054,1.18,0,0.0,46160.21,3877457.64,46.16,893.1,0.1,10,5.0,0.01,0,0.0,10.11,89433.5
1450,BUY,ST_FLIP_RED,2025-12-23T02:00:00,2025-12-23T08:00:00,long,88255.5,88441.5,100,0.1,8825.55,100.0,18.6,8.49,713.16,0.01,186,0.21,0,0.0,46168.7,3878170.8,46.17,882.56,0.1,10,5.0,0.01,0,0.0,10.11,88131.5
1451,SELL,ST_FLIP_GREEN,2025-12-23T08:00:00,2025-12-23T12:00:00,short,88441.5,87387.5,100,0.1,8844.15,100.0,105.4,95.29,8004.36,0.1,1054,1.19,0,0.0,46263.99,3886175.16,46.26,884.41,0.1,10,5.0,0.01,0,0.0,10.11,88565.5
1452,BUY,ST_FLIP_RED,2025-12-23T12:00:00,2025-12-23T14:00:00,long,87387.5,87387.5,100,0.1,8738.75,100.0,0.0,-10.11,-849.24,-0.01,0,0.0,0,0.0,46253.88,3885325.92,46.25,873.88,0.1,10,5.0,0.01,0,0.0,10.11,87263.5
1453,SELL,ST_FLIP_GREEN,2025-12-23T14:00:00,2025-12-23T15:00:00,short,87387.5,87573.5,100,0.1,8738.75,100.0,-18.6,-28.71,-2411.64,-0.03,0,0.0,186,0.21,46225.17,3882914.28,46.23,873.88,0.1,10,5.0,0.01,0,0.0,10.11,87511.5
1454,BUY,ST_FLIP_RED,2025-12-23T15:00:00,2025-12-23T19:00:00,long,87573.5,87573.5,100,0.1,8757.35,100.0,0.0,-10.11,-849.24,-0.01,0,0.0,0,0.0,46215.06,3882065.04,46.22,875.74,0.1,10,5.0,0.01,0,0.0,10.11,87449.5
1455,SELL,ST_FLIP_GREEN,2025-12-23T19:00:00,2025-12-23T21:00:00,short,87573.5,87449.5,100,0.1,8757.35,100.0,12.4,2.29,192.36,0.0,124,0.14,0,0.0,46217.35,3882257.4,46.22,875.74,0.1,10,5.0,0.01,0,0.0,10.11,87697.5
1456,BUY,ST_FLIP_RED,2025-12-23T21:00:00,2025-12-23T22:00:00,long,87449.5,87697.5,100,0.1,8744.95,100.0,24.8,14.69,1233.96,0.01,248,0.28,0,0.0,46232.04,3883491.36,46.23,874.5,0.1,10,5.0,0.01,0,0.0,10.11,87325.5
1457,SELL,ST_FLIP_GREEN,2025-12-23T22:00:00,2025-12-24T06:00:00,short,87697.5,87573.5,100,0.1,8769.75,100.0,12.4,2.29,192.36,0.0,124,0.14,0,0.0,46234.33,3883683.72,46.23,876.98,0.1,10,5.0,0.01,0,0.0,10.11,87821.5
1458,BUY,ST_FLIP_RED,2025-12-24T06:00:00,2025-12-24T07:00:00,long,87573.5,87511.5,100,0.1,8757.35,100.0,-6.2,-16.31,-1370.04,-0.02,0,0.0,62,0.07,46218.02,3882313.68,46.22,875.74,0.1,10,5.0,0.01,0,0.0,10.11,87449.5
1459,SELL,ST_FLIP_GREEN,2025-12-24T07:00:00,2025-12-24T15:00:00,short,87511.5,87015.5,100,0.1,8751.15,100.0,49.6,39.49,3317.16,0.04,496,0.57,0,0.0,46257.51,3885630.84,46.26,875.12,0.1,10,5.0,0.01,0,0.0,10.11,87635.5
1460,BUY,ST_FLIP_RED,2025-12-24T15:00:00,2025-12-24T20:00:00,long,87015.5,87077.5,100,0.1,8701.55,100.0,6.2,-3.91,-328.44,-0.0,62,0.07,0,0.0,46253.6,3885302.4,46.25,870.16,0.1,10,5.0,0.01,0,0.0,10.11,86891.5
1461,SELL,ST_FLIP_GREEN,2025-12-24T20:00:00,2025-12-24T21:00:00,short,87077.5,86953.5,100,0.1,8707.75,100.0,12.4,2.29,192.36,0.0,124,0.14,0,0.0,46255.89,3885494.76,46.26,870.77,0.1,10,5.0,0.01,0,0.0,10.11,87201.5
1462,BUY,ST_FLIP_RED,2025-12-24T21:00:00,2025-12-25T04:00:00,long,86953.5,87511.5,100,0.1,8695.35,100.0,55.8,45.69,3837.96,0.05,558,0.64,0,0.0,46301.58,3889332.72,46.3,869.54,0.1,10,5.0,0.01,0,0.0,10.11,86829.5
1463,SELL,ST_FLIP_GREEN,2025-12-25T04:00:00,2025-12-25T06:00:00,short,87511.5,87697.5,100,0.1,8751.15,100.0,-18.6,-28.71,-2411.64,-0.03,0,0.0,186,0.21,46272.87,3886921.08,46.27,875.12,0.1,10,5.0,0.01,0,0.0,10.11,87635.5
1464,BUY,ST_FLIP_RED,2025-12-25T06:00:00,2025-12-25T13:00:00,long,87697.5,87573.5,100,0.1,8769.75,100.0,-12.4,-22.51,-1890.84,-0.02,0,0.0,124,0.14,46250.36,3885030.24,46.25,876.98,0.1,10,5.0,0.01,0,0.0,10.11,87573.5
1465,SELL,ST_FLIP_GREEN,2025-12-25T13:00:00,2025-12-25T16:00:00,short,87573.5,87573.5,100,0.1,8757.35,100.0,0.0,-10.11,-849.24,-0.01,0,0.0,0,0.0,46240.25,3884181.0,46.24,875.74,0.1,10,5.0,0.01,0,0.0,10.11,87697.5
1466,BUY,ST_FLIP_RED,2025-12-25T16:00:00,2025-12-25T22:00:00,long,87573.5,88193.5,100,0.1,8757.35,100.0,62.0,51.89,4358.76,0.05,620,0.71,0,0.0,46292.14,3888539.76,46.29,875.74,0.1,10,5.0,0.01,0,0.0,10.11,87449.5
1467,SELL,ST_FLIP_GREEN,2025-12-25T22:00:00,2025-12-25T23:00:00,short,88193.5,88193.5,100,0.1,8819.35,100.0,0.0,-10.11,-849.24,-0.01,0,0.0,0,0.0,46282.03,3887690.52,46.28,881.94,0.1,10,5.0,0.01,0,0.0,10.11,88317.5
1468,BUY,ST_FLIP_RED,2025-12-25T23:00:00,2025-12-26T00:00:00,long,88193.5,88069.5,100,0.1,8819.35,100.0,-12.4,-22.51,-1890.84,-0.02,0,0.0,124,0.14,46259.52,3885799.68,46.26,881.94,0.1,10,5.0,0.01,0,0.0,10.11,88069.5
1469,SELL,ST_FLIP_GREEN,2025-12-26T00:00:00,2025-12-26T02:00:00,short,88069.5,87945.5,100,0.1,8806.95,100.0,12.4,2.29,192.36,0.0,124,0.14,0,0.0,46261.81,3885992.04,46.26,880.7,0.1,10,5.0,0.01,0,0.0,10.11,88193.5
1470,BUY,ST_FLIP_RED,2025-12-26T02:00:00,2025-12-26T03:00:00,long,87945.5,87759.5,100,0.1,8794.55,100.0,-18.6,-28.71,-2411.64,-0.03,0,0.0,186,0.21,46233.1,3883580.4,46.23,879.46,0.1,10,5.0,0.01,0,0.0,10.11,87821.5
1471,SELL,ST_FLIP_GREEN,2025-12-26T03:00:00,2025-12-26T07:00:00,short,87759.5,87263.5,100,0.1,8775.95,100.0,49.6,39.49,3317.16,0.04,496,0.57,0,0.0,46272.59,3886897.56,46.27,877.6,0.1,10,5.0,0.01,0,0.0,10.11,87883.5
1472,BUY,ST_FLIP_RED,2025-12-26T07:00:00,2025-12-26T08:00:00,long,87263.5,88875.5,100,0.1,8726.35,100.0,161.2,151.09,12691.56,0.15,1612,1.85,0,0.0,46423.68,3899589.12,46.42,872.63,0.1,10,5.0,0.01,0,0.0,10.11,87139.5
1473,SELL,ST_FLIP_GREEN,2025-12-26T08:00:00,2025-12-26T10:00:00,short,88875.5,88875.5,100,0.1,8887.55,100.0,0.0,-10.11,-849.24,-0.01,0,0.0,0,0.0,46413.57,3898739.88,46.41,888.76,0.1,10,5.0,0.01,0,0.0,10.11,88999.5
1474,BUY,ST_FLIP_RED,2025-12-26T10:00:00,2025-12-26T13:00:00,long,88875.5,89185.5,100,0.1,8887.55,100.0,31.0,20.89,1754.76,0.02,310,0.35,0,0.0,46434.46,3900494.64,46.43,888.76,0.1,10,5.0,0.01,0,0.0,10.11,88751.5
1475,SELL,ST_FLIP_GREEN,2025-12-26T13:00:00,2025-12-26T19:00:00,short,89185.5,88813.5,100,0.1,8918.55,100.0,37.2,27.09,2275.56,0.03,372,0.42,0,0.0,46461.55,3902770.2,46.46,891.86,0.1,10,5.0,0.01,0,0.0,10.11,89309.5
1476,BUY,ST_FLIP_RED,2025-12-26T19:00:00,2025-12-26T20:00:00,long,88813.5,88813.5,100,0.1,8881.35,100.0,0.0,-10.11,-849.24,-0.01,0,0.0,0,0.0,46451.44,3901920.96,46.45,888.13,0.1,10,5.0,0.01,0,0.0,10.11,88689.5
1477,SELL,ST_FLIP_GREEN,2025-12-26T20:00:00,2025-12-26T21:00:00,short,88813.5,87139.5,100,0.1,8881.35,100.0,167.4,157.29,13212.36,0.16,1674,1.88,0,0.0,46608.73,3915133.32,46.61,888.13,0.1,10,5.0,0.01,0,0.0,10.11,88937.5
1478,BUY,ST_FLIP_RED,2025-12-26T21:00:00,2025-12-27T03:00:00,long,87139.5,87325.5,100,0.1,8713.95,100.0,18.6,8.49,713.16,0.01,186,0.21,0,0.0,46617.22,3915846.48,46.62,871.4,0.1,10,5.0,0.01,0,0.0,10.11,87015.5
1479,SELL,ST_FLIP_GREEN,2025-12-27T03:00:00,2025-12-27T12:00:00,short,87325.5,87511.5,100,0.1,8732.55,100.0,-18.6,-28.71,-2411.64,-0.03,0,0.0,186,0.21,46588.51,3913434.84,46.59,873.26,0.1,10,5.0,0.01,0,0.0,10.11,87449.5
1480,BUY,ST_FLIP_RED,2025-12-27T12:00:00,2025-12-27T18:00:00,long,87511.5,87387.5,100,0.1,8751.15,100.0,-12.4,-22.51,-1890.84,-0.02,0,0.0,124,0.14,46566.0,3911544.0,46.57,875.12,0.1,10,5.0,0.01,0,0.0,10.11,87387.5
1481,SELL,ST_FLIP_GREEN,2025-12-27T18:00:00,2025-12-27T20:00:00,short,87387.5,87511.5,100,0.1,8738.75,100.0,-12.4,-22.51,-1890.84,-0.02,0,0.0,124,0.14,46543.49,3909653.16,46.54,873.88,0.1,10,5.0,0.01,0,0.0,10.11,87511.5
1482,BUY,ST_FLIP_RED,2025-12-27T20:00:00,2025-12-28T10:00:00,long,87511.5,87573.5,100,0.1,8751.15,100.0,6.2,-3.91,-328.44,-0.0,62,0.07,0,0.0,46539.58,3909324.72,46.54,875.12,0.1,10,5.0,0.01,0,0.0,10.11,87387.5
1483,SELL,ST_FLIP_GREEN,2025-12-28T10:00:00,2025-12-28T11:00:00,short,87573.5,87759.5,100,0.1,8757.35,100.0,-18.6,-28.71,-2411.64,-0.03,0,0.0,186,0.21,46510.87,3906913.08,46.51,875.74,0.1,10,5.0,0.01,0,0.0,10.11,87697.5
1484,BUY,ST_FLIP_RED,2025-12-28T11:00:00,2025-12-28T21:00:00,long,87759.5,87759.5,100,0.1,8775.95,100.0,0.0,-10.11,-849.24,-0.01,0,0.0,0,0.0,46500.76,3906063.84,46.5,877.6,0.1,10,5.0,0.01,0,0.0,10.11,87635.5
1485,SELL,ST_FLIP_GREEN,2025-12-28T21:00:00,2025-12-28T22:00:00,short,87759.5,87883.5,100,0.1,8775.95,100.0,-12.4,-22.51,-1890.84,-0.02,0,0.0,124,0.14,46478.25,3904173.0,46.48,877.6,0.1,10,5.0,0.01,0,0.0,10.11,87883.5
1486,BUY,ST_FLIP_RED,2025-12-28T22:00:00,2025-12-28T23:00:00,long,87883.5,87697.5,100,0.1,8788.35,100.0,-18.6,-28.71,-2411.64,-0.03,0,0.0,186,0.21,46449.54,3901761.36,46.45,878.84,0.1,10,5.0,0.01,0,0.0,10.11,87759.5
1487,SELL,ST_FLIP_GREEN,2025-12-28T23:00:00,2025-12-29T04:00:00,short,87697.5,87697.5,100,0.1,8769.75,100.0,0.0,-10.11,-849.24,-0.01,0,0.0,0,0.0,46439.43,3900912.12,46.44,876.98,0.1,10,5.0,0.01,0,0.0,10.11,87821.5
1488,BUY,ST_FLIP_RED,2025-12-29T04:00:00,2025-12-29T11:00:00,long,87697.5,89867.5,100,0.1,8769.75,100.0,217.0,206.89,17378.76,0.21,2170,2.47,0,0.0,46646.32,3918290.88,46.65,876.98,0.1,10,5.0,0.01,0,0.0,10.11,87573.5
1489,SELL,ST_FLIP_GREEN,2025-12-29T11:00:00,2025-12-29T13:00:00,short,89867.5,89743.5,100,0.1,8986.75,100.0,12.4,2.29,192.36,0.0,124,0.14,0,0.0,46648.61,3918483.24,46.65,898.67,0.1,10,5.0,0.01,0,0.0,10.11,89991.5
1490,BUY,ST_FLIP_RED,2025-12-29T13:00:00,2025-12-29T14:00:00,long,89743.5,89619.5,100,0.1,8974.35,100.0,-12.4,-22.51,-1890.84,-0.02,0,0.0,124,0.14,46626.1,3916592.4,46.63,897.44,0.1,10,5.0,0.01,0,0.0,10.11,89619.5
1491,SELL,ST_FLIP_GREEN,2025-12-29T14:00:00,2025-12-29T19:00:00,short,89619.5,87449.5,100,0.1,8961.95,100.0,217.0,206.89,17378.76,0.21,2170,2.42,0,0.0,46832.99,3933971.16,46.83,896.2,0.1,10,5.0,0.01,0,0.0,10.11,89743.5
1492,BUY,ST_FLIP_RED,2025-12-29T19:00:00,2025-12-29T21:00:00,long,87449.5,87511.5,100,0.1,8744.95,100.0,6.2,-3.91,-328.44,-0.0,62,0.07,0,0.0,46829.08,3933642.72,46.83,874.5,0.1,10,5.0,0.01,0,0.0,10.11,87325.5
1493,SELL,ST_FLIP_GREEN,2025-12-29T21:00:00,2025-12-29T23:00:00,short,87511.5,87635.5,100,0.1,8751.15,100.0,-12.4,-22.51,-1890.84,-0.02,0,0.0,124,0.14,46806.57,3931751.88,46.81,875.12,0.1,10,5.0,0.01,0,0.0,10.11,87635.5
1494,BUY,ST_FLIP_RED,2025-12-29T23:00:00,2025-12-30T00:00:00,long,87635.5,87511.5,100,0.1,8763.55,100.0,-12.4,-22.51,-1890.84,-0.02,0,0.0,124,0.14,46784.06,3929861.04,46.78,876.36,0.1,10,5.0,0.01,0,0.0,10.11,87511.5
1495,SELL,ST_FLIP_GREEN,2025-12-30T00:00:00,2025-12-30T09:00:00,short,87511.5,87387.5,100,0.1,8751.15,100.0,12.4,2.29,192.36,0.0,124,0.14,0,0.0,46786.35,3930053.4,46.79,875.12,0.1,10,5.0,0.01,0,0.0,10.11,87635.5
1496,BUY,ST_FLIP_RED,2025-12-30T09:00:00,2025-12-30T10:00:00,long,87387.5,87263.5,100,0.1,8738.75,100.0,-12.4,-22.51,-1890.84,-0.02,0,0.0,124,0.14,46763.84,3928162.56,46.76,873.88,0.1,10,5.0,0.01,0,0.0,10.11,87263.5
1497,SELL,ST_FLIP_GREEN,2025-12-30T10:00:00,2025-12-30T11:00:00,short,87263.5,87387.5,100,0.1,8726.35,100.0,-12.4,-22.51,-1890.84,-0.02,0,0.0,124,0.14,46741.33,3926271.72,46.74,872.63,0.1,10,5.0,0.01,0,0.0,10.11,87387.5
1498,BUY,ST_FLIP_RED,2025-12-30T11:00:00,2025-12-30T22:00:00,long,87387.5,88937.5,100,0.1,8738.75,100.0,155.0,144.89,12170.76,0.14,1550,1.77,0,0.0,46886.22,3938442.48,46.89,873.88,0.1,10,5.0,0.01,0,0.0,10.11,87263.5
1499,SELL,ST_FLIP_GREEN,2025-12-30T22:00:00,2025-12-31T03:00:00,short,88937.5,88255.5,100,0.1,8893.75,100.0,68.2,58.09,4879.56,0.06,682,0.77,0,0.0,46944.31,3943322.04,46.94,889.38,0.1,10,5.0,0.01,0,0.0,10.11,89061.5
1500,BUY,ST_FLIP_RED,2025-12-31T03:00:00,2025-12-31T05:00:00,long,88255.5,88317.5,100,0.1,8825.55,100.0,6.2,-3.91,-328.44,-0.0,62,0.07,0,0.0,46940.4,3942993.6,46.94,882.56,0.1,10,5.0,0.01,0,0.0,10.11,88131.5
1501,SELL,ST_FLIP_GREEN,2025-12-31T05:00:00,2025-12-31T06:00:00,short,88317.5,88503.5,100,0.1,8831.75,100.0,-18.6,-28.71,-2411.64,-0.03,0,0.0,186,0.21,46911.69,3940581.96,46.91,883.17,0.1,10,5.0,0.01,0,0.0,10.11,88441.5
1502,BUY,ST_FLIP_RED,2025-12-31T06:00:00,2025-12-31T09:00:00,long,88503.5,88441.5,100,0.1,8850.35,100.0,-6.2,-16.31,-1370.04,-0.02,0,0.0,62,0.07,46895.38,3939211.92,46.9,885.04,0.1,10,5.0,0.01,0,0.0,10.11,88379.5
1503,SELL,ST_FLIP_GREEN,2025-12-31T09:00:00,2025-12-31T13:00:00,short,88441.5,88565.5,100,0.1,8844.15,100.0,-12.4,-22.51,-1890.84,-0.02,0,0.0,124,0.14,46872.87,3937321.08,46.87,884.41,0.1,10,5.0,0.01,0,0.0,10.11,88565.5
1504,BUY,ST_FLIP_RED,2025-12-31T13:00:00,2025-12-31T20:00:00,long,88565.5,88689.5,100,0.1,8856.55,100.0,12.4,2.29,192.36,0.0,124,0.14,0,0.0,46875.16,3937513.44,46.88,885.66,0.1,10,5.0,0.01,0,0.0,10.11,88441.5
1505,SELL,ST_FLIP_GREEN,2025-12-31T20:00:00,2025-12-31T23:00:00,short,88689.5,87821.5,100,0.1,8868.95,100.0,86.8,76.69,6441.96,0.08,868,0.98,0,0.0,46951.85,3943955.4,46.95,886.9,0.1,10,5.0,0.01,0,0.0,10.11,88813.5
1506,BUY,ST_FLIP_RED,2025-12-31T23:00:00,2026-01-01T00:00:00,long,87821.5,87759.5,100,0.1,8782.15,100.0,-6.2,-16.31,-1370.04,-0.02,0,0.0,62,0.07,46935.54,3942585.36,46.94,878.21,0.1,10,5.0,0.01,0,0.0,10.11,87697.5
1507,SELL,ST_FLIP_GREEN,2026-01-01T00:00:00,2026-01-01T02:00:00,short,87759.5,87697.5,100,0.1,8775.95,100.0,6.2,-3.91,-328.44,-0.0,62,0.07,0,0.0,46931.63,3942256.92,46.93,877.6,0.1,10,5.0,0.01,0,0.0,10.11,87883.5
1508,BUY,ST_FLIP_RED,2026-01-01T02:00:00,2026-01-01T04:00:00,long,87697.5,87635.5,100,0.1,8769.75,100.0,-6.2,-16.31,-1370.04,-0.02,0,0.0,62,0.07,46915.32,3940886.88,46.92,876.98,0.1,10,5.0,0.01,0,0.0,10.11,87573.5
1509,SELL,ST_FLIP_GREEN,2026-01-01T04:00:00,2026-01-01T06:00:00,short,87635.5,87821.5,100,0.1,8763.55,100.0,-18.6,-28.71,-2411.64,-0.03,0,0.0,186,0.21,46886.61,3938475.24,46.89,876.36,0.1,10,5.0,0.01,0,0.0,10.11,87759.5
1510,BUY,ST_FLIP_RED,2026-01-01T06:00:00,2026-01-01T09:00:00,long,87821.5,87697.5,100,0.1,8782.15,100.0,-12.4,-22.51,-1890.84,-0.02,0,0.0,124,0.14,46864.1,3936584.4,46.86,878.21,0.1,10,5.0,0.01,0,0.0,10.11,87697.5
1511,SELL,ST_FLIP_GREEN,2026-01-01T09:00:00,2026-01-01T13:00:00,short,87697.5,87759.5,100,0.1,8769.75,100.0,-6.2,-16.31,-1370.04,-0.02,0,0.0,62,0.07,46847.79,3935214.36,46.85,876.98,0.1,10,5.0,0.01,0,0.0,10.11,87821.5
1512,BUY,ST_FLIP_RED,2026-01-01T13:00:00,2026-01-02T07:00:00,long,87759.5,88503.5,100,0.1,8775.95,100.0,74.4,64.29,5400.36,0.06,744,0.85,0,0.0,46912.08,3940614.72,46.91,877.6,0.1,10,5.0,0.01,0,0.0,10.11,87635.5
1513,SELL,ST_FLIP_GREEN,2026-01-02T07:00:00,2026-01-02T08:00:00,short,88503.5,88565.5,100,0.1,8850.35,100.0,-6.2,-16.31,-1370.04,-0.02,0,0.0,62,0.07,46895.77,3939244.68,46.9,885.04,0.1,10,5.0,0.01,0,0.0,10.11,88627.5
1514,BUY,ST_FLIP_RED,2026-01-02T08:00:00,2026-01-02T09:00:00,long,88565.5,88689.5,100,0.1,8856.55,100.0,12.4,2.29,192.36,0.0,124,0.14,0,0.0,46898.06,3939437.04,46.9,885.66,0.1,10,5.0,0.01,0,0.0,10.11,88441.5
1515,SELL,ST_FLIP_GREEN,2026-01-02T09:00:00,2026-01-02T11:00:00,short,88689.5,88751.5,100,0.1,8868.95,100.0,-6.2,-16.31,-1370.04,-0.02,0,0.0,62,0.07,46881.75,3938067.0,46.88,886.9,0.1,10,5.0,0.01,0,0.0,10.11,88813.5
1516,BUY,ST_FLIP_RED,2026-01-02T11:00:00,2026-01-02T16:00:00,long,88751.5,89371.5,100,0.1,8875.15,100.0,62.0,51.89,4358.76,0.05,620,0.7,0,0.0,46933.64,3942425.76,46.93,887.51,0.1,10,5.0,0.01,0,0.0,10.11,88627.5
1517,SELL,ST_FLIP_GREEN,2026-01-02T16:00:00,2026-01-02T18:00:00,short,89371.5,89495.5,100,0.1,8937.15,100.0,-12.4,-22.51,-1890.84,-0.02,0,0.0,124,0.14,46911.13,3940534.92,46.91,893.71,0.1,10,5.0,0.01,0,0.0,10.11,89495.5
1518,BUY,ST_FLIP_RED,2026-01-02T18:00:00,2026-01-02T19:00:00,long,89495.5,89371.5,100,0.1,8949.55,100.0,-12.4,-22.51,-1890.84,-0.02,0,0.0,124,0.14,46888.62,3938644.08,46.89,894.96,0.1,10,5.0,0.01,0,0.0,10.11,89371.5
1519,SELL,ST_FLIP_GREEN,2026-01-02T19:00:00,2026-01-02T20:00:00,short,89371.5,88999.5,100,0.1,8937.15,100.0,37.2,27.09,2275.56,0.03,372,0.42,0,0.0,46915.71,3940919.64,46.92,893.71,0.1,10,5.0,0.01,0,0.0,10.11,89495.5
1520,BUY,ST_FLIP_RED,2026-01-02T20:00:00,2026-01-02T23:00:00,long,88999.5,90363.5,100,0.1,8899.95,100.0,136.4,126.29,10608.36,0.13,1364,1.53,0,0.0,47042.0,3951528.0,47.04,890.0,0.1,10,5.0,0.01,0,0.0,10.11,88875.5
1521,SELL,ST_FLIP_GREEN,2026-01-02T23:00:00,2026-01-03T03:00:00,short,90363.5,90053.5,100,0.1,9036.35,100.0,31.0,20.89,1754.76,0.02,310,0.34,0,0.0,47062.89,3953282.76,47.06,903.63,0.1,10,5.0,0.01,0,0.0,10.11,90487.5
1522,BUY,ST_FLIP_RED,2026-01-03T03:00:00,2026-01-03T04:00:00,long,90053.5,89929.5,100,0.1,9005.35,100.0,-12.4,-22.51,-1890.84,-0.02,0,0.0,124,0.14,47040.38,3951391.92,47.04,900.54,0.1,10,5.0,0.01,0,0.0,10.11,89929.5
1523,SELL,ST_FLIP_GREEN,2026-01-03T04:00:00,2026-01-03T05:00:00,short,89929.5,90053.5,100,0.1,8992.95,100.0,-12.4,-22.51,-1890.84,-0.02,0,0.0,124,0.14,47017.87,3949501.08,47.02,899.3,0.1,10,5.0,0.01,0,0.0,10.11,90053.5
1524,BUY,ST_FLIP_RED,2026-01-03T05:00:00,2026-01-03T10:00:00,long,90053.5,89991.5,100,0.1,9005.35,100.0,-6.2,-16.31,-1370.04,-0.02,0,0.0,62,0.07,47001.56,3948131.04,47.0,900.54,0.1,10,5.0,0.01,0,0.0,10.11,89929.5
1525,SELL,ST_FLIP_GREEN,2026-01-03T10:00:00,2026-01-03T13:00:00,short,89991.5,89619.5,100,0.1,8999.15,100.0,37.2,27.09,2275.56,0.03,372,0.41,0,0.0,47028.65,3950406.6,47.03,899.91,0.1,10,5.0,0.01,0,0.0,10.11,90115.5
1526,BUY,ST_FLIP_RED,2026-01-03T13:00:00,2026-01-04T12:00:00,long,89619.5,91293.5,100,0.1,8961.95,100.0,167.4,157.29,13212.36,0.16,1674,1.87,0,0.0,47185.94,3963618.96,47.19,896.2,0.1,10,5.0,0.01,0,0.0,10.11,89495.5
1527,SELL,ST_FLIP_GREEN,2026-01-04T12:00:00,2026-01-04T15:00:00,short,91293.5,91417.5,100,0.1,9129.35,100.0,-12.4,-22.51,-1890.84,-0.02,0,0.0,124,0.14,47163.43,3961728.12,47.16,912.94,0.1,10,5.0,0.01,0,0.0,10.11,91417.5
1528,BUY,ST_FLIP_RED,2026-01-04T15:00:00,2026-01-04T16:00:00,long,91417.5,91293.5,100,0.1,9141.75,100.0,-12.4,-22.51,-1890.84,-0.02,0,0.0,124,0.14,47140.92,3959837.28,47.14,914.17,0.1,10,5.0,0.01,0,0.0,10.11,91293.5
1529,SELL,ST_FLIP_GREEN,2026-01-04T16:00:00,2026-01-04T21:00:00,short,91293.5,91355.5,100,0.1,9129.35,100.0,-6.2,-16.31,-1370.04,-0.02,0,0.0,62,0.07,47124.61,3958467.24,47.12,912.94,0.1,10,5.0,0.01,0,0.0,10.11,91417.5
1530,BUY,ST_FLIP_RED,2026-01-04T21:00:00,2026-01-04T23:00:00,long,91355.5,91169.5,100,0.1,9135.55,100.0,-18.6,-28.71,-2411.64,-0.03,0,0.0,186,0.2,47095.9,3956055.6,47.1,913.56,0.1,10,5.0,0.01,0,0.0,10.11,91231.5
1531,SELL,ST_FLIP_GREEN,2026-01-04T23:00:00,2026-01-05T01:00:00,short,91169.5,91293.5,100,0.1,9116.95,100.0,-12.4,-22.51,-1890.84,-0.02,0,0.0,124,0.14,47073.39,3954164.76,47.07,911.7,0.1,10,5.0,0.01,0,0.0,10.11,91293.5
1532,BUY,ST_FLIP_RED,2026-01-05T01:00:00,2026-01-05T07:00:00,long,91293.5,92719.5,100,0.1,9129.35,100.0,142.6,132.49,11129.16,0.13,1426,1.56,0,0.0,47205.88,3965293.92,47.21,912.94,0.1,10,5.0,0.01,0,0.0,10.11,91169.5
1533,SELL,ST_FLIP_GREEN,2026-01-05T07:00:00,2026-01-05T08:00:00,short,92719.5,92843.5,100,0.1,9271.95,100.0,-12.4,-22.51,-1890.84,-0.02,0,0.0,124,0.13,47183.37,3963403.08,47.18,927.2,0.1,10,5.0,0.01,0,0.0,10.11,92843.5
1534,BUY,ST_FLIP_RED,2026-01-05T08:00:00,2026-01-05T09:00:00,long,92843.5,92843.5,100,0.1,9284.35,100.0,0.0,-10.11,-849.24,-0.01,0,0.0,0,0.0,47173.26,3962553.84,47.17,928.44,0.1,10,5.0,0.01,0,0.0,10.11,92719.5
1535,SELL,ST_FLIP_GREEN,2026-01-05T09:00:00,2026-01-05T10:00:00,short,92843.5,92595.5,100,0.1,9284.35,100.0,24.8,14.69,1233.96,0.01,248,0.27,0,0.0,47187.95,3963787.8,47.19,928.44,0.1,10,5.0,0.01,0,0.0,10.11,92967.5
1536,BUY,ST_FLIP_RED,2026-01-05T10:00:00,2026-01-05T11:00:00,long,92595.5,92533.5,100,0.1,9259.55,100.0,-6.2,-16.31,-1370.04,-0.02,0,0.0,62,0.07,47171.64,3962417.76,47.17,925.96,0.1,10,5.0,0.01,0,0.0,10.11,92471.5
1537,SELL,ST_FLIP_GREEN,2026-01-05T11:00:00,2026-01-05T12:00:00,short,92533.5,92409.5,100,0.1,9253.35,100.0,12.4,2.29,192.36,0.0,124,0.13,0,0.0,47173.93,3962610.12,47.17,925.34,0.1,10,5.0,0.01,0,0.0,10.11,92657.5
1538,BUY,ST_FLIP_RED,2026-01-05T12:00:00,2026-01-05T18:00:00,long,92409.5,92719.5,100,0.1,9240.95,100.0,31.0,20.89,1754.76,0.02,310,0.34,0,0.0,47194.82,3964364.88,47.19,924.1,0.1,10,5.0,0.01,0,0.0,10.11,92285.5
1539,SELL,ST_FLIP_GREEN,2026-01-05T18:00:00,2026-01-05T20:00:00,short,92719.5,92905.5,100,0.1,9271.95,100.0,-18.6,-28.71,-2411.64,-0.03,0,0.0,186,0.2,47166.11,3961953.24,47.17,927.2,0.1,10,5.0,0.01,0,0.0,10.11,92843.5
1540,BUY,ST_FLIP_RED,2026-01-05T20:00:00,2026-01-05T22:00:00,long,92905.5,93587.5,100,0.1,9290.55,100.0,68.2,58.09,4879.56,0.06,682,0.73,0,0.0,47224.2,3966832.8,47.22,929.06,0.1,10,5.0,0.01,0,0.0,10.11,92781.5
1541,SELL,ST_FLIP_GREEN,2026-01-05T22:00:00,2026-01-05T23:00:00,short,93587.5,93587.5,100,0.1,9358.75,100.0,0.0,-10.11,-849.24,-0.01,0,0.0,0,0.0,47214.09,3965983.56,47.21,935.88,0.1,10,5.0,0.01,0,0.0,10.11,93711.5
1542,BUY,ST_FLIP_RED,2026-01-05T23:00:00,2026-01-06T02:00:00,long,93587.5,94455.5,100,0.1,9358.75,100.0,86.8,76.69,6441.96,0.08,868,0.93,0,0.0,47290.78,3972425.52,47.29,935.88,0.1,10,5.0,0.01,0,0.0,10.11,93463.5
1543,SELL,ST_FLIP_GREEN,2026-01-06T02:00:00,2026-01-06T03:00:00,short,94455.5,93959.5,100,0.1,9445.55,100.0,49.6,39.49,3317.16,0.04,496,0.53,0,0.0,47330.27,3975742.68,47.33,944.56,0.1,10,5.0,0.01,0,0.0,10.11,94579.5
1544,BUY,ST_FLIP_RED,2026-01-06T03:00:00,2026-01-06T04:00:00,long,93959.5,94083.5,100,0.1,9395.95,100.0,12.4,2.29,192.36,0.0,124,0.13,0,0.0,47332.56,3975935.04,47.33,939.6,0.1,10,5.0,0.01,0,0.0,10.11,93835.5
1545,SELL,ST_FLIP_GREEN,2026-01-06T04:00:00,2026-01-06T06:00:00,short,94083.5,93959.5,100,0.1,9408.35,100.0,12.4,2.29,192.36,0.0,124,0.13,0,0.0,47334.85,3976127.4,47.33,940.84,0.1,10,5.0,0.01,0,0.0,10.11,94207.5
1546,BUY,ST_FLIP_RED,2026-01-06T06:00:00,2026-01-06T07:00:00,long,93959.5,93897.5,100,0.1,9395.95,100.0,-6.2,-16.31,-1370.04,-0.02,0,0.0,62,0.07,47318.54,3974757.36,47.32,939.6,0.1,10,5.0,0.01,0,0.0,10.11,93835.5
1547,SELL,ST_FLIP_GREEN,2026-01-06T07:00:00,2026-01-06T09:00:00,short,93897.5,93835.5,100,0.1,9389.75,100.0,6.2,-3.91,-328.44,-0.0,62,0.07,0,0.0,47314.63,3974428.92,47.31,938.98,0.1,10,5.0,0.01,0,0.0,10.11,94021.5
1548,BUY,ST_FLIP_RED,2026-01-06T09:00:00,2026-01-06T10:00:00,long,93835.5,93711.5,100,0.1,9383.55,100.0,-12.4,-22.51,-1890.84,-0.02,0,0.0,124,0.13,47292.12,3972538.08,47.29,938.36,0.1,10,5.0,0.01,0,0.0,10.11,93711.5
1549,SELL,ST_FLIP_GREEN,2026-01-06T10:00:00,2026-01-06T15:00:00,short,93711.5,93525.5,100,0.1,9371.15,100.0,18.6,8.49,713.16,0.01,186,0.2,0,0.0,47300.61,3973251.24,47.3,937.12,0.1,10,5.0,0.01,0,0.0,10.11,93835.5
1550,BUY,ST_FLIP_RED,2026-01-06T15:00:00,2026-01-06T18:00:00,long,93525.5,93649.5,100,0.1,9352.55,100.0,12.4,2.29,192.36,0.0,124,0.13,0,0.0,47302.9,3973443.6,47.3,935.26,0.1,10,5.0,0.01,0,0.0,10.11,93401.5
1551,SELL,ST_FLIP_GREEN,2026-01-06T18:00:00,2026-01-06T19:00:00,short,93649.5,93835.5,100,0.1,9364.95,100.0,-18.6,-28.71,-2411.64,-0.03,0,0.0,186,0.2,47274.19,3971031.96,47.27,936.5,0.1,10,5.0,0.01,0,0.0,10.11,93773.5
1552,BUY,ST_FLIP_RED,2026-01-06T19:00:00,2026-01-06T20:00:00,long,93835.5,94145.5,100,0.1,9383.55,100.0,31.0,20.89,1754.76,0.02,310,0.33,0,0.0,47295.08,3972786.72,47.3,938.36,0.1,10,5.0,0.01,0,0.0,10.11,93711.5
1553,SELL,ST_FLIP_GREEN,2026-01-06T20:00:00,2026-01-07T00:00:00,short,94145.5,92161.5,100,0.1,9414.55,100.0,198.4,188.29,15816.36,0.19,1984,2.11,0,0.0,47483.37,3988603.08,47.48,941.46,0.1,10,5.0,0.01,0,0.0,10.11,94269.5
1554,BUY,ST_FLIP_RED,2026-01-07T00:00:00,2026-01-07T03:00:00,long,92161.5,93277.5,100,0.1,9216.15,100.0,111.6,101.49,8525.16,0.1,1116,1.21,0,0.0,47584.86,3997128.24,47.58,921.62,0.1,10,5.0,0.01,0,0.0,10.11,92037.5
1555,SELL,ST_FLIP_GREEN,2026-01-07T03:00:00,2026-01-07T04:00:00,short,93277.5,93277.5,100,0.1,9327.75,100.0,0.0,-10.11,-849.24,-0.01,0,0.0,0,0.0,47574.75,3996279.0,47.57,932.77,0.1,10,5.0,0.01,0,0.0,10.11,93401.5
1556,BUY,ST_FLIP_RED,2026-01-07T04:00:00,2026-01-07T05:00:00,long,93277.5,93339.5,100,0.1,9327.75,100.0,6.2,-3.91,-328.44,-0.0,62,0.07,0,0.0,47570.84,3995950.56,47.57,932.77,0.1,10,5.0,0.01,0,0.0,10.11,93153.5
1557,SELL,ST_FLIP_GREEN,2026-01-07T05:00:00,2026-01-07T07:00:00,short,93339.5,92719.5,100,0.1,9333.95,100.0,62.0,51.89,4358.76,0.05,620,0.66,0,0.0,47622.73,4000309.32,47.62,933.4,0.1,10,5.0,0.01,0,0.0,10.11,93463.5
1558,BUY,ST_FLIP_RED,2026-01-07T07:00:00,2026-01-07T09:00:00,long,92719.5,92781.5,100,0.1,9271.95,100.0,6.2,-3.91,-328.44,-0.0,62,0.07,0,0.0,47618.82,3999980.88,47.62,927.2,0.1,10,5.0,0.01,0,0.0,10.11,92595.5
1559,SELL,ST_FLIP_GREEN,2026-01-07T09:00:00,2026-01-07T16:00:00,short,92781.5,91975.5,100,0.1,9278.15,100.0,80.6,70.49,5921.16,0.07,806,0.87,0,0.0,47689.31,4005902.04,47.69,927.81,0.1,10,5.0,0.01,0,0.0,10.11,92905.5
1560,BUY,ST_FLIP_RED,2026-01-07T16:00:00,2026-01-07T17:00:00,long,91975.5,91975.5,100,0.1,9197.55,100.0,0.0,-10.11,-849.24,-0.01,0,0.0,0,0.0,47679.2,4005052.8,47.68,919.76,0.1,10,5.0,0.01,0,0.0,10.11,91851.5
1561,SELL,ST_FLIP_GREEN,2026-01-07T17:00:00,2026-01-07T18:00:00,short,91975.5,92161.5,100,0.1,9197.55,100.0,-18.6,-28.71,-2411.64,-0.03,0,0.0,186,0.2,47650.49,4002641.16,47.65,919.76,0.1,10,5.0,0.01,0,0.0,10.11,92099.5
1562,BUY,ST_FLIP_RED,2026-01-07T18:00:00,2026-01-07T19:00:00,long,92161.5,92037.5,100,0.1,9216.15,100.0,-12.4,-22.51,-1890.84,-0.02,0,0.0,124,0.13,47627.98,4000750.32,47.63,921.62,0.1,10,5.0,0.01,0,0.0,10.11,92037.5
1563,SELL,ST_FLIP_GREEN,2026-01-07T19:00:00,2026-01-07T21:00:00,short,92037.5,91479.5,100,0.1,9203.75,100.0,55.8,45.69,3837.96,0.05,558,0.61,0,0.0,47673.67,4004588.28,47.67,920.38,0.1,10,5.0,0.01,0,0.0,10.11,92161.5
1564,BUY,ST_FLIP_RED,2026-01-07T21:00:00,2026-01-07T23:00:00,long,91479.5,91417.5,100,0.1,9147.95,100.0,-6.2,-16.31,-1370.04,-0.02,0,0.0,62,0.07,47657.36,4003218.24,47.66,914.8,0.1,10,5.0,0.01,0,0.0,10.11,91355.5
1565,SELL,ST_FLIP_GREEN,2026-01-07T23:00:00,2026-01-08T02:00:00,short,91417.5,91107.5,100,0.1,9141.75,100.0,31.0,20.89,1754.76,0.02,310,0.34,0,0.0,47678.25,4004973.0,47.68,914.17,0.1,10,5.0,0.01,0,0.0,10.11,91541.5
1566,BUY,ST_FLIP_RED,2026-01-08T02:00:00,2026-01-08T03:00:00,long,91107.5,90983.5,100,0.1,9110.75,100.0,-12.4,-22.51,-1890.84,-0.02,0,0.0,124,0.14,47655.74,4003082.16,47.66,911.08,0.1,10,5.0,0.01,0,0.0,10.11,90983.5
1567,SELL,ST_FLIP_GREEN,2026-01-08T03:00:00,2026-01-08T04:00:00,short,90983.5,91169.5,100,0.1,9098.35,100.0,-18.6,-28.71,-2411.64,-0.03,0,0.0,186,0.2,47627.03,4000670.52,47.63,909.84,0.1,10,5.0,0.01,0,0.0,10.11,91107.5
1568,BUY,ST_FLIP_RED,2026-01-08T04:00:00,2026-01-08T05:00:00,long,91169.5,91107.5,100,0.1,9116.95,100.0,-6.2,-16.31,-1370.04,-0.02,0,0.0,62,0.07,47610.72,3999300.48,47.61,911.7,0.1,10,5.0,0.01,0,0.0,10.11,91045.5
1569,SELL,ST_FLIP_GREEN,2026-01-08T05:00:00,2026-01-08T06:00:00,short,91107.5,91231.5,100,0.1,9110.75,100.0,-12.4,-22.51,-1890.84,-0.02,0,0.0,124,0.14,47588.21,3997409.64,47.59,911.08,0.1,10,5.0,0.01,0,0.0,10.11,91231.5
1570,BUY,ST_FLIP_RED,2026-01-08T06:00:00,2026-01-08T07:00:00,long,91231.5,91355.5,100,0.1,9123.15,100.0,12.4,2.29,192.36,0.0,124,0.14,0,0.0,47590.5,3997602.0,47.59,912.31,0.1,10,5.0,0.01,0,0.0,10.11,91107.5
1571,SELL,ST_FLIP_GREEN,2026-01-08T07:00:00,2026-01-08T13:00:00,short,91355.5,90425.5,100,0.1,9135.55,100.0,93.0,82.89,6962.76,0.08,930,1.02,0,0.0,47673.39,4004564.76,47.67,913.56,0.1,10,5.0,0.01,0,0.0,10.11,91479.5
1572,BUY,ST_FLIP_RED,2026-01-08T13:00:00,2026-01-08T14:00:00,long,90425.5,90549.5,100,0.1,9042.55,100.0,12.4,2.29,192.36,0.0,124,0.14,0,0.0,47675.68,4004757.12,47.68,904.26,0.1,10,5.0,0.01,0,0.0,10.11,90301.5
1573,SELL,ST_FLIP_GREEN,2026-01-08T14:00:00,2026-01-08T15:00:00,short,90549.5,90177.5,100,0.1,9054.95,100.0,37.2,27.09,2275.56,0.03,372,0.41,0,0.0,47702.77,4007032.68,47.7,905.5,0.1,10,5.0,0.01,0,0.0,10.11,90673.5
1574,BUY,ST_FLIP_RED,2026-01-08T15:00:00,2026-01-08T17:00:00,long,90177.5,89991.5,100,0.1,9017.75,100.0,-18.6,-28.71,-2411.64,-0.03,0,0.0,186,0.21,47674.06,4004621.04,47.67,901.77,0.1,10,5.0,0.01,0,0.0,10.11,90053.5
1575,SELL,ST_FLIP_GREEN,2026-01-08T17:00:00,2026-01-08T18:00:00,short,89991.5,90053.5,100,0.1,8999.15,100.0,-6.2,-16.31,-1370.04,-0.02,0,0.0,62,0.07,47657.75,4003251.0,47.66,899.91,0.1,10,5.0,0.01,0,0.0,10.11,90115.5
1576,BUY,ST_FLIP_RED,2026-01-08T18:00:00,2026-01-08T19:00:00,long,90053.5,89867.5,100,0.1,9005.35,100.0,-18.6,-28.71,-2411.64,-0.03,0,0.0,186,0.21,47629.04,4000839.36,47.63,900.54,0.1,10,5.0,0.01,0,0.0,10.11,89929.5
1577,SELL,ST_FLIP_GREEN,2026-01-08T19:00:00,2026-01-08T20:00:00,short,89867.5,89743.5,100,0.1,8986.75,100.0,12.4,2.29,192.36,0.0,124,0.14,0,0.0,47631.33,4001031.72,47.63,898.67,0.1,10,5.0,0.01,0,0.0,10.11,89991.5
1578,BUY,ST_FLIP_RED,2026-01-08T20:00:00,2026-01-09T01:00:00,long,89743.5,90983.5,100,0.1,8974.35,100.0,124.0,113.89,9566.76,0.11,1240,1.38,0,0.0,47745.22,4010598.48,47.75,897.44,0.1,10,5.0,0.01,0,0.0,10.11,89619.5
1579,SELL,ST_FLIP_GREEN,2026-01-09T01:00:00,2026-01-09T02:00:00,short,90983.5,90735.5,100,0.1,9098.35,100.0,24.8,14.69,1233.96,0.01,248,0.27,0,0.0,47759.91,4011832.44,47.76,909.84,0.1,10,5.0,0.01,0,0.0,10.11,91107.5
1580,BUY,ST_FLIP_RED,2026-01-09T02:00:00,2026-01-09T05:00:00,long,90735.5,91045.5,100,0.1,9073.55,100.0,31.0,20.89,1754.76,0.02,310,0.34,0,0.0,47780.8,4013587.2,47.78,907.36,0.1,10,5.0,0.01,0,0.0,10.11,90611.5
1581,SELL,ST_FLIP_GREEN,2026-01-09T05:00:00,2026-01-09T06:00:00,short,91045.5,91169.5,100,0.1,9104.55,100.0,-12.4,-22.51,-1890.84,-0.02,0,0.0,124,0.14,47758.29,4011696.36,47.76,910.46,0.1,10,5.0,0.01,0,0.0,10.11,91169.5
1582,BUY,ST_FLIP_RED,2026-01-09T06:00:00,2026-01-09T07:00:00,long,91169.5,91293.5,100,0.1,9116.95,100.0,12.4,2.29,192.36,0.0,124,0.14,0,0.0,47760.58,4011888.72,47.76,911.7,0.1,10,5.0,0.01,0,0.0,10.11,91045.5
1583,SELL,ST_FLIP_GREEN,2026-01-09T07:00:00,2026-01-09T18:00:00,short,91293.5,90487.5,100,0.1,9129.35,100.0,80.6,70.49,5921.16,0.07,806,0.88,0,0.0,47831.07,4017809.88,47.83,912.94,0.1,10,5.0,0.01,0,0.0,10.11,91417.5
1584,BUY,ST_FLIP_RED,2026-01-09T18:00:00,2026-01-09T21:00:00,long,90487.5,91417.5,100,0.1,9048.75,100.0,93.0,82.89,6962.76,0.08,930,1.03,0,0.0,47913.96,4024772.64,47.91,904.88,0.1,10,5.0,0.01,0,0.0,10.11,90363.5
1585,SELL,ST_FLIP_GREEN,2026-01-09T21:00:00,2026-01-10T01:00:00,short,91417.5,90487.5,100,0.1,9141.75,100.0,93.0,82.89,6962.76,0.08,930,1.02,0,0.0,47996.85,4031735.4,48.0,914.17,0.1,10,5.0,0.01,0,0.0,10.11,91541.5
1586,BUY,ST_FLIP_RED,2026-01-10T01:00:00,2026-01-10T08:00:00,long,90487.5,90549.5,100,0.1,9048.75,100.0,6.2,-3.91,-328.44,-0.0,62,0.07,0,0.0,47992.94,4031406.96,47.99,904.88,0.1,10,5.0,0.01,0,0.0,10.11,90363.5
1587,SELL,ST_FLIP_GREEN,2026-01-10T08:00:00,2026-01-10T15:00:00,short,90549.5,90735.5,100,0.1,9054.95,100.0,-18.6,-28.71,-2411.64,-0.03,0,0.0,186,0.21,47964.23,4028995.32,47.96,905.5,0.1,10,5.0,0.01,0,0.0,10.11,90673.5
1588,BUY,ST_FLIP_RED,2026-01-10T15:00:00,2026-01-10T19:00:00,long,90735.5,90549.5,100,0.1,9073.55,100.0,-18.6,-28.71,-2411.64,-0.03,0,0.0,186,0.2,47935.52,4026583.68,47.94,907.36,0.1,10,5.0,0.01,0,0.0,10.11,90611.5
1589,SELL,ST_FLIP_GREEN,2026-01-10T19:00:00,2026-01-10T22:00:00,short,90549.5,90735.5,100,0.1,9054.95,100.0,-18.6,-28.71,-2411.64,-0.03,0,0.0,186,0.21,47906.81,4024172.04,47.91,905.5,0.1,10,5.0,0.01,0,0.0,10.11,90673.5
1590,BUY,ST_FLIP_RED,2026-01-10T22:00:00,2026-01-10T23:00:00,long,90735.5,90549.5,100,0.1,9073.55,100.0,-18.6,-28.71,-2411.64,-0.03,0,0.0,186,0.2,47878.1,4021760.4,47.88,907.36,0.1,10,5.0,0.01,0,0.0,10.11,90611.5
1591,SELL,ST_FLIP_GREEN,2026-01-10T23:00:00,2026-01-11T01:00:00,short,90549.5,90673.5,100,0.1,9054.95,100.0,-12.4,-22.51,-1890.84,-0.02,0,0.0,124,0.14,47855.59,4019869.56,47.86,905.5,0.1,10,5.0,0.01,0,0.0,10.11,90673.5
1592,BUY,ST_FLIP_RED,2026-01-11T01:00:00,2026-01-11T02:00:00,long,90673.5,90487.5,100,0.1,9067.35,100.0,-18.6,-28.71,-2411.64,-0.03,0,0.0,186,0.21,47826.88,4017457.92,47.83,906.74,0.1,10,5.0,0.01,0,0.0,10.11,90549.5
1593,SELL,ST_FLIP_GREEN,2026-01-11T02:00:00,2026-01-11T07:00:00,short,90487.5,90673.5,100,0.1,9048.75,100.0,-18.6,-28.71,-2411.64,-0.03,0,0.0,186,0.21,47798.17,4015046.28,47.8,904.88,0.1,10,5.0,0.01,0,0.0,10.11,90611.5
1594,BUY,ST_FLIP_RED,2026-01-11T07:00:00,2026-01-12T01:00:00,long,90673.5,90797.5,100,0.1,9067.35,100.0,12.4,2.29,192.36,0.0,124,0.14,0,0.0,47800.46,4015238.64,47.8,906.74,0.1,10,5.0,0.01,0,0.0,10.11,90549.5
1595,SELL,ST_FLIP_GREEN,2026-01-12T01:00:00,2026-01-12T03:00:00,short,90797.5,90673.5,100,0.1,9079.75,100.0,12.4,2.29,192.36,0.0,124,0.14,0,0.0,47802.75,4015431.0,47.8,907.98,0.1,10,5.0,0.01,0,0.0,10.11,90921.5
1596,BUY,ST_FLIP_RED,2026-01-12T03:00:00,2026-01-12T09:00:00,long,90673.5,92161.5,100,0.1,9067.35,100.0,148.8,138.69,11649.96,0.14,1488,1.64,0,0.0,47941.44,4027080.96,47.94,906.74,0.1,10,5.0,0.01,0,0.0,10.11,90549.5
1597,SELL,ST_FLIP_GREEN,2026-01-12T09:00:00,2026-01-12T10:00:00,short,92161.5,92161.5,100,0.1,9216.15,100.0,0.0,-10.11,-849.24,-0.01,0,0.0,0,0.0,47931.33,4026231.72,47.93,921.62,0.1,10,5.0,0.01,0,0.0,10.11,92285.5
1598,BUY,ST_FLIP_RED,2026-01-12T10:00:00,2026-01-12T11:00:00,long,92161.5,92037.5,100,0.1,9216.15,100.0,-12.4,-22.51,-1890.84,-0.02,0,0.0,124,0.13,47908.82,4024340.88,47.91,921.62,0.1,10,5.0,0.01,0,0.0,10.11,92037.5
1599,SELL,ST_FLIP_GREEN,2026-01-12T11:00:00,2026-01-12T17:00:00,short,92037.5,90735.5,100,0.1,9203.75,100.0,130.2,120.09,10087.56,0.12,1302,1.41,0,0.0,48028.91,4034428.44,48.03,920.38,0.1,10,5.0,0.01,0,0.0,10.11,92161.5
1600,BUY,ST_FLIP_RED,2026-01-12T17:00:00,2026-01-12T18:00:00,long,90735.5,90611.5,100,0.1,9073.55,100.0,-12.4,-22.51,-1890.84,-0.02,0,0.0,124,0.14,48006.4,4032537.6,48.01,907.36,0.1,10,5.0,0.01,0,0.0,10.11,90611.5
1601,SELL,ST_FLIP_GREEN,2026-01-12T18:00:00,2026-01-12T20:00:00,short,90611.5,90487.5,100,0.1,9061.15,100.0,12.4,2.29,192.36,0.0,124,0.14,0,0.0,48008.69,4032729.96,48.01,906.12,0.1,10,5.0,0.01,0,0.0,10.11,90735.5
1602,BUY,ST_FLIP_RED,2026-01-12T20:00:00,2026-01-12T22:00:00,long,90487.5,91975.5,100,0.1,9048.75,100.0,148.8,138.69,11649.96,0.14,1488,1.64,0,0.0,48147.38,4044379.92,48.15,904.88,0.1,10,5.0,0.01,0,0.0,10.11,90363.5
1603,SELL,ST_FLIP_GREEN,2026-01-12T22:00:00,2026-01-12T23:00:00,short,91975.5,91851.5,100,0.1,9197.55,100.0,12.4,2.29,192.36,0.0,124,0.13,0,0.0,48149.67,4044572.28,48.15,919.76,0.1,10,5.0,0.01,0,0.0,10.11,92099.5
1604,BUY,ST_FLIP_RED,2026-01-12T23:00:00,2026-01-13T01:00:00,long,91851.5,91727.5,100,0.1,9185.15,100.0,-12.4,-22.51,-1890.84,-0.02,0,0.0,124,0.14,48127.16,4042681.44,48.13,918.51,0.1,10,5.0,0.01,0,0.0,10.11,91727.5
1605,SELL,ST_FLIP_GREEN,2026-01-13T01:00:00,2026-01-13T05:00:00,short,91727.5,91417.5,100,0.1,9172.75,100.0,31.0,20.89,1754.76,0.02,310,0.34,0,0.0,48148.05,4044436.2,48.15,917.27,0.1,10,5.0,0.01,0,0.0,10.11,91851.5
1606,BUY,ST_FLIP_RED,2026-01-13T05:00:00,2026-01-13T07:00:00,long,91417.5,91231.5,100,0.1,9141.75,100.0,-18.6,-28.71,-2411.64,-0.03,0,0.0,186,0.2,48119.34,4042024.56,48.12,914.17,0.1,10,5.0,0.01,0,0.0,10.11,91293.5
1607,SELL,ST_FLIP_GREEN,2026-01-13T07:00:00,2026-01-13T08:00:00,short,91231.5,91417.5,100,0.1,9123.15,100.0,-18.6,-28.71,-2411.64,-0.03,0,0.0,186,0.2,48090.63,4039612.92,48.09,912.31,0.1,10,5.0,0.01,0,0.0,10.11,91355.5
1608,BUY,ST_FLIP_RED,2026-01-13T08:00:00,2026-01-13T11:00:00,long,91417.5,91851.5,100,0.1,9141.75,100.0,43.4,33.29,2796.36,0.03,434,0.47,0,0.0,48123.92,4042409.28,48.12,914.17,0.1,10,5.0,0.01,0,0.0,10.11,91293.5
1609,SELL,ST_FLIP_GREEN,2026-01-13T11:00:00,2026-01-13T12:00:00,short,91851.5,92037.5,100,0.1,9185.15,100.0,-18.6,-28.71,-2411.64,-0.03,0,0.0,186,0.2,48095.21,4039997.64,48.1,918.51,0.1,10,5.0,0.01,0,0.0,10.11,91975.5
1610,BUY,ST_FLIP_RED,2026-01-13T12:00:00,2026-01-13T15:00:00,long,92037.5,92285.5,100,0.1,9203.75,100.0,24.8,14.69,1233.96,0.01,248,0.27,0,0.0,48109.9,4041231.6,48.11,920.38,0.1,10,5.0,0.01,0,0.0,10.11,91913.5
1611,SELL,ST_FLIP_GREEN,2026-01-13T15:00:00,2026-01-13T19:00:00,short,92285.5,92285.5,100,0.1,9228.55,100.0,0.0,-10.11,-849.24,-0.01,0,0.0,0,0.0,48099.79,4040382.36,48.1,922.86,0.1,10,5.0,0.01,0,0.0,10.11,92409.5
1612,BUY,ST_FLIP_RED,2026-01-13T19:00:00,2026-01-14T10:00:00,long,92285.5,95261.5,100,0.1,9228.55,100.0,297.6,287.49,24149.16,0.29,2976,3.22,0,0.0,48387.28,4064531.52,48.39,922.86,0.1,10,5.0,0.01,0,0.0,10.11,92161.5
1613,SELL,ST_FLIP_GREEN,2026-01-14T10:00:00,2026-01-14T12:00:00,short,95261.5,94889.5,100,0.1,9526.15,100.0,37.2,27.09,2275.56,0.03,372,0.39,0,0.0,48414.37,4066807.08,48.41,952.62,0.1,10,5.0,0.01,0,0.0,10.11,95385.5
1614,BUY,ST_FLIP_RED,2026-01-14T12:00:00,2026-01-14T15:00:00,long,94889.5,94951.5,100,0.1,9488.95,100.0,6.2,-3.91,-328.44,-0.0,62,0.07,0,0.0,48410.46,4066478.64,48.41,948.9,0.1,10,5.0,0.01,0,0.0,10.11,94765.5
1615,SELL,ST_FLIP_GREEN,2026-01-14T15:00:00,2026-01-14T18:00:00,short,94951.5,95137.5,100,0.1,9495.15,100.0,-18.6,-28.71,-2411.64,-0.03,0,0.0,186,0.2,48381.75,4064067.0,48.38,949.51,0.1,10,5.0,0.01,0,0.0,10.11,95075.5
1616,BUY,ST_FLIP_RED,2026-01-14T18:00:00,2026-01-14T23:00:00,long,95137.5,97245.5,100,0.1,9513.75,100.0,210.8,200.69,16857.96,0.2,2108,2.22,0,0.0,48582.44,4080924.96,48.58,951.38,0.1,10,5.0,0.01,0,0.0,10.11,95013.5
1617,SELL,ST_FLIP_GREEN,2026-01-14T23:00:00,2026-01-15T00:00:00,short,97245.5,97121.5,100,0.1,9724.55,100.0,12.4,2.29,192.36,0.0,124,0.13,0,0.0,48584.73,4081117.32,48.58,972.46,0.1,10,5.0,0.01,0,0.0,10.11,97369.5
1618,BUY,ST_FLIP_RED,2026-01-15T00:00:00,2026-01-15T01:00:00,long,97121.5,97369.5,100,0.1,9712.15,100.0,24.8,14.69,1233.96,0.01,248,0.26,0,0.0,48599.42,4082351.28,48.6,971.21,0.1,10,5.0,0.01,0,0.0,10.11,96997.5
1619,SELL,ST_FLIP_GREEN,2026-01-15T01:00:00,2026-01-15T02:00:00,short,97369.5,97431.5,100,0.1,9736.95,100.0,-6.2,-16.31,-1370.04,-0.02,0,0.0,62,0.06,48583.11,4080981.24,48.58,973.7,0.1,10,5.0,0.01,0,0.0,10.11,97493.5
1620,BUY,ST_FLIP_RED,2026-01-15T02:00:00,2026-01-15T03:00:00,long,97431.5,97369.5,100,0.1,9743.15,100.0,-6.2,-16.31,-1370.04,-0.02,0,0.0,62,0.06,48566.8,4079611.2,48.57,974.31,0.1,10,5.0,0.01,0,0.0,10.11,97307.5
1621,SELL,ST_FLIP_GREEN,2026-01-15T03:00:00,2026-01-15T09:00:00,short,97369.5,96067.5,100,0.1,9736.95,100.0,130.2,120.09,10087.56,0.12,1302,1.34,0,0.0,48686.89,4089698.76,48.69,973.7,0.1,10,5.0,0.01,0,0.0,10.11,97493.5
1622,BUY,ST_FLIP_RED,2026-01-15T09:00:00,2026-01-15T17:00:00,long,96067.5,96625.5,100,0.1,9606.75,100.0,55.8,45.69,3837.96,0.05,558,0.58,0,0.0,48732.58,4093536.72,48.73,960.67,0.1,10,5.0,0.01,0,0.0,10.11,95943.5
1623,SELL,ST_FLIP_GREEN,2026-01-15T17:00:00,2026-01-15T18:00:00,short,96625.5,96749.5,100,0.1,9662.55,100.0,-12.4,-22.51,-1890.84,-0.02,0,0.0,124,0.13,48710.07,4091645.88,48.71,966.26,0.1,10,5.0,0.01,0,0.0,10.11,96749.5
1624,BUY,ST_FLIP_RED,2026-01-15T18:00:00,2026-01-15T19:00:00,long,96749.5,96749.5,100,0.1,9674.95,100.0,0.0,-10.11,-849.24,-0.01,0,0.0,0,0.0,48699.96,4090796.64,48.7,967.5,0.1,10,5.0,0.01,0,0.0,10.11,96625.5
1625,SELL,ST_FLIP_GREEN,2026-01-15T19:00:00,2026-01-15T21:00:00,short,96749.5,96067.5,100,0.1,9674.95,100.0,68.2,58.09,4879.56,0.06,682,0.7,0,0.0,48758.05,4095676.2,48.76,967.5,0.1,10,5.0,0.01,0,0.0,10.11,96873.5
1626,BUY,ST_FLIP_RED,2026-01-15T21:00:00,2026-01-15T23:00:00,long,96067.5,96501.5,100,0.1,9606.75,100.0,43.4,33.29,2796.36,0.03,434,0.45,0,0.0,48791.34,4098472.56,48.79,960.67,0.1,10,5.0,0.01,0,0.0,10.11,95943.5
1627,SELL,ST_FLIP_GREEN,2026-01-15T23:00:00,2026-01-16T02:00:00,short,96501.5,95385.5,100,0.1,9650.15,100.0,111.6,101.49,8525.16,0.1,1116,1.16,0,0.0,48892.83,4106997.72,48.89,965.01,0.1,10,5.0,0.01,0,0.0,10.11,96625.5
1628,BUY,ST_FLIP_RED,2026-01-16T02:00:00,2026-01-16T08:00:00,long,95385.5,95447.5,100,0.1,9538.55,100.0,6.2,-3.91,-328.44,-0.0,62,0.06,0,0.0,48888.92,4106669.28,48.89,953.86,0.1,10,5.0,0.01,0,0.0,10.11,95261.5
1629,SELL,ST_FLIP_GREEN,2026-01-16T08:00:00,2026-01-16T11:00:00,short,95447.5,95509.5,100,0.1,9544.75,100.0,-6.2,-16.31,-1370.04,-0.02,0,0.0,62,0.06,48872.61,4105299.24,48.87,954.48,0.1,10,5.0,0.01,0,0.0,10.11,95571.5
1630,BUY,ST_FLIP_RED,2026-01-16T11:00:00,2026-01-16T15:00:00,long,95509.5,95571.5,100,0.1,9550.95,100.0,6.2,-3.91,-328.44,-0.0,62,0.06,0,0.0,48868.7,4104970.8,48.87,955.1,0.1,10,5.0,0.01,0,0.0,10.11,95385.5
1631,SELL,ST_FLIP_GREEN,2026-01-16T15:00:00,2026-01-16T17:00:00,short,95571.5,95571.5,100,0.1,9557.15,100.0,0.0,-10.11,-849.24,-0.01,0,0.0,0,0.0,48858.59,4104121.56,48.86,955.71,0.1,10,5.0,0.01,0,0.0,10.11,95695.5
1632,BUY,ST_FLIP_RED,2026-01-16T17:00:00,2026-01-16T20:00:00,long,95571.5,95447.5,100,0.1,9557.15,100.0,-12.4,-22.51,-1890.84,-0.02,0,0.0,124,0.13,48836.08,4102230.72,48.84,955.71,0.1,10,5.0,0.01,0,0.0,10.11,95447.5
1633,SELL,ST_FLIP_GREEN,2026-01-16T20:00:00,2026-01-16T21:00:00,short,95447.5,94827.5,100,0.1,9544.75,100.0,62.0,51.89,4358.76,0.05,620,0.65,0,0.0,48887.97,4106589.48,48.89,954.48,0.1,10,5.0,0.01,0,0.0,10.11,95571.5
1634,BUY,ST_FLIP_RED,2026-01-16T21:00:00,2026-01-16T22:00:00,long,94827.5,94703.5,100,0.1,9482.75,100.0,-12.4,-22.51,-1890.84,-0.02,0,0.0,124,0.13,48865.46,4104698.64,48.87,948.27,0.1,10,5.0,0.01,0,0.0,10.11,94703.5
1635,SELL,ST_FLIP_GREEN,2026-01-16T22:00:00,2026-01-16T23:00:00,short,94703.5,94889.5,100,0.1,9470.35,100.0,-18.6,-28.71,-2411.64,-0.03,0,0.0,186,0.2,48836.75,4102287.0,48.84,947.04,0.1,10,5.0,0.01,0,0.0,10.11,94827.5
1636,BUY,ST_FLIP_RED,2026-01-16T23:00:00,2026-01-17T00:00:00,long,94889.5,95013.5,100,0.1,9488.95,100.0,12.4,2.29,192.36,0.0,124,0.13,0,0.0,48839.04,4102479.36,48.84,948.9,0.1,10,5.0,0.01,0,0.0,10.11,94765.5
1637,SELL,ST_FLIP_GREEN,2026-01-17T00:00:00,2026-01-17T01:00:00,short,95013.5,95013.5,100,0.1,9501.35,100.0,0.0,-10.11,-849.24,-0.01,0,0.0,0,0.0,48828.93,4101630.12,48.83,950.13,0.1,10,5.0,0.01,0,0.0,10.11,95137.5
1638,BUY,ST_FLIP_RED,2026-01-17T01:00:00,2026-01-17T07:00:00,long,95013.5,95323.5,100,0.1,9501.35,100.0,31.0,20.89,1754.76,0.02,310,0.33,0,0.0,48849.82,4103384.88,48.85,950.13,0.1,10,5.0,0.01,0,0.0,10.11,94889.5
1639,SELL,ST_FLIP_GREEN,2026-01-17T07:00:00,2026-01-17T18:00:00,short,95323.5,95385.5,100,0.1,9532.35,100.0,-6.2,-16.31,-1370.04,-0.02,0,0.0,62,0.07,48833.51,4102014.84,48.83,953.24,0.1,10,5.0,0.01,0,0.0,10.11,95447.5
1640,BUY,ST_FLIP_RED,2026-01-17T18:00:00,2026-01-18T00:00:00,long,95385.5,95261.5,100,0.1,9538.55,100.0,-12.4,-22.51,-1890.84,-0.02,0,0.0,124,0.13,48811.0,4100124.0,48.81,953.86,0.1,10,5.0,0.01,0,0.0,10.11,95261.5
1641,SELL,ST_FLIP_GREEN,2026-01-18T00:00:00,2026-01-18T11:00:00,short,95261.5,95199.5,100,0.1,9526.15,100.0,6.2,-3.91,-328.44,-0.0,62,0.07,0,0.0,48807.09,4099795.56,48.81,952.62,0.1,10,5.0,0.01,0,0.0,10.11,95385.5
1642,BUY,ST_FLIP_RED,2026-01-18T11:00:00,2026-01-18T18:00:00,long,95199.5,95013.5,100,0.1,9519.95,100.0,-18.6,-28.71,-2411.64,-0.03,0,0.0,186,0.2,48778.38,4097383.92,48.78,952.0,0.1,10,5.0,0.01,0,0.0,10.11,95075.5
1643,SELL,ST_FLIP_GREEN,2026-01-18T18:00:00,2026-01-18T19:00:00,short,95013.5,95075.5,100,0.1,9501.35,100.0,-6.2,-16.31,-1370.04,-0.02,0,0.0,62,0.07,48762.07,4096013.88,48.76,950.13,0.1,10,5.0,0.01,0,0.0,10.11,95137.5
1644,BUY,ST_FLIP_RED,2026-01-18T19:00:00,2026-01-18T20:00:00,long,95075.5,95013.5,100,0.1,9507.55,100.0,-6.2,-16.31,-1370.04,-0.02,0,0.0,62,0.07,48745.76,4094643.84,48.75,950.76,0.1,10,5.0,0.01,0,0.0,10.11,94951.5
1645,SELL,ST_FLIP_GREEN,2026-01-18T20:00:00,2026-01-18T22:00:00,short,95013.5,95199.5,100,0.1,9501.35,100.0,-18.6,-28.71,-2411.64,-0.03,0,0.0,186,0.2,48717.05,4092232.2,48.72,950.13,0.1,10,5.0,0.01,0,0.0,10.11,95137.5
1646,BUY,ST_FLIP_RED,2026-01-18T22:00:00,2026-01-19T04:00:00,long,95199.5,95199.5,100,0.1,9519.95,100.0,0.0,-10.11,-849.24,-0.01,0,0.0,0,0.0,48706.94,4091382.96,48.71,952.0,0.1,10,5.0,0.01,0,0.0,10.11,95075.5
1647,SELL,ST_FLIP_GREEN,2026-01-19T04:00:00,2026-01-19T09:00:00,short,95199.5,92657.5,100,0.1,9519.95,100.0,254.2,244.09,20503.56,0.24,2542,2.67,0,0.0,48951.03,4111886.52,48.95,952.0,0.1,10,5.0,0.01,0,0.0,10.11,95323.5
1648,BUY,ST_FLIP_RED,2026-01-19T09:00:00,2026-01-19T11:00:00,long,92657.5,92471.5,100,0.1,9265.75,100.0,-18.6,-28.71,-2411.64,-0.03,0,0.0,186,0.2,48922.32,4109474.88,48.92,926.58,0.1,10,5.0,0.01,0,0.0,10.11,92533.5
1649,SELL,ST_FLIP_GREEN,2026-01-19T11:00:00,2026-01-19T13:00:00,short,92471.5,92657.5,100,0.1,9247.15,100.0,-18.6,-28.71,-2411.64,-0.03,0,0.0,186,0.2,48893.61,4107063.24,48.89,924.71,0.1,10,5.0,0.01,0,0.0,10.11,92595.5
1650,BUY,ST_FLIP_RED,2026-01-19T13:00:00,2026-01-19T18:00:00,long,92657.5,92905.5,100,0.1,9265.75,100.0,24.8,14.69,1233.96,0.01,248,0.27,0,0.0,48908.3,4108297.2,48.91,926.58,0.1,10,5.0,0.01,0,0.0,10.11,92533.5
1651,SELL,ST_FLIP_GREEN,2026-01-19T18:00:00,2026-01-19T21:00:00,short,92905.5,93029.5,100,0.1,9290.55,100.0,-12.4,-22.51,-1890.84,-0.02,0,0.0,124,0.13,48885.79,4106406.36,48.89,929.06,0.1,10,5.0,0.01,0,0.0,10.11,93029.5
1652,BUY,ST_FLIP_RED,2026-01-19T21:00:00,2026-01-19T23:00:00,long,93029.5,93029.5,100,0.1,9302.95,100.0,0.0,-10.11,-849.24,-0.01,0,0.0,0,0.0,48875.68,4105557.12,48.88,930.3,0.1,10,5.0,0.01,0,0.0,10.11,92905.5
1653,SELL,ST_FLIP_GREEN,2026-01-19T23:00:00,2026-01-20T00:00:00,short,93029.5,93091.5,100,0.1,9302.95,100.0,-6.2,-16.31,-1370.04,-0.02,0,0.0,62,0.07,48859.37,4104187.08,48.86,930.3,0.1,10,5.0,0.01,0,0.0,10.11,93153.5
1654,BUY,ST_FLIP_RED,2026-01-20T00:00:00,2026-01-20T02:00:00,long,93091.5,92967.5,100,0.1,9309.15,100.0,-12.4,-22.51,-1890.84,-0.02,0,0.0,124,0.13,48836.86,4102296.24,48.84,930.91,0.1,10,5.0,0.01,0,0.0,10.11,92967.5
1655,SELL,ST_FLIP_GREEN,2026-01-20T02:00:00,2026-01-20T06:00:00,short,92967.5,92657.5,100,0.1,9296.75,100.0,31.0,20.89,1754.76,0.02,310,0.33,0,0.0,48857.75,4104051.0,48.86,929.67,0.1,10,5.0,0.01,0,0.0,10.11,93091.5
1656,BUY,ST_FLIP_RED,2026-01-20T06:00:00,2026-01-20T07:00:00,long,92657.5,92657.5,100,0.1,9265.75,100.0,0.0,-10.11,-849.24,-0.01,0,0.0,0,0.0,48847.64,4103201.76,48.85,926.58,0.1,10,5.0,0.01,0,0.0,10.11,92533.5
1657,SELL,ST_FLIP_GREEN,2026-01-20T07:00:00,2026-01-20T13:00:00,short,92657.5,91231.5,100,0.1,9265.75,100.0,142.6,132.49,11129.16,0.13,1426,1.54,0,0.0,48980.13,4114330.92,48.98,926.58,0.1,10,5.0,0.01,0,0.0,10.11,92781.5
1658,BUY,ST_FLIP_RED,2026-01-20T13:00:00,2026-01-20T14:00:00,long,91231.5,91045.5,100,0.1,9123.15,100.0,-18.6,-28.71,-2411.64,-0.03,0,0.0,186,0.2,48951.42,4111919.28,48.95,912.31,0.1,10,5.0,0.01,0,0.0,10.11,91107.5
1659,SELL,ST_FLIP_GREEN,2026-01-20T14:00:00,2026-01-20T15:00:00,short,91045.5,91169.5,100,0.1,9104.55,100.0,-12.4,-22.51,-1890.84,-0.02,0,0.0,124,0.14,48928.91,4110028.44,48.93,910.46,0.1,10,5.0,0.01,0,0.0,10.11,91169.5
1660,BUY,ST_FLIP_RED,2026-01-20T15:00:00,2026-01-20T17:00:00,long,91169.5,91169.5,100,0.1,9116.95,100.0,0.0,-10.11,-849.24,-0.01,0,0.0,0,0.0,48918.8,4109179.2,48.92,911.7,0.1,10,5.0,0.01,0,0.0,10.11,91045.5
1661,SELL,ST_FLIP_GREEN,2026-01-20T17:00:00,2026-01-21T01:00:00,short,91169.5,89681.5,100,0.1,9116.95,100.0,148.8,138.69,11649.96,0.14,1488,1.63,0,0.0,49057.49,4120829.16,49.06,911.7,0.1,10,5.0,0.01,0,0.0,10.11,91293.5
1662,BUY,ST_FLIP_RED,2026-01-21T01:00:00,2026-01-21T02:00:00,long,89681.5,89619.5,100,0.1,8968.15,100.0,-6.2,-16.31,-1370.04,-0.02,0,0.0,62,0.07,49041.18,4119459.12,49.04,896.81,0.1,10,5.0,0.01,0,0.0,10.11,89557.5
1663,SELL,ST_FLIP_GREEN,2026-01-21T02:00:00,2026-01-21T05:00:00,short,89619.5,88317.5,100,0.1,8961.95,100.0,130.2,120.09,10087.56,0.12,1302,1.45,0,0.0,49161.27,4129546.68,49.16,896.2,0.1,10,5.0,0.01,0,0.0,10.11,89743.5
1664,BUY,ST_FLIP_RED,2026-01-21T05:00:00,2026-01-21T12:00:00,long,88317.5,89619.5,100,0.1,8831.75,100.0,130.2,120.09,10087.56,0.12,1302,1.47,0,0.0,49281.36,4139634.24,49.28,883.17,0.1,10,5.0,0.01,0,0.0,10.11,88193.5
1665,SELL,ST_FLIP_GREEN,2026-01-21T12:00:00,2026-01-21T18:00:00,short,89619.5,88565.5,100,0.1,8961.95,100.0,105.4,95.29,8004.36,0.1,1054,1.18,0,0.0,49376.65,4147638.6,49.38,896.2,0.1,10,5.0,0.01,0,0.0,10.11,89743.5
1666,BUY,ST_FLIP_RED,2026-01-21T18:00:00,2026-01-21T21:00:00,long,88565.5,89743.5,100,0.1,8856.55,100.0,117.8,107.69,9045.96,0.11,1178,1.33,0,0.0,49484.34,4156684.56,49.48,885.66,0.1,10,5.0,0.01,0,0.0,10.11,88441.5
1667,SELL,ST_FLIP_GREEN,2026-01-21T21:00:00,2026-01-21T23:00:00,short,89743.5,87945.5,100,0.1,8974.35,100.0,179.8,169.69,14253.96,0.17,1798,2.0,0,0.0,49654.03,4170938.52,49.65,897.44,0.1,10,5.0,0.01,0,0.0,10.11,89867.5
1668,BUY,ST_FLIP_RED,2026-01-21T23:00:00,2026-01-22T05:00:00,long,87945.5,89805.5,100,0.1,8794.55,100.0,186.0,175.89,14774.76,0.18,1860,2.11,0,0.0,49829.92,4185713.28,49.83,879.46,0.1,10,5.0,0.01,0,0.0,10.11,87821.5
1669,SELL,ST_FLIP_GREEN,2026-01-22T05:00:00,2026-01-22T06:00:00,short,89805.5,89991.5,100,0.1,8980.55,100.0,-18.6,-28.71,-2411.64,-0.03,0,0.0,186,0.21,49801.21,4183301.64,49.8,898.06,0.1,10,5.0,0.01,0,0.0,10.11,89929.5
1670,BUY,ST_FLIP_RED,2026-01-22T06:00:00,2026-01-22T08:00:00,long,89991.5,90053.5,100,0.1,8999.15,100.0,6.2,-3.91,-328.44,-0.0,62,0.07,0,0.0,49797.3,4182973.2,49.8,899.91,0.1,10,5.0,0.01,0,0.0,10.11,89867.5
1671,SELL,ST_FLIP_GREEN,2026-01-22T08:00:00,2026-01-22T15:00:00,short,90053.5,90053.5,100,0.1,9005.35,100.0,0.0,-10.11,-849.24,-0.01,0,0.0,0,0.0,49787.19,4182123.96,49.79,900.54,0.1,10,5.0,0.01,0,0.0,10.11,90177.5
1672,BUY,ST_FLIP_RED,2026-01-22T15:00:00,2026-01-22T16:00:00,long,90053.5,89867.5,100,0.1,9005.35,100.0,-18.6,-28.71,-2411.64,-0.03,0,0.0,186,0.21,49758.48,4179712.32,49.76,900.54,0.1,10,5.0,0.01,0,0.0,10.11,89929.5
1673,SELL,ST_FLIP_GREEN,2026-01-22T16:00:00,2026-01-22T17:00:00,short,89867.5,90053.5,100,0.1,8986.75,100.0,-18.6,-28.71,-2411.64,-0.03,0,0.0,186,0.21,49729.77,4177300.68,49.73,898.67,0.1,10,5.0,0.01,0,0.0,10.11,89991.5
1674,BUY,ST_FLIP_RED,2026-01-22T17:00:00,2026-01-22T19:00:00,long,90053.5,89929.5,100,0.1,9005.35,100.0,-12.4,-22.51,-1890.84,-0.02,0,0.0,124,0.14,49707.26,4175409.84,49.71,900.54,0.1,10,5.0,0.01,0,0.0,10.11,89929.5
1675,SELL,ST_FLIP_GREEN,2026-01-22T19:00:00,2026-01-22T21:00:00,short,89929.5,88875.5,100,0.1,8992.95,100.0,105.4,95.29,8004.36,0.1,1054,1.17,0,0.0,49802.55,4183414.2,49.8,899.3,0.1,10,5.0,0.01,0,0.0,10.11,90053.5
1676,BUY,ST_FLIP_RED,2026-01-22T21:00:00,2026-01-23T03:00:00,long,88875.5,89371.5,100,0.1,8887.55,100.0,49.6,39.49,3317.16,0.04,496,0.56,0,0.0,49842.04,4186731.36,49.84,888.76,0.1,10,5.0,0.01,0,0.0,10.11,88751.5
1677,SELL,ST_FLIP_GREEN,2026-01-23T03:00:00,2026-01-23T05:00:00,short,89371.5,89557.5,100,0.1,8937.15,100.0,-18.6,-28.71,-2411.64,-0.03,0,0.0,186,0.21,49813.33,4184319.72,49.81,893.71,0.1,10,5.0,0.01,0,0.0,10.11,89495.5
1678,BUY,ST_FLIP_RED,2026-01-23T05:00:00,2026-01-23T10:00:00,long,89557.5,89743.5,100,0.1,8955.75,100.0,18.6,8.49,713.16,0.01,186,0.21,0,0.0,49821.82,4185032.88,49.82,895.58,0.1,10,5.0,0.01,0,0.0,10.11,89433.5
1679,SELL,ST_FLIP_GREEN,2026-01-23T10:00:00,2026-01-23T19:00:00,short,89743.5,89309.5,100,0.1,8974.35,100.0,43.4,33.29,2796.36,0.03,434,0.48,0,0.0,49855.11,4187829.24,49.86,897.44,0.1,10,5.0,0.01,0,0.0,10.11,89867.5
1680,BUY,ST_FLIP_RED,2026-01-23T19:00:00,2026-01-23T20:00:00,long,89309.5,89495.5,100,0.1,8930.95,100.0,18.6,8.49,713.16,0.01,186,0.21,0,0.0,49863.6,4188542.4,49.86,893.1,0.1,10,5.0,0.01,0,0.0,10.11,89185.5
1681,SELL,ST_FLIP_GREEN,2026-01-23T20:00:00,2026-01-23T21:00:00,short,89495.5,89123.5,100,0.1,8949.55,100.0,37.2,27.09,2275.56,0.03,372,0.42,0,0.0,49890.69,4190817.96,49.89,894.96,0.1,10,5.0,0.01,0,0.0,10.11,89619.5
1682,BUY,ST_FLIP_RED,2026-01-23T21:00:00,2026-01-24T00:00:00,long,89123.5,90735.5,100,0.1,8912.35,100.0,161.2,151.09,12691.56,0.15,1612,1.81,0,0.0,50041.78,4203509.52,50.04,891.24,0.1,10,5.0,0.01,0,0.0,10.11,88999.5
1683,SELL,ST_FLIP_GREEN,2026-01-24T00:00:00,2026-01-24T07:00:00,short,90735.5,89619.5,100,0.1,9073.55,100.0,111.6,101.49,8525.16,0.1,1116,1.23,0,0.0,50143.27,4212034.68,50.14,907.36,0.1,10,5.0,0.01,0,0.0,10.11,90859.5
1684,BUY,ST_FLIP_RED,2026-01-24T07:00:00,2026-01-24T09:00:00,long,89619.5,89681.5,100,0.1,8961.95,100.0,6.2,-3.91,-328.44,-0.0,62,0.07,0,0.0,50139.36,4211706.24,50.14,896.2,0.1,10,5.0,0.01,0,0.0,10.11,89495.5
1685,SELL,ST_FLIP_GREEN,2026-01-24T09:00:00,2026-01-24T23:00:00,short,89681.5,89433.5,100,0.1,8968.15,100.0,24.8,14.69,1233.96,0.01,248,0.28,0,0.0,50154.05,4212940.2,50.15,896.81,0.1,10,5.0,0.01,0,0.0,10.11,89805.5
1686,BUY,ST_FLIP_RED,2026-01-24T23:00:00,2026-01-25T00:00:00,long,89433.5,89247.5,100,0.1,8943.35,100.0,-18.6,-28.71,-2411.64,-0.03,0,0.0,186,0.21,50125.34,4210528.56,50.13,894.34,0.1,10,5.0,0.01,0,0.0,10.11,89309.5
1687,SELL,ST_FLIP_GREEN,2026-01-25T00:00:00,2026-01-25T01:00:00,short,89247.5,89433.5,100,0.1,8924.75,100.0,-18.6,-28.71,-2411.64,-0.03,0,0.0,186,0.21,50096.63,4208116.92,50.1,892.48,0.1,10,5.0,0.01,0,0.0,10.11,89371.5
1688,BUY,ST_FLIP_RED,2026-01-25T01:00:00,2026-01-25T02:00:00,long,89433.5,89247.5,100,0.1,8943.35,100.0,-18.6,-28.71,-2411.64,-0.03,0,0.0,186,0.21,50067.92,4205705.28,50.07,894.34,0.1,10,5.0,0.01,0,0.0,10.11,89309.5
1689,SELL,ST_FLIP_GREEN,2026-01-25T02:00:00,2026-01-25T15:00:00,short,89247.5,88627.5,100,0.1,8924.75,100.0,62.0,51.89,4358.76,0.05,620,0.69,0,0.0,50119.81,4210064.04,50.12,892.48,0.1,10,5.0,0.01,0,0.0,10.11,89371.5
1690,BUY,ST_FLIP_RED,2026-01-25T15:00:00,2026-01-25T21:00:00,long,88627.5,88503.5,100,0.1,8862.75,100.0,-12.4,-22.51,-1890.84,-0.02,0,0.0,124,0.14,50097.3,4208173.2,50.1,886.27,0.1,10,5.0,0.01,0,0.0,10.11,88503.5
1691,SELL,ST_FLIP_GREEN,2026-01-25T21:00:00,2026-01-26T02:00:00,short,88503.5,86643.5,100,0.1,8850.35,100.0,186.0,175.89,14774.76,0.18,1860,2.1,0,0.0,50273.19,4222947.96,50.27,885.04,0.1,10,5.0,0.01,0,0.0,10.11,88627.5
1692,BUY,ST_FLIP_RED,2026-01-26T02:00:00,2026-01-26T03:00:00,long,86643.5,86767.5,100,0.1,8664.35,100.0,12.4,2.29,192.36,0.0,124,0.14,0,0.0,50275.48,4223140.32,50.28,866.44,0.1,10,5.0,0.01,0,0.0,10.11,86519.5
1693,SELL,ST_FLIP_GREEN,2026-01-26T03:00:00,2026-01-26T04:00:00,short,86767.5,86457.5,100,0.1,8676.75,100.0,31.0,20.89,1754.76,0.02,310,0.36,0,0.0,50296.37,4224895.08,50.3,867.67,0.1,10,5.0,0.01,0,0.0,10.11,86891.5
1694,BUY,ST_FLIP_RED,2026-01-26T04:00:00,2026-01-26T08:00:00,long,86457.5,87635.5,100,0.1,8645.75,100.0,117.8,107.69,9045.96,0.11,1178,1.36,0,0.0,50404.06,4233941.04,50.4,864.58,0.1,10,5.0,0.01,0,0.0,10.11,86333.5
1695,SELL,ST_FLIP_GREEN,2026-01-26T08:00:00,2026-01-26T09:00:00,short,87635.5,87573.5,100,0.1,8763.55,100.0,6.2,-3.91,-328.44,-0.0,62,0.07,0,0.0,50400.15,4233612.6,50.4,876.36,0.1,10,5.0,0.01,0,0.0,10.11,87759.5
1696,BUY,ST_FLIP_RED,2026-01-26T09:00:00,2026-01-26T14:00:00,long,87573.5,87945.5,100,0.1,8757.35,100.0,37.2,27.09,2275.56,0.03,372,0.42,0,0.0,50427.24,4235888.16,50.43,875.74,0.1,10,5.0,0.01,0,0.0,10.11,87449.5
1697,SELL,ST_FLIP_GREEN,2026-01-26T14:00:00,2026-01-26T20:00:00,short,87945.5,87883.5,100,0.1,8794.55,100.0,6.2,-3.91,-328.44,-0.0,62,0.07,0,0.0,50423.33,4235559.72,50.42,879.46,0.1,10,5.0,0.01,0,0.0,10.11,88069.5
1698,BUY,ST_FLIP_RED,2026-01-26T20:00:00,2026-01-26T21:00:00,long,87883.5,88317.5,100,0.1,8788.35,100.0,43.4,33.29,2796.36,0.03,434,0.49,0,0.0,50456.62,4238356.08,50.46,878.84,0.1,10,5.0,0.01,0,0.0,10.11,87759.5
1699,SELL,ST_FLIP_GREEN,2026-01-26T21:00:00,2026-01-26T23:00:00,short,88317.5,87573.5,100,0.1,8831.75,100.0,74.4,64.29,5400.36,0.06,744,0.84,0,0.0,50520.91,4243756.44,50.52,883.17,0.1,10,5.0,0.01,0,0.0,10.11,88441.5
1700,BUY,ST_FLIP_RED,2026-01-26T23:00:00,2026-01-27T01:00:00,long,87573.5,87945.5,100,0.1,8757.35,100.0,37.2,27.09,2275.56,0.03,372,0.42,0,0.0,50548.0,4246032.0,50.55,875.74,0.1,10,5.0,0.01,0,0.0,10.11,87449.5
1701,SELL,ST_FLIP_GREEN,2026-01-27T01:00:00,2026-01-27T03:00:00,short,87945.5,88007.5,100,0.1,8794.55,100.0,-6.2,-16.31,-1370.04,-0.02,0,0.0,62,0.07,50531.69,4244661.96,50.53,879.46,0.1,10,5.0,0.01,0,0.0,10.11,88069.5
1702,BUY,ST_FLIP_RED,2026-01-27T03:00:00,2026-01-27T10:00:00,long,88007.5,88565.5,100,0.1,8800.75,100.0,55.8,45.69,3837.96,0.05,558,0.63,0,0.0,50577.38,4248499.92,50.58,880.08,0.1,10,5.0,0.01,0,0.0,10.11,87883.5
1703,SELL,ST_FLIP_GREEN,2026-01-27T10:00:00,2026-01-27T17:00:00,short,88565.5,88069.5,100,0.1,8856.55,100.0,49.6,39.49,3317.16,0.04,496,0.56,0,0.0,50616.87,4251817.08,50.62,885.66,0.1,10,5.0,0.01,0,0.0,10.11,88689.5
1704,BUY,ST_FLIP_RED,2026-01-27T17:00:00,2026-01-27T18:00:00,long,88069.5,87883.5,100,0.1,8806.95,100.0,-18.6,-28.71,-2411.64,-0.03,0,0.0,186,0.21,50588.16,4249405.44,50.59,880.7,0.1,10,5.0,0.01,0,0.0,10.11,87945.5
1705,SELL,ST_FLIP_GREEN,2026-01-27T18:00:00,2026-01-27T19:00:00,short,87883.5,87945.5,100,0.1,8788.35,100.0,-6.2,-16.31,-1370.04,-0.02,0,0.0,62,0.07,50571.85,4248035.4,50.57,878.84,0.1,10,5.0,0.01,0,0.0,10.11,88007.5
1706,BUY,ST_FLIP_RED,2026-01-27T19:00:00,2026-01-27T20:00:00,long,87945.5,88069.5,100,0.1,8794.55,100.0,12.4,2.29,192.36,0.0,124,0.14,0,0.0,50574.14,4248227.76,50.57,879.46,0.1,10,5.0,0.01,0,0.0,10.11,87821.5
1707,SELL,ST_FLIP_GREEN,2026-01-27T20:00:00,2026-01-27T21:00:00,short,88069.5,87759.5,100,0.1,8806.95,100.0,31.0,20.89,1754.76,0.02,310,0.35,0,0.0,50595.03,4249982.52,50.6,880.7,0.1,10,5.0,0.01,0,0.0,10.11,88193.5
1708,BUY,ST_FLIP_RED,2026-01-27T21:00:00,2026-01-27T22:00:00,long,87759.5,88193.5,100,0.1,8775.95,100.0,43.4,33.29,2796.36,0.03,434,0.49,0,0.0,50628.32,4252778.88,50.63,877.6,0.1,10,5.0,0.01,0,0.0,10.11,87635.5
1709,SELL,ST_FLIP_GREEN,2026-01-27T22:00:00,2026-01-28T00:00:00,short,88193.5,88007.5,100,0.1,8819.35,100.0,18.6,8.49,713.16,0.01,186,0.21,0,0.0,50636.81,4253492.04,50.64,881.94,0.1,10,5.0,0.01,0,0.0,10.11,88317.5
1710,BUY,ST_FLIP_RED,2026-01-28T00:00:00,2026-01-28T05:00:00,long,88007.5,89247.5,100,0.1,8800.75,100.0,124.0,113.89,9566.76,0.11,1240,1.41,0,0.0,50750.7,4263058.8,50.75,880.08,0.1,10,5.0,0.01,0,0.0,10.11,87883.5
1711,SELL,ST_FLIP_GREEN,2026-01-28T05:00:00,2026-01-28T11:00:00,short,89247.5,89061.5,100,0.1,8924.75,100.0,18.6,8.49,713.16,0.01,186,0.21,0,0.0,50759.19,4263771.96,50.76,892.48,0.1,10,5.0,0.01,0,0.0,10.11,89371.5
1712,BUY,ST_FLIP_RED,2026-01-28T11:00:00,2026-01-28T13:00:00,long,89061.5,89061.5,100,0.1,8906.15,100.0,0.0,-10.11,-849.24,-0.01,0,0.0,0,0.0,50749.08,4262922.72,50.75,890.62,0.1,10,5.0,0.01,0,0.0,10.11,88937.5
1713,SELL,ST_FLIP_GREEN,2026-01-28T13:00:00,2026-01-28T15:00:00,short,89061.5,89185.5,100,0.1,8906.15,100.0,-12.4,-22.51,-1890.84,-0.02,0,0.0,124,0.14,50726.57,4261031.88,50.73,890.62,0.1,10,5.0,0.01,0,0.0,10.11,89185.5
1714,BUY,ST_FLIP_RED,2026-01-28T15:00:00,2026-01-28T20:00:00,long,89185.5,89867.5,100,0.1,8918.55,100.0,68.2,58.09,4879.56,0.06,682,0.76,0,0.0,50784.66,4265911.44,50.78,891.86,0.1,10,5.0,0.01,0,0.0,10.11,89061.5
1715,SELL,ST_FLIP_GREEN,2026-01-28T20:00:00,2026-01-28T21:00:00,short,89867.5,89371.5,100,0.1,8986.75,100.0,49.6,39.49,3317.16,0.04,496,0.55,0,0.0,50824.15,4269228.6,50.82,898.67,0.1,10,5.0,0.01,0,0.0,10.11,89991.5
1716,BUY,ST_FLIP_RED,2026-01-28T21:00:00,2026-01-28T22:00:00,long,89371.5,89557.5,100,0.1,8937.15,100.0,18.6,8.49,713.16,0.01,186,0.21,0,0.0,50832.64,4269941.76,50.83,893.71,0.1,10,5.0,0.01,0,0.0,10.11,89247.5
1717,SELL,ST_FLIP_GREEN,2026-01-28T22:00:00,2026-01-28T23:00:00,short,89557.5,89743.5,100,0.1,8955.75,100.0,-18.6,-28.71,-2411.64,-0.03,0,0.0,186,0.21,50803.93,4267530.12,50.8,895.58,0.1,10,5.0,0.01,0,0.0,10.11,89681.5
1718,BUY,ST_FLIP_RED,2026-01-28T23:00:00,2026-01-29T00:00:00,long,89743.5,89619.5,100,0.1,8974.35,100.0,-12.4,-22.51,-1890.84,-0.02,0,0.0,124,0.14,50781.42,4265639.28,50.78,897.44,0.1,10,5.0,0.01,0,0.0,10.11,89619.5
1719,SELL,ST_FLIP_GREEN,2026-01-29T00:00:00,2026-01-29T01:00:00,short,89619.5,89557.5,100,0.1,8961.95,100.0,6.2,-3.91,-328.44,-0.0,62,0.07,0,0.0,50777.51,4265310.84,50.78,896.2,0.1,10,5.0,0.01,0,0.0,10.11,89743.5
1720,BUY,ST_FLIP_RED,2026-01-29T01:00:00,2026-01-29T02:00:00,long,89557.5,89619.5,100,0.1,8955.75,100.0,6.2,-3.91,-328.44,-0.0,62,0.07,0,0.0,50773.6,4264982.4,50.77,895.58,0.1,10,5.0,0.01,0,0.0,10.11,89433.5
1721,SELL,ST_FLIP_GREEN,2026-01-29T02:00:00,2026-01-29T03:00:00,short,89619.5,89309.5,100,0.1,8961.95,100.0,31.0,20.89,1754.76,0.02,310,0.35,0,0.0,50794.49,4266737.16,50.79,896.2,0.1,10,5.0,0.01,0,0.0,10.11,89743.5
1722,BUY,ST_FLIP_RED,2026-01-29T03:00:00,2026-01-29T05:00:00,long,89309.5,89123.5,100,0.1,8930.95,100.0,-18.6,-28.71,-2411.64,-0.03,0,0.0,186,0.21,50765.78,4264325.52,50.77,893.1,0.1,10,5.0,0.01,0,0.0,10.11,89185.5
1723,SELL,ST_FLIP_GREEN,2026-01-29T05:00:00,2026-01-29T11:00:00,short,89123.5,88255.5,100,0.1,8912.35,100.0,86.8,76.69,6441.96,0.08,868,0.97,0,0.0,50842.47,4270767.48,50.84,891.24,0.1,10,5.0,0.01,0,0.0,10.11,89247.5
1724,BUY,ST_FLIP_RED,2026-01-29T11:00:00,2026-01-29T14:00:00,long,88255.5,88193.5,100,0.1,8825.55,100.0,-6.2,-16.31,-1370.04,-0.02,0,0.0,62,0.07,50826.16,4269397.44,50.83,882.56,0.1,10,5.0,0.01,0,0.0,10.11,88131.5
1725,SELL,ST_FLIP_GREEN,2026-01-29T14:00:00,2026-01-29T18:00:00,short,88193.5,88007.5,100,0.1,8819.35,100.0,18.6,8.49,713.16,0.01,186,0.21,0,0.0,50834.65,4270110.6,50.83,881.94,0.1,10,5.0,0.01,0,0.0,10.11,88317.5
1726,BUY,ST_FLIP_RED,2026-01-29T18:00:00,2026-01-29T19:00:00,long,88007.5,88007.5,100,0.1,8800.75,100.0,0.0,-10.11,-849.24,-0.01,0,0.0,0,0.0,50824.54,4269261.36,50.82,880.08,0.1,10,5.0,0.01,0,0.0,10.11,87883.5
1727,SELL,ST_FLIP_GREEN,2026-01-29T19:00:00,2026-01-29T22:00:00,short,88007.5,84721.5,100,0.1,8800.75,100.0,328.6,318.49,26753.16,0.32,3286,3.73,0,0.0,51143.03,4296014.52,51.14,880.08,0.1,10,5.0,0.01,0,0.0,10.11,88131.5
1728,BUY,ST_FLIP_RED,2026-01-29T22:00:00,2026-01-29T23:00:00,long,84721.5,84845.5,100,0.1,8472.15,100.0,12.4,2.29,192.36,0.0,124,0.15,0,0.0,51145.32,4296206.88,51.15,847.21,0.1,10,5.0,0.01,0,0.0,10.11,84597.5
1729,SELL,ST_FLIP_GREEN,2026-01-29T23:00:00,2026-01-30T01:00:00,short,84845.5,83977.5,100,0.1,8484.55,100.0,86.8,76.69,6441.96,0.08,868,1.02,0,0.0,51222.01,4302648.84,51.22,848.46,0.1,10,5.0,0.01,0,0.0,10.11,84969.5
1730,BUY,ST_FLIP_RED,2026-01-30T01:00:00,2026-01-30T05:00:00,long,83977.5,84349.5,100,0.1,8397.75,100.0,37.2,27.09,2275.56,0.03,372,0.44,0,0.0,51249.1,4304924.4,51.25,839.77,0.1,10,5.0,0.01,0,0.0,10.11,83853.5
1731,SELL,ST_FLIP_GREEN,2026-01-30T05:00:00,2026-01-30T08:00:00,short,84349.5,81683.5,100,0.1,8434.95,100.0,266.6,256.49,21545.16,0.26,2666,3.16,0,0.0,51505.59,4326469.56,51.51,843.5,0.1,10,5.0,0.01,0,0.0,10.11,84473.5
1732,BUY,ST_FLIP_RED,2026-01-30T08:00:00,2026-01-30T11:00:00,long,81683.5,82985.5,100,0.1,8168.35,100.0,130.2,120.09,10087.56,0.12,1302,1.59,0,0.0,51625.68,4336557.12,51.63,816.84,0.1,10,5.0,0.01,0,0.0,10.11,81559.5
1733,SELL,ST_FLIP_GREEN,2026-01-30T11:00:00,2026-01-30T12:00:00,short,82985.5,82551.5,100,0.1,8298.55,100.0,43.4,33.29,2796.36,0.03,434,0.52,0,0.0,51658.97,4339353.48,51.66,829.86,0.1,10,5.0,0.01,0,0.0,10.11,83109.5
1734,BUY,ST_FLIP_RED,2026-01-30T12:00:00,2026-01-30T14:00:00,long,82551.5,82489.5,100,0.1,8255.15,100.0,-6.2,-16.31,-1370.04,-0.02,0,0.0,62,0.08,51642.66,4337983.44,51.64,825.51,0.1,10,5.0,0.01,0,0.0,10.11,82427.5
1735,SELL,ST_FLIP_GREEN,2026-01-30T14:00:00,2026-01-30T15:00:00,short,82489.5,82551.5,100,0.1,8248.95,100.0,-6.2,-16.31,-1370.04,-0.02,0,0.0,62,0.08,51626.35,4336613.4,51.63,824.9,0.1,10,5.0,0.01,0,0.0,10.11,82613.5
1736,BUY,ST_FLIP_RED,2026-01-30T15:00:00,2026-01-30T20:00:00,long,82551.5,82737.5,100,0.1,8255.15,100.0,18.6,8.49,713.16,0.01,186,0.23,0,0.0,51634.84,4337326.56,51.63,825.51,0.1,10,5.0,0.01,0,0.0,10.11,82427.5
1737,SELL,ST_FLIP_GREEN,2026-01-30T20:00:00,2026-01-30T21:00:00,short,82737.5,82737.5,100,0.1,8273.75,100.0,0.0,-10.11,-849.24,-0.01,0,0.0,0,0.0,51624.73,4336477.32,51.62,827.38,0.1,10,5.0,0.01,0,0.0,10.11,82861.5
1738,BUY,ST_FLIP_RED,2026-01-30T21:00:00,2026-01-30T23:00:00,long,82737.5,83171.5,100,0.1,8273.75,100.0,43.4,33.29,2796.36,0.03,434,0.52,0,0.0,51658.02,4339273.68,51.66,827.38,0.1,10,5.0,0.01,0,0.0,10.11,82613.5
1739,SELL,ST_FLIP_GREEN,2026-01-30T23:00:00,2026-01-31T00:00:00,short,83171.5,82613.5,100,0.1,8317.15,100.0,55.8,45.69,3837.96,0.05,558,0.67,0,0.0,51703.71,4343111.64,51.7,831.71,0.1,10,5.0,0.01,0,0.0,10.11,83295.5
1740,BUY,ST_FLIP_RED,2026-01-31T00:00:00,2026-01-31T01:00:00,long,82613.5,84101.5,100,0.1,8261.35,100.0,148.8,138.69,11649.96,0.14,1488,1.8,0,0.0,51842.4,4354761.6,51.84,826.13,0.1,10,5.0,0.01,0,0.0,10.11,82489.5
1741,SELL,ST_FLIP_GREEN,2026-01-31T01:00:00,2026-01-31T02:00:00,short,84101.5,84101.5,100,0.1,8410.15,100.0,0.0,-10.11,-849.24,-0.01,0,0.0,0,0.0,51832.29,4353912.36,51.83,841.01,0.1,10,5.0,0.01,0,0.0,10.11,84225.5
1742,BUY,ST_FLIP_RED,2026-01-31T02:00:00,2026-01-31T03:00:00,long,84101.5,84101.5,100,0.1,8410.15,100.0,0.0,-10.11,-849.24,-0.01,0,0.0,0,0.0,51822.18,4353063.12,51.82,841.01,0.1,10,5.0,0.01,0,0.0,10.11,83977.5
1743,SELL,ST_FLIP_GREEN,2026-01-31T03:00:00,2026-01-31T04:00:00,short,84101.5,84039.5,100,0.1,8410.15,100.0,6.2,-3.91,-328.44,-0.0,62,0.07,0,0.0,51818.27,4352734.68,51.82,841.01,0.1,10,5.0,0.01,0,0.0,10.11,84225.5
1744,BUY,ST_FLIP_RED,2026-01-31T04:00:00,2026-01-31T07:00:00,long,84039.5,83915.5,100,0.1,8403.95,100.0,-12.4,-22.51,-1890.84,-0.02,0,0.0,124,0.15,51795.76,4350843.84,51.8,840.4,0.1,10,5.0,0.01,0,0.0,10.11,83915.5
1745,SELL,ST_FLIP_GREEN,2026-01-31T07:00:00,2026-01-31T08:00:00,short,83915.5,84039.5,100,0.1,8391.55,100.0,-12.4,-22.51,-1890.84,-0.02,0,0.0,124,0.15,51773.25,4348953.0,51.77,839.16,0.1,10,5.0,0.01,0,0.0,10.11,84039.5
1746,BUY,ST_FLIP_RED,2026-01-31T08:00:00,2026-01-31T10:00:00,long,84039.5,83977.5,100,0.1,8403.95,100.0,-6.2,-16.31,-1370.04,-0.02,0,0.0,62,0.07,51756.94,4347582.96,51.76,840.4,0.1,10,5.0,0.01,0,0.0,10.11,83915.5
1747,SELL,ST_FLIP_GREEN,2026-01-31T10:00:00,2026-02-01T02:00:00,short,83977.5,77591.5,100,0.1,8397.75,100.0,638.6,628.49,52793.16,0.63,6386,7.6,0,0.0,52385.43,4400376.12,52.39,839.77,0.1,10,5.0,0.01,0,0.0,10.11,84101.5
1748,BUY,ST_FLIP_RED,2026-02-01T02:00:00,2026-02-01T06:00:00,long,77591.5,78831.5,100,0.1,7759.15,100.0,124.0,113.89,9566.76,0.11,1240,1.6,0,0.0,52499.32,4409942.88,52.5,775.92,0.1,10,5.0,0.01,0,0.0,10.11,77467.5
1749,SELL,ST_FLIP_GREEN,2026-02-01T06:00:00,2026-02-01T09:00:00,short,78831.5,78831.5,100,0.1,7883.15,100.0,0.0,-10.11,-849.24,-0.01,0,0.0,0,0.0,52489.21,4409093.64,52.49,788.32,0.1,10,5.0,0.01,0,0.0,10.11,78955.5
1750,BUY,ST_FLIP_RED,2026-02-01T09:00:00,2026-02-01T11:00:00,long,78831.5,78769.5,100,0.1,7883.15,100.0,-6.2,-16.31,-1370.04,-0.02,0,0.0,62,0.08,52472.9,4407723.6,52.47,788.32,0.1,10,5.0,0.01,0,0.0,10.11,78707.5
1751,SELL,ST_FLIP_GREEN,2026-02-01T11:00:00,2026-02-01T13:00:00,short,78769.5,78397.5,100,0.1,7876.95,100.0,37.2,27.09,2275.56,0.03,372,0.47,0,0.0,52499.99,4409999.16,52.5,787.7,0.1,10,5.0,0.01,0,0.0,10.11,78893.5
1752,BUY,ST_FLIP_RED,2026-02-01T13:00:00,2026-02-01T16:00:00,long,78397.5,78769.5,100,0.1,7839.75,100.0,37.2,27.09,2275.56,0.03,372,0.47,0,0.0,52527.08,4412274.72,52.53,783.98,0.1,10,5.0,0.01,0,0.0,10.11,78273.5
1753,SELL,ST_FLIP_GREEN,2026-02-01T16:00:00,2026-02-01T18:00:00,short,78769.5,78521.5,100,0.1,7876.95,100.0,24.8,14.69,1233.96,0.01,248,0.31,0,0.0,52541.77,4413508.68,52.54,787.7,0.1,10,5.0,0.01,0,0.0,10.11,78893.5
1754,BUY,ST_FLIP_RED,2026-02-01T18:00:00,2026-02-01T19:00:00,long,78521.5,78521.5,100,0.1,7852.15,100.0,0.0,-10.11,-849.24,-0.01,0,0.0,0,0.0,52531.66,4412659.44,52.53,785.22,0.1,10,5.0,0.01,0,0.0,10.11,78397.5
1755,SELL,ST_FLIP_GREEN,2026-02-01T19:00:00,2026-02-01T21:00:00,short,78521.5,77157.5,100,0.1,7852.15,100.0,136.4,126.29,10608.36,0.13,1364,1.74,0,0.0,52657.95,4423267.8,52.66,785.22,0.1,10,5.0,0.01,0,0.0,10.11,78645.5
1756,BUY,ST_FLIP_RED,2026-02-01T21:00:00,2026-02-02T00:00:00,long,77157.5,77901.5,100,0.1,7715.75,100.0,74.4,64.29,5400.36,0.06,744,0.96,0,0.0,52722.24,4428668.16,52.72,771.58,0.1,10,5.0,0.01,0,0.0,10.11,77033.5
1757,SELL,ST_FLIP_GREEN,2026-02-02T00:00:00,2026-02-02T02:00:00,short,77901.5,76847.5,100,0.1,7790.15,100.0,105.4,95.29,8004.36,0.1,1054,1.35,0,0.0,52817.53,4436672.52,52.82,779.02,0.1,10,5.0,0.01,0,0.0,10.11,78025.5
1758,BUY,ST_FLIP_RED,2026-02-02T02:00:00,2026-02-02T04:00:00,long,76847.5,76971.5,100,0.1,7684.75,100.0,12.4,2.29,192.36,0.0,124,0.16,0,0.0,52819.82,4436864.88,52.82,768.48,0.1,10,5.0,0.01,0,0.0,10.11,76723.5
1759,SELL,ST_FLIP_GREEN,2026-02-02T04:00:00,2026-02-02T05:00:00,short,76971.5,76909.5,100,0.1,7697.15,100.0,6.2,-3.91,-328.44,-0.0,62,0.08,0,0.0,52815.91,4436536.44,52.82,769.72,0.1,10,5.0,0.01,0,0.0,10.11,77095.5
1760,BUY,ST_FLIP_RED,2026-02-02T05:00:00,2026-02-02T06:00:00,long,76909.5,77777.5,100,0.1,7690.95,100.0,86.8,76.69,6441.96,0.08,868,1.13,0,0.0,52892.6,4442978.4,52.89,769.1,0.1,10,5.0,0.01,0,0.0,10.11,76785.5
1761,SELL,ST_FLIP_GREEN,2026-02-02T06:00:00,2026-02-02T09:00:00,short,77777.5,75297.5,100,0.1,7777.75,100.0,248.0,237.89,19982.76,0.24,2480,3.19,0,0.0,53130.49,4462961.16,53.13,777.77,0.1,10,5.0,0.01,0,0.0,10.11,77901.5
1762,BUY,ST_FLIP_RED,2026-02-02T09:00:00,2026-02-02T10:00:00,long,75297.5,76289.5,100,0.1,7529.75,100.0,99.2,89.09,7483.56,0.09,992,1.32,0,0.0,53219.58,4470444.72,53.22,752.98,0.1,10,5.0,0.01,0,0.0,10.11,75173.5
1763,SELL,ST_FLIP_GREEN,2026-02-02T10:00:00,2026-02-02T11:00:00,short,76289.5,75235.5,100,0.1,7628.95,100.0,105.4,95.29,8004.36,0.1,1054,1.38,0,0.0,53314.87,4478449.08,53.31,762.9,0.1,10,5.0,0.01,0,0.0,10.11,76413.5
1764,BUY,ST_FLIP_RED,2026-02-02T11:00:00,2026-02-02T18:00:00,long,75235.5,77901.5,100,0.1,7523.55,100.0,266.6,256.49,21545.16,0.26,2666,3.54,0,0.0,53571.36,4499994.24,53.57,752.36,0.1,10,5.0,0.01,0,0.0,10.11,75111.5
1765,SELL,ST_FLIP_GREEN,2026-02-02T18:00:00,2026-02-02T19:00:00,short,77901.5,78025.5,100,0.1,7790.15,100.0,-12.4,-22.51,-1890.84,-0.02,0,0.0,124,0.16,53548.85,4498103.4,53.55,779.02,0.1,10,5.0,0.01,0,0.0,10.11,78025.5
1766,BUY,ST_FLIP_RED,2026-02-02T19:00:00,2026-02-02T22:00:00,long,78025.5,78893.5,100,0.1,7802.55,100.0,86.8,76.69,6441.96,0.08,868,1.11,0,0.0,53625.54,4504545.36,53.63,780.25,0.1,10,5.0,0.01,0,0.0,10.11,77901.5
1767,SELL,ST_FLIP_GREEN,2026-02-02T22:00:00,2026-02-03T03:00:00,short,78893.5,78459.5,100,0.1,7889.35,100.0,43.4,33.29,2796.36,0.03,434,0.55,0,0.0,53658.83,4507341.72,53.66,788.94,0.1,10,5.0,0.01,0,0.0,10.11,79017.5
1768,BUY,ST_FLIP_RED,2026-02-03T03:00:00,2026-02-03T07:00:00,long,78459.5,78645.5,100,0.1,7845.95,100.0,18.6,8.49,713.16,0.01,186,0.24,0,0.0,53667.32,4508054.88,53.67,784.6,0.1,10,5.0,0.01,0,0.0,10.11,78335.5
1769,SELL,ST_FLIP_GREEN,2026-02-03T07:00:00,2026-02-03T09:00:00,short,78645.5,78459.5,100,0.1,7864.55,100.0,18.6,8.49,713.16,0.01,186,0.24,0,0.0,53675.81,4508768.04,53.68,786.46,0.1,10,5.0,0.01,0,0.0,10.11,78769.5
1770,BUY,ST_FLIP_RED,2026-02-03T09:00:00,2026-02-03T14:00:00,long,78459.5,78645.5,100,0.1,7845.95,100.0,18.6,8.49,713.16,0.01,186,0.24,0,0.0,53684.3,4509481.2,53.68,784.6,0.1,10,5.0,0.01,0,0.0,10.11,78335.5
1771,SELL,ST_FLIP_GREEN,2026-02-03T14:00:00,2026-02-03T15:00:00,short,78645.5,78087.5,100,0.1,7864.55,100.0,55.8,45.69,3837.96,0.05,558,0.71,0,0.0,53729.99,4513319.16,53.73,786.46,0.1,10,5.0,0.01,0,0.0,10.11,78769.5
1772,BUY,ST_FLIP_RED,2026-02-03T15:00:00,2026-02-03T16:00:00,long,78087.5,78273.5,100,0.1,7808.75,100.0,18.6,8.49,713.16,0.01,186,0.24,0,0.0,53738.48,4514032.32,53.74,780.88,0.1,10,5.0,0.01,0,0.0,10.11,77963.5
1773,SELL,ST_FLIP_GREEN,2026-02-03T16:00:00,2026-02-03T17:00:00,short,78273.5,78149.5,100,0.1,7827.35,100.0,12.4,2.29,192.36,0.0,124,0.16,0,0.0,53740.77,4514224.68,53.74,782.74,0.1,10,5.0,0.01,0,0.0,10.11,78397.5
1774,BUY,ST_FLIP_RED,2026-02-03T17:00:00,2026-02-03T20:00:00,long,78149.5,78149.5,100,0.1,7814.95,100.0,0.0,-10.11,-849.24,-0.01,0,0.0,0,0.0,53730.66,4513375.44,53.73,781.5,0.1,10,5.0,0.01,0,0.0,10.11,78025.5
1775,SELL,ST_FLIP_GREEN,2026-02-03T20:00:00,2026-02-04T00:00:00,short,78149.5,74305.5,100,0.1,7814.95,100.0,384.4,374.29,31440.36,0.37,3844,4.92,0,0.0,54104.95,4544815.8,54.1,781.5,0.1,10,5.0,0.01,0,0.0,10.11,78273.5
1776,BUY,ST_FLIP_RED,2026-02-04T00:00:00,2026-02-04T03:00:00,long,74305.5,76227.5,100,0.1,7430.55,100.0,192.2,182.09,15295.56,0.18,1922,2.59,0,0.0,54287.04,4560111.36,54.29,743.06,0.1,10,5.0,0.01,0,0.0,10.11,74181.5
1777,SELL,ST_FLIP_GREEN,2026-02-04T03:00:00,2026-02-04T05:00:00,short,76227.5,75917.5,100,0.1,7622.75,100.0,31.0,20.89,1754.76,0.02,310,0.41,0,0.0,54307.93,4561866.12,54.31,762.27,0.1,10,5.0,0.01,0,0.0,10.11,76351.5
1778,BUY,ST_FLIP_RED,2026-02-04T05:00:00,2026-02-04T07:00:00,long,75917.5,76227.5,100,0.1,7591.75,100.0,31.0,20.89,1754.76,0.02,310,0.41,0,0.0,54328.82,4563620.88,54.33,759.17,0.1,10,5.0,0.01,0,0.0,10.11,75793.5
1779,SELL,ST_FLIP_GREEN,2026-02-04T07:00:00,2026-02-04T08:00:00,short,76227.5,76289.5,100,0.1,7622.75,100.0,-6.2,-16.31,-1370.04,-0.02,0,0.0,62,0.08,54312.51,4562250.84,54.31,762.27,0.1,10,5.0,0.01,0,0.0,10.11,76351.5
1780,BUY,ST_FLIP_RED,2026-02-04T08:00:00,2026-02-04T13:00:00,long,76289.5,76351.5,100,0.1,7628.95,100.0,6.2,-3.91,-328.44,-0.0,62,0.08,0,0.0,54308.6,4561922.4,54.31,762.9,0.1,10,5.0,0.01,0,0.0,10.11,76165.5
1781,SELL,ST_FLIP_GREEN,2026-02-04T13:00:00,2026-02-04T17:00:00,short,76351.5,76041.5,100,0.1,7635.15,100.0,31.0,20.89,1754.76,0.02,310,0.41,0,0.0,54329.49,4563677.16,54.33,763.52,0.1,10,5.0,0.01,0,0.0,10.11,76475.5
1782,BUY,ST_FLIP_RED,2026-02-04T17:00:00,2026-02-04T18:00:00,long,76041.5,75917.5,100,0.1,7604.15,100.0,-12.4,-22.51,-1890.84,-0.02,0,0.0,124,0.16,54306.98,4561786.32,54.31,760.42,0.1,10,5.0,0.01,0,0.0,10.11,75917.5
1783,SELL,ST_FLIP_GREEN,2026-02-04T18:00:00,2026-02-04T23:00:00,short,75917.5,72693.5,100,0.1,7591.75,100.0,322.4,312.29,26232.36,0.31,3224,4.25,0,0.0,54619.27,4588018.68,54.62,759.17,0.1,10,5.0,0.01,0,0.0,10.11,76041.5
1784,BUY,ST_FLIP_RED,2026-02-04T23:00:00,2026-02-05T00:00:00,long,72693.5,73251.5,100,0.1,7269.35,100.0,55.8,45.69,3837.96,0.05,558,0.77,0,0.0,54664.96,4591856.64,54.66,726.94,0.1,10,5.0,0.01,0,0.0,10.11,72569.5
1785,SELL,ST_FLIP_GREEN,2026-02-05T00:00:00,2026-02-05T01:00:00,short,73251.5,73313.5,100,0.1,7325.15,100.0,-6.2,-16.31,-1370.04,-0.02,0,0.0,62,0.08,54648.65,4590486.6,54.65,732.52,0.1,10,5.0,0.01,0,0.0,10.11,73375.5
1786,BUY,ST_FLIP_RED,2026-02-05T01:00:00,2026-02-05T02:00:00,long,73313.5,73437.5,100,0.1,7331.35,100.0,12.4,2.29,192.36,0.0,124,0.17,0,0.0,54650.94,4590678.96,54.65,733.13,0.1,10,5.0,0.01,0,0.0,10.11,73189.5
1787,SELL,ST_FLIP_GREEN,2026-02-05T02:00:00,2026-02-05T03:00:00,short,73437.5,73251.5,100,0.1,7343.75,100.0,18.6,8.49,713.16,0.01,186,0.25,0,0.0,54659.43,4591392.12,54.66,734.38,0.1,10,5.0,0.01,0,0.0,10.11,73561.5
1788,BUY,ST_FLIP_RED,2026-02-05T03:00:00,2026-02-05T04:00:00,long,73251.5,73313.5,100,0.1,7325.15,100.0,6.2,-3.91,-328.44,-0.0,62,0.08,0,0.0,54655.52,4591063.68,54.66,732.52,0.1,10,5.0,0.01,0,0.0,10.11,73127.5
1789,SELL,ST_FLIP_GREEN,2026-02-05T04:00:00,2026-02-05T12:00:00,short,73313.5,70647.5,100,0.1,7331.35,100.0,266.6,256.49,21545.16,0.26,2666,3.64,0,0.0,54912.01,4612608.84,54.91,733.13,0.1,10,5.0,0.01,0,0.0,10.11,73437.5
1790,BUY,ST_FLIP_RED,2026-02-05T12:00:00,2026-02-05T16:00:00,long,70647.5,71515.5,100,0.1,7064.75,100.0,86.8,76.69,6441.96,0.08,868,1.23,0,0.0,54988.7,4619050.8,54.99,706.48,0.1,10,5.0,0.01,0,0.0,10.11,70523.5
1791,SELL,ST_FLIP_GREEN,2026-02-05T16:00:00,2026-02-05T19:00:00,short,71515.5,69469.5,100,0.1,7151.55,100.0,204.6,194.49,16337.16,0.19,2046,2.86,0,0.0,55183.19,4635387.96,55.18,715.15,0.1,10,5.0,0.01,0,0.0,10.11,71639.5
1792,BUY,ST_FLIP_RED,2026-02-05T19:00:00,2026-02-05T20:00:00,long,69469.5,69965.5,100,0.1,6946.95,100.0,49.6,39.49,3317.16,0.04,496,0.71,0,0.0,55222.68,4638705.12,55.22,694.7,0.1,10,5.0,0.01,0,0.0,10.11,69345.5
1793,SELL,ST_FLIP_GREEN,2026-02-05T20:00:00,2026-02-05T21:00:00,short,69965.5,66989.5,100,0.1,6996.55,100.0,297.6,287.49,24149.16,0.29,2976,4.25,0,0.0,55510.17,4662854.28,55.51,699.65,0.1,10,5.0,0.01,0,0.0,10.11,70089.5
1794,BUY,ST_FLIP_RED,2026-02-05T21:00:00,2026-02-05T22:00:00,long,66989.5,67981.5,100,0.1,6698.95,100.0,99.2,89.09,7483.56,0.09,992,1.48,0,0.0,55599.26,4670337.84,55.6,669.9,0.1,10,5.0,0.01,0,0.0,10.11,66865.5
1795,SELL,ST_FLIP_GREEN,2026-02-05T22:00:00,2026-02-06T03:00:00,short,67981.5,64075.5,100,0.1,6798.15,100.0,390.6,380.49,31961.16,0.38,3906,5.75,0,0.0,55979.75,4702299.0,55.98,679.82,0.1,10,5.0,0.01,0,0.0,10.11,68105.5
1796,BUY,ST_FLIP_RED,2026-02-06T03:00:00,2026-02-06T05:00:00,long,64075.5,64137.5,100,0.1,6407.55,100.0,6.2,-3.91,-328.44,-0.0,62,0.1,0,0.0,55975.84,4701970.56,55.98,640.75,0.1,10,5.0,0.01,0,0.0,10.11,63951.5
1797,SELL,ST_FLIP_GREEN,2026-02-06T05:00:00,2026-02-06T06:00:00,short,64137.5,61471.5,100,0.1,6413.75,100.0,266.6,256.49,21545.16,0.26,2666,4.16,0,0.0,56232.33,4723515.72,56.23,641.38,0.1,10,5.0,0.01,0,0.0,10.11,64261.5
1798,BUY,ST_FLIP_RED,2026-02-06T06:00:00,2026-02-06T12:00:00,long,61471.5,65563.5,100,0.1,6147.15,100.0,409.2,399.09,33523.56,0.4,4092,6.66,0,0.0,56631.42,4757039.28,56.63,614.72,0.1,10,5.0,0.01,0,0.0,10.11,61347.5
1799,SELL,ST_FLIP_GREEN,2026-02-06T12:00:00,2026-02-06T14:00:00,short,65563.5,65005.5,100,0.1,6556.35,100.0,55.8,45.69,3837.96,0.05,558,0.85,0,0.0,56677.11,4760877.24,56.68,655.63,0.1,10,5.0,0.01,0,0.0,10.11,65687.5
1800,BUY,ST_FLIP_RED,2026-02-06T14:00:00,2026-02-06T23:00:00,long,65005.5,70647.5,100,0.1,6500.55,100.0,564.2,554.09,46543.56,0.55,5642,8.68,0,0.0,57231.2,4807420.8,57.23,650.06,0.1,10,5.0,0.01,0,0.0,10.11,64881.5
1801,SELL,ST_FLIP_GREEN,2026-02-06T23:00:00,2026-02-07T00:00:00,short,70647.5,69655.5,100,0.1,7064.75,100.0,99.2,89.09,7483.56,0.09,992,1.4,0,0.0,57320.29,4814904.36,57.32,706.48,0.1,10,5.0,0.01,0,0.0,10.11,70771.5
1802,BUY,ST_FLIP_RED,2026-02-07T00:00:00,2026-02-07T02:00:00,long,69655.5,70337.5,100,0.1,6965.55,100.0,68.2,58.09,4879.56,0.06,682,0.98,0,0.0,57378.38,4819783.92,57.38,696.56,0.1,10,5.0,0.01,0,0.0,10.11,69531.5
1803,SELL,ST_FLIP_GREEN,2026-02-07T02:00:00,2026-02-07T03:00:00,short,70337.5,70523.5,100,0.1,7033.75,100.0,-18.6,-28.71,-2411.64,-0.03,0,0.0,186,0.26,57349.67,4817372.28,57.35,703.38,0.1,10,5.0,0.01,0,0.0,10.11,70461.5
1804,BUY,ST_FLIP_RED,2026-02-07T03:00:00,2026-02-07T04:00:00,long,70523.5,70647.5,100,0.1,7052.35,100.0,12.4,2.29,192.36,0.0,124,0.18,0,0.0,57351.96,4817564.64,57.35,705.24,0.1,10,5.0,0.01,0,0.0,10.11,70399.5
1805,SELL,ST_FLIP_GREEN,2026-02-07T04:00:00,2026-02-07T07:00:00,short,70647.5,70151.5,100,0.1,7064.75,100.0,49.6,39.49,3317.16,0.04,496,0.7,0,0.0,57391.45,4820881.8,57.39,706.48,0.1,10,5.0,0.01,0,0.0,10.11,70771.5
1806,BUY,ST_FLIP_RED,2026-02-07T07:00:00,2026-02-07T10:00:00,long,70151.5,70895.5,100,0.1,7015.15,100.0,74.4,64.29,5400.36,0.06,744,1.06,0,0.0,57455.74,4826282.16,57.46,701.52,0.1,10,5.0,0.01,0,0.0,10.11,70027.5
1807,SELL,ST_FLIP_GREEN,2026-02-07T10:00:00,2026-02-07T13:00:00,short,70895.5,68229.5,100,0.1,7089.55,100.0,266.6,256.49,21545.16,0.26,2666,3.76,0,0.0,57712.23,4847827.32,57.71,708.96,0.1,10,5.0,0.01,0,0.0,10.11,71019.5
1808,BUY,ST_FLIP_RED,2026-02-07T13:00:00,2026-02-07T15:00:00,long,68229.5,68229.5,100,0.1,6822.95,100.0,0.0,-10.11,-849.24,-0.01,0,0.0,0,0.0,57702.12,4846978.08,57.7,682.3,0.1,10,5.0,0.01,0,0.0,10.11,68105.5
1809,SELL,ST_FLIP_GREEN,2026-02-07T15:00:00,2026-02-07T17:00:00,short,68229.5,68043.5,100,0.1,6822.95,100.0,18.6,8.49,713.16,0.01,186,0.27,0,0.0,57710.61,4847691.24,57.71,682.3,0.1,10,5.0,0.01,0,0.0,10.11,68353.5
1810,BUY,ST_FLIP_RED,2026-02-07T17:00:00,2026-02-07T18:00:00,long,68043.5,69159.5,100,0.1,6804.35,100.0,111.6,101.49,8525.16,0.1,1116,1.64,0,0.0,57812.1,4856216.4,57.81,680.44,0.1,10,5.0,0.01,0,0.0,10.11,67919.5
1811,SELL,ST_FLIP_GREEN,2026-02-07T18:00:00,2026-02-07T20:00:00,short,69159.5,69159.5,100,0.1,6915.95,100.0,0.0,-10.11,-849.24,-0.01,0,0.0,0,0.0,57801.99,4855367.16,57.8,691.6,0.1,10,5.0,0.01,0,0.0,10.11,69283.5
1812,BUY,ST_FLIP_RED,2026-02-07T20:00:00,2026-02-07T22:00:00,long,69159.5,69097.5,100,0.1,6915.95,100.0,-6.2,-16.31,-1370.04,-0.02,0,0.0,62,0.09,57785.68,4853997.12,57.79,691.6,0.1,10,5.0,0.01,0,0.0,10.11,69035.5
1813,SELL,ST_FLIP_GREEN,2026-02-07T22:00:00,2026-02-07T23:00:00,short,69097.5,69221.5,100,0.1,6909.75,100.0,-12.4,-22.51,-1890.84,-0.02,0,0.0,124,0.18,57763.17,4852106.28,57.76,690.98,0.1,10,5.0,0.01,0,0.0,10.11,69221.5
1814,BUY,ST_FLIP_RED,2026-02-07T23:00:00,2026-02-08T04:00:00,long,69221.5,69345.5,100,0.1,6922.15,100.0,12.4,2.29,192.36,0.0,124,0.18,0,0.0,57765.46,4852298.64,57.77,692.22,0.1,10,5.0,0.01,0,0.0,10.11,69097.5
1815,SELL,ST_FLIP_GREEN,2026-02-08T04:00:00,2026-02-08T06:00:00,short,69345.5,69159.5,100,0.1,6934.55,100.0,18.6,8.49,713.16,0.01,186,0.27,0,0.0,57773.95,4853011.8,57.77,693.46,0.1,10,5.0,0.01,0,0.0,10.11,69469.5
1816,BUY,ST_FLIP_RED,2026-02-08T06:00:00,2026-02-08T09:00:00,long,69159.5,69159.5,100,0.1,6915.95,100.0,0.0,-10.11,-849.24,-0.01,0,0.0,0,0.0,57763.84,4852162.56,57.76,691.6,0.1,10,5.0,0.01,0,0.0,10.11,69035.5
1817,SELL,ST_FLIP_GREEN,2026-02-08T09:00:00,2026-02-08T11:00:00,short,69159.5,69345.5,100,0.1,6915.95,100.0,-18.6,-28.71,-2411.64,-0.03,0,0.0,186,0.27,57735.13,4849750.92,57.74,691.6,0.1,10,5.0,0.01,0,0.0,10.11,69283.5
1818,BUY,ST_FLIP_RED,2026-02-08T11:00:00,2026-02-08T15:00:00,long,69345.5,70213.5,100,0.1,6934.55,100.0,86.8,76.69,6441.96,0.08,868,1.25,0,0.0,57811.82,4856192.88,57.81,693.46,0.1,10,5.0,0.01,0,0.0,10.11,69221.5
1819,SELL,ST_FLIP_GREEN,2026-02-08T15:00:00,2026-02-08T16:00:00,short,70213.5,70151.5,100,0.1,7021.35,100.0,6.2,-3.91,-328.44,-0.0,62,0.09,0,0.0,57807.91,4855864.44,57.81,702.13,0.1,10,5.0,0.01,0,0.0,10.11,70337.5
1820,BUY,ST_FLIP_RED,2026-02-08T16:00:00,2026-02-08T19:00:00,long,70151.5,71205.5,100,0.1,7015.15,100.0,105.4,95.29,8004.36,0.1,1054,1.5,0,0.0,57903.2,4863868.8,57.9,701.52,0.1,10,5.0,0.01,0,0.0,10.11,70027.5
1821,SELL,ST_FLIP_GREEN,2026-02-08T19:00:00,2026-02-08T21:00:00,short,71205.5,71081.5,100,0.1,7120.55,100.0,12.4,2.29,192.36,0.0,124,0.17,0,0.0,57905.49,4864061.16,57.91,712.06,0.1,10,5.0,0.01,0,0.0,10.11,71329.5
1822,BUY,ST_FLIP_RED,2026-02-08T21:00:00,2026-02-08T22:00:00,long,71081.5,70957.5,100,0.1,7108.15,100.0,-12.4,-22.51,-1890.84,-0.02,0,0.0,124,0.17,57882.98,4862170.32,57.88,710.82,0.1,10,5.0,0.01,0,0.0,10.11,70957.5
1823,SELL,ST_FLIP_GREEN,2026-02-08T22:00:00,2026-02-08T23:00:00,short,70957.5,70709.5,100,0.1,7095.75,100.0,24.8,14.69,1233.96,0.01,248,0.35,0,0.0,57897.67,4863404.28,57.9,709.58,0.1,10,5.0,0.01,0,0.0,10.11,71081.5
1824,BUY,ST_FLIP_RED,2026-02-08T23:00:00,2026-02-09T01:00:00,long,70709.5,70957.5,100,0.1,7070.95,100.0,24.8,14.69,1233.96,0.01,248,0.35,0,0.0,57912.36,4864638.24,57.91,707.1,0.1,10,5.0,0.01,0,0.0,10.11,70585.5
1825,SELL,ST_FLIP_GREEN,2026-02-09T01:00:00,2026-02-09T06:00:00,short,70957.5,70647.5,100,0.1,7095.75,100.0,31.0,20.89,1754.76,0.02,310,0.44,0,0.0,57933.25,4866393.0,57.93,709.58,0.1,10,5.0,0.01,0,0.0,10.11,71081.5
1826,BUY,ST_FLIP_RED,2026-02-09T06:00:00,2026-02-09T07:00:00,long,70647.5,70523.5,100,0.1,7064.75,100.0,-12.4,-22.51,-1890.84,-0.02,0,0.0,124,0.18,57910.74,4864502.16,57.91,706.48,0.1,10,5.0,0.01,0,0.0,10.11,70523.5
1827,SELL,ST_FLIP_GREEN,2026-02-09T07:00:00,2026-02-09T08:00:00,short,70523.5,70585.5,100,0.1,7052.35,100.0,-6.2,-16.31,-1370.04,-0.02,0,0.0,62,0.09,57894.43,4863132.12,57.89,705.24,0.1,10,5.0,0.01,0,0.0,10.11,70647.5
1828,BUY,ST_FLIP_RED,2026-02-09T08:00:00,2026-02-09T10:00:00,long,70585.5,71019.5,100,0.1,7058.55,100.0,43.4,33.29,2796.36,0.03,434,0.61,0,0.0,57927.72,4865928.48,57.93,705.86,0.1,10,5.0,0.01,0,0.0,10.11,70461.5
1829,SELL,ST_FLIP_GREEN,2026-02-09T10:00:00,2026-02-09T12:00:00,short,71019.5,70585.5,100,0.1,7101.95,100.0,43.4,33.29,2796.36,0.03,434,0.61,0,0.0,57961.01,4868724.84,57.96,710.2,0.1,10,5.0,0.01,0,0.0,10.11,71143.5
1830,BUY,ST_FLIP_RED,2026-02-09T12:00:00,2026-02-09T13:00:00,long,70585.5,70523.5,100,0.1,7058.55,100.0,-6.2,-16.31,-1370.04,-0.02,0,0.0,62,0.09,57944.7,4867354.8,57.94,705.86,0.1,10,5.0,0.01,0,0.0,10.11,70461.5
1831,SELL,ST_FLIP_GREEN,2026-02-09T13:00:00,2026-02-09T17:00:00,short,70523.5,69035.5,100,0.1,7052.35,100.0,148.8,138.69,11649.96,0.14,1488,2.11,0,0.0,58083.39,4879004.76,58.08,705.24,0.1,10,5.0,0.01,0,0.0,10.11,70647.5
1832,BUY,ST_FLIP_RED,2026-02-09T17:00:00,2026-02-09T19:00:00,long,69035.5,69035.5,100,0.1,6903.55,100.0,0.0,-10.11,-849.24,-0.01,0,0.0,0,0.0,58073.28,4878155.52,58.07,690.36,0.1,10,5.0,0.01,0,0.0,10.11,68911.5
1833,SELL,ST_FLIP_GREEN,2026-02-09T19:00:00,2026-02-09T21:00:00,short,69035.5,69097.5,100,0.1,6903.55,100.0,-6.2,-16.31,-1370.04,-0.02,0,0.0,62,0.09,58056.97,4876785.48,58.06,690.36,0.1,10,5.0,0.01,0,0.0,10.11,69159.5
1834,BUY,ST_FLIP_RED,2026-02-09T21:00:00,2026-02-10T02:00:00,long,69097.5,70399.5,100,0.1,6909.75,100.0,130.2,120.09,10087.56,0.12,1302,1.88,0,0.0,58177.06,4886873.04,58.18,690.98,0.1,10,5.0,0.01,0,0.0,10.11,68973.5
1835,SELL,ST_FLIP_GREEN,2026-02-10T02:00:00,2026-02-10T03:00:00,short,70399.5,70461.5,100,0.1,7039.95,100.0,-6.2,-16.31,-1370.04,-0.02,0,0.0,62,0.09,58160.75,4885503.0,58.16,704.0,0.1,10,5.0,0.01,0,0.0,10.11,70523.5
1836,BUY,ST_FLIP_RED,2026-02-10T03:00:00,2026-02-10T04:00:00,long,70461.5,70275.5,100,0.1,7046.15,100.0,-18.6,-28.71,-2411.64,-0.03,0,0.0,186,0.26,58132.04,4883091.36,58.13,704.62,0.1,10,5.0,0.01,0,0.0,10.11,70337.5
1837,SELL,ST_FLIP_GREEN,2026-02-10T04:00:00,2026-02-10T06:00:00,short,70275.5,70151.5,100,0.1,7027.55,100.0,12.4,2.29,192.36,0.0,124,0.18,0,0.0,58134.33,4883283.72,58.13,702.75,0.1,10,5.0,0.01,0,0.0,10.11,70399.5
1838,BUY,ST_FLIP_RED,2026-02-10T06:00:00,2026-02-10T08:00:00,long,70151.5,70151.5,100,0.1,7015.15,100.0,0.0,-10.11,-849.24,-0.01,0,0.0,0,0.0,58124.22,4882434.48,58.12,701.52,0.1,10,5.0,0.01,0,0.0,10.11,70027.5
1839,SELL,ST_FLIP_GREEN,2026-02-10T08:00:00,2026-02-10T09:00:00,short,70151.5,69655.5,100,0.1,7015.15,100.0,49.6,39.49,3317.16,0.04,496,0.71,0,0.0,58163.71,4885751.64,58.16,701.52,0.1,10,5.0,0.01,0,0.0,10.11,70275.5
1840,BUY,ST_FLIP_RED,2026-02-10T09:00:00,2026-02-10T10:00:00,long,69655.5,69655.5,100,0.1,6965.55,100.0,0.0,-10.11,-849.24,-0.01,0,0.0,0,0.0,58153.6,4884902.4,58.15,696.56,0.1,10,5.0,0.01,0,0.0,10.11,69531.5
1841,SELL,ST_FLIP_GREEN,2026-02-10T10:00:00,2026-02-10T14:00:00,short,69655.5,69221.5,100,0.1,6965.55,100.0,43.4,33.29,2796.36,0.03,434,0.62,0,0.0,58186.89,4887698.76,58.19,696.56,0.1,10,5.0,0.01,0,0.0,10.11,69779.5
1842,BUY,ST_FLIP_RED,2026-02-10T14:00:00,2026-02-10T15:00:00,long,69221.5,69097.5,100,0.1,6922.15,100.0,-12.4,-22.51,-1890.84,-0.02,0,0.0,124,0.18,58164.38,4885807.92,58.16,692.22,0.1,10,5.0,0.01,0,0.0,10.11,69097.5
1843,SELL,ST_FLIP_GREEN,2026-02-10T15:00:00,2026-02-10T19:00:00,short,69097.5,68911.5,100,0.1,6909.75,100.0,18.6,8.49,713.16,0.01,186,0.27,0,0.0,58172.87,4886521.08,58.17,690.98,0.1,10,5.0,0.01,0,0.0,10.11,69221.5
1844,BUY,ST_FLIP_RED,2026-02-10T19:00:00,2026-02-10T23:00:00,long,68911.5,69407.5,100,0.1,6891.15,100.0,49.6,39.49,3317.16,0.04,496,0.72,0,0.0,58212.36,4889838.24,58.21,689.12,0.1,10,5.0,0.01,0,0.0,10.11,68787.5
1845,SELL,ST_FLIP_GREEN,2026-02-10T23:00:00,2026-02-11T05:00:00,short,69407.5,68849.5,100,0.1,6940.75,100.0,55.8,45.69,3837.96,0.05,558,0.8,0,0.0,58258.05,4893676.2,58.26,694.08,0.1,10,5.0,0.01,0,0.0,10.11,69531.5
1846,BUY,ST_FLIP_RED,2026-02-11T05:00:00,2026-02-11T06:00:00,long,68849.5,68973.5,100,0.1,6884.95,100.0,12.4,2.29,192.36,0.0,124,0.18,0,0.0,58260.34,4893868.56,58.26,688.5,0.1,10,5.0,0.01,0,0.0,10.11,68725.5
1847,SELL,ST_FLIP_GREEN,2026-02-11T06:00:00,2026-02-11T17:00:00,short,68973.5,67051.5,100,0.1,6897.35,100.0,192.2,182.09,15295.56,0.18,1922,2.79,0,0.0,58442.43,4909164.12,58.44,689.74,0.1,10,5.0,0.01,0,0.0,10.11,69097.5
1848,BUY,ST_FLIP_RED,2026-02-11T17:00:00,2026-02-11T18:00:00,long,67051.5,67051.5,100,0.1,6705.15,100.0,0.0,-10.11,-849.24,-0.01,0,0.0,0,0.0,58432.32,4908314.88,58.43,670.52,0.1,10,5.0,0.01,0,0.0,10.11,66927.5
1849,SELL,ST_FLIP_GREEN,2026-02-11T18:00:00,2026-02-11T19:00:00,short,67051.5,67175.5,100,0.1,6705.15,100.0,-12.4,-22.51,-1890.84,-0.02,0,0.0,124,0.18,58409.81,4906424.04,58.41,670.52,0.1,10,5.0,0.01,0,0.0,10.11,67175.5
1850,BUY,ST_FLIP_RED,2026-02-11T19:00:00,2026-02-11T20:00:00,long,67175.5,67857.5,100,0.1,6717.55,100.0,68.2,58.09,4879.56,0.06,682,1.02,0,0.0,58467.9,4911303.6,58.47,671.75,0.1,10,5.0,0.01,0,0.0,10.11,67051.5
1851,SELL,ST_FLIP_GREEN,2026-02-11T20:00:00,2026-02-11T21:00:00,short,67857.5,66307.5,100,0.1,6785.75,100.0,155.0,144.89,12170.76,0.14,1550,2.28,0,0.0,58612.79,4923474.36,58.61,678.58,0.1,10,5.0,0.01,0,0.0,10.11,67981.5
1852,BUY,ST_FLIP_RED,2026-02-11T21:00:00,2026-02-12T01:00:00,long,66307.5,67175.5,100,0.1,6630.75,100.0,86.8,76.69,6441.96,0.08,868,1.31,0,0.0,58689.48,4929916.32,58.69,663.08,0.1,10,5.0,0.01,0,0.0,10.11,66183.5
1853,SELL,ST_FLIP_GREEN,2026-02-12T01:00:00,2026-02-12T02:00:00,short,67175.5,67361.5,100,0.1,6717.55,100.0,-18.6,-28.71,-2411.64,-0.03,0,0.0,186,0.28,58660.77,4927504.68,58.66,671.75,0.1,10,5.0,0.01,0,0.0,10.11,67299.5
1854,BUY,ST_FLIP_RED,2026-02-12T02:00:00,2026-02-12T03:00:00,long,67361.5,67981.5,100,0.1,6736.15,100.0,62.0,51.89,4358.76,0.05,620,0.92,0,0.0,58712.66,4931863.44,58.71,673.62,0.1,10,5.0,0.01,0,0.0,10.11,67237.5
1855,SELL,ST_FLIP_GREEN,2026-02-12T03:00:00,2026-02-12T05:00:00,short,67981.5,67237.5,100,0.1,6798.15,100.0,74.4,64.29,5400.36,0.06,744,1.09,0,0.0,58776.95,4937263.8,58.78,679.82,0.1,10,5.0,0.01,0,0.0,10.11,68105.5
1856,BUY,ST_FLIP_RED,2026-02-12T05:00:00,2026-02-12T07:00:00,long,67237.5,67547.5,100,0.1,6723.75,100.0,31.0,20.89,1754.76,0.02,310,0.46,0,0.0,58797.84,4939018.56,58.8,672.38,0.1,10,5.0,0.01,0,0.0,10.11,67113.5
1857,SELL,ST_FLIP_GREEN,2026-02-12T07:00:00,2026-02-12T11:00:00,short,67547.5,67051.5,100,0.1,6754.75,100.0,49.6,39.49,3317.16,0.04,496,0.73,0,0.0,58837.33,4942335.72,58.84,675.48,0.1,10,5.0,0.01,0,0.0,10.11,67671.5
1858,BUY,ST_FLIP_RED,2026-02-12T11:00:00,2026-02-12T13:00:00,long,67051.5,67113.5,100,0.1,6705.15,100.0,6.2,-3.91,-328.44,-0.0,62,0.09,0,0.0,58833.42,4942007.28,58.83,670.52,0.1,10,5.0,0.01,0,0.0,10.11,66927.5
1859,SELL,ST_FLIP_GREEN,2026-02-12T13:00:00,2026-02-12T14:00:00,short,67113.5,67051.5,100,0.1,6711.35,100.0,6.2,-3.91,-328.44,-0.0,62,0.09,0,0.0,58829.51,4941678.84,58.83,671.13,0.1,10,5.0,0.01,0,0.0,10.11,67237.5
1860,BUY,ST_FLIP_RED,2026-02-12T14:00:00,2026-02-12T17:00:00,long,67051.5,67981.5,100,0.1,6705.15,100.0,93.0,82.89,6962.76,0.08,930,1.39,0,0.0,58912.4,4948641.6,58.91,670.52,0.1,10,5.0,0.01,0,0.0,10.11,66927.5
1861,SELL,ST_FLIP_GREEN,2026-02-12T17:00:00,2026-02-12T19:00:00,short,67981.5,67981.5,100,0.1,6798.15,100.0,0.0,-10.11,-849.24,-0.01,0,0.0,0,0.0,58902.29,4947792.36,58.9,679.82,0.1,10,5.0,0.01,0,0.0,10.11,68105.5
1862,BUY,ST_FLIP_RED,2026-02-12T19:00:00,2026-02-12T20:00:00,long,67981.5,67795.5,100,0.1,6798.15,100.0,-18.6,-28.71,-2411.64,-0.03,0,0.0,186,0.27,58873.58,4945380.72,58.87,679.82,0.1,10,5.0,0.01,0,0.0,10.11,67857.5
1863,SELL,ST_FLIP_GREEN,2026-02-12T20:00:00,2026-02-13T00:00:00,short,67795.5,65501.5,100,0.1,6779.55,100.0,229.4,219.29,18420.36,0.22,2294,3.38,0,0.0,59092.87,4963801.08,59.09,677.96,0.1,10,5.0,0.01,0,0.0,10.11,67919.5
1864,BUY,ST_FLIP_RED,2026-02-13T00:00:00,2026-02-13T01:00:00,long,65501.5,65625.5,100,0.1,6550.15,100.0,12.4,2.29,192.36,0.0,124,0.19,0,0.0,59095.16,4963993.44,59.1,655.02,0.1,10,5.0,0.01,0,0.0,10.11,65377.5
1865,SELL,ST_FLIP_GREEN,2026-02-13T01:00:00,2026-02-13T02:00:00,short,65625.5,65625.5,100,0.1,6562.55,100.0,0.0,-10.11,-849.24,-0.01,0,0.0,0,0.0,59085.05,4963144.2,59.09,656.25,0.1,10,5.0,0.01,0,0.0,10.11,65749.5
1866,BUY,ST_FLIP_RED,2026-02-13T02:00:00,2026-02-13T05:00:00,long,65625.5,66183.5,100,0.1,6562.55,100.0,55.8,45.69,3837.96,0.05,558,0.85,0,0.0,59130.74,4966982.16,59.13,656.25,0.1,10,5.0,0.01,0,0.0,10.11,65501.5
1867,SELL,ST_FLIP_GREEN,2026-02-13T05:00:00,2026-02-13T06:00:00,short,66183.5,66183.5,100,0.1,6618.35,100.0,0.0,-10.11,-849.24,-0.01,0,0.0,0,0.0,59120.63,4966132.92,59.12,661.84,0.1,10,5.0,0.01,0,0.0,10.11,66307.5
1868,BUY,ST_FLIP_RED,2026-02-13T06:00:00,2026-02-13T09:00:00,long,66183.5,66431.5,100,0.1,6618.35,100.0,24.8,14.69,1233.96,0.01,248,0.37,0,0.0,59135.32,4967366.88,59.14,661.84,0.1,10,5.0,0.01,0,0.0,10.11,66059.5
1869,SELL,ST_FLIP_GREEN,2026-02-13T09:00:00,2026-02-13T12:00:00,short,66431.5,66307.5,100,0.1,6643.15,100.0,12.4,2.29,192.36,0.0,124,0.19,0,0.0,59137.61,4967559.24,59.14,664.32,0.1,10,5.0,0.01,0,0.0,10.11,66555.5
1870,BUY,ST_FLIP_RED,2026-02-13T12:00:00,2026-02-13T13:00:00,long,66307.5,66369.5,100,0.1,6630.75,100.0,6.2,-3.91,-328.44,-0.0,62,0.09,0,0.0,59133.7,4967230.8,59.13,663.08,0.1,10,5.0,0.01,0,0.0,10.11,66183.5
1871,SELL,ST_FLIP_GREEN,2026-02-13T13:00:00,2026-02-13T14:00:00,short,66369.5,66555.5,100,0.1,6636.95,100.0,-18.6,-28.71,-2411.64,-0.03,0,0.0,186,0.28,59104.99,4964819.16,59.1,663.7,0.1,10,5.0,0.01,0,0.0,10.11,66493.5
1872,BUY,ST_FLIP_RED,2026-02-13T14:00:00,2026-02-14T01:00:00,long,66555.5,68849.5,100,0.1,6655.55,100.0,229.4,219.29,18420.36,0.22,2294,3.45,0,0.0,59324.28,4983239.52,59.32,665.56,0.1,10,5.0,0.01,0,0.0,10.11,66431.5
1873,SELL,ST_FLIP_GREEN,2026-02-14T01:00:00,2026-02-14T06:00:00,short,68849.5,68973.5,100,0.1,6884.95,100.0,-12.4,-22.51,-1890.84,-0.02,0,0.0,124,0.18,59301.77,4981348.68,59.3,688.5,0.1,10,5.0,0.01,0,0.0,10.11,68973.5
1874,BUY,ST_FLIP_RED,2026-02-14T06:00:00,2026-02-14T07:00:00,long,68973.5,68911.5,100,0.1,6897.35,100.0,-6.2,-16.31,-1370.04,-0.02,0,0.0,62,0.09,59285.46,4979978.64,59.29,689.74,0.1,10,5.0,0.01,0,0.0,10.11,68849.5
1875,SELL,ST_FLIP_GREEN,2026-02-14T07:00:00,2026-02-14T13:00:00,short,68911.5,69035.5,100,0.1,6891.15,100.0,-12.4,-22.51,-1890.84,-0.02,0,0.0,124,0.18,59262.95,4978087.8,59.26,689.12,0.1,10,5.0,0.01,0,0.0,10.11,69035.5
1876,BUY,ST_FLIP_RED,2026-02-14T13:00:00,2026-02-14T18:00:00,long,69035.5,70089.5,100,0.1,6903.55,100.0,105.4,95.29,8004.36,0.1,1054,1.53,0,0.0,59358.24,4986092.16,59.36,690.36,0.1,10,5.0,0.01,0,0.0,10.11,68911.5
1877,SELL,ST_FLIP_GREEN,2026-02-14T18:00:00,2026-02-14T19:00:00,short,70089.5,69407.5,100,0.1,7008.95,100.0,68.2,58.09,4879.56,0.06,682,0.97,0,0.0,59416.33,4990971.72,59.42,700.9,0.1,10,5.0,0.01,0,0.0,10.11,70213.5
1878,BUY,ST_FLIP_RED,2026-02-14T19:00:00,2026-02-14T21:00:00,long,69407.5,69593.5,100,0.1,6940.75,100.0,18.6,8.49,713.16,0.01,186,0.27,0,0.0,59424.82,4991684.88,59.42,694.08,0.1,10,5.0,0.01,0,0.0,10.11,69283.5
1879,SELL,ST_FLIP_GREEN,2026-02-14T21:00:00,2026-02-14T22:00:00,short,69593.5,69531.5,100,0.1,6959.35,100.0,6.2,-3.91,-328.44,-0.0,62,0.09,0,0.0,59420.91,4991356.44,59.42,695.94,0.1,10,5.0,0.01,0,0.0,10.11,69717.5
1880,BUY,ST_FLIP_RED,2026-02-14T22:00:00,2026-02-14T23:00:00,long,69531.5,69655.5,100,0.1,6953.15,100.0,12.4,2.29,192.36,0.0,124,0.18,0,0.0,59423.2,4991548.8,59.42,695.32,0.1,10,5.0,0.01,0,0.0,10.11,69407.5
1881,SELL,ST_FLIP_GREEN,2026-02-14T23:00:00,2026-02-15T00:00:00,short,69655.5,69841.5,100,0.1,6965.55,100.0,-18.6,-28.71,-2411.64,-0.03,0,0.0,186,0.27,59394.49,4989137.16,59.39,696.56,0.1,10,5.0,0.01,0,0.0,10.11,69779.5
1882,BUY,ST_FLIP_RED,2026-02-15T00:00:00,2026-02-15T04:00:00,long,69841.5,69779.5,100,0.1,6984.15,100.0,-6.2,-16.31,-1370.04,-0.02,0,0.0,62,0.09,59378.18,4987767.12,59.38,698.42,0.1,10,5.0,0.01,0,0.0,10.11,69717.5
1883,SELL,ST_FLIP_GREEN,2026-02-15T04:00:00,2026-02-15T09:00:00,short,69779.5,69655.5,100,0.1,6977.95,100.0,12.4,2.29,192.36,0.0,124,0.18,0,0.0,59380.47,4987959.48,59.38,697.8,0.1,10,5.0,0.01,0,0.0,10.11,69903.5
1884,BUY,ST_FLIP_RED,2026-02-15T09:00:00,2026-02-15T15:00:00,long,69655.5,70461.5,100,0.1,6965.55,100.0,80.6,70.49,5921.16,0.07,806,1.16,0,0.0,59450.96,4993880.64,59.45,696.56,0.1,10,5.0,0.01,0,0.0,10.11,69531.5
1885,SELL,ST_FLIP_GREEN,2026-02-15T15:00:00,2026-02-15T21:00:00,short,70461.5,69097.5,100,0.1,7046.15,100.0,136.4,126.29,10608.36,0.13,1364,1.94,0,0.0,59577.25,5004489.0,59.58,704.62,0.1,10,5.0,0.01,0,0.0,10.11,70585.5
1886,BUY,ST_FLIP_RED,2026-02-15T21:00:00,2026-02-15T22:00:00,long,69097.5,68911.5,100,0.1,6909.75,100.0,-18.6,-28.71,-2411.64,-0.03,0,0.0,186,0.27,59548.54,5002077.36,59.55,690.98,0.1,10,5.0,0.01,0,0.0,10.11,68973.5
1887,SELL,ST_FLIP_GREEN,2026-02-15T22:00:00,2026-02-16T02:00:00,short,68911.5,68663.5,100,0.1,6891.15,100.0,24.8,14.69,1233.96,0.01,248,0.36,0,0.0,59563.23,5003311.32,59.56,689.12,0.1,10,5.0,0.01,0,0.0,10.11,69035.5
1888,BUY,ST_FLIP_RED,2026-02-16T02:00:00,2026-02-16T04:00:00,long,68663.5,68787.5,100,0.1,6866.35,100.0,12.4,2.29,192.36,0.0,124,0.18,0,0.0,59565.52,5003503.68,59.57,686.63,0.1,10,5.0,0.01,0,0.0,10.11,68539.5
1889,SELL,ST_FLIP_GREEN,2026-02-16T04:00:00,2026-02-16T05:00:00,short,68787.5,68787.5,100,0.1,6878.75,100.0,0.0,-10.11,-849.24,-0.01,0,0.0,0,0.0,59555.41,5002654.44,59.56,687.88,0.1,10,5.0,0.01,0,0.0,10.11,68911.5
1890,BUY,ST_FLIP_RED,2026-02-16T05:00:00,2026-02-16T06:00:00,long,68787.5,68663.5,100,0.1,6878.75,100.0,-12.4,-22.51,-1890.84,-0.02,0,0.0,124,0.18,59532.9,5000763.6,59.53,687.88,0.1,10,5.0,0.01,0,0.0,10.11,68663.5
1891,SELL,ST_FLIP_GREEN,2026-02-16T06:00:00,2026-02-16T09:00:00,short,68663.5,68353.5,100,0.1,6866.35,100.0,31.0,20.89,1754.76,0.02,310,0.45,0,0.0,59553.79,5002518.36,59.55,686.63,0.1,10,5.0,0.01,0,0.0,10.11,68787.5
1892,BUY,ST_FLIP_RED,2026-02-16T09:00:00,2026-02-16T10:00:00,long,68353.5,68601.5,100,0.1,6835.35,100.0,24.8,14.69,1233.96,0.01,248,0.36,0,0.0,59568.48,5003752.32,59.57,683.54,0.1,10,5.0,0.01,0,0.0,10.11,68229.5
1893,SELL,ST_FLIP_GREEN,2026-02-16T10:00:00,2026-02-16T12:00:00,short,68601.5,68539.5,100,0.1,6860.15,100.0,6.2,-3.91,-328.44,-0.0,62,0.09,0,0.0,59564.57,5003423.88,59.56,686.02,0.1,10,5.0,0.01,0,0.0,10.11,68725.5
1894,BUY,ST_FLIP_RED,2026-02-16T12:00:00,2026-02-16T15:00:00,long,68539.5,68725.5,100,0.1,6853.95,100.0,18.6,8.49,713.16,0.01,186,0.27,0,0.0,59573.06,5004137.04,59.57,685.4,0.1,10,5.0,0.01,0,0.0,10.11,68415.5
1895,SELL,ST_FLIP_GREEN,2026-02-16T15:00:00,2026-02-16T17:00:00,short,68725.5,68849.5,100,0.1,6872.55,100.0,-12.4,-22.51,-1890.84,-0.02,0,0.0,124,0.18,59550.55,5002246.2,59.55,687.25,0.1,10,5.0,0.01,0,0.0,10.11,68849.5
1896,BUY,ST_FLIP_RED,2026-02-16T17:00:00,2026-02-16T18:00:00,long,68849.5,69345.5,100,0.1,6884.95,100.0,49.6,39.49,3317.16,0.04,496,0.72,0,0.0,59590.04,5005563.36,59.59,688.5,0.1,10,5.0,0.01,0,0.0,10.11,68725.5
1897,SELL,ST_FLIP_GREEN,2026-02-16T18:00:00,2026-02-16T23:00:00,short,69345.5,67981.5,100,0.1,6934.55,100.0,136.4,126.29,10608.36,0.13,1364,1.97,0,0.0,59716.33,5016171.72,59.72,693.46,0.1,10,5.0,0.01,0,0.0,10.11,69469.5
1898,BUY,ST_FLIP_RED,2026-02-16T23:00:00,2026-02-17T00:00:00,long,67981.5,67981.5,100,0.1,6798.15,100.0,0.0,-10.11,-849.24,-0.01,0,0.0,0,0.0,59706.22,5015322.48,59.71,679.82,0.1,10,5.0,0.01,0,0.0,10.11,67857.5
1899,SELL,ST_FLIP_GREEN,2026-02-17T00:00:00,2026-02-17T01:00:00,short,67981.5,68105.5,100,0.1,6798.15,100.0,-12.4,-22.51,-1890.84,-0.02,0,0.0,124,0.18,59683.71,5013431.64,59.68,679.82,0.1,10,5.0,0.01,0,0.0,10.11,68105.5
1900,BUY,ST_FLIP_RED,2026-02-17T01:00:00,2026-02-17T08:00:00,long,68105.5,68787.5,100,0.1,6810.55,100.0,68.2,58.09,4879.56,0.06,682,1.0,0,0.0,59741.8,5018311.2,59.74,681.06,0.1,10,5.0,0.01,0,0.0,10.11,67981.5
1901,SELL,ST_FLIP_GREEN,2026-02-17T08:00:00,2026-02-17T11:00:00,short,68787.5,68229.5,100,0.1,6878.75,100.0,55.8,45.69,3837.96,0.05,558,0.81,0,0.0,59787.49,5022149.16,59.79,687.88,0.1,10,5.0,0.01,0,0.0,10.11,68911.5
1902,BUY,ST_FLIP_RED,2026-02-17T11:00:00,2026-02-17T12:00:00,long,68229.5,68229.5,100,0.1,6822.95,100.0,0.0,-10.11,-849.24,-0.01,0,0.0,0,0.0,59777.38,5021299.92,59.78,682.3,0.1,10,5.0,0.01,0,0.0,10.11,68105.5
1903,SELL,ST_FLIP_GREEN,2026-02-17T12:00:00,2026-02-17T17:00:00,short,68229.5,68105.5,100,0.1,6822.95,100.0,12.4,2.29,192.36,0.0,124,0.18,0,0.0,59779.67,5021492.28,59.78,682.3,0.1,10,5.0,0.01,0,0.0,10.11,68353.5
1904,BUY,ST_FLIP_RED,2026-02-17T17:00:00,2026-02-17T20:00:00,long,68105.5,67919.5,100,0.1,6810.55,100.0,-18.6,-28.71,-2411.64,-0.03,0,0.0,186,0.27,59750.96,5019080.64,59.75,681.06,0.1,10,5.0,0.01,0,0.0,10.11,67981.5
1905,SELL,ST_FLIP_GREEN,2026-02-17T20:00:00,2026-02-17T21:00:00,short,67919.5,66989.5,100,0.1,6791.95,100.0,93.0,82.89,6962.76,0.08,930,1.37,0,0.0,59833.85,5026043.4,59.83,679.2,0.1,10,5.0,0.01,0,0.0,10.11,68043.5
1906,BUY,ST_FLIP_RED,2026-02-17T21:00:00,2026-02-18T01:00:00,long,66989.5,67671.5,100,0.1,6698.95,100.0,68.2,58.09,4879.56,0.06,682,1.02,0,0.0,59891.94,5030922.96,59.89,669.9,0.1,10,5.0,0.01,0,0.0,10.11,66865.5
1907,SELL,ST_FLIP_GREEN,2026-02-18T01:00:00,2026-02-18T07:00:00,short,67671.5,67237.5,100,0.1,6767.15,100.0,43.4,33.29,2796.36,0.03,434,0.64,0,0.0,59925.23,5033719.32,59.93,676.72,0.1,10,5.0,0.01,0,0.0,10.11,67795.5
1908,BUY,ST_FLIP_RED,2026-02-18T07:00:00,2026-02-18T15:00:00,long,67237.5,68043.5,100,0.1,6723.75,100.0,80.6,70.49,5921.16,0.07,806,1.2,0,0.0,59995.72,5039640.48,60.0,672.38,0.1,10,5.0,0.01,0,0.0,10.11,67113.5
1909,SELL,ST_FLIP_GREEN,2026-02-18T15:00:00,2026-02-18T20:00:00,short,68043.5,67299.5,100,0.1,6804.35,100.0,74.4,64.29,5400.36,0.06,744,1.09,0,0.0,60060.01,5045040.84,60.06,680.44,0.1,10,5.0,0.01,0,0.0,10.11,68167.5
1910,BUY,ST_FLIP_RED,2026-02-18T20:00:00,2026-02-18T21:00:00,long,67299.5,67175.5,100,0.1,6729.95,100.0,-12.4,-22.51,-1890.84,-0.02,0,0.0,124,0.18,60037.5,5043150.0,60.04,673.0,0.1,10,5.0,0.01,0,0.0,10.11,67175.5
1911,SELL,ST_FLIP_GREEN,2026-02-18T21:00:00,2026-02-19T02:00:00,short,67175.5,66431.5,100,0.1,6717.55,100.0,74.4,64.29,5400.36,0.06,744,1.11,0,0.0,60101.79,5048550.36,60.1,671.75,0.1,10,5.0,0.01,0,0.0,10.11,67299.5
1912,BUY,ST_FLIP_RED,2026-02-19T02:00:00,2026-02-19T03:00:00,long,66431.5,66245.5,100,0.1,6643.15,100.0,-18.6,-28.71,-2411.64,-0.03,0,0.0,186,0.28,60073.08,5046138.72,60.07,664.32,0.1,10,5.0,0.01,0,0.0,10.11,66307.5
1913,SELL,ST_FLIP_GREEN,2026-02-19T03:00:00,2026-02-19T05:00:00,short,66245.5,66431.5,100,0.1,6624.55,100.0,-18.6,-28.71,-2411.64,-0.03,0,0.0,186,0.28,60044.37,5043727.08,60.04,662.46,0.1,10,5.0,0.01,0,0.0,10.11,66369.5
1914,BUY,ST_FLIP_RED,2026-02-19T05:00:00,2026-02-19T10:00:00,long,66431.5,66741.5,100,0.1,6643.15,100.0,31.0,20.89,1754.76,0.02,310,0.47,0,0.0,60065.26,5045481.84,60.07,664.32,0.1,10,5.0,0.01,0,0.0,10.11,66307.5
1915,SELL,ST_FLIP_GREEN,2026-02-19T10:00:00,2026-02-19T11:00:00,short,66741.5,66865.5,100,0.1,6674.15,100.0,-12.4,-22.51,-1890.84,-0.02,0,0.0,124,0.19,60042.75,5043591.0,60.04,667.42,0.1,10,5.0,0.01,0,0.0,10.11,66865.5
1916,BUY,ST_FLIP_RED,2026-02-19T11:00:00,2026-02-19T13:00:00,long,66865.5,66989.5,100,0.1,6686.55,100.0,12.4,2.29,192.36,0.0,124,0.19,0,0.0,60045.04,5043783.36,60.05,668.65,0.1,10,5.0,0.01,0,0.0,10.11,66741.5
1917,SELL,ST_FLIP_GREEN,2026-02-19T13:00:00,2026-02-19T14:00:00,short,66989.5,67051.5,100,0.1,6698.95,100.0,-6.2,-16.31,-1370.04,-0.02,0,0.0,62,0.09,60028.73,5042413.32,60.03,669.9,0.1,10,5.0,0.01,0,0.0,10.11,67113.5
1918,BUY,ST_FLIP_RED,2026-02-19T14:00:00,2026-02-19T15:00:00,long,67051.5,66927.5,100,0.1,6705.15,100.0,-12.4,-22.51,-1890.84,-0.02,0,0.0,124,0.18,60006.22,5040522.48,60.01,670.52,0.1,10,5.0,0.01,0,0.0,10.11,66927.5
1919,SELL,ST_FLIP_GREEN,2026-02-19T15:00:00,2026-02-19T21:00:00,short,66927.5,66183.5,100,0.1,6692.75,100.0,74.4,64.29,5400.36,0.06,744,1.11,0,0.0,60070.51,5045922.84,60.07,669.27,0.1,10,5.0,0.01,0,0.0,10.11,67051.5
1920,BUY,ST_FLIP_RED,2026-02-19T21:00:00,2026-02-20T03:00:00,long,66183.5,66803.5,100,0.1,6618.35,100.0,62.0,51.89,4358.76,0.05,620,0.94,0,0.0,60122.4,5050281.6,60.12,661.84,0.1,10,5.0,0.01,0,0.0,10.11,66059.5
1921,SELL,ST_FLIP_GREEN,2026-02-20T03:00:00,2026-02-20T04:00:00,short,66803.5,66927.5,100,0.1,6680.35,100.0,-12.4,-22.51,-1890.84,-0.02,0,0.0,124,0.19,60099.89,5048390.76,60.1,668.04,0.1,10,5.0,0.01,0,0.0,10.11,66927.5
1922,BUY,ST_FLIP_RED,2026-02-20T04:00:00,2026-02-20T07:00:00,long,66927.5,67113.5,100,0.1,6692.75,100.0,18.6,8.49,713.16,0.01,186,0.28,0,0.0,60108.38,5049103.92,60.11,669.27,0.1,10,5.0,0.01,0,0.0,10.11,66803.5
1923,SELL,ST_FLIP_GREEN,2026-02-20T07:00:00,2026-02-20T08:00:00,short,67113.5,67299.5,100,0.1,6711.35,100.0,-18.6,-28.71,-2411.64,-0.03,0,0.0,186,0.28,60079.67,5046692.28,60.08,671.13,0.1,10,5.0,0.01,0,0.0,10.11,67237.5
1924,BUY,ST_FLIP_RED,2026-02-20T08:00:00,2026-02-20T09:00:00,long,67299.5,67237.5,100,0.1,6729.95,100.0,-6.2,-16.31,-1370.04,-0.02,0,0.0,62,0.09,60063.36,5045322.24,60.06,673.0,0.1,10,5.0,0.01,0,0.0,10.11,67175.5
1925,SELL,ST_FLIP_GREEN,2026-02-20T09:00:00,2026-02-20T10:00:00,short,67237.5,67361.5,100,0.1,6723.75,100.0,-12.4,-22.51,-1890.84,-0.02,0,0.0,124,0.18,60040.85,5043431.4,60.04,672.38,0.1,10,5.0,0.01,0,0.0,10.11,67361.5
1926,BUY,ST_FLIP_RED,2026-02-20T10:00:00,2026-02-20T16:00:00,long,67361.5,67981.5,100,0.1,6736.15,100.0,62.0,51.89,4358.76,0.05,620,0.92,0,0.0,60092.74,5047790.16,60.09,673.62,0.1,10,5.0,0.01,0,0.0,10.11,67237.5
1927,SELL,ST_FLIP_GREEN,2026-02-20T16:00:00,2026-02-20T20:00:00,short,67981.5,67175.5,100,0.1,6798.15,100.0,80.6,70.49,5921.16,0.07,806,1.19,0,0.0,60163.23,5053711.32,60.16,679.82,0.1,10,5.0,0.01,0,0.0,10.11,68105.5
1928,BUY,ST_FLIP_RED,2026-02-20T20:00:00,2026-02-20T21:00:00,long,67175.5,67299.5,100,0.1,6717.55,100.0,12.4,2.29,192.36,0.0,124,0.18,0,0.0,60165.52,5053903.68,60.17,671.75,0.1,10,5.0,0.01,0,0.0,10.11,67051.5
1929,SELL,ST_FLIP_GREEN,2026-02-20T21:00:00,2026-02-20T23:00:00,short,67299.5,67237.5,100,0.1,6729.95,100.0,6.2,-3.91,-328.44,-0.0,62,0.09,0,0.0,60161.61,5053575.24,60.16,673.0,0.1,10,5.0,0.01,0,0.0,10.11,67423.5
1930,BUY,ST_FLIP_RED,2026-02-20T23:00:00,2026-02-21T08:00:00,long,67237.5,67795.5,100,0.1,6723.75,100.0,55.8,45.69,3837.96,0.05,558,0.83,0,0.0,60207.3,5057413.2,60.21,672.38,0.1,10,5.0,0.01,0,0.0,10.11,67113.5
1931,SELL,ST_FLIP_GREEN,2026-02-21T08:00:00,2026-02-21T13:00:00,short,67795.5,67919.5,100,0.1,6779.55,100.0,-12.4,-22.51,-1890.84,-0.02,0,0.0,124,0.18,60184.79,5055522.36,60.18,677.96,0.1,10,5.0,0.01,0,0.0,10.11,67919.5
1932,BUY,ST_FLIP_RED,2026-02-21T13:00:00,2026-02-21T17:00:00,long,67919.5,67981.5,100,0.1,6791.95,100.0,6.2,-3.91,-328.44,-0.0,62,0.09,0,0.0,60180.88,5055193.92,60.18,679.2,0.1,10,5.0,0.01,0,0.0,10.11,67795.5
1933,SELL,ST_FLIP_GREEN,2026-02-21T17:00:00,2026-02-21T18:00:00,short,67981.5,68105.5,100,0.1,6798.15,100.0,-12.4,-22.51,-1890.84,-0.02,0,0.0,124,0.18,60158.37,5053303.08,60.16,679.82,0.1,10,5.0,0.01,0,0.0,10.11,68105.5
1934,BUY,ST_FLIP_RED,2026-02-21T18:00:00,2026-02-21T21:00:00,long,68105.5,68229.5,100,0.1,6810.55,100.0,12.4,2.29,192.36,0.0,124,0.18,0,0.0,60160.66,5053495.44,60.16,681.06,0.1,10,5.0,0.01,0,0.0,10.11,67981.5
1935,SELL,ST_FLIP_GREEN,2026-02-21T21:00:00,2026-02-21T23:00:00,short,68229.5,68415.5,100,0.1,6822.95,100.0,-18.6,-28.71,-2411.64,-0.03,0,0.0,186,0.27,60131.95,5051083.8,60.13,682.3,0.1,10,5.0,0.01,0,0.0,10.11,68353.5
1936,BUY,ST_FLIP_RED,2026-02-21T23:00:00,2026-02-22T02:00:00,long,68415.5,68291.5,100,0.1,6841.55,100.0,-12.4,-22.51,-1890.84,-0.02,0,0.0,124,0.18,60109.44,5049192.96,60.11,684.15,0.1,10,5.0,0.01,0,0.0,10.11,68291.5
1937,SELL,ST_FLIP_GREEN,2026-02-22T02:00:00,2026-02-22T06:00:00,short,68291.5,68043.5,100,0.1,6829.15,100.0,24.8,14.69,1233.96,0.01,248,0.36,0,0.0,60124.13,5050426.92,60.12,682.92,0.1,10,5.0,0.01,0,0.0,10.11,68415.5
1938,BUY,ST_FLIP_RED,2026-02-22T06:00:00,2026-02-22T08:00:00,long,68043.5,67919.5,100,0.1,6804.35,100.0,-12.4,-22.51,-1890.84,-0.02,0,0.0,124,0.18,60101.62,5048536.08,60.1,680.44,0.1,10,5.0,0.01,0,0.0,10.11,67919.5
1939,SELL,ST_FLIP_GREEN,2026-02-22T08:00:00,2026-02-22T11:00:00,short,67919.5,68105.5,100,0.1,6791.95,100.0,-18.6,-28.71,-2411.64,-0.03,0,0.0,186,0.27,60072.91,5046124.44,60.07,679.2,0.1,10,5.0,0.01,0,0.0,10.11,68043.5
1940,BUY,ST_FLIP_RED,2026-02-22T11:00:00,2026-02-22T13:00:00,long,68105.5,67919.5,100,0.1,6810.55,100.0,-18.6,-28.71,-2411.64,-0.03,0,0.0,186,0.27,60044.2,5043712.8,60.04,681.06,0.1,10,5.0,0.01,0,0.0,10.11,67981.5
1941,SELL,ST_FLIP_GREEN,2026-02-22T13:00:00,2026-02-22T15:00:00,short,67919.5,68105.5,100,0.1,6791.95,100.0,-18.6,-28.71,-2411.64,-0.03,0,0.0,186,0.27,60015.49,5041301.16,60.02,679.2,0.1,10,5.0,0.01,0,0.0,10.11,68043.5
1942,BUY,ST_FLIP_RED,2026-02-22T15:00:00,2026-02-22T18:00:00,long,68105.5,67981.5,100,0.1,6810.55,100.0,-12.4,-22.51,-1890.84,-0.02,0,0.0,124,0.18,59992.98,5039410.32,59.99,681.06,0.1,10,5.0,0.01,0,0.0,10.11,67981.5
1943,SELL,ST_FLIP_GREEN,2026-02-22T18:00:00,2026-02-23T03:00:00,short,67981.5,67547.5,100,0.1,6798.15,100.0,43.4,33.29,2796.36,0.03,434,0.64,0,0.0,60026.27,5042206.68,60.03,679.82,0.1,10,5.0,0.01,0,0.0,10.11,68105.5
1944,BUY,ST_FLIP_RED,2026-02-23T03:00:00,2026-02-23T05:00:00,long,67547.5,67423.5,100,0.1,6754.75,100.0,-12.4,-22.51,-1890.84,-0.02,0,0.0,124,0.18,60003.76,5040315.84,60.0,675.48,0.1,10,5.0,0.01,0,0.0,10.11,67423.5
1945,SELL,ST_FLIP_GREEN,2026-02-23T05:00:00,2026-02-23T10:00:00,short,67423.5,64943.5,100,0.1,6742.35,100.0,248.0,237.89,19982.76,0.24,2480,3.68,0,0.0,60241.65,5060298.6,60.24,674.24,0.1,10,5.0,0.01,0,0.0,10.11,67547.5
1946,BUY,ST_FLIP_RED,2026-02-23T10:00:00,2026-02-23T17:00:00,long,64943.5,66121.5,100,0.1,6494.35,100.0,117.8,107.69,9045.96,0.11,1178,1.81,0,0.0,60349.34,5069344.56,60.35,649.44,0.1,10,5.0,0.01,0,0.0,10.11,64819.5
1947,SELL,ST_FLIP_GREEN,2026-02-23T17:00:00,2026-02-23T18:00:00,short,66121.5,66245.5,100,0.1,6612.15,100.0,-12.4,-22.51,-1890.84,-0.02,0,0.0,124,0.19,60326.83,5067453.72,60.33,661.22,0.1,10,5.0,0.01,0,0.0,10.11,66245.5
1948,BUY,ST_FLIP_RED,2026-02-23T18:00:00,2026-02-23T19:00:00,long,66245.5,66059.5,100,0.1,6624.55,100.0,-18.6,-28.71,-2411.64,-0.03,0,0.0,186,0.28,60298.12,5065042.08,60.3,662.46,0.1,10,5.0,0.01,0,0.0,10.11,66121.5
1949,SELL,ST_FLIP_GREEN,2026-02-23T19:00:00,2026-02-23T23:00:00,short,66059.5,64757.5,100,0.1,6605.95,100.0,130.2,120.09,10087.56,0.12,1302,1.97,0,0.0,60418.21,5075129.64,60.42,660.6,0.1,10,5.0,0.01,0,0.0,10.11,66183.5
1950,BUY,ST_FLIP_RED,2026-02-23T23:00:00,2026-02-24T00:00:00,long,64757.5,64633.5,100,0.1,6475.75,100.0,-12.4,-22.51,-1890.84,-0.02,0,0.0,124,0.19,60395.7,5073238.8,60.4,647.58,0.1,10,5.0,0.01,0,0.0,10.11,64633.5
1951,SELL,ST_FLIP_GREEN,2026-02-24T00:00:00,2026-02-24T02:00:00,short,64633.5,64199.5,100,0.1,6463.35,100.0,43.4,33.29,2796.36,0.03,434,0.67,0,0.0,60428.99,5076035.16,60.43,646.34,0.1,10,5.0,0.01,0,0.0,10.11,64757.5
1952,BUY,ST_FLIP_RED,2026-02-24T02:00:00,2026-02-24T06:00:00,long,64199.5,64695.5,100,0.1,6419.95,100.0,49.6,39.49,3317.16,0.04,496,0.77,0,0.0,60468.48,5079352.32,60.47,642.0,0.1,10,5.0,0.01,0,0.0,10.11,64075.5
1953,SELL,ST_FLIP_GREEN,2026-02-24T06:00:00,2026-02-24T11:00:00,short,64695.5,63021.5,100,0.1,6469.55,100.0,167.4,157.29,13212.36,0.16,1674,2.59,0,0.0,60625.77,5092564.68,60.63,646.96,0.1,10,5.0,0.01,0,0.0,10.11,64819.5
1954,BUY,ST_FLIP_RED,2026-02-24T11:00:00,2026-02-24T14:00:00,long,63021.5,63083.5,100,0.1,6302.15,100.0,6.2,-3.91,-328.44,-0.0,62,0.1,0,0.0,60621.86,5092236.24,60.62,630.22,0.1,10,5.0,0.01,0,0.0,10.11,62897.5
1955,SELL,ST_FLIP_GREEN,2026-02-24T14:00:00,2026-02-24T15:00:00,short,63083.5,63269.5,100,0.1,6308.35,100.0,-18.6,-28.71,-2411.64,-0.03,0,0.0,186,0.29,60593.15,5089824.6,60.59,630.84,0.1,10,5.0,0.01,0,0.0,10.11,63207.5
1956,BUY,ST_FLIP_RED,2026-02-24T15:00:00,2026-02-24T18:00:00,long,63269.5,63083.5,100,0.1,6326.95,100.0,-18.6,-28.71,-2411.64,-0.03,0,0.0,186,0.29,60564.44,5087412.96,60.56,632.7,0.1,10,5.0,0.01,0,0.0,10.11,63145.5
1957,SELL,ST_FLIP_GREEN,2026-02-24T18:00:00,2026-02-24T20:00:00,short,63083.5,63083.5,100,0.1,6308.35,100.0,0.0,-10.11,-849.24,-0.01,0,0.0,0,0.0,60554.33,5086563.72,60.55,630.84,0.1,10,5.0,0.01,0,0.0,10.11,63207.5
1958,BUY,ST_FLIP_RED,2026-02-24T20:00:00,2026-02-25T02:00:00,long,63083.5,64199.5,100,0.1,6308.35,100.0,111.6,101.49,8525.16,0.1,1116,1.77,0,0.0,60655.82,5095088.88,60.66,630.84,0.1,10,5.0,0.01,0,0.0,10.11,62959.5
1959,SELL,ST_FLIP_GREEN,2026-02-25T02:00:00,2026-02-25T03:00:00,short,64199.5,64075.5,100,0.1,6419.95,100.0,12.4,2.29,192.36,0.0,124,0.19,0,0.0,60658.11,5095281.24,60.66,642.0,0.1,10,5.0,0.01,0,0.0,10.11,64323.5
1960,BUY,ST_FLIP_RED,2026-02-25T03:00:00,2026-02-25T05:00:00,long,64075.5,63951.5,100,0.1,6407.55,100.0,-12.4,-22.51,-1890.84,-0.02,0,0.0,124,0.19,60635.6,5093390.4,60.64,640.75,0.1,10,5.0,0.01,0,0.0,10.11,63951.5
1961,SELL,ST_FLIP_GREEN,2026-02-25T05:00:00,2026-02-25T06:00:00,short,63951.5,64075.5,100,0.1,6395.15,100.0,-12.4,-22.51,-1890.84,-0.02,0,0.0,124,0.19,60613.09,5091499.56,60.61,639.52,0.1,10,5.0,0.01,0,0.0,10.11,64075.5
1962,BUY,ST_FLIP_RED,2026-02-25T06:00:00,2026-02-25T08:00:00,long,64075.5,65873.5,100,0.1,6407.55,100.0,179.8,169.69,14253.96,0.17,1798,2.81,0,0.0,60782.78,5105753.52,60.78,640.75,0.1,10,5.0,0.01,0,0.0,10.11,63951.5
1963,SELL,ST_FLIP_GREEN,2026-02-25T08:00:00,2026-02-25T13:00:00,short,65873.5,65191.5,100,0.1,6587.35,100.0,68.2,58.09,4879.56,0.06,682,1.04,0,0.0,60840.87,5110633.08,60.84,658.74,0.1,10,5.0,0.01,0,0.0,10.11,65997.5
1964,BUY,ST_FLIP_RED,2026-02-25T13:00:00,2026-02-25T15:00:00,long,65191.5,65315.5,100,0.1,6519.15,100.0,12.4,2.29,192.36,0.0,124,0.19,0,0.0,60843.16,5110825.44,60.84,651.92,0.1,10,5.0,0.01,0,0.0,10.11,65067.5
1965,SELL,ST_FLIP_GREEN,2026-02-25T15:00:00,2026-02-25T17:00:00,short,65315.5,65501.5,100,0.1,6531.55,100.0,-18.6,-28.71,-2411.64,-0.03,0,0.0,186,0.28,60814.45,5108413.8,60.81,653.15,0.1,10,5.0,0.01,0,0.0,10.11,65439.5
1966,BUY,ST_FLIP_RED,2026-02-25T17:00:00,2026-02-26T00:00:00,long,65501.5,69097.5,100,0.1,6550.15,100.0,359.6,349.49,29357.16,0.35,3596,5.49,0,0.0,61163.94,5137770.96,61.16,655.02,0.1,10,5.0,0.01,0,0.0,10.11,65377.5
1967,SELL,ST_FLIP_GREEN,2026-02-26T00:00:00,2026-02-26T08:00:00,short,69097.5,68105.5,100,0.1,6909.75,100.0,99.2,89.09,7483.56,0.09,992,1.44,0,0.0,61253.03,5145254.52,61.25,690.98,0.1,10,5.0,0.01,0,0.0,10.11,69221.5
1968,BUY,ST_FLIP_RED,2026-02-26T08:00:00,2026-02-26T10:00:00,long,68105.5,68291.5,100,0.1,6810.55,100.0,18.6,8.49,713.16,0.01,186,0.27,0,0.0,61261.52,5145967.68,61.26,681.06,0.1,10,5.0,0.01,0,0.0,10.11,67981.5
1969,SELL,ST_FLIP_GREEN,2026-02-26T10:00:00,2026-02-26T15:00:00,short,68291.5,68229.5,100,0.1,6829.15,100.0,6.2,-3.91,-328.44,-0.0,62,0.09,0,0.0,61257.61,5145639.24,61.26,682.92,0.1,10,5.0,0.01,0,0.0,10.11,68415.5
1970,BUY,ST_FLIP_RED,2026-02-26T15:00:00,2026-02-26T16:00:00,long,68229.5,68167.5,100,0.1,6822.95,100.0,-6.2,-16.31,-1370.04,-0.02,0,0.0,62,0.09,61241.3,5144269.2,61.24,682.3,0.1,10,5.0,0.01,0,0.0,10.11,68105.5
1971,SELL,ST_FLIP_GREEN,2026-02-26T16:00:00,2026-02-26T21:00:00,short,68167.5,67175.5,100,0.1,6816.75,100.0,99.2,89.09,7483.56,0.09,992,1.46,0,0.0,61330.39,5151752.76,61.33,681.67,0.1,10,5.0,0.01,0,0.0,10.11,68291.5
1972,BUY,ST_FLIP_RED,2026-02-26T21:00:00,2026-02-26T22:00:00,long,67175.5,67237.5,100,0.1,6717.55,100.0,6.2,-3.91,-328.44,-0.0,62,0.09,0,0.0,61326.48,5151424.32,61.33,671.75,0.1,10,5.0,0.01,0,0.0,10.11,67051.5
1973,SELL,ST_FLIP_GREEN,2026-02-26T22:00:00,2026-02-27T00:00:00,short,67237.5,67051.5,100,0.1,6723.75,100.0,18.6,8.49,713.16,0.01,186,0.28,0,0.0,61334.97,5152137.48,61.33,672.38,0.1,10,5.0,0.01,0,0.0,10.11,67361.5
1974,BUY,ST_FLIP_RED,2026-02-27T00:00:00,2026-02-27T02:00:00,long,67051.5,67423.5,100,0.1,6705.15,100.0,37.2,27.09,2275.56,0.03,372,0.55,0,0.0,61362.06,5154413.04,61.36,670.52,0.1,10,5.0,0.01,0,0.0,10.11,66927.5
1975,SELL,ST_FLIP_GREEN,2026-02-27T02:00:00,2026-02-27T07:00:00,short,67423.5,67237.5,100,0.1,6742.35,100.0,18.6,8.49,713.16,0.01,186,0.28,0,0.0,61370.55,5155126.2,61.37,674.24,0.1,10,5.0,0.01,0,0.0,10.11,67547.5
1976,BUY,ST_FLIP_RED,2026-02-27T07:00:00,2026-02-27T08:00:00,long,67237.5,67237.5,100,0.1,6723.75,100.0,0.0,-10.11,-849.24,-0.01,0,0.0,0,0.0,61360.44,5154276.96,61.36,672.38,0.1,10,5.0,0.01,0,0.0,10.11,67113.5
1977,SELL,ST_FLIP_GREEN,2026-02-27T08:00:00,2026-02-27T09:00:00,short,67237.5,67237.5,100,0.1,6723.75,100.0,0.0,-10.11,-849.24,-0.01,0,0.0,0,0.0,61350.33,5153427.72,61.35,672.38,0.1,10,5.0,0.01,0,0.0,10.11,67361.5
1978,BUY,ST_FLIP_RED,2026-02-27T09:00:00,2026-02-27T10:00:00,long,67237.5,67733.5,100,0.1,6723.75,100.0,49.6,39.49,3317.16,0.04,496,0.74,0,0.0,61389.82,5156744.88,61.39,672.38,0.1,10,5.0,0.01,0,0.0,10.11,67113.5
1979,SELL,ST_FLIP_GREEN,2026-02-27T10:00:00,2026-02-27T13:00:00,short,67733.5,67671.5,100,0.1,6773.35,100.0,6.2,-3.91,-328.44,-0.0,62,0.09,0,0.0,61385.91,5156416.44,61.39,677.34,0.1,10,5.0,0.01,0,0.0,10.11,67857.5
1980,BUY,ST_FLIP_RED,2026-02-27T13:00:00,2026-02-27T15:00:00,long,67671.5,67795.5,100,0.1,6767.15,100.0,12.4,2.29,192.36,0.0,124,0.18,0,0.0,61388.2,5156608.8,61.39,676.72,0.1,10,5.0,0.01,0,0.0,10.11,67547.5
1981,SELL,ST_FLIP_GREEN,2026-02-27T15:00:00,2026-02-27T19:00:00,short,67795.5,66121.5,100,0.1,6779.55,100.0,167.4,157.29,13212.36,0.16,1674,2.47,0,0.0,61545.49,5169821.16,61.55,677.96,0.1,10,5.0,0.01,0,0.0,10.11,67919.5
1982,BUY,ST_FLIP_RED,2026-02-27T19:00:00,2026-02-27T21:00:00,long,66121.5,65935.5,100,0.1,6612.15,100.0,-18.6,-28.71,-2411.64,-0.03,0,0.0,186,0.28,61516.78,5167409.52,61.52,661.22,0.1,10,5.0,0.01,0,0.0,10.11,65997.5
1983,SELL,ST_FLIP_GREEN,2026-02-27T21:00:00,2026-02-27T23:00:00,short,65935.5,65377.5,100,0.1,6593.55,100.0,55.8,45.69,3837.96,0.05,558,0.85,0,0.0,61562.47,5171247.48,61.56,659.36,0.1,10,5.0,0.01,0,0.0,10.11,66059.5
1984,BUY,ST_FLIP_RED,2026-02-27T23:00:00,2026-02-28T00:00:00,long,65377.5,65377.5,100,0.1,6537.75,100.0,0.0,-10.11,-849.24,-0.01,0,0.0,0,0.0,61552.36,5170398.24,61.55,653.77,0.1,10,5.0,0.01,0,0.0,10.11,65253.5
1985,SELL,ST_FLIP_GREEN,2026-02-28T00:00:00,2026-02-28T01:00:00,short,65377.5,65501.5,100,0.1,6537.75,100.0,-12.4,-22.51,-1890.84,-0.02,0,0.0,124,0.19,61529.85,5168507.4,61.53,653.77,0.1,10,5.0,0.01,0,0.0,10.11,65501.5
1986,BUY,ST_FLIP_RED,2026-02-28T01:00:00,2026-02-28T03:00:00,long,65501.5,65439.5,100,0.1,6550.15,100.0,-6.2,-16.31,-1370.04,-0.02,0,0.0,62,0.09,61513.54,5167137.36,61.51,655.02,0.1,10,5.0,0.01,0,0.0,10.11,65377.5
1987,SELL,ST_FLIP_GREEN,2026-02-28T03:00:00,2026-02-28T04:00:00,short,65439.5,65625.5,100,0.1,6543.95,100.0,-18.6,-28.71,-2411.64,-0.03,0,0.0,186,0.28,61484.83,5164725.72,61.48,654.4,0.1,10,5.0,0.01,0,0.0,10.11,65563.5
1988,BUY,ST_FLIP_RED,2026-02-28T04:00:00,2026-02-28T09:00:00,long,65625.5,65687.5,100,0.1,6562.55,100.0,6.2,-3.91,-328.44,-0.0,62,0.09,0,0.0,61480.92,5164397.28,61.48,656.25,0.1,10,5.0,0.01,0,0.0,10.11,65501.5
1989,SELL,ST_FLIP_GREEN,2026-02-28T09:00:00,2026-02-28T14:00:00,short,65687.5,63703.5,100,0.1,6568.75,100.0,198.4,188.29,15816.36,0.19,1984,3.02,0,0.0,61669.21,5180213.64,61.67,656.88,0.1,10,5.0,0.01,0,0.0,10.11,65811.5
1990,BUY,ST_FLIP_RED,2026-02-28T14:00:00,2026-02-28T17:00:00,long,63703.5,64013.5,100,0.1,6370.35,100.0,31.0,20.89,1754.76,0.02,310,0.49,0,0.0,61690.1,5181968.4,61.69,637.04,0.1,10,5.0,0.01,0,0.0,10.11,63579.5
1991,SELL,ST_FLIP_GREEN,2026-02-28T17:00:00,2026-02-28T19:00:00,short,64013.5,64137.5,100,0.1,6401.35,100.0,-12.4,-22.51,-1890.84,-0.02,0,0.0,124,0.19,61667.59,5180077.56,61.67,640.13,0.1,10,5.0,0.01,0,0.0,10.11,64137.5
1992,BUY,ST_FLIP_RED,2026-02-28T19:00:00,2026-03-01T02:00:00,long,64137.5,66493.5,100,0.1,6413.75,100.0,235.6,225.49,18941.16,0.23,2356,3.67,0,0.0,61893.08,5199018.72,61.89,641.38,0.1,10,5.0,0.01,0,0.0,10.11,64013.5
1993,SELL,ST_FLIP_GREEN,2026-03-01T02:00:00,2026-03-01T03:00:00,short,66493.5,66617.5,100,0.1,6649.35,100.0,-12.4,-22.51,-1890.84,-0.02,0,0.0,124,0.19,61870.57,5197127.88,61.87,664.94,0.1,10,5.0,0.01,0,0.0,10.11,66617.5
1994,BUY,ST_FLIP_RED,2026-03-01T03:00:00,2026-03-01T05:00:00,long,66617.5,66803.5,100,0.1,6661.75,100.0,18.6,8.49,713.16,0.01,186,0.28,0,0.0,61879.06,5197841.04,61.88,666.17,0.1,10,5.0,0.01,0,0.0,10.11,66493.5
1995,SELL,ST_FLIP_GREEN,2026-03-01T05:00:00,2026-03-01T07:00:00,short,66803.5,66555.5,100,0.1,6680.35,100.0,24.8,14.69,1233.96,0.01,248,0.37,0,0.0,61893.75,5199075.0,61.89,668.04,0.1,10,5.0,0.01,0,0.0,10.11,66927.5
1996,BUY,ST_FLIP_RED,2026-03-01T07:00:00,2026-03-01T08:00:00,long,66555.5,67609.5,100,0.1,6655.55,100.0,105.4,95.29,8004.36,0.1,1054,1.58,0,0.0,61989.04,5207079.36,61.99,665.56,0.1,10,5.0,0.01,0,0.0,10.11,66431.5
1997,SELL,ST_FLIP_GREEN,2026-03-01T08:00:00,2026-03-01T10:00:00,short,67609.5,67485.5,100,0.1,6760.95,100.0,12.4,2.29,192.36,0.0,124,0.18,0,0.0,61991.33,5207271.72,61.99,676.1,0.1,10,5.0,0.01,0,0.0,10.11,67733.5
1998,BUY,ST_FLIP_RED,2026-03-01T10:00:00,2026-03-01T11:00:00,long,67485.5,67299.5,100,0.1,6748.55,100.0,-18.6,-28.71,-2411.64,-0.03,0,0.0,186,0.28,61962.62,5204860.08,61.96,674.86,0.1,10,5.0,0.01,0,0.0,10.11,67361.5
1999,SELL,ST_FLIP_GREEN,2026-03-01T11:00:00,2026-03-01T13:00:00,short,67299.5,67175.5,100,0.1,6729.95,100.0,12.4,2.29,192.36,0.0,124,0.18,0,0.0,61964.91,5205052.44,61.96,673.0,0.1,10,5.0,0.01,0,0.0,10.11,67423.5
2000,BUY,ST_FLIP_RED,2026-03-01T13:00:00,2026-03-01T14:00:00,long,67175.5,67051.5,100,0.1,6717.55,100.0,-12.4,-22.51,-1890.84,-0.02,0,0.0,124,0.18,61942.4,5203161.6,61.94,671.75,0.1,10,5.0,0.01,0,0.0,10.11,67051.5
2001,SELL,ST_FLIP_GREEN,2026-03-01T14:00:00,2026-03-01T19:00:00,short,67051.5,66493.5,100,0.1,6705.15,100.0,55.8,45.69,3837.96,0.05,558,0.83,0,0.0,61988.09,5206999.56,61.99,670.52,0.1,10,5.0,0.01,0,0.0,10.11,67175.5
2002,BUY,ST_FLIP_RED,2026-03-01T19:00:00,2026-03-01T22:00:00,long,66493.5,66803.5,100,0.1,6649.35,100.0,31.0,20.89,1754.76,0.02,310,0.47,0,0.0,62008.98,5208754.32,62.01,664.94,0.1,10,5.0,0.01,0,0.0,10.11,66369.5
2003,SELL,ST_FLIP_GREEN,2026-03-01T22:00:00,2026-03-01T23:00:00,short,66803.5,66183.5,100,0.1,6680.35,100.0,62.0,51.89,4358.76,0.05,620,0.93,0,0.0,62060.87,5213113.08,62.06,668.04,0.1,10,5.0,0.01,0,0.0,10.11,66927.5
2004,BUY,ST_FLIP_RED,2026-03-01T23:00:00,2026-03-02T00:00:00,long,66183.5,66245.5,100,0.1,6618.35,100.0,6.2,-3.91,-328.44,-0.0,62,0.09,0,0.0,62056.96,5212784.64,62.06,661.84,0.1,10,5.0,0.01,0,0.0,10.11,66059.5
2005,SELL,ST_FLIP_GREEN,2026-03-02T00:00:00,2026-03-02T02:00:00,short,66245.5,65501.5,100,0.1,6624.55,100.0,74.4,64.29,5400.36,0.06,744,1.12,0,0.0,62121.25,5218185.0,62.12,662.46,0.1,10,5.0,0.01,0,0.0,10.11,66369.5
2006,BUY,ST_FLIP_RED,2026-03-02T02:00:00,2026-03-02T04:00:00,long,65501.5,65625.5,100,0.1,6550.15,100.0,12.4,2.29,192.36,0.0,124,0.19,0,0.0,62123.54,5218377.36,62.12,655.02,0.1,10,5.0,0.01,0,0.0,10.11,65377.5
2007,SELL,ST_FLIP_GREEN,2026-03-02T04:00:00,2026-03-02T05:00:00,short,65625.5,65749.5,100,0.1,6562.55,100.0,-12.4,-22.51,-1890.84,-0.02,0,0.0,124,0.19,62101.03,5216486.52,62.1,656.25,0.1,10,5.0,0.01,0,0.0,10.11,65749.5
2008,BUY,ST_FLIP_RED,2026-03-02T05:00:00,2026-03-02T07:00:00,long,65749.5,66307.5,100,0.1,6574.95,100.0,55.8,45.69,3837.96,0.05,558,0.85,0,0.0,62146.72,5220324.48,62.15,657.5,0.1,10,5.0,0.01,0,0.0,10.11,65625.5
2009,SELL,ST_FLIP_GREEN,2026-03-02T07:00:00,2026-03-02T08:00:00,short,66307.5,66307.5,100,0.1,6630.75,100.0,0.0,-10.11,-849.24,-0.01,0,0.0,0,0.0,62136.61,5219475.24,62.14,663.08,0.1,10,5.0,0.01,0,0.0,10.11,66431.5
2010,BUY,ST_FLIP_RED,2026-03-02T08:00:00,2026-03-02T10:00:00,long,66307.5,66679.5,100,0.1,6630.75,100.0,37.2,27.09,2275.56,0.03,372,0.56,0,0.0,62163.7,5221750.8,62.16,663.08,0.1,10,5.0,0.01,0,0.0,10.11,66183.5
2011,SELL,ST_FLIP_GREEN,2026-03-02T10:00:00,2026-03-02T14:00:00,short,66679.5,65935.5,100,0.1,6667.95,100.0,74.4,64.29,5400.36,0.06,744,1.12,0,0.0,62227.99,5227151.16,62.23,666.8,0.1,10,5.0,0.01,0,0.0,10.11,66803.5
2012,BUY,ST_FLIP_RED,2026-03-02T14:00:00,2026-03-02T15:00:00,long,65935.5,66245.5,100,0.1,6593.55,100.0,31.0,20.89,1754.76,0.02,310,0.47,0,0.0,62248.88,5228905.92,62.25,659.36,0.1,10,5.0,0.01,0,0.0,10.11,65811.5
2013,SELL,ST_FLIP_GREEN,2026-03-02T15:00:00,2026-03-02T20:00:00,short,66245.5,65749.5,100,0.1,6624.55,100.0,49.6,39.49,3317.16,0.04,496,0.75,0,0.0,62288.37,5232223.08,62.29,662.46,0.1,10,5.0,0.01,0,0.0,10.11,66369.5
2014,BUY,ST_FLIP_RED,2026-03-02T20:00:00,2026-03-02T23:00:00,long,65749.5,69159.5,100,0.1,6574.95,100.0,341.0,330.89,27794.76,0.33,3410,5.19,0,0.0,62619.26,5260017.84,62.62,657.5,0.1,10,5.0,0.01,0,0.0,10.11,65625.5
2015,SELL,ST_FLIP_GREEN,2026-03-02T23:00:00,2026-03-03T02:00:00,short,69159.5,69035.5,100,0.1,6915.95,100.0,12.4,2.29,192.36,0.0,124,0.18,0,0.0,62621.55,5260210.2,62.62,691.6,0.1,10,5.0,0.01,0,0.0,10.11,69283.5
2016,BUY,ST_FLIP_RED,2026-03-03T02:00:00,2026-03-03T04:00:00,long,69035.5,69221.5,100,0.1,6903.55,100.0,18.6,8.49,713.16,0.01,186,0.27,0,0.0,62630.04,5260923.36,62.63,690.36,0.1,10,5.0,0.01,0,0.0,10.11,68911.5
2017,SELL,ST_FLIP_GREEN,2026-03-03T04:00:00,2026-03-03T12:00:00,short,69221.5,68105.5,100,0.1,6922.15,100.0,111.6,101.49,8525.16,0.1,1116,1.61,0,0.0,62731.53,5269448.52,62.73,692.22,0.1,10,5.0,0.01,0,0.0,10.11,69345.5
2018,BUY,ST_FLIP_RED,2026-03-03T12:00:00,2026-03-03T13:00:00,long,68105.5,68043.5,100,0.1,6810.55,100.0,-6.2,-16.31,-1370.04,-0.02,0,0.0,62,0.09,62715.22,5268078.48,62.72,681.06,0.1,10,5.0,0.01,0,0.0,10.11,67981.5
2019,SELL,ST_FLIP_GREEN,2026-03-03T13:00:00,2026-03-03T16:00:00,short,68043.5,66679.5,100,0.1,6804.35,100.0,136.4,126.29,10608.36,0.13,1364,2.0,0,0.0,62841.51,5278686.84,62.84,680.44,0.1,10,5.0,0.01,0,0.0,10.11,68167.5
2020,BUY,ST_FLIP_RED,2026-03-03T16:00:00,2026-03-03T18:00:00,long,66679.5,67361.5,100,0.1,6667.95,100.0,68.2,58.09,4879.56,0.06,682,1.02,0,0.0,62899.6,5283566.4,62.9,666.8,0.1,10,5.0,0.01,0,0.0,10.11,66555.5
2021,SELL,ST_FLIP_GREEN,2026-03-03T18:00:00,2026-03-03T21:00:00,short,67361.5,66989.5,100,0.1,6736.15,100.0,37.2,27.09,2275.56,0.03,372,0.55,0,0.0,62926.69,5285841.96,62.93,673.62,0.1,10,5.0,0.01,0,0.0,10.11,67485.5
2022,BUY,ST_FLIP_RED,2026-03-03T21:00:00,2026-03-03T22:00:00,long,66989.5,68663.5,100,0.1,6698.95,100.0,167.4,157.29,13212.36,0.16,1674,2.5,0,0.0,63083.98,5299054.32,63.08,669.9,0.1,10,5.0,0.01,0,0.0,10.11,66865.5
2023,SELL,ST_FLIP_GREEN,2026-03-03T22:00:00,2026-03-03T23:00:00,short,68663.5,68353.5,100,0.1,6866.35,100.0,31.0,20.89,1754.76,0.02,310,0.45,0,0.0,63104.87,5300809.08,63.1,686.63,0.1,10,5.0,0.01,0,0.0,10.11,68787.5
2024,BUY,ST_FLIP_RED,2026-03-03T23:00:00,2026-03-04T01:00:00,long,68353.5,68415.5,100,0.1,6835.35,100.0,6.2,-3.91,-328.44,-0.0,62,0.09,0,0.0,63100.96,5300480.64,63.1,683.54,0.1,10,5.0,0.01,0,0.0,10.11,68229.5
2025,SELL,ST_FLIP_GREEN,2026-03-04T01:00:00,2026-03-04T03:00:00,short,68415.5,68105.5,100,0.1,6841.55,100.0,31.0,20.89,1754.76,0.02,310,0.45,0,0.0,63121.85,5302235.4,63.12,684.15,0.1,10,5.0,0.01,0,0.0,10.11,68539.5
2026,BUY,ST_FLIP_RED,2026-03-04T03:00:00,2026-03-04T05:00:00,long,68105.5,68229.5,100,0.1,6810.55,100.0,12.4,2.29,192.36,0.0,124,0.18,0,0.0,63124.14,5302427.76,63.12,681.06,0.1,10,5.0,0.01,0,0.0,10.11,67981.5
2027,SELL,ST_FLIP_GREEN,2026-03-04T05:00:00,2026-03-04T10:00:00,short,68229.5,67795.5,100,0.1,6822.95,100.0,43.4,33.29,2796.36,0.03,434,0.64,0,0.0,63157.43,5305224.12,63.16,682.3,0.1,10,5.0,0.01,0,0.0,10.11,68353.5
2028,BUY,ST_FLIP_RED,2026-03-04T10:00:00,2026-03-04T16:00:00,long,67795.5,71267.5,100,0.1,6779.55,100.0,347.2,337.09,28315.56,0.34,3472,5.12,0,0.0,63494.52,5333539.68,63.49,677.96,0.1,10,5.0,0.01,0,0.0,10.11,67671.5
2029,SELL,ST_FLIP_GREEN,2026-03-04T16:00:00,2026-03-04T18:00:00,short,71267.5,70833.5,100,0.1,7126.75,100.0,43.4,33.29,2796.36,0.03,434,0.61,0,0.0,63527.81,5336336.04,63.53,712.67,0.1,10,5.0,0.01,0,0.0,10.11,71391.5
2030,BUY,ST_FLIP_RED,2026-03-04T18:00:00,2026-03-05T02:00:00,long,70833.5,73313.5,100,0.1,7083.35,100.0,248.0,237.89,19982.76,0.24,2480,3.5,0,0.0,63765.7,5356318.8,63.77,708.34,0.1,10,5.0,0.01,0,0.0,10.11,70709.5
2031,SELL,ST_FLIP_GREEN,2026-03-05T02:00:00,2026-03-05T05:00:00,short,73313.5,72755.5,100,0.1,7331.35,100.0,55.8,45.69,3837.96,0.05,558,0.76,0,0.0,63811.39,5360156.76,63.81,733.13,0.1,10,5.0,0.01,0,0.0,10.11,73437.5
2032,BUY,ST_FLIP_RED,2026-03-05T05:00:00,2026-03-05T07:00:00,long,72755.5,72693.5,100,0.1,7275.55,100.0,-6.2,-16.31,-1370.04,-0.02,0,0.0,62,0.09,63795.08,5358786.72,63.8,727.56,0.1,10,5.0,0.01,0,0.0,10.11,72631.5
2033,SELL,ST_FLIP_GREEN,2026-03-05T07:00:00,2026-03-05T09:00:00,short,72693.5,72755.5,100,0.1,7269.35,100.0,-6.2,-16.31,-1370.04,-0.02,0,0.0,62,0.09,63778.77,5357416.68,63.78,726.94,0.1,10,5.0,0.01,0,0.0,10.11,72817.5
2034,BUY,ST_FLIP_RED,2026-03-05T09:00:00,2026-03-05T10:00:00,long,72755.5,72631.5,100,0.1,7275.55,100.0,-12.4,-22.51,-1890.84,-0.02,0,0.0,124,0.17,63756.26,5355525.84,63.76,727.56,0.1,10,5.0,0.01,0,0.0,10.11,72631.5
2035,SELL,ST_FLIP_GREEN,2026-03-05T10:00:00,2026-03-05T14:00:00,short,72631.5,72011.5,100,0.1,7263.15,100.0,62.0,51.89,4358.76,0.05,620,0.85,0,0.0,63808.15,5359884.6,63.81,726.32,0.1,10,5.0,0.01,0,0.0,10.11,72755.5
2036,BUY,ST_FLIP_RED,2026-03-05T14:00:00,2026-03-05T17:00:00,long,72011.5,72941.5,100,0.1,7201.15,100.0,93.0,82.89,6962.76,0.08,930,1.29,0,0.0,63891.04,5366847.36,63.89,720.12,0.1,10,5.0,0.01,0,0.0,10.11,71887.5
2037,SELL,ST_FLIP_GREEN,2026-03-05T17:00:00,2026-03-06T00:00:00,short,72941.5,71019.5,100,0.1,7294.15,100.0,192.2,182.09,15295.56,0.18,1922,2.63,0,0.0,64073.13,5382142.92,64.07,729.42,0.1,10,5.0,0.01,0,0.0,10.11,73065.5
2038,BUY,ST_FLIP_RED,2026-03-06T00:00:00,2026-03-06T03:00:00,long,71019.5,71267.5,100,0.1,7101.95,100.0,24.8,14.69,1233.96,0.01,248,0.35,0,0.0,64087.82,5383376.88,64.09,710.2,0.1,10,5.0,0.01,0,0.0,10.11,70895.5
2039,SELL,ST_FLIP_GREEN,2026-03-06T03:00:00,2026-03-06T07:00:00,short,71267.5,70647.5,100,0.1,7126.75,100.0,62.0,51.89,4358.76,0.05,620,0.87,0,0.0,64139.71,5387735.64,64.14,712.67,0.1,10,5.0,0.01,0,0.0,10.11,71391.5
2040,BUY,ST_FLIP_RED,2026-03-06T07:00:00,2026-03-06T08:00:00,long,70647.5,71143.5,100,0.1,7064.75,100.0,49.6,39.49,3317.16,0.04,496,0.7,0,0.0,64179.2,5391052.8,64.18,706.48,0.1,10,5.0,0.01,0,0.0,10.11,70523.5
2041,SELL,ST_FLIP_GREEN,2026-03-06T08:00:00,2026-03-06T12:00:00,short,71143.5,70585.5,100,0.1,7114.35,100.0,55.8,45.69,3837.96,0.05,558,0.78,0,0.0,64224.89,5394890.76,64.22,711.44,0.1,10,5.0,0.01,0,0.0,10.11,71267.5
2042,BUY,ST_FLIP_RED,2026-03-06T12:00:00,2026-03-06T14:00:00,long,70585.5,70709.5,100,0.1,7058.55,100.0,12.4,2.29,192.36,0.0,124,0.18,0,0.0,64227.18,5395083.12,64.23,705.86,0.1,10,5.0,0.01,0,0.0,10.11,70461.5
2043,SELL,ST_FLIP_GREEN,2026-03-06T14:00:00,2026-03-06T15:00:00,short,70709.5,70523.5,100,0.1,7070.95,100.0,18.6,8.49,713.16,0.01,186,0.26,0,0.0,64235.67,5395796.28,64.24,707.1,0.1,10,5.0,0.01,0,0.0,10.11,70833.5
2044,BUY,ST_FLIP_RED,2026-03-06T15:00:00,2026-03-06T16:00:00,long,70523.5,70585.5,100,0.1,7052.35,100.0,6.2,-3.91,-328.44,-0.0,62,0.09,0,0.0,64231.76,5395467.84,64.23,705.24,0.1,10,5.0,0.01,0,0.0,10.11,70399.5
2045,SELL,ST_FLIP_GREEN,2026-03-06T16:00:00,2026-03-07T02:00:00,short,70585.5,68043.5,100,0.1,7058.55,100.0,254.2,244.09,20503.56,0.24,2542,3.6,0,0.0,64475.85,5415971.4,64.48,705.86,0.1,10,5.0,0.01,0,0.0,10.11,70709.5
2046,BUY,ST_FLIP_RED,2026-03-07T02:00:00,2026-03-07T07:00:00,long,68043.5,68105.5,100,0.1,6804.35,100.0,6.2,-3.91,-328.44,-0.0,62,0.09,0,0.0,64471.94,5415642.96,64.47,680.44,0.1,10,5.0,0.01,0,0.0,10.11,67919.5
2047,SELL,ST_FLIP_GREEN,2026-03-07T07:00:00,2026-03-07T08:00:00,short,68105.5,68229.5,100,0.1,6810.55,100.0,-12.4,-22.51,-1890.84,-0.02,0,0.0,124,0.18,64449.43,5413752.12,64.45,681.06,0.1,10,5.0,0.01,0,0.0,10.11,68229.5
2048,BUY,ST_FLIP_RED,2026-03-07T08:00:00,2026-03-07T09:00:00,long,68229.5,68043.5,100,0.1,6822.95,100.0,-18.6,-28.71,-2411.64,-0.03,0,0.0,186,0.27,64420.72,5411340.48,64.42,682.3,0.1,10,5.0,0.01,0,0.0,10.11,68105.5
2049,SELL,ST_FLIP_GREEN,2026-03-07T09:00:00,2026-03-07T13:00:00,short,68043.5,67919.5,100,0.1,6804.35,100.0,12.4,2.29,192.36,0.0,124,0.18,0,0.0,64423.01,5411532.84,64.42,680.44,0.1,10,5.0,0.01,0,0.0,10.11,68167.5
2050,BUY,ST_FLIP_RED,2026-03-07T13:00:00,2026-03-07T18:00:00,long,67919.5,67919.5,100,0.1,6791.95,100.0,0.0,-10.11,-849.24,-0.01,0,0.0,0,0.0,64412.9,5410683.6,64.41,679.2,0.1,10,5.0,0.01,0,0.0,10.11,67795.5
2051,SELL,ST_FLIP_GREEN,2026-03-07T18:00:00,2026-03-07T20:00:00,short,67919.5,67981.5,100,0.1,6791.95,100.0,-6.2,-16.31,-1370.04,-0.02,0,0.0,62,0.09,64396.59,5409313.56,64.4,679.2,0.1,10,5.0,0.01,0,0.0,10.11,68043.5
2052,BUY,ST_FLIP_RED,2026-03-07T20:00:00,2026-03-07T21:00:00,long,67981.5,67795.5,100,0.1,6798.15,100.0,-18.6,-28.71,-2411.64,-0.03,0,0.0,186,0.27,64367.88,5406901.92,64.37,679.82,0.1,10,5.0,0.01,0,0.0,10.11,67857.5
2053,SELL,ST_FLIP_GREEN,2026-03-07T21:00:00,2026-03-08T02:00:00,short,67795.5,67423.5,100,0.1,6779.55,100.0,37.2,27.09,2275.56,0.03,372,0.55,0,0.0,64394.97,5409177.48,64.39,677.96,0.1,10,5.0,0.01,0,0.0,10.11,67919.5
2054,BUY,ST_FLIP_RED,2026-03-08T02:00:00,2026-03-08T03:00:00,long,67423.5,67299.5,100,0.1,6742.35,100.0,-12.4,-22.51,-1890.84,-0.02,0,0.0,124,0.18,64372.46,5407286.64,64.37,674.24,0.1,10,5.0,0.01,0,0.0,10.11,67299.5
2055,SELL,ST_FLIP_GREEN,2026-03-08T03:00:00,2026-03-08T12:00:00,short,67299.5,67175.5,100,0.1,6729.95,100.0,12.4,2.29,192.36,0.0,124,0.18,0,0.0,64374.75,5407479.0,64.37,673.0,0.1,10,5.0,0.01,0,0.0,10.11,67423.5
2056,BUY,ST_FLIP_RED,2026-03-08T12:00:00,2026-03-08T16:00:00,long,67175.5,67795.5,100,0.1,6717.55,100.0,62.0,51.89,4358.76,0.05,620,0.92,0,0.0,64426.64,5411837.76,64.43,671.75,0.1,10,5.0,0.01,0,0.0,10.11,67051.5
2057,SELL,ST_FLIP_GREEN,2026-03-08T16:00:00,2026-03-09T00:00:00,short,67795.5,67113.5,100,0.1,6779.55,100.0,68.2,58.09,4879.56,0.06,682,1.01,0,0.0,64484.73,5416717.32,64.48,677.96,0.1,10,5.0,0.01,0,0.0,10.11,67919.5
2058,BUY,ST_FLIP_RED,2026-03-09T00:00:00,2026-03-09T01:00:00,long,67113.5,67051.5,100,0.1,6711.35,100.0,-6.2,-16.31,-1370.04,-0.02,0,0.0,62,0.09,64468.42,5415347.28,64.47,671.13,0.1,10,5.0,0.01,0,0.0,10.11,66989.5
2059,SELL,ST_FLIP_GREEN,2026-03-09T01:00:00,2026-03-09T04:00:00,short,67051.5,66121.5,100,0.1,6705.15,100.0,93.0,82.89,6962.76,0.08,930,1.39,0,0.0,64551.31,5422310.04,64.55,670.52,0.1,10,5.0,0.01,0,0.0,10.11,67175.5
2060,BUY,ST_FLIP_RED,2026-03-09T04:00:00,2026-03-09T05:00:00,long,66121.5,66307.5,100,0.1,6612.15,100.0,18.6,8.49,713.16,0.01,186,0.28,0,0.0,64559.8,5423023.2,64.56,661.22,0.1,10,5.0,0.01,0,0.0,10.11,65997.5
2061,SELL,ST_FLIP_GREEN,2026-03-09T05:00:00,2026-03-09T06:00:00,short,66307.5,66307.5,100,0.1,6630.75,100.0,0.0,-10.11,-849.24,-0.01,0,0.0,0,0.0,64549.69,5422173.96,64.55,663.08,0.1,10,5.0,0.01,0,0.0,10.11,66431.5
2062,BUY,ST_FLIP_RED,2026-03-09T06:00:00,2026-03-09T07:00:00,long,66307.5,66307.5,100,0.1,6630.75,100.0,0.0,-10.11,-849.24,-0.01,0,0.0,0,0.0,64539.58,5421324.72,64.54,663.08,0.1,10,5.0,0.01,0,0.0,10.11,66183.5
2063,SELL,ST_FLIP_GREEN,2026-03-09T07:00:00,2026-03-09T08:00:00,short,66307.5,66245.5,100,0.1,6630.75,100.0,6.2,-3.91,-328.44,-0.0,62,0.09,0,0.0,64535.67,5420996.28,64.54,663.08,0.1,10,5.0,0.01,0,0.0,10.11,66431.5
2064,BUY,ST_FLIP_RED,2026-03-09T08:00:00,2026-03-09T10:00:00,long,66245.5,67299.5,100,0.1,6624.55,100.0,105.4,95.29,8004.36,0.1,1054,1.59,0,0.0,64630.96,5429000.64,64.63,662.46,0.1,10,5.0,0.01,0,0.0,10.11,66121.5
2065,SELL,ST_FLIP_GREEN,2026-03-09T10:00:00,2026-03-09T11:00:00,short,67299.5,67485.5,100,0.1,6729.95,100.0,-18.6,-28.71,-2411.64,-0.03,0,0.0,186,0.28,64602.25,5426589.0,64.6,673.0,0.1,10,5.0,0.01,0,0.0,10.11,67423.5
2066,BUY,ST_FLIP_RED,2026-03-09T11:00:00,2026-03-09T12:00:00,long,67485.5,67299.5,100,0.1,6748.55,100.0,-18.6,-28.71,-2411.64,-0.03,0,0.0,186,0.28,64573.54,5424177.36,64.57,674.86,0.1,10,5.0,0.01,0,0.0,10.11,67361.5
2067,SELL,ST_FLIP_GREEN,2026-03-09T12:00:00,2026-03-09T13:00:00,short,67299.5,67361.5,100,0.1,6729.95,100.0,-6.2,-16.31,-1370.04,-0.02,0,0.0,62,0.09,64557.23,5422807.32,64.56,673.0,0.1,10,5.0,0.01,0,0.0,10.11,67423.5
2068,BUY,ST_FLIP_RED,2026-03-09T13:00:00,2026-03-09T15:00:00,long,67361.5,67733.5,100,0.1,6736.15,100.0,37.2,27.09,2275.56,0.03,372,0.55,0,0.0,64584.32,5425082.88,64.58,673.62,0.1,10,5.0,0.01,0,0.0,10.11,67237.5
2069,SELL,ST_FLIP_GREEN,2026-03-09T15:00:00,2026-03-09T17:00:00,short,67733.5,67671.5,100,0.1,6773.35,100.0,6.2,-3.91,-328.44,-0.0,62,0.09,0,0.0,64580.41,5424754.44,64.58,677.34,0.1,10,5.0,0.01,0,0.0,10.11,67857.5
2070,BUY,ST_FLIP_RED,2026-03-09T17:00:00,2026-03-09T21:00:00,long,67671.5,68911.5,100,0.1,6767.15,100.0,124.0,113.89,9566.76,0.11,1240,1.83,0,0.0,64694.3,5434321.2,64.69,676.72,0.1,10,5.0,0.01,0,0.0,10.11,67547.5
2071,SELL,ST_FLIP_GREEN,2026-03-09T21:00:00,2026-03-10T00:00:00,short,68911.5,68725.5,100,0.1,6891.15,100.0,18.6,8.49,713.16,0.01,186,0.27,0,0.0,64702.79,5435034.36,64.7,689.12,0.1,10,5.0,0.01,0,0.0,10.11,69035.5
2072,BUY,ST_FLIP_RED,2026-03-10T00:00:00,2026-03-10T01:00:00,long,68725.5,69159.5,100,0.1,6872.55,100.0,43.4,33.29,2796.36,0.03,434,0.63,0,0.0,64736.08,5437830.72,64.74,687.25,0.1,10,5.0,0.01,0,0.0,10.11,68601.5
2073,SELL,ST_FLIP_GREEN,2026-03-10T01:00:00,2026-03-10T05:00:00,short,69159.5,68787.5,100,0.1,6915.95,100.0,37.2,27.09,2275.56,0.03,372,0.54,0,0.0,64763.17,5440106.28,64.76,691.6,0.1,10,5.0,0.01,0,0.0,10.11,69283.5
2074,BUY,ST_FLIP_RED,2026-03-10T05:00:00,2026-03-10T09:00:00,long,68787.5,69903.5,100,0.1,6878.75,100.0,111.6,101.49,8525.16,0.1,1116,1.62,0,0.0,64864.66,5448631.44,64.86,687.88,0.1,10,5.0,0.01,0,0.0,10.11,68663.5
2075,SELL,ST_FLIP_GREEN,2026-03-10T09:00:00,2026-03-10T10:00:00,short,69903.5,69841.5,100,0.1,6990.35,100.0,6.2,-3.91,-328.44,-0.0,62,0.09,0,0.0,64860.75,5448303.0,64.86,699.04,0.1,10,5.0,0.01,0,0.0,10.11,70027.5
2076,BUY,ST_FLIP_RED,2026-03-10T10:00:00,2026-03-10T15:00:00,long,69841.5,70957.5,100,0.1,6984.15,100.0,111.6,101.49,8525.16,0.1,1116,1.6,0,0.0,64962.24,5456828.16,64.96,698.42,0.1,10,5.0,0.01,0,0.0,10.11,69717.5
2077,SELL,ST_FLIP_GREEN,2026-03-10T15:00:00,2026-03-10T18:00:00,short,70957.5,70585.5,100,0.1,7095.75,100.0,37.2,27.09,2275.56,0.03,372,0.52,0,0.0,64989.33,5459103.72,64.99,709.58,0.1,10,5.0,0.01,0,0.0,10.11,71081.5
2078,BUY,ST_FLIP_RED,2026-03-10T18:00:00,2026-03-10T19:00:00,long,70585.5,70647.5,100,0.1,7058.55,100.0,6.2,-3.91,-328.44,-0.0,62,0.09,0,0.0,64985.42,5458775.28,64.99,705.86,0.1,10,5.0,0.01,0,0.0,10.11,70461.5
2079,SELL,ST_FLIP_GREEN,2026-03-10T19:00:00,2026-03-10T20:00:00,short,70647.5,69903.5,100,0.1,7064.75,100.0,74.4,64.29,5400.36,0.06,744,1.05,0,0.0,65049.71,5464175.64,65.05,706.48,0.1,10,5.0,0.01,0,0.0,10.11,70771.5
2080,BUY,ST_FLIP_RED,2026-03-10T20:00:00,2026-03-10T22:00:00,long,69903.5,71143.5,100,0.1,6990.35,100.0,124.0,113.89,9566.76,0.11,1240,1.77,0,0.0,65163.6,5473742.4,65.16,699.04,0.1,10,5.0,0.01,0,0.0,10.11,69779.5
2081,SELL,ST_FLIP_GREEN,2026-03-10T22:00:00,2026-03-11T01:00:00,short,71143.5,70151.5,100,0.1,7114.35,100.0,99.2,89.09,7483.56,0.09,992,1.39,0,0.0,65252.69,5481225.96,65.25,711.44,0.1,10,5.0,0.01,0,0.0,10.11,71267.5
2082,BUY,ST_FLIP_RED,2026-03-11T01:00:00,2026-03-11T02:00:00,long,70151.5,70027.5,100,0.1,7015.15,100.0,-12.4,-22.51,-1890.84,-0.02,0,0.0,124,0.18,65230.18,5479335.12,65.23,701.52,0.1,10,5.0,0.01,0,0.0,10.11,70027.5
2083,SELL,ST_FLIP_GREEN,2026-03-11T02:00:00,2026-03-11T04:00:00,short,70027.5,69779.5,100,0.1,7002.75,100.0,24.8,14.69,1233.96,0.01,248,0.35,0,0.0,65244.87,5480569.08,65.24,700.27,0.1,10,5.0,0.01,0,0.0,10.11,70151.5
2084,BUY,ST_FLIP_RED,2026-03-11T04:00:00,2026-03-11T08:00:00,long,69779.5,69841.5,100,0.1,6977.95,100.0,6.2,-3.91,-328.44,-0.0,62,0.09,0,0.0,65240.96,5480240.64,65.24,697.8,0.1,10,5.0,0.01,0,0.0,10.11,69655.5
2085,SELL,ST_FLIP_GREEN,2026-03-11T08:00:00,2026-03-11T09:00:00,short,69841.5,69655.5,100,0.1,6984.15,100.0,18.6,8.49,713.16,0.01,186,0.27,0,0.0,65249.45,5480953.8,65.25,698.42,0.1,10,5.0,0.01,0,0.0,10.11,69965.5
2086,BUY,ST_FLIP_RED,2026-03-11T09:00:00,2026-03-11T11:00:00,long,69655.5,69779.5,100,0.1,6965.55,100.0,12.4,2.29,192.36,0.0,124,0.18,0,0.0,65251.74,5481146.16,65.25,696.56,0.1,10,5.0,0.01,0,0.0,10.11,69531.5
2087,SELL,ST_FLIP_GREEN,2026-03-11T11:00:00,2026-03-11T18:00:00,short,69779.5,69655.5,100,0.1,6977.95,100.0,12.4,2.29,192.36,0.0,124,0.18,0,0.0,65254.03,5481338.52,65.25,697.8,0.1,10,5.0,0.01,0,0.0,10.11,69903.5
2088,BUY,ST_FLIP_RED,2026-03-11T18:00:00,2026-03-11T20:00:00,long,69655.5,70399.5,100,0.1,6965.55,100.0,74.4,64.29,5400.36,0.06,744,1.07,0,0.0,65318.32,5486738.88,65.32,696.56,0.1,10,5.0,0.01,0,0.0,10.11,69531.5
2089,SELL,ST_FLIP_GREEN,2026-03-11T20:00:00,2026-03-11T21:00:00,short,70399.5,70337.5,100,0.1,7039.95,100.0,6.2,-3.91,-328.44,-0.0,62,0.09,0,0.0,65314.41,5486410.44,65.31,704.0,0.1,10,5.0,0.01,0,0.0,10.11,70523.5
2090,BUY,ST_FLIP_RED,2026-03-11T21:00:00,2026-03-11T23:00:00,long,70337.5,71019.5,100,0.1,7033.75,100.0,68.2,58.09,4879.56,0.06,682,0.97,0,0.0,65372.5,5491290.0,65.37,703.38,0.1,10,5.0,0.01,0,0.0,10.11,70213.5
2091,SELL,ST_FLIP_GREEN,2026-03-11T23:00:00,2026-03-12T11:00:00,short,71019.5,69469.5,100,0.1,7101.95,100.0,155.0,144.89,12170.76,0.14,1550,2.18,0,0.0,65517.39,5503460.76,65.52,710.2,0.1,10,5.0,0.01,0,0.0,10.11,71143.5
2092,BUY,ST_FLIP_RED,2026-03-12T11:00:00,2026-03-12T18:00:00,long,69469.5,70275.5,100,0.1,6946.95,100.0,80.6,70.49,5921.16,0.07,806,1.16,0,0.0,65587.88,5509381.92,65.59,694.7,0.1,10,5.0,0.01,0,0.0,10.11,69345.5
2093,SELL,ST_FLIP_GREEN,2026-03-12T18:00:00,2026-03-12T20:00:00,short,70275.5,70151.5,100,0.1,7027.55,100.0,12.4,2.29,192.36,0.0,124,0.18,0,0.0,65590.17,5509574.28,65.59,702.75,0.1,10,5.0,0.01,0,0.0,10.11,70399.5
2094,BUY,ST_FLIP_RED,2026-03-12T20:00:00,2026-03-12T21:00:00,long,70151.5,70089.5,100,0.1,7015.15,100.0,-6.2,-16.31,-1370.04,-0.02,0,0.0,62,0.09,65573.86,5508204.24,65.57,701.52,0.1,10,5.0,0.01,0,0.0,10.11,70027.5
2095,SELL,ST_FLIP_GREEN,2026-03-12T21:00:00,2026-03-12T22:00:00,short,70089.5,70213.5,100,0.1,7008.95,100.0,-12.4,-22.51,-1890.84,-0.02,0,0.0,124,0.18,65551.35,5506313.4,65.55,700.9,0.1,10,5.0,0.01,0,0.0,10.11,70213.5
2096,BUY,ST_FLIP_RED,2026-03-12T22:00:00,2026-03-12T23:00:00,long,70213.5,70089.5,100,0.1,7021.35,100.0,-12.4,-22.51,-1890.84,-0.02,0,0.0,124,0.18,65528.84,5504422.56,65.53,702.13,0.1,10,5.0,0.01,0,0.0,10.11,70089.5
2097,SELL,ST_FLIP_GREEN,2026-03-12T23:00:00,2026-03-13T00:00:00,short,70089.5,70151.5,100,0.1,7008.95,100.0,-6.2,-16.31,-1370.04,-0.02,0,0.0,62,0.09,65512.53,5503052.52,65.51,700.9,0.1,10,5.0,0.01,0,0.0,10.11,70213.5
2098,BUY,ST_FLIP_RED,2026-03-13T00:00:00,2026-03-13T08:00:00,long,70151.5,71267.5,100,0.1,7015.15,100.0,111.6,101.49,8525.16,0.1,1116,1.59,0,0.0,65614.02,5511577.68,65.61,701.52,0.1,10,5.0,0.01,0,0.0,10.11,70027.5
2099,SELL,ST_FLIP_GREEN,2026-03-13T08:00:00,2026-03-13T09:00:00,short,71267.5,71205.5,100,0.1,7126.75,100.0,6.2,-3.91,-328.44,-0.0,62,0.09,0,0.0,65610.11,5511249.24,65.61,712.67,0.1,10,5.0,0.01,0,0.0,10.11,71391.5
2100,BUY,ST_FLIP_RED,2026-03-13T09:00:00,2026-03-13T20:00:00,long,71205.5,73499.5,100,0.1,7120.55,100.0,229.4,219.29,18420.36,0.22,2294,3.22,0,0.0,65829.4,5529669.6,65.83,712.06,0.1,10,5.0,0.01,0,0.0,10.11,71081.5
2101,SELL,ST_FLIP_GREEN,2026-03-13T20:00:00,2026-03-13T22:00:00,short,73499.5,71577.5,100,0.1,7349.95,100.0,192.2,182.09,15295.56,0.18,1922,2.61,0,0.0,66011.49,5544965.16,66.01,735.0,0.1,10,5.0,0.01,0,0.0,10.11,73623.5
2102,BUY,ST_FLIP_RED,2026-03-13T22:00:00,2026-03-13T23:00:00,long,71577.5,71453.5,100,0.1,7157.75,100.0,-12.4,-22.51,-1890.84,-0.02,0,0.0,124,0.17,65988.98,5543074.32,65.99,715.77,0.1,10,5.0,0.01,0,0.0,10.11,71453.5
2103,SELL,ST_FLIP_GREEN,2026-03-13T23:00:00,2026-03-14T01:00:00,short,71453.5,71267.5,100,0.1,7145.35,100.0,18.6,8.49,713.16,0.01,186,0.26,0,0.0,65997.47,5543787.48,66.0,714.54,0.1,10,5.0,0.01,0,0.0,10.11,71577.5
2104,BUY,ST_FLIP_RED,2026-03-14T01:00:00,2026-03-14T02:00:00,long,71267.5,71143.5,100,0.1,7126.75,100.0,-12.4,-22.51,-1890.84,-0.02,0,0.0,124,0.17,65974.96,5541896.64,65.97,712.67,0.1,10,5.0,0.01,0,0.0,10.11,71143.5
2105,SELL,ST_FLIP_GREEN,2026-03-14T02:00:00,2026-03-14T04:00:00,short,71143.5,70833.5,100,0.1,7114.35,100.0,31.0,20.89,1754.76,0.02,310,0.44,0,0.0,65995.85,5543651.4,66.0,711.44,0.1,10,5.0,0.01,0,0.0,10.11,71267.5
2106,BUY,ST_FLIP_RED,2026-03-14T04:00:00,2026-03-14T06:00:00,long,70833.5,70709.5,100,0.1,7083.35,100.0,-12.4,-22.51,-1890.84,-0.02,0,0.0,124,0.18,65973.34,5541760.56,65.97,708.34,0.1,10,5.0,0.01,0,0.0,10.11,70709.5
2107,SELL,ST_FLIP_GREEN,2026-03-14T06:00:00,2026-03-14T08:00:00,short,70709.5,70895.5,100,0.1,7070.95,100.0,-18.6,-28.71,-2411.64,-0.03,0,0.0,186,0.26,65944.63,5539348.92,65.94,707.1,0.1,10,5.0,0.01,0,0.0,10.11,70833.5
2108,BUY,ST_FLIP_RED,2026-03-14T08:00:00,2026-03-14T11:00:00,long,70895.5,70957.5,100,0.1,7089.55,100.0,6.2,-3.91,-328.44,-0.0,62,0.09,0,0.0,65940.72,5539020.48,65.94,708.96,0.1,10,5.0,0.01,0,0.0,10.11,70771.5
2109,SELL,ST_FLIP_GREEN,2026-03-14T11:00:00,2026-03-14T16:00:00,short,70957.5,70647.5,100,0.1,7095.75,100.0,31.0,20.89,1754.76,0.02,310,0.44,0,0.0,65961.61,5540775.24,65.96,709.58,0.1,10,5.0,0.01,0,0.0,10.11,71081.5
2110,BUY,ST_FLIP_RED,2026-03-14T16:00:00,2026-03-14T20:00:00,long,70647.5,70647.5,100,0.1,7064.75,100.0,0.0,-10.11,-849.24,-0.01,0,0.0,0,0.0,65951.5,5539926.0,65.95,706.48,0.1,10,5.0,0.01,0,0.0,10.11,70523.5
2111,SELL,ST_FLIP_GREEN,2026-03-14T20:00:00,2026-03-15T04:00:00,short,70647.5,70771.5,100,0.1,7064.75,100.0,-12.4,-22.51,-1890.84,-0.02,0,0.0,124,0.18,65928.99,5538035.16,65.93,706.48,0.1,10,5.0,0.01,0,0.0,10.11,70771.5
2112,BUY,ST_FLIP_RED,2026-03-15T04:00:00,2026-03-15T11:00:00,long,70771.5,71391.5,100,0.1,7077.15,100.0,62.0,51.89,4358.76,0.05,620,0.88,0,0.0,65980.88,5542393.92,65.98,707.72,0.1,10,5.0,0.01,0,0.0,10.11,70647.5
2113,SELL,ST_FLIP_GREEN,2026-03-15T11:00:00,2026-03-15T12:00:00,short,71391.5,71577.5,100,0.1,7139.15,100.0,-18.6,-28.71,-2411.64,-0.03,0,0.0,186,0.26,65952.17,5539982.28,65.95,713.92,0.1,10,5.0,0.01,0,0.0,10.11,71515.5
2114,BUY,ST_FLIP_RED,2026-03-15T12:00:00,2026-03-15T16:00:00,long,71577.5,71639.5,100,0.1,7157.75,100.0,6.2,-3.91,-328.44,-0.0,62,0.09,0,0.0,65948.26,5539653.84,65.95,715.77,0.1,10,5.0,0.01,0,0.0,10.11,71453.5
2115,SELL,ST_FLIP_GREEN,2026-03-15T16:00:00,2026-03-15T23:00:00,short,71639.5,71577.5,100,0.1,7163.95,100.0,6.2,-3.91,-328.44,-0.0,62,0.09,0,0.0,65944.35,5539325.4,65.94,716.4,0.1,10,5.0,0.01,0,0.0,10.11,71763.5
2116,BUY,ST_FLIP_RED,2026-03-15T23:00:00,2026-03-16T00:00:00,long,71577.5,71577.5,100,0.1,7157.75,100.0,0.0,-10.11,-849.24,-0.01,0,0.0,0,0.0,65934.24,5538476.16,65.93,715.77,0.1,10,5.0,0.01,0,0.0,10.11,71453.5
2117,SELL,ST_FLIP_GREEN,2026-03-16T00:00:00,2026-03-16T02:00:00,short,71577.5,71639.5,100,0.1,7157.75,100.0,-6.2,-16.31,-1370.04,-0.02,0,0.0,62,0.09,65917.93,5537106.12,65.92,715.77,0.1,10,5.0,0.01,0,0.0,10.11,71701.5
2118,BUY,ST_FLIP_RED,2026-03-16T02:00:00,2026-03-16T07:00:00,long,71639.5,72383.5,100,0.1,7163.95,100.0,74.4,64.29,5400.36,0.06,744,1.04,0,0.0,65982.22,5542506.48,65.98,716.4,0.1,10,5.0,0.01,0,0.0,10.11,71515.5
2119,SELL,ST_FLIP_GREEN,2026-03-16T07:00:00,2026-03-16T08:00:00,short,72383.5,72569.5,100,0.1,7238.35,100.0,-18.6,-28.71,-2411.64,-0.03,0,0.0,186,0.26,65953.51,5540094.84,65.95,723.84,0.1,10,5.0,0.01,0,0.0,10.11,72507.5
2120,BUY,ST_FLIP_RED,2026-03-16T08:00:00,2026-03-16T11:00:00,long,72569.5,73685.5,100,0.1,7256.95,100.0,111.6,101.49,8525.16,0.1,1116,1.54,0,0.0,66055.0,5548620.0,66.05,725.7,0.1,10,5.0,0.01,0,0.0,10.11,72445.5
2121,SELL,ST_FLIP_GREEN,2026-03-16T11:00:00,2026-03-16T15:00:00,short,73685.5,73437.5,100,0.1,7368.55,100.0,24.8,14.69,1233.96,0.01,248,0.34,0,0.0,66069.69,5549853.96,66.07,736.86,0.1,10,5.0,0.01,0,0.0,10.11,73809.5
2122,BUY,ST_FLIP_RED,2026-03-16T15:00:00,2026-03-16T19:00:00,long,73437.5,73685.5,100,0.1,7343.75,100.0,24.8,14.69,1233.96,0.01,248,0.34,0,0.0,66084.38,5551087.92,66.08,734.38,0.1,10,5.0,0.01,0,0.0,10.11,73313.5
2123,SELL,ST_FLIP_GREEN,2026-03-16T19:00:00,2026-03-16T20:00:00,short,73685.5,73747.5,100,0.1,7368.55,100.0,-6.2,-16.31,-1370.04,-0.02,0,0.0,62,0.08,66068.07,5549717.88,66.07,736.86,0.1,10,5.0,0.01,0,0.0,10.11,73809.5
2124,BUY,ST_FLIP_RED,2026-03-16T20:00:00,2026-03-16T21:00:00,long,73747.5,73623.5,100,0.1,7374.75,100.0,-12.4,-22.51,-1890.84,-0.02,0,0.0,124,0.17,66045.56,5547827.04,66.05,737.48,0.1,10,5.0,0.01,0,0.0,10.11,73623.5
2125,SELL,ST_FLIP_GREEN,2026-03-16T21:00:00,2026-03-16T22:00:00,short,73623.5,73561.5,100,0.1,7362.35,100.0,6.2,-3.91,-328.44,-0.0,62,0.08,0,0.0,66041.65,5547498.6,66.04,736.24,0.1,10,5.0,0.01,0,0.0,10.11,73747.5
2126,BUY,ST_FLIP_RED,2026-03-16T22:00:00,2026-03-17T01:00:00,long,73561.5,73995.5,100,0.1,7356.15,100.0,43.4,33.29,2796.36,0.03,434,0.59,0,0.0,66074.94,5550294.96,66.07,735.62,0.1,10,5.0,0.01,0,0.0,10.11,73437.5
2127,SELL,ST_FLIP_GREEN,2026-03-17T01:00:00,2026-03-17T02:00:00,short,73995.5,74119.5,100,0.1,7399.55,100.0,-12.4,-22.51,-1890.84,-0.02,0,0.0,124,0.17,66052.43,5548404.12,66.05,739.96,0.1,10,5.0,0.01,0,0.0,10.11,74119.5
2128,BUY,ST_FLIP_RED,2026-03-17T02:00:00,2026-03-17T07:00:00,long,74119.5,75669.5,100,0.1,7411.95,100.0,155.0,144.89,12170.76,0.14,1550,2.09,0,0.0,66197.32,5560574.88,66.2,741.2,0.1,10,5.0,0.01,0,0.0,10.11,73995.5
2129,SELL,ST_FLIP_GREEN,2026-03-17T07:00:00,2026-03-17T12:00:00,short,75669.5,74367.5,100,0.1,7566.95,100.0,130.2,120.09,10087.56,0.12,1302,1.72,0,0.0,66317.41,5570662.44,66.32,756.7,0.1,10,5.0,0.01,0,0.0,10.11,75793.5
2130,BUY,ST_FLIP_RED,2026-03-17T12:00:00,2026-03-17T15:00:00,long,74367.5,74181.5,100,0.1,7436.75,100.0,-18.6,-28.71,-2411.64,-0.03,0,0.0,186,0.25,66288.7,5568250.8,66.29,743.67,0.1,10,5.0,0.01,0,0.0,10.11,74243.5
2131,SELL,ST_FLIP_GREEN,2026-03-17T15:00:00,2026-03-17T16:00:00,short,74181.5,73871.5,100,0.1,7418.15,100.0,31.0,20.89,1754.76,0.02,310,0.42,0,0.0,66309.59,5570005.56,66.31,741.82,0.1,10,5.0,0.01,0,0.0,10.11,74305.5
2132,BUY,ST_FLIP_RED,2026-03-17T16:00:00,2026-03-17T17:00:00,long,73871.5,73809.5,100,0.1,7387.15,100.0,-6.2,-16.31,-1370.04,-0.02,0,0.0,62,0.08,66293.28,5568635.52,66.29,738.72,0.1,10,5.0,0.01,0,0.0,10.11,73747.5
2133,SELL,ST_FLIP_GREEN,2026-03-17T17:00:00,2026-03-17T19:00:00,short,73809.5,73871.5,100,0.1,7380.95,100.0,-6.2,-16.31,-1370.04,-0.02,0,0.0,62,0.08,66276.97,5567265.48,66.28,738.1,0.1,10,5.0,0.01,0,0.0,10.11,73933.5
2134,BUY,ST_FLIP_RED,2026-03-17T19:00:00,2026-03-18T03:00:00,long,73871.5,74429.5,100,0.1,7387.15,100.0,55.8,45.69,3837.96,0.05,558,0.76,0,0.0,66322.66,5571103.44,66.32,738.72,0.1,10,5.0,0.01,0,0.0,10.11,73747.5
2135,SELL,ST_FLIP_GREEN,2026-03-18T03:00:00,2026-03-18T06:00:00,short,74429.5,73933.5,100,0.1,7442.95,100.0,49.6,39.49,3317.16,0.04,496,0.67,0,0.0,66362.15,5574420.6,66.36,744.3,0.1,10,5.0,0.01,0,0.0,10.11,74553.5
2136,BUY,ST_FLIP_RED,2026-03-18T06:00:00,2026-03-18T09:00:00,long,73933.5,74243.5,100,0.1,7393.35,100.0,31.0,20.89,1754.76,0.02,310,0.42,0,0.0,66383.04,5576175.36,66.38,739.34,0.1,10,5.0,0.01,0,0.0,10.11,73809.5
2137,SELL,ST_FLIP_GREEN,2026-03-18T09:00:00,2026-03-18T13:00:00,short,74243.5,74057.5,100,0.1,7424.35,100.0,18.6,8.49,713.16,0.01,186,0.25,0,0.0,66391.53,5576888.52,66.39,742.44,0.1,10,5.0,0.01,0,0.0,10.11,74367.5
2138,BUY,ST_FLIP_RED,2026-03-18T13:00:00,2026-03-18T16:00:00,long,74057.5,73933.5,100,0.1,7405.75,100.0,-12.4,-22.51,-1890.84,-0.02,0,0.0,124,0.17,66369.02,5574997.68,66.37,740.58,0.1,10,5.0,0.01,0,0.0,10.11,73933.5
2139,SELL,ST_FLIP_GREEN,2026-03-18T16:00:00,2026-03-18T22:00:00,short,73933.5,71453.5,100,0.1,7393.35,100.0,248.0,237.89,19982.76,0.24,2480,3.35,0,0.0,66606.91,5594980.44,66.61,739.34,0.1,10,5.0,0.01,0,0.0,10.11,74057.5
2140,BUY,ST_FLIP_RED,2026-03-18T22:00:00,2026-03-19T00:00:00,long,71453.5,71453.5,100,0.1,7145.35,100.0,0.0,-10.11,-849.24,-0.01,0,0.0,0,0.0,66596.8,5594131.2,66.6,714.54,0.1,10,5.0,0.01,0,0.0,10.11,71329.5
2141,SELL,ST_FLIP_GREEN,2026-03-19T00:00:00,2026-03-19T02:00:00,short,71453.5,71143.5,100,0.1,7145.35,100.0,31.0,20.89,1754.76,0.02,310,0.43,0,0.0,66617.69,5595885.96,66.62,714.54,0.1,10,5.0,0.01,0,0.0,10.11,71577.5
2142,BUY,ST_FLIP_RED,2026-03-19T02:00:00,2026-03-19T03:00:00,long,71143.5,71081.5,100,0.1,7114.35,100.0,-6.2,-16.31,-1370.04,-0.02,0,0.0,62,0.09,66601.38,5594515.92,66.6,711.44,0.1,10,5.0,0.01,0,0.0,10.11,71019.5
2143,SELL,ST_FLIP_GREEN,2026-03-19T03:00:00,2026-03-19T04:00:00,short,71081.5,71205.5,100,0.1,7108.15,100.0,-12.4,-22.51,-1890.84,-0.02,0,0.0,124,0.17,66578.87,5592625.08,66.58,710.82,0.1,10,5.0,0.01,0,0.0,10.11,71205.5
2144,BUY,ST_FLIP_RED,2026-03-19T04:00:00,2026-03-19T06:00:00,long,71205.5,71081.5,100,0.1,7120.55,100.0,-12.4,-22.51,-1890.84,-0.02,0,0.0,124,0.17,66556.36,5590734.24,66.56,712.06,0.1,10,5.0,0.01,0,0.0,10.11,71081.5
2145,SELL,ST_FLIP_GREEN,2026-03-19T06:00:00,2026-03-19T07:00:00,short,71081.5,71205.5,100,0.1,7108.15,100.0,-12.4,-22.51,-1890.84,-0.02,0,0.0,124,0.17,66533.85,5588843.4,66.53,710.82,0.1,10,5.0,0.01,0,0.0,10.11,71205.5
2146,BUY,ST_FLIP_RED,2026-03-19T07:00:00,2026-03-19T09:00:00,long,71205.5,71267.5,100,0.1,7120.55,100.0,6.2,-3.91,-328.44,-0.0,62,0.09,0,0.0,66529.94,5588514.96,66.53,712.06,0.1,10,5.0,0.01,0,0.0,10.11,71081.5
2147,SELL,ST_FLIP_GREEN,2026-03-19T09:00:00,2026-03-19T13:00:00,short,71267.5,69965.5,100,0.1,7126.75,100.0,130.2,120.09,10087.56,0.12,1302,1.83,0,0.0,66650.03,5598602.52,66.65,712.67,0.1,10,5.0,0.01,0,0.0,10.11,71391.5
2148,BUY,ST_FLIP_RED,2026-03-19T13:00:00,2026-03-19T16:00:00,long,69965.5,70151.5,100,0.1,6996.55,100.0,18.6,8.49,713.16,0.01,186,0.27,0,0.0,66658.52,5599315.68,66.66,699.65,0.1,10,5.0,0.01,0,0.0,10.11,69841.5
2149,SELL,ST_FLIP_GREEN,2026-03-19T16:00:00,2026-03-19T21:00:00,short,70151.5,69345.5,100,0.1,7015.15,100.0,80.6,70.49,5921.16,0.07,806,1.15,0,0.0,66729.01,5605236.84,66.73,701.52,0.1,10,5.0,0.01,0,0.0,10.11,70275.5
2150,BUY,ST_FLIP_RED,2026-03-19T21:00:00,2026-03-20T04:00:00,long,69345.5,70275.5,100,0.1,6934.55,100.0,93.0,82.89,6962.76,0.08,930,1.34,0,0.0,66811.9,5612199.6,66.81,693.46,0.1,10,5.0,0.01,0,0.0,10.11,69221.5
2151,SELL,ST_FLIP_GREEN,2026-03-20T04:00:00,2026-03-20T06:00:00,short,70275.5,70275.5,100,0.1,7027.55,100.0,0.0,-10.11,-849.24,-0.01,0,0.0,0,0.0,66801.79,5611350.36,66.8,702.75,0.1,10,5.0,0.01,0,0.0,10.11,70399.5
2152,BUY,ST_FLIP_RED,2026-03-20T06:00:00,2026-03-20T07:00:00,long,70275.5,70213.5,100,0.1,7027.55,100.0,-6.2,-16.31,-1370.04,-0.02,0,0.0,62,0.09,66785.48,5609980.32,66.79,702.75,0.1,10,5.0,0.01,0,0.0,10.11,70151.5
2153,SELL,ST_FLIP_GREEN,2026-03-20T07:00:00,2026-03-20T08:00:00,short,70213.5,70399.5,100,0.1,7021.35,100.0,-18.6,-28.71,-2411.64,-0.03,0,0.0,186,0.26,66756.77,5607568.68,66.76,702.13,0.1,10,5.0,0.01,0,0.0,10.11,70337.5
2154,BUY,ST_FLIP_RED,2026-03-20T08:00:00,2026-03-20T10:00:00,long,70399.5,70647.5,100,0.1,7039.95,100.0,24.8,14.69,1233.96,0.01,248,0.35,0,0.0,66771.46,5608802.64,66.77,704.0,0.1,10,5.0,0.01,0,0.0,10.11,70275.5
2155,SELL,ST_FLIP_GREEN,2026-03-20T10:00:00,2026-03-20T13:00:00,short,70647.5,70647.5,100,0.1,7064.75,100.0,0.0,-10.11,-849.24,-0.01,0,0.0,0,0.0,66761.35,5607953.4,66.76,706.48,0.1,10,5.0,0.01,0,0.0,10.11,70771.5
2156,BUY,ST_FLIP_RED,2026-03-20T13:00:00,2026-03-20T14:00:00,long,70647.5,71081.5,100,0.1,7064.75,100.0,43.4,33.29,2796.36,0.03,434,0.61,0,0.0,66794.64,5610749.76,66.79,706.48,0.1,10,5.0,0.01,0,0.0,10.11,70523.5
2157,SELL,ST_FLIP_GREEN,2026-03-20T14:00:00,2026-03-20T16:00:00,short,71081.5,70523.5,100,0.1,7108.15,100.0,55.8,45.69,3837.96,0.05,558,0.79,0,0.0,66840.33,5614587.72,66.84,710.82,0.1,10,5.0,0.01,0,0.0,10.11,71205.5
2158,BUY,ST_FLIP_RED,2026-03-20T16:00:00,2026-03-20T17:00:00,long,70523.5,70523.5,100,0.1,7052.35,100.0,0.0,-10.11,-849.24,-0.01,0,0.0,0,0.0,66830.22,5613738.48,66.83,705.24,0.1,10,5.0,0.01,0,0.0,10.11,70399.5
2159,SELL,ST_FLIP_GREEN,2026-03-20T17:00:00,2026-03-20T21:00:00,short,70523.5,70027.5,100,0.1,7052.35,100.0,49.6,39.49,3317.16,0.04,496,0.7,0,0.0,66869.71,5617055.64,66.87,705.24,0.1,10,5.0,0.01,0,0.0,10.11,70647.5
2160,BUY,ST_FLIP_RED,2026-03-20T21:00:00,2026-03-20T22:00:00,long,70027.5,69841.5,100,0.1,7002.75,100.0,-18.6,-28.71,-2411.64,-0.03,0,0.0,186,0.27,66841.0,5614644.0,66.84,700.27,0.1,10,5.0,0.01,0,0.0,10.11,69903.5
2161,SELL,ST_FLIP_GREEN,2026-03-20T22:00:00,2026-03-21T00:00:00,short,69841.5,69779.5,100,0.1,6984.15,100.0,6.2,-3.91,-328.44,-0.0,62,0.09,0,0.0,66837.09,5614315.56,66.84,698.42,0.1,10,5.0,0.01,0,0.0,10.11,69965.5
2162,BUY,ST_FLIP_RED,2026-03-21T00:00:00,2026-03-21T04:00:00,long,69779.5,70461.5,100,0.1,6977.95,100.0,68.2,58.09,4879.56,0.06,682,0.98,0,0.0,66895.18,5619195.12,66.9,697.8,0.1,10,5.0,0.01,0,0.0,10.11,69655.5
2163,SELL,ST_FLIP_GREEN,2026-03-21T04:00:00,2026-03-21T05:00:00,short,70461.5,70585.5,100,0.1,7046.15,100.0,-12.4,-22.51,-1890.84,-0.02,0,0.0,124,0.18,66872.67,5617304.28,66.87,704.62,0.1,10,5.0,0.01,0,0.0,10.11,70585.5
2164,BUY,ST_FLIP_RED,2026-03-21T05:00:00,2026-03-21T13:00:00,long,70585.5,70647.5,100,0.1,7058.55,100.0,6.2,-3.91,-328.44,-0.0,62,0.09,0,0.0,66868.76,5616975.84,66.87,705.86,0.1,10,5.0,0.01,0,0.0,10.11,70461.5
2165,SELL,ST_FLIP_GREEN,2026-03-21T13:00:00,2026-03-21T17:00:00,short,70647.5,70647.5,100,0.1,7064.75,100.0,0.0,-10.11,-849.24,-0.01,0,0.0,0,0.0,66858.65,5616126.6,66.86,706.48,0.1,10,5.0,0.01,0,0.0,10.11,70771.5
2166,BUY,ST_FLIP_RED,2026-03-21T17:00:00,2026-03-21T20:00:00,long,70647.5,70709.5,100,0.1,7064.75,100.0,6.2,-3.91,-328.44,-0.0,62,0.09,0,0.0,66854.74,5615798.16,66.85,706.48,0.1,10,5.0,0.01,0,0.0,10.11,70523.5
2167,SELL,ST_FLIP_GREEN,2026-03-21T20:00:00,2026-03-22T07:00:00,short,70709.5,69097.5,100,0.1,7070.95,100.0,161.2,151.09,12691.56,0.15,1612,2.28,0,0.0,67005.83,5628489.72,67.01,707.1,0.1,10,5.0,0.01,0,0.0,10.11,70833.5
2168,BUY,ST_FLIP_RED,2026-03-22T07:00:00,2026-03-22T09:00:00,long,69097.5,69221.5,100,0.1,6909.75,100.0,12.4,2.29,192.36,0.0,124,0.18,0,0.0,67008.12,5628682.08,67.01,690.98,0.1,10,5.0,0.01,0,0.0,10.11,68973.5
2169,SELL,ST_FLIP_GREEN,2026-03-22T09:00:00,2026-03-22T17:00:00,short,69221.5,68601.5,100,0.1,6922.15,100.0,62.0,51.89,4358.76,0.05,620,0.9,0,0.0,67060.01,5633040.84,67.06,692.22,0.1,10,5.0,0.01,0,0.0,10.11,69345.5
2170,BUY,ST_FLIP_RED,2026-03-22T17:00:00,2026-03-22T21:00:00,long,68601.5,68663.5,100,0.1,6860.15,100.0,6.2,-3.91,-328.44,-0.0,62,0.09,0,0.0,67056.1,5632712.4,67.06,686.02,0.1,10,5.0,0.01,0,0.0,10.11,68477.5
2171,SELL,ST_FLIP_GREEN,2026-03-22T21:00:00,2026-03-23T03:00:00,short,68663.5,67981.5,100,0.1,6866.35,100.0,68.2,58.09,4879.56,0.06,682,0.99,0,0.0,67114.19,5637591.96,67.11,686.63,0.1,10,5.0,0.01,0,0.0,10.11,68787.5
2172,BUY,ST_FLIP_RED,2026-03-23T03:00:00,2026-03-23T04:00:00,long,67981.5,68043.5,100,0.1,6798.15,100.0,6.2,-3.91,-328.44,-0.0,62,0.09,0,0.0,67110.28,5637263.52,67.11,679.82,0.1,10,5.0,0.01,0,0.0,10.11,67857.5
2173,SELL,ST_FLIP_GREEN,2026-03-23T04:00:00,2026-03-23T07:00:00,short,68043.5,68167.5,100,0.1,6804.35,100.0,-12.4,-22.51,-1890.84,-0.02,0,0.0,124,0.18,67087.77,5635372.68,67.09,680.44,0.1,10,5.0,0.01,0,0.0,10.11,68167.5
2174,BUY,ST_FLIP_RED,2026-03-23T07:00:00,2026-03-23T12:00:00,long,68167.5,68477.5,100,0.1,6816.75,100.0,31.0,20.89,1754.76,0.02,310,0.45,0,0.0,67108.66,5637127.44,67.11,681.67,0.1,10,5.0,0.01,0,0.0,10.11,68043.5
2175,SELL,ST_FLIP_GREEN,2026-03-23T12:00:00,2026-03-23T13:00:00,short,68477.5,67919.5,100,0.1,6847.75,100.0,55.8,45.69,3837.96,0.05,558,0.81,0,0.0,67154.35,5640965.4,67.15,684.77,0.1,10,5.0,0.01,0,0.0,10.11,68601.5
2176,BUY,ST_FLIP_RED,2026-03-23T13:00:00,2026-03-23T14:00:00,long,67919.5,68291.5,100,0.1,6791.95,100.0,37.2,27.09,2275.56,0.03,372,0.55,0,0.0,67181.44,5643240.96,67.18,679.2,0.1,10,5.0,0.01,0,0.0,10.11,67795.5
2177,SELL,ST_FLIP_GREEN,2026-03-23T14:00:00,2026-03-23T15:00:00,short,68291.5,68353.5,100,0.1,6829.15,100.0,-6.2,-16.31,-1370.04,-0.02,0,0.0,62,0.09,67165.13,5641870.92,67.17,682.92,0.1,10,5.0,0.01,0,0.0,10.11,68415.5
2178,BUY,ST_FLIP_RED,2026-03-23T15:00:00,2026-03-23T17:00:00,long,68353.5,70461.5,100,0.1,6835.35,100.0,210.8,200.69,16857.96,0.2,2108,3.08,0,0.0,67365.82,5658728.88,67.37,683.54,0.1,10,5.0,0.01,0,0.0,10.11,68229.5
2179,SELL,ST_FLIP_GREEN,2026-03-23T17:00:00,2026-03-23T18:00:00,short,70461.5,70461.5,100,0.1,7046.15,100.0,0.0,-10.11,-849.24,-0.01,0,0.0,0,0.0,67355.71,5657879.64,67.36,704.62,0.1,10,5.0,0.01,0,0.0,10.11,70585.5
2180,BUY,ST_FLIP_RED,2026-03-23T18:00:00,2026-03-23T20:00:00,long,70461.5,71081.5,100,0.1,7046.15,100.0,62.0,51.89,4358.76,0.05,620,0.88,0,0.0,67407.6,5662238.4,67.41,704.62,0.1,10,5.0,0.01,0,0.0,10.11,70337.5
2181,SELL,ST_FLIP_GREEN,2026-03-23T20:00:00,2026-03-23T22:00:00,short,71081.5,70399.5,100,0.1,7108.15,100.0,68.2,58.09,4879.56,0.06,682,0.96,0,0.0,67465.69,5667117.96,67.47,710.82,0.1,10,5.0,0.01,0,0.0,10.11,71205.5
2182,BUY,ST_FLIP_RED,2026-03-23T22:00:00,2026-03-24T01:00:00,long,70399.5,70771.5,100,0.1,7039.95,100.0,37.2,27.09,2275.56,0.03,372,0.53,0,0.0,67492.78,5669393.52,67.49,704.0,0.1,10,5.0,0.01,0,0.0,10.11,70275.5
2183,SELL,ST_FLIP_GREEN,2026-03-24T01:00:00,2026-03-24T06:00:00,short,70771.5,70833.5,100,0.1,7077.15,100.0,-6.2,-16.31,-1370.04,-0.02,0,0.0,62,0.09,67476.47,5668023.48,67.48,707.72,0.1,10,5.0,0.01,0,0.0,10.11,70895.5
2184,BUY,ST_FLIP_RED,2026-03-24T06:00:00,2026-03-24T07:00:00,long,70833.5,70647.5,100,0.1,7083.35,100.0,-18.6,-28.71,-2411.64,-0.03,0,0.0,186,0.26,67447.76,5665611.84,67.45,708.34,0.1,10,5.0,0.01,0,0.0,10.11,70709.5
2185,SELL,ST_FLIP_GREEN,2026-03-24T07:00:00,2026-03-24T11:00:00,short,70647.5,70399.5,100,0.1,7064.75,100.0,24.8,14.69,1233.96,0.01,248,0.35,0,0.0,67462.45,5666845.8,67.46,706.48,0.1,10,5.0,0.01,0,0.0,10.11,70771.5
2186,BUY,ST_FLIP_RED,2026-03-24T11:00:00,2026-03-24T18:00:00,long,70399.5,70895.5,100,0.1,7039.95,100.0,49.6,39.49,3317.16,0.04,496,0.7,0,0.0,67501.94,5670162.96,67.5,704.0,0.1,10,5.0,0.01,0,0.0,10.11,70275.5
2187,SELL,ST_FLIP_GREEN,2026-03-24T18:00:00,2026-03-24T23:00:00,short,70895.5,69345.5,100,0.1,7089.55,100.0,155.0,144.89,12170.76,0.14,1550,2.19,0,0.0,67646.83,5682333.72,67.65,708.96,0.1,10,5.0,0.01,0,0.0,10.11,71019.5
2188,BUY,ST_FLIP_RED,2026-03-24T23:00:00,2026-03-25T07:00:00,long,69345.5,70523.5,100,0.1,6934.55,100.0,117.8,107.69,9045.96,0.11,1178,1.7,0,0.0,67754.52,5691379.68,67.75,693.46,0.1,10,5.0,0.01,0,0.0,10.11,69221.5
2189,SELL,ST_FLIP_GREEN,2026-03-25T07:00:00,2026-03-25T09:00:00,short,70523.5,70709.5,100,0.1,7052.35,100.0,-18.6,-28.71,-2411.64,-0.03,0,0.0,186,0.26,67725.81,5688968.04,67.73,705.24,0.1,10,5.0,0.01,0,0.0,10.11,70647.5
2190,BUY,ST_FLIP_RED,2026-03-25T09:00:00,2026-03-25T17:00:00,long,70709.5,71639.5,100,0.1,7070.95,100.0,93.0,82.89,6962.76,0.08,930,1.32,0,0.0,67808.7,5695930.8,67.81,707.1,0.1,10,5.0,0.01,0,0.0,10.11,70585.5
2191,SELL,ST_FLIP_GREEN,2026-03-25T17:00:00,2026-03-25T18:00:00,short,71639.5,71453.5,100,0.1,7163.95,100.0,18.6,8.49,713.16,0.01,186,0.26,0,0.0,67817.19,5696643.96,67.82,716.4,0.1,10,5.0,0.01,0,0.0,10.11,71763.5
2192,BUY,ST_FLIP_RED,2026-03-25T18:00:00,2026-03-25T19:00:00,long,71453.5,71453.5,100,0.1,7145.35,100.0,0.0,-10.11,-849.24,-0.01,0,0.0,0,0.0,67807.08,5695794.72,67.81,714.54,0.1,10,5.0,0.01,0,0.0,10.11,71329.5
2193,SELL,ST_FLIP_GREEN,2026-03-25T19:00:00,2026-03-25T21:00:00,short,71453.5,71205.5,100,0.1,7145.35,100.0,24.8,14.69,1233.96,0.01,248,0.35,0,0.0,67821.77,5697028.68,67.82,714.54,0.1,10,5.0,0.01,0,0.0,10.11,71577.5
2194,BUY,ST_FLIP_RED,2026-03-25T21:00:00,2026-03-25T22:00:00,long,71205.5,71329.5,100,0.1,7120.55,100.0,12.4,2.29,192.36,0.0,124,0.17,0,0.0,67824.06,5697221.04,67.82,712.06,0.1,10,5.0,0.01,0,0.0,10.11,71081.5
2195,SELL,ST_FLIP_GREEN,2026-03-25T22:00:00,2026-03-26T02:00:00,short,71329.5,70895.5,100,0.1,7132.95,100.0,43.4,33.29,2796.36,0.03,434,0.61,0,0.0,67857.35,5700017.4,67.86,713.3,0.1,10,5.0,0.01,0,0.0,10.11,71453.5
2196,BUY,ST_FLIP_RED,2026-03-26T02:00:00,2026-03-26T07:00:00,long,70895.5,71143.5,100,0.1,7089.55,100.0,24.8,14.69,1233.96,0.01,248,0.35,0,0.0,67872.04,5701251.36,67.87,708.96,0.1,10,5.0,0.01,0,0.0,10.11,70771.5
2197,SELL,ST_FLIP_GREEN,2026-03-26T07:00:00,2026-03-26T09:00:00,short,71143.5,70895.5,100,0.1,7114.35,100.0,24.8,14.69,1233.96,0.01,248,0.35,0,0.0,67886.73,5702485.32,67.89,711.44,0.1,10,5.0,0.01,0,0.0,10.11,71267.5
2198,BUY,ST_FLIP_RED,2026-03-26T09:00:00,2026-03-26T10:00:00,long,70895.5,70709.5,100,0.1,7089.55,100.0,-18.6,-28.71,-2411.64,-0.03,0,0.0,186,0.26,67858.02,5700073.68,67.86,708.96,0.1,10,5.0,0.01,0,0.0,10.11,70771.5
2199,SELL,ST_FLIP_GREEN,2026-03-26T10:00:00,2026-03-26T14:00:00,short,70709.5,70027.5,100,0.1,7070.95,100.0,68.2,58.09,4879.56,0.06,682,0.96,0,0.0,67916.11,5704953.24,67.92,707.1,0.1,10,5.0,0.01,0,0.0,10.11,70833.5
2200,BUY,ST_FLIP_RED,2026-03-26T14:00:00,2026-03-26T15:00:00,long,70027.5,69841.5,100,0.1,7002.75,100.0,-18.6,-28.71,-2411.64,-0.03,0,0.0,186,0.27,67887.4,5702541.6,67.89,700.27,0.1,10,5.0,0.01,0,0.0,10.11,69903.5
2201,SELL,ST_FLIP_GREEN,2026-03-26T15:00:00,2026-03-26T19:00:00,short,69841.5,69531.5,100,0.1,6984.15,100.0,31.0,20.89,1754.76,0.02,310,0.44,0,0.0,67908.29,5704296.36,67.91,698.42,0.1,10,5.0,0.01,0,0.0,10.11,69965.5
2202,BUY,ST_FLIP_RED,2026-03-26T19:00:00,2026-03-26T20:00:00,long,69531.5,69407.5,100,0.1,6953.15,100.0,-12.4,-22.51,-1890.84,-0.02,0,0.0,124,0.18,67885.78,5702405.52,67.89,695.32,0.1,10,5.0,0.01,0,0.0,10.11,69407.5
2203,SELL,ST_FLIP_GREEN,2026-03-26T20:00:00,2026-03-26T22:00:00,short,69407.5,69097.5,100,0.1,6940.75,100.0,31.0,20.89,1754.76,0.02,310,0.45,0,0.0,67906.67,5704160.28,67.91,694.08,0.1,10,5.0,0.01,0,0.0,10.11,69531.5
2204,BUY,ST_FLIP_RED,2026-03-26T22:00:00,2026-03-26T23:00:00,long,69097.5,68911.5,100,0.1,6909.75,100.0,-18.6,-28.71,-2411.64,-0.03,0,0.0,186,0.27,67877.96,5701748.64,67.88,690.98,0.1,10,5.0,0.01,0,0.0,10.11,68973.5
2205,SELL,ST_FLIP_GREEN,2026-03-26T23:00:00,2026-03-27T00:00:00,short,68911.5,68353.5,100,0.1,6891.15,100.0,55.8,45.69,3837.96,0.05,558,0.81,0,0.0,67923.65,5705586.6,67.92,689.12,0.1,10,5.0,0.01,0,0.0,10.11,69035.5
2206,BUY,ST_FLIP_RED,2026-03-27T00:00:00,2026-03-27T03:00:00,long,68353.5,68911.5,100,0.1,6835.35,100.0,55.8,45.69,3837.96,0.05,558,0.82,0,0.0,67969.34,5709424.56,67.97,683.54,0.1,10,5.0,0.01,0,0.0,10.11,68229.5
2207,SELL,ST_FLIP_GREEN,2026-03-27T03:00:00,2026-03-27T06:00:00,short,68911.5,68849.5,100,0.1,6891.15,100.0,6.2,-3.91,-328.44,-0.0,62,0.09,0,0.0,67965.43,5709096.12,67.97,689.12,0.1,10,5.0,0.01,0,0.0,10.11,69035.5
2208,BUY,ST_FLIP_RED,2026-03-27T06:00:00,2026-03-27T08:00:00,long,68849.5,68787.5,100,0.1,6884.95,100.0,-6.2,-16.31,-1370.04,-0.02,0,0.0,62,0.09,67949.12,5707726.08,67.95,688.5,0.1,10,5.0,0.01,0,0.0,10.11,68725.5
2209,SELL,ST_FLIP_GREEN,2026-03-27T08:00:00,2026-03-27T11:00:00,short,68787.5,68725.5,100,0.1,6878.75,100.0,6.2,-3.91,-328.44,-0.0,62,0.09,0,0.0,67945.21,5707397.64,67.95,687.88,0.1,10,5.0,0.01,0,0.0,10.11,68911.5
2210,BUY,ST_FLIP_RED,2026-03-27T11:00:00,2026-03-27T13:00:00,long,68725.5,68663.5,100,0.1,6872.55,100.0,-6.2,-16.31,-1370.04,-0.02,0,0.0,62,0.09,67928.9,5706027.6,67.93,687.25,0.1,10,5.0,0.01,0,0.0,10.11,68601.5
2211,SELL,ST_FLIP_GREEN,2026-03-27T13:00:00,2026-03-27T20:00:00,short,68663.5,65935.5,100,0.1,6866.35,100.0,272.8,262.69,22065.96,0.26,2728,3.97,0,0.0,68191.59,5728093.56,68.19,686.63,0.1,10,5.0,0.01,0,0.0,10.11,68787.5
2212,BUY,ST_FLIP_RED,2026-03-27T20:00:00,2026-03-27T21:00:00,long,65935.5,66183.5,100,0.1,6593.55,100.0,24.8,14.69,1233.96,0.01,248,0.38,0,0.0,68206.28,5729327.52,68.21,659.36,0.1,10,5.0,0.01,0,0.0,10.11,65811.5
2213,SELL,ST_FLIP_GREEN,2026-03-27T21:00:00,2026-03-28T00:00:00,short,66183.5,65935.5,100,0.1,6618.35,100.0,24.8,14.69,1233.96,0.01,248,0.37,0,0.0,68220.97,5730561.48,68.22,661.84,0.1,10,5.0,0.01,0,0.0,10.11,66307.5
2214,BUY,ST_FLIP_RED,2026-03-28T00:00:00,2026-03-28T07:00:00,long,65935.5,66121.5,100,0.1,6593.55,100.0,18.6,8.49,713.16,0.01,186,0.28,0,0.0,68229.46,5731274.64,68.23,659.36,0.1,10,5.0,0.01,0,0.0,10.11,65811.5
2215,SELL,ST_FLIP_GREEN,2026-03-28T07:00:00,2026-03-28T08:00:00,short,66121.5,66183.5,100,0.1,6612.15,100.0,-6.2,-16.31,-1370.04,-0.02,0,0.0,62,0.09,68213.15,5729904.6,68.21,661.22,0.1,10,5.0,0.01,0,0.0,10.11,66245.5
2216,BUY,ST_FLIP_RED,2026-03-28T08:00:00,2026-03-28T14:00:00,long,66183.5,66307.5,100,0.1,6618.35,100.0,12.4,2.29,192.36,0.0,124,0.19,0,0.0,68215.44,5730096.96,68.22,661.84,0.1,10,5.0,0.01,0,0.0,10.11,66059.5
2217,SELL,ST_FLIP_GREEN,2026-03-28T14:00:00,2026-03-28T17:00:00,short,66307.5,66369.5,100,0.1,6630.75,100.0,-6.2,-16.31,-1370.04,-0.02,0,0.0,62,0.09,68199.13,5728726.92,68.2,663.08,0.1,10,5.0,0.01,0,0.0,10.11,66431.5
2218,BUY,ST_FLIP_RED,2026-03-28T17:00:00,2026-03-28T22:00:00,long,66369.5,66803.5,100,0.1,6636.95,100.0,43.4,33.29,2796.36,0.03,434,0.65,0,0.0,68232.42,5731523.28,68.23,663.7,0.1,10,5.0,0.01,0,0.0,10.11,66245.5
2219,SELL,ST_FLIP_GREEN,2026-03-28T22:00:00,2026-03-29T01:00:00,short,66803.5,66927.5,100,0.1,6680.35,100.0,-12.4,-22.51,-1890.84,-0.02,0,0.0,124,0.19,68209.91,5729632.44,68.21,668.04,0.1,10,5.0,0.01,0,0.0,10.11,66927.5
2220,BUY,ST_FLIP_RED,2026-03-29T01:00:00,2026-03-29T03:00:00,long,66927.5,66741.5,100,0.1,6692.75,100.0,-18.6,-28.71,-2411.64,-0.03,0,0.0,186,0.28,68181.2,5727220.8,68.18,669.27,0.1,10,5.0,0.01,0,0.0,10.11,66803.5
2221,SELL,ST_FLIP_GREEN,2026-03-29T03:00:00,2026-03-29T06:00:00,short,66741.5,66555.5,100,0.1,6674.15,100.0,18.6,8.49,713.16,0.01,186,0.28,0,0.0,68189.69,5727933.96,68.19,667.42,0.1,10,5.0,0.01,0,0.0,10.11,66865.5
2222,BUY,ST_FLIP_RED,2026-03-29T06:00:00,2026-03-29T09:00:00,long,66555.5,66741.5,100,0.1,6655.55,100.0,18.6,8.49,713.16,0.01,186,0.28,0,0.0,68198.18,5728647.12,68.2,665.56,0.1,10,5.0,0.01,0,0.0,10.11,66431.5
2223,SELL,ST_FLIP_GREEN,2026-03-29T09:00:00,2026-03-29T16:00:00,short,66741.5,66679.5,100,0.1,6674.15,100.0,6.2,-3.91,-328.44,-0.0,62,0.09,0,0.0,68194.27,5728318.68,68.19,667.42,0.1,10,5.0,0.01,0,0.0,10.11,66865.5
2224,BUY,ST_FLIP_RED,2026-03-29T16:00:00,2026-03-29T18:00:00,long,66679.5,66679.5,100,0.1,6667.95,100.0,0.0,-10.11,-849.24,-0.01,0,0.0,0,0.0,68184.16,5727469.44,68.18,666.8,0.1,10,5.0,0.01,0,0.0,10.11,66555.5
2225,SELL,ST_FLIP_GREEN,2026-03-29T18:00:00,2026-03-29T21:00:00,short,66679.5,66617.5,100,0.1,6667.95,100.0,6.2,-3.91,-328.44,-0.0,62,0.09,0,0.0,68180.25,5727141.0,68.18,666.8,0.1,10,5.0,0.01,0,0.0,10.11,66803.5
2226,BUY,ST_FLIP_RED,2026-03-29T21:00:00,2026-03-29T22:00:00,long,66617.5,66431.5,100,0.1,6661.75,100.0,-18.6,-28.71,-2411.64,-0.03,0,0.0,186,0.28,68151.54,5724729.36,68.15,666.17,0.1,10,5.0,0.01,0,0.0,10.11,66493.5
2227,SELL,ST_FLIP_GREEN,2026-03-29T22:00:00,2026-03-29T23:00:00,short,66431.5,66369.5,100,0.1,6643.15,100.0,6.2,-3.91,-328.44,-0.0,62,0.09,0,0.0,68147.63,5724400.92,68.15,664.32,0.1,10,5.0,0.01,0,0.0,10.11,66555.5
2228,BUY,ST_FLIP_RED,2026-03-29T23:00:00,2026-03-30T03:00:00,long,66369.5,66493.5,100,0.1,6636.95,100.0,12.4,2.29,192.36,0.0,124,0.19,0,0.0,68149.92,5724593.28,68.15,663.7,0.1,10,5.0,0.01,0,0.0,10.11,66245.5
2229,SELL,ST_FLIP_GREEN,2026-03-30T03:00:00,2026-03-30T05:00:00,short,66493.5,66183.5,100,0.1,6649.35,100.0,31.0,20.89,1754.76,0.02,310,0.47,0,0.0,68170.81,5726348.04,68.17,664.94,0.1,10,5.0,0.01,0,0.0,10.11,66617.5
2230,BUY,ST_FLIP_RED,2026-03-30T05:00:00,2026-03-30T11:00:00,long,66183.5,67423.5,100,0.1,6618.35,100.0,124.0,113.89,9566.76,0.11,1240,1.87,0,0.0,68284.7,5735914.8,68.28,661.84,0.1,10,5.0,0.01,0,0.0,10.11,66059.5
2231,SELL,ST_FLIP_GREEN,2026-03-30T11:00:00,2026-03-30T13:00:00,short,67423.5,67423.5,100,0.1,6742.35,100.0,0.0,-10.11,-849.24,-0.01,0,0.0,0,0.0,68274.59,5735065.56,68.27,674.24,0.1,10,5.0,0.01,0,0.0,10.11,67547.5
2232,BUY,ST_FLIP_RED,2026-03-30T13:00:00,2026-03-30T14:00:00,long,67423.5,67609.5,100,0.1,6742.35,100.0,18.6,8.49,713.16,0.01,186,0.28,0,0.0,68283.08,5735778.72,68.28,674.24,0.1,10,5.0,0.01,0,0.0,10.11,67299.5
2233,SELL,ST_FLIP_GREEN,2026-03-30T14:00:00,2026-03-30T16:00:00,short,67609.5,67609.5,100,0.1,6760.95,100.0,0.0,-10.11,-849.24,-0.01,0,0.0,0,0.0,68272.97,5734929.48,68.27,676.1,0.1,10,5.0,0.01,0,0.0,10.11,67733.5
2234,BUY,ST_FLIP_RED,2026-03-30T16:00:00,2026-03-30T19:00:00,long,67609.5,67609.5,100,0.1,6760.95,100.0,0.0,-10.11,-849.24,-0.01,0,0.0,0,0.0,68262.86,5734080.24,68.26,676.1,0.1,10,5.0,0.01,0,0.0,10.11,67485.5
2235,SELL,ST_FLIP_GREEN,2026-03-30T19:00:00,2026-03-30T20:00:00,short,67609.5,67423.5,100,0.1,6760.95,100.0,18.6,8.49,713.16,0.01,186,0.28,0,0.0,68271.35,5734793.4,68.27,676.1,0.1,10,5.0,0.01,0,0.0,10.11,67733.5
2236,BUY,ST_FLIP_RED,2026-03-30T20:00:00,2026-03-30T21:00:00,long,67423.5,67361.5,100,0.1,6742.35,100.0,-6.2,-16.31,-1370.04,-0.02,0,0.0,62,0.09,68255.04,5733423.36,68.26,674.24,0.1,10,5.0,0.01,0,0.0,10.11,67299.5
2237,SELL,ST_FLIP_GREEN,2026-03-30T21:00:00,2026-03-31T01:00:00,short,67361.5,66493.5,100,0.1,6736.15,100.0,86.8,76.69,6441.96,0.08,868,1.29,0,0.0,68331.73,5739865.32,68.33,673.62,0.1,10,5.0,0.01,0,0.0,10.11,67485.5
2238,BUY,ST_FLIP_RED,2026-03-31T01:00:00,2026-03-31T04:00:00,long,66493.5,66617.5,100,0.1,6649.35,100.0,12.4,2.29,192.36,0.0,124,0.19,0,0.0,68334.02,5740057.68,68.33,664.94,0.1,10,5.0,0.01,0,0.0,10.11,66369.5
2239,SELL,ST_FLIP_GREEN,2026-03-31T04:00:00,2026-03-31T05:00:00,short,66617.5,66803.5,100,0.1,6661.75,100.0,-18.6,-28.71,-2411.64,-0.03,0,0.0,186,0.28,68305.31,5737646.04,68.31,666.17,0.1,10,5.0,0.01,0,0.0,10.11,66741.5
2240,BUY,ST_FLIP_RED,2026-03-31T05:00:00,2026-03-31T08:00:00,long,66803.5,67795.5,100,0.1,6680.35,100.0,99.2,89.09,7483.56,0.09,992,1.48,0,0.0,68394.4,5745129.6,68.39,668.04,0.1,10,5.0,0.01,0,0.0,10.11,66679.5
2241,SELL,ST_FLIP_GREEN,2026-03-31T08:00:00,2026-03-31T16:00:00,short,67795.5,66555.5,100,0.1,6779.55,100.0,124.0,113.89,9566.76,0.11,1240,1.83,0,0.0,68508.29,5754696.36,68.51,677.96,0.1,10,5.0,0.01,0,0.0,10.11,67919.5
2242,BUY,ST_FLIP_RED,2026-03-31T16:00:00,2026-03-31T20:00:00,long,66555.5,67485.5,100,0.1,6655.55,100.0,93.0,82.89,6962.76,0.08,930,1.4,0,0.0,68591.18,5761659.12,68.59,665.56,0.1,10,5.0,0.01,0,0.0,10.11,66431.5
2243,SELL,ST_FLIP_GREEN,2026-03-31T20:00:00,2026-03-31T21:00:00,short,67485.5,67051.5,100,0.1,6748.55,100.0,43.4,33.29,2796.36,0.03,434,0.64,0,0.0,68624.47,5764455.48,68.62,674.86,0.1,10,5.0,0.01,0,0.0,10.11,67609.5
2244,BUY,ST_FLIP_RED,2026-03-31T21:00:00,2026-03-31T23:00:00,long,67051.5,67795.5,100,0.1,6705.15,100.0,74.4,64.29,5400.36,0.06,744,1.11,0,0.0,68688.76,5769855.84,68.69,670.52,0.1,10,5.0,0.01,0,0.0,10.11,66927.5
2245,SELL,ST_FLIP_GREEN,2026-03-31T23:00:00,2026-04-01T01:00:00,short,67795.5,67919.5,100,0.1,6779.55,100.0,-12.4,-22.51,-1890.84,-0.02,0,0.0,124,0.18,68666.25,5767965.0,68.67,677.96,0.1,10,5.0,0.01,0,0.0,10.11,67919.5
2246,BUY,ST_FLIP_RED,2026-04-01T01:00:00,2026-04-01T05:00:00,long,67919.5,68043.5,100,0.1,6791.95,100.0,12.4,2.29,192.36,0.0,124,0.18,0,0.0,68668.54,5768157.36,68.67,679.2,0.1,10,5.0,0.01,0,0.0,10.11,67795.5
2247,SELL,ST_FLIP_GREEN,2026-04-01T05:00:00,2026-04-01T08:00:00,short,68043.5,67857.5,100,0.1,6804.35,100.0,18.6,8.49,713.16,0.01,186,0.27,0,0.0,68677.03,5768870.52,68.68,680.44,0.1,10,5.0,0.01,0,0.0,10.11,68167.5
2248,BUY,ST_FLIP_RED,2026-04-01T08:00:00,2026-04-01T13:00:00,long,67857.5,68663.5,100,0.1,6785.75,100.0,80.6,70.49,5921.16,0.07,806,1.19,0,0.0,68747.52,5774791.68,68.75,678.58,0.1,10,5.0,0.01,0,0.0,10.11,67733.5
2249,SELL,ST_FLIP_GREEN,2026-04-01T13:00:00,2026-04-01T20:00:00,short,68663.5,68725.5,100,0.1,6866.35,100.0,-6.2,-16.31,-1370.04,-0.02,0,0.0,62,0.09,68731.21,5773421.64,68.73,686.63,0.1,10,5.0,0.01,0,0.0,10.11,68787.5
2250,BUY,ST_FLIP_RED,2026-04-01T20:00:00,2026-04-01T22:00:00,long,68725.5,68601.5,100,0.1,6872.55,100.0,-12.4,-22.51,-1890.84,-0.02,0,0.0,124,0.18,68708.7,5771530.8,68.71,687.25,0.1,10,5.0,0.01,0,0.0,10.11,68601.5
2251,SELL,ST_FLIP_GREEN,2026-04-01T22:00:00,2026-04-02T00:00:00,short,68601.5,68291.5,100,0.1,6860.15,100.0,31.0,20.89,1754.76,0.02,310,0.45,0,0.0,68729.59,5773285.56,68.73,686.02,0.1,10,5.0,0.01,0,0.0,10.11,68725.5
2252,BUY,ST_FLIP_RED,2026-04-02T00:00:00,2026-04-02T01:00:00,long,68291.5,68105.5,100,0.1,6829.15,100.0,-18.6,-28.71,-2411.64,-0.03,0,0.0,186,0.27,68700.88,5770873.92,68.7,682.92,0.1,10,5.0,0.01,0,0.0,10.11,68167.5
2253,SELL,ST_FLIP_GREEN,2026-04-02T01:00:00,2026-04-02T02:00:00,short,68105.5,68167.5,100,0.1,6810.55,100.0,-6.2,-16.31,-1370.04,-0.02,0,0.0,62,0.09,68684.57,5769503.88,68.68,681.06,0.1,10,5.0,0.01,0,0.0,10.11,68229.5
2254,BUY,ST_FLIP_RED,2026-04-02T02:00:00,2026-04-02T03:00:00,long,68167.5,68229.5,100,0.1,6816.75,100.0,6.2,-3.91,-328.44,-0.0,62,0.09,0,0.0,68680.66,5769175.44,68.68,681.67,0.1,10,5.0,0.01,0,0.0,10.11,68043.5
2255,SELL,ST_FLIP_GREEN,2026-04-02T03:00:00,2026-04-02T11:00:00,short,68229.5,66617.5,100,0.1,6822.95,100.0,161.2,151.09,12691.56,0.15,1612,2.36,0,0.0,68831.75,5781867.0,68.83,682.3,0.1,10,5.0,0.01,0,0.0,10.11,68353.5
2256,BUY,ST_FLIP_RED,2026-04-02T11:00:00,2026-04-02T14:00:00,long,66617.5,66493.5,100,0.1,6661.75,100.0,-12.4,-22.51,-1890.84,-0.02,0,0.0,124,0.19,68809.24,5779976.16,68.81,666.17,0.1,10,5.0,0.01,0,0.0,10.11,66493.5
2257,SELL,ST_FLIP_GREEN,2026-04-02T14:00:00,2026-04-02T20:00:00,short,66493.5,66307.5,100,0.1,6649.35,100.0,18.6,8.49,713.16,0.01,186,0.28,0,0.0,68817.73,5780689.32,68.82,664.94,0.1,10,5.0,0.01,0,0.0,10.11,66617.5
2258,BUY,ST_FLIP_RED,2026-04-02T20:00:00,2026-04-02T23:00:00,long,66307.5,66989.5,100,0.1,6630.75,100.0,68.2,58.09,4879.56,0.06,682,1.03,0,0.0,68875.82,5785568.88,68.88,663.08,0.1,10,5.0,0.01,0,0.0,10.11,66183.5
2259,SELL,ST_FLIP_GREEN,2026-04-02T23:00:00,2026-04-03T00:00:00,short,66989.5,66741.5,100,0.1,6698.95,100.0,24.8,14.69,1233.96,0.01,248,0.37,0,0.0,68890.51,5786802.84,68.89,669.9,0.1,10,5.0,0.01,0,0.0,10.11,67113.5
2260,BUY,ST_FLIP_RED,2026-04-03T00:00:00,2026-04-03T02:00:00,long,66741.5,66865.5,100,0.1,6674.15,100.0,12.4,2.29,192.36,0.0,124,0.19,0,0.0,68892.8,5786995.2,68.89,667.42,0.1,10,5.0,0.01,0,0.0,10.11,66617.5
2261,SELL,ST_FLIP_GREEN,2026-04-03T02:00:00,2026-04-03T08:00:00,short,66865.5,66617.5,100,0.1,6686.55,100.0,24.8,14.69,1233.96,0.01,248,0.37,0,0.0,68907.49,5788229.16,68.91,668.65,0.1,10,5.0,0.01,0,0.0,10.11,66989.5
2262,BUY,ST_FLIP_RED,2026-04-03T08:00:00,2026-04-03T14:00:00,long,66617.5,66803.5,100,0.1,6661.75,100.0,18.6,8.49,713.16,0.01,186,0.28,0,0.0,68915.98,5788942.32,68.92,666.17,0.1,10,5.0,0.01,0,0.0,10.11,66493.5
2263,SELL,ST_FLIP_GREEN,2026-04-03T14:00:00,2026-04-03T16:00:00,short,66803.5,66927.5,100,0.1,6680.35,100.0,-12.4,-22.51,-1890.84,-0.02,0,0.0,124,0.19,68893.47,5787051.48,68.89,668.04,0.1,10,5.0,0.01,0,0.0,10.11,66927.5
2264,BUY,ST_FLIP_RED,2026-04-03T16:00:00,2026-04-03T18:00:00,long,66927.5,66865.5,100,0.1,6692.75,100.0,-6.2,-16.31,-1370.04,-0.02,0,0.0,62,0.09,68877.16,5785681.44,68.88,669.27,0.1,10,5.0,0.01,0,0.0,10.11,66803.5
2265,SELL,ST_FLIP_GREEN,2026-04-03T18:00:00,2026-04-03T19:00:00,short,66865.5,66803.5,100,0.1,6686.55,100.0,6.2,-3.91,-328.44,-0.0,62,0.09,0,0.0,68873.25,5785353.0,68.87,668.65,0.1,10,5.0,0.01,0,0.0,10.11,66989.5
2266,BUY,ST_FLIP_RED,2026-04-03T19:00:00,2026-04-04T00:00:00,long,66803.5,66741.5,100,0.1,6680.35,100.0,-6.2,-16.31,-1370.04,-0.02,0,0.0,62,0.09,68856.94,5783982.96,68.86,668.04,0.1,10,5.0,0.01,0,0.0,10.11,66679.5
2267,SELL,ST_FLIP_GREEN,2026-04-04T00:00:00,2026-04-04T02:00:00,short,66741.5,66927.5,100,0.1,6674.15,100.0,-18.6,-28.71,-2411.64,-0.03,0,0.0,186,0.28,68828.23,5781571.32,68.83,667.42,0.1,10,5.0,0.01,0,0.0,10.11,66865.5
2268,BUY,ST_FLIP_RED,2026-04-04T02:00:00,2026-04-05T06:00:00,long,66927.5,67175.5,100,0.1,6692.75,100.0,24.8,14.69,1233.96,0.01,248,0.37,0,0.0,68842.92,5782805.28,68.84,669.27,0.1,10,5.0,0.01,0,0.0,10.11,66803.5
2269,SELL,ST_FLIP_GREEN,2026-04-05T06:00:00,2026-04-05T14:00:00,short,67175.5,66927.5,100,0.1,6717.55,100.0,24.8,14.69,1233.96,0.01,248,0.37,0,0.0,68857.61,5784039.24,68.86,671.75,0.1,10,5.0,0.01,0,0.0,10.11,67299.5
2270,BUY,ST_FLIP_RED,2026-04-05T14:00:00,2026-04-05T17:00:00,long,66927.5,66803.5,100,0.1,6692.75,100.0,-12.4,-22.51,-1890.84,-0.02,0,0.0,124,0.19,68835.1,5782148.4,68.84,669.27,0.1,10,5.0,0.01,0,0.0,10.11,66803.5
2271,SELL,ST_FLIP_GREEN,2026-04-05T17:00:00,2026-04-05T19:00:00,short,66803.5,66927.5,100,0.1,6680.35,100.0,-12.4,-22.51,-1890.84,-0.02,0,0.0,124,0.19,68812.59,5780257.56,68.81,668.04,0.1,10,5.0,0.01,0,0.0,10.11,66927.5
2272,BUY,ST_FLIP_RED,2026-04-05T19:00:00,2026-04-05T21:00:00,long,66927.5,67299.5,100,0.1,6692.75,100.0,37.2,27.09,2275.56,0.03,372,0.56,0,0.0,68839.68,5782533.12,68.84,669.27,0.1,10,5.0,0.01,0,0.0,10.11,66803.5
2273,SELL,ST_FLIP_GREEN,2026-04-05T21:00:00,2026-04-06T00:00:00,short,67299.5,67423.5,100,0.1,6729.95,100.0,-12.4,-22.51,-1890.84,-0.02,0,0.0,124,0.18,68817.17,5780642.28,68.82,673.0,0.1,10,5.0,0.01,0,0.0,10.11,67423.5
2274,BUY,ST_FLIP_RED,2026-04-06T00:00:00,2026-04-06T06:00:00,long,67423.5,68911.5,100,0.1,6742.35,100.0,148.8,138.69,11649.96,0.14,1488,2.21,0,0.0,68955.86,5792292.24,68.96,674.24,0.1,10,5.0,0.01,0,0.0,10.11,67299.5
2275,SELL,ST_FLIP_GREEN,2026-04-06T06:00:00,2026-04-06T07:00:00,short,68911.5,69097.5,100,0.1,6891.15,100.0,-18.6,-28.71,-2411.64,-0.03,0,0.0,186,0.27,68927.15,5789880.6,68.93,689.12,0.1,10,5.0,0.01,0,0.0,10.11,69035.5
2276,BUY,ST_FLIP_RED,2026-04-06T07:00:00,2026-04-06T09:00:00,long,69097.5,69035.5,100,0.1,6909.75,100.0,-6.2,-16.31,-1370.04,-0.02,0,0.0,62,0.09,68910.84,5788510.56,68.91,690.98,0.1,10,5.0,0.01,0,0.0,10.11,68973.5
2277,SELL,ST_FLIP_GREEN,2026-04-06T09:00:00,2026-04-06T10:00:00,short,69035.5,69159.5,100,0.1,6903.55,100.0,-12.4,-22.51,-1890.84,-0.02,0,0.0,124,0.18,68888.33,5786619.72,68.89,690.36,0.1,10,5.0,0.01,0,0.0,10.11,69159.5
2278,BUY,ST_FLIP_RED,2026-04-06T10:00:00,2026-04-06T11:00:00,long,69159.5,68973.5,100,0.1,6915.95,100.0,-18.6,-28.71,-2411.64,-0.03,0,0.0,186,0.27,68859.62,5784208.08,68.86,691.6,0.1,10,5.0,0.01,0,0.0,10.11,69035.5
2279,SELL,ST_FLIP_GREEN,2026-04-06T11:00:00,2026-04-06T12:00:00,short,68973.5,68973.5,100,0.1,6897.35,100.0,0.0,-10.11,-849.24,-0.01,0,0.0,0,0.0,68849.51,5783358.84,68.85,689.74,0.1,10,5.0,0.01,0,0.0,10.11,69097.5
2280,BUY,ST_FLIP_RED,2026-04-06T12:00:00,2026-04-06T15:00:00,long,68973.5,69717.5,100,0.1,6897.35,100.0,74.4,64.29,5400.36,0.06,744,1.08,0,0.0,68913.8,5788759.2,68.91,689.74,0.1,10,5.0,0.01,0,0.0,10.11,68849.5
2281,SELL,ST_FLIP_GREEN,2026-04-06T15:00:00,2026-04-06T20:00:00,short,69717.5,69655.5,100,0.1,6971.75,100.0,6.2,-3.91,-328.44,-0.0,62,0.09,0,0.0,68909.89,5788430.76,68.91,697.17,0.1,10,5.0,0.01,0,0.0,10.11,69841.5
2282,BUY,ST_FLIP_RED,2026-04-06T20:00:00,2026-04-06T22:00:00,long,69655.5,69655.5,100,0.1,6965.55,100.0,0.0,-10.11,-849.24,-0.01,0,0.0,0,0.0,68899.78,5787581.52,68.9,696.56,0.1,10,5.0,0.01,0,0.0,10.11,69531.5
2283,SELL,ST_FLIP_GREEN,2026-04-06T22:00:00,2026-04-06T23:00:00,short,69655.5,69655.5,100,0.1,6965.55,100.0,0.0,-10.11,-849.24,-0.01,0,0.0,0,0.0,68889.67,5786732.28,68.89,696.56,0.1,10,5.0,0.01,0,0.0,10.11,69779.5
2284,BUY,ST_FLIP_RED,2026-04-06T23:00:00,2026-04-07T02:00:00,long,69655.5,69717.5,100,0.1,6965.55,100.0,6.2,-3.91,-328.44,-0.0,62,0.09,0,0.0,68885.76,5786403.84,68.89,696.56,0.1,10,5.0,0.01,0,0.0,10.11,69531.5
2285,SELL,ST_FLIP_GREEN,2026-04-07T02:00:00,2026-04-07T05:00:00,short,69717.5,68725.5,100,0.1,6971.75,100.0,99.2,89.09,7483.56,0.09,992,1.42,0,0.0,68974.85,5793887.4,68.97,697.17,0.1,10,5.0,0.01,0,0.0,10.11,69841.5
2286,BUY,ST_FLIP_RED,2026-04-07T05:00:00,2026-04-07T06:00:00,long,68725.5,68725.5,100,0.1,6872.55,100.0,0.0,-10.11,-849.24,-0.01,0,0.0,0,0.0,68964.74,5793038.16,68.96,687.25,0.1,10,5.0,0.01,0,0.0,10.11,68601.5
2287,SELL,ST_FLIP_GREEN,2026-04-07T06:00:00,2026-04-07T08:00:00,short,68725.5,68787.5,100,0.1,6872.55,100.0,-6.2,-16.31,-1370.04,-0.02,0,0.0,62,0.09,68948.43,5791668.12,68.95,687.25,0.1,10,5.0,0.01,0,0.0,10.11,68849.5
2288,BUY,ST_FLIP_RED,2026-04-07T08:00:00,2026-04-07T09:00:00,long,68787.5,68601.5,100,0.1,6878.75,100.0,-18.6,-28.71,-2411.64,-0.03,0,0.0,186,0.27,68919.72,5789256.48,68.92,687.88,0.1,10,5.0,0.01,0,0.0,10.11,68663.5
2289,SELL,ST_FLIP_GREEN,2026-04-07T09:00:00,2026-04-07T10:00:00,short,68601.5,68725.5,100,0.1,6860.15,100.0,-12.4,-22.51,-1890.84,-0.02,0,0.0,124,0.18,68897.21,5787365.64,68.9,686.02,0.1,10,5.0,0.01,0,0.0,10.11,68725.5
2290,BUY,ST_FLIP_RED,2026-04-07T10:00:00,2026-04-07T11:00:00,long,68725.5,68539.5,100,0.1,6872.55,100.0,-18.6,-28.71,-2411.64,-0.03,0,0.0,186,0.27,68868.5,5784954.0,68.87,687.25,0.1,10,5.0,0.01,0,0.0,10.11,68601.5
2291,SELL,ST_FLIP_GREEN,2026-04-07T11:00:00,2026-04-07T13:00:00,short,68539.5,68725.5,100,0.1,6853.95,100.0,-18.6,-28.71,-2411.64,-0.03,0,0.0,186,0.27,68839.79,5782542.36,68.84,685.4,0.1,10,5.0,0.01,0,0.0,10.11,68663.5
2292,BUY,ST_FLIP_RED,2026-04-07T13:00:00,2026-04-07T15:00:00,long,68725.5,68787.5,100,0.1,6872.55,100.0,6.2,-3.91,-328.44,-0.0,62,0.09,0,0.0,68835.88,5782213.92,68.84,687.25,0.1,10,5.0,0.01,0,0.0,10.11,68601.5
2293,SELL,ST_FLIP_GREEN,2026-04-07T15:00:00,2026-04-07T21:00:00,short,68787.5,68353.5,100,0.1,6878.75,100.0,43.4,33.29,2796.36,0.03,434,0.63,0,0.0,68869.17,5785010.28,68.87,687.88,0.1,10,5.0,0.01,0,0.0,10.11,68911.5
2294,BUY,ST_FLIP_RED,2026-04-07T21:00:00,2026-04-08T05:00:00,long,68353.5,72507.5,100,0.1,6835.35,100.0,415.4,405.29,34044.36,0.41,4154,6.08,0,0.0,69274.46,5819054.64,69.27,683.54,0.1,10,5.0,0.01,0,0.0,10.11,68229.5
2295,SELL,ST_FLIP_GREEN,2026-04-08T05:00:00,2026-04-08T10:00:00,short,72507.5,71639.5,100,0.1,7250.75,100.0,86.8,76.69,6441.96,0.08,868,1.2,0,0.0,69351.15,5825496.6,69.35,725.08,0.1,10,5.0,0.01,0,0.0,10.11,72631.5
2296,BUY,ST_FLIP_RED,2026-04-08T10:00:00,2026-04-08T14:00:00,long,71639.5,71639.5,100,0.1,7163.95,100.0,0.0,-10.11,-849.24,-0.01,0,0.0,0,0.0,69341.04,5824647.36,69.34,716.4,0.1,10,5.0,0.01,0,0.0,10.11,71515.5
2297,SELL,ST_FLIP_GREEN,2026-04-08T14:00:00,2026-04-08T18:00:00,short,71639.5,71825.5,100,0.1,7163.95,100.0,-18.6,-28.71,-2411.64,-0.03,0,0.0,186,0.26,69312.33,5822235.72,69.31,716.4,0.1,10,5.0,0.01,0,0.0,10.11,71763.5
2298,BUY,ST_FLIP_RED,2026-04-08T18:00:00,2026-04-08T19:00:00,long,71825.5,72321.5,100,0.1,7182.55,100.0,49.6,39.49,3317.16,0.04,496,0.69,0,0.0,69351.82,5825552.88,69.35,718.25,0.1,10,5.0,0.01,0,0.0,10.11,71701.5
2299,SELL,ST_FLIP_GREEN,2026-04-08T19:00:00,2026-04-08T21:00:00,short,72321.5,71391.5,100,0.1,7232.15,100.0,93.0,82.89,6962.76,0.08,930,1.29,0,0.0,69434.71,5832515.64,69.43,723.22,0.1,10,5.0,0.01,0,0.0,10.11,72445.5
2300,BUY,ST_FLIP_RED,2026-04-08T21:00:00,2026-04-08T23:00:00,long,71391.5,71391.5,100,0.1,7139.15,100.0,0.0,-10.11,-849.24,-0.01,0,0.0,0,0.0,69424.6,5831666.4,69.42,713.92,0.1,10,5.0,0.01,0,0.0,10.11,71267.5
2301,SELL,ST_FLIP_GREEN,2026-04-08T23:00:00,2026-04-09T01:00:00,short,71391.5,71329.5,100,0.1,7139.15,100.0,6.2,-3.91,-328.44,-0.0,62,0.09,0,0.0,69420.69,5831337.96,69.42,713.92,0.1,10,5.0,0.01,0,0.0,10.11,71515.5
2302,BUY,ST_FLIP_RED,2026-04-09T01:00:00,2026-04-09T03:00:00,long,71329.5,71391.5,100,0.1,7132.95,100.0,6.2,-3.91,-328.44,-0.0,62,0.09,0,0.0,69416.78,5831009.52,69.42,713.3,0.1,10,5.0,0.01,0,0.0,10.11,71205.5
2303,SELL,ST_FLIP_GREEN,2026-04-09T03:00:00,2026-04-09T07:00:00,short,71391.5,70833.5,100,0.1,7139.15,100.0,55.8,45.69,3837.96,0.05,558,0.78,0,0.0,69462.47,5834847.48,69.46,713.92,0.1,10,5.0,0.01,0,0.0,10.11,71515.5
2304,BUY,ST_FLIP_RED,2026-04-09T07:00:00,2026-04-09T08:00:00,long,70833.5,70833.5,100,0.1,7083.35,100.0,0.0,-10.11,-849.24,-0.01,0,0.0,0,0.0,69452.36,5833998.24,69.45,708.34,0.1,10,5.0,0.01,0,0.0,10.11,70709.5
2305,SELL,ST_FLIP_GREEN,2026-04-09T08:00:00,2026-04-09T10:00:00,short,70833.5,71019.5,100,0.1,7083.35,100.0,-18.6,-28.71,-2411.64,-0.03,0,0.0,186,0.26,69423.65,5831586.6,69.42,708.34,0.1,10,5.0,0.01,0,0.0,10.11,70957.5
2306,BUY,ST_FLIP_RED,2026-04-09T10:00:00,2026-04-09T11:00:00,long,71019.5,70833.5,100,0.1,7101.95,100.0,-18.6,-28.71,-2411.64,-0.03,0,0.0,186,0.26,69394.94,5829174.96,69.39,710.2,0.1,10,5.0,0.01,0,0.0,10.11,70895.5
2307,SELL,ST_FLIP_GREEN,2026-04-09T11:00:00,2026-04-09T12:00:00,short,70833.5,71019.5,100,0.1,7083.35,100.0,-18.6,-28.71,-2411.64,-0.03,0,0.0,186,0.26,69366.23,5826763.32,69.37,708.34,0.1,10,5.0,0.01,0,0.0,10.11,70957.5
2308,BUY,ST_FLIP_RED,2026-04-09T12:00:00,2026-04-09T16:00:00,long,71019.5,71143.5,100,0.1,7101.95,100.0,12.4,2.29,192.36,0.0,124,0.17,0,0.0,69368.52,5826955.68,69.37,710.2,0.1,10,5.0,0.01,0,0.0,10.11,70895.5
2309,SELL,ST_FLIP_GREEN,2026-04-09T16:00:00,2026-04-09T17:00:00,short,71143.5,71205.5,100,0.1,7114.35,100.0,-6.2,-16.31,-1370.04,-0.02,0,0.0,62,0.09,69352.21,5825585.64,69.35,711.44,0.1,10,5.0,0.01,0,0.0,10.11,71267.5
2310,BUY,ST_FLIP_RED,2026-04-09T17:00:00,2026-04-09T18:00:00,long,71205.5,71081.5,100,0.1,7120.55,100.0,-12.4,-22.51,-1890.84,-0.02,0,0.0,124,0.17,69329.7,5823694.8,69.33,712.06,0.1,10,5.0,0.01,0,0.0,10.11,71081.5
2311,SELL,ST_FLIP_GREEN,2026-04-09T18:00:00,2026-04-09T20:00:00,short,71081.5,70833.5,100,0.1,7108.15,100.0,24.8,14.69,1233.96,0.01,248,0.35,0,0.0,69344.39,5824928.76,69.34,710.82,0.1,10,5.0,0.01,0,0.0,10.11,71205.5
2312,BUY,ST_FLIP_RED,2026-04-09T20:00:00,2026-04-09T23:00:00,long,70833.5,72073.5,100,0.1,7083.35,100.0,124.0,113.89,9566.76,0.11,1240,1.75,0,0.0,69458.28,5834495.52,69.46,708.34,0.1,10,5.0,0.01,0,0.0,10.11,70709.5
2313,SELL,ST_FLIP_GREEN,2026-04-09T23:00:00,2026-04-10T01:00:00,short,72073.5,72011.5,100,0.1,7207.35,100.0,6.2,-3.91,-328.44,-0.0,62,0.09,0,0.0,69454.37,5834167.08,69.45,720.74,0.1,10,5.0,0.01,0,0.0,10.11,72197.5
2314,BUY,ST_FLIP_RED,2026-04-10T01:00:00,2026-04-10T02:00:00,long,72011.5,72135.5,100,0.1,7201.15,100.0,12.4,2.29,192.36,0.0,124,0.17,0,0.0,69456.66,5834359.44,69.46,720.12,0.1,10,5.0,0.01,0,0.0,10.11,71887.5
2315,SELL,ST_FLIP_GREEN,2026-04-10T02:00:00,2026-04-10T03:00:00,short,72135.5,72321.5,100,0.1,7213.55,100.0,-18.6,-28.71,-2411.64,-0.03,0,0.0,186,0.26,69427.95,5831947.8,69.43,721.36,0.1,10,5.0,0.01,0,0.0,10.11,72259.5
2316,BUY,ST_FLIP_RED,2026-04-10T03:00:00,2026-04-10T04:00:00,long,72321.5,72445.5,100,0.1,7232.15,100.0,12.4,2.29,192.36,0.0,124,0.17,0,0.0,69430.24,5832140.16,69.43,723.22,0.1,10,5.0,0.01,0,0.0,10.11,72197.5
2317,SELL,ST_FLIP_GREEN,2026-04-10T04:00:00,2026-04-10T06:00:00,short,72445.5,71887.5,100,0.1,7244.55,100.0,55.8,45.69,3837.96,0.05,558,0.77,0,0.0,69475.93,5835978.12,69.48,724.46,0.1,10,5.0,0.01,0,0.0,10.11,72569.5
2318,BUY,ST_FLIP_RED,2026-04-10T06:00:00,2026-04-10T08:00:00,long,71887.5,71949.5,100,0.1,7188.75,100.0,6.2,-3.91,-328.44,-0.0,62,0.09,0,0.0,69472.02,5835649.68,69.47,718.88,0.1,10,5.0,0.01,0,0.0,10.11,71763.5
2319,SELL,ST_FLIP_GREEN,2026-04-10T08:00:00,2026-04-10T10:00:00,short,71949.5,71949.5,100,0.1,7194.95,100.0,0.0,-10.11,-849.24,-0.01,0,0.0,0,0.0,69461.91,5834800.44,69.46,719.5,0.1,10,5.0,0.01,0,0.0,10.11,72073.5
2320,BUY,ST_FLIP_RED,2026-04-10T10:00:00,2026-04-10T11:00:00,long,71949.5,72073.5,100,0.1,7194.95,100.0,12.4,2.29,192.36,0.0,124,0.17,0,0.0,69464.2,5834992.8,69.46,719.5,0.1,10,5.0,0.01,0,0.0,10.11,71825.5
2321,SELL,ST_FLIP_GREEN,2026-04-10T11:00:00,2026-04-10T16:00:00,short,72073.5,71825.5,100,0.1,7207.35,100.0,24.8,14.69,1233.96,0.01,248,0.34,0,0.0,69478.89,5836226.76,69.48,720.74,0.1,10,5.0,0.01,0,0.0,10.11,72197.5
2322,BUY,ST_FLIP_RED,2026-04-10T16:00:00,2026-04-10T20:00:00,long,71825.5,72693.5,100,0.1,7182.55,100.0,86.8,76.69,6441.96,0.08,868,1.21,0,0.0,69555.58,5842668.72,69.56,718.25,0.1,10,5.0,0.01,0,0.0,10.11,71701.5
2323,SELL,ST_FLIP_GREEN,2026-04-10T20:00:00,2026-04-10T22:00:00,short,72693.5,72879.5,100,0.1,7269.35,100.0,-18.6,-28.71,-2411.64,-0.03,0,0.0,186,0.26,69526.87,5840257.08,69.53,726.94,0.1,10,5.0,0.01,0,0.0,10.11,72817.5
2324,BUY,ST_FLIP_RED,2026-04-10T22:00:00,2026-04-11T02:00:00,long,72879.5,73003.5,100,0.1,7287.95,100.0,12.4,2.29,192.36,0.0,124,0.17,0,0.0,69529.16,5840449.44,69.53,728.8,0.1,10,5.0,0.01,0,0.0,10.11,72755.5
2325,SELL,ST_FLIP_GREEN,2026-04-11T02:00:00,2026-04-11T07:00:00,short,73003.5,73003.5,100,0.1,7300.35,100.0,0.0,-10.11,-849.24,-0.01,0,0.0,0,0.0,69519.05,5839600.2,69.52,730.04,0.1,10,5.0,0.01,0,0.0,10.11,73127.5
2326,BUY,ST_FLIP_RED,2026-04-11T07:00:00,2026-04-11T09:00:00,long,73003.5,72817.5,100,0.1,7300.35,100.0,-18.6,-28.71,-2411.64,-0.03,0,0.0,186,0.25,69490.34,5837188.56,69.49,730.04,0.1,10,5.0,0.01,0,0.0,10.11,72879.5
2327,SELL,ST_FLIP_GREEN,2026-04-11T09:00:00,2026-04-11T10:00:00,short,72817.5,72817.5,100,0.1,7281.75,100.0,0.0,-10.11,-849.24,-0.01,0,0.0,0,0.0,69480.23,5836339.32,69.48,728.17,0.1,10,5.0,0.01,0,0.0,10.11,72941.5
2328,BUY,ST_FLIP_RED,2026-04-11T10:00:00,2026-04-11T11:00:00,long,72817.5,72631.5,100,0.1,7281.75,100.0,-18.6,-28.71,-2411.64,-0.03,0,0.0,186,0.26,69451.52,5833927.68,69.45,728.17,0.1,10,5.0,0.01,0,0.0,10.11,72693.5
2329,SELL,ST_FLIP_GREEN,2026-04-11T11:00:00,2026-04-11T12:00:00,short,72631.5,72817.5,100,0.1,7263.15,100.0,-18.6,-28.71,-2411.64,-0.03,0,0.0,186,0.26,69422.81,5831516.04,69.42,726.32,0.1,10,5.0,0.01,0,0.0,10.11,72755.5
2330,BUY,ST_FLIP_RED,2026-04-11T12:00:00,2026-04-11T18:00:00,long,72817.5,72631.5,100,0.1,7281.75,100.0,-18.6,-28.71,-2411.64,-0.03,0,0.0,186,0.26,69394.1,5829104.4,69.39,728.17,0.1,10,5.0,0.01,0,0.0,10.11,72693.5
2331,SELL,ST_FLIP_GREEN,2026-04-11T18:00:00,2026-04-11T20:00:00,short,72631.5,72755.5,100,0.1,7263.15,100.0,-12.4,-22.51,-1890.84,-0.02,0,0.0,124,0.17,69371.59,5827213.56,69.37,726.32,0.1,10,5.0,0.01,0,0.0,10.11,72755.5
2332,BUY,ST_FLIP_RED,2026-04-11T20:00:00,2026-04-12T01:00:00,long,72755.5,73375.5,100,0.1,7275.55,100.0,62.0,51.89,4358.76,0.05,620,0.85,0,0.0,69423.48,5831572.32,69.42,727.56,0.1,10,5.0,0.01,0,0.0,10.11,72631.5
2333,SELL,ST_FLIP_GREEN,2026-04-12T01:00:00,2026-04-12T10:00:00,short,73375.5,71701.5,100,0.1,7337.55,100.0,167.4,157.29,13212.36,0.16,1674,2.28,0,0.0,69580.77,5844784.68,69.58,733.75,0.1,10,5.0,0.01,0,0.0,10.11,73499.5
2334,BUY,ST_FLIP_RED,2026-04-12T10:00:00,2026-04-12T14:00:00,long,71701.5,71515.5,100,0.1,7170.15,100.0,-18.6,-28.71,-2411.64,-0.03,0,0.0,186,0.26,69552.06,5842373.04,69.55,717.02,0.1,10,5.0,0.01,0,0.0,10.11,71577.5
2335,SELL,ST_FLIP_GREEN,2026-04-12T14:00:00,2026-04-12T21:00:00,short,71515.5,70895.5,100,0.1,7151.55,100.0,62.0,51.89,4358.76,0.05,620,0.87,0,0.0,69603.95,5846731.8,69.6,715.15,0.1,10,5.0,0.01,0,0.0,10.11,71639.5
2336,BUY,ST_FLIP_RED,2026-04-12T21:00:00,2026-04-13T03:00:00,long,70895.5,71081.5,100,0.1,7089.55,100.0,18.6,8.49,713.16,0.01,186,0.26,0,0.0,69612.44,5847444.96,69.61,708.96,0.1,10,5.0,0.01,0,0.0,10.11,70771.5
2337,SELL,ST_FLIP_GREEN,2026-04-13T03:00:00,2026-04-13T05:00:00,short,71081.5,70771.5,100,0.1,7108.15,100.0,31.0,20.89,1754.76,0.02,310,0.44,0,0.0,69633.33,5849199.72,69.63,710.82,0.1,10,5.0,0.01,0,0.0,10.11,71205.5
2338,BUY,ST_FLIP_RED,2026-04-13T05:00:00,2026-04-13T08:00:00,long,70771.5,70957.5,100,0.1,7077.15,100.0,18.6,8.49,713.16,0.01,186,0.26,0,0.0,69641.82,5849912.88,69.64,707.72,0.1,10,5.0,0.01,0,0.0,10.11,70647.5
2339,SELL,ST_FLIP_GREEN,2026-04-13T08:00:00,2026-04-13T18:00:00,short,70957.5,70895.5,100,0.1,7095.75,100.0,6.2,-3.91,-328.44,-0.0,62,0.09,0,0.0,69637.91,5849584.44,69.64,709.58,0.1,10,5.0,0.01,0,0.0,10.11,71081.5
2340,BUY,ST_FLIP_RED,2026-04-13T18:00:00,2026-04-13T23:00:00,long,70895.5,72197.5,100,0.1,7089.55,100.0,130.2,120.09,10087.56,0.12,1302,1.84,0,0.0,69758.0,5859672.0,69.76,708.96,0.1,10,5.0,0.01,0,0.0,10.11,70771.5
2341,SELL,ST_FLIP_GREEN,2026-04-13T23:00:00,2026-04-14T00:00:00,short,72197.5,72259.5,100,0.1,7219.75,100.0,-6.2,-16.31,-1370.04,-0.02,0,0.0,62,0.09,69741.69,5858301.96,69.74,721.98,0.1,10,5.0,0.01,0,0.0,10.11,72321.5
2342,BUY,ST_FLIP_RED,2026-04-14T00:00:00,2026-04-14T05:00:00,long,72259.5,74491.5,100,0.1,7225.95,100.0,223.2,213.09,17899.56,0.21,2232,3.09,0,0.0,69954.78,5876201.52,69.95,722.6,0.1,10,5.0,0.01,0,0.0,10.11,72135.5
2343,SELL,ST_FLIP_GREEN,2026-04-14T05:00:00,2026-04-14T07:00:00,short,74491.5,74367.5,100,0.1,7449.15,100.0,12.4,2.29,192.36,0.0,124,0.17,0,0.0,69957.07,5876393.88,69.96,744.92,0.1,10,5.0,0.01,0,0.0,10.11,74615.5
2344,BUY,ST_FLIP_RED,2026-04-14T07:00:00,2026-04-14T16:00:00,long,74367.5,74429.5,100,0.1,7436.75,100.0,6.2,-3.91,-328.44,-0.0,62,0.08,0,0.0,69953.16,5876065.44,69.95,743.67,0.1,10,5.0,0.01,0,0.0,10.11,74243.5
2345,SELL,ST_FLIP_GREEN,2026-04-14T16:00:00,2026-04-14T18:00:00,short,74429.5,74491.5,100,0.1,7442.95,100.0,-6.2,-16.31,-1370.04,-0.02,0,0.0,62,0.08,69936.85,5874695.4,69.94,744.3,0.1,10,5.0,0.01,0,0.0,10.11,74553.5
2346,BUY,ST_FLIP_RED,2026-04-14T18:00:00,2026-04-14T20:00:00,long,74491.5,75607.5,100,0.1,7449.15,100.0,111.6,101.49,8525.16,0.1,1116,1.5,0,0.0,70038.34,5883220.56,70.04,744.92,0.1,10,5.0,0.01,0,0.0,10.11,74367.5
2347,SELL,ST_FLIP_GREEN,2026-04-14T20:00:00,2026-04-14T21:00:00,short,75607.5,74925.5,100,0.1,7560.75,100.0,68.2,58.09,4879.56,0.06,682,0.9,0,0.0,70096.43,5888100.12,70.1,756.08,0.1,10,5.0,0.01,0,0.0,10.11,75731.5
2348,BUY,ST_FLIP_RED,2026-04-14T21:00:00,2026-04-14T22:00:00,long,74925.5,75049.5,100,0.1,7492.55,100.0,12.4,2.29,192.36,0.0,124,0.17,0,0.0,70098.72,5888292.48,70.1,749.25,0.1,10,5.0,0.01,0,0.0,10.11,74801.5
2349,SELL,ST_FLIP_GREEN,2026-04-14T22:00:00,2026-04-15T04:00:00,short,75049.5,74119.5,100,0.1,7504.95,100.0,93.0,82.89,6962.76,0.08,930,1.24,0,0.0,70181.61,5895255.24,70.18,750.5,0.1,10,5.0,0.01,0,0.0,10.11,75173.5
2350,BUY,ST_FLIP_RED,2026-04-15T04:00:00,2026-04-15T07:00:00,long,74119.5,74429.5,100,0.1,7411.95,100.0,31.0,20.89,1754.76,0.02,310,0.42,0,0.0,70202.5,5897010.0,70.2,741.2,0.1,10,5.0,0.01,0,0.0,10.11,73995.5
2351,SELL,ST_FLIP_GREEN,2026-04-15T07:00:00,2026-04-15T13:00:00,short,74429.5,73871.5,100,0.1,7442.95,100.0,55.8,45.69,3837.96,0.05,558,0.75,0,0.0,70248.19,5900847.96,70.25,744.3,0.1,10,5.0,0.01,0,0.0,10.11,74553.5
2352,BUY,ST_FLIP_RED,2026-04-15T13:00:00,2026-04-15T20:00:00,long,73871.5,74181.5,100,0.1,7387.15,100.0,31.0,20.89,1754.76,0.02,310,0.42,0,0.0,70269.08,5902602.72,70.27,738.72,0.1,10,5.0,0.01,0,0.0,10.11,73747.5
2353,SELL,ST_FLIP_GREEN,2026-04-15T20:00:00,2026-04-15T23:00:00,short,74181.5,74181.5,100,0.1,7418.15,100.0,0.0,-10.11,-849.24,-0.01,0,0.0,0,0.0,70258.97,5901753.48,70.26,741.82,0.1,10,5.0,0.01,0,0.0,10.11,74305.5
2354,BUY,ST_FLIP_RED,2026-04-15T23:00:00,2026-04-16T04:00:00,long,74181.5,74739.5,100,0.1,7418.15,100.0,55.8,45.69,3837.96,0.05,558,0.75,0,0.0,70304.66,5905591.44,70.3,741.82,0.1,10,5.0,0.01,0,0.0,10.11,74057.5
2355,SELL,ST_FLIP_GREEN,2026-04-16T04:00:00,2026-04-16T07:00:00,short,74739.5,74801.5,100,0.1,7473.95,100.0,-6.2,-16.31,-1370.04,-0.02,0,0.0,62,0.08,70288.35,5904221.4,70.29,747.4,0.1,10,5.0,0.01,0,0.0,10.11,74863.5
2356,BUY,ST_FLIP_RED,2026-04-16T07:00:00,2026-04-16T13:00:00,long,74801.5,74801.5,100,0.1,7480.15,100.0,0.0,-10.11,-849.24,-0.01,0,0.0,0,0.0,70278.24,5903372.16,70.28,748.02,0.1,10,5.0,0.01,0,0.0,10.11,74677.5
2357,SELL,ST_FLIP_GREEN,2026-04-16T13:00:00,2026-04-16T14:00:00,short,74801.5,74801.5,100,0.1,7480.15,100.0,0.0,-10.11,-849.24,-0.01,0,0.0,0,0.0,70268.13,5902522.92,70.27,748.02,0.1,10,5.0,0.01,0,0.0,10.11,74925.5
2358,BUY,ST_FLIP_RED,2026-04-16T14:00:00,2026-04-16T15:00:00,long,74801.5,74615.5,100,0.1,7480.15,100.0,-18.6,-28.71,-2411.64,-0.03,0,0.0,186,0.25,70239.42,5900111.28,70.24,748.02,0.1,10,5.0,0.01,0,0.0,10.11,74677.5
2359,SELL,ST_FLIP_GREEN,2026-04-16T15:00:00,2026-04-16T17:00:00,short,74615.5,74553.5,100,0.1,7461.55,100.0,6.2,-3.91,-328.44,-0.0,62,0.08,0,0.0,70235.51,5899782.84,70.24,746.15,0.1,10,5.0,0.01,0,0.0,10.11,74739.5
2360,BUY,ST_FLIP_RED,2026-04-16T17:00:00,2026-04-16T19:00:00,long,74553.5,74739.5,100,0.1,7455.35,100.0,18.6,8.49,713.16,0.01,186,0.25,0,0.0,70244.0,5900496.0,70.24,745.54,0.1,10,5.0,0.01,0,0.0,10.11,74429.5
2361,SELL,ST_FLIP_GREEN,2026-04-16T19:00:00,2026-04-16T20:00:00,short,74739.5,73933.5,100,0.1,7473.95,100.0,80.6,70.49,5921.16,0.07,806,1.08,0,0.0,70314.49,5906417.16,70.31,747.4,0.1,10,5.0,0.01,0,0.0,10.11,74863.5
2362,BUY,ST_FLIP_RED,2026-04-16T20:00:00,2026-04-16T22:00:00,long,73933.5,74305.5,100,0.1,7393.35,100.0,37.2,27.09,2275.56,0.03,372,0.5,0,0.0,70341.58,5908692.72,70.34,739.34,0.1,10,5.0,0.01,0,0.0,10.11,73809.5
2363,SELL,ST_FLIP_GREEN,2026-04-16T22:00:00,2026-04-16T23:00:00,short,74305.5,74367.5,100,0.1,7430.55,100.0,-6.2,-16.31,-1370.04,-0.02,0,0.0,62,0.08,70325.27,5907322.68,70.33,743.06,0.1,10,5.0,0.01,0,0.0,10.11,74429.5
2364,BUY,ST_FLIP_RED,2026-04-16T23:00:00,2026-04-17T02:00:00,long,74367.5,74925.5,100,0.1,7436.75,100.0,55.8,45.69,3837.96,0.05,558,0.75,0,0.0,70370.96,5911160.64,70.37,743.67,0.1,10,5.0,0.01,0,0.0,10.11,74243.5
2365,SELL,ST_FLIP_GREEN,2026-04-17T02:00:00,2026-04-17T04:00:00,short,74925.5,75049.5,100,0.1,7492.55,100.0,-12.4,-22.51,-1890.84,-0.02,0,0.0,124,0.17,70348.45,5909269.8,70.35,749.25,0.1,10,5.0,0.01,0,0.0,10.11,75049.5
2366,BUY,ST_FLIP_RED,2026-04-17T04:00:00,2026-04-17T06:00:00,long,75049.5,74863.5,100,0.1,7504.95,100.0,-18.6,-28.71,-2411.64,-0.03,0,0.0,186,0.25,70319.74,5906858.16,70.32,750.5,0.1,10,5.0,0.01,0,0.0,10.11,74925.5
2367,SELL,ST_FLIP_GREEN,2026-04-17T06:00:00,2026-04-17T11:00:00,short,74863.5,74801.5,100,0.1,7486.35,100.0,6.2,-3.91,-328.44,-0.0,62,0.08,0,0.0,70315.83,5906529.72,70.32,748.63,0.1,10,5.0,0.01,0,0.0,10.11,74987.5
2368,BUY,ST_FLIP_RED,2026-04-17T11:00:00,2026-04-17T15:00:00,long,74801.5,76041.5,100,0.1,7480.15,100.0,124.0,113.89,9566.76,0.11,1240,1.66,0,0.0,70429.72,5916096.48,70.43,748.02,0.1,10,5.0,0.01,0,0.0,10.11,74677.5
2369,SELL,ST_FLIP_GREEN,2026-04-17T15:00:00,2026-04-17T16:00:00,short,76041.5,75359.5,100,0.1,7604.15,100.0,68.2,58.09,4879.56,0.06,682,0.9,0,0.0,70487.81,5920976.04,70.49,760.42,0.1,10,5.0,0.01,0,0.0,10.11,76165.5
2370,BUY,ST_FLIP_RED,2026-04-17T16:00:00,2026-04-17T22:00:00,long,75359.5,77901.5,100,0.1,7535.95,100.0,254.2,244.09,20503.56,0.24,2542,3.37,0,0.0,70731.9,5941479.6,70.73,753.6,0.1,10,5.0,0.01,0,0.0,10.11,75235.5
2371,SELL,ST_FLIP_GREEN,2026-04-17T22:00:00,2026-04-18T01:00:00,short,77901.5,77343.5,100,0.1,7790.15,100.0,55.8,45.69,3837.96,0.05,558,0.72,0,0.0,70777.59,5945317.56,70.78,779.02,0.1,10,5.0,0.01,0,0.0,10.11,78025.5
2372,BUY,ST_FLIP_RED,2026-04-18T01:00:00,2026-04-18T04:00:00,long,77343.5,77157.5,100,0.1,7734.35,100.0,-18.6,-28.71,-2411.64,-0.03,0,0.0,186,0.24,70748.88,5942905.92,70.75,773.44,0.1,10,5.0,0.01,0,0.0,10.11,77219.5
2373,SELL,ST_FLIP_GREEN,2026-04-18T04:00:00,2026-04-18T05:00:00,short,77157.5,77157.5,100,0.1,7715.75,100.0,0.0,-10.11,-849.24,-0.01,0,0.0,0,0.0,70738.77,5942056.68,70.74,771.58,0.1,10,5.0,0.01,0,0.0,10.11,77281.5
2374,BUY,ST_FLIP_RED,2026-04-18T05:00:00,2026-04-18T09:00:00,long,77157.5,77033.5,100,0.1,7715.75,100.0,-12.4,-22.51,-1890.84,-0.02,0,0.0,124,0.16,70716.26,5940165.84,70.72,771.58,0.1,10,5.0,0.01,0,0.0,10.11,77033.5
2375,SELL,ST_FLIP_GREEN,2026-04-18T09:00:00,2026-04-18T10:00:00,short,77033.5,77095.5,100,0.1,7703.35,100.0,-6.2,-16.31,-1370.04,-0.02,0,0.0,62,0.08,70699.95,5938795.8,70.7,770.34,0.1,10,5.0,0.01,0,0.0,10.11,77157.5
2376,BUY,ST_FLIP_RED,2026-04-18T10:00:00,2026-04-18T13:00:00,long,77095.5,76971.5,100,0.1,7709.55,100.0,-12.4,-22.51,-1890.84,-0.02,0,0.0,124,0.16,70677.44,5936904.96,70.68,770.96,0.1,10,5.0,0.01,0,0.0,10.11,76971.5
2377,SELL,ST_FLIP_GREEN,2026-04-18T13:00:00,2026-04-19T09:00:00,short,76971.5,75669.5,100,0.1,7697.15,100.0,130.2,120.09,10087.56,0.12,1302,1.69,0,0.0,70797.53,5946992.52,70.8,769.72,0.1,10,5.0,0.01,0,0.0,10.11,77095.5
2378,BUY,ST_FLIP_RED,2026-04-19T09:00:00,2026-04-19T10:00:00,long,75669.5,75483.5,100,0.1,7566.95,100.0,-18.6,-28.71,-2411.64,-0.03,0,0.0,186,0.25,70768.82,5944580.88,70.77,756.7,0.1,10,5.0,0.01,0,0.0,10.11,75545.5
2379,SELL,ST_FLIP_GREEN,2026-04-19T10:00:00,2026-04-19T16:00:00,short,75483.5,75173.5,100,0.1,7548.35,100.0,31.0,20.89,1754.76,0.02,310,0.41,0,0.0,70789.71,5946335.64,70.79,754.84,0.1,10,5.0,0.01,0,0.0,10.11,75607.5
2380,BUY,ST_FLIP_RED,2026-04-19T16:00:00,2026-04-19T21:00:00,long,75173.5,75793.5,100,0.1,7517.35,100.0,62.0,51.89,4358.76,0.05,620,0.82,0,0.0,70841.6,5950694.4,70.84,751.74,0.1,10,5.0,0.01,0,0.0,10.11,75049.5
2381,SELL,ST_FLIP_GREEN,2026-04-19T21:00:00,2026-04-20T05:00:00,short,75793.5,74057.5,100,0.1,7579.35,100.0,173.6,163.49,13733.16,0.16,1736,2.29,0,0.0,71005.09,5964427.56,71.01,757.94,0.1,10,5.0,0.01,0,0.0,10.11,75917.5
2382,BUY,ST_FLIP_RED,2026-04-20T05:00:00,2026-04-20T10:00:00,long,74057.5,74243.5,100,0.1,7405.75,100.0,18.6,8.49,713.16,0.01,186,0.25,0,0.0,71013.58,5965140.72,71.01,740.58,0.1,10,5.0,0.01,0,0.0,10.11,73933.5
2383,SELL,ST_FLIP_GREEN,2026-04-20T10:00:00,2026-04-20T11:00:00,short,74243.5,74243.5,100,0.1,7424.35,100.0,0.0,-10.11,-849.24,-0.01,0,0.0,0,0.0,71003.47,5964291.48,71.0,742.44,0.1,10,5.0,0.01,0,0.0,10.11,74367.5
2384,BUY,ST_FLIP_RED,2026-04-20T11:00:00,2026-04-20T13:00:00,long,74243.5,74987.5,100,0.1,7424.35,100.0,74.4,64.29,5400.36,0.06,744,1.0,0,0.0,71067.76,5969691.84,71.07,742.44,0.1,10,5.0,0.01,0,0.0,10.11,74119.5
2385,SELL,ST_FLIP_GREEN,2026-04-20T13:00:00,2026-04-20T14:00:00,short,74987.5,74925.5,100,0.1,7498.75,100.0,6.2,-3.91,-328.44,-0.0,62,0.08,0,0.0,71063.85,5969363.4,71.06,749.88,0.1,10,5.0,0.01,0,0.0,10.11,75111.5
2386,BUY,ST_FLIP_RED,2026-04-20T14:00:00,2026-04-20T18:00:00,long,74925.5,75173.5,100,0.1,7492.55,100.0,24.8,14.69,1233.96,0.01,248,0.33,0,0.0,71078.54,5970597.36,71.08,749.25,0.1,10,5.0,0.01,0,0.0,10.11,74801.5
2387,SELL,ST_FLIP_GREEN,2026-04-20T18:00:00,2026-04-20T19:00:00,short,75173.5,75297.5,100,0.1,7517.35,100.0,-12.4,-22.51,-1890.84,-0.02,0,0.0,124,0.16,71056.03,5968706.52,71.06,751.74,0.1,10,5.0,0.01,0,0.0,10.11,75297.5
2388,BUY,ST_FLIP_RED,2026-04-20T19:00:00,2026-04-20T21:00:00,long,75297.5,75545.5,100,0.1,7529.75,100.0,24.8,14.69,1233.96,0.01,248,0.33,0,0.0,71070.72,5969940.48,71.07,752.98,0.1,10,5.0,0.01,0,0.0,10.11,75173.5
2389,SELL,ST_FLIP_GREEN,2026-04-20T21:00:00,2026-04-20T22:00:00,short,75545.5,75483.5,100,0.1,7554.55,100.0,6.2,-3.91,-328.44,-0.0,62,0.08,0,0.0,71066.81,5969612.04,71.07,755.46,0.1,10,5.0,0.01,0,0.0,10.11,75669.5
2390,BUY,ST_FLIP_RED,2026-04-20T22:00:00,2026-04-21T02:00:00,long,75483.5,76041.5,100,0.1,7548.35,100.0,55.8,45.69,3837.96,0.05,558,0.74,0,0.0,71112.5,5973450.0,71.11,754.84,0.1,10,5.0,0.01,0,0.0,10.11,75359.5
2391,SELL,ST_FLIP_GREEN,2026-04-21T02:00:00,2026-04-21T05:00:00,short,76041.5,75855.5,100,0.1,7604.15,100.0,18.6,8.49,713.16,0.01,186,0.24,0,0.0,71120.99,5974163.16,71.12,760.42,0.1,10,5.0,0.01,0,0.0,10.11,76165.5
2392,BUY,ST_FLIP_RED,2026-04-21T05:00:00,2026-04-21T07:00:00,long,75855.5,75855.5,100,0.1,7585.55,100.0,0.0,-10.11,-849.24,-0.01,0,0.0,0,0.0,71110.88,5973313.92,71.11,758.56,0.1,10,5.0,0.01,0,0.0,10.11,75731.5
2393,SELL,ST_FLIP_GREEN,2026-04-21T07:00:00,2026-04-21T10:00:00,short,75855.5,75793.5,100,0.1,7585.55,100.0,6.2,-3.91,-328.44,-0.0,62,0.08,0,0.0,71106.97,5972985.48,71.11,758.56,0.1,10,5.0,0.01,0,0.0,10.11,75979.5
2394,BUY,ST_FLIP_RED,2026-04-21T10:00:00,2026-04-21T11:00:00,long,75793.5,75731.5,100,0.1,7579.35,100.0,-6.2,-16.31,-1370.04,-0.02,0,0.0,62,0.08,71090.66,5971615.44,71.09,757.94,0.1,10,5.0,0.01,0,0.0,10.11,75669.5
2395,SELL,ST_FLIP_GREEN,2026-04-21T11:00:00,2026-04-21T12:00:00,short,75731.5,75855.5,100,0.1,7573.15,100.0,-12.4,-22.51,-1890.84,-0.02,0,0.0,124,0.16,71068.15,5969724.6,71.07,757.32,0.1,10,5.0,0.01,0,0.0,10.11,75855.5
2396,BUY,ST_FLIP_RED,2026-04-21T12:00:00,2026-04-21T17:00:00,long,75855.5,76413.5,100,0.1,7585.55,100.0,55.8,45.69,3837.96,0.05,558,0.74,0,0.0,71113.84,5973562.56,71.11,758.56,0.1,10,5.0,0.01,0,0.0,10.11,75731.5
2397,SELL,ST_FLIP_GREEN,2026-04-21T17:00:00,2026-04-21T21:00:00,short,76413.5,75855.5,100,0.1,7641.35,100.0,55.8,45.69,3837.96,0.05,558,0.73,0,0.0,71159.53,5977400.52,71.16,764.13,0.1,10,5.0,0.01,0,0.0,10.11,76537.5
2398,BUY,ST_FLIP_RED,2026-04-21T21:00:00,2026-04-21T22:00:00,long,75855.5,75669.5,100,0.1,7585.55,100.0,-18.6,-28.71,-2411.64,-0.03,0,0.0,186,0.25,71130.82,5974988.88,71.13,758.56,0.1,10,5.0,0.01,0,0.0,10.11,75731.5
2399,SELL,ST_FLIP_GREEN,2026-04-21T22:00:00,2026-04-21T23:00:00,short,75669.5,75421.5,100,0.1,7566.95,100.0,24.8,14.69,1233.96,0.01,248,0.33,0,0.0,71145.51,5976222.84,71.15,756.7,0.1,10,5.0,0.01,0,0.0,10.11,75793.5
2400,BUY,ST_FLIP_RED,2026-04-21T23:00:00,2026-04-22T02:00:00,long,75421.5,75545.5,100,0.1,7542.15,100.0,12.4,2.29,192.36,0.0,124,0.16,0,0.0,71147.8,5976415.2,71.15,754.22,0.1,10,5.0,0.01,0,0.0,10.11,75297.5
2401,SELL,ST_FLIP_GREEN,2026-04-22T02:00:00,2026-04-22T04:00:00,short,75545.5,75545.5,100,0.1,7554.55,100.0,0.0,-10.11,-849.24,-0.01,0,0.0,0,0.0,71137.69,5975565.96,71.14,755.46,0.1,10,5.0,0.01,0,0.0,10.11,75669.5
2402,BUY,ST_FLIP_RED,2026-04-22T04:00:00,2026-04-22T11:00:00,long,75545.5,78025.5,100,0.1,7554.55,100.0,248.0,237.89,19982.76,0.24,2480,3.28,0,0.0,71375.58,5995548.72,71.38,755.46,0.1,10,5.0,0.01,0,0.0,10.11,75421.5
2403,SELL,ST_FLIP_GREEN,2026-04-22T11:00:00,2026-04-22T14:00:00,short,78025.5,78087.5,100,0.1,7802.55,100.0,-6.2,-16.31,-1370.04,-0.02,0,0.0,62,0.08,71359.27,5994178.68,71.36,780.25,0.1,10,5.0,0.01,0,0.0,10.11,78149.5
2404,BUY,ST_FLIP_RED,2026-04-22T14:00:00,2026-04-22T17:00:00,long,78087.5,78087.5,100,0.1,7808.75,100.0,0.0,-10.11,-849.24,-0.01,0,0.0,0,0.0,71349.16,5993329.44,71.35,780.88,0.1,10,5.0,0.01,0,0.0,10.11,77963.5
2405,SELL,ST_FLIP_GREEN,2026-04-22T17:00:00,2026-04-22T18:00:00,short,78087.5,78273.5,100,0.1,7808.75,100.0,-18.6,-28.71,-2411.64,-0.03,0,0.0,186,0.24,71320.45,5990917.8,71.32,780.88,0.1,10,5.0,0.01,0,0.0,10.11,78211.5
2406,BUY,ST_FLIP_RED,2026-04-22T18:00:00,2026-04-22T21:00:00,long,78273.5,78831.5,100,0.1,7827.35,100.0,55.8,45.69,3837.96,0.05,558,0.71,0,0.0,71366.14,5994755.76,71.37,782.74,0.1,10,5.0,0.01,0,0.0,10.11,78149.5
2407,SELL,ST_FLIP_GREEN,2026-04-22T21:00:00,2026-04-23T00:00:00,short,78831.5,79017.5,100,0.1,7883.15,100.0,-18.6,-28.71,-2411.64,-0.03,0,0.0,186,0.24,71337.43,5992344.12,71.34,788.32,0.1,10,5.0,0.01,0,0.0,10.11,78955.5
2408,BUY,ST_FLIP_RED,2026-04-23T00:00:00,2026-04-23T01:00:00,long,79017.5,78831.5,100,0.1,7901.75,100.0,-18.6,-28.71,-2411.64,-0.03,0,0.0,186,0.24,71308.72,5989932.48,71.31,790.17,0.1,10,5.0,0.01,0,0.0,10.11,78893.5
2409,SELL,ST_FLIP_GREEN,2026-04-23T01:00:00,2026-04-23T10:00:00,short,78831.5,77839.5,100,0.1,7883.15,100.0,99.2,89.09,7483.56,0.09,992,1.26,0,0.0,71397.81,5997416.04,71.4,788.32,0.1,10,5.0,0.01,0,0.0,10.11,78955.5
2410,BUY,ST_FLIP_RED,2026-04-23T10:00:00,2026-04-23T13:00:00,long,77839.5,78025.5,100,0.1,7783.95,100.0,18.6,8.49,713.16,0.01,186,0.24,0,0.0,71406.3,5998129.2,71.41,778.4,0.1,10,5.0,0.01,0,0.0,10.11,77715.5
2411,SELL,ST_FLIP_GREEN,2026-04-23T13:00:00,2026-04-23T17:00:00,short,78025.5,77591.5,100,0.1,7802.55,100.0,43.4,33.29,2796.36,0.03,434,0.56,0,0.0,71439.59,6000925.56,71.44,780.25,0.1,10,5.0,0.01,0,0.0,10.11,78149.5
2412,BUY,ST_FLIP_RED,2026-04-23T17:00:00,2026-04-23T18:00:00,long,77591.5,77591.5,100,0.1,7759.15,100.0,0.0,-10.11,-849.24,-0.01,0,0.0,0,0.0,71429.48,6000076.32,71.43,775.92,0.1,10,5.0,0.01,0,0.0,10.11,77467.5
2413,SELL,ST_FLIP_GREEN,2026-04-23T18:00:00,2026-04-23T19:00:00,short,77591.5,77715.5,100,0.1,7759.15,100.0,-12.4,-22.51,-1890.84,-0.02,0,0.0,124,0.16,71406.97,5998185.48,71.41,775.92,0.1,10,5.0,0.01,0,0.0,10.11,77715.5
2414,BUY,ST_FLIP_RED,2026-04-23T19:00:00,2026-04-23T22:00:00,long,77715.5,78149.5,100,0.1,7771.55,100.0,43.4,33.29,2796.36,0.03,434,0.56,0,0.0,71440.26,6000981.84,71.44,777.15,0.1,10,5.0,0.01,0,0.0,10.11,77591.5
2415,SELL,ST_FLIP_GREEN,2026-04-23T22:00:00,2026-04-23T23:00:00,short,78149.5,77715.5,100,0.1,7814.95,100.0,43.4,33.29,2796.36,0.03,434,0.56,0,0.0,71473.55,6003778.2,71.47,781.5,0.1,10,5.0,0.01,0,0.0,10.11,78273.5
2416,BUY,ST_FLIP_RED,2026-04-23T23:00:00,2026-04-24T01:00:00,long,77715.5,77715.5,100,0.1,7771.55,100.0,0.0,-10.11,-849.24,-0.01,0,0.0,0,0.0,71463.44,6002928.96,71.46,777.15,0.1,10,5.0,0.01,0,0.0,10.11,77591.5
2417,SELL,ST_FLIP_GREEN,2026-04-24T01:00:00,2026-04-24T02:00:00,short,77715.5,77839.5,100,0.1,7771.55,100.0,-12.4,-22.51,-1890.84,-0.02,0,0.0,124,0.16,71440.93,6001038.12,71.44,777.15,0.1,10,5.0,0.01,0,0.0,10.11,77839.5
2418,BUY,ST_FLIP_RED,2026-04-24T02:00:00,2026-04-24T06:00:00,long,77839.5,78149.5,100,0.1,7783.95,100.0,31.0,20.89,1754.76,0.02,310,0.4,0,0.0,71461.82,6002792.88,71.46,778.4,0.1,10,5.0,0.01,0,0.0,10.11,77715.5
2419,SELL,ST_FLIP_GREEN,2026-04-24T06:00:00,2026-04-24T07:00:00,short,78149.5,78149.5,100,0.1,7814.95,100.0,0.0,-10.11,-849.24,-0.01,0,0.0,0,0.0,71451.71,6001943.64,71.45,781.5,0.1,10,5.0,0.01,0,0.0,10.11,78273.5
2420,BUY,ST_FLIP_RED,2026-04-24T07:00:00,2026-04-24T08:00:00,long,78149.5,78087.5,100,0.1,7814.95,100.0,-6.2,-16.31,-1370.04,-0.02,0,0.0,62,0.08,71435.4,6000573.6,71.44,781.5,0.1,10,5.0,0.01,0,0.0,10.11,78025.5
2421,SELL,ST_FLIP_GREEN,2026-04-24T08:00:00,2026-04-24T11:00:00,short,78087.5,77777.5,100,0.1,7808.75,100.0,31.0,20.89,1754.76,0.02,310,0.4,0,0.0,71456.29,6002328.36,71.46,780.88,0.1,10,5.0,0.01,0,0.0,10.11,78211.5
2422,BUY,ST_FLIP_RED,2026-04-24T11:00:00,2026-04-24T12:00:00,long,77777.5,77653.5,100,0.1,7777.75,100.0,-12.4,-22.51,-1890.84,-0.02,0,0.0,124,0.16,71433.78,6000437.52,71.43,777.77,0.1,10,5.0,0.01,0,0.0,10.11,77653.5
2423,SELL,ST_FLIP_GREEN,2026-04-24T12:00:00,2026-04-24T13:00:00,short,77653.5,77839.5,100,0.1,7765.35,100.0,-18.6,-28.71,-2411.64,-0.03,0,0.0,186,0.24,71405.07,5998025.88,71.41,776.54,0.1,10,5.0,0.01,0,0.0,10.11,77777.5
2424,BUY,ST_FLIP_RED,2026-04-24T13:00:00,2026-04-24T14:00:00,long,77839.5,77653.5,100,0.1,7783.95,100.0,-18.6,-28.71,-2411.64,-0.03,0,0.0,186,0.24,71376.36,5995614.24,71.38,778.4,0.1,10,5.0,0.01,0,0.0,10.11,77715.5
2425,SELL,ST_FLIP_GREEN,2026-04-24T14:00:00,2026-04-24T15:00:00,short,77653.5,77591.5,100,0.1,7765.35,100.0,6.2,-3.91,-328.44,-0.0,62,0.08,0,0.0,71372.45,5995285.8,71.37,776.54,0.1,10,5.0,0.01,0,0.0,10.11,77777.5
2426,BUY,ST_FLIP_RED,2026-04-24T15:00:00,2026-04-24T18:00:00,long,77591.5,78087.5,100,0.1,7759.15,100.0,49.6,39.49,3317.16,0.04,496,0.64,0,0.0,71411.94,5998602.96,71.41,775.92,0.1,10,5.0,0.01,0,0.0,10.11,77467.5
2427,SELL,ST_FLIP_GREEN,2026-04-24T18:00:00,2026-04-25T06:00:00,short,78087.5,77467.5,100,0.1,7808.75,100.0,62.0,51.89,4358.76,0.05,620,0.79,0,0.0,71463.83,6002961.72,71.46,780.88,0.1,10,5.0,0.01,0,0.0,10.11,78211.5
2428,BUY,ST_FLIP_RED,2026-04-25T06:00:00,2026-04-25T10:00:00,long,77467.5,77405.5,100,0.1,7746.75,100.0,-6.2,-16.31,-1370.04,-0.02,0,0.0,62,0.08,71447.52,6001591.68,71.45,774.67,0.1,10,5.0,0.01,0,0.0,10.11,77343.5
2429,SELL,ST_FLIP_GREEN,2026-04-25T10:00:00,2026-04-25T14:00:00,short,77405.5,77591.5,100,0.1,7740.55,100.0,-18.6,-28.71,-2411.64,-0.03,0,0.0,186,0.24,71418.81,5999180.04,71.42,774.06,0.1,10,5.0,0.01,0,0.0,10.11,77529.5
2430,BUY,ST_FLIP_RED,2026-04-25T14:00:00,2026-04-25T17:00:00,long,77591.5,77529.5,100,0.1,7759.15,100.0,-6.2,-16.31,-1370.04,-0.02,0,0.0,62,0.08,71402.5,5997810.0,71.4,775.92,0.1,10,5.0,0.01,0,0.0,10.11,77467.5
2431,SELL,ST_FLIP_GREEN,2026-04-25T17:00:00,2026-04-25T19:00:00,short,77529.5,77715.5,100,0.1,7752.95,100.0,-18.6,-28.71,-2411.64,-0.03,0,0.0,186,0.24,71373.79,5995398.36,71.37,775.3,0.1,10,5.0,0.01,0,0.0,10.11,77653.5
2432,BUY,ST_FLIP_RED,2026-04-25T19:00:00,2026-04-25T21:00:00,long,77715.5,77529.5,100,0.1,7771.55,100.0,-18.6,-28.71,-2411.64,-0.03,0,0.0,186,0.24,71345.08,5992986.72,71.35,777.15,0.1,10,5.0,0.01,0,0.0,10.11,77591.5
2433,SELL,ST_FLIP_GREEN,2026-04-25T21:00:00,2026-04-26T01:00:00,short,77529.5,77405.5,100,0.1,7752.95,100.0,12.4,2.29,192.36,0.0,124,0.16,0,0.0,71347.37,5993179.08,71.35,775.3,0.1,10,5.0,0.01,0,0.0,10.11,77653.5
2434,BUY,ST_FLIP_RED,2026-04-26T01:00:00,2026-04-26T08:00:00,long,77405.5,77343.5,100,0.1,7740.55,100.0,-6.2,-16.31,-1370.04,-0.02,0,0.0,62,0.08,71331.06,5991809.04,71.33,774.06,0.1,10,5.0,0.01,0,0.0,10.11,77281.5
2435,SELL,ST_FLIP_GREEN,2026-04-26T08:00:00,2026-04-26T10:00:00,short,77343.5,77529.5,100,0.1,7734.35,100.0,-18.6,-28.71,-2411.64,-0.03,0,0.0,186,0.24,71302.35,5989397.4,71.3,773.44,0.1,10,5.0,0.01,0,0.0,10.11,77467.5
2436,BUY,ST_FLIP_RED,2026-04-26T10:00:00,2026-04-26T11:00:00,long,77529.5,77901.5,100,0.1,7752.95,100.0,37.2,27.09,2275.56,0.03,372,0.48,0,0.0,71329.44,5991672.96,71.33,775.3,0.1,10,5.0,0.01,0,0.0,10.11,77405.5
2437,SELL,ST_FLIP_GREEN,2026-04-26T11:00:00,2026-04-26T13:00:00,short,77901.5,78087.5,100,0.1,7790.15,100.0,-18.6,-28.71,-2411.64,-0.03,0,0.0,186,0.24,71300.73,5989261.32,71.3,779.02,0.1,10,5.0,0.01,0,0.0,10.11,78025.5
2438,BUY,ST_FLIP_RED,2026-04-26T13:00:00,2026-04-26T17:00:00,long,78087.5,77901.5,100,0.1,7808.75,100.0,-18.6,-28.71,-2411.64,-0.03,0,0.0,186,0.24,71272.02,5986849.68,71.27,780.88,0.1,10,5.0,0.01,0,0.0,10.11,77963.5
2439,SELL,ST_FLIP_GREEN,2026-04-26T17:00:00,2026-04-26T19:00:00,short,77901.5,78025.5,100,0.1,7790.15,100.0,-12.4,-22.51,-1890.84,-0.02,0,0.0,124,0.16,71249.51,5984958.84,71.25,779.02,0.1,10,5.0,0.01,0,0.0,10.11,78025.5
2440,BUY,ST_FLIP_RED,2026-04-26T19:00:00,2026-04-27T04:00:00,long,78025.5,78273.5,100,0.1,7802.55,100.0,24.8,14.69,1233.96,0.01,248,0.32,0,0.0,71264.2,5986192.8,71.26,780.25,0.1,10,5.0,0.01,0,0.0,10.11,77901.5
2441,SELL,ST_FLIP_GREEN,2026-04-27T04:00:00,2026-04-27T05:00:00,short,78273.5,78273.5,100,0.1,7827.35,100.0,0.0,-10.11,-849.24,-0.01,0,0.0,0,0.0,71254.09,5985343.56,71.25,782.74,0.1,10,5.0,0.01,0,0.0,10.11,78397.5
2442,BUY,ST_FLIP_RED,2026-04-27T05:00:00,2026-04-27T10:00:00,long,78273.5,78955.5,100,0.1,7827.35,100.0,68.2,58.09,4879.56,0.06,682,0.87,0,0.0,71312.18,5990223.12,71.31,782.74,0.1,10,5.0,0.01,0,0.0,10.11,78149.5
2443,SELL,ST_FLIP_GREEN,2026-04-27T10:00:00,2026-04-27T14:00:00,short,78955.5,77715.5,100,0.1,7895.55,100.0,124.0,113.89,9566.76,0.11,1240,1.57,0,0.0,71426.07,5999789.88,71.43,789.56,0.1,10,5.0,0.01,0,0.0,10.11,79079.5
2444,BUY,ST_FLIP_RED,2026-04-27T14:00:00,2026-04-27T20:00:00,long,77715.5,77591.5,100,0.1,7771.55,100.0,-12.4,-22.51,-1890.84,-0.02,0,0.0,124,0.16,71403.56,5997899.04,71.4,777.15,0.1,10,5.0,0.01,0,0.0,10.11,77591.5
2445,SELL,ST_FLIP_GREEN,2026-04-27T20:00:00,2026-04-28T01:00:00,short,77591.5,76785.5,100,0.1,7759.15,100.0,80.6,70.49,5921.16,0.07,806,1.04,0,0.0,71474.05,6003820.2,71.47,775.92,0.1,10,5.0,0.01,0,0.0,10.11,77715.5
2446,BUY,ST_FLIP_RED,2026-04-28T01:00:00,2026-04-28T07:00:00,long,76785.5,76971.5,100,0.1,7678.55,100.0,18.6,8.49,713.16,0.01,186,0.24,0,0.0,71482.54,6004533.36,71.48,767.86,0.1,10,5.0,0.01,0,0.0,10.11,76661.5
2447,SELL,ST_FLIP_GREEN,2026-04-28T07:00:00,2026-04-28T10:00:00,short,76971.5,76971.5,100,0.1,7697.15,100.0,0.0,-10.11,-849.24,-0.01,0,0.0,0,0.0,71472.43,6003684.12,71.47,769.72,0.1,10,5.0,0.01,0,0.0,10.11,77095.5
2448,BUY,ST_FLIP_RED,2026-04-28T10:00:00,2026-04-28T11:00:00,long,76971.5,76847.5,100,0.1,7697.15,100.0,-12.4,-22.51,-1890.84,-0.02,0,0.0,124,0.16,71449.92,6001793.28,71.45,769.72,0.1,10,5.0,0.01,0,0.0,10.11,76847.5
2449,SELL,ST_FLIP_GREEN,2026-04-28T11:00:00,2026-04-28T13:00:00,short,76847.5,76847.5,100,0.1,7684.75,100.0,0.0,-10.11,-849.24,-0.01,0,0.0,0,0.0,71439.81,6000944.04,71.44,768.48,0.1,10,5.0,0.01,0,0.0,10.11,76971.5
2450,BUY,ST_FLIP_RED,2026-04-28T13:00:00,2026-04-28T14:00:00,long,76847.5,76785.5,100,0.1,7684.75,100.0,-6.2,-16.31,-1370.04,-0.02,0,0.0,62,0.08,71423.5,5999574.0,71.42,768.48,0.1,10,5.0,0.01,0,0.0,10.11,76723.5
2451,SELL,ST_FLIP_GREEN,2026-04-28T14:00:00,2026-04-28T20:00:00,short,76785.5,76041.5,100,0.1,7678.55,100.0,74.4,64.29,5400.36,0.06,744,0.97,0,0.0,71487.79,6004974.36,71.49,767.86,0.1,10,5.0,0.01,0,0.0,10.11,76909.5
2452,BUY,ST_FLIP_RED,2026-04-28T20:00:00,2026-04-29T11:00:00,long,76041.5,77033.5,100,0.1,7604.15,100.0,99.2,89.09,7483.56,0.09,992,1.3,0,0.0,71576.88,6012457.92,71.58,760.42,0.1,10,5.0,0.01,0,0.0,10.11,75917.5
2453,SELL,ST_FLIP_GREEN,2026-04-29T11:00:00,2026-04-29T15:00:00,short,77033.5,77219.5,100,0.1,7703.35,100.0,-18.6,-28.71,-2411.64,-0.03,0,0.0,186,0.24,71548.17,6010046.28,71.55,770.34,0.1,10,5.0,0.01,0,0.0,10.11,77157.5
2454,BUY,ST_FLIP_RED,2026-04-29T15:00:00,2026-04-29T16:00:00,long,77219.5,77715.5,100,0.1,7721.95,100.0,49.6,39.49,3317.16,0.04,496,0.64,0,0.0,71587.66,6013363.44,71.59,772.2,0.1,10,5.0,0.01,0,0.0,10.11,77095.5
2455,SELL,ST_FLIP_GREEN,2026-04-29T16:00:00,2026-04-30T00:00:00,short,77715.5,75297.5,100,0.1,7771.55,100.0,241.8,231.69,19461.96,0.23,2418,3.11,0,0.0,71819.35,6032825.4,71.82,777.15,0.1,10,5.0,0.01,0,0.0,10.11,77839.5
2456,BUY,ST_FLIP_RED,2026-04-30T00:00:00,2026-04-30T07:00:00,long,75297.5,76103.5,100,0.1,7529.75,100.0,80.6,70.49,5921.16,0.07,806,1.07,0,0.0,71889.84,6038746.56,71.89,752.98,0.1,10,5.0,0.01,0,0.0,10.11,75173.5
2457,SELL,ST_FLIP_GREEN,2026-04-30T07:00:00,2026-04-30T11:00:00,short,76103.5,75607.5,100,0.1,7610.35,100.0,49.6,39.49,3317.16,0.04,496,0.65,0,0.0,71929.33,6042063.72,71.93,761.04,0.1,10,5.0,0.01,0,0.0,10.11,76227.5
2458,BUY,ST_FLIP_RED,2026-04-30T11:00:00,2026-04-30T15:00:00,long,75607.5,75979.5,100,0.1,7560.75,100.0,37.2,27.09,2275.56,0.03,372,0.49,0,0.0,71956.42,6044339.28,71.96,756.08,0.1,10,5.0,0.01,0,0.0,10.11,75483.5
2459,SELL,ST_FLIP_GREEN,2026-04-30T15:00:00,2026-04-30T16:00:00,short,75979.5,76103.5,100,0.1,7597.95,100.0,-12.4,-22.51,-1890.84,-0.02,0,0.0,124,0.16,71933.91,6042448.44,71.93,759.8,0.1,10,5.0,0.01,0,0.0,10.11,76103.5
2460,BUY,ST_FLIP_RED,2026-04-30T16:00:00,2026-04-30T18:00:00,long,76103.5,76103.5,100,0.1,7610.35,100.0,0.0,-10.11,-849.24,-0.01,0,0.0,0,0.0,71923.8,6041599.2,71.92,761.04,0.1,10,5.0,0.01,0,0.0,10.11,75979.5
2461,SELL,ST_FLIP_GREEN,2026-04-30T18:00:00,2026-04-30T19:00:00,short,76103.5,76289.5,100,0.1,7610.35,100.0,-18.6,-28.71,-2411.64,-0.03,0,0.0,186,0.24,71895.09,6039187.56,71.9,761.04,0.1,10,5.0,0.01,0,0.0,10.11,76227.5
2462,BUY,ST_FLIP_RED,2026-04-30T19:00:00,2026-04-30T22:00:00,long,76289.5,76227.5,100,0.1,7628.95,100.0,-6.2,-16.31,-1370.04,-0.02,0,0.0,62,0.08,71878.78,6037817.52,71.88,762.9,0.1,10,5.0,0.01,0,0.0,10.11,76165.5
2463,SELL,ST_FLIP_GREEN,2026-04-30T22:00:00,2026-04-30T23:00:00,short,76227.5,76289.5,100,0.1,7622.75,100.0,-6.2,-16.31,-1370.04,-0.02,0,0.0,62,0.08,71862.47,6036447.48,71.86,762.27,0.1,10,5.0,0.01,0,0.0,10.11,76351.5
2464,BUY,ST_FLIP_RED,2026-04-30T23:00:00,2026-05-01T12:00:00,long,76289.5,76909.5,100,0.1,7628.95,100.0,62.0,51.89,4358.76,0.05,620,0.81,0,0.0,71914.36,6040806.24,71.91,762.9,0.1,10,5.0,0.01,0,0.0,10.11,76165.5
2465,SELL,ST_FLIP_GREEN,2026-05-01T12:00:00,2026-05-01T13:00:00,short,76909.5,77095.5,100,0.1,7690.95,100.0,-18.6,-28.71,-2411.64,-0.03,0,0.0,186,0.24,71885.65,6038394.6,71.89,769.1,0.1,10,5.0,0.01,0,0.0,10.11,77033.5
2466,BUY,ST_FLIP_RED,2026-05-01T13:00:00,2026-05-01T21:00:00,long,77095.5,78273.5,100,0.1,7709.55,100.0,117.8,107.69,9045.96,0.11,1178,1.53,0,0.0,71993.34,6047440.56,71.99,770.96,0.1,10,5.0,0.01,0,0.0,10.11,76971.5
2467,SELL,ST_FLIP_GREEN,2026-05-01T21:00:00,2026-05-01T23:00:00,short,78273.5,78397.5,100,0.1,7827.35,100.0,-12.4,-22.51,-1890.84,-0.02,0,0.0,124,0.16,71970.83,6045549.72,71.97,782.74,0.1,10,5.0,0.01,0,0.0,10.11,78397.5
2468,BUY,ST_FLIP_RED,2026-05-01T23:00:00,2026-05-02T00:00:00,long,78397.5,78397.5,100,0.1,7839.75,100.0,0.0,-10.11,-849.24,-0.01,0,0.0,0,0.0,71960.72,6044700.48,71.96,783.98,0.1,10,5.0,0.01,0,0.0,10.11,78273.5
2469,SELL,ST_FLIP_GREEN,2026-05-02T00:00:00,2026-05-02T03:00:00,short,78397.5,78211.5,100,0.1,7839.75,100.0,18.6,8.49,713.16,0.01,186,0.24,0,0.0,71969.21,6045413.64,71.97,783.98,0.1,10,5.0,0.01,0,0.0,10.11,78521.5
2470,BUY,ST_FLIP_RED,2026-05-02T03:00:00,2026-05-02T04:00:00,long,78211.5,78149.5,100,0.1,7821.15,100.0,-6.2,-16.31,-1370.04,-0.02,0,0.0,62,0.08,71952.9,6044043.6,71.95,782.12,0.1,10,5.0,0.01,0,0.0,10.11,78087.5
2471,SELL,ST_FLIP_GREEN,2026-05-02T04:00:00,2026-05-02T05:00:00,short,78149.5,78149.5,100,0.1,7814.95,100.0,0.0,-10.11,-849.24,-0.01,0,0.0,0,0.0,71942.79,6043194.36,71.94,781.5,0.1,10,5.0,0.01,0,0.0,10.11,78273.5
2472,BUY,ST_FLIP_RED,2026-05-02T05:00:00,2026-05-02T10:00:00,long,78149.5,78149.5,100,0.1,7814.95,100.0,0.0,-10.11,-849.24,-0.01,0,0.0,0,0.0,71932.68,6042345.12,71.93,781.5,0.1,10,5.0,0.01,0,0.0,10.11,78025.5
2473,SELL,ST_FLIP_GREEN,2026-05-02T10:00:00,2026-05-02T12:00:00,short,78149.5,78211.5,100,0.1,7814.95,100.0,-6.2,-16.31,-1370.04,-0.02,0,0.0,62,0.08,71916.37,6040975.08,71.92,781.5,0.1,10,5.0,0.01,0,0.0,10.11,78273.5
2474,BUY,ST_FLIP_RED,2026-05-02T12:00:00,2026-05-02T15:00:00,long,78211.5,78149.5,100,0.1,7821.15,100.0,-6.2,-16.31,-1370.04,-0.02,0,0.0,62,0.08,71900.06,6039605.04,71.9,782.12,0.1,10,5.0,0.01,0,0.0,10.11,78087.5
2475,SELL,ST_FLIP_GREEN,2026-05-02T15:00:00,2026-05-02T19:00:00,short,78149.5,78335.5,100,0.1,7814.95,100.0,-18.6,-28.71,-2411.64,-0.03,0,0.0,186,0.24,71871.35,6037193.4,71.87,781.5,0.1,10,5.0,0.01,0,0.0,10.11,78273.5
2476,BUY,ST_FLIP_RED,2026-05-02T19:00:00,2026-05-03T06:00:00,long,78335.5,78521.5,100,0.1,7833.55,100.0,18.6,8.49,713.16,0.01,186,0.24,0,0.0,71879.84,6037906.56,71.88,783.36,0.1,10,5.0,0.01,0,0.0,10.11,78211.5
2477,SELL,ST_FLIP_GREEN,2026-05-03T06:00:00,2026-05-03T12:00:00,short,78521.5,78273.5,100,0.1,7852.15,100.0,24.8,14.69,1233.96,0.01,248,0.32,0,0.0,71894.53,6039140.52,71.89,785.22,0.1,10,5.0,0.01,0,0.0,10.11,78645.5
2478,BUY,ST_FLIP_RED,2026-05-03T12:00:00,2026-05-04T04:00:00,long,78273.5,78831.5,100,0.1,7827.35,100.0,55.8,45.69,3837.96,0.05,558,0.71,0,0.0,71940.22,6042978.48,71.94,782.74,0.1,10,5.0,0.01,0,0.0,10.11,78149.5
2479,SELL,ST_FLIP_GREEN,2026-05-04T04:00:00,2026-05-04T06:00:00,short,78831.5,78521.5,100,0.1,7883.15,100.0,31.0,20.89,1754.76,0.02,310,0.39,0,0.0,71961.11,6044733.24,71.96,788.32,0.1,10,5.0,0.01,0,0.0,10.11,78955.5
2480,BUY,ST_FLIP_RED,2026-05-04T06:00:00,2026-05-04T10:00:00,long,78521.5,80071.5,100,0.1,7852.15,100.0,155.0,144.89,12170.76,0.14,1550,1.97,0,0.0,72106.0,6056904.0,72.11,785.22,0.1,10,5.0,0.01,0,0.0,10.11,78397.5
2481,SELL,ST_FLIP_GREEN,2026-05-04T10:00:00,2026-05-04T16:00:00,short,80071.5,78707.5,100,0.1,8007.15,100.0,136.4,126.29,10608.36,0.13,1364,1.7,0,0.0,72232.29,6067512.36,72.23,800.72,0.1,10,5.0,0.01,0,0.0,10.11,80195.5
2482,BUY,ST_FLIP_RED,2026-05-04T16:00:00,2026-05-04T23:00:00,long,78707.5,80195.5,100,0.1,7870.75,100.0,148.8,138.69,11649.96,0.14,1488,1.89,0,0.0,72370.98,6079162.32,72.37,787.08,0.1,10,5.0,0.01,0,0.0,10.11,78583.5
2483,SELL,ST_FLIP_GREEN,2026-05-04T23:00:00,2026-05-05T02:00:00,short,80195.5,80133.5,100,0.1,8019.55,100.0,6.2,-3.91,-328.44,-0.0,62,0.08,0,0.0,72367.07,6078833.88,72.37,801.96,0.1,10,5.0,0.01,0,0.0,10.11,80319.5
2484,BUY,ST_FLIP_RED,2026-05-05T02:00:00,2026-05-05T04:00:00,long,80133.5,80009.5,100,0.1,8013.35,100.0,-12.4,-22.51,-1890.84,-0.02,0,0.0,124,0.15,72344.56,6076943.04,72.34,801.34,0.1,10,5.0,0.01,0,0.0,10.11,80009.5
2485,SELL,ST_FLIP_GREEN,2026-05-05T04:00:00,2026-05-05T06:00:00,short,80009.5,80009.5,100,0.1,8000.95,100.0,0.0,-10.11,-849.24,-0.01,0,0.0,0,0.0,72334.45,6076093.8,72.33,800.1,0.1,10,5.0,0.01,0,0.0,10.11,80133.5
2486,BUY,ST_FLIP_RED,2026-05-05T06:00:00,2026-05-05T11:00:00,long,80009.5,80815.5,100,0.1,8000.95,100.0,80.6,70.49,5921.16,0.07,806,1.01,0,0.0,72404.94,6082014.96,72.4,800.1,0.1,10,5.0,0.01,0,0.0,10.11,79885.5
2487,SELL,ST_FLIP_GREEN,2026-05-05T11:00:00,2026-05-05T12:00:00,short,80815.5,80939.5,100,0.1,8081.55,100.0,-12.4,-22.51,-1890.84,-0.02,0,0.0,124,0.15,72382.43,6080124.12,72.38,808.15,0.1,10,5.0,0.01,0,0.0,10.11,80939.5
2488,BUY,ST_FLIP_RED,2026-05-05T12:00:00,2026-05-05T13:00:00,long,80939.5,80815.5,100,0.1,8093.95,100.0,-12.4,-22.51,-1890.84,-0.02,0,0.0,124,0.15,72359.92,6078233.28,72.36,809.4,0.1,10,5.0,0.01,0,0.0,10.11,80815.5
2489,SELL,ST_FLIP_GREEN,2026-05-05T13:00:00,2026-05-05T16:00:00,short,80815.5,80815.5,100,0.1,8081.55,100.0,0.0,-10.11,-849.24,-0.01,0,0.0,0,0.0,72349.81,6077384.04,72.35,808.15,0.1,10,5.0,0.01,0,0.0,10.11,80939.5
2490,BUY,ST_FLIP_RED,2026-05-05T16:00:00,2026-05-05T21:00:00,long,80815.5,81373.5,100,0.1,8081.55,100.0,55.8,45.69,3837.96,0.05,558,0.69,0,0.0,72395.5,6081222.0,72.4,808.15,0.1,10,5.0,0.01,0,0.0,10.11,80691.5
2491,SELL,ST_FLIP_GREEN,2026-05-05T21:00:00,2026-05-06T00:00:00,short,81373.5,81497.5,100,0.1,8137.35,100.0,-12.4,-22.51,-1890.84,-0.02,0,0.0,124,0.15,72372.99,6079331.16,72.37,813.74,0.1,10,5.0,0.01,0,0.0,10.11,81497.5
2492,BUY,ST_FLIP_RED,2026-05-06T00:00:00,2026-05-06T04:00:00,long,81497.5,81311.5,100,0.1,8149.75,100.0,-18.6,-28.71,-2411.64,-0.03,0,0.0,186,0.23,72344.28,6076919.52,72.34,814.98,0.1,10,5.0,0.01,0,0.0,10.11,81373.5
2493,SELL,ST_FLIP_GREEN,2026-05-06T04:00:00,2026-05-06T06:00:00,short,81311.5,81001.5,100,0.1,8131.15,100.0,31.0,20.89,1754.76,0.02,310,0.38,0,0.0,72365.17,6078674.28,72.37,813.12,0.1,10,5.0,0.01,0,0.0,10.11,81435.5
2494,BUY,ST_FLIP_RED,2026-05-06T06:00:00,2026-05-06T07:00:00,long,81001.5,81063.5,100,0.1,8100.15,100.0,6.2,-3.91,-328.44,-0.0,62,0.08,0,0.0,72361.26,6078345.84,72.36,810.02,0.1,10,5.0,0.01,0,0.0,10.11,80877.5
2495,SELL,ST_FLIP_GREEN,2026-05-06T07:00:00,2026-05-06T08:00:00,short,81063.5,81249.5,100,0.1,8106.35,100.0,-18.6,-28.71,-2411.64,-0.03,0,0.0,186,0.23,72332.55,6075934.2,72.33,810.63,0.1,10,5.0,0.01,0,0.0,10.11,81187.5
2496,BUY,ST_FLIP_RED,2026-05-06T08:00:00,2026-05-06T09:00:00,long,81249.5,81435.5,100,0.1,8124.95,100.0,18.6,8.49,713.16,0.01,186,0.23,0,0.0,72341.04,6076647.36,72.34,812.5,0.1,10,5.0,0.01,0,0.0,10.11,81125.5
2497,SELL,ST_FLIP_GREEN,2026-05-06T09:00:00,2026-05-06T12:00:00,short,81435.5,81435.5,100,0.1,8143.55,100.0,0.0,-10.11,-849.24,-0.01,0,0.0,0,0.0,72330.93,6075798.12,72.33,814.36,0.1,10,5.0,0.01,0,0.0,10.11,81559.5
2498,BUY,ST_FLIP_RED,2026-05-06T12:00:00,2026-05-06T17:00:00,long,81435.5,82427.5,100,0.1,8143.55,100.0,99.2,89.09,7483.56,0.09,992,1.22,0,0.0,72420.02,6083281.68,72.42,814.36,0.1,10,5.0,0.01,0,0.0,10.11,81311.5
2499,SELL,ST_FLIP_GREEN,2026-05-06T17:00:00,2026-05-07T01:00:00,short,82427.5,81497.5,100,0.1,8242.75,100.0,93.0,82.89,6962.76,0.08,930,1.13,0,0.0,72502.91,6090244.44,72.5,824.27,0.1,10,5.0,0.01,0,0.0,10.11,82551.5
2500,BUY,ST_FLIP_RED,2026-05-07T01:00:00,2026-05-07T02:00:00,long,81497.5,81373.5,100,0.1,8149.75,100.0,-12.4,-22.51,-1890.84,-0.02,0,0.0,124,0.15,72480.4,6088353.6,72.48,814.98,0.1,10,5.0,0.01,0,0.0,10.11,81373.5
2501,SELL,ST_FLIP_GREEN,2026-05-07T02:00:00,2026-05-07T10:00:00,short,81373.5,81063.5,100,0.1,8137.35,100.0,31.0,20.89,1754.76,0.02,310,0.38,0,0.0,72501.29,6090108.36,72.5,813.74,0.1,10,5.0,0.01,0,0.0,10.11,81497.5
2502,BUY,ST_FLIP_RED,2026-05-07T10:00:00,2026-05-07T14:00:00,long,81063.5,81311.5,100,0.1,8106.35,100.0,24.8,14.69,1233.96,0.01,248,0.31,0,0.0,72515.98,6091342.32,72.52,810.63,0.1,10,5.0,0.01,0,0.0,10.11,80939.5
2503,SELL,ST_FLIP_GREEN,2026-05-07T14:00:00,2026-05-07T16:00:00,short,81311.5,80815.5,100,0.1,8131.15,100.0,49.6,39.49,3317.16,0.04,496,0.61,0,0.0,72555.47,6094659.48,72.56,813.12,0.1,10,5.0,0.01,0,0.0,10.11,81435.5
2504,BUY,ST_FLIP_RED,2026-05-07T16:00:00,2026-05-07T19:00:00,long,80815.5,80815.5,100,0.1,8081.55,100.0,0.0,-10.11,-849.24,-0.01,0,0.0,0,0.0,72545.36,6093810.24,72.55,808.15,0.1,10,5.0,0.01,0,0.0,10.11,80691.5
2505,SELL,ST_FLIP_GREEN,2026-05-07T19:00:00,2026-05-07T21:00:00,short,80815.5,80009.5,100,0.1,8081.55,100.0,80.6,70.49,5921.16,0.07,806,1.0,0,0.0,72615.85,6099731.4,72.62,808.15,0.1,10,5.0,0.01,0,0.0,10.11,80939.5
2506,BUY,ST_FLIP_RED,2026-05-07T21:00:00,2026-05-07T22:00:00,long,80009.5,79823.5,100,0.1,8000.95,100.0,-18.6,-28.71,-2411.64,-0.03,0,0.0,186,0.23,72587.14,6097319.76,72.59,800.1,0.1,10,5.0,0.01,0,0.0,10.11,79885.5
2507,SELL,ST_FLIP_GREEN,2026-05-07T22:00:00,2026-05-07T23:00:00,short,79823.5,79823.5,100,0.1,7982.35,100.0,0.0,-10.11,-849.24,-0.01,0,0.0,0,0.0,72577.03,6096470.52,72.58,798.24,0.1,10,5.0,0.01,0,0.0,10.11,79947.5
2508,BUY,ST_FLIP_RED,2026-05-07T23:00:00,2026-05-08T00:00:00,long,79823.5,79947.5,100,0.1,7982.35,100.0,12.4,2.29,192.36,0.0,124,0.16,0,0.0,72579.32,6096662.88,72.58,798.24,0.1,10,5.0,0.01,0,0.0,10.11,79699.5
2509,SELL,ST_FLIP_GREEN,2026-05-08T00:00:00,2026-05-08T01:00:00,short,79947.5,80071.5,100,0.1,7994.75,100.0,-12.4,-22.51,-1890.84,-0.02,0,0.0,124,0.16,72556.81,6094772.04,72.56,799.48,0.1,10,5.0,0.01,0,0.0,10.11,80071.5
2510,BUY,ST_FLIP_RED,2026-05-08T01:00:00,2026-05-08T02:00:00,long,80071.5,79947.5,100,0.1,8007.15,100.0,-12.4,-22.51,-1890.84,-0.02,0,0.0,124,0.15,72534.3,6092881.2,72.53,800.72,0.1,10,5.0,0.01,0,0.0,10.11,79947.5
2511,SELL,ST_FLIP_GREEN,2026-05-08T02:00:00,2026-05-08T05:00:00,short,79947.5,80009.5,100,0.1,7994.75,100.0,-6.2,-16.31,-1370.04,-0.02,0,0.0,62,0.08,72517.99,6091511.16,72.52,799.48,0.1,10,5.0,0.01,0,0.0,10.11,80071.5
2512,BUY,ST_FLIP_RED,2026-05-08T05:00:00,2026-05-08T06:00:00,long,80009.5,79823.5,100,0.1,8000.95,100.0,-18.6,-28.71,-2411.64,-0.03,0,0.0,186,0.23,72489.28,6089099.52,72.49,800.1,0.1,10,5.0,0.01,0,0.0,10.11,79885.5
2513,SELL,ST_FLIP_GREEN,2026-05-08T06:00:00,2026-05-08T09:00:00,short,79823.5,79637.5,100,0.1,7982.35,100.0,18.6,8.49,713.16,0.01,186,0.23,0,0.0,72497.77,6089812.68,72.5,798.24,0.1,10,5.0,0.01,0,0.0,10.11,79947.5
2514,BUY,ST_FLIP_RED,2026-05-08T09:00:00,2026-05-08T11:00:00,long,79637.5,79513.5,100,0.1,7963.75,100.0,-12.4,-22.51,-1890.84,-0.02,0,0.0,124,0.16,72475.26,6087921.84,72.48,796.38,0.1,10,5.0,0.01,0,0.0,10.11,79513.5
2515,SELL,ST_FLIP_GREEN,2026-05-08T11:00:00,2026-05-08T13:00:00,short,79513.5,79513.5,100,0.1,7951.35,100.0,0.0,-10.11,-849.24,-0.01,0,0.0,0,0.0,72465.15,6087072.6,72.47,795.13,0.1,10,5.0,0.01,0,0.0,10.11,79637.5
2516,BUY,ST_FLIP_RED,2026-05-08T13:00:00,2026-05-08T18:00:00,long,79513.5,80071.5,100,0.1,7951.35,100.0,55.8,45.69,3837.96,0.05,558,0.7,0,0.0,72510.84,6090910.56,72.51,795.13,0.1,10,5.0,0.01,0,0.0,10.11,79389.5
2517,SELL,ST_FLIP_GREEN,2026-05-08T18:00:00,2026-05-08T19:00:00,short,80071.5,79699.5,100,0.1,8007.15,100.0,37.2,27.09,2275.56,0.03,372,0.46,0,0.0,72537.93,6093186.12,72.54,800.72,0.1,10,5.0,0.01,0,0.0,10.11,80195.5
2518,BUY,ST_FLIP_RED,2026-05-08T19:00:00,2026-05-08T20:00:00,long,79699.5,79885.5,100,0.1,7969.95,100.0,18.6,8.49,713.16,0.01,186,0.23,0,0.0,72546.42,6093899.28,72.55,797.0,0.1,10,5.0,0.01,0,0.0,10.11,79575.5
2519,SELL,ST_FLIP_GREEN,2026-05-08T20:00:00,2026-05-08T21:00:00,short,79885.5,79823.5,100,0.1,7988.55,100.0,6.2,-3.91,-328.44,-0.0,62,0.08,0,0.0,72542.51,6093570.84,72.54,798.86,0.1,10,5.0,0.01,0,0.0,10.11,80009.5
2520,BUY,ST_FLIP_RED,2026-05-08T21:00:00,2026-05-09T00:00:00,long,79823.5,80009.5,100,0.1,7982.35,100.0,18.6,8.49,713.16,0.01,186,0.23,0,0.0,72551.0,6094284.0,72.55,798.24,0.1,10,5.0,0.01,0,0.0,10.11,79699.5
2521,SELL,ST_FLIP_GREEN,2026-05-09T00:00:00,2026-05-09T01:00:00,short,80009.5,80133.5,100,0.1,8000.95,100.0,-12.4,-22.51,-1890.84,-0.02,0,0.0,124,0.15,72528.49,6092393.16,72.53,800.1,0.1,10,5.0,0.01,0,0.0,10.11,80133.5
2522,BUY,ST_FLIP_RED,2026-05-09T01:00:00,2026-05-09T05:00:00,long,80133.5,80071.5,100,0.1,8013.35,100.0,-6.2,-16.31,-1370.04,-0.02,0,0.0,62,0.08,72512.18,6091023.12,72.51,801.34,0.1,10,5.0,0.01,0,0.0,10.11,80009.5
2523,SELL,ST_FLIP_GREEN,2026-05-09T05:00:00,2026-05-09T06:00:00,short,80071.5,80257.5,100,0.1,8007.15,100.0,-18.6,-28.71,-2411.64,-0.03,0,0.0,186,0.23,72483.47,6088611.48,72.48,800.72,0.1,10,5.0,0.01,0,0.0,10.11,80195.5
2524,BUY,ST_FLIP_RED,2026-05-09T06:00:00,2026-05-09T12:00:00,long,80257.5,80195.5,100,0.1,8025.75,100.0,-6.2,-16.31,-1370.04,-0.02,0,0.0,62,0.08,72467.16,6087241.44,72.47,802.58,0.1,10,5.0,0.01,0,0.0,10.11,80133.5
2525,SELL,ST_FLIP_GREEN,2026-05-09T12:00:00,2026-05-09T13:00:00,short,80195.5,80381.5,100,0.1,8019.55,100.0,-18.6,-28.71,-2411.64,-0.03,0,0.0,186,0.23,72438.45,6084829.8,72.44,801.96,0.1,10,5.0,0.01,0,0.0,10.11,80319.5
2526,BUY,ST_FLIP_RED,2026-05-09T13:00:00,2026-05-09T14:00:00,long,80381.5,80195.5,100,0.1,8038.15,100.0,-18.6,-28.71,-2411.64,-0.03,0,0.0,186,0.23,72409.74,6082418.16,72.41,803.82,0.1,10,5.0,0.01,0,0.0,10.11,80257.5
2527,SELL,ST_FLIP_GREEN,2026-05-09T14:00:00,2026-05-09T17:00:00,short,80195.5,80381.5,100,0.1,8019.55,100.0,-18.6,-28.71,-2411.64,-0.03,0,0.0,186,0.23,72381.03,6080006.52,72.38,801.96,0.1,10,5.0,0.01,0,0.0,10.11,80319.5
2528,BUY,ST_FLIP_RED,2026-05-09T17:00:00,2026-05-10T00:00:00,long,80381.5,80753.5,100,0.1,8038.15,100.0,37.2,27.09,2275.56,0.03,372,0.46,0,0.0,72408.12,6082282.08,72.41,803.82,0.1,10,5.0,0.01,0,0.0,10.11,80257.5
2529,SELL,ST_FLIP_GREEN,2026-05-10T00:00:00,2026-05-10T09:00:00,short,80753.5,80815.5,100,0.1,8075.35,100.0,-6.2,-16.31,-1370.04,-0.02,0,0.0,62,0.08,72391.81,6080912.04,72.39,807.54,0.1,10,5.0,0.01,0,0.0,10.11,80877.5
2530,BUY,ST_FLIP_RED,2026-05-10T09:00:00,2026-05-10T11:00:00,long,80815.5,80629.5,100,0.1,8081.55,100.0,-18.6,-28.71,-2411.64,-0.03,0,0.0,186,0.23,72363.1,6078500.4,72.36,808.15,0.1,10,5.0,0.01,0,0.0,10.11,80691.5
2531,SELL,ST_FLIP_GREEN,2026-05-10T11:00:00,2026-05-10T12:00:00,short,80629.5,80753.5,100,0.1,8062.95,100.0,-12.4,-22.51,-1890.84,-0.02,0,0.0,124,0.15,72340.59,6076609.56,72.34,806.3,0.1,10,5.0,0.01,0,0.0,10.11,80753.5
2532,BUY,ST_FLIP_RED,2026-05-10T12:00:00,2026-05-11T01:00:00,long,80753.5,81249.5,100,0.1,8075.35,100.0,49.6,39.49,3317.16,0.04,496,0.61,0,0.0,72380.08,6079926.72,72.38,807.54,0.1,10,5.0,0.01,0,0.0,10.11,80629.5
2533,SELL,ST_FLIP_GREEN,2026-05-11T01:00:00,2026-05-11T03:00:00,short,81249.5,81001.5,100,0.1,8124.95,100.0,24.8,14.69,1233.96,0.01,248,0.31,0,0.0,72394.77,6081160.68,72.39,812.5,0.1,10,5.0,0.01,0,0.0,10.11,81373.5
2534,BUY,ST_FLIP_RED,2026-05-11T03:00:00,2026-05-11T05:00:00,long,81001.5,81993.5,100,0.1,8100.15,100.0,99.2,89.09,7483.56,0.09,992,1.22,0,0.0,72483.86,6088644.24,72.48,810.02,0.1,10,5.0,0.01,0,0.0,10.11,80877.5
2535,SELL,ST_FLIP_GREEN,2026-05-11T05:00:00,2026-05-11T09:00:00,short,81993.5,80753.5,100,0.1,8199.35,100.0,124.0,113.89,9566.76,0.11,1240,1.51,0,0.0,72597.75,6098211.0,72.6,819.94,0.1,10,5.0,0.01,0,0.0,10.11,82117.5
2536,BUY,ST_FLIP_RED,2026-05-11T09:00:00,2026-05-11T12:00:00,long,80753.5,80753.5,100,0.1,8075.35,100.0,0.0,-10.11,-849.24,-0.01,0,0.0,0,0.0,72587.64,6097361.76,72.59,807.54,0.1,10,5.0,0.01,0,0.0,10.11,80629.5
2537,SELL,ST_FLIP_GREEN,2026-05-11T12:00:00,2026-05-11T14:00:00,short,80753.5,80815.5,100,0.1,8075.35,100.0,-6.2,-16.31,-1370.04,-0.02,0,0.0,62,0.08,72571.33,6095991.72,72.57,807.54,0.1,10,5.0,0.01,0,0.0,10.11,80877.5
2538,BUY,ST_FLIP_RED,2026-05-11T14:00:00,2026-05-11T18:00:00,long,80815.5,81063.5,100,0.1,8081.55,100.0,24.8,14.69,1233.96,0.01,248,0.31,0,0.0,72586.02,6097225.68,72.59,808.15,0.1,10,5.0,0.01,0,0.0,10.11,80691.5
2539,SELL,ST_FLIP_GREEN,2026-05-11T18:00:00,2026-05-11T20:00:00,short,81063.5,80939.5,100,0.1,8106.35,100.0,12.4,2.29,192.36,0.0,124,0.15,0,0.0,72588.31,6097418.04,72.59,810.63,0.1,10,5.0,0.01,0,0.0,10.11,81187.5
2540,BUY,ST_FLIP_RED,2026-05-11T20:00:00,2026-05-12T00:00:00,long,80939.5,81807.5,100,0.1,8093.95,100.0,86.8,76.69,6441.96,0.08,868,1.07,0,0.0,72665.0,6103860.0,72.66,809.4,0.1,10,5.0,0.01,0,0.0,10.11,80815.5
2541,SELL,ST_FLIP_GREEN,2026-05-12T00:00:00,2026-05-12T17:00:00,short,81807.5,80815.5,100,0.1,8180.75,100.0,99.2,89.09,7483.56,0.09,992,1.21,0,0.0,72754.09,6111343.56,72.75,818.08,0.1,10,5.0,0.01,0,0.0,10.11,81931.5
2542,BUY,ST_FLIP_RED,2026-05-12T17:00:00,2026-05-12T18:00:00,long,80815.5,80629.5,100,0.1,8081.55,100.0,-18.6,-28.71,-2411.64,-0.03,0,0.0,186,0.23,72725.38,6108931.92,72.73,808.15,0.1,10,5.0,0.01,0,0.0,10.11,80691.5
2543,SELL,ST_FLIP_GREEN,2026-05-12T18:00:00,2026-05-12T22:00:00,short,80629.5,80381.5,100,0.1,8062.95,100.0,24.8,14.69,1233.96,0.01,248,0.31,0,0.0,72740.07,6110165.88,72.74,806.3,0.1,10,5.0,0.01,0,0.0,10.11,80753.5
2544,BUY,ST_FLIP_RED,2026-05-12T22:00:00,2026-05-13T02:00:00,long,80381.5,80567.5,100,0.1,8038.15,100.0,18.6,8.49,713.16,0.01,186,0.23,0,0.0,72748.56,6110879.04,72.75,803.82,0.1,10,5.0,0.01,0,0.0,10.11,80257.5
2545,SELL,ST_FLIP_GREEN,2026-05-13T02:00:00,2026-05-13T06:00:00,short,80567.5,80753.5,100,0.1,8056.75,100.0,-18.6,-28.71,-2411.64,-0.03,0,0.0,186,0.23,72719.85,6108467.4,72.72,805.67,0.1,10,5.0,0.01,0,0.0,10.11,80691.5
2546,BUY,ST_FLIP_RED,2026-05-13T06:00:00,2026-05-13T12:00:00,long,80753.5,80939.5,100,0.1,8075.35,100.0,18.6,8.49,713.16,0.01,186,0.23,0,0.0,72728.34,6109180.56,72.73,807.54,0.1,10,5.0,0.01,0,0.0,10.11,80629.5
2547,SELL,ST_FLIP_GREEN,2026-05-13T12:00:00,2026-05-13T13:00:00,short,80939.5,81063.5,100,0.1,8093.95,100.0,-12.4,-22.51,-1890.84,-0.02,0,0.0,124,0.15,72705.83,6107289.72,72.71,809.4,0.1,10,5.0,0.01,0,0.0,10.11,81063.5
2548,BUY,ST_FLIP_RED,2026-05-13T13:00:00,2026-05-13T15:00:00,long,81063.5,80939.5,100,0.1,8106.35,100.0,-12.4,-22.51,-1890.84,-0.02,0,0.0,124,0.15,72683.32,6105398.88,72.68,810.63,0.1,10,5.0,0.01,0,0.0,10.11,80939.5
2549,SELL,ST_FLIP_GREEN,2026-05-13T15:00:00,2026-05-13T22:00:00,short,80939.5,79203.5,100,0.1,8093.95,100.0,173.6,163.49,13733.16,0.16,1736,2.14,0,0.0,72846.81,6119132.04,72.85,809.4,0.1,10,5.0,0.01,0,0.0,10.11,81063.5
2550,BUY,ST_FLIP_RED,2026-05-13T22:00:00,2026-05-14T00:00:00,long,79203.5,79513.5,100,0.1,7920.35,100.0,31.0,20.89,1754.76,0.02,310,0.39,0,0.0,72867.7,6120886.8,72.87,792.04,0.1,10,5.0,0.01,0,0.0,10.11,79079.5
2551,SELL,ST_FLIP_GREEN,2026-05-14T00:00:00,2026-05-14T01:00:00,short,79513.5,79637.5,100,0.1,7951.35,100.0,-12.4,-22.51,-1890.84,-0.02,0,0.0,124,0.16,72845.19,6118995.96,72.85,795.13,0.1,10,5.0,0.01,0,0.0,10.11,79637.5
2552,BUY,ST_FLIP_RED,2026-05-14T01:00:00,2026-05-14T02:00:00,long,79637.5,79451.5,100,0.1,7963.75,100.0,-18.6,-28.71,-2411.64,-0.03,0,0.0,186,0.23,72816.48,6116584.32,72.82,796.38,0.1,10,5.0,0.01,0,0.0,10.11,79513.5
2553,SELL,ST_FLIP_GREEN,2026-05-14T02:00:00,2026-05-14T06:00:00,short,79451.5,79513.5,100,0.1,7945.15,100.0,-6.2,-16.31,-1370.04,-0.02,0,0.0,62,0.08,72800.17,6115214.28,72.8,794.52,0.1,10,5.0,0.01,0,0.0,10.11,79575.5
2554,BUY,ST_FLIP_RED,2026-05-14T06:00:00,2026-05-14T08:00:00,long,79513.5,79389.5,100,0.1,7951.35,100.0,-12.4,-22.51,-1890.84,-0.02,0,0.0,124,0.16,72777.66,6113323.44,72.78,795.13,0.1,10,5.0,0.01,0,0.0,10.11,79389.5
2555,SELL,ST_FLIP_GREEN,2026-05-14T08:00:00,2026-05-14T10:00:00,short,79389.5,79451.5,100,0.1,7938.95,100.0,-6.2,-16.31,-1370.04,-0.02,0,0.0,62,0.08,72761.35,6111953.4,72.76,793.9,0.1,10,5.0,0.01,0,0.0,10.11,79513.5
2556,BUY,ST_FLIP_RED,2026-05-14T10:00:00,2026-05-14T16:00:00,long,79451.5,79575.5,100,0.1,7945.15,100.0,12.4,2.29,192.36,0.0,124,0.16,0,0.0,72763.64,6112145.76,72.76,794.52,0.1,10,5.0,0.01,0,0.0,10.11,79327.5
2557,SELL,ST_FLIP_GREEN,2026-05-14T16:00:00,2026-05-14T18:00:00,short,79575.5,79451.5,100,0.1,7957.55,100.0,12.4,2.29,192.36,0.0,124,0.16,0,0.0,72765.93,6112338.12,72.77,795.75,0.1,10,5.0,0.01,0,0.0,10.11,79699.5
2558,BUY,ST_FLIP_RED,2026-05-14T18:00:00,2026-05-15T00:00:00,long,79451.5,81621.5,100,0.1,7945.15,100.0,217.0,206.89,17378.76,0.21,2170,2.73,0,0.0,72972.82,6129716.88,72.97,794.52,0.1,10,5.0,0.01,0,0.0,10.11,79327.5
2559,SELL,ST_FLIP_GREEN,2026-05-15T00:00:00,2026-05-15T02:00:00,short,81621.5,81435.5,100,0.1,8162.15,100.0,18.6,8.49,713.16,0.01,186,0.23,0,0.0,72981.31,6130430.04,72.98,816.22,0.1,10,5.0,0.01,0,0.0,10.11,81745.5
2560,BUY,ST_FLIP_RED,2026-05-15T02:00:00,2026-05-15T07:00:00,long,81435.5,81249.5,100,0.1,8143.55,100.0,-18.6,-28.71,-2411.64,-0.03,0,0.0,186,0.23,72952.6,6128018.4,72.95,814.36,0.1,10,5.0,0.01,0,0.0,10.11,81311.5
2561,SELL,ST_FLIP_GREEN,2026-05-15T07:00:00,2026-05-15T08:00:00,short,81249.5,81001.5,100,0.1,8124.95,100.0,24.8,14.69,1233.96,0.01,248,0.31,0,0.0,72967.29,6129252.36,72.97,812.5,0.1,10,5.0,0.01,0,0.0,10.11,81373.5
2562,BUY,ST_FLIP_RED,2026-05-15T08:00:00,2026-05-15T09:00:00,long,81001.5,81063.5,100,0.1,8100.15,100.0,6.2,-3.91,-328.44,-0.0,62,0.08,0,0.0,72963.38,6128923.92,72.96,810.02,0.1,10,5.0,0.01,0,0.0,10.11,80877.5
2563,SELL,ST_FLIP_GREEN,2026-05-15T09:00:00,2026-05-15T12:00:00,short,81063.5,80691.5,100,0.1,8106.35,100.0,37.2,27.09,2275.56,0.03,372,0.46,0,0.0,72990.47,6131199.48,72.99,810.63,0.1,10,5.0,0.01,0,0.0,10.11,81187.5
2564,BUY,ST_FLIP_RED,2026-05-15T12:00:00,2026-05-15T13:00:00,long,80691.5,80691.5,100,0.1,8069.15,100.0,0.0,-10.11,-849.24,-0.01,0,0.0,0,0.0,72980.36,6130350.24,72.98,806.92,0.1,10,5.0,0.01,0,0.0,10.11,80567.5
2565,SELL,ST_FLIP_GREEN,2026-05-15T13:00:00,2026-05-15T16:00:00,short,80691.5,80629.5,100,0.1,8069.15,100.0,6.2,-3.91,-328.44,-0.0,62,0.08,0,0.0,72976.45,6130021.8,72.98,806.92,0.1,10,5.0,0.01,0,0.0,10.11,80815.5
2566,BUY,ST_FLIP_RED,2026-05-15T16:00:00,2026-05-15T17:00:00,long,80629.5,80443.5,100,0.1,8062.95,100.0,-18.6,-28.71,-2411.64,-0.03,0,0.0,186,0.23,72947.74,6127610.16,72.95,806.3,0.1,10,5.0,0.01,0,0.0,10.11,80505.5
2567,SELL,ST_FLIP_GREEN,2026-05-15T17:00:00,2026-05-15T21:00:00,short,80443.5,79265.5,100,0.1,8044.35,100.0,117.8,107.69,9045.96,0.11,1178,1.46,0,0.0,73055.43,6136656.12,73.06,804.44,0.1,10,5.0,0.01,0,0.0,10.11,80567.5
2568,BUY,ST_FLIP_RED,2026-05-15T21:00:00,2026-05-16T00:00:00,long,79265.5,79141.5,100,0.1,7926.55,100.0,-12.4,-22.51,-1890.84,-0.02,0,0.0,124,0.16,73032.92,6134765.28,73.03,792.65,0.1,10,5.0,0.01,0,0.0,10.11,79141.5
2569,SELL,ST_FLIP_GREEN,2026-05-16T00:00:00,2026-05-16T08:00:00,short,79141.5,79203.5,100,0.1,7914.15,100.0,-6.2,-16.31,-1370.04,-0.02,0,0.0,62,0.08,73016.61,6133395.24,73.02,791.42,0.1,10,5.0,0.01,0,0.0,10.11,79265.5
2570,BUY,ST_FLIP_RED,2026-05-16T08:00:00,2026-05-16T09:00:00,long,79203.5,79017.5,100,0.1,7920.35,100.0,-18.6,-28.71,-2411.64,-0.03,0,0.0,186,0.23,72987.9,6130983.6,72.99,792.04,0.1,10,5.0,0.01,0,0.0,10.11,79079.5
2571,SELL,ST_FLIP_GREEN,2026-05-16T09:00:00,2026-05-16T16:00:00,short,79017.5,77963.5,100,0.1,7901.75,100.0,105.4,95.29,8004.36,0.1,1054,1.33,0,0.0,73083.19,6138987.96,73.08,790.17,0.1,10,5.0,0.01,0,0.0,10.11,79141.5
2572,BUY,ST_FLIP_RED,2026-05-16T16:00:00,2026-05-16T17:00:00,long,77963.5,77963.5,100,0.1,7796.35,100.0,0.0,-10.11,-849.24,-0.01,0,0.0,0,0.0,73073.08,6138138.72,73.07,779.63,0.1,10,5.0,0.01,0,0.0,10.11,77839.5
2573,SELL,ST_FLIP_GREEN,2026-05-16T17:00:00,2026-05-16T20:00:00,short,77963.5,78087.5,100,0.1,7796.35,100.0,-12.4,-22.51,-1890.84,-0.02,0,0.0,124,0.16,73050.57,6136247.88,73.05,779.63,0.1,10,5.0,0.01,0,0.0,10.11,78087.5
2574,BUY,ST_FLIP_RED,2026-05-16T20:00:00,2026-05-17T06:00:00,long,78087.5,78025.5,100,0.1,7808.75,100.0,-6.2,-16.31,-1370.04,-0.02,0,0.0,62,0.08,73034.26,6134877.84,73.03,780.88,0.1,10,5.0,0.01,0,0.0,10.11,77963.5
2575,SELL,ST_FLIP_GREEN,2026-05-17T06:00:00,2026-05-17T09:00:00,short,78025.5,78087.5,100,0.1,7802.55,100.0,-6.2,-16.31,-1370.04,-0.02,0,0.0,62,0.08,73017.95,6133507.8,73.02,780.25,0.1,10,5.0,0.01,0,0.0,10.11,78149.5
2576,BUY,ST_FLIP_RED,2026-05-17T09:00:00,2026-05-17T16:00:00,long,78087.5,78273.5,100,0.1,7808.75,100.0,18.6,8.49,713.16,0.01,186,0.24,0,0.0,73026.44,6134220.96,73.03,780.88,0.1,10,5.0,0.01,0,0.0,10.11,77963.5
2577,SELL,ST_FLIP_GREEN,2026-05-17T16:00:00,2026-05-17T21:00:00,short,78273.5,78149.5,100,0.1,7827.35,100.0,12.4,2.29,192.36,0.0,124,0.16,0,0.0,73028.73,6134413.32,73.03,782.74,0.1,10,5.0,0.01,0,0.0,10.11,78397.5
2578,BUY,ST_FLIP_RED,2026-05-17T21:00:00,2026-05-17T22:00:00,long,78149.5,77963.5,100,0.1,7814.95,100.0,-18.6,-28.71,-2411.64,-0.03,0,0.0,186,0.24,73000.02,6132001.68,73.0,781.5,0.1,10,5.0,0.01,0,0.0,10.11,78025.5
2579,SELL,ST_FLIP_GREEN,2026-05-17T22:00:00,2026-05-17T23:00:00,short,77963.5,78087.5,100,0.1,7796.35,100.0,-12.4,-22.51,-1890.84,-0.02,0,0.0,124,0.16,72977.51,6130110.84,72.98,779.63,0.1,10,5.0,0.01,0,0.0,10.11,78087.5
2580,BUY,ST_FLIP_RED,2026-05-17T23:00:00,2026-05-18T03:00:00,long,78087.5,78149.5,100,0.1,7808.75,100.0,6.2,-3.91,-328.44,-0.0,62,0.08,0,0.0,72973.6,6129782.4,72.97,780.88,0.1,10,5.0,0.01,0,0.0,10.11,77963.5
2581,SELL,ST_FLIP_GREEN,2026-05-18T03:00:00,2026-05-18T10:00:00,short,78149.5,77033.5,100,0.1,7814.95,100.0,111.6,101.49,8525.16,0.1,1116,1.43,0,0.0,73075.09,6138307.56,73.08,781.5,0.1,10,5.0,0.01,0,0.0,10.11,78273.5
2582,BUY,ST_FLIP_RED,2026-05-18T10:00:00,2026-05-18T11:00:00,long,77033.5,76847.5,100,0.1,7703.35,100.0,-18.6,-28.71,-2411.64,-0.03,0,0.0,186,0.24,73046.38,6135895.92,73.05,770.34,0.1,10,5.0,0.01,0,0.0,10.11,76909.5
2583,SELL,ST_FLIP_GREEN,2026-05-18T11:00:00,2026-05-18T12:00:00,short,76847.5,76847.5,100,0.1,7684.75,100.0,0.0,-10.11,-849.24,-0.01,0,0.0,0,0.0,73036.27,6135046.68,73.04,768.48,0.1,10,5.0,0.01,0,0.0,10.11,76971.5
2584,BUY,ST_FLIP_RED,2026-05-18T12:00:00,2026-05-18T15:00:00,long,76847.5,76847.5,100,0.1,7684.75,100.0,0.0,-10.11,-849.24,-0.01,0,0.0,0,0.0,73026.16,6134197.44,73.03,768.48,0.1,10,5.0,0.01,0,0.0,10.11,76723.5
2585,SELL,ST_FLIP_GREEN,2026-05-18T15:00:00,2026-05-18T17:00:00,short,76847.5,76909.5,100,0.1,7684.75,100.0,-6.2,-16.31,-1370.04,-0.02,0,0.0,62,0.08,73009.85,6132827.4,73.01,768.48,0.1,10,5.0,0.01,0,0.0,10.11,76971.5
2586,BUY,ST_FLIP_RED,2026-05-18T17:00:00,2026-05-18T19:00:00,long,76909.5,77157.5,100,0.1,7690.95,100.0,24.8,14.69,1233.96,0.01,248,0.32,0,0.0,73024.54,6134061.36,73.02,769.1,0.1,10,5.0,0.01,0,0.0,10.11,76785.5
2587,SELL,ST_FLIP_GREEN,2026-05-18T19:00:00,2026-05-18T21:00:00,short,77157.5,76289.5,100,0.1,7715.75,100.0,86.8,76.69,6441.96,0.08,868,1.12,0,0.0,73101.23,6140503.32,73.1,771.58,0.1,10,5.0,0.01,0,0.0,10.11,77281.5
2588,BUY,ST_FLIP_RED,2026-05-18T21:00:00,2026-05-18T23:00:00,long,76289.5,76413.5,100,0.1,7628.95,100.0,12.4,2.29,192.36,0.0,124,0.16,0,0.0,73103.52,6140695.68,73.1,762.9,0.1,10,5.0,0.01,0,0.0,10.11,76165.5
2589,SELL,ST_FLIP_GREEN,2026-05-18T23:00:00,2026-05-19T00:00:00,short,76413.5,76475.5,100,0.1,7641.35,100.0,-6.2,-16.31,-1370.04,-0.02,0,0.0,62,0.08,73087.21,6139325.64,73.09,764.13,0.1,10,5.0,0.01,0,0.0,10.11,76537.5
2590,BUY,ST_FLIP_RED,2026-05-19T00:00:00,2026-05-19T06:00:00,long,76475.5,76971.5,100,0.1,7647.55,100.0,49.6,39.49,3317.16,0.04,496,0.65,0,0.0,73126.7,6142642.8,73.13,764.75,0.1,10,5.0,0.01,0,0.0,10.11,76351.5
2591,SELL,ST_FLIP_GREEN,2026-05-19T06:00:00,2026-05-19T11:00:00,short,76971.5,76909.5,100,0.1,7697.15,100.0,6.2,-3.91,-328.44,-0.0,62,0.08,0,0.0,73122.79,6142314.36,73.12,769.72,0.1,10,5.0,0.01,0,0.0,10.11,77095.5
2592,BUY,ST_FLIP_RED,2026-05-19T11:00:00,2026-05-19T14:00:00,long,76909.5,76909.5,100,0.1,7690.95,100.0,0.0,-10.11,-849.24,-0.01,0,0.0,0,0.0,73112.68,6141465.12,73.11,769.1,0.1,10,5.0,0.01,0,0.0,10.11,76785.5
2593,SELL,ST_FLIP_GREEN,2026-05-19T14:00:00,2026-05-19T22:00:00,short,76909.5,76661.5,100,0.1,7690.95,100.0,24.8,14.69,1233.96,0.01,248,0.32,0,0.0,73127.37,6142699.08,73.13,769.1,0.1,10,5.0,0.01,0,0.0,10.11,77033.5
2594,BUY,ST_FLIP_RED,2026-05-19T22:00:00,2026-05-20T03:00:00,long,76661.5,76723.5,100,0.1,7666.15,100.0,6.2,-3.91,-328.44,-0.0,62,0.08,0,0.0,73123.46,6142370.64,73.12,766.62,0.1,10,5.0,0.01,0,0.0,10.11,76537.5
2595,SELL,ST_FLIP_GREEN,2026-05-20T03:00:00,2026-05-20T04:00:00,short,76723.5,76785.5,100,0.1,7672.35,100.0,-6.2,-16.31,-1370.04,-0.02,0,0.0,62,0.08,73107.15,6141000.6,73.11,767.24,0.1,10,5.0,0.01,0,0.0,10.11,76847.5
2596,BUY,ST_FLIP_RED,2026-05-20T04:00:00,2026-05-20T05:00:00,long,76785.5,76723.5,100,0.1,7678.55,100.0,-6.2,-16.31,-1370.04,-0.02,0,0.0,62,0.08,73090.84,6139630.56,73.09,767.86,0.1,10,5.0,0.01,0,0.0,10.11,76661.5
2597,SELL,ST_FLIP_GREEN,2026-05-20T05:00:00,2026-05-20T07:00:00,short,76723.5,76785.5,100,0.1,7672.35,100.0,-6.2,-16.31,-1370.04,-0.02,0,0.0,62,0.08,73074.53,6138260.52,73.07,767.24,0.1,10,5.0,0.01,0,0.0,10.11,76847.5
2598,BUY,ST_FLIP_RED,2026-05-20T07:00:00,2026-05-20T18:00:00,long,76785.5,77343.5,100,0.1,7678.55,100.0,55.8,45.69,3837.96,0.05,558,0.73,0,0.0,73120.22,6142098.48,73.12,767.86,0.1,10,5.0,0.01,0,0.0,10.11,76661.5
2599,SELL,ST_FLIP_GREEN,2026-05-20T18:00:00,2026-05-20T19:00:00,short,77343.5,77405.5,100,0.1,7734.35,100.0,-6.2,-16.31,-1370.04,-0.02,0,0.0,62,0.08,73103.91,6140728.44,73.1,773.44,0.1,10,5.0,0.01,0,0.0,10.11,77467.5
2600,BUY,ST_FLIP_RED,2026-05-20T19:00:00,2026-05-20T21:00:00,long,77405.5,77281.5,100,0.1,7740.55,100.0,-12.4,-22.51,-1890.84,-0.02,0,0.0,124,0.16,73081.4,6138837.6,73.08,774.06,0.1,10,5.0,0.01,0,0.0,10.11,77281.5
2601,SELL,ST_FLIP_GREEN,2026-05-20T21:00:00,2026-05-20T22:00:00,short,77281.5,77219.5,100,0.1,7728.15,100.0,6.2,-3.91,-328.44,-0.0,62,0.08,0,0.0,73077.49,6138509.16,73.08,772.82,0.1,10,5.0,0.01,0,0.0,10.11,77405.5
2602,BUY,ST_FLIP_RED,2026-05-20T22:00:00,2026-05-21T03:00:00,long,77219.5,77405.5,100,0.1,7721.95,100.0,18.6,8.49,713.16,0.01,186,0.24,0,0.0,73085.98,6139222.32,73.09,772.2,0.1,10,5.0,0.01,0,0.0,10.11,77095.5
2603,SELL,ST_FLIP_GREEN,2026-05-21T03:00:00,2026-05-21T05:00:00,short,77405.5,77529.5,100,0.1,7740.55,100.0,-12.4,-22.51,-1890.84,-0.02,0,0.0,124,0.16,73063.47,6137331.48,73.06,774.06,0.1,10,5.0,0.01,0,0.0,10.11,77529.5
2604,BUY,ST_FLIP_RED,2026-05-21T05:00:00,2026-05-21T10:00:00,long,77529.5,77777.5,100,0.1,7752.95,100.0,24.8,14.69,1233.96,0.01,248,0.32,0,0.0,73078.16,6138565.44,73.08,775.3,0.1,10,5.0,0.01,0,0.0,10.11,77405.5
2605,SELL,ST_FLIP_GREEN,2026-05-21T10:00:00,2026-05-21T13:00:00,short,77777.5,77777.5,100,0.1,7777.75,100.0,0.0,-10.11,-849.24,-0.01,0,0.0,0,0.0,73068.05,6137716.2,73.07,777.77,0.1,10,5.0,0.01,0,0.0,10.11,77901.5
2606,BUY,ST_FLIP_RED,2026-05-21T13:00:00,2026-05-21T14:00:00,long,77777.5,77839.5,100,0.1,7777.75,100.0,6.2,-3.91,-328.44,-0.0,62,0.08,0,0.0,73064.14,6137387.76,73.06,777.77,0.1,10,5.0,0.01,0,0.0,10.11,77653.5
2607,SELL,ST_FLIP_GREEN,2026-05-21T14:00:00,2026-05-21T18:00:00,short,77839.5,77281.5,100,0.1,7783.95,100.0,55.8,45.69,3837.96,0.05,558,0.72,0,0.0,73109.83,6141225.72,73.11,778.4,0.1,10,5.0,0.01,0,0.0,10.11,77963.5
2608,BUY,ST_FLIP_RED,2026-05-21T18:00:00,2026-05-21T19:00:00,long,77281.5,77095.5,100,0.1,7728.15,100.0,-18.6,-28.71,-2411.64,-0.03,0,0.0,186,0.24,73081.12,6138814.08,73.08,772.82,0.1,10,5.0,0.01,0,0.0,10.11,77157.5
2609,SELL,ST_FLIP_GREEN,2026-05-21T19:00:00,2026-05-21T20:00:00,short,77095.5,77157.5,100,0.1,7709.55,100.0,-6.2,-16.31,-1370.04,-0.02,0,0.0,62,0.08,73064.81,6137444.04,73.06,770.96,0.1,10,5.0,0.01,0,0.0,10.11,77219.5
2610,BUY,ST_FLIP_RED,2026-05-21T20:00:00,2026-05-21T21:00:00,long,77157.5,77095.5,100,0.1,7715.75,100.0,-6.2,-16.31,-1370.04,-0.02,0,0.0,62,0.08,73048.5,6136074.0,73.05,771.58,0.1,10,5.0,0.01,0,0.0,10.11,77033.5
2611,SELL,ST_FLIP_GREEN,2026-05-21T21:00:00,2026-05-21T22:00:00,short,77095.5,77281.5,100,0.1,7709.55,100.0,-18.6,-28.71,-2411.64,-0.03,0,0.0,186,0.24,73019.79,6133662.36,73.02,770.96,0.1,10,5.0,0.01,0,0.0,10.11,77219.5
2612,BUY,ST_FLIP_RED,2026-05-21T22:00:00,2026-05-21T23:00:00,long,77281.5,77777.5,100,0.1,7728.15,100.0,49.6,39.49,3317.16,0.04,496,0.64,0,0.0,73059.28,6136979.52,73.06,772.82,0.1,10,5.0,0.01,0,0.0,10.11,77157.5
2613,SELL,ST_FLIP_GREEN,2026-05-21T23:00:00,2026-05-22T01:00:00,short,77777.5,77715.5,100,0.1,7777.75,100.0,6.2,-3.91,-328.44,-0.0,62,0.08,0,0.0,73055.37,6136651.08,73.06,777.77,0.1,10,5.0,0.01,0,0.0,10.11,77901.5
2614,BUY,ST_FLIP_RED,2026-05-22T01:00:00,2026-05-22T04:00:00,long,77715.5,77591.5,100,0.1,7771.55,100.0,-12.4,-22.51,-1890.84,-0.02,0,0.0,124,0.16,73032.86,6134760.24,73.03,777.15,0.1,10,5.0,0.01,0,0.0,10.11,77591.5
2615,SELL,ST_FLIP_GREEN,2026-05-22T04:00:00,2026-05-22T07:00:00,short,77591.5,77653.5,100,0.1,7759.15,100.0,-6.2,-16.31,-1370.04,-0.02,0,0.0,62,0.08,73016.55,6133390.2,73.02,775.92,0.1,10,5.0,0.01,0,0.0,10.11,77715.5
2616,BUY,ST_FLIP_RED,2026-05-22T07:00:00,2026-05-22T10:00:00,long,77653.5,77529.5,100,0.1,7765.35,100.0,-12.4,-22.51,-1890.84,-0.02,0,0.0,124,0.16,72994.04,6131499.36,72.99,776.54,0.1,10,5.0,0.01,0,0.0,10.11,77529.5
2617,SELL,ST_FLIP_GREEN,2026-05-22T10:00:00,2026-05-22T22:00:00,short,77529.5,77033.5,100,0.1,7752.95,100.0,49.6,39.49,3317.16,0.04,496,0.64,0,0.0,73033.53,6134816.52,73.03,775.3,0.1,10,5.0,0.01,0,0.0,10.11,77653.5
2618,BUY,ST_FLIP_RED,2026-05-22T22:00:00,2026-05-22T23:00:00,long,77033.5,76847.5,100,0.1,7703.35,100.0,-18.6,-28.71,-2411.64,-0.03,0,0.0,186,0.24,73004.82,6132404.88,73.0,770.34,0.1,10,5.0,0.01,0,0.0,10.11,76909.5
2619,SELL,ST_FLIP_GREEN,2026-05-22T23:00:00,2026-05-23T16:00:00,short,76847.5,74801.5,100,0.1,7684.75,100.0,204.6,194.49,16337.16,0.19,2046,2.66,0,0.0,73199.31,6148742.04,73.2,768.48,0.1,10,5.0,0.01,0,0.0,10.11,76971.5
2620,BUY,ST_FLIP_RED,2026-05-23T16:00:00,2026-05-23T17:00:00,long,74801.5,74677.5,100,0.1,7480.15,100.0,-12.4,-22.51,-1890.84,-0.02,0,0.0,124,0.17,73176.8,6146851.2,73.18,748.02,0.1,10,5.0,0.01,0,0.0,10.11,74677.5
2621,SELL,ST_FLIP_GREEN,2026-05-23T17:00:00,2026-05-23T18:00:00,short,74677.5,74863.5,100,0.1,7467.75,100.0,-18.6,-28.71,-2411.64,-0.03,0,0.0,186,0.25,73148.09,6144439.56,73.15,746.77,0.1,10,5.0,0.01,0,0.0,10.11,74801.5
2622,BUY,ST_FLIP_RED,2026-05-23T18:00:00,2026-05-24T03:00:00,long,74863.5,76475.5,100,0.1,7486.35,100.0,161.2,151.09,12691.56,0.15,1612,2.15,0,0.0,73299.18,6157131.12,73.3,748.63,0.1,10,5.0,0.01,0,0.0,10.11,74739.5
2623,SELL,ST_FLIP_GREEN,2026-05-24T03:00:00,2026-05-24T04:00:00,short,76475.5,76661.5,100,0.1,7647.55,100.0,-18.6,-28.71,-2411.64,-0.03,0,0.0,186,0.24,73270.47,6154719.48,73.27,764.75,0.1,10,5.0,0.01,0,0.0,10.11,76599.5
2624,BUY,ST_FLIP_RED,2026-05-24T04:00:00,2026-05-24T07:00:00,long,76661.5,76661.5,100,0.1,7666.15,100.0,0.0,-10.11,-849.24,-0.01,0,0.0,0,0.0,73260.36,6153870.24,73.26,766.62,0.1,10,5.0,0.01,0,0.0,10.11,76537.5
2625,SELL,ST_FLIP_GREEN,2026-05-24T07:00:00,2026-05-24T08:00:00,short,76661.5,76847.5,100,0.1,7666.15,100.0,-18.6,-28.71,-2411.64,-0.03,0,0.0,186,0.24,73231.65,6151458.6,73.23,766.62,0.1,10,5.0,0.01,0,0.0,10.11,76785.5
2626,BUY,ST_FLIP_RED,2026-05-24T08:00:00,2026-05-24T09:00:00,long,76847.5,76723.5,100,0.1,7684.75,100.0,-12.4,-22.51,-1890.84,-0.02,0,0.0,124,0.16,73209.14,6149567.76,73.21,768.48,0.1,10,5.0,0.01,0,0.0,10.11,76723.5
2627,SELL,ST_FLIP_GREEN,2026-05-24T09:00:00,2026-05-24T12:00:00,short,76723.5,76909.5,100,0.1,7672.35,100.0,-18.6,-28.71,-2411.64,-0.03,0,0.0,186,0.24,73180.43,6147156.12,73.18,767.24,0.1,10,5.0,0.01,0,0.0,10.11,76847.5
2628,BUY,ST_FLIP_RED,2026-05-24T12:00:00,2026-05-24T13:00:00,long,76909.5,76723.5,100,0.1,7690.95,100.0,-18.6,-28.71,-2411.64,-0.03,0,0.0,186,0.24,73151.72,6144744.48,73.15,769.1,0.1,10,5.0,0.01,0,0.0,10.11,76785.5
2629,SELL,ST_FLIP_GREEN,2026-05-24T13:00:00,2026-05-24T14:00:00,short,76723.5,76909.5,100,0.1,7672.35,100.0,-18.6,-28.71,-2411.64,-0.03,0,0.0,186,0.24,73123.01,6142332.84,73.12,767.24,0.1,10,5.0,0.01,0,0.0,10.11,76847.5
2630,BUY,ST_FLIP_RED,2026-05-24T14:00:00,2026-05-24T17:00:00,long,76909.5,77033.5,100,0.1,7690.95,100.0,12.4,2.29,192.36,0.0,124,0.16,0,0.0,73125.3,6142525.2,73.13,769.1,0.1,10,5.0,0.01,0,0.0,10.11,76785.5
2631,SELL,ST_FLIP_GREEN,2026-05-24T17:00:00,2026-05-24T21:00:00,short,77033.5,76599.5,100,0.1,7703.35,100.0,43.4,33.29,2796.36,0.03,434,0.56,0,0.0,73158.59,6145321.56,73.16,770.34,0.1,10,5.0,0.01,0,0.0,10.11,77157.5
2632,BUY,ST_FLIP_RED,2026-05-24T21:00:00,2026-05-25T12:00:00,long,76599.5,77157.5,100,0.1,7659.95,100.0,55.8,45.69,3837.96,0.05,558,0.73,0,0.0,73204.28,6149159.52,73.2,766.0,0.1,10,5.0,0.01,0,0.0,10.11,76475.5
2633,SELL,ST_FLIP_GREEN,2026-05-25T12:00:00,2026-05-25T13:00:00,short,77157.5,77343.5,100,0.1,7715.75,100.0,-18.6,-28.71,-2411.64,-0.03,0,0.0,186,0.24,73175.57,6146747.88,73.18,771.58,0.1,10,5.0,0.01,0,0.0,10.11,77281.5
2634,BUY,ST_FLIP_RED,2026-05-25T13:00:00,2026-05-25T18:00:00,long,77343.5,77281.5,100,0.1,7734.35,100.0,-6.2,-16.31,-1370.04,-0.02,0,0.0,62,0.08,73159.26,6145377.84,73.16,773.44,0.1,10,5.0,0.01,0,0.0,10.11,77219.5
2635,SELL,ST_FLIP_GREEN,2026-05-25T18:00:00,2026-05-25T19:00:00,short,77281.5,77467.5,100,0.1,7728.15,100.0,-18.6,-28.71,-2411.64,-0.03,0,0.0,186,0.24,73130.55,6142966.2,73.13,772.82,0.1,10,5.0,0.01,0,0.0,10.11,77405.5
2636,BUY,ST_FLIP_RED,2026-05-25T19:00:00,2026-05-26T01:00:00,long,77467.5,77405.5,100,0.1,7746.75,100.0,-6.2,-16.31,-1370.04,-0.02,0,0.0,62,0.08,73114.24,6141596.16,73.11,774.67,0.1,10,5.0,0.01,0,0.0,10.11,77343.5
2637,SELL,ST_FLIP_GREEN,2026-05-26T01:00:00,2026-05-26T10:00:00,short,77405.5,76785.5,100,0.1,7740.55,100.0,62.0,51.89,4358.76,0.05,620,0.8,0,0.0,73166.13,6145954.92,73.17,774.06,0.1,10,5.0,0.01,0,0.0,10.11,77529.5
2638,BUY,ST_FLIP_RED,2026-05-26T10:00:00,2026-05-26T12:00:00,long,76785.5,76661.5,100,0.1,7678.55,100.0,-12.4,-22.51,-1890.84,-0.02,0,0.0,124,0.16,73143.62,6144064.08,73.14,767.86,0.1,10,5.0,0.01,0,0.0,10.11,76661.5
2639,SELL,ST_FLIP_GREEN,2026-05-26T12:00:00,2026-05-26T15:00:00,short,76661.5,76847.5,100,0.1,7666.15,100.0,-18.6,-28.71,-2411.64,-0.03,0,0.0,186,0.24,73114.91,6141652.44,73.11,766.62,0.1,10,5.0,0.01,0,0.0,10.11,76785.5
2640,BUY,ST_FLIP_RED,2026-05-26T15:00:00,2026-05-26T17:00:00,long,76847.5,77033.5,100,0.1,7684.75,100.0,18.6,8.49,713.16,0.01,186,0.24,0,0.0,73123.4,6142365.6,73.12,768.48,0.1,10,5.0,0.01,0,0.0,10.11,76723.5
2641,SELL,ST_FLIP_GREEN,2026-05-26T17:00:00,2026-05-26T19:00:00,short,77033.5,76971.5,100,0.1,7703.35,100.0,6.2,-3.91,-328.44,-0.0,62,0.08,0,0.0,73119.49,6142037.16,73.12,770.34,0.1,10,5.0,0.01,0,0.0,10.11,77157.5
2642,BUY,ST_FLIP_RED,2026-05-26T19:00:00,2026-05-26T20:00:00,long,76971.5,77777.5,100,0.1,7697.15,100.0,80.6,70.49,5921.16,0.07,806,1.05,0,0.0,73189.98,6147958.32,73.19,769.72,0.1,10,5.0,0.01,0,0.0,10.11,76847.5
2643,SELL,ST_FLIP_GREEN,2026-05-26T20:00:00,2026-05-27T01:00:00,short,77777.5,76103.5,100,0.1,7777.75,100.0,167.4,157.29,13212.36,0.16,1674,2.15,0,0.0,73347.27,6161170.68,73.35,777.77,0.1,10,5.0,0.01,0,0.0,10.11,77901.5
2644,BUY,ST_FLIP_RED,2026-05-27T01:00:00,2026-05-27T02:00:00,long,76103.5,75979.5,100,0.1,7610.35,100.0,-12.4,-22.51,-1890.84,-0.02,0,0.0,124,0.16,73324.76,6159279.84,73.32,761.04,0.1,10,5.0,0.01,0,0.0,10.11,75979.5
2645,SELL,ST_FLIP_GREEN,2026-05-27T02:00:00,2026-05-27T10:00:00,short,75979.5,75669.5,100,0.1,7597.95,100.0,31.0,20.89,1754.76,0.02,310,0.41,0,0.0,73345.65,6161034.6,73.35,759.8,0.1,10,5.0,0.01,0,0.0,10.11,76103.5
2646,BUY,ST_FLIP_RED,2026-05-27T10:00:00,2026-05-27T14:00:00,long,75669.5,75793.5,100,0.1,7566.95,100.0,12.4,2.29,192.36,0.0,124,0.16,0,0.0,73347.94,6161226.96,73.35,756.7,0.1,10,5.0,0.01,0,0.0,10.11,75545.5
2647,SELL,ST_FLIP_GREEN,2026-05-27T14:00:00,2026-05-27T15:00:00,short,75793.5,75917.5,100,0.1,7579.35,100.0,-12.4,-22.51,-1890.84,-0.02,0,0.0,124,0.16,73325.43,6159336.12,73.33,757.94,0.1,10,5.0,0.01,0,0.0,10.11,75917.5
2648,BUY,ST_FLIP_RED,2026-05-27T15:00:00,2026-05-27T18:00:00,long,75917.5,75793.5,100,0.1,7591.75,100.0,-12.4,-22.51,-1890.84,-0.02,0,0.0,124,0.16,73302.92,6157445.28,73.3,759.17,0.1,10,5.0,0.01,0,0.0,10.11,75793.5
2649,SELL,ST_FLIP_GREEN,2026-05-27T18:00:00,2026-05-27T20:00:00,short,75793.5,75049.5,100,0.1,7579.35,100.0,74.4,64.29,5400.36,0.06,744,0.98,0,0.0,73367.21,6162845.64,73.37,757.94,0.1,10,5.0,0.01,0,0.0,10.11,75917.5
2650,BUY,ST_FLIP_RED,2026-05-27T20:00:00,2026-05-27T21:00:00,long,75049.5,75173.5,100,0.1,7504.95,100.0,12.4,2.29,192.36,0.0,124,0.17,0,0.0,73369.5,6163038.0,73.37,750.5,0.1,10,5.0,0.01,0,0.0,10.11,74925.5
2651,SELL,ST_FLIP_GREEN,2026-05-27T21:00:00,2026-05-28T01:00:00,short,75173.5,75111.5,100,0.1,7517.35,100.0,6.2,-3.91,-328.44,-0.0,62,0.08,0,0.0,73365.59,6162709.56,73.37,751.74,0.1,10,5.0,0.01,0,0.0,10.11,75297.5
2652,BUY,ST_FLIP_RED,2026-05-28T01:00:00,2026-05-28T02:00:00,long,75111.5,75111.5,100,0.1,7511.15,100.0,0.0,-10.11,-849.24,-0.01,0,0.0,0,0.0,73355.48,6161860.32,73.36,751.12,0.1,10,5.0,0.01,0,0.0,10.11,74987.5
2653,SELL,ST_FLIP_GREEN,2026-05-28T02:00:00,2026-05-28T05:00:00,short,75111.5,74491.5,100,0.1,7511.15,100.0,62.0,51.89,4358.76,0.05,620,0.83,0,0.0,73407.37,6166219.08,73.41,751.12,0.1,10,5.0,0.01,0,0.0,10.11,75235.5
2654,BUY,ST_FLIP_RED,2026-05-28T05:00:00,2026-05-28T06:00:00,long,74491.5,74305.5,100,0.1,7449.15,100.0,-18.6,-28.71,-2411.64,-0.03,0,0.0,186,0.25,73378.66,6163807.44,73.38,744.92,0.1,10,5.0,0.01,0,0.0,10.11,74367.5
2655,SELL,ST_FLIP_GREEN,2026-05-28T06:00:00,2026-05-28T12:00:00,short,74305.5,73127.5,100,0.1,7430.55,100.0,117.8,107.69,9045.96,0.11,1178,1.59,0,0.0,73486.35,6172853.4,73.49,743.06,0.1,10,5.0,0.01,0,0.0,10.11,74429.5
2656,BUY,ST_FLIP_RED,2026-05-28T12:00:00,2026-05-28T18:00:00,long,73127.5,73189.5,100,0.1,7312.75,100.0,6.2,-3.91,-328.44,-0.0,62,0.08,0,0.0,73482.44,6172524.96,73.48,731.27,0.1,10,5.0,0.01,0,0.0,10.11,73003.5
2657,SELL,ST_FLIP_GREEN,2026-05-28T18:00:00,2026-05-28T21:00:00,short,73189.5,73127.5,100,0.1,7318.95,100.0,6.2,-3.91,-328.44,-0.0,62,0.08,0,0.0,73478.53,6172196.52,73.48,731.9,0.1,10,5.0,0.01,0,0.0,10.11,73313.5
2658,BUY,ST_FLIP_RED,2026-05-28T21:00:00,2026-05-29T06:00:00,long,73127.5,73561.5,100,0.1,7312.75,100.0,43.4,33.29,2796.36,0.03,434,0.59,0,0.0,73511.82,6174992.88,73.51,731.27,0.1,10,5.0,0.01,0,0.0,10.11,73003.5
2659,SELL,ST_FLIP_GREEN,2026-05-29T06:00:00,2026-05-29T10:00:00,short,73561.5,73561.5,100,0.1,7356.15,100.0,0.0,-10.11,-849.24,-0.01,0,0.0,0,0.0,73501.71,6174143.64,73.5,735.62,0.1,10,5.0,0.01,0,0.0,10.11,73685.5
2660,BUY,ST_FLIP_RED,2026-05-29T10:00:00,2026-05-29T15:00:00,long,73561.5,73623.5,100,0.1,7356.15,100.0,6.2,-3.91,-328.44,-0.0,62,0.08,0,0.0,73497.8,6173815.2,73.5,735.62,0.1,10,5.0,0.01,0,0.0,10.11,73437.5
2661,SELL,ST_FLIP_GREEN,2026-05-29T15:00:00,2026-05-29T20:00:00,short,73623.5,72941.5,100,0.1,7362.35,100.0,68.2,58.09,4879.56,0.06,682,0.93,0,0.0,73555.89,6178694.76,73.56,736.24,0.1,10,5.0,0.01,0,0.0,10.11,73747.5
2662,BUY,ST_FLIP_RED,2026-05-29T20:00:00,2026-05-29T23:00:00,long,72941.5,73995.5,100,0.1,7294.15,100.0,105.4,95.29,8004.36,0.1,1054,1.44,0,0.0,73651.18,6186699.12,73.65,729.42,0.1,10,5.0,0.01,0,0.0,10.11,72817.5
2663,SELL,ST_FLIP_GREEN,2026-05-29T23:00:00,2026-05-30T01:00:00,short,73995.5,73499.5,100,0.1,7399.55,100.0,49.6,39.49,3317.16,0.04,496,0.67,0,0.0,73690.67,6190016.28,73.69,739.96,0.1,10,5.0,0.01,0,0.0,10.11,74119.5
2664,BUY,ST_FLIP_RED,2026-05-30T01:00:00,2026-05-30T02:00:00,long,73499.5,73561.5,100,0.1,7349.95,100.0,6.2,-3.91,-328.44,-0.0,62,0.08,0,0.0,73686.76,6189687.84,73.69,735.0,0.1,10,5.0,0.01,0,0.0,10.11,73375.5
2665,SELL,ST_FLIP_GREEN,2026-05-30T02:00:00,2026-05-30T06:00:00,short,73561.5,73561.5,100,0.1,7356.15,100.0,0.0,-10.11,-849.24,-0.01,0,0.0,0,0.0,73676.65,6188838.6,73.68,735.62,0.1,10,5.0,0.01,0,0.0,10.11,73685.5
2666,BUY,ST_FLIP_RED,2026-05-30T06:00:00,2026-05-30T09:00:00,long,73561.5,73437.5,100,0.1,7356.15,100.0,-12.4,-22.51,-1890.84,-0.02,0,0.0,124,0.17,73654.14,6186947.76,73.65,735.62,0.1,10,5.0,0.01,0,0.0,10.11,73437.5
2667,SELL,ST_FLIP_GREEN,2026-05-30T09:00:00,2026-05-30T10:00:00,short,73437.5,73499.5,100,0.1,7343.75,100.0,-6.2,-16.31,-1370.04,-0.02,0,0.0,62,0.08,73637.83,6185577.72,73.64,734.38,0.1,10,5.0,0.01,0,0.0,10.11,73561.5
2668,BUY,ST_FLIP_RED,2026-05-30T10:00:00,2026-05-31T04:00:00,long,73499.5,73809.5,100,0.1,7349.95,100.0,31.0,20.89,1754.76,0.02,310,0.42,0,0.0,73658.72,6187332.48,73.66,735.0,0.1,10,5.0,0.01,0,0.0,10.11,73375.5
2669,SELL,ST_FLIP_GREEN,2026-05-31T04:00:00,2026-05-31T05:00:00,short,73809.5,73995.5,100,0.1,7380.95,100.0,-18.6,-28.71,-2411.64,-0.03,0,0.0,186,0.25,73630.01,6184920.84,73.63,738.1,0.1,10,5.0,0.01,0,0.0,10.11,73933.5
2670,BUY,ST_FLIP_RED,2026-05-31T05:00:00,2026-05-31T11:00:00,long,73995.5,73995.5,100,0.1,7399.55,100.0,0.0,-10.11,-849.24,-0.01,0,0.0,0,0.0,73619.9,6184071.6,73.62,739.96,0.1,10,5.0,0.01,0,0.0,10.11,73871.5
2671,SELL,ST_FLIP_GREEN,2026-05-31T11:00:00,2026-05-31T16:00:00,short,73995.5,73995.5,100,0.1,7399.55,100.0,0.0,-10.11,-849.24,-0.01,0,0.0,0,0.0,73609.79,6183222.36,73.61,739.96,0.1,10,5.0,0.01,0,0.0,10.11,74119.5
2672,BUY,ST_FLIP_RED,2026-05-31T16:00:00,2026-05-31T19:00:00,long,73995.5,73809.5,100,0.1,7399.55,100.0,-18.6,-28.71,-2411.64,-0.03,0,0.0,186,0.25,73581.08,6180810.72,73.58,739.96,0.1,10,5.0,0.01,0,0.0,10.11,73871.5
2673,SELL,ST_FLIP_GREEN,2026-05-31T19:00:00,2026-05-31T20:00:00,short,73809.5,73747.5,100,0.1,7380.95,100.0,6.2,-3.91,-328.44,-0.0,62,0.08,0,0.0,73577.17,6180482.28,73.58,738.1,0.1,10,5.0,0.01,0,0.0,10.11,73933.5
2674,BUY,ST_FLIP_RED,2026-05-31T20:00:00,2026-05-31T21:00:00,long,73747.5,73561.5,100,0.1,7374.75,100.0,-18.6,-28.71,-2411.64,-0.03,0,0.0,186,0.25,73548.46,6178070.64,73.55,737.48,0.1,10,5.0,0.01,0,0.0,10.11,73623.5
2675,SELL,ST_FLIP_GREEN,2026-05-31T21:00:00,2026-06-01T03:00:00,short,73561.5,73747.5,100,0.1,7356.15,100.0,-18.6,-28.71,-2411.64,-0.03,0,0.0,186,0.25,73519.75,6175659.0,73.52,735.62,0.1,10,5.0,0.01,0,0.0,10.11,73685.5
2676,BUY,ST_FLIP_RED,2026-06-01T03:00:00,2026-06-01T06:00:00,long,73747.5,73747.5,100,0.1,7374.75,100.0,0.0,-10.11,-849.24,-0.01,0,0.0,0,0.0,73509.64,6174809.76,73.51,737.48,0.1,10,5.0,0.01,0,0.0,10.11,73623.5
2677,SELL,ST_FLIP_GREEN,2026-06-01T06:00:00,2026-06-01T08:00:00,short,73747.5,73747.5,100,0.1,7374.75,100.0,0.0,-10.11,-849.24,-0.01,0,0.0,0,0.0,73499.53,6173960.52,73.5,737.48,0.1,10,5.0,0.01,0,0.0,10.11,73871.5
2678,BUY,ST_FLIP_RED,2026-06-01T08:00:00,2026-06-01T09:00:00,long,73747.5,73747.5,100,0.1,7374.75,100.0,0.0,-10.11,-849.24,-0.01,0,0.0,0,0.0,73489.42,6173111.28,73.49,737.48,0.1,10,5.0,0.01,0,0.0,10.11,73623.5
2679,SELL,ST_FLIP_GREEN,2026-06-01T09:00:00,2026-06-01T14:00:00,short,73747.5,72941.5,100,0.1,7374.75,100.0,80.6,70.49,5921.16,0.07,806,1.09,0,0.0,73559.91,6179032.44,73.56,737.48,0.1,10,5.0,0.01,0,0.0,10.11,73871.5
2680,BUY,ST_FLIP_RED,2026-06-01T14:00:00,2026-06-01T15:00:00,long,72941.5,72817.5,100,0.1,7294.15,100.0,-12.4,-22.51,-1890.84,-0.02,0,0.0,124,0.17,73537.4,6177141.6,73.54,729.42,0.1,10,5.0,0.01,0,0.0,10.11,72817.5
2681,SELL,ST_FLIP_GREEN,2026-06-01T15:00:00,2026-06-01T22:00:00,short,72817.5,71267.5,100,0.1,7281.75,100.0,155.0,144.89,12170.76,0.14,1550,2.13,0,0.0,73682.29,6189312.36,73.68,728.17,0.1,10,5.0,0.01,0,0.0,10.11,72941.5
2682,BUY,ST_FLIP_RED,2026-06-01T22:00:00,2026-06-01T23:00:00,long,71267.5,71577.5,100,0.1,7126.75,100.0,31.0,20.89,1754.76,0.02,310,0.43,0,0.0,73703.18,6191067.12,73.7,712.67,0.1,10,5.0,0.01,0,0.0,10.11,71143.5
2683,SELL,ST_FLIP_GREEN,2026-06-01T23:00:00,2026-06-02T15:00:00,short,71577.5,69593.5,100,0.1,7157.75,100.0,198.4,188.29,15816.36,0.19,1984,2.77,0,0.0,73891.47,6206883.48,73.89,715.77,0.1,10,5.0,0.01,0,0.0,10.11,71701.5
2684,BUY,ST_FLIP_RED,2026-06-02T15:00:00,2026-06-02T16:00:00,long,69593.5,69469.5,100,0.1,6959.35,100.0,-12.4,-22.51,-1890.84,-0.02,0,0.0,124,0.18,73868.96,6204992.64,73.87,695.94,0.1,10,5.0,0.01,0,0.0,10.11,69469.5
2685,SELL,ST_FLIP_GREEN,2026-06-02T16:00:00,2026-06-02T21:00:00,short,69469.5,67671.5,100,0.1,6946.95,100.0,179.8,169.69,14253.96,0.17,1798,2.59,0,0.0,74038.65,6219246.6,74.04,694.7,0.1,10,5.0,0.01,0,0.0,10.11,69593.5
2686,BUY,ST_FLIP_RED,2026-06-02T21:00:00,2026-06-02T22:00:00,long,67671.5,67671.5,100,0.1,6767.15,100.0,0.0,-10.11,-849.24,-0.01,0,0.0,0,0.0,74028.54,6218397.36,74.03,676.72,0.1,10,5.0,0.01,0,0.0,10.11,67547.5
2687,SELL,ST_FLIP_GREEN,2026-06-02T22:00:00,2026-06-03T02:00:00,short,67671.5,67113.5,100,0.1,6767.15,100.0,55.8,45.69,3837.96,0.05,558,0.82,0,0.0,74074.23,6222235.32,74.07,676.72,0.1,10,5.0,0.01,0,0.0,10.11,67795.5
2688,BUY,ST_FLIP_RED,2026-06-03T02:00:00,2026-06-03T03:00:00,long,67113.5,67733.5,100,0.1,6711.35,100.0,62.0,51.89,4358.76,0.05,620,0.92,0,0.0,74126.12,6226594.08,74.13,671.13,0.1,10,5.0,0.01,0,0.0,10.11,66989.5
2689,SELL,ST_FLIP_GREEN,2026-06-03T03:00:00,2026-06-03T05:00:00,short,67733.5,66617.5,100,0.1,6773.35,100.0,111.6,101.49,8525.16,0.1,1116,1.65,0,0.0,74227.61,6235119.24,74.23,677.34,0.1,10,5.0,0.01,0,0.0,10.11,67857.5
2690,BUY,ST_FLIP_RED,2026-06-03T05:00:00,2026-06-03T07:00:00,long,66617.5,66803.5,100,0.1,6661.75,100.0,18.6,8.49,713.16,0.01,186,0.28,0,0.0,74236.1,6235832.4,74.24,666.17,0.1,10,5.0,0.01,0,0.0,10.11,66493.5
2691,SELL,ST_FLIP_GREEN,2026-06-03T07:00:00,2026-06-03T09:00:00,short,66803.5,66369.5,100,0.1,6680.35,100.0,43.4,33.29,2796.36,0.03,434,0.65,0,0.0,74269.39,6238628.76,74.27,668.04,0.1,10,5.0,0.01,0,0.0,10.11,66927.5
2692,BUY,ST_FLIP_RED,2026-06-03T09:00:00,2026-06-03T13:00:00,long,66369.5,66989.5,100,0.1,6636.95,100.0,62.0,51.89,4358.76,0.05,620,0.93,0,0.0,74321.28,6242987.52,74.32,663.7,0.1,10,5.0,0.01,0,0.0,10.11,66245.5
2693,SELL,ST_FLIP_GREEN,2026-06-03T13:00:00,2026-06-03T15:00:00,short,66989.5,67051.5,100,0.1,6698.95,100.0,-6.2,-16.31,-1370.04,-0.02,0,0.0,62,0.09,74304.97,6241617.48,74.3,669.9,0.1,10,5.0,0.01,0,0.0,10.11,67113.5
2694,BUY,ST_FLIP_RED,2026-06-03T15:00:00,2026-06-03T17:00:00,long,67051.5,67113.5,100,0.1,6705.15,100.0,6.2,-3.91,-328.44,-0.0,62,0.09,0,0.0,74301.06,6241289.04,74.3,670.52,0.1,10,5.0,0.01,0,0.0,10.11,66927.5
2695,SELL,ST_FLIP_GREEN,2026-06-03T17:00:00,2026-06-03T22:00:00,short,67113.5,65811.5,100,0.1,6711.35,100.0,130.2,120.09,10087.56,0.12,1302,1.94,0,0.0,74421.15,6251376.6,74.42,671.13,0.1,10,5.0,0.01,0,0.0,10.11,67237.5
2696,BUY,ST_FLIP_RED,2026-06-03T22:00:00,2026-06-04T00:00:00,long,65811.5,65749.5,100,0.1,6581.15,100.0,-6.2,-16.31,-1370.04,-0.02,0,0.0,62,0.09,74404.84,6250006.56,74.4,658.12,0.1,10,5.0,0.01,0,0.0,10.11,65687.5
2697,SELL,ST_FLIP_GREEN,2026-06-04T00:00:00,2026-06-04T07:00:00,short,65749.5,62897.5,100,0.1,6574.95,100.0,285.2,275.09,23107.56,0.28,2852,4.34,0,0.0,74679.93,6273114.12,74.68,657.5,0.1,10,5.0,0.01,0,0.0,10.11,65873.5
2698,BUY,ST_FLIP_RED,2026-06-04T07:00:00,2026-06-04T10:00:00,long,62897.5,64323.5,100,0.1,6289.75,100.0,142.6,132.49,11129.16,0.13,1426,2.27,0,0.0,74812.42,6284243.28,74.81,628.98,0.1,10,5.0,0.01,0,0.0,10.11,62773.5
2699,SELL,ST_FLIP_GREEN,2026-06-04T10:00:00,2026-06-04T11:00:00,short,64323.5,63951.5,100,0.1,6432.35,100.0,37.2,27.09,2275.56,0.03,372,0.58,0,0.0,74839.51,6286518.84,74.84,643.24,0.1,10,5.0,0.01,0,0.0,10.11,64447.5
2700,BUY,ST_FLIP_RED,2026-06-04T11:00:00,2026-06-04T12:00:00,long,63951.5,64075.5,100,0.1,6395.15,100.0,12.4,2.29,192.36,0.0,124,0.19,0,0.0,74841.8,6286711.2,74.84,639.52,0.1,10,5.0,0.01,0,0.0,10.11,63827.5
2701,SELL,ST_FLIP_GREEN,2026-06-04T12:00:00,2026-06-04T17:00:00,short,64075.5,62711.5,100,0.1,6407.55,100.0,136.4,126.29,10608.36,0.13,1364,2.13,0,0.0,74968.09,6297319.56,74.97,640.75,0.1,10,5.0,0.01,0,0.0,10.11,64199.5
2702,BUY,ST_FLIP_RED,2026-06-04T17:00:00,2026-06-04T21:00:00,long,62711.5,63889.5,100,0.1,6271.15,100.0,117.8,107.69,9045.96,0.11,1178,1.88,0,0.0,75075.78,6306365.52,75.08,627.12,0.1,10,5.0,0.01,0,0.0,10.11,62587.5
2703,SELL,ST_FLIP_GREEN,2026-06-04T21:00:00,2026-06-04T23:00:00,short,63889.5,63455.5,100,0.1,6388.95,100.0,43.4,33.29,2796.36,0.03,434,0.68,0,0.0,75109.07,6309161.88,75.11,638.9,0.1,10,5.0,0.01,0,0.0,10.11,64013.5
2704,BUY,ST_FLIP_RED,2026-06-04T23:00:00,2026-06-05T01:00:00,long,63455.5,63889.5,100,0.1,6345.55,100.0,43.4,33.29,2796.36,0.03,434,0.68,0,0.0,75142.36,6311958.24,75.14,634.56,0.1,10,5.0,0.01,0,0.0,10.11,63331.5
2705,SELL,ST_FLIP_GREEN,2026-06-05T01:00:00,2026-06-05T02:00:00,short,63889.5,63455.5,100,0.1,6388.95,100.0,43.4,33.29,2796.36,0.03,434,0.68,0,0.0,75175.65,6314754.6,75.18,638.9,0.1,10,5.0,0.01,0,0.0,10.11,64013.5
2706,BUY,ST_FLIP_RED,2026-06-05T02:00:00,2026-06-05T03:00:00,long,63455.5,63331.5,100,0.1,6345.55,100.0,-12.4,-22.51,-1890.84,-0.02,0,0.0,124,0.2,75153.14,6312863.76,75.15,634.56,0.1,10,5.0,0.01,0,0.0,10.11,63331.5
2707,SELL,ST_FLIP_GREEN,2026-06-05T03:00:00,2026-06-05T04:00:00,short,63331.5,63455.5,100,0.1,6333.15,100.0,-12.4,-22.51,-1890.84,-0.02,0,0.0,124,0.2,75130.63,6310972.92,75.13,633.32,0.1,10,5.0,0.01,0,0.0,10.11,63455.5
2708,BUY,ST_FLIP_RED,2026-06-05T04:00:00,2026-06-05T06:00:00,long,63455.5,63641.5,100,0.1,6345.55,100.0,18.6,8.49,713.16,0.01,186,0.29,0,0.0,75139.12,6311686.08,75.14,634.56,0.1,10,5.0,0.01,0,0.0,10.11,63331.5
2709,SELL,ST_FLIP_GREEN,2026-06-05T06:00:00,2026-06-05T09:00:00,short,63641.5,62773.5,100,0.1,6364.15,100.0,86.8,76.69,6441.96,0.08,868,1.36,0,0.0,75215.81,6318128.04,75.22,636.42,0.1,10,5.0,0.01,0,0.0,10.11,63765.5
2710,BUY,ST_FLIP_RED,2026-06-05T09:00:00,2026-06-05T11:00:00,long,62773.5,63269.5,100,0.1,6277.35,100.0,49.6,39.49,3317.16,0.04,496,0.79,0,0.0,75255.3,6321445.2,75.26,627.74,0.1,10,5.0,0.01,0,0.0,10.11,62649.5
2711,SELL,ST_FLIP_GREEN,2026-06-05T11:00:00,2026-06-05T12:00:00,short,63269.5,61781.5,100,0.1,6326.95,100.0,148.8,138.69,11649.96,0.14,1488,2.35,0,0.0,75393.99,6333095.16,75.39,632.7,0.1,10,5.0,0.01,0,0.0,10.11,63393.5
2712,BUY,ST_FLIP_RED,2026-06-05T12:00:00,2026-06-05T15:00:00,long,61781.5,62897.5,100,0.1,6178.15,100.0,111.6,101.49,8525.16,0.1,1116,1.81,0,0.0,75495.48,6341620.32,75.5,617.82,0.1,10,5.0,0.01,0,0.0,10.11,61657.5
2713,SELL,ST_FLIP_GREEN,2026-06-05T15:00:00,2026-06-05T20:00:00,short,62897.5,60603.5,100,0.1,6289.75,100.0,229.4,219.29,18420.36,0.22,2294,3.65,0,0.0,75714.77,6360040.68,75.71,628.98,0.1,10,5.0,0.01,0,0.0,10.11,63021.5
2714,BUY,ST_FLIP_RED,2026-06-05T20:00:00,2026-06-05T22:00:00,long,60603.5,60665.5,100,0.1,6060.35,100.0,6.2,-3.91,-328.44,-0.0,62,0.1,0,0.0,75710.86,6359712.24,75.71,606.04,0.1,10,5.0,0.01,0,0.0,10.11,60479.5
2715,SELL,ST_FLIP_GREEN,2026-06-05T22:00:00,2026-06-06T01:00:00,short,60665.5,60045.5,100,0.1,6066.55,100.0,62.0,51.89,4358.76,0.05,620,1.02,0,0.0,75762.75,6364071.0,75.76,606.65,0.1,10,5.0,0.01,0,0.0,10.11,60789.5
2716,BUY,ST_FLIP_RED,2026-06-06T01:00:00,2026-06-06T04:00:00,long,60045.5,61347.5,100,0.1,6004.55,100.0,130.2,120.09,10087.56,0.12,1302,2.17,0,0.0,75882.84,6374158.56,75.88,600.46,0.1,10,5.0,0.01,0,0.0,10.11,59921.5
2717,SELL,ST_FLIP_GREEN,2026-06-06T04:00:00,2026-06-06T05:00:00,short,61347.5,61099.5,100,0.1,6134.75,100.0,24.8,14.69,1233.96,0.01,248,0.4,0,0.0,75897.53,6375392.52,75.9,613.48,0.1,10,5.0,0.01,0,0.0,10.11,61471.5
2718,BUY,ST_FLIP_RED,2026-06-06T05:00:00,2026-06-06T07:00:00,long,61099.5,61099.5,100,0.1,6109.95,100.0,0.0,-10.11,-849.24,-0.01,0,0.0,0,0.0,75887.42,6374543.28,75.89,611.0,0.1,10,5.0,0.01,0,0.0,10.11,60975.5
2719,SELL,ST_FLIP_GREEN,2026-06-06T07:00:00,2026-06-06T10:00:00,short,61099.5,60169.5,100,0.1,6109.95,100.0,93.0,82.89,6962.76,0.08,930,1.52,0,0.0,75970.31,6381506.04,75.97,611.0,0.1,10,5.0,0.01,0,0.0,10.11,61223.5
2720,BUY,ST_FLIP_RED,2026-06-06T10:00:00,2026-06-06T15:00:00,long,60169.5,61161.5,100,0.1,6016.95,100.0,99.2,89.09,7483.56,0.09,992,1.65,0,0.0,76059.4,6388989.6,76.06,601.7,0.1,10,5.0,0.01,0,0.0,10.11,60045.5
2721,SELL,ST_FLIP_GREEN,2026-06-06T15:00:00,2026-06-06T16:00:00,short,61161.5,60665.5,100,0.1,6116.15,100.0,49.6,39.49,3317.16,0.04,496,0.81,0,0.0,76098.89,6392306.76,76.1,611.62,0.1,10,5.0,0.01,0,0.0,10.11,61285.5
2722,BUY,ST_FLIP_RED,2026-06-06T16:00:00,2026-06-06T20:00:00,long,60665.5,60665.5,100,0.1,6066.55,100.0,0.0,-10.11,-849.24,-0.01,0,0.0,0,0.0,76088.78,6391457.52,76.09,606.65,0.1,10,5.0,0.01,0,0.0,10.11,60541.5
2723,SELL,ST_FLIP_GREEN,2026-06-06T20:00:00,2026-06-07T02:00:00,short,60665.5,60789.5,100,0.1,6066.55,100.0,-12.4,-22.51,-1890.84,-0.02,0,0.0,124,0.2,76066.27,6389566.68,76.07,606.65,0.1,10,5.0,0.01,0,0.0,10.11,60789.5
2724,BUY,ST_FLIP_RED,2026-06-07T02:00:00,2026-06-07T03:00:00,long,60789.5,60727.5,100,0.1,6078.95,100.0,-6.2,-16.31,-1370.04,-0.02,0,0.0,62,0.1,76049.96,6388196.64,76.05,607.9,0.1,10,5.0,0.01,0,0.0,10.11,60665.5
2725,SELL,ST_FLIP_GREEN,2026-06-07T03:00:00,2026-06-07T04:00:00,short,60727.5,60603.5,100,0.1,6072.75,100.0,12.4,2.29,192.36,0.0,124,0.2,0,0.0,76052.25,6388389.0,76.05,607.27,0.1,10,5.0,0.01,0,0.0,10.11,60851.5
2726,BUY,ST_FLIP_RED,2026-06-07T04:00:00,2026-06-07T07:00:00,long,60603.5,61409.5,100,0.1,6060.35,100.0,80.6,70.49,5921.16,0.07,806,1.33,0,0.0,76122.74,6394310.16,76.12,606.04,0.1,10,5.0,0.01,0,0.0,10.11,60479.5
2727,SELL,ST_FLIP_GREEN,2026-06-07T07:00:00,2026-06-07T08:00:00,short,61409.5,61409.5,100,0.1,6140.95,100.0,0.0,-10.11,-849.24,-0.01,0,0.0,0,0.0,76112.63,6393460.92,76.11,614.1,0.1,10,5.0,0.01,0,0.0,10.11,61533.5
2728,BUY,ST_FLIP_RED,2026-06-07T08:00:00,2026-06-07T09:00:00,long,61409.5,61471.5,100,0.1,6140.95,100.0,6.2,-3.91,-328.44,-0.0,62,0.1,0,0.0,76108.72,6393132.48,76.11,614.1,0.1,10,5.0,0.01,0,0.0,10.11,61285.5
2729,SELL,ST_FLIP_GREEN,2026-06-07T09:00:00,2026-06-07T10:00:00,short,61471.5,61657.5,100,0.1,6147.15,100.0,-18.6,-28.71,-2411.64,-0.03,0,0.0,186,0.3,76080.01,6390720.84,76.08,614.72,0.1,10,5.0,0.01,0,0.0,10.11,61595.5
2730,BUY,ST_FLIP_RED,2026-06-07T10:00:00,2026-06-07T15:00:00,long,61657.5,62463.5,100,0.1,6165.75,100.0,80.6,70.49,5921.16,0.07,806,1.31,0,0.0,76150.5,6396642.0,76.15,616.58,0.1,10,5.0,0.01,0,0.0,10.11,61533.5
2731,SELL,ST_FLIP_GREEN,2026-06-07T15:00:00,2026-06-07T19:00:00,short,62463.5,62029.5,100,0.1,6246.35,100.0,43.4,33.29,2796.36,0.03,434,0.69,0,0.0,76183.79,6399438.36,76.18,624.63,0.1,10,5.0,0.01,0,0.0,10.11,62587.5
2732,BUY,ST_FLIP_RED,2026-06-07T19:00:00,2026-06-07T20:00:00,long,62029.5,61905.5,100,0.1,6202.95,100.0,-12.4,-22.51,-1890.84,-0.02,0,0.0,124,0.2,76161.28,6397547.52,76.16,620.3,0.1,10,5.0,0.01,0,0.0,10.11,61905.5
2733,SELL,ST_FLIP_GREEN,2026-06-07T20:00:00,2026-06-07T21:00:00,short,61905.5,62091.5,100,0.1,6190.55,100.0,-18.6,-28.71,-2411.64,-0.03,0,0.0,186,0.3,76132.57,6395135.88,76.13,619.06,0.1,10,5.0,0.01,0,0.0,10.11,62029.5
2734,BUY,ST_FLIP_RED,2026-06-07T21:00:00,2026-06-08T00:00:00,long,62091.5,62029.5,100,0.1,6209.15,100.0,-6.2,-16.31,-1370.04,-0.02,0,0.0,62,0.1,76116.26,6393765.84,76.12,620.92,0.1,10,5.0,0.01,0,0.0,10.11,61967.5
2735,SELL,ST_FLIP_GREEN,2026-06-08T00:00:00,2026-06-08T01:00:00,short,62029.5,61595.5,100,0.1,6202.95,100.0,43.4,33.29,2796.36,0.03,434,0.7,0,0.0,76149.55,6396562.2,76.15,620.3,0.1,10,5.0,0.01,0,0.0,10.11,62153.5
2736,BUY,ST_FLIP_RED,2026-06-08T01:00:00,2026-06-08T06:00:00,long,61595.5,63269.5,100,0.1,6159.55,100.0,167.4,157.29,13212.36,0.16,1674,2.72,0,0.0,76306.84,6409774.56,76.31,615.96,0.1,10,5.0,0.01,0,0.0,10.11,61471.5
2737,SELL,ST_FLIP_GREEN,2026-06-08T06:00:00,2026-06-08T07:00:00,short,63269.5,62959.5,100,0.1,6326.95,100.0,31.0,20.89,1754.76,0.02,310,0.49,0,0.0,76327.73,6411529.32,76.33,632.7,0.1,10,5.0,0.01,0,0.0,10.11,63393.5
2738,BUY,ST_FLIP_RED,2026-06-08T07:00:00,2026-06-08T09:00:00,long,62959.5,62959.5,100,0.1,6295.95,100.0,0.0,-10.11,-849.24,-0.01,0,0.0,0,0.0,76317.62,6410680.08,76.32,629.6,0.1,10,5.0,0.01,0,0.0,10.11,62835.5
2739,SELL,ST_FLIP_GREEN,2026-06-08T09:00:00,2026-06-08T11:00:00,short,62959.5,62897.5,100,0.1,6295.95,100.0,6.2,-3.91,-328.44,-0.0,62,0.1,0,0.0,76313.71,6410351.64,76.31,629.6,0.1,10,5.0,0.01,0,0.0,10.11,63083.5
2740,BUY,ST_FLIP_RED,2026-06-08T11:00:00,2026-06-08T15:00:00,long,62897.5,63145.5,100,0.1,6289.75,100.0,24.8,14.69,1233.96,0.01,248,0.39,0,0.0,76328.4,6411585.6,76.33,628.98,0.1,10,5.0,0.01,0,0.0,10.11,62773.5
2741,SELL,ST_FLIP_GREEN,2026-06-08T15:00:00,2026-06-08T16:00:00,short,63145.5,63269.5,100,0.1,6314.55,100.0,-12.4,-22.51,-1890.84,-0.02,0,0.0,124,0.2,76305.89,6409694.76,76.31,631.46,0.1,10,5.0,0.01,0,0.0,10.11,63269.5
2742,BUY,ST_FLIP_RED,2026-06-08T16:00:00,2026-06-08T17:00:00,long,63269.5,63455.5,100,0.1,6326.95,100.0,18.6,8.49,713.16,0.01,186,0.29,0,0.0,76314.38,6410407.92,76.31,632.7,0.1,10,5.0,0.01,0,0.0,10.11,63145.5
2743,SELL,ST_FLIP_GREEN,2026-06-08T17:00:00,2026-06-08T18:00:00,short,63455.5,63207.5,100,0.1,6345.55,100.0,24.8,14.69,1233.96,0.01,248,0.39,0,0.0,76329.07,6411641.88,76.33,634.56,0.1,10,5.0,0.01,0,0.0,10.11,63579.5
2744,BUY,ST_FLIP_RED,2026-06-08T18:00:00,2026-06-08T22:00:00,long,63207.5,63765.5,100,0.1,6320.75,100.0,55.8,45.69,3837.96,0.05,558,0.88,0,0.0,76374.76,6415479.84,76.37,632.08,0.1,10,5.0,0.01,0,0.0,10.11,63083.5
2745,SELL,ST_FLIP_GREEN,2026-06-08T22:00:00,2026-06-09T02:00:00,short,63765.5,63393.5,100,0.1,6376.55,100.0,37.2,27.09,2275.56,0.03,372,0.58,0,0.0,76401.85,6417755.4,76.4,637.65,0.1,10,5.0,0.01,0,0.0,10.11,63889.5
2746,BUY,ST_FLIP_RED,2026-06-09T02:00:00,2026-06-09T03:00:00,long,63393.5,63517.5,100,0.1,6339.35,100.0,12.4,2.29,192.36,0.0,124,0.2,0,0.0,76404.14,6417947.76,76.4,633.94,0.1,10,5.0,0.01,0,0.0,10.11,63269.5
2747,SELL,ST_FLIP_GREEN,2026-06-09T03:00:00,2026-06-09T10:00:00,short,63517.5,62897.5,100,0.1,6351.75,100.0,62.0,51.89,4358.76,0.05,620,0.98,0,0.0,76456.03,6422306.52,76.46,635.17,0.1,10,5.0,0.01,0,0.0,10.11,63641.5
2748,BUY,ST_FLIP_RED,2026-06-09T10:00:00,2026-06-09T12:00:00,long,62897.5,63207.5,100,0.1,6289.75,100.0,31.0,20.89,1754.76,0.02,310,0.49,0,0.0,76476.92,6424061.28,76.48,628.98,0.1,10,5.0,0.01,0,0.0,10.11,62773.5
2749,SELL,ST_FLIP_GREEN,2026-06-09T12:00:00,2026-06-09T22:00:00,short,63207.5,61223.5,100,0.1,6320.75,100.0,198.4,188.29,15816.36,0.19,1984,3.14,0,0.0,76665.21,6439877.64,76.67,632.08,0.1,10,5.0,0.01,0,0.0,10.11,63331.5
2750,BUY,ST_FLIP_RED,2026-06-09T22:00:00,2026-06-10T02:00:00,long,61223.5,61843.5,100,0.1,6122.35,100.0,62.0,51.89,4358.76,0.05,620,1.01,0,0.0,76717.1,6444236.4,76.72,612.24,0.1,10,5.0,0.01,0,0.0,10.11,61099.5
2751,SELL,ST_FLIP_GREEN,2026-06-10T02:00:00,2026-06-10T12:00:00,short,61843.5,61471.5,100,0.1,6184.35,100.0,37.2,27.09,2275.56,0.03,372,0.6,0,0.0,76744.19,6446511.96,76.74,618.44,0.1,10,5.0,0.01,0,0.0,10.11,61967.5
2752,BUY,ST_FLIP_RED,2026-06-10T12:00:00,2026-06-10T13:00:00,long,61471.5,61471.5,100,0.1,6147.15,100.0,0.0,-10.11,-849.24,-0.01,0,0.0,0,0.0,76734.08,6445662.72,76.73,614.72,0.1,10,5.0,0.01,0,0.0,10.11,61347.5
2753,SELL,ST_FLIP_GREEN,2026-06-10T13:00:00,2026-06-10T17:00:00,short,61471.5,61161.5,100,0.1,6147.15,100.0,31.0,20.89,1754.76,0.02,310,0.5,0,0.0,76754.97,6447417.48,76.75,614.72,0.1,10,5.0,0.01,0,0.0,10.11,61595.5
2754,BUY,ST_FLIP_RED,2026-06-10T17:00:00,2026-06-10T22:00:00,long,61161.5,62029.5,100,0.1,6116.15,100.0,86.8,76.69,6441.96,0.08,868,1.42,0,0.0,76831.66,6453859.44,76.83,611.62,0.1,10,5.0,0.01,0,0.0,10.11,61037.5
2755,SELL,ST_FLIP_GREEN,2026-06-10T22:00:00,2026-06-10T23:00:00,short,62029.5,62029.5,100,0.1,6202.95,100.0,0.0,-10.11,-849.24,-0.01,0,0.0,0,0.0,76821.55,6453010.2,76.82,620.3,0.1,10,5.0,0.01,0,0.0,10.11,62153.5
2756,BUY,ST_FLIP_RED,2026-06-10T23:00:00,2026-06-11T00:00:00,long,62029.5,61843.5,100,0.1,6202.95,100.0,-18.6,-28.71,-2411.64,-0.03,0,0.0,186,0.3,76792.84,6450598.56,76.79,620.3,0.1,10,5.0,0.01,0,0.0,10.11,61905.5
2757,SELL,ST_FLIP_GREEN,2026-06-11T00:00:00,2026-06-11T01:00:00,short,61843.5,61905.5,100,0.1,6184.35,100.0,-6.2,-16.31,-1370.04,-0.02,0,0.0,62,0.1,76776.53,6449228.52,76.78,618.44,0.1,10,5.0,0.01,0,0.0,10.11,61967.5
2758,BUY,ST_FLIP_RED,2026-06-11T01:00:00,2026-06-11T02:00:00,long,61905.5,61719.5,100,0.1,6190.55,100.0,-18.6,-28.71,-2411.64,-0.03,0,0.0,186,0.3,76747.82,6446816.88,76.75,619.06,0.1,10,5.0,0.01,0,0.0,10.11,61781.5
2759,SELL,ST_FLIP_GREEN,2026-06-11T02:00:00,2026-06-11T04:00:00,short,61719.5,61471.5,100,0.1,6171.95,100.0,24.8,14.69,1233.96,0.01,248,0.4,0,0.0,76762.51,6448050.84,76.76,617.2,0.1,10,5.0,0.01,0,0.0,10.11,61843.5
2760,BUY,ST_FLIP_RED,2026-06-11T04:00:00,2026-06-11T17:00:00,long,61471.5,62897.5,100,0.1,6147.15,100.0,142.6,132.49,11129.16,0.13,1426,2.32,0,0.0,76895.0,6459180.0,76.89,614.72,0.1,10,5.0,0.01,0,0.0,10.11,61347.5
2761,SELL,ST_FLIP_GREEN,2026-06-11T17:00:00,2026-06-11T18:00:00,short,62897.5,62835.5,100,0.1,6289.75,100.0,6.2,-3.91,-328.44,-0.0,62,0.1,0,0.0,76891.09,6458851.56,76.89,628.98,0.1,10,5.0,0.01,0,0.0,10.11,63021.5
2762,BUY,ST_FLIP_RED,2026-06-11T18:00:00,2026-06-11T20:00:00,long,62835.5,62773.5,100,0.1,6283.55,100.0,-6.2,-16.31,-1370.04,-0.02,0,0.0,62,0.1,76874.78,6457481.52,76.87,628.36,0.1,10,5.0,0.01,0,0.0,10.11,62711.5
2763,SELL,ST_FLIP_GREEN,2026-06-11T20:00:00,2026-06-11T22:00:00,short,62773.5,62835.5,100,0.1,6277.35,100.0,-6.2,-16.31,-1370.04,-0.02,0,0.0,62,0.1,76858.47,6456111.48,76.86,627.74,0.1,10,5.0,0.01,0,0.0,10.11,62897.5
2764,BUY,ST_FLIP_RED,2026-06-11T22:00:00,2026-06-12T01:00:00,long,62835.5,63331.5,100,0.1,6283.55,100.0,49.6,39.49,3317.16,0.04,496,0.79,0,0.0,76897.96,6459428.64,76.9,628.36,0.1,10,5.0,0.01,0,0.0,10.11,62711.5
2765,SELL,ST_FLIP_GREEN,2026-06-12T01:00:00,2026-06-12T02:00:00,short,63331.5,63517.5,100,0.1,6333.15,100.0,-18.6,-28.71,-2411.64,-0.03,0,0.0,186,0.29,76869.25,6457017.0,76.87,633.32,0.1,10,5.0,0.01,0,0.0,10.11,63455.5
2766,BUY,ST_FLIP_RED,2026-06-12T02:00:00,2026-06-12T04:00:00,long,63517.5,63331.5,100,0.1,6351.75,100.0,-18.6,-28.71,-2411.64,-0.03,0,0.0,186,0.29,76840.54,6454605.36,76.84,635.17,0.1,10,5.0,0.01,0,0.0,10.11,63393.5
2767,SELL,ST_FLIP_GREEN,2026-06-12T04:00:00,2026-06-12T05:00:00,short,63331.5,63517.5,100,0.1,6333.15,100.0,-18.6,-28.71,-2411.64,-0.03,0,0.0,186,0.29,76811.83,6452193.72,76.81,633.32,0.1,10,5.0,0.01,0,0.0,10.11,63455.5
2768,BUY,ST_FLIP_RED,2026-06-12T05:00:00,2026-06-12T06:00:00,long,63517.5,63455.5,100,0.1,6351.75,100.0,-6.2,-16.31,-1370.04,-0.02,0,0.0,62,0.1,76795.52,6450823.68,76.8,635.17,0.1,10,5.0,0.01,0,0.0,10.11,63393.5
2769,SELL,ST_FLIP_GREEN,2026-06-12T06:00:00,2026-06-12T07:00:00,short,63455.5,63517.5,100,0.1,6345.55,100.0,-6.2,-16.31,-1370.04,-0.02,0,0.0,62,0.1,76779.21,6449453.64,76.78,634.56,0.1,10,5.0,0.01,0,0.0,10.11,63579.5
2770,BUY,ST_FLIP_RED,2026-06-12T07:00:00,2026-06-12T08:00:00,long,63517.5,63393.5,100,0.1,6351.75,100.0,-12.4,-22.51,-1890.84,-0.02,0,0.0,124,0.2,76756.7,6447562.8,76.76,635.17,0.1,10,5.0,0.01,0,0.0,10.11,63393.5
2771,SELL,ST_FLIP_GREEN,2026-06-12T08:00:00,2026-06-12T09:00:00,short,63393.5,63579.5,100,0.1,6339.35,100.0,-18.6,-28.71,-2411.64,-0.03,0,0.0,186,0.29,76727.99,6445151.16,76.73,633.94,0.1,10,5.0,0.01,0,0.0,10.11,63517.5
2772,BUY,ST_FLIP_RED,2026-06-12T09:00:00,2026-06-12T10:00:00,long,63579.5,63641.5,100,0.1,6357.95,100.0,6.2,-3.91,-328.44,-0.0,62,0.1,0,0.0,76724.08,6444822.72,76.72,635.8,0.1,10,5.0,0.01,0,0.0,10.11,63455.5
2773,SELL,ST_FLIP_GREEN,2026-06-12T10:00:00,2026-06-12T13:00:00,short,63641.5,63207.5,100,0.1,6364.15,100.0,43.4,33.29,2796.36,0.03,434,0.68,0,0.0,76757.37,6447619.08,76.76,636.42,0.1,10,5.0,0.01,0,0.0,10.11,63765.5
2774,BUY,ST_FLIP_RED,2026-06-12T13:00:00,2026-06-12T17:00:00,long,63207.5,63579.5,100,0.1,6320.75,100.0,37.2,27.09,2275.56,0.03,372,0.59,0,0.0,76784.46,6449894.64,76.78,632.08,0.1,10,5.0,0.01,0,0.0,10.11,63083.5
2775,SELL,ST_FLIP_GREEN,2026-06-12T17:00:00,2026-06-12T19:00:00,short,63579.5,63579.5,100,0.1,6357.95,100.0,0.0,-10.11,-849.24,-0.01,0,0.0,0,0.0,76774.35,6449045.4,76.77,635.8,0.1,10,5.0,0.01,0,0.0,10.11,63703.5
2776,BUY,ST_FLIP_RED,2026-06-12T19:00:00,2026-06-12T21:00:00,long,63579.5,63889.5,100,0.1,6357.95,100.0,31.0,20.89,1754.76,0.02,310,0.49,0,0.0,76795.24,6450800.16,76.8,635.8,0.1,10,5.0,0.01,0,0.0,10.11,63455.5
2777,SELL,ST_FLIP_GREEN,2026-06-12T21:00:00,2026-06-13T06:00:00,short,63889.5,63641.5,100,0.1,6388.95,100.0,24.8,14.69,1233.96,0.01,248,0.39,0,0.0,76809.93,6452034.12,76.81,638.9,0.1,10,5.0,0.01,0,0.0,10.11,64013.5
2778,BUY,ST_FLIP_RED,2026-06-13T06:00:00,2026-06-13T08:00:00,long,63641.5,63455.5,100,0.1,6364.15,100.0,-18.6,-28.71,-2411.64,-0.03,0,0.0,186,0.29,76781.22,6449622.48,76.78,636.42,0.1,10,5.0,0.01,0,0.0,10.11,63517.5
2779,SELL,ST_FLIP_GREEN,2026-06-13T08:00:00,2026-06-13T11:00:00,short,63455.5,63641.5,100,0.1,6345.55,100.0,-18.6,-28.71,-2411.64,-0.03,0,0.0,186,0.29,76752.51,6447210.84,76.75,634.56,0.1,10,5.0,0.01,0,0.0,10.11,63579.5
2780,BUY,ST_FLIP_RED,2026-06-13T11:00:00,2026-06-13T21:00:00,long,63641.5,64013.5,100,0.1,6364.15,100.0,37.2,27.09,2275.56,0.03,372,0.58,0,0.0,76779.6,6449486.4,76.78,636.42,0.1,10,5.0,0.01,0,0.0,10.11,63517.5
2781,SELL,ST_FLIP_GREEN,2026-06-13T21:00:00,2026-06-13T23:00:00,short,64013.5,64137.5,100,0.1,6401.35,100.0,-12.4,-22.51,-1890.84,-0.02,0,0.0,124,0.19,76757.09,6447595.56,76.76,640.13,0.1,10,5.0,0.01,0,0.0,10.11,64137.5
2782,BUY,ST_FLIP_RED,2026-06-13T23:00:00,2026-06-14T09:00:00,long,64137.5,64385.5,100,0.1,6413.75,100.0,24.8,14.69,1233.96,0.01,248,0.39,0,0.0,76771.78,6448829.52,76.77,641.38,0.1,10,5.0,0.01,0,0.0,10.11,64013.5
2783,SELL,ST_FLIP_GREEN,2026-06-14T09:00:00,2026-06-14T13:00:00,short,64385.5,64509.5,100,0.1,6438.55,100.0,-12.4,-22.51,-1890.84,-0.02,0,0.0,124,0.19,76749.27,6446938.68,76.75,643.86,0.1,10,5.0,0.01,0,0.0,10.11,64509.5
2784,BUY,ST_FLIP_RED,2026-06-14T13:00:00,2026-06-14T14:00:00,long,64509.5,64323.5,100,0.1,6450.95,100.0,-18.6,-28.71,-2411.64,-0.03,0,0.0,186,0.29,76720.56,6444527.04,76.72,645.1,0.1,10,5.0,0.01,0,0.0,10.11,64385.5
2785,SELL,ST_FLIP_GREEN,2026-06-14T14:00:00,2026-06-14T15:00:00,short,64323.5,64509.5,100,0.1,6432.35,100.0,-18.6,-28.71,-2411.64,-0.03,0,0.0,186,0.29,76691.85,6442115.4,76.69,643.24,0.1,10,5.0,0.01,0,0.0,10.11,64447.5
2786,BUY,ST_FLIP_RED,2026-06-14T15:00:00,2026-06-14T17:00:00,long,64509.5,64385.5,100,0.1,6450.95,100.0,-12.4,-22.51,-1890.84,-0.02,0,0.0,124,0.19,76669.34,6440224.56,76.67,645.1,0.1,10,5.0,0.01,0,0.0,10.11,64385.5
2787,SELL,ST_FLIP_GREEN,2026-06-14T17:00:00,2026-06-15T01:00:00,short,64385.5,63889.5,100,0.1,6438.55,100.0,49.6,39.49,3317.16,0.04,496,0.77,0,0.0,76708.83,6443541.72,76.71,643.86,0.1,10,5.0,0.01,0,0.0,10.11,64509.5
2788,BUY,ST_FLIP_RED,2026-06-15T01:00:00,2026-06-15T06:00:00,long,63889.5,65501.5,100,0.1,6388.95,100.0,161.2,151.09,12691.56,0.15,1612,2.52,0,0.0,76859.92,6456233.28,76.86,638.9,0.1,10,5.0,0.01,0,0.0,10.11,63765.5
2789,SELL,ST_FLIP_GREEN,2026-06-15T06:00:00,2026-06-15T07:00:00,short,65501.5,65501.5,100,0.1,6550.15,100.0,0.0,-10.11,-849.24,-0.01,0,0.0,0,0.0,76849.81,6455384.04,76.85,655.02,0.1,10,5.0,0.01,0,0.0,10.11,65625.5
2790,BUY,ST_FLIP_RED,2026-06-15T07:00:00,2026-06-15T13:00:00,long,65501.5,65687.5,100,0.1,6550.15,100.0,18.6,8.49,713.16,0.01,186,0.28,0,0.0,76858.3,6456097.2,76.86,655.02,0.1,10,5.0,0.01,0,0.0,10.11,65377.5
2791,SELL,ST_FLIP_GREEN,2026-06-15T13:00:00,2026-06-15T16:00:00,short,65687.5,65811.5,100,0.1,6568.75,100.0,-12.4,-22.51,-1890.84,-0.02,0,0.0,124,0.19,76835.79,6454206.36,76.84,656.88,0.1,10,5.0,0.01,0,0.0,10.11,65811.5
2792,BUY,ST_FLIP_RED,2026-06-15T16:00:00,2026-06-15T19:00:00,long,65811.5,66617.5,100,0.1,6581.15,100.0,80.6,70.49,5921.16,0.07,806,1.22,0,0.0,76906.28,6460127.52,76.91,658.12,0.1,10,5.0,0.01,0,0.0,10.11,65687.5
2793,SELL,ST_FLIP_GREEN,2026-06-15T19:00:00,2026-06-15T20:00:00,short,66617.5,66679.5,100,0.1,6661.75,100.0,-6.2,-16.31,-1370.04,-0.02,0,0.0,62,0.09,76889.97,6458757.48,76.89,666.17,0.1,10,5.0,0.01,0,0.0,10.11,66741.5
2794,BUY,ST_FLIP_RED,2026-06-15T20:00:00,2026-06-15T22:00:00,long,66679.5,66927.5,100,0.1,6667.95,100.0,24.8,14.69,1233.96,0.01,248,0.37,0,0.0,76904.66,6459991.44,76.9,666.8,0.1,10,5.0,0.01,0,0.0,10.11,66555.5
2795,SELL,ST_FLIP_GREEN,2026-06-15T22:00:00,2026-06-16T06:00:00,short,66927.5,66369.5,100,0.1,6692.75,100.0,55.8,45.69,3837.96,0.05,558,0.83,0,0.0,76950.35,6463829.4,76.95,669.27,0.1,10,5.0,0.01,0,0.0,10.11,67051.5
2796,BUY,ST_FLIP_RED,2026-06-16T06:00:00,2026-06-16T07:00:00,long,66369.5,66183.5,100,0.1,6636.95,100.0,-18.6,-28.71,-2411.64,-0.03,0,0.0,186,0.28,76921.64,6461417.76,76.92,663.7,0.1,10,5.0,0.01,0,0.0,10.11,66245.5
2797,SELL,ST_FLIP_GREEN,2026-06-16T07:00:00,2026-06-16T08:00:00,short,66183.5,65873.5,100,0.1,6618.35,100.0,31.0,20.89,1754.76,0.02,310,0.47,0,0.0,76942.53,6463172.52,76.94,661.84,0.1,10,5.0,0.01,0,0.0,10.11,66307.5
2798,BUY,ST_FLIP_RED,2026-06-16T08:00:00,2026-06-16T16:00:00,long,65873.5,66431.5,100,0.1,6587.35,100.0,55.8,45.69,3837.96,0.05,558,0.85,0,0.0,76988.22,6467010.48,76.99,658.74,0.1,10,5.0,0.01,0,0.0,10.11,65749.5
2799,SELL,ST_FLIP_GREEN,2026-06-16T16:00:00,2026-06-16T17:00:00,short,66431.5,66617.5,100,0.1,6643.15,100.0,-18.6,-28.71,-2411.64,-0.03,0,0.0,186,0.28,76959.51,6464598.84,76.96,664.32,0.1,10,5.0,0.01,0,0.0,10.11,66555.5
2800,BUY,ST_FLIP_RED,2026-06-16T17:00:00,2026-06-16T18:00:00,long,66617.5,66431.5,100,0.1,6661.75,100.0,-18.6,-28.71,-2411.64,-0.03,0,0.0,186,0.28,76930.8,6462187.2,76.93,666.17,0.1,10,5.0,0.01,0,0.0,10.11,66493.5
2801,SELL,ST_FLIP_GREEN,2026-06-16T18:00:00,2026-06-16T20:00:00,short,66431.5,65749.5,100,0.1,6643.15,100.0,68.2,58.09,4879.56,0.06,682,1.03,0,0.0,76988.89,6467066.76,76.99,664.32,0.1,10,5.0,0.01,0,0.0,10.11,66555.5
2802,BUY,ST_FLIP_RED,2026-06-16T20:00:00,2026-06-17T00:00:00,long,65749.5,65687.5,100,0.1,6574.95,100.0,-6.2,-16.31,-1370.04,-0.02,0,0.0,62,0.09,76972.58,6465696.72,76.97,657.5,0.1,10,5.0,0.01,0,0.0,10.11,65625.5
2803,SELL,ST_FLIP_GREEN,2026-06-17T00:00:00,2026-06-17T07:00:00,short,65687.5,65811.5,100,0.1,6568.75,100.0,-12.4,-22.51,-1890.84,-0.02,0,0.0,124,0.19,76950.07,6463805.88,76.95,656.88,0.1,10,5.0,0.01,0,0.0,10.11,65811.5
2804,BUY,ST_FLIP_RED,2026-06-17T07:00:00,2026-06-17T08:00:00,long,65811.5,65935.5,100,0.1,6581.15,100.0,12.4,2.29,192.36,0.0,124,0.19,0,0.0,76952.36,6463998.24,76.95,658.12,0.1,10,5.0,0.01,0,0.0,10.11,65687.5
2805,SELL,ST_FLIP_GREEN,2026-06-17T08:00:00,2026-06-17T18:00:00,short,65935.5,64881.5,100,0.1,6593.55,100.0,105.4,95.29,8004.36,0.1,1054,1.6,0,0.0,77047.65,6472002.6,77.05,659.36,0.1,10,5.0,0.01,0,0.0,10.11,66059.5
2806,BUY,ST_FLIP_RED,2026-06-17T18:00:00,2026-06-17T22:00:00,long,64881.5,65997.5,100,0.1,6488.15,100.0,111.6,101.49,8525.16,0.1,1116,1.72,0,0.0,77149.14,6480527.76,77.15,648.82,0.1,10,5.0,0.01,0,0.0,10.11,64757.5
2807,SELL,ST_FLIP_GREEN,2026-06-17T22:00:00,2026-06-18T04:00:00,short,65997.5,64447.5,100,0.1,6599.75,100.0,155.0,144.89,12170.76,0.14,1550,2.35,0,0.0,77294.03,6492698.52,77.29,659.98,0.1,10,5.0,0.01,0,0.0,10.11,66121.5
2808,BUY,ST_FLIP_RED,2026-06-18T04:00:00,2026-06-18T08:00:00,long,64447.5,64447.5,100,0.1,6444.75,100.0,0.0,-10.11,-849.24,-0.01,0,0.0,0,0.0,77283.92,6491849.28,77.28,644.48,0.1,10,5.0,0.01,0,0.0,10.11,64323.5
2809,SELL,ST_FLIP_GREEN,2026-06-18T08:00:00,2026-06-18T12:00:00,short,64447.5,64137.5,100,0.1,6444.75,100.0,31.0,20.89,1754.76,0.02,310,0.48,0,0.0,77304.81,6493604.04,77.3,644.48,0.1,10,5.0,0.01,0,0.0,10.11,64571.5
2810,BUY,ST_FLIP_RED,2026-06-18T12:00:00,2026-06-18T14:00:00,long,64137.5,64323.5,100,0.1,6413.75,100.0,18.6,8.49,713.16,0.01,186,0.29,0,0.0,77313.3,6494317.2,77.31,641.38,0.1,10,5.0,0.01,0,0.0,10.11,64013.5
2811,SELL,ST_FLIP_GREEN,2026-06-18T14:00:00,2026-06-18T17:00:00,short,64323.5,64137.5,100,0.1,6432.35,100.0,18.6,8.49,713.16,0.01,186,0.29,0,0.0,77321.79,6495030.36,77.32,643.24,0.1,10,5.0,0.01,0,0.0,10.11,64447.5
2812,BUY,ST_FLIP_RED,2026-06-18T17:00:00,2026-06-18T19:00:00,long,64137.5,64137.5,100,0.1,6413.75,100.0,0.0,-10.11,-849.24,-0.01,0,0.0,0,0.0,77311.68,6494181.12,77.31,641.38,0.1,10,5.0,0.01,0,0.0,10.11,64013.5
2813,SELL,ST_FLIP_GREEN,2026-06-18T19:00:00,2026-06-18T23:00:00,short,64137.5,62773.5,100,0.1,6413.75,100.0,136.4,126.29,10608.36,0.13,1364,2.13,0,0.0,77437.97,6504789.48,77.44,641.38,0.1,10,5.0,0.01,0,0.0,10.11,64261.5
2814,BUY,ST_FLIP_RED,2026-06-18T23:00:00,2026-06-19T02:00:00,long,62773.5,62897.5,100,0.1,6277.35,100.0,12.4,2.29,192.36,0.0,124,0.2,0,0.0,77440.26,6504981.84,77.44,627.74,0.1,10,5.0,0.01,0,0.0,10.11,62649.5
2815,SELL,ST_FLIP_GREEN,2026-06-19T02:00:00,2026-06-19T11:00:00,short,62897.5,62773.5,100,0.1,6289.75,100.0,12.4,2.29,192.36,0.0,124,0.2,0,0.0,77442.55,6505174.2,77.44,628.98,0.1,10,5.0,0.01,0,0.0,10.11,63021.5
2816,BUY,ST_FLIP_RED,2026-06-19T11:00:00,2026-06-19T13:00:00,long,62773.5,62649.5,100,0.1,6277.35,100.0,-12.4,-22.51,-1890.84,-0.02,0,0.0,124,0.2,77420.04,6503283.36,77.42,627.74,0.1,10,5.0,0.01,0,0.0,10.11,62649.5
2817,SELL,ST_FLIP_GREEN,2026-06-19T13:00:00,2026-06-19T16:00:00,short,62649.5,62587.5,100,0.1,6264.95,100.0,6.2,-3.91,-328.44,-0.0,62,0.1,0,0.0,77416.13,6502954.92,77.42,626.5,0.1,10,5.0,0.01,0,0.0,10.11,62773.5
2818,BUY,ST_FLIP_RED,2026-06-19T16:00:00,2026-06-19T20:00:00,long,62587.5,63021.5,100,0.1,6258.75,100.0,43.4,33.29,2796.36,0.03,434,0.69,0,0.0,77449.42,6505751.28,77.45,625.88,0.1,10,5.0,0.01,0,0.0,10.11,62463.5
2819,SELL,ST_FLIP_GREEN,2026-06-19T20:00:00,2026-06-19T21:00:00,short,63021.5,63207.5,100,0.1,6302.15,100.0,-18.6,-28.71,-2411.64,-0.03,0,0.0,186,0.3,77420.71,6503339.64,77.42,630.22,0.1,10,5.0,0.01,0,0.0,10.11,63145.5
2820,BUY,ST_FLIP_RED,2026-06-19T21:00:00,2026-06-19T22:00:00,long,63207.5,63145.5,100,0.1,6320.75,100.0,-6.2,-16.31,-1370.04,-0.02,0,0.0,62,0.1,77404.4,6501969.6,77.4,632.08,0.1,10,5.0,0.01,0,0.0,10.11,63083.5
2821,SELL,ST_FLIP_GREEN,2026-06-19T22:00:00,2026-06-19T23:00:00,short,63145.5,63083.5,100,0.1,6314.55,100.0,6.2,-3.91,-328.44,-0.0,62,0.1,0,0.0,77400.49,6501641.16,77.4,631.46,0.1,10,5.0,0.01,0,0.0,10.11,63269.5
2822,BUY,ST_FLIP_RED,2026-06-19T23:00:00,2026-06-20T00:00:00,long,63083.5,62959.5,100,0.1,6308.35,100.0,-12.4,-22.51,-1890.84,-0.02,0,0.0,124,0.2,77377.98,6499750.32,77.38,630.84,0.1,10,5.0,0.01,0,0.0,10.11,62959.5
2823,SELL,ST_FLIP_GREEN,2026-06-20T00:00:00,2026-06-20T02:00:00,short,62959.5,63145.5,100,0.1,6295.95,100.0,-18.6,-28.71,-2411.64,-0.03,0,0.0,186,0.3,77349.27,6497338.68,77.35,629.6,0.1,10,5.0,0.01,0,0.0,10.11,63083.5
2824,BUY,ST_FLIP_RED,2026-06-20T02:00:00,2026-06-20T07:00:00,long,63145.5,63393.5,100,0.1,6314.55,100.0,24.8,14.69,1233.96,0.01,248,0.39,0,0.0,77363.96,6498572.64,77.36,631.46,0.1,10,5.0,0.01,0,0.0,10.11,63021.5
2825,SELL,ST_FLIP_GREEN,2026-06-20T07:00:00,2026-06-20T09:00:00,short,63393.5,63517.5,100,0.1,6339.35,100.0,-12.4,-22.51,-1890.84,-0.02,0,0.0,124,0.2,77341.45,6496681.8,77.34,633.94,0.1,10,5.0,0.01,0,0.0,10.11,63517.5
2826,BUY,ST_FLIP_RED,2026-06-20T09:00:00,2026-06-20T13:00:00,long,63517.5,63579.5,100,0.1,6351.75,100.0,6.2,-3.91,-328.44,-0.0,62,0.1,0,0.0,77337.54,6496353.36,77.34,635.17,0.1,10,5.0,0.01,0,0.0,10.11,63393.5
2827,SELL,ST_FLIP_GREEN,2026-06-20T13:00:00,2026-06-20T15:00:00,short,63579.5,63641.5,100,0.1,6357.95,100.0,-6.2,-16.31,-1370.04,-0.02,0,0.0,62,0.1,77321.23,6494983.32,77.32,635.8,0.1,10,5.0,0.01,0,0.0,10.11,63703.5
2828,BUY,ST_FLIP_RED,2026-06-20T15:00:00,2026-06-20T18:00:00,long,63641.5,63517.5,100,0.1,6364.15,100.0,-12.4,-22.51,-1890.84,-0.02,0,0.0,124,0.19,77298.72,6493092.48,77.3,636.42,0.1,10,5.0,0.01,0,0.0,10.11,63517.5
2829,SELL,ST_FLIP_GREEN,2026-06-20T18:00:00,2026-06-20T20:00:00,short,63517.5,63455.5,100,0.1,6351.75,100.0,6.2,-3.91,-328.44,-0.0,62,0.1,0,0.0,77294.81,6492764.04,77.29,635.17,0.1,10,5.0,0.01,0,0.0,10.11,63641.5
2830,BUY,ST_FLIP_RED,2026-06-20T20:00:00,2026-06-20T21:00:00,long,63455.5,64013.5,100,0.1,6345.55,100.0,55.8,45.69,3837.96,0.05,558,0.88,0,0.0,77340.5,6496602.0,77.34,634.56,0.1,10,5.0,0.01,0,0.0,10.11,63331.5
2831,SELL,ST_FLIP_GREEN,2026-06-20T21:00:00,2026-06-21T03:00:00,short,64013.5,64075.5,100,0.1,6401.35,100.0,-6.2,-16.31,-1370.04,-0.02,0,0.0,62,0.1,77324.19,6495231.96,77.32,640.13,0.1,10,5.0,0.01,0,0.0,10.11,64137.5
2832,BUY,ST_FLIP_RED,2026-06-21T03:00:00,2026-06-21T10:00:00,long,64075.5,64261.5,100,0.1,6407.55,100.0,18.6,8.49,713.16,0.01,186,0.29,0,0.0,77332.68,6495945.12,77.33,640.75,0.1,10,5.0,0.01,0,0.0,10.11,63951.5
2833,SELL,ST_FLIP_GREEN,2026-06-21T10:00:00,2026-06-21T15:00:00,short,64261.5,64261.5,100,0.1,6426.15,100.0,0.0,-10.11,-849.24,-0.01,0,0.0,0,0.0,77322.57,6495095.88,77.32,642.62,0.1,10,5.0,0.01,0,0.0,10.11,64385.5
2834,BUY,ST_FLIP_RED,2026-06-21T15:00:00,2026-06-21T17:00:00,long,64261.5,64137.5,100,0.1,6426.15,100.0,-12.4,-22.51,-1890.84,-0.02,0,0.0,124,0.19,77300.06,6493205.04,77.3,642.62,0.1,10,5.0,0.01,0,0.0,10.11,64137.5
2835,SELL,ST_FLIP_GREEN,2026-06-21T17:00:00,2026-06-21T18:00:00,short,64137.5,64137.5,100,0.1,6413.75,100.0,0.0,-10.11,-849.24,-0.01,0,0.0,0,0.0,77289.95,6492355.8,77.29,641.38,0.1,10,5.0,0.01,0,0.0,10.11,64261.5
2836,BUY,ST_FLIP_RED,2026-06-21T18:00:00,2026-06-21T19:00:00,long,64137.5,64013.5,100,0.1,6413.75,100.0,-12.4,-22.51,-1890.84,-0.02,0,0.0,124,0.19,77267.44,6490464.96,77.27,641.38,0.1,10,5.0,0.01,0,0.0,10.11,64013.5
2837,SELL,ST_FLIP_GREEN,2026-06-21T19:00:00,2026-06-21T20:00:00,short,64013.5,64199.5,100,0.1,6401.35,100.0,-18.6,-28.71,-2411.64,-0.03,0,0.0,186,0.29,77238.73,6488053.32,77.24,640.13,0.1,10,5.0,0.01,0,0.0,10.11,64137.5
2838,BUY,ST_FLIP_RED,2026-06-21T20:00:00,2026-06-21T22:00:00,long,64199.5,64075.5,100,0.1,6419.95,100.0,-12.4,-22.51,-1890.84,-0.02,0,0.0,124,0.19,77216.22,6486162.48,77.22,642.0,0.1,10,5.0,0.01,0,0.0,10.11,64075.5
2839,SELL,ST_FLIP_GREEN,2026-06-21T22:00:00,2026-06-22T00:00:00,short,64075.5,64261.5,100,0.1,6407.55,100.0,-18.6,-28.71,-2411.64,-0.03,0,0.0,186,0.29,77187.51,6483750.84,77.19,640.75,0.1,10,5.0,0.01,0,0.0,10.11,64199.5
2840,BUY,ST_FLIP_RED,2026-06-22T00:00:00,2026-06-22T01:00:00,long,64261.5,64075.5,100,0.1,6426.15,100.0,-18.6,-28.71,-2411.64,-0.03,0,0.0,186,0.29,77158.8,6481339.2,77.16,642.62,0.1,10,5.0,0.01,0,0.0,10.11,64137.5
2841,SELL,ST_FLIP_GREEN,2026-06-22T01:00:00,2026-06-22T06:00:00,short,64075.5,63827.5,100,0.1,6407.55,100.0,24.8,14.69,1233.96,0.01,248,0.39,0,0.0,77173.49,6482573.16,77.17,640.75,0.1,10,5.0,0.01,0,0.0,10.11,64199.5
2842,BUY,ST_FLIP_RED,2026-06-22T06:00:00,2026-06-22T08:00:00,long,63827.5,64447.5,100,0.1,6382.75,100.0,62.0,51.89,4358.76,0.05,620,0.97,0,0.0,77225.38,6486931.92,77.23,638.27,0.1,10,5.0,0.01,0,0.0,10.11,63703.5
2843,SELL,ST_FLIP_GREEN,2026-06-22T08:00:00,2026-06-22T10:00:00,short,64447.5,64137.5,100,0.1,6444.75,100.0,31.0,20.89,1754.76,0.02,310,0.48,0,0.0,77246.27,6488686.68,77.25,644.48,0.1,10,5.0,0.01,0,0.0,10.11,64571.5
2844,BUY,ST_FLIP_RED,2026-06-22T10:00:00,2026-06-22T11:00:00,long,64137.5,64075.5,100,0.1,6413.75,100.0,-6.2,-16.31,-1370.04,-0.02,0,0.0,62,0.1,77229.96,6487316.64,77.23,641.38,0.1,10,5.0,0.01,0,0.0,10.11,64013.5
2845,SELL,ST_FLIP_GREEN,2026-06-22T11:00:00,2026-06-22T12:00:00,short,64075.5,64261.5,100,0.1,6407.55,100.0,-18.6,-28.71,-2411.64,-0.03,0,0.0,186,0.29,77201.25,6484905.0,77.2,640.75,0.1,10,5.0,0.01,0,0.0,10.11,64199.5
2846,BUY,ST_FLIP_RED,2026-06-22T12:00:00,2026-06-22T14:00:00,long,64261.5,64075.5,100,0.1,6426.15,100.0,-18.6,-28.71,-2411.64,-0.03,0,0.0,186,0.29,77172.54,6482493.36,77.17,642.62,0.1,10,5.0,0.01,0,0.0,10.11,64137.5
2847,SELL,ST_FLIP_GREEN,2026-06-22T14:00:00,2026-06-22T16:00:00,short,64075.5,64261.5,100,0.1,6407.55,100.0,-18.6,-28.71,-2411.64,-0.03,0,0.0,186,0.29,77143.83,6480081.72,77.14,640.75,0.1,10,5.0,0.01,0,0.0,10.11,64199.5
2848,BUY,ST_FLIP_RED,2026-06-22T16:00:00,2026-06-22T21:00:00,long,64261.5,64819.5,100,0.1,6426.15,100.0,55.8,45.69,3837.96,0.05,558,0.87,0,0.0,77189.52,6483919.68,77.19,642.62,0.1,10,5.0,0.01,0,0.0,10.11,64137.5
2849,SELL,ST_FLIP_GREEN,2026-06-22T21:00:00,2026-06-23T06:00:00,short,64819.5,64075.5,100,0.1,6481.95,100.0,74.4,64.29,5400.36,0.06,744,1.15,0,0.0,77253.81,6489320.04,77.25,648.2,0.1,10,5.0,0.01,0,0.0,10.11,64943.5
2850,BUY,ST_FLIP_RED,2026-06-23T06:00:00,2026-06-23T08:00:00,long,64075.5,64013.5,100,0.1,6407.55,100.0,-6.2,-16.31,-1370.04,-0.02,0,0.0,62,0.1,77237.5,6487950.0,77.24,640.75,0.1,10,5.0,0.01,0,0.0,10.11,63951.5
2851,SELL,ST_FLIP_GREEN,2026-06-23T08:00:00,2026-06-23T12:00:00,short,64013.5,62959.5,100,0.1,6401.35,100.0,105.4,95.29,8004.36,0.1,1054,1.65,0,0.0,77332.79,6495954.36,77.33,640.13,0.1,10,5.0,0.01,0,0.0,10.11,64137.5
2852,BUY,ST_FLIP_RED,2026-06-23T12:00:00,2026-06-23T13:00:00,long,62959.5,62835.5,100,0.1,6295.95,100.0,-12.4,-22.51,-1890.84,-0.02,0,0.0,124,0.2,77310.28,6494063.52,77.31,629.6,0.1,10,5.0,0.01,0,0.0,10.11,62835.5
2853,SELL,ST_FLIP_GREEN,2026-06-23T13:00:00,2026-06-23T14:00:00,short,62835.5,62153.5,100,0.1,6283.55,100.0,68.2,58.09,4879.56,0.06,682,1.09,0,0.0,77368.37,6498943.08,77.37,628.36,0.1,10,5.0,0.01,0,0.0,10.11,62959.5
2854,BUY,ST_FLIP_RED,2026-06-23T14:00:00,2026-06-23T15:00:00,long,62153.5,62339.5,100,0.1,6215.35,100.0,18.6,8.49,713.16,0.01,186,0.3,0,0.0,77376.86,6499656.24,77.38,621.54,0.1,10,5.0,0.01,0,0.0,10.11,62029.5
2855,SELL,ST_FLIP_GREEN,2026-06-23T15:00:00,2026-06-23T16:00:00,short,62339.5,62525.5,100,0.1,6233.95,100.0,-18.6,-28.71,-2411.64,-0.03,0,0.0,186,0.3,77348.15,6497244.6,77.35,623.4,0.1,10,5.0,0.01,0,0.0,10.11,62463.5
2856,BUY,ST_FLIP_RED,2026-06-23T16:00:00,2026-06-23T17:00:00,long,62525.5,62339.5,100,0.1,6252.55,100.0,-18.6,-28.71,-2411.64,-0.03,0,0.0,186,0.3,77319.44,6494832.96,77.32,625.25,0.1,10,5.0,0.01,0,0.0,10.11,62401.5
2857,SELL,ST_FLIP_GREEN,2026-06-23T17:00:00,2026-06-23T19:00:00,short,62339.5,62215.5,100,0.1,6233.95,100.0,12.4,2.29,192.36,0.0,124,0.2,0,0.0,77321.73,6495025.32,77.32,623.4,0.1,10,5.0,0.01,0,0.0,10.11,62463.5
2858,BUY,ST_FLIP_RED,2026-06-23T19:00:00,2026-06-23T20:00:00,long,62215.5,62401.5,100,0.1,6221.55,100.0,18.6,8.49,713.16,0.01,186,0.3,0,0.0,77330.22,6495738.48,77.33,622.15,0.1,10,5.0,0.01,0,0.0,10.11,62091.5
2859,SELL,ST_FLIP_GREEN,2026-06-23T20:00:00,2026-06-23T21:00:00,short,62401.5,62401.5,100,0.1,6240.15,100.0,0.0,-10.11,-849.24,-0.01,0,0.0,0,0.0,77320.11,6494889.24,77.32,624.02,0.1,10,5.0,0.01,0,0.0,10.11,62525.5
2860,BUY,ST_FLIP_RED,2026-06-23T21:00:00,2026-06-23T23:00:00,long,62401.5,62401.5,100,0.1,6240.15,100.0,0.0,-10.11,-849.24,-0.01,0,0.0,0,0.0,77310.0,6494040.0,77.31,624.02,0.1,10,5.0,0.01,0,0.0,10.11,62277.5
2861,SELL,ST_FLIP_GREEN,2026-06-23T23:00:00,2026-06-24T00:00:00,short,62401.5,62463.5,100,0.1,6240.15,100.0,-6.2,-16.31,-1370.04,-0.02,0,0.0,62,0.1,77293.69,6492669.96,77.29,624.02,0.1,10,5.0,0.01,0,0.0,10.11,62525.5
2862,BUY,ST_FLIP_RED,2026-06-24T00:00:00,2026-06-24T08:00:00,long,62463.5,62649.5,100,0.1,6246.35,100.0,18.6,8.49,713.16,0.01,186,0.3,0,0.0,77302.18,6493383.12,77.3,624.63,0.1,10,5.0,0.01,0,0.0,10.11,62339.5
2863,SELL,ST_FLIP_GREEN,2026-06-24T08:00:00,2026-06-24T10:00:00,short,62649.5,62773.5,100,0.1,6264.95,100.0,-12.4,-22.51,-1890.84,-0.02,0,0.0,124,0.2,77279.67,6491492.28,77.28,626.5,0.1,10,5.0,0.01,0,0.0,10.11,62773.5
2864,BUY,ST_FLIP_RED,2026-06-24T10:00:00,2026-06-24T12:00:00,long,62773.5,62711.5,100,0.1,6277.35,100.0,-6.2,-16.31,-1370.04,-0.02,0,0.0,62,0.1,77263.36,6490122.24,77.26,627.74,0.1,10,5.0,0.01,0,0.0,10.11,62649.5
2865,SELL,ST_FLIP_GREEN,2026-06-24T12:00:00,2026-06-24T17:00:00,short,62711.5,62587.5,100,0.1,6271.15,100.0,12.4,2.29,192.36,0.0,124,0.2,0,0.0,77265.65,6490314.6,77.27,627.12,0.1,10,5.0,0.01,0,0.0,10.11,62835.5
2866,BUY,ST_FLIP_RED,2026-06-24T17:00:00,2026-06-24T18:00:00,long,62587.5,62649.5,100,0.1,6258.75,100.0,6.2,-3.91,-328.44,-0.0,62,0.1,0,0.0,77261.74,6489986.16,77.26,625.88,0.1,10,5.0,0.01,0,0.0,10.11,62463.5
2867,SELL,ST_FLIP_GREEN,2026-06-24T18:00:00,2026-06-25T00:00:00,short,62649.5,59859.5,100,0.1,6264.95,100.0,279.0,268.89,22586.76,0.27,2790,4.45,0,0.0,77530.63,6512572.92,77.53,626.5,0.1,10,5.0,0.01,0,0.0,10.11,62773.5
2868,BUY,ST_FLIP_RED,2026-06-25T00:00:00,2026-06-25T08:00:00,long,59859.5,60727.5,100,0.1,5985.95,100.0,86.8,76.69,6441.96,0.08,868,1.45,0,0.0,77607.32,6519014.88,77.61,598.6,0.1,10,5.0,0.01,0,0.0,10.11,59735.5
2869,SELL,ST_FLIP_GREEN,2026-06-25T08:00:00,2026-06-25T09:00:00,short,60727.5,60913.5,100,0.1,6072.75,100.0,-18.6,-28.71,-2411.64,-0.03,0,0.0,186,0.31,77578.61,6516603.24,77.58,607.27,0.1,10,5.0,0.01,0,0.0,10.11,60851.5
2870,BUY,ST_FLIP_RED,2026-06-25T09:00:00,2026-06-25T15:00:00,long,60913.5,61533.5,100,0.1,6091.35,100.0,62.0,51.89,4358.76,0.05,620,1.02,0,0.0,77630.5,6520962.0,77.63,609.13,0.1,10,5.0,0.01,0,0.0,10.11,60789.5
2871,SELL,ST_FLIP_GREEN,2026-06-25T15:00:00,2026-06-25T21:00:00,short,61533.5,59487.5,100,0.1,6153.35,100.0,204.6,194.49,16337.16,0.19,2046,3.33,0,0.0,77824.99,6537299.16,77.82,615.34,0.1,10,5.0,0.01,0,0.0,10.11,61657.5
2872,BUY,ST_FLIP_RED,2026-06-25T21:00:00,2026-06-25T22:00:00,long,59487.5,59549.5,100,0.1,5948.75,100.0,6.2,-3.91,-328.44,-0.0,62,0.1,0,0.0,77821.08,6536970.72,77.82,594.88,0.1,10,5.0,0.01,0,0.0,10.11,59363.5
2873,SELL,ST_FLIP_GREEN,2026-06-25T22:00:00,2026-06-25T23:00:00,short,59549.5,59673.5,100,0.1,5954.95,100.0,-12.4,-22.51,-1890.84,-0.02,0,0.0,124,0.21,77798.57,6535079.88,77.8,595.5,0.1,10,5.0,0.01,0,0.0,10.11,59673.5
2874,BUY,ST_FLIP_RED,2026-06-25T23:00:00,2026-06-26T00:00:00,long,59673.5,59549.5,100,0.1,5967.35,100.0,-12.4,-22.51,-1890.84,-0.02,0,0.0,124,0.21,77776.06,6533189.04,77.78,596.74,0.1,10,5.0,0.01,0,0.0,10.11,59549.5
2875,SELL,ST_FLIP_GREEN,2026-06-26T00:00:00,2026-06-26T01:00:00,short,59549.5,59487.5,100,0.1,5954.95,100.0,6.2,-3.91,-328.44,-0.0,62,0.1,0,0.0,77772.15,6532860.6,77.77,595.5,0.1,10,5.0,0.01,0,0.0,10.11,59673.5
2876,BUY,ST_FLIP_RED,2026-06-26T01:00:00,2026-06-26T05:00:00,long,59487.5,59859.5,100,0.1,5948.75,100.0,37.2,27.09,2275.56,0.03,372,0.63,0,0.0,77799.24,6535136.16,77.8,594.88,0.1,10,5.0,0.01,0,0.0,10.11,59363.5
2877,SELL,ST_FLIP_GREEN,2026-06-26T05:00:00,2026-06-26T08:00:00,short,59859.5,59053.5,100,0.1,5985.95,100.0,80.6,70.49,5921.16,0.07,806,1.35,0,0.0,77869.73,6541057.32,77.87,598.6,0.1,10,5.0,0.01,0,0.0,10.11,59983.5
2878,BUY,ST_FLIP_RED,2026-06-26T08:00:00,2026-06-26T13:00:00,long,59053.5,60355.5,100,0.1,5905.35,100.0,130.2,120.09,10087.56,0.12,1302,2.2,0,0.0,77989.82,6551144.88,77.99,590.54,0.1,10,5.0,0.01,0,0.0,10.11,58929.5
2879,SELL,ST_FLIP_GREEN,2026-06-26T13:00:00,2026-06-26T17:00:00,short,60355.5,59611.5,100,0.1,6035.55,100.0,74.4,64.29,5400.36,0.06,744,1.23,0,0.0,78054.11,6556545.24,78.05,603.56,0.1,10,5.0,0.01,0,0.0,10.11,60479.5
2880,BUY,ST_FLIP_RED,2026-06-26T17:00:00,2026-06-26T18:00:00,long,59611.5,59549.5,100,0.1,5961.15,100.0,-6.2,-16.31,-1370.04,-0.02,0,0.0,62,0.1,78037.8,6555175.2,78.04,596.12,0.1,10,5.0,0.01,0,0.0,10.11,59487.5
2881,SELL,ST_FLIP_GREEN,2026-06-26T18:00:00,2026-06-26T19:00:00,short,59549.5,59053.5,100,0.1,5954.95,100.0,49.6,39.49,3317.16,0.04,496,0.83,0,0.0,78077.29,6558492.36,78.08,595.5,0.1,10,5.0,0.01,0,0.0,10.11,59673.5
2882,BUY,ST_FLIP_RED,2026-06-26T19:00:00,2026-06-26T21:00:00,long,59053.5,59983.5,100,0.1,5905.35,100.0,93.0,82.89,6962.76,0.08,930,1.57,0,0.0,78160.18,6565455.12,78.16,590.54,0.1,10,5.0,0.01,0,0.0,10.11,58929.5
2883,SELL,ST_FLIP_GREEN,2026-06-26T21:00:00,2026-06-26T22:00:00,short,59983.5,60169.5,100,0.1,5998.35,100.0,-18.6,-28.71,-2411.64,-0.03,0,0.0,186,0.31,78131.47,6563043.48,78.13,599.84,0.1,10,5.0,0.01,0,0.0,10.11,60107.5
2884,BUY,ST_FLIP_RED,2026-06-26T22:00:00,2026-06-26T23:00:00,long,60169.5,59983.5,100,0.1,6016.95,100.0,-18.6,-28.71,-2411.64,-0.03,0,0.0,186,0.31,78102.76,6560631.84,78.1,601.7,0.1,10,5.0,0.01,0,0.0,10.11,60045.5
2885,SELL,ST_FLIP_GREEN,2026-06-26T23:00:00,2026-06-27T04:00:00,short,59983.5,59983.5,100,0.1,5998.35,100.0,0.0,-10.11,-849.24,-0.01,0,0.0,0,0.0,78092.65,6559782.6,78.09,599.84,0.1,10,5.0,0.01,0,0.0,10.11,60107.5
2886,BUY,ST_FLIP_RED,2026-06-27T04:00:00,2026-06-27T10:00:00,long,59983.5,60169.5,100,0.1,5998.35,100.0,18.6,8.49,713.16,0.01,186,0.31,0,0.0,78101.14,6560495.76,78.1,599.84,0.1,10,5.0,0.01,0,0.0,10.11,59859.5
2887,SELL,ST_FLIP_GREEN,2026-06-27T10:00:00,2026-06-27T12:00:00,short,60169.5,60293.5,100,0.1,6016.95,100.0,-12.4,-22.51,-1890.84,-0.02,0,0.0,124,0.21,78078.63,6558604.92,78.08,601.7,0.1,10,5.0,0.01,0,0.0,10.11,60293.5
2888,BUY,ST_FLIP_RED,2026-06-27T12:00:00,2026-06-27T16:00:00,long,60293.5,60231.5,100,0.1,6029.35,100.0,-6.2,-16.31,-1370.04,-0.02,0,0.0,62,0.1,78062.32,6557234.88,78.06,602.94,0.1,10,5.0,0.01,0,0.0,10.11,60169.5
2889,SELL,ST_FLIP_GREEN,2026-06-27T16:00:00,2026-06-27T18:00:00,short,60231.5,60417.5,100,0.1,6023.15,100.0,-18.6,-28.71,-2411.64,-0.03,0,0.0,186,0.31,78033.61,6554823.24,78.03,602.32,0.1,10,5.0,0.01,0,0.0,10.11,60355.5
2890,BUY,ST_FLIP_RED,2026-06-27T18:00:00,2026-06-27T22:00:00,long,60417.5,60603.5,100,0.1,6041.75,100.0,18.6,8.49,713.16,0.01,186,0.31,0,0.0,78042.1,6555536.4,78.04,604.17,0.1,10,5.0,0.01,0,0.0,10.11,60293.5
2891,SELL,ST_FLIP_GREEN,2026-06-27T22:00:00,2026-06-28T02:00:00,short,60603.5,60479.5,100,0.1,6060.35,100.0,12.4,2.29,192.36,0.0,124,0.2,0,0.0,78044.39,6555728.76,78.04,606.04,0.1,10,5.0,0.01,0,0.0,10.11,60727.5
2892,BUY,ST_FLIP_RED,2026-06-28T02:00:00,2026-06-28T03:00:00,long,60479.5,60293.5,100,0.1,6047.95,100.0,-18.6,-28.71,-2411.64,-0.03,0,0.0,186,0.31,78015.68,6553317.12,78.02,604.8,0.1,10,5.0,0.01,0,0.0,10.11,60355.5
2893,SELL,ST_FLIP_GREEN,2026-06-28T03:00:00,2026-06-28T05:00:00,short,60293.5,60169.5,100,0.1,6029.35,100.0,12.4,2.29,192.36,0.0,124,0.21,0,0.0,78017.97,6553509.48,78.02,602.94,0.1,10,5.0,0.01,0,0.0,10.11,60417.5
2894,BUY,ST_FLIP_RED,2026-06-28T05:00:00,2026-06-28T10:00:00,long,60169.5,60045.5,100,0.1,6016.95,100.0,-12.4,-22.51,-1890.84,-0.02,0,0.0,124,0.21,77995.46,6551618.64,78.0,601.7,0.1,10,5.0,0.01,0,0.0,10.11,60045.5
2895,SELL,ST_FLIP_GREEN,2026-06-28T10:00:00,2026-06-28T12:00:00,short,60045.5,59983.5,100,0.1,6004.55,100.0,6.2,-3.91,-328.44,-0.0,62,0.1,0,0.0,77991.55,6551290.2,77.99,600.46,0.1,10,5.0,0.01,0,0.0,10.11,60169.5
2896,BUY,ST_FLIP_RED,2026-06-28T12:00:00,2026-06-28T15:00:00,long,59983.5,60107.5,100,0.1,5998.35,100.0,12.4,2.29,192.36,0.0,124,0.21,0,0.0,77993.84,6551482.56,77.99,599.84,0.1,10,5.0,0.01,0,0.0,10.11,59859.5
2897,SELL,ST_FLIP_GREEN,2026-06-28T15:00:00,2026-06-28T16:00:00,short,60107.5,60231.5,100,0.1,6010.75,100.0,-12.4,-22.51,-1890.84,-0.02,0,0.0,124,0.21,77971.33,6549591.72,77.97,601.08,0.1,10,5.0,0.01,0,0.0,10.11,60231.5
2898,BUY,ST_FLIP_RED,2026-06-28T16:00:00,2026-06-28T18:00:00,long,60231.5,60169.5,100,0.1,6023.15,100.0,-6.2,-16.31,-1370.04,-0.02,0,0.0,62,0.1,77955.02,6548221.68,77.96,602.32,0.1,10,5.0,0.01,0,0.0,10.11,60107.5
2899,SELL,ST_FLIP_GREEN,2026-06-28T18:00:00,2026-06-29T01:00:00,short,60169.5,59735.5,100,0.1,6016.95,100.0,43.4,33.29,2796.36,0.03,434,0.72,0,0.0,77988.31,6551018.04,77.99,601.7,0.1,10,5.0,0.01,0,0.0,10.11,60293.5
2900,BUY,ST_FLIP_RED,2026-06-29T01:00:00,2026-06-29T03:00:00,long,59735.5,59549.5,100,0.1,5973.55,100.0,-18.6,-28.71,-2411.64,-0.03,0,0.0,186,0.31,77959.6,6548606.4,77.96,597.36,0.1,10,5.0,0.01,0,0.0,10.11,59611.5
2901,SELL,ST_FLIP_GREEN,2026-06-29T03:00:00,2026-06-29T04:00:00,short,59549.5,59487.5,100,0.1,5954.95,100.0,6.2,-3.91,-328.44,-0.0,62,0.1,0,0.0,77955.69,6548277.96,77.96,595.5,0.1,10,5.0,0.01,0,0.0,10.11,59673.5
2902,BUY,ST_FLIP_RED,2026-06-29T04:00:00,2026-06-29T05:00:00,long,59487.5,59363.5,100,0.1,5948.75,100.0,-12.4,-22.51,-1890.84,-0.02,0,0.0,124,0.21,77933.18,6546387.12,77.93,594.88,0.1,10,5.0,0.01,0,0.0,10.11,59363.5
2903,SELL,ST_FLIP_GREEN,2026-06-29T05:00:00,2026-06-29T07:00:00,short,59363.5,59363.5,100,0.1,5936.35,100.0,0.0,-10.11,-849.24,-0.01,0,0.0,0,0.0,77923.07,6545537.88,77.92,593.63,0.1,10,5.0,0.01,0,0.0,10.11,59487.5
2904,BUY,ST_FLIP_RED,2026-06-29T07:00:00,2026-06-29T09:00:00,long,59363.5,59921.5,100,0.1,5936.35,100.0,55.8,45.69,3837.96,0.05,558,0.94,0,0.0,77968.76,6549375.84,77.97,593.63,0.1,10,5.0,0.01,0,0.0,10.11,59239.5
2905,SELL,ST_FLIP_GREEN,2026-06-29T09:00:00,2026-06-29T11:00:00,short,59921.5,59859.5,100,0.1,5992.15,100.0,6.2,-3.91,-328.44,-0.0,62,0.1,0,0.0,77964.85,6549047.4,77.96,599.22,0.1,10,5.0,0.01,0,0.0,10.11,60045.5
2906,BUY,ST_FLIP_RED,2026-06-29T11:00:00,2026-06-29T13:00:00,long,59859.5,59983.5,100,0.1,5985.95,100.0,12.4,2.29,192.36,0.0,124,0.21,0,0.0,77967.14,6549239.76,77.97,598.6,0.1,10,5.0,0.01,0,0.0,10.11,59735.5
2907,SELL,ST_FLIP_GREEN,2026-06-29T13:00:00,2026-06-29T15:00:00,short,59983.5,59983.5,100,0.1,5998.35,100.0,0.0,-10.11,-849.24,-0.01,0,0.0,0,0.0,77957.03,6548390.52,77.96,599.84,0.1,10,5.0,0.01,0,0.0,10.11,60107.5
2908,BUY,ST_FLIP_RED,2026-06-29T15:00:00,2026-06-29T16:00:00,long,59983.5,60045.5,100,0.1,5998.35,100.0,6.2,-3.91,-328.44,-0.0,62,0.1,0,0.0,77953.12,6548062.08,77.95,599.84,0.1,10,5.0,0.01,0,0.0,10.11,59859.5
2909,SELL,ST_FLIP_GREEN,2026-06-29T16:00:00,2026-06-29T17:00:00,short,60045.5,60107.5,100,0.1,6004.55,100.0,-6.2,-16.31,-1370.04,-0.02,0,0.0,62,0.1,77936.81,6546692.04,77.94,600.46,0.1,10,5.0,0.01,0,0.0,10.11,60169.5
2910,BUY,ST_FLIP_RED,2026-06-29T17:00:00,2026-06-29T18:00:00,long,60107.5,60293.5,100,0.1,6010.75,100.0,18.6,8.49,713.16,0.01,186,0.31,0,0.0,77945.3,6547405.2,77.95,601.08,0.1,10,5.0,0.01,0,0.0,10.11,59983.5
2911,SELL,ST_FLIP_GREEN,2026-06-29T18:00:00,2026-06-29T22:00:00,short,60293.5,59673.5,100,0.1,6029.35,100.0,62.0,51.89,4358.76,0.05,620,1.03,0,0.0,77997.19,6551763.96,78.0,602.94,0.1,10,5.0,0.01,0,0.0,10.11,60417.5
2912,BUY,ST_FLIP_RED,2026-06-29T22:00:00,2026-06-29T23:00:00,long,59673.5,60355.5,100,0.1,5967.35,100.0,68.2,58.09,4879.56,0.06,682,1.14,0,0.0,78055.28,6556643.52,78.06,596.74,0.1,10,5.0,0.01,0,0.0,10.11,59549.5
2913,SELL,ST_FLIP_GREEN,2026-06-29T23:00:00,2026-06-30T00:00:00,short,60355.5,60417.5,100,0.1,6035.55,100.0,-6.2,-16.31,-1370.04,-0.02,0,0.0,62,0.1,78038.97,6555273.48,78.04,603.56,0.1,10,5.0,0.01,0,0.0,10.11,60479.5
2914,BUY,ST_FLIP_RED,2026-06-30T00:00:00,2026-06-30T02:00:00,long,60417.5,60293.5,100,0.1,6041.75,100.0,-12.4,-22.51,-1890.84,-0.02,0,0.0,124,0.21,78016.46,6553382.64,78.02,604.17,0.1,10,5.0,0.01,0,0.0,10.11,60293.5
2915,SELL,ST_FLIP_GREEN,2026-06-30T02:00:00,2026-06-30T03:00:00,short,60293.5,60479.5,100,0.1,6029.35,100.0,-18.6,-28.71,-2411.64,-0.03,0,0.0,186,0.31,77987.75,6550971.0,77.99,602.94,0.1,10,5.0,0.01,0,0.0,10.11,60417.5
2916,BUY,ST_FLIP_RED,2026-06-30T03:00:00,2026-06-30T04:00:00,long,60479.5,60293.5,100,0.1,6047.95,100.0,-18.6,-28.71,-2411.64,-0.03,0,0.0,186,0.31,77959.04,6548559.36,77.96,604.8,0.1,10,5.0,0.01,0,0.0,10.11,60355.5
2917,SELL,ST_FLIP_GREEN,2026-06-30T04:00:00,2026-06-30T11:00:00,short,60293.5,59549.5,100,0.1,6029.35,100.0,74.4,64.29,5400.36,0.06,744,1.23,0,0.0,78023.33,6553959.72,78.02,602.94,0.1,10,5.0,0.01,0,0.0,10.11,60417.5
2918,BUY,ST_FLIP_RED,2026-06-30T11:00:00,2026-06-30T12:00:00,long,59549.5,59549.5,100,0.1,5954.95,100.0,0.0,-10.11,-849.24,-0.01,0,0.0,0,0.0,78013.22,6553110.48,78.01,595.5,0.1,10,5.0,0.01,0,0.0,10.11,59425.5
2919,SELL,ST_FLIP_GREEN,2026-06-30T12:00:00,2026-06-30T19:00:00,short,59549.5,58681.5,100,0.1,5954.95,100.0,86.8,76.69,6441.96,0.08,868,1.46,0,0.0,78089.91,6559552.44,78.09,595.5,0.1,10,5.0,0.01,0,0.0,10.11,59673.5
2920,BUY,ST_FLIP_RED,2026-06-30T19:00:00,2026-06-30T20:00:00,long,58681.5,58867.5,100,0.1,5868.15,100.0,18.6,8.49,713.16,0.01,186,0.32,0,0.0,78098.4,6560265.6,78.1,586.82,0.1,10,5.0,0.01,0,0.0,10.11,58557.5
2921,SELL,ST_FLIP_GREEN,2026-06-30T20:00:00,2026-06-30T23:00:00,short,58867.5,58495.5,100,0.1,5886.75,100.0,37.2,27.09,2275.56,0.03,372,0.63,0,0.0,78125.49,6562541.16,78.13,588.67,0.1,10,5.0,0.01,0,0.0,10.11,58991.5
2922,BUY,ST_FLIP_RED,2026-06-30T23:00:00,2026-07-01T05:00:00,long,58495.5,58495.5,100,0.1,5849.55,100.0,0.0,-10.11,-849.24,-0.01,0,0.0,0,0.0,78115.38,6561691.92,78.12,584.96,0.1,10,5.0,0.01,0,0.0,10.11,58371.5
2923,SELL,ST_FLIP_GREEN,2026-07-01T05:00:00,2026-07-01T07:00:00,short,58495.5,58495.5,100,0.1,5849.55,100.0,0.0,-10.11,-849.24,-0.01,0,0.0,0,0.0,78105.27,6560842.68,78.11,584.96,0.1,10,5.0,0.01,0,0.0,10.11,58619.5
2924,BUY,ST_FLIP_RED,2026-07-01T07:00:00,2026-07-01T11:00:00,long,58495.5,59053.5,100,0.1,5849.55,100.0,55.8,45.69,3837.96,0.05,558,0.95,0,0.0,78150.96,6564680.64,78.15,584.96,0.1,10,5.0,0.01,0,0.0,10.11,58371.5
2925,SELL,ST_FLIP_GREEN,2026-07-01T11:00:00,2026-07-01T14:00:00,short,59053.5,58805.5,100,0.1,5905.35,100.0,24.8,14.69,1233.96,0.01,248,0.42,0,0.0,78165.65,6565914.6,78.17,590.54,0.1,10,5.0,0.01,0,0.0,10.11,59177.5
2926,BUY,ST_FLIP_RED,2026-07-01T14:00:00,2026-07-01T15:00:00,long,58805.5,58743.5,100,0.1,5880.55,100.0,-6.2,-16.31,-1370.04,-0.02,0,0.0,62,0.11,78149.34,6564544.56,78.15,588.06,0.1,10,5.0,0.01,0,0.0,10.11,58681.5
2927,SELL,ST_FLIP_GREEN,2026-07-01T15:00:00,2026-07-01T18:00:00,short,58743.5,58743.5,100,0.1,5874.35,100.0,0.0,-10.11,-849.24,-0.01,0,0.0,0,0.0,78139.23,6563695.32,78.14,587.44,0.1,10,5.0,0.01,0,0.0,10.11,58867.5
2928,BUY,ST_FLIP_RED,2026-07-01T18:00:00,2026-07-01T21:00:00,long,58743.5,60107.5,100,0.1,5874.35,100.0,136.4,126.29,10608.36,0.13,1364,2.32,0,0.0,78265.52,6574303.68,78.27,587.44,0.1,10,5.0,0.01,0,0.0,10.11,58619.5
2929,SELL,ST_FLIP_GREEN,2026-07-01T21:00:00,2026-07-02T02:00:00,short,60107.5,60169.5,100,0.1,6010.75,100.0,-6.2,-16.31,-1370.04,-0.02,0,0.0,62,0.1,78249.21,6572933.64,78.25,601.08,0.1,10,5.0,0.01,0,0.0,10.11,60231.5
2930,BUY,ST_FLIP_RED,2026-07-02T02:00:00,2026-07-02T04:00:00,long,60169.5,60355.5,100,0.1,6016.95,100.0,18.6,8.49,713.16,0.01,186,0.31,0,0.0,78257.7,6573646.8,78.26,601.7,0.1,10,5.0,0.01,0,0.0,10.11,60045.5
2931,SELL,ST_FLIP_GREEN,2026-07-02T04:00:00,2026-07-02T06:00:00,short,60355.5,59983.5,100,0.1,6035.55,100.0,37.2,27.09,2275.56,0.03,372,0.62,0,0.0,78284.79,6575922.36,78.28,603.56,0.1,10,5.0,0.01,0,0.0,10.11,60479.5
2932,BUY,ST_FLIP_RED,2026-07-02T06:00:00,2026-07-02T11:00:00,long,59983.5,60603.5,100,0.1,5998.35,100.0,62.0,51.89,4358.76,0.05,620,1.03,0,0.0,78336.68,6580281.12,78.34,599.84,0.1,10,5.0,0.01,0,0.0,10.11,59859.5
2933,SELL,ST_FLIP_GREEN,2026-07-02T11:00:00,2026-07-02T13:00:00,short,60603.5,60355.5,100,0.1,6060.35,100.0,24.8,14.69,1233.96,0.01,248,0.41,0,0.0,78351.37,6581515.08,78.35,606.04,0.1,10,5.0,0.01,0,0.0,10.11,60727.5
2934,BUY,ST_FLIP_RED,2026-07-02T13:00:00,2026-07-02T21:00:00,long,60355.5,61471.5,100,0.1,6035.55,100.0,111.6,101.49,8525.16,0.1,1116,1.85,0,0.0,78452.86,6590040.24,78.45,603.56,0.1,10,5.0,0.01,0,0.0,10.11,60231.5
2935,SELL,ST_FLIP_GREEN,2026-07-02T21:00:00,2026-07-02T22:00:00,short,61471.5,61347.5,100,0.1,6147.15,100.0,12.4,2.29,192.36,0.0,124,0.2,0,0.0,78455.15,6590232.6,78.46,614.72,0.1,10,5.0,0.01,0,0.0,10.11,61595.5
