trade_number,entry_type,exit_type,entry_datetime,exit_datetime,direction,entry_price,exit_price,size_qty,actual_quantity,size_value,lot_notional_usd,gross_pnl,net_pnl,net_pnl_inr,net_pnl_pct,favorable_excursion,favorable_excursion_pct,adverse_excursion,adverse_excursion_pct,cumulative_pnl,cumulative_pnl_inr,cumulative_pnl_pct,margin_required,taker_fees_usd,slippage_usd,slippage_applied,funding_usd,insurance_usd,tax_usd,total_charges_usd,stop_loss
1,SMIIO_CROSS_DOWN,SMIIO_CROSS_UP,2024-01-16T08:00:00,2024-01-24T04:00:00,short,45591,39105,100,0.1,4559.1,100.0,648.6,638.49,53633.16,0.64,6486,14.23,0,0.0,638.49,53633.16,0.64,455.91,0.1,10,5.0,0.01,0,0.0,10.11,45683
2,SMIIO_CROSS_DOWN,SMIIO_CROSS_UP,2024-01-31T04:00:00,2024-02-01T12:00:00,short,43291,42325,100,0.1,4329.1,100.0,96.6,86.49,7265.16,0.09,966,2.23,0,0.0,724.98,60898.32,0.72,432.91,0.1,10,5.0,0.01,0,0.0,10.11,43383
3,SMIIO_CROSS_DOWN,SMIIO_CROSS_UP,2024-02-02T16:00:00,2024-02-03T12:00:00,short,43107,43153,100,0.1,4310.7,100.0,-4.6,-14.71,-1235.64,-0.01,0,0.0,46,0.11,710.27,59662.68,0.71,431.07,0.1,10,5.0,0.01,0,0.0,10.11,43199
4,SMIIO_CROSS_DOWN,SMIIO_CROSS_UP,2024-02-03T16:00:00,2024-02-04T08:00:00,short,43061,43015,100,0.1,4306.1,100.0,4.6,-5.51,-462.84,-0.01,46,0.11,0,0.0,704.76,59199.84,0.7,430.61,0.1,10,5.0,0.01,0,0.0,10.11,43153
5,SMIIO_CROSS_DOWN,SMIIO_CROSS_UP,2024-02-04T12:00:00,2024-02-05T00:00:00,short,42969,42693,100,0.1,4296.9,100.0,27.6,17.49,1469.16,0.02,276,0.64,0,0.0,722.25,60669.0,0.72,429.69,0.1,10,5.0,0.01,0,0.0,10.11,43061
6,SMIIO_CROSS_DOWN,SMIIO_CROSS_UP,2024-02-05T12:00:00,2024-02-05T16:00:00,short,43107,42693,100,0.1,4310.7,100.0,41.4,31.29,2628.36,0.03,414,0.96,0,0.0,753.54,63297.36,0.75,431.07,0.1,10,5.0,0.01,0,0.0,10.11,43199
7,SMIIO_CROSS_DOWN,SMIIO_CROSS_UP,2024-02-06T20:00:00,2024-02-07T04:00:00,short,43199,42923,100,0.1,4319.9,100.0,27.6,17.49,1469.16,0.02,276,0.64,0,0.0,771.03,64766.52,0.77,431.99,0.1,10,5.0,0.01,0,0.0,10.11,43291
8,SMIIO_CROSS_DOWN,SMIIO_CROSS_UP,2024-02-08T16:00:00,2024-02-09T00:00:00,short,45315,45499,100,0.1,4531.5,100.0,-18.4,-28.51,-2394.84,-0.03,0,0.0,184,0.41,742.52,62371.68,0.74,453.15,0.1,10,5.0,0.01,0,0.0,10.11,45407
9,SMIIO_CROSS_DOWN,SMIIO_CROSS_UP,2024-02-09T20:00:00,2024-02-10T00:00:00,short,47431,47247,100,0.1,4743.1,100.0,18.4,8.29,696.36,0.01,184,0.39,0,0.0,750.81,63068.04,0.75,474.31,0.1,10,5.0,0.01,0,0.0,10.11,47523
10,SMIIO_CROSS_DOWN,SMIIO_CROSS_UP,2024-02-10T04:00:00,2024-02-10T12:00:00,short,47293,47293,100,0.1,4729.3,100.0,0.0,-10.11,-849.24,-0.01,0,0.0,0,0.0,740.7,62218.8,0.74,472.93,0.1,10,5.0,0.01,0,0.0,10.11,47385
11,SMIIO_CROSS_DOWN,SMIIO_CROSS_UP,2024-02-11T04:00:00,2024-02-11T08:00:00,short,48443,48305,100,0.1,4844.3,100.0,13.8,3.69,309.96,0.0,138,0.28,0,0.0,744.39,62528.76,0.74,484.43,0.1,10,5.0,0.01,0,0.0,10.11,48535
12,SMIIO_CROSS_DOWN,SMIIO_CROSS_UP,2024-02-11T12:00:00,2024-02-11T16:00:00,short,48305,48259,100,0.1,4830.5,100.0,4.6,-5.51,-462.84,-0.01,46,0.1,0,0.0,738.88,62065.92,0.74,483.05,0.1,10,5.0,0.01,0,0.0,10.11,48397
13,SMIIO_CROSS_DOWN,SMIIO_CROSS_UP,2024-02-12T00:00:00,2024-02-12T12:00:00,short,48167,48029,100,0.1,4816.7,100.0,13.8,3.69,309.96,0.0,138,0.29,0,0.0,742.57,62375.88,0.74,481.67,0.1,10,5.0,0.01,0,0.0,10.11,48259
14,SMIIO_CROSS_DOWN,SMIIO_CROSS_UP,2024-02-12T16:00:00,2024-02-12T20:00:00,short,49915,49685,100,0.1,4991.5,100.0,23.0,12.89,1082.76,0.01,230,0.46,0,0.0,755.46,63458.64,0.76,499.15,0.1,10,5.0,0.01,0,0.0,10.11,50007
15,SMIIO_CROSS_DOWN,SMIIO_CROSS_UP,2024-02-13T00:00:00,2024-02-13T04:00:00,short,49869,49915,100,0.1,4986.9,100.0,-4.6,-14.71,-1235.64,-0.01,0,0.0,46,0.09,740.75,62223.0,0.74,498.69,0.1,10,5.0,0.01,0,0.0,10.11,49961
16,SMIIO_CROSS_DOWN,SMIIO_CROSS_UP,2024-02-13T12:00:00,2024-02-13T16:00:00,short,49915,48811,100,0.1,4991.5,100.0,110.4,100.29,8424.36,0.1,1104,2.21,0,0.0,841.04,70647.36,0.84,499.15,0.1,10,5.0,0.01,0,0.0,10.11,50007
17,SMIIO_CROSS_DOWN,SMIIO_CROSS_UP,2024-02-14T00:00:00,2024-02-14T04:00:00,short,49593,49685,100,0.1,4959.3,100.0,-9.2,-19.31,-1622.04,-0.02,0,0.0,92,0.19,821.73,69025.32,0.82,495.93,0.1,10,5.0,0.01,0,0.0,10.11,49685
18,SMIIO_CROSS_DOWN,SMIIO_CROSS_UP,2024-02-15T04:00:00,2024-02-15T08:00:00,short,52261,51847,100,0.1,5226.1,100.0,41.4,31.29,2628.36,0.03,414,0.79,0,0.0,853.02,71653.68,0.85,522.61,0.1,10,5.0,0.01,0,0.0,10.11,52353
19,SMIIO_CROSS_DOWN,SMIIO_CROSS_UP,2024-02-15T12:00:00,2024-02-15T16:00:00,short,52261,52077,100,0.1,5226.1,100.0,18.4,8.29,696.36,0.01,184,0.35,0,0.0,861.31,72350.04,0.86,522.61,0.1,10,5.0,0.01,0,0.0,10.11,52353
20,SMIIO_CROSS_DOWN,SMIIO_CROSS_UP,2024-02-15T20:00:00,2024-02-16T00:00:00,short,51939,51985,100,0.1,5193.9,100.0,-4.6,-14.71,-1235.64,-0.01,0,0.0,46,0.09,846.6,71114.4,0.85,519.39,0.1,10,5.0,0.01,0,0.0,10.11,52031
21,SMIIO_CROSS_DOWN,SMIIO_CROSS_UP,2024-02-16T04:00:00,2024-02-16T08:00:00,short,52215,51847,100,0.1,5221.5,100.0,36.8,26.69,2241.96,0.03,368,0.7,0,0.0,873.29,73356.36,0.87,522.15,0.1,10,5.0,0.01,0,0.0,10.11,52307
22,SMIIO_CROSS_DOWN,SMIIO_CROSS_UP,2024-02-16T12:00:00,2024-02-16T20:00:00,short,52169,51847,100,0.1,5216.9,100.0,32.2,22.09,1855.56,0.02,322,0.62,0,0.0,895.38,75211.92,0.9,521.69,0.1,10,5.0,0.01,0,0.0,10.11,52261
23,SMIIO_CROSS_DOWN,SMIIO_CROSS_UP,2024-02-17T00:00:00,2024-02-17T16:00:00,short,52031,51111,100,0.1,5203.1,100.0,92.0,81.89,6878.76,0.08,920,1.77,0,0.0,977.27,82090.68,0.98,520.31,0.1,10,5.0,0.01,0,0.0,10.11,52123
24,SMIIO_CROSS_DOWN,SMIIO_CROSS_UP,2024-02-18T00:00:00,2024-02-18T04:00:00,short,51525,51617,100,0.1,5152.5,100.0,-9.2,-19.31,-1622.04,-0.02,0,0.0,92,0.18,957.96,80468.64,0.96,515.25,0.1,10,5.0,0.01,0,0.0,10.11,51617
25,SMIIO_CROSS_DOWN,SMIIO_CROSS_UP,2024-02-19T16:00:00,2024-02-20T12:00:00,short,52307,52077,100,0.1,5230.7,100.0,23.0,12.89,1082.76,0.01,230,0.44,0,0.0,970.85,81551.4,0.97,523.07,0.1,10,5.0,0.01,0,0.0,10.11,52399
26,SMIIO_CROSS_DOWN,SMIIO_CROSS_UP,2024-02-20T16:00:00,2024-02-21T04:00:00,short,52169,51525,100,0.1,5216.9,100.0,64.4,54.29,4560.36,0.05,644,1.23,0,0.0,1025.14,86111.76,1.03,521.69,0.1,10,5.0,0.01,0,0.0,10.11,52261
27,SMIIO_CROSS_DOWN,SMIIO_CROSS_UP,2024-02-21T08:00:00,2024-02-21T12:00:00,short,51617,51065,100,0.1,5161.7,100.0,55.2,45.09,3787.56,0.05,552,1.07,0,0.0,1070.23,89899.32,1.07,516.17,0.1,10,5.0,0.01,0,0.0,10.11,51709
28,SMIIO_CROSS_DOWN,SMIIO_CROSS_UP,2024-02-22T00:00:00,2024-02-22T04:00:00,short,51801,51709,100,0.1,5180.1,100.0,9.2,-0.91,-76.44,-0.0,92,0.18,0,0.0,1069.32,89822.88,1.07,518.01,0.1,10,5.0,0.01,0,0.0,10.11,51893
29,SMIIO_CROSS_DOWN,SMIIO_CROSS_UP,2024-02-22T08:00:00,2024-02-23T08:00:00,short,51709,51019,100,0.1,5170.9,100.0,69.0,58.89,4946.76,0.06,690,1.33,0,0.0,1128.21,94769.64,1.13,517.09,0.1,10,5.0,0.01,0,0.0,10.11,51801
30,SMIIO_CROSS_DOWN,SMIIO_CROSS_UP,2024-02-23T12:00:00,2024-02-23T16:00:00,short,51111,51065,100,0.1,5111.1,100.0,4.6,-5.51,-462.84,-0.01,46,0.09,0,0.0,1122.7,94306.8,1.12,511.11,0.1,10,5.0,0.01,0,0.0,10.11,51203
31,SMIIO_CROSS_DOWN,SMIIO_CROSS_UP,2024-02-23T20:00:00,2024-02-24T00:00:00,short,50973,50835,100,0.1,5097.3,100.0,13.8,3.69,309.96,0.0,138,0.27,0,0.0,1126.39,94616.76,1.13,509.73,0.1,10,5.0,0.01,0,0.0,10.11,51065
32,SMIIO_CROSS_DOWN,SMIIO_CROSS_UP,2024-02-25T12:00:00,2024-02-25T16:00:00,short,51617,51709,100,0.1,5161.7,100.0,-9.2,-19.31,-1622.04,-0.02,0,0.0,92,0.18,1107.08,92994.72,1.11,516.17,0.1,10,5.0,0.01,0,0.0,10.11,51709
33,SMIIO_CROSS_DOWN,SMIIO_CROSS_UP,2024-02-26T00:00:00,2024-02-26T12:00:00,short,51617,51203,100,0.1,5161.7,100.0,41.4,31.29,2628.36,0.03,414,0.8,0,0.0,1138.37,95623.08,1.14,516.17,0.1,10,5.0,0.01,0,0.0,10.11,51709
34,SMIIO_CROSS_DOWN,SMIIO_CROSS_UP,2024-02-27T20:00:00,2024-02-28T04:00:00,short,57229,57091,100,0.1,5722.9,100.0,13.8,3.69,309.96,0.0,138,0.24,0,0.0,1142.06,95933.04,1.14,572.29,0.1,10,5.0,0.01,0,0.0,10.11,57321
35,SMIIO_CROSS_DOWN,SMIIO_CROSS_UP,2024-02-29T00:00:00,2024-02-29T04:00:00,short,62335,61691,100,0.1,6233.5,100.0,64.4,54.29,4560.36,0.05,644,1.03,0,0.0,1196.35,100493.4,1.2,623.35,0.1,10,5.0,0.01,0,0.0,10.11,62427
36,SMIIO_CROSS_DOWN,SMIIO_CROSS_UP,2024-02-29T12:00:00,2024-03-01T04:00:00,short,62887,61277,100,0.1,6288.7,100.0,161.0,150.89,12674.76,0.15,1610,2.56,0,0.0,1347.24,113168.16,1.35,628.87,0.1,10,5.0,0.01,0,0.0,10.11,62979
37,SMIIO_CROSS_DOWN,SMIIO_CROSS_UP,2024-03-01T12:00:00,2024-03-01T16:00:00,short,61783,61369,100,0.1,6178.3,100.0,41.4,31.29,2628.36,0.03,414,0.67,0,0.0,1378.53,115796.52,1.38,617.83,0.1,10,5.0,0.01,0,0.0,10.11,61875
38,SMIIO_CROSS_DOWN,SMIIO_CROSS_UP,2024-03-02T04:00:00,2024-03-02T16:00:00,short,62289,61921,100,0.1,6228.9,100.0,36.8,26.69,2241.96,0.03,368,0.59,0,0.0,1405.22,118038.48,1.41,622.89,0.1,10,5.0,0.01,0,0.0,10.11,62381
39,SMIIO_CROSS_DOWN,SMIIO_CROSS_UP,2024-03-02T20:00:00,2024-03-03T08:00:00,short,62013,61737,100,0.1,6201.3,100.0,27.6,17.49,1469.16,0.02,276,0.45,0,0.0,1422.71,119507.64,1.42,620.13,0.1,10,5.0,0.01,0,0.0,10.11,62105
40,SMIIO_CROSS_DOWN,SMIIO_CROSS_UP,2024-03-05T00:00:00,2024-03-05T08:00:00,short,68223,66383,100,0.1,6822.3,100.0,184.0,173.89,14606.76,0.17,1840,2.7,0,0.0,1596.6,134114.4,1.6,682.23,0.1,10,5.0,0.01,0,0.0,10.11,68315
41,SMIIO_CROSS_DOWN,SMIIO_CROSS_UP,2024-03-05T16:00:00,2024-03-05T20:00:00,short,66797,61599,100,0.1,6679.7,100.0,519.8,509.69,42813.96,0.51,5198,7.78,0,0.0,2106.29,176928.36,2.11,667.97,0.1,10,5.0,0.01,0,0.0,10.11,66889
42,SMIIO_CROSS_DOWN,SMIIO_CROSS_UP,2024-03-06T00:00:00,2024-03-06T04:00:00,short,63715,63393,100,0.1,6371.5,100.0,32.2,22.09,1855.56,0.02,322,0.51,0,0.0,2128.38,178783.92,2.13,637.15,0.1,10,5.0,0.01,0,0.0,10.11,63807
43,SMIIO_CROSS_DOWN,SMIIO_CROSS_UP,2024-03-06T12:00:00,2024-03-06T16:00:00,short,67165,66613,100,0.1,6716.5,100.0,55.2,45.09,3787.56,0.05,552,0.82,0,0.0,2173.47,182571.48,2.17,671.65,0.1,10,5.0,0.01,0,0.0,10.11,67257
44,SMIIO_CROSS_DOWN,SMIIO_CROSS_UP,2024-03-06T20:00:00,2024-03-07T04:00:00,short,66705,66015,100,0.1,6670.5,100.0,69.0,58.89,4946.76,0.06,690,1.03,0,0.0,2232.36,187518.24,2.23,667.05,0.1,10,5.0,0.01,0,0.0,10.11,66797
45,SMIIO_CROSS_DOWN,SMIIO_CROSS_UP,2024-03-07T20:00:00,2024-03-08T00:00:00,short,67441,66935,100,0.1,6744.1,100.0,50.6,40.49,3401.16,0.04,506,0.75,0,0.0,2272.85,190919.4,2.27,674.41,0.1,10,5.0,0.01,0,0.0,10.11,67533
46,SMIIO_CROSS_DOWN,SMIIO_CROSS_UP,2024-03-08T20:00:00,2024-03-09T00:00:00,short,68683,68223,100,0.1,6868.3,100.0,46.0,35.89,3014.76,0.04,460,0.67,0,0.0,2308.74,193934.16,2.31,686.83,0.1,10,5.0,0.01,0,0.0,10.11,68775
47,SMIIO_CROSS_DOWN,SMIIO_CROSS_UP,2024-03-09T12:00:00,2024-03-10T00:00:00,short,68269,68361,100,0.1,6826.9,100.0,-9.2,-19.31,-1622.04,-0.02,0,0.0,92,0.13,2289.43,192312.12,2.29,682.69,0.1,10,5.0,0.01,0,0.0,10.11,68361
48,SMIIO_CROSS_DOWN,SMIIO_CROSS_UP,2024-03-10T12:00:00,2024-03-10T16:00:00,short,69511,69327,100,0.1,6951.1,100.0,18.4,8.29,696.36,0.01,184,0.26,0,0.0,2297.72,193008.48,2.3,695.11,0.1,10,5.0,0.01,0,0.0,10.11,69603
49,SMIIO_CROSS_DOWN,SMIIO_CROSS_UP,2024-03-10T20:00:00,2024-03-11T04:00:00,short,69327,68729,100,0.1,6932.7,100.0,59.8,49.69,4173.96,0.05,598,0.86,0,0.0,2347.41,197182.44,2.35,693.27,0.1,10,5.0,0.01,0,0.0,10.11,69419
50,SMIIO_CROSS_DOWN,SMIIO_CROSS_UP,2024-03-12T00:00:00,2024-03-12T04:00:00,short,71995,71765,100,0.1,7199.5,100.0,23.0,12.89,1082.76,0.01,230,0.32,0,0.0,2360.3,198265.2,2.36,719.95,0.1,10,5.0,0.01,0,0.0,10.11,72087
51,SMIIO_CROSS_DOWN,SMIIO_CROSS_UP,2024-03-12T08:00:00,2024-03-12T20:00:00,short,72087,71443,100,0.1,7208.7,100.0,64.4,54.29,4560.36,0.05,644,0.89,0,0.0,2414.59,202825.56,2.41,720.87,0.1,10,5.0,0.01,0,0.0,10.11,72179
52,SMIIO_CROSS_DOWN,SMIIO_CROSS_UP,2024-03-13T12:00:00,2024-03-13T16:00:00,short,73007,72777,100,0.1,7300.7,100.0,23.0,12.89,1082.76,0.01,230,0.32,0,0.0,2427.48,203908.32,2.43,730.07,0.1,10,5.0,0.01,0,0.0,10.11,73099
53,SMIIO_CROSS_DOWN,SMIIO_CROSS_UP,2024-03-13T20:00:00,2024-03-14T00:00:00,short,73329,73191,100,0.1,7332.9,100.0,13.8,3.69,309.96,0.0,138,0.19,0,0.0,2431.17,204218.28,2.43,733.29,0.1,10,5.0,0.01,0,0.0,10.11,73421
54,SMIIO_CROSS_DOWN,SMIIO_CROSS_UP,2024-03-14T08:00:00,2024-03-14T20:00:00,short,73191,69511,100,0.1,7319.1,100.0,368.0,357.89,30062.76,0.36,3680,5.03,0,0.0,2789.06,234281.04,2.79,731.91,0.1,10,5.0,0.01,0,0.0,10.11,73283
55,SMIIO_CROSS_DOWN,SMIIO_CROSS_UP,2024-03-15T00:00:00,2024-03-15T04:00:00,short,71351,68315,100,0.1,7135.1,100.0,303.6,293.49,24653.16,0.29,3036,4.26,0,0.0,3082.55,258934.2,3.08,713.51,0.1,10,5.0,0.01,0,0.0,10.11,71443
56,SMIIO_CROSS_DOWN,SMIIO_CROSS_UP,2024-03-15T08:00:00,2024-03-15T12:00:00,short,68407,67809,100,0.1,6840.7,100.0,59.8,49.69,4173.96,0.05,598,0.87,0,0.0,3132.24,263108.16,3.13,684.07,0.1,10,5.0,0.01,0,0.0,10.11,68499
57,SMIIO_CROSS_DOWN,SMIIO_CROSS_UP,2024-03-16T00:00:00,2024-03-17T00:00:00,short,69419,65463,100,0.1,6941.9,100.0,395.6,385.49,32381.16,0.39,3956,5.7,0,0.0,3517.73,295489.32,3.52,694.19,0.1,10,5.0,0.01,0,0.0,10.11,69511
58,SMIIO_CROSS_DOWN,SMIIO_CROSS_UP,2024-03-17T04:00:00,2024-03-17T08:00:00,short,66475,65693,100,0.1,6647.5,100.0,78.2,68.09,5719.56,0.07,782,1.18,0,0.0,3585.82,301208.88,3.59,664.75,0.1,10,5.0,0.01,0,0.0,10.11,66567
59,SMIIO_CROSS_DOWN,SMIIO_CROSS_UP,2024-03-17T20:00:00,2024-03-18T04:00:00,short,68453,68085,100,0.1,6845.3,100.0,36.8,26.69,2241.96,0.03,368,0.54,0,0.0,3612.51,303450.84,3.61,684.53,0.1,10,5.0,0.01,0,0.0,10.11,68545
60,SMIIO_CROSS_DOWN,SMIIO_CROSS_UP,2024-03-18T12:00:00,2024-03-18T20:00:00,short,68131,67073,100,0.1,6813.1,100.0,105.8,95.69,8037.96,0.1,1058,1.55,0,0.0,3708.2,311488.8,3.71,681.31,0.1,10,5.0,0.01,0,0.0,10.11,68223
61,SMIIO_CROSS_DOWN,SMIIO_CROSS_UP,2024-03-19T00:00:00,2024-03-19T12:00:00,short,67671,63209,100,0.1,6767.1,100.0,446.2,436.09,36631.56,0.44,4462,6.59,0,0.0,4144.29,348120.36,4.14,676.71,0.1,10,5.0,0.01,0,0.0,10.11,67763
62,SMIIO_CROSS_DOWN,SMIIO_CROSS_UP,2024-03-19T20:00:00,2024-03-20T04:00:00,short,64359,61921,100,0.1,6435.9,100.0,243.8,233.69,19629.96,0.23,2438,3.79,0,0.0,4377.98,367750.32,4.38,643.59,0.1,10,5.0,0.01,0,0.0,10.11,64451
63,SMIIO_CROSS_DOWN,SMIIO_CROSS_UP,2024-03-21T00:00:00,2024-03-21T04:00:00,short,67763,66751,100,0.1,6776.3,100.0,101.2,91.09,7651.56,0.09,1012,1.49,0,0.0,4469.07,375401.88,4.47,677.63,0.1,10,5.0,0.01,0,0.0,10.11,67855
64,SMIIO_CROSS_DOWN,SMIIO_CROSS_UP,2024-03-21T12:00:00,2024-03-21T20:00:00,short,66889,65509,100,0.1,6688.9,100.0,138.0,127.89,10742.76,0.13,1380,2.06,0,0.0,4596.96,386144.64,4.6,668.89,0.1,10,5.0,0.01,0,0.0,10.11,66981
65,SMIIO_CROSS_DOWN,SMIIO_CROSS_UP,2024-03-22T08:00:00,2024-03-23T04:00:00,short,66061,63715,100,0.1,6606.1,100.0,234.6,224.49,18857.16,0.22,2346,3.55,0,0.0,4821.45,405001.8,4.82,660.61,0.1,10,5.0,0.01,0,0.0,10.11,66153
66,SMIIO_CROSS_DOWN,SMIIO_CROSS_UP,2024-03-23T16:00:00,2024-03-24T04:00:00,short,64957,64083,100,0.1,6495.7,100.0,87.4,77.29,6492.36,0.08,874,1.35,0,0.0,4898.74,411494.16,4.9,649.57,0.1,10,5.0,0.01,0,0.0,10.11,65049
67,SMIIO_CROSS_DOWN,SMIIO_CROSS_UP,2024-03-25T04:00:00,2024-03-25T12:00:00,short,67257,66889,100,0.1,6725.7,100.0,36.8,26.69,2241.96,0.03,368,0.55,0,0.0,4925.43,413736.12,4.93,672.57,0.1,10,5.0,0.01,0,0.0,10.11,67349
68,SMIIO_CROSS_DOWN,SMIIO_CROSS_UP,2024-03-25T20:00:00,2024-03-26T00:00:00,short,70891,69971,100,0.1,7089.1,100.0,92.0,81.89,6878.76,0.08,920,1.3,0,0.0,5007.32,420614.88,5.01,708.91,0.1,10,5.0,0.01,0,0.0,10.11,70983
69,SMIIO_CROSS_DOWN,SMIIO_CROSS_UP,2024-03-26T12:00:00,2024-03-26T20:00:00,short,70569,69603,100,0.1,7056.9,100.0,96.6,86.49,7265.16,0.09,966,1.37,0,0.0,5093.81,427880.04,5.09,705.69,0.1,10,5.0,0.01,0,0.0,10.11,70661
70,SMIIO_CROSS_DOWN,SMIIO_CROSS_UP,2024-03-27T04:00:00,2024-03-27T08:00:00,short,70247,69833,100,0.1,7024.7,100.0,41.4,31.29,2628.36,0.03,414,0.59,0,0.0,5125.1,430508.4,5.13,702.47,0.1,10,5.0,0.01,0,0.0,10.11,70339
71,SMIIO_CROSS_DOWN,SMIIO_CROSS_UP,2024-03-27T12:00:00,2024-03-27T20:00:00,short,70155,68775,100,0.1,7015.5,100.0,138.0,127.89,10742.76,0.13,1380,1.97,0,0.0,5252.99,441251.16,5.25,701.55,0.1,10,5.0,0.01,0,0.0,10.11,70247
72,SMIIO_CROSS_DOWN,SMIIO_CROSS_UP,2024-03-28T00:00:00,2024-03-28T04:00:00,short,69465,69511,100,0.1,6946.5,100.0,-4.6,-14.71,-1235.64,-0.01,0,0.0,46,0.07,5238.28,440015.52,5.24,694.65,0.1,10,5.0,0.01,0,0.0,10.11,69557
73,SMIIO_CROSS_DOWN,SMIIO_CROSS_UP,2024-03-28T16:00:00,2024-03-29T08:00:00,short,71167,69925,100,0.1,7116.7,100.0,124.2,114.09,9583.56,0.11,1242,1.75,0,0.0,5352.37,449599.08,5.35,711.67,0.1,10,5.0,0.01,0,0.0,10.11,71259
74,SMIIO_CROSS_DOWN,SMIIO_CROSS_UP,2024-03-29T12:00:00,2024-03-29T16:00:00,short,70063,69281,100,0.1,7006.3,100.0,78.2,68.09,5719.56,0.07,782,1.12,0,0.0,5420.46,455318.64,5.42,700.63,0.1,10,5.0,0.01,0,0.0,10.11,70155
75,SMIIO_CROSS_DOWN,SMIIO_CROSS_UP,2024-03-30T12:00:00,2024-03-31T00:00:00,short,70109,69741,100,0.1,7010.9,100.0,36.8,26.69,2241.96,0.03,368,0.52,0,0.0,5447.15,457560.6,5.45,701.09,0.1,10,5.0,0.01,0,0.0,10.11,70201
76,SMIIO_CROSS_DOWN,SMIIO_CROSS_UP,2024-04-01T00:00:00,2024-04-01T16:00:00,short,71213,68361,100,0.1,7121.3,100.0,285.2,275.09,23107.56,0.28,2852,4.0,0,0.0,5722.24,480668.16,5.72,712.13,0.1,10,5.0,0.01,0,0.0,10.11,71305
77,SMIIO_CROSS_DOWN,SMIIO_CROSS_UP,2024-04-02T00:00:00,2024-04-02T16:00:00,short,69603,65003,100,0.1,6960.3,100.0,460.0,449.89,37790.76,0.45,4600,6.61,0,0.0,6172.13,518458.92,6.17,696.03,0.1,10,5.0,0.01,0,0.0,10.11,69695
78,SMIIO_CROSS_DOWN,SMIIO_CROSS_UP,2024-04-02T20:00:00,2024-04-03T00:00:00,short,65877,65555,100,0.1,6587.7,100.0,32.2,22.09,1855.56,0.02,322,0.49,0,0.0,6194.22,520314.48,6.19,658.77,0.1,10,5.0,0.01,0,0.0,10.11,65969
79,SMIIO_CROSS_DOWN,SMIIO_CROSS_UP,2024-04-03T04:00:00,2024-04-03T20:00:00,short,66199,65877,100,0.1,6619.9,100.0,32.2,22.09,1855.56,0.02,322,0.49,0,0.0,6216.31,522170.04,6.22,661.99,0.1,10,5.0,0.01,0,0.0,10.11,66291
80,SMIIO_CROSS_DOWN,SMIIO_CROSS_UP,2024-04-04T00:00:00,2024-04-04T04:00:00,short,65877,65693,100,0.1,6587.7,100.0,18.4,8.29,696.36,0.01,184,0.28,0,0.0,6224.6,522866.4,6.22,658.77,0.1,10,5.0,0.01,0,0.0,10.11,65969
81,SMIIO_CROSS_DOWN,SMIIO_CROSS_UP,2024-04-05T00:00:00,2024-04-05T12:00:00,short,68407,66613,100,0.1,6840.7,100.0,179.4,169.29,14220.36,0.17,1794,2.62,0,0.0,6393.89,537086.76,6.39,684.07,0.1,10,5.0,0.01,0,0.0,10.11,68499
82,SMIIO_CROSS_DOWN,SMIIO_CROSS_UP,2024-04-05T16:00:00,2024-04-05T20:00:00,short,68131,67487,100,0.1,6813.1,100.0,64.4,54.29,4560.36,0.05,644,0.95,0,0.0,6448.18,541647.12,6.45,681.31,0.1,10,5.0,0.01,0,0.0,10.11,68223
83,SMIIO_CROSS_DOWN,SMIIO_CROSS_UP,2024-04-06T08:00:00,2024-04-06T12:00:00,short,67901,67809,100,0.1,6790.1,100.0,9.2,-0.91,-76.44,-0.0,92,0.14,0,0.0,6447.27,541570.68,6.45,679.01,0.1,10,5.0,0.01,0,0.0,10.11,67993
84,SMIIO_CROSS_DOWN,SMIIO_CROSS_UP,2024-04-07T16:00:00,2024-04-07T20:00:00,short,69465,69143,100,0.1,6946.5,100.0,32.2,22.09,1855.56,0.02,322,0.46,0,0.0,6469.36,543426.24,6.47,694.65,0.1,10,5.0,0.01,0,0.0,10.11,69557
85,SMIIO_CROSS_DOWN,SMIIO_CROSS_UP,2024-04-08T12:00:00,2024-04-09T08:00:00,short,72317,70523,100,0.1,7231.7,100.0,179.4,169.29,14220.36,0.17,1794,2.48,0,0.0,6638.65,557646.6,6.64,723.17,0.1,10,5.0,0.01,0,0.0,10.11,72409
86,SMIIO_CROSS_DOWN,SMIIO_CROSS_UP,2024-04-09T12:00:00,2024-04-09T20:00:00,short,70707,69143,100,0.1,7070.7,100.0,156.4,146.29,12288.36,0.15,1564,2.21,0,0.0,6784.94,569934.96,6.78,707.07,0.1,10,5.0,0.01,0,0.0,10.11,70799
87,SMIIO_CROSS_DOWN,SMIIO_CROSS_UP,2024-04-10T08:00:00,2024-04-10T16:00:00,short,69143,68821,100,0.1,6914.3,100.0,32.2,22.09,1855.56,0.02,322,0.47,0,0.0,6807.03,571790.52,6.81,691.43,0.1,10,5.0,0.01,0,0.0,10.11,69235
88,SMIIO_CROSS_DOWN,SMIIO_CROSS_UP,2024-04-11T08:00:00,2024-04-11T16:00:00,short,70753,70109,100,0.1,7075.3,100.0,64.4,54.29,4560.36,0.05,644,0.91,0,0.0,6861.32,576350.88,6.86,707.53,0.1,10,5.0,0.01,0,0.0,10.11,70845
89,SMIIO_CROSS_DOWN,SMIIO_CROSS_UP,2024-04-11T20:00:00,2024-04-12T00:00:00,short,70431,70109,100,0.1,7043.1,100.0,32.2,22.09,1855.56,0.02,322,0.46,0,0.0,6883.41,578206.44,6.88,704.31,0.1,10,5.0,0.01,0,0.0,10.11,70523
90,SMIIO_CROSS_DOWN,SMIIO_CROSS_UP,2024-04-12T04:00:00,2024-04-12T08:00:00,short,70937,70937,100,0.1,7093.7,100.0,0.0,-10.11,-849.24,-0.01,0,0.0,0,0.0,6873.3,577357.2,6.87,709.37,0.1,10,5.0,0.01,0,0.0,10.11,71029
91,SMIIO_CROSS_DOWN,SMIIO_CROSS_UP,2024-04-12T12:00:00,2024-04-12T20:00:00,short,70845,66981,100,0.1,7084.5,100.0,386.4,376.29,31608.36,0.38,3864,5.45,0,0.0,7249.59,608965.56,7.25,708.45,0.1,10,5.0,0.01,0,0.0,10.11,70937
92,SMIIO_CROSS_DOWN,SMIIO_CROSS_UP,2024-04-13T16:00:00,2024-04-14T04:00:00,short,67579,63577,100,0.1,6757.9,100.0,400.2,390.09,32767.56,0.39,4002,5.92,0,0.0,7639.68,641733.12,7.64,675.79,0.1,10,5.0,0.01,0,0.0,10.11,67671
93,SMIIO_CROSS_DOWN,SMIIO_CROSS_UP,2024-04-14T08:00:00,2024-04-14T20:00:00,short,64405,64313,100,0.1,6440.5,100.0,9.2,-0.91,-76.44,-0.0,92,0.14,0,0.0,7638.77,641656.68,7.64,644.05,0.1,10,5.0,0.01,0,0.0,10.11,64497
94,SMIIO_CROSS_DOWN,SMIIO_CROSS_UP,2024-04-15T00:00:00,2024-04-15T04:00:00,short,65601,65233,100,0.1,6560.1,100.0,36.8,26.69,2241.96,0.03,368,0.56,0,0.0,7665.46,643898.64,7.67,656.01,0.1,10,5.0,0.01,0,0.0,10.11,65693
95,SMIIO_CROSS_DOWN,SMIIO_CROSS_UP,2024-04-15T08:00:00,2024-04-16T04:00:00,short,66245,63071,100,0.1,6624.5,100.0,317.4,307.29,25812.36,0.31,3174,4.79,0,0.0,7972.75,669711.0,7.97,662.45,0.1,10,5.0,0.01,0,0.0,10.11,66337
96,SMIIO_CROSS_DOWN,SMIIO_CROSS_UP,2024-04-16T08:00:00,2024-04-16T16:00:00,short,63439,61875,100,0.1,6343.9,100.0,156.4,146.29,12288.36,0.15,1564,2.47,0,0.0,8119.04,681999.36,8.12,634.39,0.1,10,5.0,0.01,0,0.0,10.11,63531
97,SMIIO_CROSS_DOWN,SMIIO_CROSS_UP,2024-04-17T04:00:00,2024-04-17T16:00:00,short,63715,60403,100,0.1,6371.5,100.0,331.2,321.09,26971.56,0.32,3312,5.2,0,0.0,8440.13,708970.92,8.44,637.15,0.1,10,5.0,0.01,0,0.0,10.11,63807
98,SMIIO_CROSS_DOWN,SMIIO_CROSS_UP,2024-04-18T04:00:00,2024-04-18T08:00:00,short,61875,61231,100,0.1,6187.5,100.0,64.4,54.29,4560.36,0.05,644,1.04,0,0.0,8494.42,713531.28,8.49,618.75,0.1,10,5.0,0.01,0,0.0,10.11,61967
99,SMIIO_CROSS_DOWN,SMIIO_CROSS_UP,2024-04-19T00:00:00,2024-04-19T04:00:00,short,63393,61829,100,0.1,6339.3,100.0,156.4,146.29,12288.36,0.15,1564,2.47,0,0.0,8640.71,725819.64,8.64,633.93,0.1,10,5.0,0.01,0,0.0,10.11,63485
100,SMIIO_CROSS_DOWN,SMIIO_CROSS_UP,2024-04-19T12:00:00,2024-04-20T00:00:00,short,64773,63945,100,0.1,6477.3,100.0,82.8,72.69,6105.96,0.07,828,1.28,0,0.0,8713.4,731925.6,8.71,647.73,0.1,10,5.0,0.01,0,0.0,10.11,64865
101,SMIIO_CROSS_DOWN,SMIIO_CROSS_UP,2024-04-20T08:00:00,2024-04-20T12:00:00,short,63761,63807,100,0.1,6376.1,100.0,-4.6,-14.71,-1235.64,-0.01,0,0.0,46,0.07,8698.69,730689.96,8.7,637.61,0.1,10,5.0,0.01,0,0.0,10.11,63853
102,SMIIO_CROSS_DOWN,SMIIO_CROSS_UP,2024-04-21T12:00:00,2024-04-21T20:00:00,short,65141,64681,100,0.1,6514.1,100.0,46.0,35.89,3014.76,0.04,460,0.71,0,0.0,8734.58,733704.72,8.73,651.41,0.1,10,5.0,0.01,0,0.0,10.11,65233
103,SMIIO_CROSS_DOWN,SMIIO_CROSS_UP,2024-04-23T00:00:00,2024-04-23T12:00:00,short,66705,66199,100,0.1,6670.5,100.0,50.6,40.49,3401.16,0.04,506,0.76,0,0.0,8775.07,737105.88,8.78,667.05,0.1,10,5.0,0.01,0,0.0,10.11,66797
104,SMIIO_CROSS_DOWN,SMIIO_CROSS_UP,2024-04-24T12:00:00,2024-04-24T20:00:00,short,66521,64129,100,0.1,6652.1,100.0,239.2,229.09,19243.56,0.23,2392,3.6,0,0.0,9004.16,756349.44,9.0,665.21,0.1,10,5.0,0.01,0,0.0,10.11,66613
105,SMIIO_CROSS_DOWN,SMIIO_CROSS_UP,2024-04-25T04:00:00,2024-04-25T12:00:00,short,64221,63991,100,0.1,6422.1,100.0,23.0,12.89,1082.76,0.01,230,0.36,0,0.0,9017.05,757432.2,9.02,642.21,0.1,10,5.0,0.01,0,0.0,10.11,64313
106,SMIIO_CROSS_DOWN,SMIIO_CROSS_UP,2024-04-25T20:00:00,2024-04-26T16:00:00,short,64635,63623,100,0.1,6463.5,100.0,101.2,91.09,7651.56,0.09,1012,1.57,0,0.0,9108.14,765083.76,9.11,646.35,0.1,10,5.0,0.01,0,0.0,10.11,64727
107,SMIIO_CROSS_DOWN,SMIIO_CROSS_UP,2024-04-27T00:00:00,2024-04-27T16:00:00,short,63577,62979,100,0.1,6357.7,100.0,59.8,49.69,4173.96,0.05,598,0.94,0,0.0,9157.83,769257.72,9.16,635.77,0.1,10,5.0,0.01,0,0.0,10.11,63669
108,SMIIO_CROSS_DOWN,SMIIO_CROSS_UP,2024-04-28T04:00:00,2024-04-28T16:00:00,short,63945,63623,100,0.1,6394.5,100.0,32.2,22.09,1855.56,0.02,322,0.5,0,0.0,9179.92,771113.28,9.18,639.45,0.1,10,5.0,0.01,0,0.0,10.11,64037
109,SMIIO_CROSS_DOWN,SMIIO_CROSS_UP,2024-04-28T20:00:00,2024-04-29T04:00:00,short,63623,62381,100,0.1,6362.3,100.0,124.2,114.09,9583.56,0.11,1242,1.95,0,0.0,9294.01,780696.84,9.29,636.23,0.1,10,5.0,0.01,0,0.0,10.11,63715
110,SMIIO_CROSS_DOWN,SMIIO_CROSS_UP,2024-04-30T00:00:00,2024-04-30T20:00:00,short,63761,59437,100,0.1,6376.1,100.0,432.4,422.29,35472.36,0.42,4324,6.78,0,0.0,9716.3,816169.2,9.72,637.61,0.1,10,5.0,0.01,0,0.0,10.11,63853
111,SMIIO_CROSS_DOWN,SMIIO_CROSS_UP,2024-05-01T00:00:00,2024-05-01T08:00:00,short,60633,57597,100,0.1,6063.3,100.0,303.6,293.49,24653.16,0.29,3036,5.01,0,0.0,10009.79,840822.36,10.01,606.33,0.1,10,5.0,0.01,0,0.0,10.11,60725
112,SMIIO_CROSS_DOWN,SMIIO_CROSS_UP,2024-05-01T12:00:00,2024-05-01T16:00:00,short,57781,56953,100,0.1,5778.1,100.0,82.8,72.69,6105.96,0.07,828,1.43,0,0.0,10082.48,846928.32,10.08,577.81,0.1,10,5.0,0.01,0,0.0,10.11,57873
113,SMIIO_CROSS_DOWN,SMIIO_CROSS_UP,2024-05-02T00:00:00,2024-05-02T04:00:00,short,58241,57505,100,0.1,5824.1,100.0,73.6,63.49,5333.16,0.06,736,1.26,0,0.0,10145.97,852261.48,10.15,582.41,0.1,10,5.0,0.01,0,0.0,10.11,58333
114,SMIIO_CROSS_DOWN,SMIIO_CROSS_UP,2024-05-02T20:00:00,2024-05-03T00:00:00,short,59253,59161,100,0.1,5925.3,100.0,9.2,-0.91,-76.44,-0.0,92,0.16,0,0.0,10145.06,852185.04,10.15,592.53,0.1,10,5.0,0.01,0,0.0,10.11,59345
115,SMIIO_CROSS_DOWN,SMIIO_CROSS_UP,2024-05-03T04:00:00,2024-05-03T08:00:00,short,59667,59253,100,0.1,5966.7,100.0,41.4,31.29,2628.36,0.03,414,0.69,0,0.0,10176.35,854813.4,10.18,596.67,0.1,10,5.0,0.01,0,0.0,10.11,59759
116,SMIIO_CROSS_DOWN,SMIIO_CROSS_UP,2024-05-04T00:00:00,2024-05-04T04:00:00,short,62749,62933,100,0.1,6274.9,100.0,-18.4,-28.51,-2394.84,-0.03,0,0.0,184,0.29,10147.84,852418.56,10.15,627.49,0.1,10,5.0,0.01,0,0.0,10.11,62841
117,SMIIO_CROSS_DOWN,SMIIO_CROSS_UP,2024-05-04T12:00:00,2024-05-04T16:00:00,short,63761,63807,100,0.1,6376.1,100.0,-4.6,-14.71,-1235.64,-0.01,0,0.0,46,0.07,10133.13,851182.92,10.13,637.61,0.1,10,5.0,0.01,0,0.0,10.11,63853
118,SMIIO_CROSS_DOWN,SMIIO_CROSS_UP,2024-05-05T00:00:00,2024-05-05T04:00:00,short,63853,63301,100,0.1,6385.3,100.0,55.2,45.09,3787.56,0.05,552,0.86,0,0.0,10178.22,854970.48,10.18,638.53,0.1,10,5.0,0.01,0,0.0,10.11,63945
119,SMIIO_CROSS_DOWN,SMIIO_CROSS_UP,2024-05-05T16:00:00,2024-05-05T20:00:00,short,64313,63945,100,0.1,6431.3,100.0,36.8,26.69,2241.96,0.03,368,0.57,0,0.0,10204.91,857212.44,10.2,643.13,0.1,10,5.0,0.01,0,0.0,10.11,64405
120,SMIIO_CROSS_DOWN,SMIIO_CROSS_UP,2024-05-06T00:00:00,2024-05-06T04:00:00,short,63853,63945,100,0.1,6385.3,100.0,-9.2,-19.31,-1622.04,-0.02,0,0.0,92,0.14,10185.6,855590.4,10.19,638.53,0.1,10,5.0,0.01,0,0.0,10.11,63945
121,SMIIO_CROSS_DOWN,SMIIO_CROSS_UP,2024-05-06T08:00:00,2024-05-07T04:00:00,short,64497,63301,100,0.1,6449.7,100.0,119.6,109.49,9197.16,0.11,1196,1.85,0,0.0,10295.09,864787.56,10.3,644.97,0.1,10,5.0,0.01,0,0.0,10.11,64589
122,SMIIO_CROSS_DOWN,SMIIO_CROSS_UP,2024-05-07T08:00:00,2024-05-07T12:00:00,short,63623,63623,100,0.1,6362.3,100.0,0.0,-10.11,-849.24,-0.01,0,0.0,0,0.0,10284.98,863938.32,10.28,636.23,0.1,10,5.0,0.01,0,0.0,10.11,63715
123,SMIIO_CROSS_DOWN,SMIIO_CROSS_UP,2024-05-07T16:00:00,2024-05-08T00:00:00,short,63669,62473,100,0.1,6366.9,100.0,119.6,109.49,9197.16,0.11,1196,1.88,0,0.0,10394.47,873135.48,10.39,636.69,0.1,10,5.0,0.01,0,0.0,10.11,63761
124,SMIIO_CROSS_DOWN,SMIIO_CROSS_UP,2024-05-08T04:00:00,2024-05-08T12:00:00,short,62841,62289,100,0.1,6284.1,100.0,55.2,45.09,3787.56,0.05,552,0.88,0,0.0,10439.56,876923.04,10.44,628.41,0.1,10,5.0,0.01,0,0.0,10.11,62933
125,SMIIO_CROSS_DOWN,SMIIO_CROSS_UP,2024-05-08T20:00:00,2024-05-09T00:00:00,short,62105,61323,100,0.1,6210.5,100.0,78.2,68.09,5719.56,0.07,782,1.26,0,0.0,10507.65,882642.6,10.51,621.05,0.1,10,5.0,0.01,0,0.0,10.11,62197
126,SMIIO_CROSS_DOWN,SMIIO_CROSS_UP,2024-05-09T04:00:00,2024-05-09T12:00:00,short,61553,61185,100,0.1,6155.3,100.0,36.8,26.69,2241.96,0.03,368,0.6,0,0.0,10534.34,884884.56,10.53,615.53,0.1,10,5.0,0.01,0,0.0,10.11,61645
127,SMIIO_CROSS_DOWN,SMIIO_CROSS_UP,2024-05-10T00:00:00,2024-05-10T04:00:00,short,62979,63117,100,0.1,6297.9,100.0,-13.8,-23.91,-2008.44,-0.02,0,0.0,138,0.22,10510.43,882876.12,10.51,629.79,0.1,10,5.0,0.01,0,0.0,10.11,63071
128,SMIIO_CROSS_DOWN,SMIIO_CROSS_UP,2024-05-10T12:00:00,2024-05-10T20:00:00,short,63209,60817,100,0.1,6320.9,100.0,239.2,229.09,19243.56,0.23,2392,3.78,0,0.0,10739.52,902119.68,10.74,632.09,0.1,10,5.0,0.01,0,0.0,10.11,63301
129,SMIIO_CROSS_DOWN,SMIIO_CROSS_UP,2024-05-11T08:00:00,2024-05-11T12:00:00,short,60909,60817,100,0.1,6090.9,100.0,9.2,-0.91,-76.44,-0.0,92,0.15,0,0.0,10738.61,902043.24,10.74,609.09,0.1,10,5.0,0.01,0,0.0,10.11,61001
130,SMIIO_CROSS_DOWN,SMIIO_CROSS_UP,2024-05-11T20:00:00,2024-05-12T00:00:00,short,61139,60955,100,0.1,6113.9,100.0,18.4,8.29,696.36,0.01,184,0.3,0,0.0,10746.9,902739.6,10.75,611.39,0.1,10,5.0,0.01,0,0.0,10.11,61231
131,SMIIO_CROSS_DOWN,SMIIO_CROSS_UP,2024-05-12T04:00:00,2024-05-12T08:00:00,short,60817,60909,100,0.1,6081.7,100.0,-9.2,-19.31,-1622.04,-0.02,0,0.0,92,0.15,10727.59,901117.56,10.73,608.17,0.1,10,5.0,0.01,0,0.0,10.11,60909
132,SMIIO_CROSS_DOWN,SMIIO_CROSS_UP,2024-05-13T00:00:00,2024-05-13T04:00:00,short,61369,61277,100,0.1,6136.9,100.0,9.2,-0.91,-76.44,-0.0,92,0.15,0,0.0,10726.68,901041.12,10.73,613.69,0.1,10,5.0,0.01,0,0.0,10.11,61461
133,SMIIO_CROSS_DOWN,SMIIO_CROSS_UP,2024-05-13T20:00:00,2024-05-15T00:00:00,short,63071,61691,100,0.1,6307.1,100.0,138.0,127.89,10742.76,0.13,1380,2.19,0,0.0,10854.57,911783.88,10.85,630.71,0.1,10,5.0,0.01,0,0.0,10.11,63163
134,SMIIO_CROSS_DOWN,SMIIO_CROSS_UP,2024-05-16T00:00:00,2024-05-16T04:00:00,short,66107,66153,100,0.1,6610.7,100.0,-4.6,-14.71,-1235.64,-0.01,0,0.0,46,0.07,10839.86,910548.24,10.84,661.07,0.1,10,5.0,0.01,0,0.0,10.11,66199
135,SMIIO_CROSS_DOWN,SMIIO_CROSS_UP,2024-05-16T12:00:00,2024-05-17T00:00:00,short,66429,65325,100,0.1,6642.9,100.0,110.4,100.29,8424.36,0.1,1104,1.66,0,0.0,10940.15,918972.6,10.94,664.29,0.1,10,5.0,0.01,0,0.0,10.11,66521
136,SMIIO_CROSS_DOWN,SMIIO_CROSS_UP,2024-05-17T08:00:00,2024-05-17T12:00:00,short,66291,66383,100,0.1,6629.1,100.0,-9.2,-19.31,-1622.04,-0.02,0,0.0,92,0.14,10920.84,917350.56,10.92,662.91,0.1,10,5.0,0.01,0,0.0,10.11,66383
137,SMIIO_CROSS_DOWN,SMIIO_CROSS_UP,2024-05-17T16:00:00,2024-05-18T08:00:00,short,67119,67119,100,0.1,6711.9,100.0,0.0,-10.11,-849.24,-0.01,0,0.0,0,0.0,10910.73,916501.32,10.91,671.19,0.1,10,5.0,0.01,0,0.0,10.11,67211
138,SMIIO_CROSS_DOWN,SMIIO_CROSS_UP,2024-05-18T12:00:00,2024-05-18T16:00:00,short,67119,66889,100,0.1,6711.9,100.0,23.0,12.89,1082.76,0.01,230,0.34,0,0.0,10923.62,917584.08,10.92,671.19,0.1,10,5.0,0.01,0,0.0,10.11,67211
139,SMIIO_CROSS_DOWN,SMIIO_CROSS_UP,2024-05-19T12:00:00,2024-05-19T20:00:00,short,67211,66199,100,0.1,6721.1,100.0,101.2,91.09,7651.56,0.09,1012,1.51,0,0.0,11014.71,925235.64,11.01,672.11,0.1,10,5.0,0.01,0,0.0,10.11,67303
140,SMIIO_CROSS_DOWN,SMIIO_CROSS_UP,2024-05-21T00:00:00,2024-05-21T08:00:00,short,71397,71029,100,0.1,7139.7,100.0,36.8,26.69,2241.96,0.03,368,0.52,0,0.0,11041.4,927477.6,11.04,713.97,0.1,10,5.0,0.01,0,0.0,10.11,71489
141,SMIIO_CROSS_DOWN,SMIIO_CROSS_UP,2024-05-21T12:00:00,2024-05-21T20:00:00,short,71029,69419,100,0.1,7102.9,100.0,161.0,150.89,12674.76,0.15,1610,2.27,0,0.0,11192.29,940152.36,11.19,710.29,0.1,10,5.0,0.01,0,0.0,10.11,71121
142,SMIIO_CROSS_DOWN,SMIIO_CROSS_UP,2024-05-22T00:00:00,2024-05-22T12:00:00,short,70063,69925,100,0.1,7006.3,100.0,13.8,3.69,309.96,0.0,138,0.2,0,0.0,11195.98,940462.32,11.2,700.63,0.1,10,5.0,0.01,0,0.0,10.11,70155
143,SMIIO_CROSS_DOWN,SMIIO_CROSS_UP,2024-05-22T16:00:00,2024-05-23T00:00:00,short,70431,69327,100,0.1,7043.1,100.0,110.4,100.29,8424.36,0.1,1104,1.57,0,0.0,11296.27,948886.68,11.3,704.31,0.1,10,5.0,0.01,0,0.0,10.11,70523
144,SMIIO_CROSS_DOWN,SMIIO_CROSS_UP,2024-05-23T12:00:00,2024-05-23T20:00:00,short,69879,67349,100,0.1,6987.9,100.0,253.0,242.89,20402.76,0.24,2530,3.62,0,0.0,11539.16,969289.44,11.54,698.79,0.1,10,5.0,0.01,0,0.0,10.11,69971
145,SMIIO_CROSS_DOWN,SMIIO_CROSS_UP,2024-05-24T00:00:00,2024-05-24T08:00:00,short,67901,67303,100,0.1,6790.1,100.0,59.8,49.69,4173.96,0.05,598,0.88,0,0.0,11588.85,973463.4,11.59,679.01,0.1,10,5.0,0.01,0,0.0,10.11,67993
146,SMIIO_CROSS_DOWN,SMIIO_CROSS_UP,2024-05-24T20:00:00,2024-05-25T00:00:00,short,69051,68637,100,0.1,6905.1,100.0,41.4,31.29,2628.36,0.03,414,0.6,0,0.0,11620.14,976091.76,11.62,690.51,0.1,10,5.0,0.01,0,0.0,10.11,69143
147,SMIIO_CROSS_DOWN,SMIIO_CROSS_UP,2024-05-25T12:00:00,2024-05-25T16:00:00,short,69005,69097,100,0.1,6900.5,100.0,-9.2,-19.31,-1622.04,-0.02,0,0.0,92,0.13,11600.83,974469.72,11.6,690.05,0.1,10,5.0,0.01,0,0.0,10.11,69097
148,SMIIO_CROSS_DOWN,SMIIO_CROSS_UP,2024-05-26T00:00:00,2024-05-26T04:00:00,short,69189,69281,100,0.1,6918.9,100.0,-9.2,-19.31,-1622.04,-0.02,0,0.0,92,0.13,11581.52,972847.68,11.58,691.89,0.1,10,5.0,0.01,0,0.0,10.11,69281
149,SMIIO_CROSS_DOWN,SMIIO_CROSS_UP,2024-05-26T08:00:00,2024-05-27T00:00:00,short,69281,68637,100,0.1,6928.1,100.0,64.4,54.29,4560.36,0.05,644,0.93,0,0.0,11635.81,977408.04,11.64,692.81,0.1,10,5.0,0.01,0,0.0,10.11,69373
150,SMIIO_CROSS_DOWN,SMIIO_CROSS_UP,2024-05-27T04:00:00,2024-05-27T12:00:00,short,68775,68591,100,0.1,6877.5,100.0,18.4,8.29,696.36,0.01,184,0.27,0,0.0,11644.1,978104.4,11.64,687.75,0.1,10,5.0,0.01,0,0.0,10.11,68867
151,SMIIO_CROSS_DOWN,SMIIO_CROSS_UP,2024-05-27T16:00:00,2024-05-27T20:00:00,short,70339,69373,100,0.1,7033.9,100.0,96.6,86.49,7265.16,0.09,966,1.37,0,0.0,11730.59,985369.56,11.73,703.39,0.1,10,5.0,0.01,0,0.0,10.11,70431
152,SMIIO_CROSS_DOWN,SMIIO_CROSS_UP,2024-05-28T00:00:00,2024-05-28T08:00:00,short,69281,67809,100,0.1,6928.1,100.0,147.2,137.09,11515.56,0.14,1472,2.12,0,0.0,11867.68,996885.12,11.87,692.81,0.1,10,5.0,0.01,0,0.0,10.11,69373
153,SMIIO_CROSS_DOWN,SMIIO_CROSS_UP,2024-05-29T04:00:00,2024-05-29T20:00:00,short,68729,67395,100,0.1,6872.9,100.0,133.4,123.29,10356.36,0.12,1334,1.94,0,0.0,11990.97,1007241.48,11.99,687.29,0.1,10,5.0,0.01,0,0.0,10.11,68821
154,SMIIO_CROSS_DOWN,SMIIO_CROSS_UP,2024-05-30T04:00:00,2024-05-30T08:00:00,short,67993,67671,100,0.1,6799.3,100.0,32.2,22.09,1855.56,0.02,322,0.47,0,0.0,12013.06,1009097.04,12.01,679.93,0.1,10,5.0,0.01,0,0.0,10.11,68085
155,SMIIO_CROSS_DOWN,SMIIO_CROSS_UP,2024-05-30T20:00:00,2024-05-31T00:00:00,short,68591,68499,100,0.1,6859.1,100.0,9.2,-0.91,-76.44,-0.0,92,0.13,0,0.0,12012.15,1009020.6,12.01,685.91,0.1,10,5.0,0.01,0,0.0,10.11,68683
156,SMIIO_CROSS_DOWN,SMIIO_CROSS_UP,2024-05-31T04:00:00,2024-05-31T08:00:00,short,68453,68269,100,0.1,6845.3,100.0,18.4,8.29,696.36,0.01,184,0.27,0,0.0,12020.44,1009716.96,12.02,684.53,0.1,10,5.0,0.01,0,0.0,10.11,68545
157,SMIIO_CROSS_DOWN,SMIIO_CROSS_UP,2024-05-31T12:00:00,2024-05-31T16:00:00,short,68269,67303,100,0.1,6826.9,100.0,96.6,86.49,7265.16,0.09,966,1.41,0,0.0,12106.93,1016982.12,12.11,682.69,0.1,10,5.0,0.01,0,0.0,10.11,68361
158,SMIIO_CROSS_DOWN,SMIIO_CROSS_UP,2024-05-31T20:00:00,2024-06-01T00:00:00,short,67625,67717,100,0.1,6762.5,100.0,-9.2,-19.31,-1622.04,-0.02,0,0.0,92,0.14,12087.62,1015360.08,12.09,676.25,0.1,10,5.0,0.01,0,0.0,10.11,67717
159,SMIIO_CROSS_DOWN,SMIIO_CROSS_UP,2024-06-01T04:00:00,2024-06-01T16:00:00,short,67671,67763,100,0.1,6767.1,100.0,-9.2,-19.31,-1622.04,-0.02,0,0.0,92,0.14,12068.31,1013738.04,12.07,676.71,0.1,10,5.0,0.01,0,0.0,10.11,67763
160,SMIIO_CROSS_DOWN,SMIIO_CROSS_UP,2024-06-02T16:00:00,2024-06-03T00:00:00,short,68177,67809,100,0.1,6817.7,100.0,36.8,26.69,2241.96,0.03,368,0.54,0,0.0,12095.0,1015980.0,12.1,681.77,0.1,10,5.0,0.01,0,0.0,10.11,68269
161,SMIIO_CROSS_DOWN,SMIIO_CROSS_UP,2024-06-03T16:00:00,2024-06-04T00:00:00,short,69511,68959,100,0.1,6951.1,100.0,55.2,45.09,3787.56,0.05,552,0.79,0,0.0,12140.09,1019767.56,12.14,695.11,0.1,10,5.0,0.01,0,0.0,10.11,69603
162,SMIIO_CROSS_DOWN,SMIIO_CROSS_UP,2024-06-04T04:00:00,2024-06-04T12:00:00,short,69097,69143,100,0.1,6909.7,100.0,-4.6,-14.71,-1235.64,-0.01,0,0.0,46,0.07,12125.38,1018531.92,12.13,690.97,0.1,10,5.0,0.01,0,0.0,10.11,69189
163,SMIIO_CROSS_DOWN,SMIIO_CROSS_UP,2024-06-05T08:00:00,2024-06-05T12:00:00,short,71121,71167,100,0.1,7112.1,100.0,-4.6,-14.71,-1235.64,-0.01,0,0.0,46,0.06,12110.67,1017296.28,12.11,711.21,0.1,10,5.0,0.01,0,0.0,10.11,71213
164,SMIIO_CROSS_DOWN,SMIIO_CROSS_UP,2024-06-05T16:00:00,2024-06-06T08:00:00,short,71535,71167,100,0.1,7153.5,100.0,36.8,26.69,2241.96,0.03,368,0.51,0,0.0,12137.36,1019538.24,12.14,715.35,0.1,10,5.0,0.01,0,0.0,10.11,71627
165,SMIIO_CROSS_DOWN,SMIIO_CROSS_UP,2024-06-06T16:00:00,2024-06-06T20:00:00,short,71167,70569,100,0.1,7116.7,100.0,59.8,49.69,4173.96,0.05,598,0.84,0,0.0,12187.05,1023712.2,12.19,711.67,0.1,10,5.0,0.01,0,0.0,10.11,71259
166,SMIIO_CROSS_DOWN,SMIIO_CROSS_UP,2024-06-07T12:00:00,2024-06-08T00:00:00,short,71627,69373,100,0.1,7162.7,100.0,225.4,215.29,18084.36,0.22,2254,3.15,0,0.0,12402.34,1041796.56,12.4,716.27,0.1,10,5.0,0.01,0,0.0,10.11,71719
167,SMIIO_CROSS_DOWN,SMIIO_CROSS_UP,2024-06-08T08:00:00,2024-06-08T16:00:00,short,69373,69465,100,0.1,6937.3,100.0,-9.2,-19.31,-1622.04,-0.02,0,0.0,92,0.13,12383.03,1040174.52,12.38,693.73,0.1,10,5.0,0.01,0,0.0,10.11,69465
168,SMIIO_CROSS_DOWN,SMIIO_CROSS_UP,2024-06-08T20:00:00,2024-06-09T08:00:00,short,69373,69373,100,0.1,6937.3,100.0,0.0,-10.11,-849.24,-0.01,0,0.0,0,0.0,12372.92,1039325.28,12.37,693.73,0.1,10,5.0,0.01,0,0.0,10.11,69465
169,SMIIO_CROSS_DOWN,SMIIO_CROSS_UP,2024-06-10T04:00:00,2024-06-10T08:00:00,short,69603,69419,100,0.1,6960.3,100.0,18.4,8.29,696.36,0.01,184,0.26,0,0.0,12381.21,1040021.64,12.38,696.03,0.1,10,5.0,0.01,0,0.0,10.11,69695
170,SMIIO_CROSS_DOWN,SMIIO_CROSS_UP,2024-06-10T16:00:00,2024-06-11T16:00:00,short,69925,66383,100,0.1,6992.5,100.0,354.2,344.09,28903.56,0.34,3542,5.07,0,0.0,12725.3,1068925.2,12.73,699.25,0.1,10,5.0,0.01,0,0.0,10.11,70017
171,SMIIO_CROSS_DOWN,SMIIO_CROSS_UP,2024-06-11T20:00:00,2024-06-12T08:00:00,short,67349,67533,100,0.1,6734.9,100.0,-18.4,-28.51,-2394.84,-0.03,0,0.0,184,0.27,12696.79,1066530.36,12.7,673.49,0.1,10,5.0,0.01,0,0.0,10.11,67441
172,SMIIO_CROSS_DOWN,SMIIO_CROSS_UP,2024-06-12T16:00:00,2024-06-12T20:00:00,short,69649,67625,100,0.1,6964.9,100.0,202.4,192.29,16152.36,0.19,2024,2.91,0,0.0,12889.08,1082682.72,12.89,696.49,0.1,10,5.0,0.01,0,0.0,10.11,69741
173,SMIIO_CROSS_DOWN,SMIIO_CROSS_UP,2024-06-13T00:00:00,2024-06-13T04:00:00,short,68177,67579,100,0.1,6817.7,100.0,59.8,49.69,4173.96,0.05,598,0.88,0,0.0,12938.77,1086856.68,12.94,681.77,0.1,10,5.0,0.01,0,0.0,10.11,68269
174,SMIIO_CROSS_DOWN,SMIIO_CROSS_UP,2024-06-13T12:00:00,2024-06-13T16:00:00,short,67579,66567,100,0.1,6757.9,100.0,101.2,91.09,7651.56,0.09,1012,1.5,0,0.0,13029.86,1094508.24,13.03,675.79,0.1,10,5.0,0.01,0,0.0,10.11,67671
175,SMIIO_CROSS_DOWN,SMIIO_CROSS_UP,2024-06-14T12:00:00,2024-06-14T20:00:00,short,66935,65647,100,0.1,6693.5,100.0,128.8,118.69,9969.96,0.12,1288,1.92,0,0.0,13148.55,1104478.2,13.15,669.35,0.1,10,5.0,0.01,0,0.0,10.11,67027
176,SMIIO_CROSS_DOWN,SMIIO_CROSS_UP,2024-06-15T04:00:00,2024-06-15T08:00:00,short,66153,66245,100,0.1,6615.3,100.0,-9.2,-19.31,-1622.04,-0.02,0,0.0,92,0.14,13129.24,1102856.16,13.13,661.53,0.1,10,5.0,0.01,0,0.0,10.11,66245
177,SMIIO_CROSS_DOWN,SMIIO_CROSS_UP,2024-06-15T16:00:00,2024-06-16T04:00:00,short,66291,66291,100,0.1,6629.1,100.0,0.0,-10.11,-849.24,-0.01,0,0.0,0,0.0,13119.13,1102006.92,13.12,662.91,0.1,10,5.0,0.01,0,0.0,10.11,66383
178,SMIIO_CROSS_DOWN,SMIIO_CROSS_UP,2024-06-16T16:00:00,2024-06-17T16:00:00,short,66613,65463,100,0.1,6661.3,100.0,115.0,104.89,8810.76,0.1,1150,1.73,0,0.0,13224.02,1110817.68,13.22,666.13,0.1,10,5.0,0.01,0,0.0,10.11,66705
179,SMIIO_CROSS_DOWN,SMIIO_CROSS_UP,2024-06-17T20:00:00,2024-06-18T04:00:00,short,66613,65601,100,0.1,6661.3,100.0,101.2,91.09,7651.56,0.09,1012,1.52,0,0.0,13315.11,1118469.24,13.32,666.13,0.1,10,5.0,0.01,0,0.0,10.11,66705
180,SMIIO_CROSS_DOWN,SMIIO_CROSS_UP,2024-06-18T08:00:00,2024-06-18T20:00:00,short,65555,64589,100,0.1,6555.5,100.0,96.6,86.49,7265.16,0.09,966,1.47,0,0.0,13401.6,1125734.4,13.4,655.55,0.1,10,5.0,0.01,0,0.0,10.11,65647
181,SMIIO_CROSS_DOWN,SMIIO_CROSS_UP,2024-06-19T08:00:00,2024-06-19T20:00:00,short,65325,65003,100,0.1,6532.5,100.0,32.2,22.09,1855.56,0.02,322,0.49,0,0.0,13423.69,1127589.96,13.42,653.25,0.1,10,5.0,0.01,0,0.0,10.11,65417
182,SMIIO_CROSS_DOWN,SMIIO_CROSS_UP,2024-06-20T12:00:00,2024-06-20T16:00:00,short,66061,64911,100,0.1,6606.1,100.0,115.0,104.89,8810.76,0.1,1150,1.74,0,0.0,13528.58,1136400.72,13.53,660.61,0.1,10,5.0,0.01,0,0.0,10.11,66153
183,SMIIO_CROSS_DOWN,SMIIO_CROSS_UP,2024-06-20T20:00:00,2024-06-21T16:00:00,short,64911,63853,100,0.1,6491.1,100.0,105.8,95.69,8037.96,0.1,1058,1.63,0,0.0,13624.27,1144438.68,13.62,649.11,0.1,10,5.0,0.01,0,0.0,10.11,65003
184,SMIIO_CROSS_DOWN,SMIIO_CROSS_UP,2024-06-21T20:00:00,2024-06-22T00:00:00,short,64175,64313,100,0.1,6417.5,100.0,-13.8,-23.91,-2008.44,-0.02,0,0.0,138,0.22,13600.36,1142430.24,13.6,641.75,0.1,10,5.0,0.01,0,0.0,10.11,64267
185,SMIIO_CROSS_DOWN,SMIIO_CROSS_UP,2024-06-22T08:00:00,2024-06-23T00:00:00,short,64405,64451,100,0.1,6440.5,100.0,-4.6,-14.71,-1235.64,-0.01,0,0.0,46,0.07,13585.65,1141194.6,13.59,644.05,0.1,10,5.0,0.01,0,0.0,10.11,64497
186,SMIIO_CROSS_DOWN,SMIIO_CROSS_UP,2024-06-23T12:00:00,2024-06-24T20:00:00,short,64359,59483,100,0.1,6435.9,100.0,487.6,477.49,40109.16,0.48,4876,7.58,0,0.0,14063.14,1181303.76,14.06,643.59,0.1,10,5.0,0.01,0,0.0,10.11,64451
187,SMIIO_CROSS_DOWN,SMIIO_CROSS_UP,2024-06-25T04:00:00,2024-06-25T08:00:00,short,61185,60771,100,0.1,6118.5,100.0,41.4,31.29,2628.36,0.03,414,0.68,0,0.0,14094.43,1183932.12,14.09,611.85,0.1,10,5.0,0.01,0,0.0,10.11,61277
188,SMIIO_CROSS_DOWN,SMIIO_CROSS_UP,2024-06-25T20:00:00,2024-06-27T00:00:00,short,61875,61001,100,0.1,6187.5,100.0,87.4,77.29,6492.36,0.08,874,1.41,0,0.0,14171.72,1190424.48,14.17,618.75,0.1,10,5.0,0.01,0,0.0,10.11,61967
189,SMIIO_CROSS_DOWN,SMIIO_CROSS_UP,2024-06-27T04:00:00,2024-06-27T08:00:00,short,60817,60863,100,0.1,6081.7,100.0,-4.6,-14.71,-1235.64,-0.01,0,0.0,46,0.08,14157.01,1189188.84,14.16,608.17,0.1,10,5.0,0.01,0,0.0,10.11,60909
190,SMIIO_CROSS_DOWN,SMIIO_CROSS_UP,2024-06-27T16:00:00,2024-06-27T20:00:00,short,61461,61645,100,0.1,6146.1,100.0,-18.4,-28.51,-2394.84,-0.03,0,0.0,184,0.3,14128.5,1186794.0,14.13,614.61,0.1,10,5.0,0.01,0,0.0,10.11,61553
191,SMIIO_CROSS_DOWN,SMIIO_CROSS_UP,2024-06-28T04:00:00,2024-06-28T08:00:00,short,61691,61415,100,0.1,6169.1,100.0,27.6,17.49,1469.16,0.02,276,0.45,0,0.0,14145.99,1188263.16,14.15,616.91,0.1,10,5.0,0.01,0,0.0,10.11,61783
192,SMIIO_CROSS_DOWN,SMIIO_CROSS_UP,2024-06-28T12:00:00,2024-06-28T20:00:00,short,61553,60265,100,0.1,6155.3,100.0,128.8,118.69,9969.96,0.12,1288,2.09,0,0.0,14264.68,1198233.12,14.26,615.53,0.1,10,5.0,0.01,0,0.0,10.11,61645
193,SMIIO_CROSS_DOWN,SMIIO_CROSS_UP,2024-06-29T20:00:00,2024-06-30T04:00:00,short,61001,61185,100,0.1,6100.1,100.0,-18.4,-28.51,-2394.84,-0.03,0,0.0,184,0.3,14236.17,1195838.28,14.24,610.01,0.1,10,5.0,0.01,0,0.0,10.11,61093
194,SMIIO_CROSS_DOWN,SMIIO_CROSS_UP,2024-07-01T04:00:00,2024-07-01T12:00:00,short,63301,62795,100,0.1,6330.1,100.0,50.6,40.49,3401.16,0.04,506,0.8,0,0.0,14276.66,1199239.44,14.28,633.01,0.1,10,5.0,0.01,0,0.0,10.11,63393
195,SMIIO_CROSS_DOWN,SMIIO_CROSS_UP,2024-07-01T20:00:00,2024-07-02T00:00:00,short,63117,63025,100,0.1,6311.7,100.0,9.2,-0.91,-76.44,-0.0,92,0.15,0,0.0,14275.75,1199163.0,14.28,631.17,0.1,10,5.0,0.01,0,0.0,10.11,63209
196,SMIIO_CROSS_DOWN,SMIIO_CROSS_UP,2024-07-02T04:00:00,2024-07-02T08:00:00,short,63025,62703,100,0.1,6302.5,100.0,32.2,22.09,1855.56,0.02,322,0.51,0,0.0,14297.84,1201018.56,14.3,630.25,0.1,10,5.0,0.01,0,0.0,10.11,63117
197,SMIIO_CROSS_DOWN,SMIIO_CROSS_UP,2024-07-02T12:00:00,2024-07-02T20:00:00,short,62749,62013,100,0.1,6274.9,100.0,73.6,63.49,5333.16,0.06,736,1.17,0,0.0,14361.33,1206351.72,14.36,627.49,0.1,10,5.0,0.01,0,0.0,10.11,62841
198,SMIIO_CROSS_DOWN,SMIIO_CROSS_UP,2024-07-03T00:00:00,2024-07-03T20:00:00,short,61967,59805,100,0.1,6196.7,100.0,216.2,206.09,17311.56,0.21,2162,3.49,0,0.0,14567.42,1223663.28,14.57,619.67,0.1,10,5.0,0.01,0,0.0,10.11,62059
199,SMIIO_CROSS_DOWN,SMIIO_CROSS_UP,2024-07-04T00:00:00,2024-07-04T12:00:00,short,60173,57873,100,0.1,6017.3,100.0,230.0,219.89,18470.76,0.22,2300,3.82,0,0.0,14787.31,1242134.04,14.79,601.73,0.1,10,5.0,0.01,0,0.0,10.11,60265
200,SMIIO_CROSS_DOWN,SMIIO_CROSS_UP,2024-07-04T20:00:00,2024-07-05T08:00:00,short,58103,54515,100,0.1,5810.3,100.0,358.8,348.69,29289.96,0.35,3588,6.18,0,0.0,15136.0,1271424.0,15.14,581.03,0.1,10,5.0,0.01,0,0.0,10.11,58195
201,SMIIO_CROSS_DOWN,SMIIO_CROSS_UP,2024-07-05T16:00:00,2024-07-06T04:00:00,short,56539,56539,100,0.1,5653.9,100.0,0.0,-10.11,-849.24,-0.01,0,0.0,0,0.0,15125.89,1270574.76,15.13,565.39,0.1,10,5.0,0.01,0,0.0,10.11,56631
202,SMIIO_CROSS_DOWN,SMIIO_CROSS_UP,2024-07-07T00:00:00,2024-07-07T16:00:00,short,58149,56953,100,0.1,5814.9,100.0,119.6,109.49,9197.16,0.11,1196,2.06,0,0.0,15235.38,1279771.92,15.24,581.49,0.1,10,5.0,0.01,0,0.0,10.11,58241
203,SMIIO_CROSS_DOWN,SMIIO_CROSS_UP,2024-07-07T20:00:00,2024-07-08T04:00:00,short,57045,55251,100,0.1,5704.5,100.0,179.4,169.29,14220.36,0.17,1794,3.14,0,0.0,15404.67,1293992.28,15.4,570.45,0.1,10,5.0,0.01,0,0.0,10.11,57137
204,SMIIO_CROSS_DOWN,SMIIO_CROSS_UP,2024-07-08T12:00:00,2024-07-08T16:00:00,short,57045,55849,100,0.1,5704.5,100.0,119.6,109.49,9197.16,0.11,1196,2.1,0,0.0,15514.16,1303189.44,15.51,570.45,0.1,10,5.0,0.01,0,0.0,10.11,57137
205,SMIIO_CROSS_DOWN,SMIIO_CROSS_UP,2024-07-10T08:00:00,2024-07-10T20:00:00,short,58839,57505,100,0.1,5883.9,100.0,133.4,123.29,10356.36,0.12,1334,2.27,0,0.0,15637.45,1313545.8,15.64,588.39,0.1,10,5.0,0.01,0,0.0,10.11,58931
206,SMIIO_CROSS_DOWN,SMIIO_CROSS_UP,2024-07-11T00:00:00,2024-07-11T04:00:00,short,57597,57643,100,0.1,5759.7,100.0,-4.6,-14.71,-1235.64,-0.01,0,0.0,46,0.08,15622.74,1312310.16,15.62,575.97,0.1,10,5.0,0.01,0,0.0,10.11,57689
207,SMIIO_CROSS_DOWN,SMIIO_CROSS_UP,2024-07-11T12:00:00,2024-07-12T04:00:00,short,58655,56999,100,0.1,5865.5,100.0,165.6,155.49,13061.16,0.16,1656,2.82,0,0.0,15778.23,1325371.32,15.78,586.55,0.1,10,5.0,0.01,0,0.0,10.11,58747
208,SMIIO_CROSS_DOWN,SMIIO_CROSS_UP,2024-07-12T16:00:00,2024-07-12T20:00:00,short,58103,57643,100,0.1,5810.3,100.0,46.0,35.89,3014.76,0.04,460,0.79,0,0.0,15814.12,1328386.08,15.81,581.03,0.1,10,5.0,0.01,0,0.0,10.11,58195
209,SMIIO_CROSS_DOWN,SMIIO_CROSS_UP,2024-07-13T00:00:00,2024-07-13T04:00:00,short,57781,57919,100,0.1,5778.1,100.0,-13.8,-23.91,-2008.44,-0.02,0,0.0,138,0.24,15790.21,1326377.64,15.79,577.81,0.1,10,5.0,0.01,0,0.0,10.11,57873
210,SMIIO_CROSS_DOWN,SMIIO_CROSS_UP,2024-07-13T16:00:00,2024-07-13T20:00:00,short,58701,58793,100,0.1,5870.1,100.0,-9.2,-19.31,-1622.04,-0.02,0,0.0,92,0.16,15770.9,1324755.6,15.77,587.01,0.1,10,5.0,0.01,0,0.0,10.11,58793
211,SMIIO_CROSS_DOWN,SMIIO_CROSS_UP,2024-07-14T16:00:00,2024-07-14T20:00:00,short,59989,60127,100,0.1,5998.9,100.0,-13.8,-23.91,-2008.44,-0.02,0,0.0,138,0.23,15746.99,1322747.16,15.75,599.89,0.1,10,5.0,0.01,0,0.0,10.11,60081
212,SMIIO_CROSS_DOWN,SMIIO_CROSS_UP,2024-07-15T08:00:00,2024-07-15T12:00:00,short,62703,62565,100,0.1,6270.3,100.0,13.8,3.69,309.96,0.0,138,0.22,0,0.0,15750.68,1323057.12,15.75,627.03,0.1,10,5.0,0.01,0,0.0,10.11,62795
213,SMIIO_CROSS_DOWN,SMIIO_CROSS_UP,2024-07-16T04:00:00,2024-07-16T08:00:00,short,64635,62979,100,0.1,6463.5,100.0,165.6,155.49,13061.16,0.16,1656,2.56,0,0.0,15906.17,1336118.28,15.91,646.35,0.1,10,5.0,0.01,0,0.0,10.11,64727
214,SMIIO_CROSS_DOWN,SMIIO_CROSS_UP,2024-07-16T20:00:00,2024-07-17T00:00:00,short,65049,65233,100,0.1,6504.9,100.0,-18.4,-28.51,-2394.84,-0.03,0,0.0,184,0.28,15877.66,1333723.44,15.88,650.49,0.1,10,5.0,0.01,0,0.0,10.11,65141
215,SMIIO_CROSS_DOWN,SMIIO_CROSS_UP,2024-07-17T04:00:00,2024-07-18T00:00:00,short,65601,64221,100,0.1,6560.1,100.0,138.0,127.89,10742.76,0.13,1380,2.1,0,0.0,16005.55,1344466.2,16.01,656.01,0.1,10,5.0,0.01,0,0.0,10.11,65693
216,SMIIO_CROSS_DOWN,SMIIO_CROSS_UP,2024-07-18T04:00:00,2024-07-18T20:00:00,short,64819,63577,100,0.1,6481.9,100.0,124.2,114.09,9583.56,0.11,1242,1.92,0,0.0,16119.64,1354049.76,16.12,648.19,0.1,10,5.0,0.01,0,0.0,10.11,64911
217,SMIIO_CROSS_DOWN,SMIIO_CROSS_UP,2024-07-19T04:00:00,2024-07-19T08:00:00,short,64221,63761,100,0.1,6422.1,100.0,46.0,35.89,3014.76,0.04,460,0.72,0,0.0,16155.53,1357064.52,16.16,642.21,0.1,10,5.0,0.01,0,0.0,10.11,64313
218,SMIIO_CROSS_DOWN,SMIIO_CROSS_UP,2024-07-19T20:00:00,2024-07-20T12:00:00,short,67027,66567,100,0.1,6702.7,100.0,46.0,35.89,3014.76,0.04,460,0.69,0,0.0,16191.42,1360079.28,16.19,670.27,0.1,10,5.0,0.01,0,0.0,10.11,67119
219,SMIIO_CROSS_DOWN,SMIIO_CROSS_UP,2024-07-21T04:00:00,2024-07-21T08:00:00,short,67119,66751,100,0.1,6711.9,100.0,36.8,26.69,2241.96,0.03,368,0.55,0,0.0,16218.11,1362321.24,16.22,671.19,0.1,10,5.0,0.01,0,0.0,10.11,67211
220,SMIIO_CROSS_DOWN,SMIIO_CROSS_UP,2024-07-22T00:00:00,2024-07-22T08:00:00,short,68039,67349,100,0.1,6803.9,100.0,69.0,58.89,4946.76,0.06,690,1.01,0,0.0,16277.0,1367268.0,16.28,680.39,0.1,10,5.0,0.01,0,0.0,10.11,68131
221,SMIIO_CROSS_DOWN,SMIIO_CROSS_UP,2024-07-22T12:00:00,2024-07-22T16:00:00,short,67349,67119,100,0.1,6734.9,100.0,23.0,12.89,1082.76,0.01,230,0.34,0,0.0,16289.89,1368350.76,16.29,673.49,0.1,10,5.0,0.01,0,0.0,10.11,67441
222,SMIIO_CROSS_DOWN,SMIIO_CROSS_UP,2024-07-22T20:00:00,2024-07-23T08:00:00,short,68131,66659,100,0.1,6813.1,100.0,147.2,137.09,11515.56,0.14,1472,2.16,0,0.0,16426.98,1379866.32,16.43,681.31,0.1,10,5.0,0.01,0,0.0,10.11,68223
223,SMIIO_CROSS_DOWN,SMIIO_CROSS_UP,2024-07-23T16:00:00,2024-07-23T20:00:00,short,66475,65647,100,0.1,6647.5,100.0,82.8,72.69,6105.96,0.07,828,1.25,0,0.0,16499.67,1385972.28,16.5,664.75,0.1,10,5.0,0.01,0,0.0,10.11,66567
224,SMIIO_CROSS_DOWN,SMIIO_CROSS_UP,2024-07-24T12:00:00,2024-07-25T12:00:00,short,66245,64221,100,0.1,6624.5,100.0,202.4,192.29,16152.36,0.19,2024,3.06,0,0.0,16691.96,1402124.64,16.69,662.45,0.1,10,5.0,0.01,0,0.0,10.11,66337
225,SMIIO_CROSS_DOWN,SMIIO_CROSS_UP,2024-07-25T16:00:00,2024-07-25T20:00:00,short,64727,64865,100,0.1,6472.7,100.0,-13.8,-23.91,-2008.44,-0.02,0,0.0,138,0.21,16668.05,1400116.2,16.67,647.27,0.1,10,5.0,0.01,0,0.0,10.11,64819
226,SMIIO_CROSS_DOWN,SMIIO_CROSS_UP,2024-07-26T04:00:00,2024-07-26T08:00:00,short,66935,67119,100,0.1,6693.5,100.0,-18.4,-28.51,-2394.84,-0.03,0,0.0,184,0.27,16639.54,1397721.36,16.64,669.35,0.1,10,5.0,0.01,0,0.0,10.11,67027
227,SMIIO_CROSS_DOWN,SMIIO_CROSS_UP,2024-07-27T00:00:00,2024-07-27T04:00:00,short,67855,67947,100,0.1,6785.5,100.0,-9.2,-19.31,-1622.04,-0.02,0,0.0,92,0.14,16620.23,1396099.32,16.62,678.55,0.1,10,5.0,0.01,0,0.0,10.11,67947
228,SMIIO_CROSS_DOWN,SMIIO_CROSS_UP,2024-07-27T16:00:00,2024-07-28T08:00:00,short,68729,67671,100,0.1,6872.9,100.0,105.8,95.69,8037.96,0.1,1058,1.54,0,0.0,16715.92,1404137.28,16.72,687.29,0.1,10,5.0,0.01,0,0.0,10.11,68821
229,SMIIO_CROSS_DOWN,SMIIO_CROSS_UP,2024-07-28T12:00:00,2024-07-28T16:00:00,short,67671,67717,100,0.1,6767.1,100.0,-4.6,-14.71,-1235.64,-0.01,0,0.0,46,0.07,16701.21,1402901.64,16.7,676.71,0.1,10,5.0,0.01,0,0.0,10.11,67763
230,SMIIO_CROSS_DOWN,SMIIO_CROSS_UP,2024-07-29T12:00:00,2024-07-30T04:00:00,short,69465,66705,100,0.1,6946.5,100.0,276.0,265.89,22334.76,0.27,2760,3.97,0,0.0,16967.1,1425236.4,16.97,694.65,0.1,10,5.0,0.01,0,0.0,10.11,69557
231,SMIIO_CROSS_DOWN,SMIIO_CROSS_UP,2024-07-30T08:00:00,2024-07-30T20:00:00,short,66843,66015,100,0.1,6684.3,100.0,82.8,72.69,6105.96,0.07,828,1.24,0,0.0,17039.79,1431342.36,17.04,668.43,0.1,10,5.0,0.01,0,0.0,10.11,66935
232,SMIIO_CROSS_DOWN,SMIIO_CROSS_UP,2024-07-31T08:00:00,2024-07-31T12:00:00,short,66107,66199,100,0.1,6610.7,100.0,-9.2,-19.31,-1622.04,-0.02,0,0.0,92,0.14,17020.48,1429720.32,17.02,661.07,0.1,10,5.0,0.01,0,0.0,10.11,66199
233,SMIIO_CROSS_DOWN,SMIIO_CROSS_UP,2024-07-31T16:00:00,2024-08-01T04:00:00,short,66291,64083,100,0.1,6629.1,100.0,220.8,210.69,17697.96,0.21,2208,3.33,0,0.0,17231.17,1447418.28,17.23,662.91,0.1,10,5.0,0.01,0,0.0,10.11,66383
234,SMIIO_CROSS_DOWN,SMIIO_CROSS_UP,2024-08-01T12:00:00,2024-08-01T16:00:00,short,64543,62979,100,0.1,6454.3,100.0,156.4,146.29,12288.36,0.15,1564,2.42,0,0.0,17377.46,1459706.64,17.38,645.43,0.1,10,5.0,0.01,0,0.0,10.11,64635
235,SMIIO_CROSS_DOWN,SMIIO_CROSS_UP,2024-08-02T00:00:00,2024-08-02T08:00:00,short,65233,64313,100,0.1,6523.3,100.0,92.0,81.89,6878.76,0.08,920,1.41,0,0.0,17459.35,1466585.4,17.46,652.33,0.1,10,5.0,0.01,0,0.0,10.11,65325
236,SMIIO_CROSS_DOWN,SMIIO_CROSS_UP,2024-08-02T12:00:00,2024-08-03T00:00:00,short,64543,61645,100,0.1,6454.3,100.0,289.8,279.69,23493.96,0.28,2898,4.49,0,0.0,17739.04,1490079.36,17.74,645.43,0.1,10,5.0,0.01,0,0.0,10.11,64635
237,SMIIO_CROSS_DOWN,SMIIO_CROSS_UP,2024-08-03T04:00:00,2024-08-03T08:00:00,short,61783,61783,100,0.1,6178.3,100.0,0.0,-10.11,-849.24,-0.01,0,0.0,0,0.0,17728.93,1489230.12,17.73,617.83,0.1,10,5.0,0.01,0,0.0,10.11,61875
238,SMIIO_CROSS_DOWN,SMIIO_CROSS_UP,2024-08-03T12:00:00,2024-08-03T20:00:00,short,61783,60357,100,0.1,6178.3,100.0,142.6,132.49,11129.16,0.13,1426,2.31,0,0.0,17861.42,1500359.28,17.86,617.83,0.1,10,5.0,0.01,0,0.0,10.11,61875
239,SMIIO_CROSS_DOWN,SMIIO_CROSS_UP,2024-08-04T04:00:00,2024-08-04T08:00:00,short,60587,60495,100,0.1,6058.7,100.0,9.2,-0.91,-76.44,-0.0,92,0.15,0,0.0,17860.51,1500282.84,17.86,605.87,0.1,10,5.0,0.01,0,0.0,10.11,60679
240,SMIIO_CROSS_DOWN,SMIIO_CROSS_UP,2024-08-04T12:00:00,2024-08-04T16:00:00,short,60817,59161,100,0.1,6081.7,100.0,165.6,155.49,13061.16,0.16,1656,2.72,0,0.0,18016.0,1513344.0,18.02,608.17,0.1,10,5.0,0.01,0,0.0,10.11,60909
241,SMIIO_CROSS_DOWN,SMIIO_CROSS_UP,2024-08-04T20:00:00,2024-08-05T12:00:00,short,59115,51479,100,0.1,5911.5,100.0,763.6,753.49,63293.16,0.75,7636,12.92,0,0.0,18769.49,1576637.16,18.77,591.15,0.1,10,5.0,0.01,0,0.0,10.11,59207
242,SMIIO_CROSS_DOWN,SMIIO_CROSS_UP,2024-08-05T16:00:00,2024-08-05T20:00:00,short,54239,53549,100,0.1,5423.9,100.0,69.0,58.89,4946.76,0.06,690,1.27,0,0.0,18828.38,1581583.92,18.83,542.39,0.1,10,5.0,0.01,0,0.0,10.11,54331
243,SMIIO_CROSS_DOWN,SMIIO_CROSS_UP,2024-08-06T08:00:00,2024-08-06T12:00:00,short,55895,55297,100,0.1,5589.5,100.0,59.8,49.69,4173.96,0.05,598,1.07,0,0.0,18878.07,1585757.88,18.88,558.95,0.1,10,5.0,0.01,0,0.0,10.11,55987
244,SMIIO_CROSS_DOWN,SMIIO_CROSS_UP,2024-08-06T20:00:00,2024-08-07T00:00:00,short,56631,56079,100,0.1,5663.1,100.0,55.2,45.09,3787.56,0.05,552,0.97,0,0.0,18923.16,1589545.44,18.92,566.31,0.1,10,5.0,0.01,0,0.0,10.11,56723
245,SMIIO_CROSS_DOWN,SMIIO_CROSS_UP,2024-08-07T12:00:00,2024-08-07T20:00:00,short,56861,54883,100,0.1,5686.1,100.0,197.8,187.69,15765.96,0.19,1978,3.48,0,0.0,19110.85,1605311.4,19.11,568.61,0.1,10,5.0,0.01,0,0.0,10.11,56953
246,SMIIO_CROSS_DOWN,SMIIO_CROSS_UP,2024-08-09T00:00:00,2024-08-09T16:00:00,short,61599,59943,100,0.1,6159.9,100.0,165.6,155.49,13061.16,0.16,1656,2.69,0,0.0,19266.34,1618372.56,19.27,615.99,0.1,10,5.0,0.01,0,0.0,10.11,61691
247,SMIIO_CROSS_DOWN,SMIIO_CROSS_UP,2024-08-10T00:00:00,2024-08-10T04:00:00,short,60725,60541,100,0.1,6072.5,100.0,18.4,8.29,696.36,0.01,184,0.3,0,0.0,19274.63,1619068.92,19.27,607.25,0.1,10,5.0,0.01,0,0.0,10.11,60817
248,SMIIO_CROSS_DOWN,SMIIO_CROSS_UP,2024-08-10T12:00:00,2024-08-10T16:00:00,short,60817,60633,100,0.1,6081.7,100.0,18.4,8.29,696.36,0.01,184,0.3,0,0.0,19282.92,1619765.28,19.28,608.17,0.1,10,5.0,0.01,0,0.0,10.11,60909
249,SMIIO_CROSS_DOWN,SMIIO_CROSS_UP,2024-08-10T20:00:00,2024-08-11T00:00:00,short,60955,61093,100,0.1,6095.5,100.0,-13.8,-23.91,-2008.44,-0.02,0,0.0,138,0.23,19259.01,1617756.84,19.26,609.55,0.1,10,5.0,0.01,0,0.0,10.11,61047
250,SMIIO_CROSS_DOWN,SMIIO_CROSS_UP,2024-08-11T08:00:00,2024-08-12T04:00:00,short,61001,58609,100,0.1,6100.1,100.0,239.2,229.09,19243.56,0.23,2392,3.92,0,0.0,19488.1,1637000.4,19.49,610.01,0.1,10,5.0,0.01,0,0.0,10.11,61093
251,SMIIO_CROSS_DOWN,SMIIO_CROSS_UP,2024-08-12T16:00:00,2024-08-12T20:00:00,short,60081,59115,100,0.1,6008.1,100.0,96.6,86.49,7265.16,0.09,966,1.61,0,0.0,19574.59,1644265.56,19.57,600.81,0.1,10,5.0,0.01,0,0.0,10.11,60173
252,SMIIO_CROSS_DOWN,SMIIO_CROSS_UP,2024-08-13T00:00:00,2024-08-13T04:00:00,short,59253,59115,100,0.1,5925.3,100.0,13.8,3.69,309.96,0.0,138,0.23,0,0.0,19578.28,1644575.52,19.58,592.53,0.1,10,5.0,0.01,0,0.0,10.11,59345
253,SMIIO_CROSS_DOWN,SMIIO_CROSS_UP,2024-08-13T08:00:00,2024-08-13T12:00:00,short,59115,58885,100,0.1,5911.5,100.0,23.0,12.89,1082.76,0.01,230,0.39,0,0.0,19591.17,1645658.28,19.59,591.15,0.1,10,5.0,0.01,0,0.0,10.11,59207
254,SMIIO_CROSS_DOWN,SMIIO_CROSS_UP,2024-08-13T20:00:00,2024-08-14T00:00:00,short,60679,60817,100,0.1,6067.9,100.0,-13.8,-23.91,-2008.44,-0.02,0,0.0,138,0.23,19567.26,1643649.84,19.57,606.79,0.1,10,5.0,0.01,0,0.0,10.11,60771
255,SMIIO_CROSS_DOWN,SMIIO_CROSS_UP,2024-08-14T12:00:00,2024-08-15T08:00:00,short,61185,58149,100,0.1,6118.5,100.0,303.6,293.49,24653.16,0.29,3036,4.96,0,0.0,19860.75,1668303.0,19.86,611.85,0.1,10,5.0,0.01,0,0.0,10.11,61277
256,SMIIO_CROSS_DOWN,SMIIO_CROSS_UP,2024-08-15T16:00:00,2024-08-15T20:00:00,short,59575,57091,100,0.1,5957.5,100.0,248.4,238.29,20016.36,0.24,2484,4.17,0,0.0,20099.04,1688319.36,20.1,595.75,0.1,10,5.0,0.01,0,0.0,10.11,59667
257,SMIIO_CROSS_DOWN,SMIIO_CROSS_UP,2024-08-16T12:00:00,2024-08-16T16:00:00,short,58333,58195,100,0.1,5833.3,100.0,13.8,3.69,309.96,0.0,138,0.24,0,0.0,20102.73,1688629.32,20.1,583.33,0.1,10,5.0,0.01,0,0.0,10.11,58425
258,SMIIO_CROSS_DOWN,SMIIO_CROSS_UP,2024-08-16T20:00:00,2024-08-17T00:00:00,short,59575,58931,100,0.1,5957.5,100.0,64.4,54.29,4560.36,0.05,644,1.08,0,0.0,20157.02,1693189.68,20.16,595.75,0.1,10,5.0,0.01,0,0.0,10.11,59667
259,SMIIO_CROSS_DOWN,SMIIO_CROSS_UP,2024-08-18T00:00:00,2024-08-18T04:00:00,short,59391,59483,100,0.1,5939.1,100.0,-9.2,-19.31,-1622.04,-0.02,0,0.0,92,0.15,20137.71,1691567.64,20.14,593.91,0.1,10,5.0,0.01,0,0.0,10.11,59483
260,SMIIO_CROSS_DOWN,SMIIO_CROSS_UP,2024-08-18T12:00:00,2024-08-19T00:00:00,short,59897,58517,100,0.1,5989.7,100.0,138.0,127.89,10742.76,0.13,1380,2.3,0,0.0,20265.6,1702310.4,20.27,598.97,0.1,10,5.0,0.01,0,0.0,10.11,59989
261,SMIIO_CROSS_DOWN,SMIIO_CROSS_UP,2024-08-19T04:00:00,2024-08-19T12:00:00,short,58609,58517,100,0.1,5860.9,100.0,9.2,-0.91,-76.44,-0.0,92,0.16,0,0.0,20264.69,1702233.96,20.26,586.09,0.1,10,5.0,0.01,0,0.0,10.11,58701
262,SMIIO_CROSS_DOWN,SMIIO_CROSS_UP,2024-08-20T08:00:00,2024-08-20T16:00:00,short,60817,58931,100,0.1,6081.7,100.0,188.6,178.49,14993.16,0.18,1886,3.1,0,0.0,20443.18,1717227.12,20.44,608.17,0.1,10,5.0,0.01,0,0.0,10.11,60909
263,SMIIO_CROSS_DOWN,SMIIO_CROSS_UP,2024-08-20T20:00:00,2024-08-21T00:00:00,short,59437,59069,100,0.1,5943.7,100.0,36.8,26.69,2241.96,0.03,368,0.62,0,0.0,20469.87,1719469.08,20.47,594.37,0.1,10,5.0,0.01,0,0.0,10.11,59529
264,SMIIO_CROSS_DOWN,SMIIO_CROSS_UP,2024-08-21T08:00:00,2024-08-21T12:00:00,short,59621,59483,100,0.1,5962.1,100.0,13.8,3.69,309.96,0.0,138,0.23,0,0.0,20473.56,1719779.04,20.47,596.21,0.1,10,5.0,0.01,0,0.0,10.11,59713
265,SMIIO_CROSS_DOWN,SMIIO_CROSS_UP,2024-08-21T20:00:00,2024-08-22T04:00:00,short,61461,60633,100,0.1,6146.1,100.0,82.8,72.69,6105.96,0.07,828,1.35,0,0.0,20546.25,1725885.0,20.55,614.61,0.1,10,5.0,0.01,0,0.0,10.11,61553
266,SMIIO_CROSS_DOWN,SMIIO_CROSS_UP,2024-08-22T12:00:00,2024-08-23T00:00:00,short,61231,60403,100,0.1,6123.1,100.0,82.8,72.69,6105.96,0.07,828,1.35,0,0.0,20618.94,1731990.96,20.62,612.31,0.1,10,5.0,0.01,0,0.0,10.11,61323
267,SMIIO_CROSS_DOWN,SMIIO_CROSS_UP,2024-08-23T08:00:00,2024-08-23T12:00:00,short,60955,60863,100,0.1,6095.5,100.0,9.2,-0.91,-76.44,-0.0,92,0.15,0,0.0,20618.03,1731914.52,20.62,609.55,0.1,10,5.0,0.01,0,0.0,10.11,61047
268,SMIIO_CROSS_DOWN,SMIIO_CROSS_UP,2024-08-24T00:00:00,2024-08-24T04:00:00,short,63945,63991,100,0.1,6394.5,100.0,-4.6,-14.71,-1235.64,-0.01,0,0.0,46,0.07,20603.32,1730678.88,20.6,639.45,0.1,10,5.0,0.01,0,0.0,10.11,64037
269,SMIIO_CROSS_DOWN,SMIIO_CROSS_UP,2024-08-24T08:00:00,2024-08-24T16:00:00,short,64221,64037,100,0.1,6422.1,100.0,18.4,8.29,696.36,0.01,184,0.29,0,0.0,20611.61,1731375.24,20.61,642.21,0.1,10,5.0,0.01,0,0.0,10.11,64313
270,SMIIO_CROSS_DOWN,SMIIO_CROSS_UP,2024-08-25T00:00:00,2024-08-25T12:00:00,short,64083,64037,100,0.1,6408.3,100.0,4.6,-5.51,-462.84,-0.01,46,0.07,0,0.0,20606.1,1730912.4,20.61,640.83,0.1,10,5.0,0.01,0,0.0,10.11,64175
271,SMIIO_CROSS_DOWN,SMIIO_CROSS_UP,2024-08-26T04:00:00,2024-08-26T08:00:00,short,64037,63715,100,0.1,6403.7,100.0,32.2,22.09,1855.56,0.02,322,0.5,0,0.0,20628.19,1732767.96,20.63,640.37,0.1,10,5.0,0.01,0,0.0,10.11,64129
272,SMIIO_CROSS_DOWN,SMIIO_CROSS_UP,2024-08-26T12:00:00,2024-08-27T00:00:00,short,63669,62933,100,0.1,6366.9,100.0,73.6,63.49,5333.16,0.06,736,1.16,0,0.0,20691.68,1738101.12,20.69,636.69,0.1,10,5.0,0.01,0,0.0,10.11,63761
273,SMIIO_CROSS_DOWN,SMIIO_CROSS_UP,2024-08-27T08:00:00,2024-08-27T16:00:00,short,62749,61829,100,0.1,6274.9,100.0,92.0,81.89,6878.76,0.08,920,1.47,0,0.0,20773.57,1744979.88,20.77,627.49,0.1,10,5.0,0.01,0,0.0,10.11,62841
274,SMIIO_CROSS_DOWN,SMIIO_CROSS_UP,2024-08-27T20:00:00,2024-08-28T00:00:00,short,61967,59483,100,0.1,6196.7,100.0,248.4,238.29,20016.36,0.24,2484,4.01,0,0.0,21011.86,1764996.24,21.01,619.67,0.1,10,5.0,0.01,0,0.0,10.11,62059
275,SMIIO_CROSS_DOWN,SMIIO_CROSS_UP,2024-08-28T04:00:00,2024-08-28T08:00:00,short,59437,58655,100,0.1,5943.7,100.0,78.2,68.09,5719.56,0.07,782,1.32,0,0.0,21079.95,1770715.8,21.08,594.37,0.1,10,5.0,0.01,0,0.0,10.11,59529
276,SMIIO_CROSS_DOWN,SMIIO_CROSS_UP,2024-08-28T12:00:00,2024-08-28T20:00:00,short,59851,59023,100,0.1,5985.1,100.0,82.8,72.69,6105.96,0.07,828,1.38,0,0.0,21152.64,1776821.76,21.15,598.51,0.1,10,5.0,0.01,0,0.0,10.11,59943
277,SMIIO_CROSS_DOWN,SMIIO_CROSS_UP,2024-08-29T16:00:00,2024-08-29T20:00:00,short,60679,59299,100,0.1,6067.9,100.0,138.0,127.89,10742.76,0.13,1380,2.27,0,0.0,21280.53,1787564.52,21.28,606.79,0.1,10,5.0,0.01,0,0.0,10.11,60771
278,SMIIO_CROSS_DOWN,SMIIO_CROSS_UP,2024-08-30T00:00:00,2024-08-30T04:00:00,short,59161,59115,100,0.1,5916.1,100.0,4.6,-5.51,-462.84,-0.01,46,0.08,0,0.0,21275.02,1787101.68,21.28,591.61,0.1,10,5.0,0.01,0,0.0,10.11,59253
279,SMIIO_CROSS_DOWN,SMIIO_CROSS_UP,2024-08-30T12:00:00,2024-08-30T16:00:00,short,59207,58149,100,0.1,5920.7,100.0,105.8,95.69,8037.96,0.1,1058,1.79,0,0.0,21370.71,1795139.64,21.37,592.07,0.1,10,5.0,0.01,0,0.0,10.11,59299
280,SMIIO_CROSS_DOWN,SMIIO_CROSS_UP,2024-08-31T04:00:00,2024-09-01T16:00:00,short,59115,58333,100,0.1,5911.5,100.0,78.2,68.09,5719.56,0.07,782,1.32,0,0.0,21438.8,1800859.2,21.44,591.15,0.1,10,5.0,0.01,0,0.0,10.11,59207
281,SMIIO_CROSS_DOWN,SMIIO_CROSS_UP,2024-09-01T20:00:00,2024-09-02T00:00:00,short,58333,57367,100,0.1,5833.3,100.0,96.6,86.49,7265.16,0.09,966,1.66,0,0.0,21525.29,1808124.36,21.53,583.33,0.1,10,5.0,0.01,0,0.0,10.11,58425
282,SMIIO_CROSS_DOWN,SMIIO_CROSS_UP,2024-09-02T04:00:00,2024-09-02T08:00:00,short,57597,57643,100,0.1,5759.7,100.0,-4.6,-14.71,-1235.64,-0.01,0,0.0,46,0.08,21510.58,1806888.72,21.51,575.97,0.1,10,5.0,0.01,0,0.0,10.11,57689
283,SMIIO_CROSS_DOWN,SMIIO_CROSS_UP,2024-09-03T12:00:00,2024-09-03T16:00:00,short,59023,57781,100,0.1,5902.3,100.0,124.2,114.09,9583.56,0.11,1242,2.1,0,0.0,21624.67,1816472.28,21.62,590.23,0.1,10,5.0,0.01,0,0.0,10.11,59115
284,SMIIO_CROSS_DOWN,SMIIO_CROSS_UP,2024-09-03T20:00:00,2024-09-04T12:00:00,short,57919,56677,100,0.1,5791.9,100.0,124.2,114.09,9583.56,0.11,1242,2.14,0,0.0,21738.76,1826055.84,21.74,579.19,0.1,10,5.0,0.01,0,0.0,10.11,58011
285,SMIIO_CROSS_DOWN,SMIIO_CROSS_UP,2024-09-04T16:00:00,2024-09-05T20:00:00,short,58057,56079,100,0.1,5805.7,100.0,197.8,187.69,15765.96,0.19,1978,3.41,0,0.0,21926.45,1841821.8,21.93,580.57,0.1,10,5.0,0.01,0,0.0,10.11,58149
286,SMIIO_CROSS_DOWN,SMIIO_CROSS_UP,2024-09-06T04:00:00,2024-09-06T08:00:00,short,56447,55849,100,0.1,5644.7,100.0,59.8,49.69,4173.96,0.05,598,1.06,0,0.0,21976.14,1845995.76,21.98,564.47,0.1,10,5.0,0.01,0,0.0,10.11,56539
287,SMIIO_CROSS_DOWN,SMIIO_CROSS_UP,2024-09-06T12:00:00,2024-09-06T20:00:00,short,55849,53641,100,0.1,5584.9,100.0,220.8,210.69,17697.96,0.21,2208,3.95,0,0.0,22186.83,1863693.72,22.19,558.49,0.1,10,5.0,0.01,0,0.0,10.11,55941
288,SMIIO_CROSS_DOWN,SMIIO_CROSS_UP,2024-09-07T00:00:00,2024-09-07T04:00:00,short,53825,53917,100,0.1,5382.5,100.0,-9.2,-19.31,-1622.04,-0.02,0,0.0,92,0.17,22167.52,1862071.68,22.17,538.25,0.1,10,5.0,0.01,0,0.0,10.11,53917
289,SMIIO_CROSS_DOWN,SMIIO_CROSS_UP,2024-09-07T16:00:00,2024-09-08T00:00:00,short,54653,54239,100,0.1,5465.3,100.0,41.4,31.29,2628.36,0.03,414,0.76,0,0.0,22198.81,1864700.04,22.2,546.53,0.1,10,5.0,0.01,0,0.0,10.11,54745
290,SMIIO_CROSS_DOWN,SMIIO_CROSS_UP,2024-09-08T12:00:00,2024-09-08T16:00:00,short,54377,53733,100,0.1,5437.7,100.0,64.4,54.29,4560.36,0.05,644,1.18,0,0.0,22253.1,1869260.4,22.25,543.77,0.1,10,5.0,0.01,0,0.0,10.11,54469
291,SMIIO_CROSS_DOWN,SMIIO_CROSS_UP,2024-09-09T04:00:00,2024-09-09T08:00:00,short,54975,55159,100,0.1,5497.5,100.0,-18.4,-28.51,-2394.84,-0.03,0,0.0,184,0.33,22224.59,1866865.56,22.22,549.75,0.1,10,5.0,0.01,0,0.0,10.11,55067
292,SMIIO_CROSS_DOWN,SMIIO_CROSS_UP,2024-09-10T00:00:00,2024-09-10T04:00:00,short,56953,56585,100,0.1,5695.3,100.0,36.8,26.69,2241.96,0.03,368,0.65,0,0.0,22251.28,1869107.52,22.25,569.53,0.1,10,5.0,0.01,0,0.0,10.11,57045
293,SMIIO_CROSS_DOWN,SMIIO_CROSS_UP,2024-09-10T12:00:00,2024-09-10T16:00:00,short,57137,56631,100,0.1,5713.7,100.0,50.6,40.49,3401.16,0.04,506,0.89,0,0.0,22291.77,1872508.68,22.29,571.37,0.1,10,5.0,0.01,0,0.0,10.11,57229
294,SMIIO_CROSS_DOWN,SMIIO_CROSS_UP,2024-09-10T20:00:00,2024-09-11T16:00:00,short,57873,56815,100,0.1,5787.3,100.0,105.8,95.69,8037.96,0.1,1058,1.83,0,0.0,22387.46,1880546.64,22.39,578.73,0.1,10,5.0,0.01,0,0.0,10.11,57965
295,SMIIO_CROSS_DOWN,SMIIO_CROSS_UP,2024-09-11T20:00:00,2024-09-12T00:00:00,short,57505,57413,100,0.1,5750.5,100.0,9.2,-0.91,-76.44,-0.0,92,0.16,0,0.0,22386.55,1880470.2,22.39,575.05,0.1,10,5.0,0.01,0,0.0,10.11,57597
296,SMIIO_CROSS_DOWN,SMIIO_CROSS_UP,2024-09-12T04:00:00,2024-09-12T16:00:00,short,58149,57597,100,0.1,5814.9,100.0,55.2,45.09,3787.56,0.05,552,0.95,0,0.0,22431.64,1884257.76,22.43,581.49,0.1,10,5.0,0.01,0,0.0,10.11,58241
297,SMIIO_CROSS_DOWN,SMIIO_CROSS_UP,2024-09-12T20:00:00,2024-09-13T04:00:00,short,58287,57965,100,0.1,5828.7,100.0,32.2,22.09,1855.56,0.02,322,0.55,0,0.0,22453.73,1886113.32,22.45,582.87,0.1,10,5.0,0.01,0,0.0,10.11,58379
298,SMIIO_CROSS_DOWN,SMIIO_CROSS_UP,2024-09-13T08:00:00,2024-09-13T12:00:00,short,57965,57965,100,0.1,5796.5,100.0,0.0,-10.11,-849.24,-0.01,0,0.0,0,0.0,22443.62,1885264.08,22.44,579.65,0.1,10,5.0,0.01,0,0.0,10.11,58057
299,SMIIO_CROSS_DOWN,SMIIO_CROSS_UP,2024-09-14T00:00:00,2024-09-14T12:00:00,short,60357,59805,100,0.1,6035.7,100.0,55.2,45.09,3787.56,0.05,552,0.91,0,0.0,22488.71,1889051.64,22.49,603.57,0.1,10,5.0,0.01,0,0.0,10.11,60449
300,SMIIO_CROSS_DOWN,SMIIO_CROSS_UP,2024-09-15T08:00:00,2024-09-15T12:00:00,short,60081,60127,100,0.1,6008.1,100.0,-4.6,-14.71,-1235.64,-0.01,0,0.0,46,0.08,22474.0,1887816.0,22.47,600.81,0.1,10,5.0,0.01,0,0.0,10.11,60173
301,SMIIO_CROSS_DOWN,SMIIO_CROSS_UP,2024-09-15T16:00:00,2024-09-16T04:00:00,short,60265,58701,100,0.1,6026.5,100.0,156.4,146.29,12288.36,0.15,1564,2.6,0,0.0,22620.29,1900104.36,22.62,602.65,0.1,10,5.0,0.01,0,0.0,10.11,60357
302,SMIIO_CROSS_DOWN,SMIIO_CROSS_UP,2024-09-16T08:00:00,2024-09-16T20:00:00,short,58793,58011,100,0.1,5879.3,100.0,78.2,68.09,5719.56,0.07,782,1.33,0,0.0,22688.38,1905823.92,22.69,587.93,0.1,10,5.0,0.01,0,0.0,10.11,58885
303,SMIIO_CROSS_DOWN,SMIIO_CROSS_UP,2024-09-17T00:00:00,2024-09-17T04:00:00,short,58103,58149,100,0.1,5810.3,100.0,-4.6,-14.71,-1235.64,-0.01,0,0.0,46,0.08,22673.67,1904588.28,22.67,581.03,0.1,10,5.0,0.01,0,0.0,10.11,58195
304,SMIIO_CROSS_DOWN,SMIIO_CROSS_UP,2024-09-17T16:00:00,2024-09-17T20:00:00,short,61001,60035,100,0.1,6100.1,100.0,96.6,86.49,7265.16,0.09,966,1.58,0,0.0,22760.16,1911853.44,22.76,610.01,0.1,10,5.0,0.01,0,0.0,10.11,61093
305,SMIIO_CROSS_DOWN,SMIIO_CROSS_UP,2024-09-18T08:00:00,2024-09-18T16:00:00,short,60403,59529,100,0.1,6040.3,100.0,87.4,77.29,6492.36,0.08,874,1.45,0,0.0,22837.45,1918345.8,22.84,604.03,0.1,10,5.0,0.01,0,0.0,10.11,60495
306,SMIIO_CROSS_DOWN,SMIIO_CROSS_UP,2024-09-19T20:00:00,2024-09-20T00:00:00,short,63117,63117,100,0.1,6311.7,100.0,0.0,-10.11,-849.24,-0.01,0,0.0,0,0.0,22827.34,1917496.56,22.83,631.17,0.1,10,5.0,0.01,0,0.0,10.11,63209
307,SMIIO_CROSS_DOWN,SMIIO_CROSS_UP,2024-09-20T04:00:00,2024-09-20T20:00:00,short,63669,62933,100,0.1,6366.9,100.0,73.6,63.49,5333.16,0.06,736,1.16,0,0.0,22890.83,1922829.72,22.89,636.69,0.1,10,5.0,0.01,0,0.0,10.11,63761
308,SMIIO_CROSS_DOWN,SMIIO_CROSS_UP,2024-09-21T00:00:00,2024-09-21T04:00:00,short,63071,63025,100,0.1,6307.1,100.0,4.6,-5.51,-462.84,-0.01,46,0.07,0,0.0,22885.32,1922366.88,22.89,630.71,0.1,10,5.0,0.01,0,0.0,10.11,63163
309,SMIIO_CROSS_DOWN,SMIIO_CROSS_UP,2024-09-22T00:00:00,2024-09-22T16:00:00,short,63209,62749,100,0.1,6320.9,100.0,46.0,35.89,3014.76,0.04,460,0.73,0,0.0,22921.21,1925381.64,22.92,632.09,0.1,10,5.0,0.01,0,0.0,10.11,63301
310,SMIIO_CROSS_DOWN,SMIIO_CROSS_UP,2024-09-23T04:00:00,2024-09-23T12:00:00,short,64221,63531,100,0.1,6422.1,100.0,69.0,58.89,4946.76,0.06,690,1.07,0,0.0,22980.1,1930328.4,22.98,642.21,0.1,10,5.0,0.01,0,0.0,10.11,64313
311,SMIIO_CROSS_DOWN,SMIIO_CROSS_UP,2024-09-23T16:00:00,2024-09-24T04:00:00,short,63439,63255,100,0.1,6343.9,100.0,18.4,8.29,696.36,0.01,184,0.29,0,0.0,22988.39,1931024.76,22.99,634.39,0.1,10,5.0,0.01,0,0.0,10.11,63531
312,SMIIO_CROSS_DOWN,SMIIO_CROSS_UP,2024-09-24T08:00:00,2024-09-24T16:00:00,short,63439,63255,100,0.1,6343.9,100.0,18.4,8.29,696.36,0.01,184,0.29,0,0.0,22996.68,1931721.12,23.0,634.39,0.1,10,5.0,0.01,0,0.0,10.11,63531
313,SMIIO_CROSS_DOWN,SMIIO_CROSS_UP,2024-09-25T04:00:00,2024-09-26T00:00:00,short,64313,63255,100,0.1,6431.3,100.0,105.8,95.69,8037.96,0.1,1058,1.65,0,0.0,23092.37,1939759.08,23.09,643.13,0.1,10,5.0,0.01,0,0.0,10.11,64405
314,SMIIO_CROSS_DOWN,SMIIO_CROSS_UP,2024-09-26T16:00:00,2024-09-26T20:00:00,short,65095,64773,100,0.1,6509.5,100.0,32.2,22.09,1855.56,0.02,322,0.49,0,0.0,23114.46,1941614.64,23.11,650.95,0.1,10,5.0,0.01,0,0.0,10.11,65187
315,SMIIO_CROSS_DOWN,SMIIO_CROSS_UP,2024-09-27T16:00:00,2024-09-27T20:00:00,short,65877,65785,100,0.1,6587.7,100.0,9.2,-0.91,-76.44,-0.0,92,0.14,0,0.0,23113.55,1941538.2,23.11,658.77,0.1,10,5.0,0.01,0,0.0,10.11,65969
316,SMIIO_CROSS_DOWN,SMIIO_CROSS_UP,2024-09-28T04:00:00,2024-09-28T20:00:00,short,65969,65785,100,0.1,6596.9,100.0,18.4,8.29,696.36,0.01,184,0.28,0,0.0,23121.84,1942234.56,23.12,659.69,0.1,10,5.0,0.01,0,0.0,10.11,66061
317,SMIIO_CROSS_DOWN,SMIIO_CROSS_UP,2024-09-29T04:00:00,2024-09-29T08:00:00,short,65739,65509,100,0.1,6573.9,100.0,23.0,12.89,1082.76,0.01,230,0.35,0,0.0,23134.73,1943317.32,23.13,657.39,0.1,10,5.0,0.01,0,0.0,10.11,65831
318,SMIIO_CROSS_DOWN,SMIIO_CROSS_UP,2024-09-29T20:00:00,2024-10-01T00:00:00,short,65831,63485,100,0.1,6583.1,100.0,234.6,224.49,18857.16,0.22,2346,3.56,0,0.0,23359.22,1962174.48,23.36,658.31,0.1,10,5.0,0.01,0,0.0,10.11,65923
319,SMIIO_CROSS_DOWN,SMIIO_CROSS_UP,2024-10-01T08:00:00,2024-10-02T00:00:00,short,63945,60909,100,0.1,6394.5,100.0,303.6,293.49,24653.16,0.29,3036,4.75,0,0.0,23652.71,1986827.64,23.65,639.45,0.1,10,5.0,0.01,0,0.0,10.11,64037
320,SMIIO_CROSS_DOWN,SMIIO_CROSS_UP,2024-10-02T08:00:00,2024-10-02T12:00:00,short,61691,61231,100,0.1,6169.1,100.0,46.0,35.89,3014.76,0.04,460,0.75,0,0.0,23688.6,1989842.4,23.69,616.91,0.1,10,5.0,0.01,0,0.0,10.11,61783
321,SMIIO_CROSS_DOWN,SMIIO_CROSS_UP,2024-10-02T16:00:00,2024-10-02T20:00:00,short,61783,60265,100,0.1,6178.3,100.0,151.8,141.69,11901.96,0.14,1518,2.46,0,0.0,23830.29,2001744.36,23.83,617.83,0.1,10,5.0,0.01,0,0.0,10.11,61875
322,SMIIO_CROSS_DOWN,SMIIO_CROSS_UP,2024-10-03T04:00:00,2024-10-03T16:00:00,short,61323,60725,100,0.1,6132.3,100.0,59.8,49.69,4173.96,0.05,598,0.98,0,0.0,23879.98,2005918.32,23.88,613.23,0.1,10,5.0,0.01,0,0.0,10.11,61415
323,SMIIO_CROSS_DOWN,SMIIO_CROSS_UP,2024-10-03T20:00:00,2024-10-04T00:00:00,short,60909,60863,100,0.1,6090.9,100.0,4.6,-5.51,-462.84,-0.01,46,0.08,0,0.0,23874.47,2005455.48,23.87,609.09,0.1,10,5.0,0.01,0,0.0,10.11,61001
324,SMIIO_CROSS_DOWN,SMIIO_CROSS_UP,2024-10-04T20:00:00,2024-10-05T04:00:00,short,62243,62013,100,0.1,6224.3,100.0,23.0,12.89,1082.76,0.01,230,0.37,0,0.0,23887.36,2006538.24,23.89,622.43,0.1,10,5.0,0.01,0,0.0,10.11,62335
325,SMIIO_CROSS_DOWN,SMIIO_CROSS_UP,2024-10-05T16:00:00,2024-10-05T20:00:00,short,62013,61967,100,0.1,6201.3,100.0,4.6,-5.51,-462.84,-0.01,46,0.07,0,0.0,23881.85,2006075.4,23.88,620.13,0.1,10,5.0,0.01,0,0.0,10.11,62105
326,SMIIO_CROSS_DOWN,SMIIO_CROSS_UP,2024-10-06T00:00:00,2024-10-06T08:00:00,short,61921,61967,100,0.1,6192.1,100.0,-4.6,-14.71,-1235.64,-0.01,0,0.0,46,0.07,23867.14,2004839.76,23.87,619.21,0.1,10,5.0,0.01,0,0.0,10.11,62013
327,SMIIO_CROSS_DOWN,SMIIO_CROSS_UP,2024-10-07T08:00:00,2024-10-07T12:00:00,short,63393,63255,100,0.1,6339.3,100.0,13.8,3.69,309.96,0.0,138,0.22,0,0.0,23870.83,2005149.72,23.87,633.93,0.1,10,5.0,0.01,0,0.0,10.11,63485
328,SMIIO_CROSS_DOWN,SMIIO_CROSS_UP,2024-10-07T16:00:00,2024-10-08T00:00:00,short,63577,62335,100,0.1,6357.7,100.0,124.2,114.09,9583.56,0.11,1242,1.95,0,0.0,23984.92,2014733.28,23.98,635.77,0.1,10,5.0,0.01,0,0.0,10.11,63669
329,SMIIO_CROSS_DOWN,SMIIO_CROSS_UP,2024-10-08T04:00:00,2024-10-08T08:00:00,short,62519,62427,100,0.1,6251.9,100.0,9.2,-0.91,-76.44,-0.0,92,0.15,0,0.0,23984.01,2014656.84,23.98,625.19,0.1,10,5.0,0.01,0,0.0,10.11,62611
330,SMIIO_CROSS_DOWN,SMIIO_CROSS_UP,2024-10-08T12:00:00,2024-10-09T00:00:00,short,62519,62289,100,0.1,6251.9,100.0,23.0,12.89,1082.76,0.01,230,0.37,0,0.0,23996.9,2015739.6,24.0,625.19,0.1,10,5.0,0.01,0,0.0,10.11,62611
331,SMIIO_CROSS_DOWN,SMIIO_CROSS_UP,2024-10-09T04:00:00,2024-10-10T00:00:00,short,62289,60771,100,0.1,6228.9,100.0,151.8,141.69,11901.96,0.14,1518,2.44,0,0.0,24138.59,2027641.56,24.14,622.89,0.1,10,5.0,0.01,0,0.0,10.11,62381
332,SMIIO_CROSS_DOWN,SMIIO_CROSS_UP,2024-10-10T12:00:00,2024-10-10T20:00:00,short,61139,59851,100,0.1,6113.9,100.0,128.8,118.69,9969.96,0.12,1288,2.11,0,0.0,24257.28,2037611.52,24.26,611.39,0.1,10,5.0,0.01,0,0.0,10.11,61231
333,SMIIO_CROSS_DOWN,SMIIO_CROSS_UP,2024-10-11T20:00:00,2024-10-12T04:00:00,short,62979,62611,100,0.1,6297.9,100.0,36.8,26.69,2241.96,0.03,368,0.58,0,0.0,24283.97,2039853.48,24.28,629.79,0.1,10,5.0,0.01,0,0.0,10.11,63071
334,SMIIO_CROSS_DOWN,SMIIO_CROSS_UP,2024-10-12T16:00:00,2024-10-12T20:00:00,short,63025,63163,100,0.1,6302.5,100.0,-13.8,-23.91,-2008.44,-0.02,0,0.0,138,0.22,24260.06,2037845.04,24.26,630.25,0.1,10,5.0,0.01,0,0.0,10.11,63117
335,SMIIO_CROSS_DOWN,SMIIO_CROSS_UP,2024-10-13T00:00:00,2024-10-13T04:00:00,short,63117,62795,100,0.1,6311.7,100.0,32.2,22.09,1855.56,0.02,322,0.51,0,0.0,24282.15,2039700.6,24.28,631.17,0.1,10,5.0,0.01,0,0.0,10.11,63209
336,SMIIO_CROSS_DOWN,SMIIO_CROSS_UP,2024-10-13T08:00:00,2024-10-13T16:00:00,short,62703,62335,100,0.1,6270.3,100.0,36.8,26.69,2241.96,0.03,368,0.59,0,0.0,24308.84,2041942.56,24.31,627.03,0.1,10,5.0,0.01,0,0.0,10.11,62795
337,SMIIO_CROSS_DOWN,SMIIO_CROSS_UP,2024-10-15T00:00:00,2024-10-15T04:00:00,short,65969,65463,100,0.1,6596.9,100.0,50.6,40.49,3401.16,0.04,506,0.77,0,0.0,24349.33,2045343.72,24.35,659.69,0.1,10,5.0,0.01,0,0.0,10.11,66061
338,SMIIO_CROSS_DOWN,SMIIO_CROSS_UP,2024-10-15T08:00:00,2024-10-15T12:00:00,short,65555,65509,100,0.1,6555.5,100.0,4.6,-5.51,-462.84,-0.01,46,0.07,0,0.0,24343.82,2044880.88,24.34,655.55,0.1,10,5.0,0.01,0,0.0,10.11,65647
339,SMIIO_CROSS_DOWN,SMIIO_CROSS_UP,2024-10-16T04:00:00,2024-10-16T08:00:00,short,66981,67165,100,0.1,6698.1,100.0,-18.4,-28.51,-2394.84,-0.03,0,0.0,184,0.27,24315.31,2042486.04,24.32,669.81,0.1,10,5.0,0.01,0,0.0,10.11,67073
340,SMIIO_CROSS_DOWN,SMIIO_CROSS_UP,2024-10-16T12:00:00,2024-10-17T12:00:00,short,67809,66981,100,0.1,6780.9,100.0,82.8,72.69,6105.96,0.07,828,1.22,0,0.0,24388.0,2048592.0,24.39,678.09,0.1,10,5.0,0.01,0,0.0,10.11,67901
341,SMIIO_CROSS_DOWN,SMIIO_CROSS_UP,2024-10-17T16:00:00,2024-10-17T20:00:00,short,67533,66889,100,0.1,6753.3,100.0,64.4,54.29,4560.36,0.05,644,0.95,0,0.0,24442.29,2053152.36,24.44,675.33,0.1,10,5.0,0.01,0,0.0,10.11,67625
342,SMIIO_CROSS_DOWN,SMIIO_CROSS_UP,2024-10-18T08:00:00,2024-10-18T12:00:00,short,67855,67901,100,0.1,6785.5,100.0,-4.6,-14.71,-1235.64,-0.01,0,0.0,46,0.07,24427.58,2051916.72,24.43,678.55,0.1,10,5.0,0.01,0,0.0,10.11,67947
343,SMIIO_CROSS_DOWN,SMIIO_CROSS_UP,2024-10-18T16:00:00,2024-10-19T12:00:00,short,68683,68223,100,0.1,6868.3,100.0,46.0,35.89,3014.76,0.04,460,0.67,0,0.0,24463.47,2054931.48,24.46,686.83,0.1,10,5.0,0.01,0,0.0,10.11,68775
344,SMIIO_CROSS_DOWN,SMIIO_CROSS_UP,2024-10-20T00:00:00,2024-10-20T04:00:00,short,68177,68269,100,0.1,6817.7,100.0,-9.2,-19.31,-1622.04,-0.02,0,0.0,92,0.13,24444.16,2053309.44,24.44,681.77,0.1,10,5.0,0.01,0,0.0,10.11,68269
345,SMIIO_CROSS_DOWN,SMIIO_CROSS_UP,2024-10-21T04:00:00,2024-10-21T16:00:00,short,68959,67487,100,0.1,6895.9,100.0,147.2,137.09,11515.56,0.14,1472,2.13,0,0.0,24581.25,2064825.0,24.58,689.59,0.1,10,5.0,0.01,0,0.0,10.11,69051
346,SMIIO_CROSS_DOWN,SMIIO_CROSS_UP,2024-10-21T20:00:00,2024-10-22T16:00:00,short,67671,67395,100,0.1,6767.1,100.0,27.6,17.49,1469.16,0.02,276,0.41,0,0.0,24598.74,2066294.16,24.6,676.71,0.1,10,5.0,0.01,0,0.0,10.11,67763
347,SMIIO_CROSS_DOWN,SMIIO_CROSS_UP,2024-10-23T00:00:00,2024-10-23T16:00:00,short,67395,66337,100,0.1,6739.5,100.0,105.8,95.69,8037.96,0.1,1058,1.57,0,0.0,24694.43,2074332.12,24.69,673.95,0.1,10,5.0,0.01,0,0.0,10.11,67487
348,SMIIO_CROSS_DOWN,SMIIO_CROSS_UP,2024-10-25T00:00:00,2024-10-25T08:00:00,short,68177,67625,100,0.1,6817.7,100.0,55.2,45.09,3787.56,0.05,552,0.81,0,0.0,24739.52,2078119.68,24.74,681.77,0.1,10,5.0,0.01,0,0.0,10.11,68269
349,SMIIO_CROSS_DOWN,SMIIO_CROSS_UP,2024-10-25T12:00:00,2024-10-26T00:00:00,short,68039,66797,100,0.1,6803.9,100.0,124.2,114.09,9583.56,0.11,1242,1.83,0,0.0,24853.61,2087703.24,24.85,680.39,0.1,10,5.0,0.01,0,0.0,10.11,68131
350,SMIIO_CROSS_DOWN,SMIIO_CROSS_UP,2024-10-26T12:00:00,2024-10-26T16:00:00,short,66981,67027,100,0.1,6698.1,100.0,-4.6,-14.71,-1235.64,-0.01,0,0.0,46,0.07,24838.9,2086467.6,24.84,669.81,0.1,10,5.0,0.01,0,0.0,10.11,67073
351,SMIIO_CROSS_DOWN,SMIIO_CROSS_UP,2024-10-26T20:00:00,2024-10-27T00:00:00,short,67119,67211,100,0.1,6711.9,100.0,-9.2,-19.31,-1622.04,-0.02,0,0.0,92,0.14,24819.59,2084845.56,24.82,671.19,0.1,10,5.0,0.01,0,0.0,10.11,67211
352,SMIIO_CROSS_DOWN,SMIIO_CROSS_UP,2024-10-27T04:00:00,2024-10-27T12:00:00,short,67211,67303,100,0.1,6721.1,100.0,-9.2,-19.31,-1622.04,-0.02,0,0.0,92,0.14,24800.28,2083223.52,24.8,672.11,0.1,10,5.0,0.01,0,0.0,10.11,67303
353,SMIIO_CROSS_DOWN,SMIIO_CROSS_UP,2024-10-28T00:00:00,2024-10-28T04:00:00,short,67901,67901,100,0.1,6790.1,100.0,0.0,-10.11,-849.24,-0.01,0,0.0,0,0.0,24790.17,2082374.28,24.79,679.01,0.1,10,5.0,0.01,0,0.0,10.11,67993
354,SMIIO_CROSS_DOWN,SMIIO_CROSS_UP,2024-10-28T12:00:00,2024-10-28T16:00:00,short,68637,68637,100,0.1,6863.7,100.0,0.0,-10.11,-849.24,-0.01,0,0.0,0,0.0,24780.06,2081525.04,24.78,686.37,0.1,10,5.0,0.01,0,0.0,10.11,68729
355,SMIIO_CROSS_DOWN,SMIIO_CROSS_UP,2024-10-30T00:00:00,2024-10-30T20:00:00,short,72639,71995,100,0.1,7263.9,100.0,64.4,54.29,4560.36,0.05,644,0.89,0,0.0,24834.35,2086085.4,24.83,726.39,0.1,10,5.0,0.01,0,0.0,10.11,72731
356,SMIIO_CROSS_DOWN,SMIIO_CROSS_UP,2024-10-31T08:00:00,2024-10-31T20:00:00,short,72317,70293,100,0.1,7231.7,100.0,202.4,192.29,16152.36,0.19,2024,2.8,0,0.0,25026.64,2102237.76,25.03,723.17,0.1,10,5.0,0.01,0,0.0,10.11,72409
357,SMIIO_CROSS_DOWN,SMIIO_CROSS_UP,2024-11-01T00:00:00,2024-11-01T08:00:00,short,70155,69419,100,0.1,7015.5,100.0,73.6,63.49,5333.16,0.06,736,1.05,0,0.0,25090.13,2107570.92,25.09,701.55,0.1,10,5.0,0.01,0,0.0,10.11,70247
358,SMIIO_CROSS_DOWN,SMIIO_CROSS_UP,2024-11-01T12:00:00,2024-11-01T20:00:00,short,69971,69373,100,0.1,6997.1,100.0,59.8,49.69,4173.96,0.05,598,0.85,0,0.0,25139.82,2111744.88,25.14,699.71,0.1,10,5.0,0.01,0,0.0,10.11,70063
359,SMIIO_CROSS_DOWN,SMIIO_CROSS_UP,2024-11-02T08:00:00,2024-11-03T16:00:00,short,69695,68177,100,0.1,6969.5,100.0,151.8,141.69,11901.96,0.14,1518,2.18,0,0.0,25281.51,2123646.84,25.28,696.95,0.1,10,5.0,0.01,0,0.0,10.11,69787
360,SMIIO_CROSS_DOWN,SMIIO_CROSS_UP,2024-11-04T04:00:00,2024-11-04T08:00:00,short,68913,68729,100,0.1,6891.3,100.0,18.4,8.29,696.36,0.01,184,0.27,0,0.0,25289.8,2124343.2,25.29,689.13,0.1,10,5.0,0.01,0,0.0,10.11,69005
361,SMIIO_CROSS_DOWN,SMIIO_CROSS_UP,2024-11-04T12:00:00,2024-11-05T00:00:00,short,68683,67947,100,0.1,6868.3,100.0,73.6,63.49,5333.16,0.06,736,1.07,0,0.0,25353.29,2129676.36,25.35,686.83,0.1,10,5.0,0.01,0,0.0,10.11,68775
362,SMIIO_CROSS_DOWN,SMIIO_CROSS_UP,2024-11-05T16:00:00,2024-11-05T20:00:00,short,69511,69051,100,0.1,6951.1,100.0,46.0,35.89,3014.76,0.04,460,0.66,0,0.0,25389.18,2132691.12,25.39,695.11,0.1,10,5.0,0.01,0,0.0,10.11,69603
363,SMIIO_CROSS_DOWN,SMIIO_CROSS_UP,2024-11-06T04:00:00,2024-11-06T08:00:00,short,74249,73513,100,0.1,7424.9,100.0,73.6,63.49,5333.16,0.06,736,0.99,0,0.0,25452.67,2138024.28,25.45,742.49,0.1,10,5.0,0.01,0,0.0,10.11,74341
364,SMIIO_CROSS_DOWN,SMIIO_CROSS_UP,2024-11-06T20:00:00,2024-11-07T12:00:00,short,75721,74893,100,0.1,7572.1,100.0,82.8,72.69,6105.96,0.07,828,1.09,0,0.0,25525.36,2144130.24,25.53,757.21,0.1,10,5.0,0.01,0,0.0,10.11,75813
365,SMIIO_CROSS_DOWN,SMIIO_CROSS_UP,2024-11-07T20:00:00,2024-11-08T04:00:00,short,76411,75951,100,0.1,7641.1,100.0,46.0,35.89,3014.76,0.04,460,0.6,0,0.0,25561.25,2147145.0,25.56,764.11,0.1,10,5.0,0.01,0,0.0,10.11,76503
366,SMIIO_CROSS_DOWN,SMIIO_CROSS_UP,2024-11-08T08:00:00,2024-11-08T12:00:00,short,76089,76089,100,0.1,7608.9,100.0,0.0,-10.11,-849.24,-0.01,0,0.0,0,0.0,25551.14,2146295.76,25.55,760.89,0.1,10,5.0,0.01,0,0.0,10.11,76181
367,SMIIO_CROSS_DOWN,SMIIO_CROSS_UP,2024-11-08T20:00:00,2024-11-09T04:00:00,short,76779,76457,100,0.1,7677.9,100.0,32.2,22.09,1855.56,0.02,322,0.42,0,0.0,25573.23,2148151.32,25.57,767.79,0.1,10,5.0,0.01,0,0.0,10.11,76871
368,SMIIO_CROSS_DOWN,SMIIO_CROSS_UP,2024-11-09T12:00:00,2024-11-09T20:00:00,short,76365,76319,100,0.1,7636.5,100.0,4.6,-5.51,-462.84,-0.01,46,0.06,0,0.0,25567.72,2147688.48,25.57,763.65,0.1,10,5.0,0.01,0,0.0,10.11,76457
369,SMIIO_CROSS_DOWN,SMIIO_CROSS_UP,2024-11-10T12:00:00,2024-11-10T20:00:00,short,79815,79953,100,0.1,7981.5,100.0,-13.8,-23.91,-2008.44,-0.02,0,0.0,138,0.17,25543.81,2145680.04,25.54,798.15,0.1,10,5.0,0.01,0,0.0,10.11,79907
370,SMIIO_CROSS_DOWN,SMIIO_CROSS_UP,2024-11-11T04:00:00,2024-11-11T08:00:00,short,81563,81195,100,0.1,8156.3,100.0,36.8,26.69,2241.96,0.03,368,0.45,0,0.0,25570.5,2147922.0,25.57,815.63,0.1,10,5.0,0.01,0,0.0,10.11,81655
371,SMIIO_CROSS_DOWN,SMIIO_CROSS_UP,2024-11-12T00:00:00,2024-11-12T04:00:00,short,88601,88233,100,0.1,8860.1,100.0,36.8,26.69,2241.96,0.03,368,0.42,0,0.0,25597.19,2150163.96,25.6,886.01,0.1,10,5.0,0.01,0,0.0,10.11,88693
372,SMIIO_CROSS_DOWN,SMIIO_CROSS_UP,2024-11-12T08:00:00,2024-11-12T16:00:00,short,89015,86761,100,0.1,8901.5,100.0,225.4,215.29,18084.36,0.22,2254,2.53,0,0.0,25812.48,2168248.32,25.81,890.15,0.1,10,5.0,0.01,0,0.0,10.11,89107
373,SMIIO_CROSS_DOWN,SMIIO_CROSS_UP,2024-11-12T20:00:00,2024-11-13T04:00:00,short,88693,87313,100,0.1,8869.3,100.0,138.0,127.89,10742.76,0.13,1380,1.56,0,0.0,25940.37,2178991.08,25.94,886.93,0.1,10,5.0,0.01,0,0.0,10.11,88785
374,SMIIO_CROSS_DOWN,SMIIO_CROSS_UP,2024-11-13T16:00:00,2024-11-13T20:00:00,short,92511,90303,100,0.1,9251.1,100.0,220.8,210.69,17697.96,0.21,2208,2.39,0,0.0,26151.06,2196689.04,26.15,925.11,0.1,10,5.0,0.01,0,0.0,10.11,92603
375,SMIIO_CROSS_DOWN,SMIIO_CROSS_UP,2024-11-14T00:00:00,2024-11-14T04:00:00,short,90257,90073,100,0.1,9025.7,100.0,18.4,8.29,696.36,0.01,184,0.2,0,0.0,26159.35,2197385.4,26.16,902.57,0.1,10,5.0,0.01,0,0.0,10.11,90349
376,SMIIO_CROSS_DOWN,SMIIO_CROSS_UP,2024-11-14T12:00:00,2024-11-14T16:00:00,short,91407,88095,100,0.1,9140.7,100.0,331.2,321.09,26971.56,0.32,3312,3.62,0,0.0,26480.44,2224356.96,26.48,914.07,0.1,10,5.0,0.01,0,0.0,10.11,91499
377,SMIIO_CROSS_DOWN,SMIIO_CROSS_UP,2024-11-14T20:00:00,2024-11-15T00:00:00,short,89429,87451,100,0.1,8942.9,100.0,197.8,187.69,15765.96,0.19,1978,2.21,0,0.0,26668.13,2240122.92,26.67,894.29,0.1,10,5.0,0.01,0,0.0,10.11,89521
378,SMIIO_CROSS_DOWN,SMIIO_CROSS_UP,2024-11-15T04:00:00,2024-11-15T08:00:00,short,88187,87773,100,0.1,8818.7,100.0,41.4,31.29,2628.36,0.03,414,0.47,0,0.0,26699.42,2242751.28,26.7,881.87,0.1,10,5.0,0.01,0,0.0,10.11,88279
379,SMIIO_CROSS_DOWN,SMIIO_CROSS_UP,2024-11-15T12:00:00,2024-11-15T16:00:00,short,89705,88555,100,0.1,8970.5,100.0,115.0,104.89,8810.76,0.1,1150,1.28,0,0.0,26804.31,2251562.04,26.8,897.05,0.1,10,5.0,0.01,0,0.0,10.11,89797
380,SMIIO_CROSS_DOWN,SMIIO_CROSS_UP,2024-11-16T04:00:00,2024-11-16T16:00:00,short,91177,90625,100,0.1,9117.7,100.0,55.2,45.09,3787.56,0.05,552,0.61,0,0.0,26849.4,2255349.6,26.85,911.77,0.1,10,5.0,0.01,0,0.0,10.11,91269
381,SMIIO_CROSS_DOWN,SMIIO_CROSS_UP,2024-11-16T20:00:00,2024-11-17T04:00:00,short,91085,90395,100,0.1,9108.5,100.0,69.0,58.89,4946.76,0.06,690,0.76,0,0.0,26908.29,2260296.36,26.91,910.85,0.1,10,5.0,0.01,0,0.0,10.11,91177
382,SMIIO_CROSS_DOWN,SMIIO_CROSS_UP,2024-11-17T12:00:00,2024-11-18T00:00:00,short,90579,89981,100,0.1,9057.9,100.0,59.8,49.69,4173.96,0.05,598,0.66,0,0.0,26957.98,2264470.32,26.96,905.79,0.1,10,5.0,0.01,0,0.0,10.11,90671
383,SMIIO_CROSS_DOWN,SMIIO_CROSS_UP,2024-11-18T08:00:00,2024-11-18T12:00:00,short,91683,90395,100,0.1,9168.3,100.0,128.8,118.69,9969.96,0.12,1288,1.4,0,0.0,27076.67,2274440.28,27.08,916.83,0.1,10,5.0,0.01,0,0.0,10.11,91775
384,SMIIO_CROSS_DOWN,SMIIO_CROSS_UP,2024-11-18T16:00:00,2024-11-19T00:00:00,short,92373,90625,100,0.1,9237.3,100.0,174.8,164.69,13833.96,0.16,1748,1.89,0,0.0,27241.36,2288274.24,27.24,923.73,0.1,10,5.0,0.01,0,0.0,10.11,92465
385,SMIIO_CROSS_DOWN,SMIIO_CROSS_UP,2024-11-19T20:00:00,2024-11-20T04:00:00,short,93155,92189,100,0.1,9315.5,100.0,96.6,86.49,7265.16,0.09,966,1.04,0,0.0,27327.85,2295539.4,27.33,931.55,0.1,10,5.0,0.01,0,0.0,10.11,93247
386,SMIIO_CROSS_DOWN,SMIIO_CROSS_UP,2024-11-20T16:00:00,2024-11-20T20:00:00,short,94627,94075,100,0.1,9462.7,100.0,55.2,45.09,3787.56,0.05,552,0.58,0,0.0,27372.94,2299326.96,27.37,946.27,0.1,10,5.0,0.01,0,0.0,10.11,94719
387,SMIIO_CROSS_DOWN,SMIIO_CROSS_UP,2024-11-21T12:00:00,2024-11-21T16:00:00,short,97893,96743,100,0.1,9789.3,100.0,115.0,104.89,8810.76,0.1,1150,1.17,0,0.0,27477.83,2308137.72,27.48,978.93,0.1,10,5.0,0.01,0,0.0,10.11,97985
388,SMIIO_CROSS_DOWN,SMIIO_CROSS_UP,2024-11-22T08:00:00,2024-11-22T16:00:00,short,99135,98813,100,0.1,9913.5,100.0,32.2,22.09,1855.56,0.02,322,0.32,0,0.0,27499.92,2309993.28,27.5,991.35,0.1,10,5.0,0.01,0,0.0,10.11,99227
389,SMIIO_CROSS_DOWN,SMIIO_CROSS_UP,2024-11-22T20:00:00,2024-11-23T20:00:00,short,98997,97663,100,0.1,9899.7,100.0,133.4,123.29,10356.36,0.12,1334,1.35,0,0.0,27623.21,2320349.64,27.62,989.97,0.1,10,5.0,0.01,0,0.0,10.11,99089
390,SMIIO_CROSS_DOWN,SMIIO_CROSS_UP,2024-11-24T08:00:00,2024-11-24T16:00:00,short,98353,96099,100,0.1,9835.3,100.0,225.4,215.29,18084.36,0.22,2254,2.29,0,0.0,27838.5,2338434.0,27.84,983.53,0.1,10,5.0,0.01,0,0.0,10.11,98445
391,SMIIO_CROSS_DOWN,SMIIO_CROSS_UP,2024-11-25T12:00:00,2024-11-26T00:00:00,short,98169,93247,100,0.1,9816.9,100.0,492.2,482.09,40495.56,0.48,4922,5.01,0,0.0,28320.59,2378929.56,28.32,981.69,0.1,10,5.0,0.01,0,0.0,10.11,98261
392,SMIIO_CROSS_DOWN,SMIIO_CROSS_UP,2024-11-26T04:00:00,2024-11-26T12:00:00,short,94489,92557,100,0.1,9448.9,100.0,193.2,183.09,15379.56,0.18,1932,2.04,0,0.0,28503.68,2394309.12,28.5,944.89,0.1,10,5.0,0.01,0,0.0,10.11,94581
393,SMIIO_CROSS_DOWN,SMIIO_CROSS_UP,2024-11-26T16:00:00,2024-11-26T20:00:00,short,92741,91867,100,0.1,9274.1,100.0,87.4,77.29,6492.36,0.08,874,0.94,0,0.0,28580.97,2400801.48,28.58,927.41,0.1,10,5.0,0.01,0,0.0,10.11,92833
394,SMIIO_CROSS_DOWN,SMIIO_CROSS_UP,2024-11-27T08:00:00,2024-11-27T12:00:00,short,93523,93569,100,0.1,9352.3,100.0,-4.6,-14.71,-1235.64,-0.01,0,0.0,46,0.05,28566.26,2399565.84,28.57,935.23,0.1,10,5.0,0.01,0,0.0,10.11,93615
395,SMIIO_CROSS_DOWN,SMIIO_CROSS_UP,2024-11-27T20:00:00,2024-11-28T08:00:00,short,96559,95455,100,0.1,9655.9,100.0,110.4,100.29,8424.36,0.1,1104,1.14,0,0.0,28666.55,2407990.2,28.67,965.59,0.1,10,5.0,0.01,0,0.0,10.11,96651
396,SMIIO_CROSS_DOWN,SMIIO_CROSS_UP,2024-11-28T12:00:00,2024-11-28T16:00:00,short,95317,95133,100,0.1,9531.7,100.0,18.4,8.29,696.36,0.01,184,0.19,0,0.0,28674.84,2408686.56,28.67,953.17,0.1,10,5.0,0.01,0,0.0,10.11,95409
397,SMIIO_CROSS_DOWN,SMIIO_CROSS_UP,2024-11-29T04:00:00,2024-11-29T08:00:00,short,96513,95777,100,0.1,9651.3,100.0,73.6,63.49,5333.16,0.06,736,0.76,0,0.0,28738.33,2414019.72,28.74,965.13,0.1,10,5.0,0.01,0,0.0,10.11,96605
398,SMIIO_CROSS_DOWN,SMIIO_CROSS_UP,2024-11-29T16:00:00,2024-11-29T20:00:00,short,97985,97433,100,0.1,9798.5,100.0,55.2,45.09,3787.56,0.05,552,0.56,0,0.0,28783.42,2417807.28,28.78,979.85,0.1,10,5.0,0.01,0,0.0,10.11,98077
399,SMIIO_CROSS_DOWN,SMIIO_CROSS_UP,2024-11-30T00:00:00,2024-11-30T04:00:00,short,97387,96789,100,0.1,9738.7,100.0,59.8,49.69,4173.96,0.05,598,0.61,0,0.0,28833.11,2421981.24,28.83,973.87,0.1,10,5.0,0.01,0,0.0,10.11,97479
400,SMIIO_CROSS_DOWN,SMIIO_CROSS_UP,2024-11-30T08:00:00,2024-11-30T12:00:00,short,96697,96375,100,0.1,9669.7,100.0,32.2,22.09,1855.56,0.02,322,0.33,0,0.0,28855.2,2423836.8,28.86,966.97,0.1,10,5.0,0.01,0,0.0,10.11,96789
401,SMIIO_CROSS_DOWN,SMIIO_CROSS_UP,2024-11-30T20:00:00,2024-12-01T04:00:00,short,96973,96513,100,0.1,9697.3,100.0,46.0,35.89,3014.76,0.04,460,0.47,0,0.0,28891.09,2426851.56,28.89,969.73,0.1,10,5.0,0.01,0,0.0,10.11,97065
402,SMIIO_CROSS_DOWN,SMIIO_CROSS_UP,2024-12-02T00:00:00,2024-12-02T12:00:00,short,97157,95317,100,0.1,9715.7,100.0,184.0,173.89,14606.76,0.17,1840,1.89,0,0.0,29064.98,2441458.32,29.06,971.57,0.1,10,5.0,0.01,0,0.0,10.11,97249
403,SMIIO_CROSS_DOWN,SMIIO_CROSS_UP,2024-12-02T16:00:00,2024-12-03T00:00:00,short,97065,95961,100,0.1,9706.5,100.0,110.4,100.29,8424.36,0.1,1104,1.14,0,0.0,29165.27,2449882.68,29.17,970.65,0.1,10,5.0,0.01,0,0.0,10.11,97157
404,SMIIO_CROSS_DOWN,SMIIO_CROSS_UP,2024-12-03T04:00:00,2024-12-03T12:00:00,short,96053,95179,100,0.1,9605.3,100.0,87.4,77.29,6492.36,0.08,874,0.91,0,0.0,29242.56,2456375.04,29.24,960.53,0.1,10,5.0,0.01,0,0.0,10.11,96145
405,SMIIO_CROSS_DOWN,SMIIO_CROSS_UP,2024-12-03T16:00:00,2024-12-03T20:00:00,short,95685,95639,100,0.1,9568.5,100.0,4.6,-5.51,-462.84,-0.01,46,0.05,0,0.0,29237.05,2455912.2,29.24,956.85,0.1,10,5.0,0.01,0,0.0,10.11,95777
406,SMIIO_CROSS_DOWN,SMIIO_CROSS_UP,2024-12-04T08:00:00,2024-12-04T16:00:00,short,96559,95915,100,0.1,9655.9,100.0,64.4,54.29,4560.36,0.05,644,0.67,0,0.0,29291.34,2460472.56,29.29,965.59,0.1,10,5.0,0.01,0,0.0,10.11,96651
407,SMIIO_CROSS_DOWN,SMIIO_CROSS_UP,2024-12-05T04:00:00,2024-12-05T08:00:00,short,102999,102355,100,0.1,10299.9,100.0,64.4,54.29,4560.36,0.05,644,0.63,0,0.0,29345.63,2465032.92,29.35,1029.99,0.1,10,5.0,0.01,0,0.0,10.11,103091
408,SMIIO_CROSS_DOWN,SMIIO_CROSS_UP,2024-12-05T12:00:00,2024-12-06T00:00:00,short,102539,97111,100,0.1,10253.9,100.0,542.8,532.69,44745.96,0.53,5428,5.29,0,0.0,29878.32,2509778.88,29.88,1025.39,0.1,10,5.0,0.01,0,0.0,10.11,102631
409,SMIIO_CROSS_DOWN,SMIIO_CROSS_UP,2024-12-06T20:00:00,2024-12-07T08:00:00,short,101435,99503,100,0.1,10143.5,100.0,193.2,183.09,15379.56,0.18,1932,1.9,0,0.0,30061.41,2525158.44,30.06,1014.35,0.1,10,5.0,0.01,0,0.0,10.11,101527
410,SMIIO_CROSS_DOWN,SMIIO_CROSS_UP,2024-12-07T20:00:00,2024-12-08T12:00:00,short,100009,99871,100,0.1,10000.9,100.0,13.8,3.69,309.96,0.0,138,0.14,0,0.0,30065.1,2525468.4,30.07,1000.09,0.1,10,5.0,0.01,0,0.0,10.11,100101
411,SMIIO_CROSS_DOWN,SMIIO_CROSS_UP,2024-12-09T00:00:00,2024-12-09T04:00:00,short,101067,99227,100,0.1,10106.7,100.0,184.0,173.89,14606.76,0.17,1840,1.82,0,0.0,30238.99,2540075.16,30.24,1010.67,0.1,10,5.0,0.01,0,0.0,10.11,101159
412,SMIIO_CROSS_DOWN,SMIIO_CROSS_UP,2024-12-09T08:00:00,2024-12-09T20:00:00,short,99549,97249,100,0.1,9954.9,100.0,230.0,219.89,18470.76,0.22,2300,2.31,0,0.0,30458.88,2558545.92,30.46,995.49,0.1,10,5.0,0.01,0,0.0,10.11,99641
413,SMIIO_CROSS_DOWN,SMIIO_CROSS_UP,2024-12-10T00:00:00,2024-12-10T04:00:00,short,97203,97019,100,0.1,9720.3,100.0,18.4,8.29,696.36,0.01,184,0.19,0,0.0,30467.17,2559242.28,30.47,972.03,0.1,10,5.0,0.01,0,0.0,10.11,97295
414,SMIIO_CROSS_DOWN,SMIIO_CROSS_UP,2024-12-10T12:00:00,2024-12-10T16:00:00,short,97617,95731,100,0.1,9761.7,100.0,188.6,178.49,14993.16,0.18,1886,1.93,0,0.0,30645.66,2574235.44,30.65,976.17,0.1,10,5.0,0.01,0,0.0,10.11,97709
415,SMIIO_CROSS_DOWN,SMIIO_CROSS_UP,2024-12-12T04:00:00,2024-12-12T12:00:00,short,100975,100469,100,0.1,10097.5,100.0,50.6,40.49,3401.16,0.04,506,0.5,0,0.0,30686.15,2577636.6,30.69,1009.75,0.1,10,5.0,0.01,0,0.0,10.11,101067
416,SMIIO_CROSS_DOWN,SMIIO_CROSS_UP,2024-12-12T16:00:00,2024-12-12T20:00:00,short,101711,99503,100,0.1,10171.1,100.0,220.8,210.69,17697.96,0.21,2208,2.17,0,0.0,30896.84,2595334.56,30.9,1017.11,0.1,10,5.0,0.01,0,0.0,10.11,101803
417,SMIIO_CROSS_DOWN,SMIIO_CROSS_UP,2024-12-13T00:00:00,2024-12-13T04:00:00,short,99917,99825,100,0.1,9991.7,100.0,9.2,-0.91,-76.44,-0.0,92,0.09,0,0.0,30895.93,2595258.12,30.9,999.17,0.1,10,5.0,0.01,0,0.0,10.11,100009
418,SMIIO_CROSS_DOWN,SMIIO_CROSS_UP,2024-12-13T12:00:00,2024-12-13T16:00:00,short,100239,99917,100,0.1,10023.9,100.0,32.2,22.09,1855.56,0.02,322,0.32,0,0.0,30918.02,2597113.68,30.92,1002.39,0.1,10,5.0,0.01,0,0.0,10.11,100331
419,SMIIO_CROSS_DOWN,SMIIO_CROSS_UP,2024-12-14T04:00:00,2024-12-15T00:00:00,short,101941,101389,100,0.1,10194.1,100.0,55.2,45.09,3787.56,0.05,552,0.54,0,0.0,30963.11,2600901.24,30.96,1019.41,0.1,10,5.0,0.01,0,0.0,10.11,102033
420,SMIIO_CROSS_DOWN,SMIIO_CROSS_UP,2024-12-16T08:00:00,2024-12-16T12:00:00,short,104839,103781,100,0.1,10483.9,100.0,105.8,95.69,8037.96,0.1,1058,1.01,0,0.0,31058.8,2608939.2,31.06,1048.39,0.1,10,5.0,0.01,0,0.0,10.11,104931
421,SMIIO_CROSS_DOWN,SMIIO_CROSS_UP,2024-12-16T20:00:00,2024-12-17T00:00:00,short,106449,106081,100,0.1,10644.9,100.0,36.8,26.69,2241.96,0.03,368,0.35,0,0.0,31085.49,2611181.16,31.09,1064.49,0.1,10,5.0,0.01,0,0.0,10.11,106541
422,SMIIO_CROSS_DOWN,SMIIO_CROSS_UP,2024-12-17T12:00:00,2024-12-18T08:00:00,short,106725,104333,100,0.1,10672.5,100.0,239.2,229.09,19243.56,0.23,2392,2.24,0,0.0,31314.58,2630424.72,31.31,1067.25,0.1,10,5.0,0.01,0,0.0,10.11,106817
423,SMIIO_CROSS_DOWN,SMIIO_CROSS_UP,2024-12-18T12:00:00,2024-12-19T00:00:00,short,104931,100285,100,0.1,10493.1,100.0,464.6,454.49,38177.16,0.45,4646,4.43,0,0.0,31769.07,2668601.88,31.77,1049.31,0.1,10,5.0,0.01,0,0.0,10.11,105023
424,SMIIO_CROSS_DOWN,SMIIO_CROSS_UP,2024-12-19T12:00:00,2024-12-19T20:00:00,short,102309,97295,100,0.1,10230.9,100.0,501.4,491.29,41268.36,0.49,5014,4.9,0,0.0,32260.36,2709870.24,32.26,1023.09,0.1,10,5.0,0.01,0,0.0,10.11,102401
425,SMIIO_CROSS_DOWN,SMIIO_CROSS_UP,2024-12-20T00:00:00,2024-12-20T04:00:00,short,97295,97157,100,0.1,9729.5,100.0,13.8,3.69,309.96,0.0,138,0.14,0,0.0,32264.05,2710180.2,32.26,972.95,0.1,10,5.0,0.01,0,0.0,10.11,97387
426,SMIIO_CROSS_DOWN,SMIIO_CROSS_UP,2024-12-20T08:00:00,2024-12-20T12:00:00,short,97755,92787,100,0.1,9775.5,100.0,496.8,486.69,40881.96,0.49,4968,5.08,0,0.0,32750.74,2751062.16,32.75,977.55,0.1,10,5.0,0.01,0,0.0,10.11,97847
427,SMIIO_CROSS_DOWN,SMIIO_CROSS_UP,2024-12-21T00:00:00,2024-12-21T04:00:00,short,97663,97571,100,0.1,9766.3,100.0,9.2,-0.91,-76.44,-0.0,92,0.09,0,0.0,32749.83,2750985.72,32.75,976.63,0.1,10,5.0,0.01,0,0.0,10.11,97755
428,SMIIO_CROSS_DOWN,SMIIO_CROSS_UP,2024-12-21T08:00:00,2024-12-22T08:00:00,short,98905,96329,100,0.1,9890.5,100.0,257.6,247.49,20789.16,0.25,2576,2.6,0,0.0,32997.32,2771774.88,33.0,989.05,0.1,10,5.0,0.01,0,0.0,10.11,98997
429,SMIIO_CROSS_DOWN,SMIIO_CROSS_UP,2024-12-22T12:00:00,2024-12-22T20:00:00,short,96973,94903,100,0.1,9697.3,100.0,207.0,196.89,16538.76,0.2,2070,2.13,0,0.0,33194.21,2788313.64,33.19,969.73,0.1,10,5.0,0.01,0,0.0,10.11,97065
430,SMIIO_CROSS_DOWN,SMIIO_CROSS_UP,2024-12-23T04:00:00,2024-12-23T08:00:00,short,95869,95409,100,0.1,9586.9,100.0,46.0,35.89,3014.76,0.04,460,0.48,0,0.0,33230.1,2791328.4,33.23,958.69,0.1,10,5.0,0.01,0,0.0,10.11,95961
431,SMIIO_CROSS_DOWN,SMIIO_CROSS_UP,2024-12-23T12:00:00,2024-12-23T20:00:00,short,95823,93109,100,0.1,9582.3,100.0,271.4,261.29,21948.36,0.26,2714,2.83,0,0.0,33491.39,2813276.76,33.49,958.23,0.1,10,5.0,0.01,0,0.0,10.11,95915
432,SMIIO_CROSS_DOWN,SMIIO_CROSS_UP,2024-12-24T00:00:00,2024-12-24T08:00:00,short,94811,94305,100,0.1,9481.1,100.0,50.6,40.49,3401.16,0.04,506,0.53,0,0.0,33531.88,2816677.92,33.53,948.11,0.1,10,5.0,0.01,0,0.0,10.11,94903
433,SMIIO_CROSS_DOWN,SMIIO_CROSS_UP,2024-12-24T16:00:00,2024-12-24T20:00:00,short,98123,97617,100,0.1,9812.3,100.0,50.6,40.49,3401.16,0.04,506,0.52,0,0.0,33572.37,2820079.08,33.57,981.23,0.1,10,5.0,0.01,0,0.0,10.11,98215
434,SMIIO_CROSS_DOWN,SMIIO_CROSS_UP,2024-12-25T00:00:00,2024-12-25T12:00:00,short,98583,97985,100,0.1,9858.3,100.0,59.8,49.69,4173.96,0.05,598,0.61,0,0.0,33622.06,2824253.04,33.62,985.83,0.1,10,5.0,0.01,0,0.0,10.11,98675
435,SMIIO_CROSS_DOWN,SMIIO_CROSS_UP,2024-12-26T00:00:00,2024-12-26T12:00:00,short,99273,95777,100,0.1,9927.3,100.0,349.6,339.49,28517.16,0.34,3496,3.52,0,0.0,33961.55,2852770.2,33.96,992.73,0.1,10,5.0,0.01,0,0.0,10.11,99365
436,SMIIO_CROSS_DOWN,SMIIO_CROSS_UP,2024-12-26T20:00:00,2024-12-27T00:00:00,short,95915,95869,100,0.1,9591.5,100.0,4.6,-5.51,-462.84,-0.01,46,0.05,0,0.0,33956.04,2852307.36,33.96,959.15,0.1,10,5.0,0.01,0,0.0,10.11,96007
437,SMIIO_CROSS_DOWN,SMIIO_CROSS_UP,2024-12-27T04:00:00,2024-12-27T08:00:00,short,96329,95133,100,0.1,9632.9,100.0,119.6,109.49,9197.16,0.11,1196,1.24,0,0.0,34065.53,2861504.52,34.07,963.29,0.1,10,5.0,0.01,0,0.0,10.11,96421
438,SMIIO_CROSS_DOWN,SMIIO_CROSS_UP,2024-12-27T12:00:00,2024-12-27T16:00:00,short,96835,94627,100,0.1,9683.5,100.0,220.8,210.69,17697.96,0.21,2208,2.28,0,0.0,34276.22,2879202.48,34.28,968.35,0.1,10,5.0,0.01,0,0.0,10.11,96927
439,SMIIO_CROSS_DOWN,SMIIO_CROSS_UP,2024-12-27T20:00:00,2024-12-28T00:00:00,short,94489,94351,100,0.1,9448.9,100.0,13.8,3.69,309.96,0.0,138,0.15,0,0.0,34279.91,2879512.44,34.28,944.89,0.1,10,5.0,0.01,0,0.0,10.11,94581
440,SMIIO_CROSS_DOWN,SMIIO_CROSS_UP,2024-12-28T04:00:00,2024-12-28T08:00:00,short,94443,94443,100,0.1,9444.3,100.0,0.0,-10.11,-849.24,-0.01,0,0.0,0,0.0,34269.8,2878663.2,34.27,944.43,0.1,10,5.0,0.01,0,0.0,10.11,94535
441,SMIIO_CROSS_DOWN,SMIIO_CROSS_UP,2024-12-28T12:00:00,2024-12-28T16:00:00,short,94627,94535,100,0.1,9462.7,100.0,9.2,-0.91,-76.44,-0.0,92,0.1,0,0.0,34268.89,2878586.76,34.27,946.27,0.1,10,5.0,0.01,0,0.0,10.11,94719
442,SMIIO_CROSS_DOWN,SMIIO_CROSS_UP,2024-12-29T08:00:00,2024-12-29T20:00:00,short,95133,93661,100,0.1,9513.3,100.0,147.2,137.09,11515.56,0.14,1472,1.55,0,0.0,34405.98,2890102.32,34.41,951.33,0.1,10,5.0,0.01,0,0.0,10.11,95225
443,SMIIO_CROSS_DOWN,SMIIO_CROSS_UP,2024-12-30T12:00:00,2024-12-30T16:00:00,short,93753,92143,100,0.1,9375.3,100.0,161.0,150.89,12674.76,0.15,1610,1.72,0,0.0,34556.87,2902777.08,34.56,937.53,0.1,10,5.0,0.01,0,0.0,10.11,93845
444,SMIIO_CROSS_DOWN,SMIIO_CROSS_UP,2024-12-30T20:00:00,2024-12-31T04:00:00,short,94351,92603,100,0.1,9435.1,100.0,174.8,164.69,13833.96,0.16,1748,1.85,0,0.0,34721.56,2916611.04,34.72,943.51,0.1,10,5.0,0.01,0,0.0,10.11,94443
445,SMIIO_CROSS_DOWN,SMIIO_CROSS_UP,2024-12-31T16:00:00,2025-01-01T00:00:00,short,95271,93661,100,0.1,9527.1,100.0,161.0,150.89,12674.76,0.15,1610,1.69,0,0.0,34872.45,2929285.8,34.87,952.71,0.1,10,5.0,0.01,0,0.0,10.11,95363
446,SMIIO_CROSS_DOWN,SMIIO_CROSS_UP,2025-01-01T04:00:00,2025-01-01T12:00:00,short,93661,93523,100,0.1,9366.1,100.0,13.8,3.69,309.96,0.0,138,0.15,0,0.0,34876.14,2929595.76,34.88,936.61,0.1,10,5.0,0.01,0,0.0,10.11,93753
447,SMIIO_CROSS_DOWN,SMIIO_CROSS_UP,2025-01-02T12:00:00,2025-01-02T16:00:00,short,96605,96605,100,0.1,9660.5,100.0,0.0,-10.11,-849.24,-0.01,0,0.0,0,0.0,34866.03,2928746.52,34.87,966.05,0.1,10,5.0,0.01,0,0.0,10.11,96697
448,SMIIO_CROSS_DOWN,SMIIO_CROSS_UP,2025-01-02T20:00:00,2025-01-03T00:00:00,short,97203,97065,100,0.1,9720.3,100.0,13.8,3.69,309.96,0.0,138,0.14,0,0.0,34869.72,2929056.48,34.87,972.03,0.1,10,5.0,0.01,0,0.0,10.11,97295
449,SMIIO_CROSS_DOWN,SMIIO_CROSS_UP,2025-01-03T04:00:00,2025-01-03T08:00:00,short,96973,96329,100,0.1,9697.3,100.0,64.4,54.29,4560.36,0.05,644,0.66,0,0.0,34924.01,2933616.84,34.92,969.73,0.1,10,5.0,0.01,0,0.0,10.11,97065
450,SMIIO_CROSS_DOWN,SMIIO_CROSS_UP,2025-01-03T20:00:00,2025-01-04T04:00:00,short,98445,98261,100,0.1,9844.5,100.0,18.4,8.29,696.36,0.01,184,0.19,0,0.0,34932.3,2934313.2,34.93,984.45,0.1,10,5.0,0.01,0,0.0,10.11,98537
451,SMIIO_CROSS_DOWN,SMIIO_CROSS_UP,2025-01-04T08:00:00,2025-01-04T16:00:00,short,98123,97755,100,0.1,9812.3,100.0,36.8,26.69,2241.96,0.03,368,0.38,0,0.0,34958.99,2936555.16,34.96,981.23,0.1,10,5.0,0.01,0,0.0,10.11,98215
452,SMIIO_CROSS_DOWN,SMIIO_CROSS_UP,2025-01-05T08:00:00,2025-01-05T12:00:00,short,98123,97663,100,0.1,9812.3,100.0,46.0,35.89,3014.76,0.04,460,0.47,0,0.0,34994.88,2939569.92,34.99,981.23,0.1,10,5.0,0.01,0,0.0,10.11,98215
453,SMIIO_CROSS_DOWN,SMIIO_CROSS_UP,2025-01-06T16:00:00,2025-01-06T20:00:00,short,101987,101895,100,0.1,10198.7,100.0,9.2,-0.91,-76.44,-0.0,92,0.09,0,0.0,34993.97,2939493.48,34.99,1019.87,0.1,10,5.0,0.01,0,0.0,10.11,102079
454,SMIIO_CROSS_DOWN,SMIIO_CROSS_UP,2025-01-07T00:00:00,2025-01-07T20:00:00,short,102125,96559,100,0.1,10212.5,100.0,556.6,546.49,45905.16,0.55,5566,5.45,0,0.0,35540.46,2985398.64,35.54,1021.25,0.1,10,5.0,0.01,0,0.0,10.11,102217
455,SMIIO_CROSS_DOWN,SMIIO_CROSS_UP,2025-01-08T00:00:00,2025-01-08T12:00:00,short,96789,95225,100,0.1,9678.9,100.0,156.4,146.29,12288.36,0.15,1564,1.62,0,0.0,35686.75,2997687.0,35.69,967.89,0.1,10,5.0,0.01,0,0.0,10.11,96881
456,SMIIO_CROSS_DOWN,SMIIO_CROSS_UP,2025-01-08T16:00:00,2025-01-08T20:00:00,short,95317,94259,100,0.1,9531.7,100.0,105.8,95.69,8037.96,0.1,1058,1.11,0,0.0,35782.44,3005724.96,35.78,953.17,0.1,10,5.0,0.01,0,0.0,10.11,95409
457,SMIIO_CROSS_DOWN,SMIIO_CROSS_UP,2025-01-09T00:00:00,2025-01-09T08:00:00,short,94995,93293,100,0.1,9499.5,100.0,170.2,160.09,13447.56,0.16,1702,1.79,0,0.0,35942.53,3019172.52,35.94,949.95,0.1,10,5.0,0.01,0,0.0,10.11,95087
458,SMIIO_CROSS_DOWN,SMIIO_CROSS_UP,2025-01-09T16:00:00,2025-01-09T20:00:00,short,94075,91913,100,0.1,9407.5,100.0,216.2,206.09,17311.56,0.21,2162,2.3,0,0.0,36148.62,3036484.08,36.15,940.75,0.1,10,5.0,0.01,0,0.0,10.11,94167
459,SMIIO_CROSS_DOWN,SMIIO_CROSS_UP,2025-01-10T12:00:00,2025-01-10T16:00:00,short,94903,93753,100,0.1,9490.3,100.0,115.0,104.89,8810.76,0.1,1150,1.21,0,0.0,36253.51,3045294.84,36.25,949.03,0.1,10,5.0,0.01,0,0.0,10.11,94995
460,SMIIO_CROSS_DOWN,SMIIO_CROSS_UP,2025-01-10T20:00:00,2025-01-11T08:00:00,short,95225,94305,100,0.1,9522.5,100.0,92.0,81.89,6878.76,0.08,920,0.97,0,0.0,36335.4,3052173.6,36.34,952.25,0.1,10,5.0,0.01,0,0.0,10.11,95317
461,SMIIO_CROSS_DOWN,SMIIO_CROSS_UP,2025-01-11T12:00:00,2025-01-11T20:00:00,short,94443,94305,100,0.1,9444.3,100.0,13.8,3.69,309.96,0.0,138,0.15,0,0.0,36339.09,3052483.56,36.34,944.43,0.1,10,5.0,0.01,0,0.0,10.11,94535
462,SMIIO_CROSS_DOWN,SMIIO_CROSS_UP,2025-01-12T04:00:00,2025-01-12T12:00:00,short,94443,94351,100,0.1,9444.3,100.0,9.2,-0.91,-76.44,-0.0,92,0.1,0,0.0,36338.18,3052407.12,36.34,944.43,0.1,10,5.0,0.01,0,0.0,10.11,94535
463,SMIIO_CROSS_DOWN,SMIIO_CROSS_UP,2025-01-12T16:00:00,2025-01-13T12:00:00,short,94949,90947,100,0.1,9494.9,100.0,400.2,390.09,32767.56,0.39,4002,4.21,0,0.0,36728.27,3085174.68,36.73,949.49,0.1,10,5.0,0.01,0,0.0,10.11,95041
464,SMIIO_CROSS_DOWN,SMIIO_CROSS_UP,2025-01-14T20:00:00,2025-01-15T00:00:00,short,96697,96605,100,0.1,9669.7,100.0,9.2,-0.91,-76.44,-0.0,92,0.1,0,0.0,36727.36,3085098.24,36.73,966.97,0.1,10,5.0,0.01,0,0.0,10.11,96789
465,SMIIO_CROSS_DOWN,SMIIO_CROSS_UP,2025-01-15T08:00:00,2025-01-15T12:00:00,short,97203,96789,100,0.1,9720.3,100.0,41.4,31.29,2628.36,0.03,414,0.43,0,0.0,36758.65,3087726.6,36.76,972.03,0.1,10,5.0,0.01,0,0.0,10.11,97295
466,SMIIO_CROSS_DOWN,SMIIO_CROSS_UP,2025-01-16T00:00:00,2025-01-16T04:00:00,short,100331,99503,100,0.1,10033.1,100.0,82.8,72.69,6105.96,0.07,828,0.83,0,0.0,36831.34,3093832.56,36.83,1003.31,0.1,10,5.0,0.01,0,0.0,10.11,100423
467,SMIIO_CROSS_DOWN,SMIIO_CROSS_UP,2025-01-16T08:00:00,2025-01-16T12:00:00,short,99641,99181,100,0.1,9964.1,100.0,46.0,35.89,3014.76,0.04,460,0.46,0,0.0,36867.23,3096847.32,36.87,996.41,0.1,10,5.0,0.01,0,0.0,10.11,99733
468,SMIIO_CROSS_DOWN,SMIIO_CROSS_UP,2025-01-16T20:00:00,2025-01-17T00:00:00,short,100285,100055,100,0.1,10028.5,100.0,23.0,12.89,1082.76,0.01,230,0.23,0,0.0,36880.12,3097930.08,36.88,1002.85,0.1,10,5.0,0.01,0,0.0,10.11,100377
469,SMIIO_CROSS_DOWN,SMIIO_CROSS_UP,2025-01-17T20:00:00,2025-01-18T08:00:00,short,105667,102907,100,0.1,10566.7,100.0,276.0,265.89,22334.76,0.27,2760,2.61,0,0.0,37146.01,3120264.84,37.15,1056.67,0.1,10,5.0,0.01,0,0.0,10.11,105759
470,SMIIO_CROSS_DOWN,SMIIO_CROSS_UP,2025-01-18T16:00:00,2025-01-18T20:00:00,short,104425,104563,100,0.1,10442.5,100.0,-13.8,-23.91,-2008.44,-0.02,0,0.0,138,0.13,37122.1,3118256.4,37.12,1044.25,0.1,10,5.0,0.01,0,0.0,10.11,104517
471,SMIIO_CROSS_DOWN,SMIIO_CROSS_UP,2025-01-19T08:00:00,2025-01-19T12:00:00,short,105023,104425,100,0.1,10502.3,100.0,59.8,49.69,4173.96,0.05,598,0.57,0,0.0,37171.79,3122430.36,37.17,1050.23,0.1,10,5.0,0.01,0,0.0,10.11,105115
472,SMIIO_CROSS_DOWN,SMIIO_CROSS_UP,2025-01-19T20:00:00,2025-01-20T00:00:00,short,106127,101343,100,0.1,10612.7,100.0,478.4,468.29,39336.36,0.47,4784,4.51,0,0.0,37640.08,3161766.72,37.64,1061.27,0.1,10,5.0,0.01,0,0.0,10.11,106219
473,SMIIO_CROSS_DOWN,SMIIO_CROSS_UP,2025-01-20T12:00:00,2025-01-21T00:00:00,short,108151,102401,100,0.1,10815.1,100.0,575.0,564.89,47450.76,0.56,5750,5.32,0,0.0,38204.97,3209217.48,38.2,1081.51,0.1,10,5.0,0.01,0,0.0,10.11,108243
474,SMIIO_CROSS_DOWN,SMIIO_CROSS_UP,2025-01-21T04:00:00,2025-01-21T08:00:00,short,102861,102033,100,0.1,10286.1,100.0,82.8,72.69,6105.96,0.07,828,0.8,0,0.0,38277.66,3215323.44,38.28,1028.61,0.1,10,5.0,0.01,0,0.0,10.11,102953
475,SMIIO_CROSS_DOWN,SMIIO_CROSS_UP,2025-01-21T20:00:00,2025-01-22T16:00:00,short,106863,104241,100,0.1,10686.3,100.0,262.2,252.09,21175.56,0.25,2622,2.45,0,0.0,38529.75,3236499.0,38.53,1068.63,0.1,10,5.0,0.01,0,0.0,10.11,106955
476,SMIIO_CROSS_DOWN,SMIIO_CROSS_UP,2025-01-22T20:00:00,2025-01-23T04:00:00,short,104471,102539,100,0.1,10447.1,100.0,193.2,183.09,15379.56,0.18,1932,1.85,0,0.0,38712.84,3251878.56,38.71,1044.71,0.1,10,5.0,0.01,0,0.0,10.11,104563
477,SMIIO_CROSS_DOWN,SMIIO_CROSS_UP,2025-01-23T08:00:00,2025-01-23T12:00:00,short,102493,101987,100,0.1,10249.3,100.0,50.6,40.49,3401.16,0.04,506,0.49,0,0.0,38753.33,3255279.72,38.75,1024.93,0.1,10,5.0,0.01,0,0.0,10.11,102585
478,SMIIO_CROSS_DOWN,SMIIO_CROSS_UP,2025-01-23T16:00:00,2025-01-23T20:00:00,short,105161,103781,100,0.1,10516.1,100.0,138.0,127.89,10742.76,0.13,1380,1.31,0,0.0,38881.22,3266022.48,38.88,1051.61,0.1,10,5.0,0.01,0,0.0,10.11,105253
479,SMIIO_CROSS_DOWN,SMIIO_CROSS_UP,2025-01-24T20:00:00,2025-01-25T00:00:00,short,105713,104885,100,0.1,10571.3,100.0,82.8,72.69,6105.96,0.07,828,0.78,0,0.0,38953.91,3272128.44,38.95,1057.13,0.1,10,5.0,0.01,0,0.0,10.11,105805
480,SMIIO_CROSS_DOWN,SMIIO_CROSS_UP,2025-01-25T04:00:00,2025-01-25T08:00:00,short,105023,104425,100,0.1,10502.3,100.0,59.8,49.69,4173.96,0.05,598,0.57,0,0.0,39003.6,3276302.4,39.0,1050.23,0.1,10,5.0,0.01,0,0.0,10.11,105115
481,SMIIO_CROSS_DOWN,SMIIO_CROSS_UP,2025-01-25T20:00:00,2025-01-26T00:00:00,short,104885,104793,100,0.1,10488.5,100.0,9.2,-0.91,-76.44,-0.0,92,0.09,0,0.0,39002.69,3276225.96,39.0,1048.85,0.1,10,5.0,0.01,0,0.0,10.11,104977
482,SMIIO_CROSS_DOWN,SMIIO_CROSS_UP,2025-01-26T04:00:00,2025-01-26T12:00:00,short,104977,104931,100,0.1,10497.7,100.0,4.6,-5.51,-462.84,-0.01,46,0.04,0,0.0,38997.18,3275763.12,39.0,1049.77,0.1,10,5.0,0.01,0,0.0,10.11,105069
483,SMIIO_CROSS_DOWN,SMIIO_CROSS_UP,2025-01-26T20:00:00,2025-01-27T12:00:00,short,104885,98813,100,0.1,10488.5,100.0,607.2,597.09,50155.56,0.6,6072,5.79,0,0.0,39594.27,3325918.68,39.59,1048.85,0.1,10,5.0,0.01,0,0.0,10.11,104977
484,SMIIO_CROSS_DOWN,SMIIO_CROSS_UP,2025-01-27T16:00:00,2025-01-27T20:00:00,short,101021,99733,100,0.1,10102.1,100.0,128.8,118.69,9969.96,0.12,1288,1.27,0,0.0,39712.96,3335888.64,39.71,1010.21,0.1,10,5.0,0.01,0,0.0,10.11,101113
485,SMIIO_CROSS_DOWN,SMIIO_CROSS_UP,2025-01-28T16:00:00,2025-01-29T00:00:00,short,102631,101389,100,0.1,10263.1,100.0,124.2,114.09,9583.56,0.11,1242,1.21,0,0.0,39827.05,3345472.2,39.83,1026.31,0.1,10,5.0,0.01,0,0.0,10.11,102723
486,SMIIO_CROSS_DOWN,SMIIO_CROSS_UP,2025-01-29T08:00:00,2025-01-29T16:00:00,short,102631,102033,100,0.1,10263.1,100.0,59.8,49.69,4173.96,0.05,598,0.58,0,0.0,39876.74,3349646.16,39.88,1026.31,0.1,10,5.0,0.01,0,0.0,10.11,102723
487,SMIIO_CROSS_DOWN,SMIIO_CROSS_UP,2025-01-30T20:00:00,2025-01-31T08:00:00,short,105529,104287,100,0.1,10552.9,100.0,124.2,114.09,9583.56,0.11,1242,1.18,0,0.0,39990.83,3359229.72,39.99,1055.29,0.1,10,5.0,0.01,0,0.0,10.11,105621
488,SMIIO_CROSS_DOWN,SMIIO_CROSS_UP,2025-01-31T16:00:00,2025-01-31T20:00:00,short,105299,102355,100,0.1,10529.9,100.0,294.4,284.29,23880.36,0.28,2944,2.8,0,0.0,40275.12,3383110.08,40.28,1052.99,0.1,10,5.0,0.01,0,0.0,10.11,105391
489,SMIIO_CROSS_DOWN,SMIIO_CROSS_UP,2025-02-01T00:00:00,2025-02-02T04:00:00,short,102171,99273,100,0.1,10217.1,100.0,289.8,279.69,23493.96,0.28,2898,2.84,0,0.0,40554.81,3406604.04,40.55,1021.71,0.1,10,5.0,0.01,0,0.0,10.11,102263
490,SMIIO_CROSS_DOWN,SMIIO_CROSS_UP,2025-02-02T08:00:00,2025-02-02T12:00:00,short,99457,98859,100,0.1,9945.7,100.0,59.8,49.69,4173.96,0.05,598,0.6,0,0.0,40604.5,3410778.0,40.6,994.57,0.1,10,5.0,0.01,0,0.0,10.11,99549
491,SMIIO_CROSS_DOWN,SMIIO_CROSS_UP,2025-02-02T16:00:00,2025-02-03T04:00:00,short,99227,94121,100,0.1,9922.7,100.0,510.6,500.49,42041.16,0.5,5106,5.15,0,0.0,41104.99,3452819.16,41.1,992.27,0.1,10,5.0,0.01,0,0.0,10.11,99319
492,SMIIO_CROSS_DOWN,SMIIO_CROSS_UP,2025-02-03T08:00:00,2025-02-03T12:00:00,short,95225,95225,100,0.1,9522.5,100.0,0.0,-10.11,-849.24,-0.01,0,0.0,0,0.0,41094.88,3451969.92,41.09,952.25,0.1,10,5.0,0.01,0,0.0,10.11,95317
493,SMIIO_CROSS_DOWN,SMIIO_CROSS_UP,2025-02-03T20:00:00,2025-02-04T08:00:00,short,101711,98537,100,0.1,10171.1,100.0,317.4,307.29,25812.36,0.31,3174,3.12,0,0.0,41402.17,3477782.28,41.4,1017.11,0.1,10,5.0,0.01,0,0.0,10.11,101803
494,SMIIO_CROSS_DOWN,SMIIO_CROSS_UP,2025-02-04T16:00:00,2025-02-05T00:00:00,short,99181,97847,100,0.1,9918.1,100.0,133.4,123.29,10356.36,0.12,1334,1.35,0,0.0,41525.46,3488138.64,41.53,991.81,0.1,10,5.0,0.01,0,0.0,10.11,99273
495,SMIIO_CROSS_DOWN,SMIIO_CROSS_UP,2025-02-05T04:00:00,2025-02-05T08:00:00,short,97847,97893,100,0.1,9784.7,100.0,-4.6,-14.71,-1235.64,-0.01,0,0.0,46,0.05,41510.75,3486903.0,41.51,978.47,0.1,10,5.0,0.01,0,0.0,10.11,97939
496,SMIIO_CROSS_DOWN,SMIIO_CROSS_UP,2025-02-05T12:00:00,2025-02-06T00:00:00,short,98077,96697,100,0.1,9807.7,100.0,138.0,127.89,10742.76,0.13,1380,1.41,0,0.0,41638.64,3497645.76,41.64,980.77,0.1,10,5.0,0.01,0,0.0,10.11,98169
497,SMIIO_CROSS_DOWN,SMIIO_CROSS_UP,2025-02-06T12:00:00,2025-02-06T20:00:00,short,98721,96053,100,0.1,9872.1,100.0,266.8,256.69,21561.96,0.26,2668,2.7,0,0.0,41895.33,3519207.72,41.9,987.21,0.1,10,5.0,0.01,0,0.0,10.11,98813
498,SMIIO_CROSS_DOWN,SMIIO_CROSS_UP,2025-02-07T04:00:00,2025-02-07T08:00:00,short,97295,96789,100,0.1,9729.5,100.0,50.6,40.49,3401.16,0.04,506,0.52,0,0.0,41935.82,3522608.88,41.94,972.95,0.1,10,5.0,0.01,0,0.0,10.11,97387
499,SMIIO_CROSS_DOWN,SMIIO_CROSS_UP,2025-02-07T16:00:00,2025-02-08T00:00:00,short,98123,96559,100,0.1,9812.3,100.0,156.4,146.29,12288.36,0.15,1564,1.59,0,0.0,42082.11,3534897.24,42.08,981.23,0.1,10,5.0,0.01,0,0.0,10.11,98215
500,SMIIO_CROSS_DOWN,SMIIO_CROSS_UP,2025-02-08T04:00:00,2025-02-08T16:00:00,short,96513,95915,100,0.1,9651.3,100.0,59.8,49.69,4173.96,0.05,598,0.62,0,0.0,42131.8,3539071.2,42.13,965.13,0.1,10,5.0,0.01,0,0.0,10.11,96605
501,SMIIO_CROSS_DOWN,SMIIO_CROSS_UP,2025-02-08T20:00:00,2025-02-09T00:00:00,short,96467,96559,100,0.1,9646.7,100.0,-9.2,-19.31,-1622.04,-0.02,0,0.0,92,0.1,42112.49,3537449.16,42.11,964.67,0.1,10,5.0,0.01,0,0.0,10.11,96559
502,SMIIO_CROSS_DOWN,SMIIO_CROSS_UP,2025-02-09T04:00:00,2025-02-09T20:00:00,short,97203,96145,100,0.1,9720.3,100.0,105.8,95.69,8037.96,0.1,1058,1.09,0,0.0,42208.18,3545487.12,42.21,972.03,0.1,10,5.0,0.01,0,0.0,10.11,97295
503,SMIIO_CROSS_DOWN,SMIIO_CROSS_UP,2025-02-10T12:00:00,2025-02-10T16:00:00,short,97525,97295,100,0.1,9752.5,100.0,23.0,12.89,1082.76,0.01,230,0.24,0,0.0,42221.07,3546569.88,42.22,975.25,0.1,10,5.0,0.01,0,0.0,10.11,97617
504,SMIIO_CROSS_DOWN,SMIIO_CROSS_UP,2025-02-11T08:00:00,2025-02-11T20:00:00,short,98123,95087,100,0.1,9812.3,100.0,303.6,293.49,24653.16,0.29,3036,3.09,0,0.0,42514.56,3571223.04,42.51,981.23,0.1,10,5.0,0.01,0,0.0,10.11,98215
505,SMIIO_CROSS_DOWN,SMIIO_CROSS_UP,2025-02-12T00:00:00,2025-02-12T04:00:00,short,95685,95317,100,0.1,9568.5,100.0,36.8,26.69,2241.96,0.03,368,0.38,0,0.0,42541.25,3573465.0,42.54,956.85,0.1,10,5.0,0.01,0,0.0,10.11,95777
506,SMIIO_CROSS_DOWN,SMIIO_CROSS_UP,2025-02-12T12:00:00,2025-02-12T16:00:00,short,95961,95869,100,0.1,9596.1,100.0,9.2,-0.91,-76.44,-0.0,92,0.1,0,0.0,42540.34,3573388.56,42.54,959.61,0.1,10,5.0,0.01,0,0.0,10.11,96053
507,SMIIO_CROSS_DOWN,SMIIO_CROSS_UP,2025-02-13T00:00:00,2025-02-13T20:00:00,short,97709,95685,100,0.1,9770.9,100.0,202.4,192.29,16152.36,0.19,2024,2.07,0,0.0,42732.63,3589540.92,42.73,977.09,0.1,10,5.0,0.01,0,0.0,10.11,97801
508,SMIIO_CROSS_DOWN,SMIIO_CROSS_UP,2025-02-14T04:00:00,2025-02-14T16:00:00,short,96973,97111,100,0.1,9697.3,100.0,-13.8,-23.91,-2008.44,-0.02,0,0.0,138,0.14,42708.72,3587532.48,42.71,969.73,0.1,10,5.0,0.01,0,0.0,10.11,97065
509,SMIIO_CROSS_DOWN,SMIIO_CROSS_UP,2025-02-14T20:00:00,2025-02-15T00:00:00,short,97847,97525,100,0.1,9784.7,100.0,32.2,22.09,1855.56,0.02,322,0.33,0,0.0,42730.81,3589388.04,42.73,978.47,0.1,10,5.0,0.01,0,0.0,10.11,97939
510,SMIIO_CROSS_DOWN,SMIIO_CROSS_UP,2025-02-15T04:00:00,2025-02-15T08:00:00,short,97525,97387,100,0.1,9752.5,100.0,13.8,3.69,309.96,0.0,138,0.14,0,0.0,42734.5,3589698.0,42.73,975.25,0.1,10,5.0,0.01,0,0.0,10.11,97617
511,SMIIO_CROSS_DOWN,SMIIO_CROSS_UP,2025-02-16T04:00:00,2025-02-16T16:00:00,short,97433,96973,100,0.1,9743.3,100.0,46.0,35.89,3014.76,0.04,460,0.47,0,0.0,42770.39,3592712.76,42.77,974.33,0.1,10,5.0,0.01,0,0.0,10.11,97525
512,SMIIO_CROSS_DOWN,SMIIO_CROSS_UP,2025-02-16T20:00:00,2025-02-17T00:00:00,short,96881,96145,100,0.1,9688.1,100.0,73.6,63.49,5333.16,0.06,736,0.76,0,0.0,42833.88,3598045.92,42.83,968.81,0.1,10,5.0,0.01,0,0.0,10.11,96973
513,SMIIO_CROSS_DOWN,SMIIO_CROSS_UP,2025-02-17T12:00:00,2025-02-17T20:00:00,short,95961,95593,100,0.1,9596.1,100.0,36.8,26.69,2241.96,0.03,368,0.38,0,0.0,42860.57,3600287.88,42.86,959.61,0.1,10,5.0,0.01,0,0.0,10.11,96053
514,SMIIO_CROSS_DOWN,SMIIO_CROSS_UP,2025-02-18T04:00:00,2025-02-18T08:00:00,short,96053,95501,100,0.1,9605.3,100.0,55.2,45.09,3787.56,0.05,552,0.57,0,0.0,42905.66,3604075.44,42.91,960.53,0.1,10,5.0,0.01,0,0.0,10.11,96145
515,SMIIO_CROSS_DOWN,SMIIO_CROSS_UP,2025-02-18T16:00:00,2025-02-18T20:00:00,short,95455,94167,100,0.1,9545.5,100.0,128.8,118.69,9969.96,0.12,1288,1.35,0,0.0,43024.35,3614045.4,43.02,954.55,0.1,10,5.0,0.01,0,0.0,10.11,95547
516,SMIIO_CROSS_DOWN,SMIIO_CROSS_UP,2025-02-19T12:00:00,2025-02-19T16:00:00,short,96283,95961,100,0.1,9628.3,100.0,32.2,22.09,1855.56,0.02,322,0.33,0,0.0,43046.44,3615900.96,43.05,962.83,0.1,10,5.0,0.01,0,0.0,10.11,96375
517,SMIIO_CROSS_DOWN,SMIIO_CROSS_UP,2025-02-20T04:00:00,2025-02-20T08:00:00,short,96881,96973,100,0.1,9688.1,100.0,-9.2,-19.31,-1622.04,-0.02,0,0.0,92,0.09,43027.13,3614278.92,43.03,968.81,0.1,10,5.0,0.01,0,0.0,10.11,96973
518,SMIIO_CROSS_DOWN,SMIIO_CROSS_UP,2025-02-20T12:00:00,2025-02-20T16:00:00,short,97111,96973,100,0.1,9711.1,100.0,13.8,3.69,309.96,0.0,138,0.14,0,0.0,43030.82,3614588.88,43.03,971.11,0.1,10,5.0,0.01,0,0.0,10.11,97203
519,SMIIO_CROSS_DOWN,SMIIO_CROSS_UP,2025-02-20T20:00:00,2025-02-21T08:00:00,short,98307,98307,100,0.1,9830.7,100.0,0.0,-10.11,-849.24,-0.01,0,0.0,0,0.0,43020.71,3613739.64,43.02,983.07,0.1,10,5.0,0.01,0,0.0,10.11,98399
520,SMIIO_CROSS_DOWN,SMIIO_CROSS_UP,2025-02-21T12:00:00,2025-02-21T20:00:00,short,98491,95363,100,0.1,9849.1,100.0,312.8,302.69,25425.96,0.3,3128,3.18,0,0.0,43323.4,3639165.6,43.32,984.91,0.1,10,5.0,0.01,0,0.0,10.11,98583
521,SMIIO_CROSS_DOWN,SMIIO_CROSS_UP,2025-02-23T00:00:00,2025-02-23T16:00:00,short,96467,95501,100,0.1,9646.7,100.0,96.6,86.49,7265.16,0.09,966,1.0,0,0.0,43409.89,3646430.76,43.41,964.67,0.1,10,5.0,0.01,0,0.0,10.11,96559
522,SMIIO_CROSS_DOWN,SMIIO_CROSS_UP,2025-02-24T00:00:00,2025-02-24T04:00:00,short,96099,95455,100,0.1,9609.9,100.0,64.4,54.29,4560.36,0.05,644,0.67,0,0.0,43464.18,3650991.12,43.46,960.99,0.1,10,5.0,0.01,0,0.0,10.11,96191
523,SMIIO_CROSS_DOWN,SMIIO_CROSS_UP,2025-02-24T08:00:00,2025-02-25T00:00:00,short,95777,91683,100,0.1,9577.7,100.0,409.4,399.29,33540.36,0.4,4094,4.27,0,0.0,43863.47,3684531.48,43.86,957.77,0.1,10,5.0,0.01,0,0.0,10.11,95869
524,SMIIO_CROSS_DOWN,SMIIO_CROSS_UP,2025-02-25T04:00:00,2025-02-25T16:00:00,short,92051,87313,100,0.1,9205.1,100.0,473.8,463.69,38949.96,0.46,4738,5.15,0,0.0,44327.16,3723481.44,44.33,920.51,0.1,10,5.0,0.01,0,0.0,10.11,92143
525,SMIIO_CROSS_DOWN,SMIIO_CROSS_UP,2025-02-26T04:00:00,2025-02-26T20:00:00,short,88739,83955,100,0.1,8873.9,100.0,478.4,468.29,39336.36,0.47,4784,5.39,0,0.0,44795.45,3762817.8,44.8,887.39,0.1,10,5.0,0.01,0,0.0,10.11,88831
526,SMIIO_CROSS_DOWN,SMIIO_CROSS_UP,2025-02-27T12:00:00,2025-02-27T20:00:00,short,86531,84185,100,0.1,8653.1,100.0,234.6,224.49,18857.16,0.22,2346,2.71,0,0.0,45019.94,3781674.96,45.02,865.31,0.1,10,5.0,0.01,0,0.0,10.11,86623
527,SMIIO_CROSS_DOWN,SMIIO_CROSS_UP,2025-02-28T00:00:00,2025-02-28T08:00:00,short,84599,79263,100,0.1,8459.9,100.0,533.6,523.49,43973.16,0.52,5336,6.31,0,0.0,45543.43,3825648.12,45.54,845.99,0.1,10,5.0,0.01,0,0.0,10.11,84691
528,SMIIO_CROSS_DOWN,SMIIO_CROSS_UP,2025-03-01T04:00:00,2025-03-01T12:00:00,short,85151,84691,100,0.1,8515.1,100.0,46.0,35.89,3014.76,0.04,460,0.54,0,0.0,45579.32,3828662.88,45.58,851.51,0.1,10,5.0,0.01,0,0.0,10.11,85243
529,SMIIO_CROSS_DOWN,SMIIO_CROSS_UP,2025-03-02T00:00:00,2025-03-02T04:00:00,short,85887,86025,100,0.1,8588.7,100.0,-13.8,-23.91,-2008.44,-0.02,0,0.0,138,0.16,45555.41,3826654.44,45.56,858.87,0.1,10,5.0,0.01,0,0.0,10.11,85979
530,SMIIO_CROSS_DOWN,SMIIO_CROSS_UP,2025-03-02T08:00:00,2025-03-02T12:00:00,short,86117,86209,100,0.1,8611.7,100.0,-9.2,-19.31,-1622.04,-0.02,0,0.0,92,0.11,45536.1,3825032.4,45.54,861.17,0.1,10,5.0,0.01,0,0.0,10.11,86209
531,SMIIO_CROSS_DOWN,SMIIO_CROSS_UP,2025-03-03T00:00:00,2025-03-03T08:00:00,short,94121,92419,100,0.1,9412.1,100.0,170.2,160.09,13447.56,0.16,1702,1.81,0,0.0,45696.19,3838479.96,45.7,941.21,0.1,10,5.0,0.01,0,0.0,10.11,94213
532,SMIIO_CROSS_DOWN,SMIIO_CROSS_UP,2025-03-03T12:00:00,2025-03-03T20:00:00,short,92603,85657,100,0.1,9260.3,100.0,694.6,684.49,57497.16,0.68,6946,7.5,0,0.0,46380.68,3895977.12,46.38,926.03,0.1,10,5.0,0.01,0,0.0,10.11,92695
533,SMIIO_CROSS_DOWN,SMIIO_CROSS_UP,2025-03-04T00:00:00,2025-03-04T08:00:00,short,86117,83265,100,0.1,8611.7,100.0,285.2,275.09,23107.56,0.28,2852,3.31,0,0.0,46655.77,3919084.68,46.66,861.17,0.1,10,5.0,0.01,0,0.0,10.11,86209
534,SMIIO_CROSS_DOWN,SMIIO_CROSS_UP,2025-03-04T12:00:00,2025-03-04T16:00:00,short,83817,82989,100,0.1,8381.7,100.0,82.8,72.69,6105.96,0.07,828,0.99,0,0.0,46728.46,3925190.64,46.73,838.17,0.1,10,5.0,0.01,0,0.0,10.11,83909
535,SMIIO_CROSS_DOWN,SMIIO_CROSS_UP,2025-03-04T20:00:00,2025-03-05T04:00:00,short,88095,86899,100,0.1,8809.5,100.0,119.6,109.49,9197.16,0.11,1196,1.36,0,0.0,46837.95,3934387.8,46.84,880.95,0.1,10,5.0,0.01,0,0.0,10.11,88187
536,SMIIO_CROSS_DOWN,SMIIO_CROSS_UP,2025-03-05T12:00:00,2025-03-05T16:00:00,short,89659,88371,100,0.1,8965.9,100.0,128.8,118.69,9969.96,0.12,1288,1.44,0,0.0,46956.64,3944357.76,46.96,896.59,0.1,10,5.0,0.01,0,0.0,10.11,89751
537,SMIIO_CROSS_DOWN,SMIIO_CROSS_UP,2025-03-06T04:00:00,2025-03-06T20:00:00,short,91453,88601,100,0.1,9145.3,100.0,285.2,275.09,23107.56,0.28,2852,3.12,0,0.0,47231.73,3967465.32,47.23,914.53,0.1,10,5.0,0.01,0,0.0,10.11,91545
538,SMIIO_CROSS_DOWN,SMIIO_CROSS_UP,2025-03-07T00:00:00,2025-03-07T04:00:00,short,89797,87037,100,0.1,8979.7,100.0,276.0,265.89,22334.76,0.27,2760,3.07,0,0.0,47497.62,3989800.08,47.5,897.97,0.1,10,5.0,0.01,0,0.0,10.11,89889
539,SMIIO_CROSS_DOWN,SMIIO_CROSS_UP,2025-03-07T12:00:00,2025-03-08T04:00:00,short,88831,85979,100,0.1,8883.1,100.0,285.2,275.09,23107.56,0.28,2852,3.21,0,0.0,47772.71,4012907.64,47.77,888.31,0.1,10,5.0,0.01,0,0.0,10.11,88923
540,SMIIO_CROSS_DOWN,SMIIO_CROSS_UP,2025-03-08T08:00:00,2025-03-08T12:00:00,short,85979,85979,100,0.1,8597.9,100.0,0.0,-10.11,-849.24,-0.01,0,0.0,0,0.0,47762.6,4012058.4,47.76,859.79,0.1,10,5.0,0.01,0,0.0,10.11,86071
541,SMIIO_CROSS_DOWN,SMIIO_CROSS_UP,2025-03-08T16:00:00,2025-03-10T00:00:00,short,86301,80781,100,0.1,8630.1,100.0,552.0,541.89,45518.76,0.54,5520,6.4,0,0.0,48304.49,4057577.16,48.3,863.01,0.1,10,5.0,0.01,0,0.0,10.11,86393
542,SMIIO_CROSS_DOWN,SMIIO_CROSS_UP,2025-03-10T12:00:00,2025-03-11T00:00:00,short,83403,78665,100,0.1,8340.3,100.0,473.8,463.69,38949.96,0.46,4738,5.68,0,0.0,48768.18,4096527.12,48.77,834.03,0.1,10,5.0,0.01,0,0.0,10.11,83495
543,SMIIO_CROSS_DOWN,SMIIO_CROSS_UP,2025-03-11T12:00:00,2025-03-11T16:00:00,short,81563,81241,100,0.1,8156.3,100.0,32.2,22.09,1855.56,0.02,322,0.39,0,0.0,48790.27,4098382.68,48.79,815.63,0.1,10,5.0,0.01,0,0.0,10.11,81655
544,SMIIO_CROSS_DOWN,SMIIO_CROSS_UP,2025-03-11T20:00:00,2025-03-12T04:00:00,short,82989,82207,100,0.1,8298.9,100.0,78.2,68.09,5719.56,0.07,782,0.94,0,0.0,48858.36,4104102.24,48.86,829.89,0.1,10,5.0,0.01,0,0.0,10.11,83081
545,SMIIO_CROSS_DOWN,SMIIO_CROSS_UP,2025-03-12T12:00:00,2025-03-12T16:00:00,short,82851,81747,100,0.1,8285.1,100.0,110.4,100.29,8424.36,0.1,1104,1.33,0,0.0,48958.65,4112526.6,48.96,828.51,0.1,10,5.0,0.01,0,0.0,10.11,82943
546,SMIIO_CROSS_DOWN,SMIIO_CROSS_UP,2025-03-13T00:00:00,2025-03-13T20:00:00,short,83541,80275,100,0.1,8354.1,100.0,326.6,316.49,26585.16,0.32,3266,3.91,0,0.0,49275.14,4139111.76,49.28,835.41,0.1,10,5.0,0.01,0,0.0,10.11,83633
547,SMIIO_CROSS_DOWN,SMIIO_CROSS_UP,2025-03-14T16:00:00,2025-03-15T00:00:00,short,84553,84047,100,0.1,8455.3,100.0,50.6,40.49,3401.16,0.04,506,0.6,0,0.0,49315.63,4142512.92,49.32,845.53,0.1,10,5.0,0.01,0,0.0,10.11,84645
548,SMIIO_CROSS_DOWN,SMIIO_CROSS_UP,2025-03-15T04:00:00,2025-03-15T08:00:00,short,84369,83863,100,0.1,8436.9,100.0,50.6,40.49,3401.16,0.04,506,0.6,0,0.0,49356.12,4145914.08,49.36,843.69,0.1,10,5.0,0.01,0,0.0,10.11,84461
549,SMIIO_CROSS_DOWN,SMIIO_CROSS_UP,2025-03-16T00:00:00,2025-03-16T04:00:00,short,84185,84185,100,0.1,8418.5,100.0,0.0,-10.11,-849.24,-0.01,0,0.0,0,0.0,49346.01,4145064.84,49.35,841.85,0.1,10,5.0,0.01,0,0.0,10.11,84277
550,SMIIO_CROSS_DOWN,SMIIO_CROSS_UP,2025-03-16T08:00:00,2025-03-16T12:00:00,short,84185,82437,100,0.1,8418.5,100.0,174.8,164.69,13833.96,0.16,1748,2.08,0,0.0,49510.7,4158898.8,49.51,841.85,0.1,10,5.0,0.01,0,0.0,10.11,84277
551,SMIIO_CROSS_DOWN,SMIIO_CROSS_UP,2025-03-16T16:00:00,2025-03-17T00:00:00,short,83219,82667,100,0.1,8321.9,100.0,55.2,45.09,3787.56,0.05,552,0.66,0,0.0,49555.79,4162686.36,49.56,832.19,0.1,10,5.0,0.01,0,0.0,10.11,83311
552,SMIIO_CROSS_DOWN,SMIIO_CROSS_UP,2025-03-17T04:00:00,2025-03-17T16:00:00,short,83587,83679,100,0.1,8358.7,100.0,-9.2,-19.31,-1622.04,-0.02,0,0.0,92,0.11,49536.48,4161064.32,49.54,835.87,0.1,10,5.0,0.01,0,0.0,10.11,83679
553,SMIIO_CROSS_DOWN,SMIIO_CROSS_UP,2025-03-17T20:00:00,2025-03-18T16:00:00,short,84369,81701,100,0.1,8436.9,100.0,266.8,256.69,21561.96,0.26,2668,3.16,0,0.0,49793.17,4182626.28,49.79,843.69,0.1,10,5.0,0.01,0,0.0,10.11,84461
554,SMIIO_CROSS_DOWN,SMIIO_CROSS_UP,2025-03-20T00:00:00,2025-03-21T00:00:00,short,86715,84231,100,0.1,8671.5,100.0,248.4,238.29,20016.36,0.24,2484,2.86,0,0.0,50031.46,4202642.64,50.03,867.15,0.1,10,5.0,0.01,0,0.0,10.11,86807
555,SMIIO_CROSS_DOWN,SMIIO_CROSS_UP,2025-03-21T04:00:00,2025-03-21T08:00:00,short,84231,83955,100,0.1,8423.1,100.0,27.6,17.49,1469.16,0.02,276,0.33,0,0.0,50048.95,4204111.8,50.05,842.31,0.1,10,5.0,0.01,0,0.0,10.11,84323
556,SMIIO_CROSS_DOWN,SMIIO_CROSS_UP,2025-03-21T12:00:00,2025-03-21T16:00:00,short,83863,83587,100,0.1,8386.3,100.0,27.6,17.49,1469.16,0.02,276,0.33,0,0.0,50066.44,4205580.96,50.07,838.63,0.1,10,5.0,0.01,0,0.0,10.11,83955
557,SMIIO_CROSS_DOWN,SMIIO_CROSS_UP,2025-03-22T12:00:00,2025-03-23T00:00:00,short,84139,83955,100,0.1,8413.9,100.0,18.4,8.29,696.36,0.01,184,0.22,0,0.0,50074.73,4206277.32,50.07,841.39,0.1,10,5.0,0.01,0,0.0,10.11,84231
558,SMIIO_CROSS_DOWN,SMIIO_CROSS_UP,2025-03-23T16:00:00,2025-03-23T20:00:00,short,85013,85151,100,0.1,8501.3,100.0,-13.8,-23.91,-2008.44,-0.02,0,0.0,138,0.16,50050.82,4204268.88,50.05,850.13,0.1,10,5.0,0.01,0,0.0,10.11,85105
559,SMIIO_CROSS_DOWN,SMIIO_CROSS_UP,2025-03-24T16:00:00,2025-03-25T08:00:00,short,88187,86531,100,0.1,8818.7,100.0,165.6,155.49,13061.16,0.16,1656,1.88,0,0.0,50206.31,4217330.04,50.21,881.87,0.1,10,5.0,0.01,0,0.0,10.11,88279
560,SMIIO_CROSS_DOWN,SMIIO_CROSS_UP,2025-03-25T20:00:00,2025-03-26T04:00:00,short,87957,87221,100,0.1,8795.7,100.0,73.6,63.49,5333.16,0.06,736,0.84,0,0.0,50269.8,4222663.2,50.27,879.57,0.1,10,5.0,0.01,0,0.0,10.11,88049
561,SMIIO_CROSS_DOWN,SMIIO_CROSS_UP,2025-03-26T08:00:00,2025-03-26T20:00:00,short,88049,86669,100,0.1,8804.9,100.0,138.0,127.89,10742.76,0.13,1380,1.57,0,0.0,50397.69,4233405.96,50.4,880.49,0.1,10,5.0,0.01,0,0.0,10.11,88141
562,SMIIO_CROSS_DOWN,SMIIO_CROSS_UP,2025-03-27T04:00:00,2025-03-27T20:00:00,short,87497,87037,100,0.1,8749.7,100.0,46.0,35.89,3014.76,0.04,460,0.53,0,0.0,50433.58,4236420.72,50.43,874.97,0.1,10,5.0,0.01,0,0.0,10.11,87589
563,SMIIO_CROSS_DOWN,SMIIO_CROSS_UP,2025-03-28T00:00:00,2025-03-28T20:00:00,short,87083,83863,100,0.1,8708.3,100.0,322.0,311.89,26198.76,0.31,3220,3.7,0,0.0,50745.47,4262619.48,50.75,870.83,0.1,10,5.0,0.01,0,0.0,10.11,87175
564,SMIIO_CROSS_DOWN,SMIIO_CROSS_UP,2025-03-29T00:00:00,2025-03-29T16:00:00,short,84323,82391,100,0.1,8432.3,100.0,193.2,183.09,15379.56,0.18,1932,2.29,0,0.0,50928.56,4277999.04,50.93,843.23,0.1,10,5.0,0.01,0,0.0,10.11,84415
565,SMIIO_CROSS_DOWN,SMIIO_CROSS_UP,2025-03-29T20:00:00,2025-03-30T00:00:00,short,82621,82713,100,0.1,8262.1,100.0,-9.2,-19.31,-1622.04,-0.02,0,0.0,92,0.11,50909.25,4276377.0,50.91,826.21,0.1,10,5.0,0.01,0,0.0,10.11,82713
566,SMIIO_CROSS_DOWN,SMIIO_CROSS_UP,2025-03-30T12:00:00,2025-03-31T04:00:00,short,82989,81609,100,0.1,8298.9,100.0,138.0,127.89,10742.76,0.13,1380,1.66,0,0.0,51037.14,4287119.76,51.04,829.89,0.1,10,5.0,0.01,0,0.0,10.11,83081
567,SMIIO_CROSS_DOWN,SMIIO_CROSS_UP,2025-03-31T16:00:00,2025-03-31T20:00:00,short,83265,82483,100,0.1,8326.5,100.0,78.2,68.09,5719.56,0.07,782,0.94,0,0.0,51105.23,4292839.32,51.11,832.65,0.1,10,5.0,0.01,0,0.0,10.11,83357
568,SMIIO_CROSS_DOWN,SMIIO_CROSS_UP,2025-04-01T16:00:00,2025-04-01T20:00:00,short,85151,85013,100,0.1,8515.1,100.0,13.8,3.69,309.96,0.0,138,0.16,0,0.0,51108.92,4293149.28,51.11,851.51,0.1,10,5.0,0.01,0,0.0,10.11,85243
569,SMIIO_CROSS_DOWN,SMIIO_CROSS_UP,2025-04-02T00:00:00,2025-04-02T08:00:00,short,85013,84507,100,0.1,8501.3,100.0,50.6,40.49,3401.16,0.04,506,0.6,0,0.0,51149.41,4296550.44,51.15,850.13,0.1,10,5.0,0.01,0,0.0,10.11,85105
570,SMIIO_CROSS_DOWN,SMIIO_CROSS_UP,2025-04-02T20:00:00,2025-04-03T00:00:00,short,86715,82575,100,0.1,8671.5,100.0,414.0,403.89,33926.76,0.4,4140,4.77,0,0.0,51553.3,4330477.2,51.55,867.15,0.1,10,5.0,0.01,0,0.0,10.11,86807
571,SMIIO_CROSS_DOWN,SMIIO_CROSS_UP,2025-04-03T08:00:00,2025-04-03T20:00:00,short,83357,82115,100,0.1,8335.7,100.0,124.2,114.09,9583.56,0.11,1242,1.49,0,0.0,51667.39,4340060.76,51.67,833.57,0.1,10,5.0,0.01,0,0.0,10.11,83449
572,SMIIO_CROSS_DOWN,SMIIO_CROSS_UP,2025-04-04T00:00:00,2025-04-04T04:00:00,short,83127,82897,100,0.1,8312.7,100.0,23.0,12.89,1082.76,0.01,230,0.28,0,0.0,51680.28,4341143.52,51.68,831.27,0.1,10,5.0,0.01,0,0.0,10.11,83219
573,SMIIO_CROSS_DOWN,SMIIO_CROSS_UP,2025-04-04T08:00:00,2025-04-04T12:00:00,short,83909,82713,100,0.1,8390.9,100.0,119.6,109.49,9197.16,0.11,1196,1.43,0,0.0,51789.77,4350340.68,51.79,839.09,0.1,10,5.0,0.01,0,0.0,10.11,84001
574,SMIIO_CROSS_DOWN,SMIIO_CROSS_UP,2025-04-04T20:00:00,2025-04-05T16:00:00,short,83863,82713,100,0.1,8386.3,100.0,115.0,104.89,8810.76,0.1,1150,1.37,0,0.0,51894.66,4359151.44,51.89,838.63,0.1,10,5.0,0.01,0,0.0,10.11,83955
575,SMIIO_CROSS_DOWN,SMIIO_CROSS_UP,2025-04-06T00:00:00,2025-04-07T08:00:00,short,83403,75215,100,0.1,8340.3,100.0,818.8,808.69,67929.96,0.81,8188,9.82,0,0.0,52703.35,4427081.4,52.7,834.03,0.1,10,5.0,0.01,0,0.0,10.11,83495
576,SMIIO_CROSS_DOWN,SMIIO_CROSS_UP,2025-04-07T16:00:00,2025-04-07T20:00:00,short,78343,78205,100,0.1,7834.3,100.0,13.8,3.69,309.96,0.0,138,0.18,0,0.0,52707.04,4427391.36,52.71,783.43,0.1,10,5.0,0.01,0,0.0,10.11,78435
577,SMIIO_CROSS_DOWN,SMIIO_CROSS_UP,2025-04-08T04:00:00,2025-04-08T08:00:00,short,79769,79585,100,0.1,7976.9,100.0,18.4,8.29,696.36,0.01,184,0.23,0,0.0,52715.33,4428087.72,52.72,797.69,0.1,10,5.0,0.01,0,0.0,10.11,79861
578,SMIIO_CROSS_DOWN,SMIIO_CROSS_UP,2025-04-08T12:00:00,2025-04-09T04:00:00,short,79861,75169,100,0.1,7986.1,100.0,469.2,459.09,38563.56,0.46,4692,5.88,0,0.0,53174.42,4466651.28,53.17,798.61,0.1,10,5.0,0.01,0,0.0,10.11,79953
579,SMIIO_CROSS_DOWN,SMIIO_CROSS_UP,2025-04-09T08:00:00,2025-04-09T12:00:00,short,77561,76273,100,0.1,7756.1,100.0,128.8,118.69,9969.96,0.12,1288,1.66,0,0.0,53293.11,4476621.24,53.29,775.61,0.1,10,5.0,0.01,0,0.0,10.11,77653
580,SMIIO_CROSS_DOWN,SMIIO_CROSS_UP,2025-04-10T00:00:00,2025-04-10T08:00:00,short,82483,81655,100,0.1,8248.3,100.0,82.8,72.69,6105.96,0.07,828,1.0,0,0.0,53365.8,4482727.2,53.37,824.83,0.1,10,5.0,0.01,0,0.0,10.11,82575
581,SMIIO_CROSS_DOWN,SMIIO_CROSS_UP,2025-04-10T12:00:00,2025-04-10T16:00:00,short,81747,78803,100,0.1,8174.7,100.0,294.4,284.29,23880.36,0.28,2944,3.6,0,0.0,53650.09,4506607.56,53.65,817.47,0.1,10,5.0,0.01,0,0.0,10.11,81839
582,SMIIO_CROSS_DOWN,SMIIO_CROSS_UP,2025-04-11T20:00:00,2025-04-12T04:00:00,short,83679,83035,100,0.1,8367.9,100.0,64.4,54.29,4560.36,0.05,644,0.77,0,0.0,53704.38,4511167.92,53.7,836.79,0.1,10,5.0,0.01,0,0.0,10.11,83771
583,SMIIO_CROSS_DOWN,SMIIO_CROSS_UP,2025-04-12T08:00:00,2025-04-12T12:00:00,short,83633,83633,100,0.1,8363.3,100.0,0.0,-10.11,-849.24,-0.01,0,0.0,0,0.0,53694.27,4510318.68,53.69,836.33,0.1,10,5.0,0.01,0,0.0,10.11,83725
584,SMIIO_CROSS_DOWN,SMIIO_CROSS_UP,2025-04-12T16:00:00,2025-04-12T20:00:00,short,84921,85105,100,0.1,8492.1,100.0,-18.4,-28.51,-2394.84,-0.03,0,0.0,184,0.22,53665.76,4507923.84,53.67,849.21,0.1,10,5.0,0.01,0,0.0,10.11,85013
585,SMIIO_CROSS_DOWN,SMIIO_CROSS_UP,2025-04-13T04:00:00,2025-04-13T08:00:00,short,85289,84461,100,0.1,8528.9,100.0,82.8,72.69,6105.96,0.07,828,0.97,0,0.0,53738.45,4514029.8,53.74,852.89,0.1,10,5.0,0.01,0,0.0,10.11,85381
586,SMIIO_CROSS_DOWN,SMIIO_CROSS_UP,2025-04-13T12:00:00,2025-04-13T16:00:00,short,84277,83909,100,0.1,8427.7,100.0,36.8,26.69,2241.96,0.03,368,0.44,0,0.0,53765.14,4516271.76,53.77,842.77,0.1,10,5.0,0.01,0,0.0,10.11,84369
587,SMIIO_CROSS_DOWN,SMIIO_CROSS_UP,2025-04-13T20:00:00,2025-04-14T00:00:00,short,83725,83771,100,0.1,8372.5,100.0,-4.6,-14.71,-1235.64,-0.01,0,0.0,46,0.05,53750.43,4515036.12,53.75,837.25,0.1,10,5.0,0.01,0,0.0,10.11,83817
588,SMIIO_CROSS_DOWN,SMIIO_CROSS_UP,2025-04-14T12:00:00,2025-04-14T16:00:00,short,84783,84139,100,0.1,8478.3,100.0,64.4,54.29,4560.36,0.05,644,0.76,0,0.0,53804.72,4519596.48,53.8,847.83,0.1,10,5.0,0.01,0,0.0,10.11,84875
589,SMIIO_CROSS_DOWN,SMIIO_CROSS_UP,2025-04-14T20:00:00,2025-04-15T00:00:00,short,84783,84691,100,0.1,8478.3,100.0,9.2,-0.91,-76.44,-0.0,92,0.11,0,0.0,53803.81,4519520.04,53.8,847.83,0.1,10,5.0,0.01,0,0.0,10.11,84875
590,SMIIO_CROSS_DOWN,SMIIO_CROSS_UP,2025-04-15T08:00:00,2025-04-16T08:00:00,short,85565,83449,100,0.1,8556.5,100.0,211.6,201.49,16925.16,0.2,2116,2.47,0,0.0,54005.3,4536445.2,54.01,855.65,0.1,10,5.0,0.01,0,0.0,10.11,85657
591,SMIIO_CROSS_DOWN,SMIIO_CROSS_UP,2025-04-16T16:00:00,2025-04-17T04:00:00,short,84691,84047,100,0.1,8469.1,100.0,64.4,54.29,4560.36,0.05,644,0.76,0,0.0,54059.59,4541005.56,54.06,846.91,0.1,10,5.0,0.01,0,0.0,10.11,84783
592,SMIIO_CROSS_DOWN,SMIIO_CROSS_UP,2025-04-17T08:00:00,2025-04-17T16:00:00,short,84553,84691,100,0.1,8455.3,100.0,-13.8,-23.91,-2008.44,-0.02,0,0.0,138,0.16,54035.68,4538997.12,54.04,845.53,0.1,10,5.0,0.01,0,0.0,10.11,84645
593,SMIIO_CROSS_DOWN,SMIIO_CROSS_UP,2025-04-18T04:00:00,2025-04-18T16:00:00,short,84783,84461,100,0.1,8478.3,100.0,32.2,22.09,1855.56,0.02,322,0.38,0,0.0,54057.77,4540852.68,54.06,847.83,0.1,10,5.0,0.01,0,0.0,10.11,84875
594,SMIIO_CROSS_DOWN,SMIIO_CROSS_UP,2025-04-19T16:00:00,2025-04-20T12:00:00,short,85059,84185,100,0.1,8505.9,100.0,87.4,77.29,6492.36,0.08,874,1.03,0,0.0,54135.06,4547345.04,54.14,850.59,0.1,10,5.0,0.01,0,0.0,10.11,85151
595,SMIIO_CROSS_DOWN,SMIIO_CROSS_UP,2025-04-21T08:00:00,2025-04-21T12:00:00,short,87267,87037,100,0.1,8726.7,100.0,23.0,12.89,1082.76,0.01,230,0.26,0,0.0,54147.95,4548427.8,54.15,872.67,0.1,10,5.0,0.01,0,0.0,10.11,87359
596,SMIIO_CROSS_DOWN,SMIIO_CROSS_UP,2025-04-21T16:00:00,2025-04-21T20:00:00,short,87911,87451,100,0.1,8791.1,100.0,46.0,35.89,3014.76,0.04,460,0.52,0,0.0,54183.84,4551442.56,54.18,879.11,0.1,10,5.0,0.01,0,0.0,10.11,88003
597,SMIIO_CROSS_DOWN,SMIIO_CROSS_UP,2025-04-23T00:00:00,2025-04-23T04:00:00,short,93293,93293,100,0.1,9329.3,100.0,0.0,-10.11,-849.24,-0.01,0,0.0,0,0.0,54173.73,4550593.32,54.17,932.93,0.1,10,5.0,0.01,0,0.0,10.11,93385
598,SMIIO_CROSS_DOWN,SMIIO_CROSS_UP,2025-04-23T08:00:00,2025-04-23T16:00:00,short,94029,93247,100,0.1,9402.9,100.0,78.2,68.09,5719.56,0.07,782,0.83,0,0.0,54241.82,4556312.88,54.24,940.29,0.1,10,5.0,0.01,0,0.0,10.11,94121
599,SMIIO_CROSS_DOWN,SMIIO_CROSS_UP,2025-04-24T00:00:00,2025-04-24T08:00:00,short,93477,92281,100,0.1,9347.7,100.0,119.6,109.49,9197.16,0.11,1196,1.28,0,0.0,54351.31,4565510.04,54.35,934.77,0.1,10,5.0,0.01,0,0.0,10.11,93569
600,SMIIO_CROSS_DOWN,SMIIO_CROSS_UP,2025-04-25T00:00:00,2025-04-25T04:00:00,short,93799,93339,100,0.1,9379.9,100.0,46.0,35.89,3014.76,0.04,460,0.49,0,0.0,54387.2,4568524.8,54.39,937.99,0.1,10,5.0,0.01,0,0.0,10.11,93891
601,SMIIO_CROSS_DOWN,SMIIO_CROSS_UP,2025-04-25T20:00:00,2025-04-26T00:00:00,short,95087,94673,100,0.1,9508.7,100.0,41.4,31.29,2628.36,0.03,414,0.44,0,0.0,54418.49,4571153.16,54.42,950.87,0.1,10,5.0,0.01,0,0.0,10.11,95179
602,SMIIO_CROSS_DOWN,SMIIO_CROSS_UP,2025-04-26T04:00:00,2025-04-26T12:00:00,short,94535,94213,100,0.1,9453.5,100.0,32.2,22.09,1855.56,0.02,322,0.34,0,0.0,54440.58,4573008.72,54.44,945.35,0.1,10,5.0,0.01,0,0.0,10.11,94627
603,SMIIO_CROSS_DOWN,SMIIO_CROSS_UP,2025-04-27T00:00:00,2025-04-27T16:00:00,short,94397,93983,100,0.1,9439.7,100.0,41.4,31.29,2628.36,0.03,414,0.44,0,0.0,54471.87,4575637.08,54.47,943.97,0.1,10,5.0,0.01,0,0.0,10.11,94489
604,SMIIO_CROSS_DOWN,SMIIO_CROSS_UP,2025-04-27T20:00:00,2025-04-28T00:00:00,short,94305,93753,100,0.1,9430.5,100.0,55.2,45.09,3787.56,0.05,552,0.59,0,0.0,54516.96,4579424.64,54.52,943.05,0.1,10,5.0,0.01,0,0.0,10.11,94397
605,SMIIO_CROSS_DOWN,SMIIO_CROSS_UP,2025-04-28T12:00:00,2025-04-28T16:00:00,short,95179,93845,100,0.1,9517.9,100.0,133.4,123.29,10356.36,0.12,1334,1.4,0,0.0,54640.25,4589781.0,54.64,951.79,0.1,10,5.0,0.01,0,0.0,10.11,95271
606,SMIIO_CROSS_DOWN,SMIIO_CROSS_UP,2025-04-29T00:00:00,2025-04-29T04:00:00,short,94857,94719,100,0.1,9485.7,100.0,13.8,3.69,309.96,0.0,138,0.15,0,0.0,54643.94,4590090.96,54.64,948.57,0.1,10,5.0,0.01,0,0.0,10.11,94949
607,SMIIO_CROSS_DOWN,SMIIO_CROSS_UP,2025-04-29T12:00:00,2025-04-29T16:00:00,short,94949,94903,100,0.1,9494.9,100.0,4.6,-5.51,-462.84,-0.01,46,0.05,0,0.0,54638.43,4589628.12,54.64,949.49,0.1,10,5.0,0.01,0,0.0,10.11,95041
608,SMIIO_CROSS_DOWN,SMIIO_CROSS_UP,2025-04-29T20:00:00,2025-04-30T00:00:00,short,95179,94259,100,0.1,9517.9,100.0,92.0,81.89,6878.76,0.08,920,0.97,0,0.0,54720.32,4596506.88,54.72,951.79,0.1,10,5.0,0.01,0,0.0,10.11,95271
609,SMIIO_CROSS_DOWN,SMIIO_CROSS_UP,2025-04-30T04:00:00,2025-04-30T08:00:00,short,94903,94627,100,0.1,9490.3,100.0,27.6,17.49,1469.16,0.02,276,0.29,0,0.0,54737.81,4597976.04,54.74,949.03,0.1,10,5.0,0.01,0,0.0,10.11,94995
610,SMIIO_CROSS_DOWN,SMIIO_CROSS_UP,2025-04-30T12:00:00,2025-04-30T16:00:00,short,95041,94029,100,0.1,9504.1,100.0,101.2,91.09,7651.56,0.09,1012,1.06,0,0.0,54828.9,4605627.6,54.83,950.41,0.1,10,5.0,0.01,0,0.0,10.11,95133
611,SMIIO_CROSS_DOWN,SMIIO_CROSS_UP,2025-05-01T16:00:00,2025-05-02T00:00:00,short,96697,96605,100,0.1,9669.7,100.0,9.2,-0.91,-76.44,-0.0,92,0.1,0,0.0,54827.99,4605551.16,54.83,966.97,0.1,10,5.0,0.01,0,0.0,10.11,96789
612,SMIIO_CROSS_DOWN,SMIIO_CROSS_UP,2025-05-02T04:00:00,2025-05-02T08:00:00,short,96973,96375,100,0.1,9697.3,100.0,59.8,49.69,4173.96,0.05,598,0.62,0,0.0,54877.68,4609725.12,54.88,969.73,0.1,10,5.0,0.01,0,0.0,10.11,97065
613,SMIIO_CROSS_DOWN,SMIIO_CROSS_UP,2025-05-02T16:00:00,2025-05-03T12:00:00,short,97157,96007,100,0.1,9715.7,100.0,115.0,104.89,8810.76,0.1,1150,1.18,0,0.0,54982.57,4618535.88,54.98,971.57,0.1,10,5.0,0.01,0,0.0,10.11,97249
614,SMIIO_CROSS_DOWN,SMIIO_CROSS_UP,2025-05-03T20:00:00,2025-05-04T04:00:00,short,96237,95777,100,0.1,9623.7,100.0,46.0,35.89,3014.76,0.04,460,0.48,0,0.0,55018.46,4621550.64,55.02,962.37,0.1,10,5.0,0.01,0,0.0,10.11,96329
615,SMIIO_CROSS_DOWN,SMIIO_CROSS_UP,2025-05-04T08:00:00,2025-05-04T16:00:00,short,95685,95455,100,0.1,9568.5,100.0,23.0,12.89,1082.76,0.01,230,0.24,0,0.0,55031.35,4622633.4,55.03,956.85,0.1,10,5.0,0.01,0,0.0,10.11,95777
616,SMIIO_CROSS_DOWN,SMIIO_CROSS_UP,2025-05-04T20:00:00,2025-05-05T04:00:00,short,95363,94121,100,0.1,9536.3,100.0,124.2,114.09,9583.56,0.11,1242,1.3,0,0.0,55145.44,4632216.96,55.15,953.63,0.1,10,5.0,0.01,0,0.0,10.11,95455
617,SMIIO_CROSS_DOWN,SMIIO_CROSS_UP,2025-05-05T08:00:00,2025-05-05T16:00:00,short,94627,93845,100,0.1,9462.7,100.0,78.2,68.09,5719.56,0.07,782,0.83,0,0.0,55213.53,4637936.52,55.21,946.27,0.1,10,5.0,0.01,0,0.0,10.11,94719
618,SMIIO_CROSS_DOWN,SMIIO_CROSS_UP,2025-05-06T00:00:00,2025-05-06T12:00:00,short,94581,93891,100,0.1,9458.1,100.0,69.0,58.89,4946.76,0.06,690,0.73,0,0.0,55272.42,4642883.28,55.27,945.81,0.1,10,5.0,0.01,0,0.0,10.11,94673
619,SMIIO_CROSS_DOWN,SMIIO_CROSS_UP,2025-05-07T00:00:00,2025-05-07T04:00:00,short,96697,96559,100,0.1,9669.7,100.0,13.8,3.69,309.96,0.0,138,0.14,0,0.0,55276.11,4643193.24,55.28,966.97,0.1,10,5.0,0.01,0,0.0,10.11,96789
620,SMIIO_CROSS_DOWN,SMIIO_CROSS_UP,2025-05-07T16:00:00,2025-05-07T20:00:00,short,96881,96191,100,0.1,9688.1,100.0,69.0,58.89,4946.76,0.06,690,0.71,0,0.0,55335.0,4648140.0,55.33,968.81,0.1,10,5.0,0.01,0,0.0,10.11,96973
621,SMIIO_CROSS_DOWN,SMIIO_CROSS_UP,2025-05-09T00:00:00,2025-05-09T04:00:00,short,103137,102493,100,0.1,10313.7,100.0,64.4,54.29,4560.36,0.05,644,0.62,0,0.0,55389.29,4652700.36,55.39,1031.37,0.1,10,5.0,0.01,0,0.0,10.11,103229
622,SMIIO_CROSS_DOWN,SMIIO_CROSS_UP,2025-05-09T08:00:00,2025-05-09T16:00:00,short,103551,102999,100,0.1,10355.1,100.0,55.2,45.09,3787.56,0.05,552,0.53,0,0.0,55434.38,4656487.92,55.43,1035.51,0.1,10,5.0,0.01,0,0.0,10.11,103643
623,SMIIO_CROSS_DOWN,SMIIO_CROSS_UP,2025-05-09T20:00:00,2025-05-10T00:00:00,short,103045,102999,100,0.1,10304.5,100.0,4.6,-5.51,-462.84,-0.01,46,0.04,0,0.0,55428.87,4656025.08,55.43,1030.45,0.1,10,5.0,0.01,0,0.0,10.11,103137
624,SMIIO_CROSS_DOWN,SMIIO_CROSS_UP,2025-05-10T08:00:00,2025-05-10T20:00:00,short,103597,103229,100,0.1,10359.7,100.0,36.8,26.69,2241.96,0.03,368,0.36,0,0.0,55455.56,4658267.04,55.46,1035.97,0.1,10,5.0,0.01,0,0.0,10.11,103689
625,SMIIO_CROSS_DOWN,SMIIO_CROSS_UP,2025-05-11T00:00:00,2025-05-11T08:00:00,short,104747,103459,100,0.1,10474.7,100.0,128.8,118.69,9969.96,0.12,1288,1.23,0,0.0,55574.25,4668237.0,55.57,1047.47,0.1,10,5.0,0.01,0,0.0,10.11,104839
626,SMIIO_CROSS_DOWN,SMIIO_CROSS_UP,2025-05-11T12:00:00,2025-05-11T16:00:00,short,104563,104149,100,0.1,10456.3,100.0,41.4,31.29,2628.36,0.03,414,0.4,0,0.0,55605.54,4670865.36,55.61,1045.63,0.1,10,5.0,0.01,0,0.0,10.11,104655
627,SMIIO_CROSS_DOWN,SMIIO_CROSS_UP,2025-05-11T20:00:00,2025-05-12T04:00:00,short,104287,104195,100,0.1,10428.7,100.0,9.2,-0.91,-76.44,-0.0,92,0.09,0,0.0,55604.63,4670788.92,55.6,1042.87,0.1,10,5.0,0.01,0,0.0,10.11,104379
628,SMIIO_CROSS_DOWN,SMIIO_CROSS_UP,2025-05-12T08:00:00,2025-05-12T20:00:00,short,104379,101941,100,0.1,10437.9,100.0,243.8,233.69,19629.96,0.23,2438,2.34,0,0.0,55838.32,4690418.88,55.84,1043.79,0.1,10,5.0,0.01,0,0.0,10.11,104471
629,SMIIO_CROSS_DOWN,SMIIO_CROSS_UP,2025-05-13T00:00:00,2025-05-13T04:00:00,short,102677,101757,100,0.1,10267.7,100.0,92.0,81.89,6878.76,0.08,920,0.9,0,0.0,55920.21,4697297.64,55.92,1026.77,0.1,10,5.0,0.01,0,0.0,10.11,102769
630,SMIIO_CROSS_DOWN,SMIIO_CROSS_UP,2025-05-13T20:00:00,2025-05-14T08:00:00,short,104655,103689,100,0.1,10465.5,100.0,96.6,86.49,7265.16,0.09,966,0.92,0,0.0,56006.7,4704562.8,56.01,1046.55,0.1,10,5.0,0.01,0,0.0,10.11,104747
631,SMIIO_CROSS_DOWN,SMIIO_CROSS_UP,2025-05-14T12:00:00,2025-05-14T20:00:00,short,103781,103413,100,0.1,10378.1,100.0,36.8,26.69,2241.96,0.03,368,0.35,0,0.0,56033.39,4706804.76,56.03,1037.81,0.1,10,5.0,0.01,0,0.0,10.11,103873
632,SMIIO_CROSS_DOWN,SMIIO_CROSS_UP,2025-05-15T00:00:00,2025-05-15T08:00:00,short,103321,101849,100,0.1,10332.1,100.0,147.2,137.09,11515.56,0.14,1472,1.42,0,0.0,56170.48,4718320.32,56.17,1033.21,0.1,10,5.0,0.01,0,0.0,10.11,103413
633,SMIIO_CROSS_DOWN,SMIIO_CROSS_UP,2025-05-16T04:00:00,2025-05-16T12:00:00,short,103873,103781,100,0.1,10387.3,100.0,9.2,-0.91,-76.44,-0.0,92,0.09,0,0.0,56169.57,4718243.88,56.17,1038.73,0.1,10,5.0,0.01,0,0.0,10.11,103965
634,SMIIO_CROSS_DOWN,SMIIO_CROSS_UP,2025-05-16T16:00:00,2025-05-17T16:00:00,short,104103,103045,100,0.1,10410.3,100.0,105.8,95.69,8037.96,0.1,1058,1.02,0,0.0,56265.26,4726281.84,56.27,1041.03,0.1,10,5.0,0.01,0,0.0,10.11,104195
635,SMIIO_CROSS_DOWN,SMIIO_CROSS_UP,2025-05-18T08:00:00,2025-05-18T12:00:00,short,103781,103965,100,0.1,10378.1,100.0,-18.4,-28.51,-2394.84,-0.03,0,0.0,184,0.18,56236.75,4723887.0,56.24,1037.81,0.1,10,5.0,0.01,0,0.0,10.11,103873
636,SMIIO_CROSS_DOWN,SMIIO_CROSS_UP,2025-05-18T16:00:00,2025-05-18T20:00:00,short,105437,103919,100,0.1,10543.7,100.0,151.8,141.69,11901.96,0.14,1518,1.44,0,0.0,56378.44,4735788.96,56.38,1054.37,0.1,10,5.0,0.01,0,0.0,10.11,105529
637,SMIIO_CROSS_DOWN,SMIIO_CROSS_UP,2025-05-19T00:00:00,2025-05-19T12:00:00,short,106357,103045,100,0.1,10635.7,100.0,331.2,321.09,26971.56,0.32,3312,3.11,0,0.0,56699.53,4762760.52,56.7,1063.57,0.1,10,5.0,0.01,0,0.0,10.11,106449
638,SMIIO_CROSS_DOWN,SMIIO_CROSS_UP,2025-05-20T04:00:00,2025-05-20T08:00:00,short,105621,105069,100,0.1,10562.1,100.0,55.2,45.09,3787.56,0.05,552,0.52,0,0.0,56744.62,4766548.08,56.74,1056.21,0.1,10,5.0,0.01,0,0.0,10.11,105713
639,SMIIO_CROSS_DOWN,SMIIO_CROSS_UP,2025-05-20T20:00:00,2025-05-21T12:00:00,short,106863,106633,100,0.1,10686.3,100.0,23.0,12.89,1082.76,0.01,230,0.22,0,0.0,56757.51,4767630.84,56.76,1068.63,0.1,10,5.0,0.01,0,0.0,10.11,106955
640,SMIIO_CROSS_DOWN,SMIIO_CROSS_UP,2025-05-21T16:00:00,2025-05-21T20:00:00,short,108887,108703,100,0.1,10888.7,100.0,18.4,8.29,696.36,0.01,184,0.17,0,0.0,56765.8,4768327.2,56.77,1088.87,0.1,10,5.0,0.01,0,0.0,10.11,108979
641,SMIIO_CROSS_DOWN,SMIIO_CROSS_UP,2025-05-22T04:00:00,2025-05-22T12:00:00,short,111647,111049,100,0.1,11164.7,100.0,59.8,49.69,4173.96,0.05,598,0.54,0,0.0,56815.49,4772501.16,56.82,1116.47,0.1,10,5.0,0.01,0,0.0,10.11,111739
642,SMIIO_CROSS_DOWN,SMIIO_CROSS_UP,2025-05-22T16:00:00,2025-05-22T20:00:00,short,111141,111233,100,0.1,11114.1,100.0,-9.2,-19.31,-1622.04,-0.02,0,0.0,92,0.08,56796.18,4770879.12,56.8,1111.41,0.1,10,5.0,0.01,0,0.0,10.11,111233
643,SMIIO_CROSS_DOWN,SMIIO_CROSS_UP,2025-05-23T00:00:00,2025-05-24T00:00:00,short,111601,107415,100,0.1,11160.1,100.0,418.6,408.49,34313.16,0.41,4186,3.75,0,0.0,57204.67,4805192.28,57.2,1116.01,0.1,10,5.0,0.01,0,0.0,10.11,111693
644,SMIIO_CROSS_DOWN,SMIIO_CROSS_UP,2025-05-24T04:00:00,2025-05-24T08:00:00,short,108243,107645,100,0.1,10824.3,100.0,59.8,49.69,4173.96,0.05,598,0.55,0,0.0,57254.36,4809366.24,57.25,1082.43,0.1,10,5.0,0.01,0,0.0,10.11,108335
645,SMIIO_CROSS_DOWN,SMIIO_CROSS_UP,2025-05-24T12:00:00,2025-05-25T00:00:00,short,109117,107829,100,0.1,10911.7,100.0,128.8,118.69,9969.96,0.12,1288,1.18,0,0.0,57373.05,4819336.2,57.37,1091.17,0.1,10,5.0,0.01,0,0.0,10.11,109209
646,SMIIO_CROSS_DOWN,SMIIO_CROSS_UP,2025-05-25T04:00:00,2025-05-25T16:00:00,short,107921,107047,100,0.1,10792.1,100.0,87.4,77.29,6492.36,0.08,874,0.81,0,0.0,57450.34,4825828.56,57.45,1079.21,0.1,10,5.0,0.01,0,0.0,10.11,108013
647,SMIIO_CROSS_DOWN,SMIIO_CROSS_UP,2025-05-26T08:00:00,2025-05-26T12:00:00,short,109945,109853,100,0.1,10994.5,100.0,9.2,-0.91,-76.44,-0.0,92,0.08,0,0.0,57449.43,4825752.12,57.45,1099.45,0.1,10,5.0,0.01,0,0.0,10.11,110037
648,SMIIO_CROSS_DOWN,SMIIO_CROSS_UP,2025-05-26T16:00:00,2025-05-26T20:00:00,short,109853,109163,100,0.1,10985.3,100.0,69.0,58.89,4946.76,0.06,690,0.63,0,0.0,57508.32,4830698.88,57.51,1098.53,0.1,10,5.0,0.01,0,0.0,10.11,109945
649,SMIIO_CROSS_DOWN,SMIIO_CROSS_UP,2025-05-27T00:00:00,2025-05-27T04:00:00,short,109301,108933,100,0.1,10930.1,100.0,36.8,26.69,2241.96,0.03,368,0.34,0,0.0,57535.01,4832940.84,57.54,1093.01,0.1,10,5.0,0.01,0,0.0,10.11,109393
650,SMIIO_CROSS_DOWN,SMIIO_CROSS_UP,2025-05-27T16:00:00,2025-05-28T20:00:00,short,109991,107001,100,0.1,10999.1,100.0,299.0,288.89,24266.76,0.29,2990,2.72,0,0.0,57823.9,4857207.6,57.82,1099.91,0.1,10,5.0,0.01,0,0.0,10.11,110083
651,SMIIO_CROSS_DOWN,SMIIO_CROSS_UP,2025-05-29T04:00:00,2025-05-29T08:00:00,short,107875,108059,100,0.1,10787.5,100.0,-18.4,-28.51,-2394.84,-0.03,0,0.0,184,0.17,57795.39,4854812.76,57.8,1078.75,0.1,10,5.0,0.01,0,0.0,10.11,107967
652,SMIIO_CROSS_DOWN,SMIIO_CROSS_UP,2025-05-29T12:00:00,2025-05-30T00:00:00,short,108703,105667,100,0.1,10870.3,100.0,303.6,293.49,24653.16,0.29,3036,2.79,0,0.0,58088.88,4879465.92,58.09,1087.03,0.1,10,5.0,0.01,0,0.0,10.11,108795
653,SMIIO_CROSS_DOWN,SMIIO_CROSS_UP,2025-05-30T04:00:00,2025-05-30T08:00:00,short,105897,105069,100,0.1,10589.7,100.0,82.8,72.69,6105.96,0.07,828,0.78,0,0.0,58161.57,4885571.88,58.16,1058.97,0.1,10,5.0,0.01,0,0.0,10.11,105989
654,SMIIO_CROSS_DOWN,SMIIO_CROSS_UP,2025-05-30T12:00:00,2025-05-31T12:00:00,short,105759,103597,100,0.1,10575.9,100.0,216.2,206.09,17311.56,0.21,2162,2.04,0,0.0,58367.66,4902883.44,58.37,1057.59,0.1,10,5.0,0.01,0,0.0,10.11,105851
655,SMIIO_CROSS_DOWN,SMIIO_CROSS_UP,2025-05-31T20:00:00,2025-06-01T12:00:00,short,104563,104149,100,0.1,10456.3,100.0,41.4,31.29,2628.36,0.03,414,0.4,0,0.0,58398.95,4905511.8,58.4,1045.63,0.1,10,5.0,0.01,0,0.0,10.11,104655
656,SMIIO_CROSS_DOWN,SMIIO_CROSS_UP,2025-06-02T00:00:00,2025-06-02T04:00:00,short,105483,104839,100,0.1,10548.3,100.0,64.4,54.29,4560.36,0.05,644,0.61,0,0.0,58453.24,4910072.16,58.45,1054.83,0.1,10,5.0,0.01,0,0.0,10.11,105575
657,SMIIO_CROSS_DOWN,SMIIO_CROSS_UP,2025-06-02T08:00:00,2025-06-02T12:00:00,short,105299,104103,100,0.1,10529.9,100.0,119.6,109.49,9197.16,0.11,1196,1.14,0,0.0,58562.73,4919269.32,58.56,1052.99,0.1,10,5.0,0.01,0,0.0,10.11,105391
658,SMIIO_CROSS_DOWN,SMIIO_CROSS_UP,2025-06-03T00:00:00,2025-06-03T12:00:00,short,105713,105253,100,0.1,10571.3,100.0,46.0,35.89,3014.76,0.04,460,0.44,0,0.0,58598.62,4922284.08,58.6,1057.13,0.1,10,5.0,0.01,0,0.0,10.11,105805
659,SMIIO_CROSS_DOWN,SMIIO_CROSS_UP,2025-06-03T16:00:00,2025-06-04T00:00:00,short,106495,105437,100,0.1,10649.5,100.0,105.8,95.69,8037.96,0.1,1058,0.99,0,0.0,58694.31,4930322.04,58.69,1064.95,0.1,10,5.0,0.01,0,0.0,10.11,106587
660,SMIIO_CROSS_DOWN,SMIIO_CROSS_UP,2025-06-04T04:00:00,2025-06-04T12:00:00,short,105345,105161,100,0.1,10534.5,100.0,18.4,8.29,696.36,0.01,184,0.17,0,0.0,58702.6,4931018.4,58.7,1053.45,0.1,10,5.0,0.01,0,0.0,10.11,105437
661,SMIIO_CROSS_DOWN,SMIIO_CROSS_UP,2025-06-04T16:00:00,2025-06-05T00:00:00,short,105115,104747,100,0.1,10511.5,100.0,36.8,26.69,2241.96,0.03,368,0.35,0,0.0,58729.29,4933260.36,58.73,1051.15,0.1,10,5.0,0.01,0,0.0,10.11,105207
662,SMIIO_CROSS_DOWN,SMIIO_CROSS_UP,2025-06-05T04:00:00,2025-06-05T08:00:00,short,104885,104563,100,0.1,10488.5,100.0,32.2,22.09,1855.56,0.02,322,0.31,0,0.0,58751.38,4935115.92,58.75,1048.85,0.1,10,5.0,0.01,0,0.0,10.11,104977
663,SMIIO_CROSS_DOWN,SMIIO_CROSS_UP,2025-06-05T12:00:00,2025-06-06T00:00:00,short,104655,101573,100,0.1,10465.5,100.0,308.2,298.09,25039.56,0.3,3082,2.94,0,0.0,59049.47,4960155.48,59.05,1046.55,0.1,10,5.0,0.01,0,0.0,10.11,104747
664,SMIIO_CROSS_DOWN,SMIIO_CROSS_UP,2025-06-06T16:00:00,2025-06-06T20:00:00,short,104931,104241,100,0.1,10493.1,100.0,69.0,58.89,4946.76,0.06,690,0.66,0,0.0,59108.36,4965102.24,59.11,1049.31,0.1,10,5.0,0.01,0,0.0,10.11,105023
665,SMIIO_CROSS_DOWN,SMIIO_CROSS_UP,2025-06-07T20:00:00,2025-06-08T08:00:00,short,105575,105575,100,0.1,10557.5,100.0,0.0,-10.11,-849.24,-0.01,0,0.0,0,0.0,59098.25,4964253.0,59.1,1055.75,0.1,10,5.0,0.01,0,0.0,10.11,105667
666,SMIIO_CROSS_DOWN,SMIIO_CROSS_UP,2025-06-08T20:00:00,2025-06-09T08:00:00,short,106127,105621,100,0.1,10612.7,100.0,50.6,40.49,3401.16,0.04,506,0.48,0,0.0,59138.74,4967654.16,59.14,1061.27,0.1,10,5.0,0.01,0,0.0,10.11,106219
667,SMIIO_CROSS_DOWN,SMIIO_CROSS_UP,2025-06-09T12:00:00,2025-06-09T16:00:00,short,107645,107783,100,0.1,10764.5,100.0,-13.8,-23.91,-2008.44,-0.02,0,0.0,138,0.13,59114.83,4965645.72,59.11,1076.45,0.1,10,5.0,0.01,0,0.0,10.11,107737
668,SMIIO_CROSS_DOWN,SMIIO_CROSS_UP,2025-06-10T00:00:00,2025-06-10T08:00:00,short,110129,109301,100,0.1,11012.9,100.0,82.8,72.69,6105.96,0.07,828,0.75,0,0.0,59187.52,4971751.68,59.19,1101.29,0.1,10,5.0,0.01,0,0.0,10.11,110221
669,SMIIO_CROSS_DOWN,SMIIO_CROSS_UP,2025-06-10T12:00:00,2025-06-10T16:00:00,short,109393,109071,100,0.1,10939.3,100.0,32.2,22.09,1855.56,0.02,322,0.29,0,0.0,59209.61,4973607.24,59.21,1093.93,0.1,10,5.0,0.01,0,0.0,10.11,109485
670,SMIIO_CROSS_DOWN,SMIIO_CROSS_UP,2025-06-11T00:00:00,2025-06-11T12:00:00,short,110129,109347,100,0.1,11012.9,100.0,78.2,68.09,5719.56,0.07,782,0.71,0,0.0,59277.7,4979326.8,59.28,1101.29,0.1,10,5.0,0.01,0,0.0,10.11,110221
671,SMIIO_CROSS_DOWN,SMIIO_CROSS_UP,2025-06-11T16:00:00,2025-06-13T04:00:00,short,109577,104379,100,0.1,10957.7,100.0,519.8,509.69,42813.96,0.51,5198,4.74,0,0.0,59787.39,5022140.76,59.79,1095.77,0.1,10,5.0,0.01,0,0.0,10.11,109669
672,SMIIO_CROSS_DOWN,SMIIO_CROSS_UP,2025-06-13T16:00:00,2025-06-13T20:00:00,short,105299,105161,100,0.1,10529.9,100.0,13.8,3.69,309.96,0.0,138,0.13,0,0.0,59791.08,5022450.72,59.79,1052.99,0.1,10,5.0,0.01,0,0.0,10.11,105391
673,SMIIO_CROSS_DOWN,SMIIO_CROSS_UP,2025-06-14T00:00:00,2025-06-14T20:00:00,short,105989,104701,100,0.1,10598.9,100.0,128.8,118.69,9969.96,0.12,1288,1.22,0,0.0,59909.77,5032420.68,59.91,1059.89,0.1,10,5.0,0.01,0,0.0,10.11,106081
674,SMIIO_CROSS_DOWN,SMIIO_CROSS_UP,2025-06-15T08:00:00,2025-06-15T12:00:00,short,105299,105023,100,0.1,10529.9,100.0,27.6,17.49,1469.16,0.02,276,0.26,0,0.0,59927.26,5033889.84,59.93,1052.99,0.1,10,5.0,0.01,0,0.0,10.11,105391
675,SMIIO_CROSS_DOWN,SMIIO_CROSS_UP,2025-06-15T16:00:00,2025-06-15T20:00:00,short,105483,105391,100,0.1,10548.3,100.0,9.2,-0.91,-76.44,-0.0,92,0.09,0,0.0,59926.35,5033813.4,59.93,1054.83,0.1,10,5.0,0.01,0,0.0,10.11,105575
676,SMIIO_CROSS_DOWN,SMIIO_CROSS_UP,2025-06-16T08:00:00,2025-06-16T12:00:00,short,106909,107047,100,0.1,10690.9,100.0,-13.8,-23.91,-2008.44,-0.02,0,0.0,138,0.13,59902.44,5031804.96,59.9,1069.09,0.1,10,5.0,0.01,0,0.0,10.11,107001
677,SMIIO_CROSS_DOWN,SMIIO_CROSS_UP,2025-06-16T20:00:00,2025-06-17T00:00:00,short,108473,106817,100,0.1,10847.3,100.0,165.6,155.49,13061.16,0.16,1656,1.53,0,0.0,60057.93,5044866.12,60.06,1084.73,0.1,10,5.0,0.01,0,0.0,10.11,108565
678,SMIIO_CROSS_DOWN,SMIIO_CROSS_UP,2025-06-17T04:00:00,2025-06-17T16:00:00,short,107507,104333,100,0.1,10750.7,100.0,317.4,307.29,25812.36,0.31,3174,2.95,0,0.0,60365.22,5070678.48,60.37,1075.07,0.1,10,5.0,0.01,0,0.0,10.11,107599
679,SMIIO_CROSS_DOWN,SMIIO_CROSS_UP,2025-06-17T20:00:00,2025-06-18T00:00:00,short,104517,104655,100,0.1,10451.7,100.0,-13.8,-23.91,-2008.44,-0.02,0,0.0,138,0.13,60341.31,5068670.04,60.34,1045.17,0.1,10,5.0,0.01,0,0.0,10.11,104609
680,SMIIO_CROSS_DOWN,SMIIO_CROSS_UP,2025-06-18T04:00:00,2025-06-18T20:00:00,short,105069,103919,100,0.1,10506.9,100.0,115.0,104.89,8810.76,0.1,1150,1.09,0,0.0,60446.2,5077480.8,60.45,1050.69,0.1,10,5.0,0.01,0,0.0,10.11,105161
681,SMIIO_CROSS_DOWN,SMIIO_CROSS_UP,2025-06-19T04:00:00,2025-06-19T08:00:00,short,104931,104701,100,0.1,10493.1,100.0,23.0,12.89,1082.76,0.01,230,0.22,0,0.0,60459.09,5078563.56,60.46,1049.31,0.1,10,5.0,0.01,0,0.0,10.11,105023
682,SMIIO_CROSS_DOWN,SMIIO_CROSS_UP,2025-06-19T12:00:00,2025-06-19T16:00:00,short,104609,104149,100,0.1,10460.9,100.0,46.0,35.89,3014.76,0.04,460,0.44,0,0.0,60494.98,5081578.32,60.49,1046.09,0.1,10,5.0,0.01,0,0.0,10.11,104701
683,SMIIO_CROSS_DOWN,SMIIO_CROSS_UP,2025-06-20T12:00:00,2025-06-21T00:00:00,short,105805,103367,100,0.1,10580.5,100.0,243.8,233.69,19629.96,0.23,2438,2.3,0,0.0,60728.67,5101208.28,60.73,1058.05,0.1,10,5.0,0.01,0,0.0,10.11,105897
684,SMIIO_CROSS_DOWN,SMIIO_CROSS_UP,2025-06-21T12:00:00,2025-06-22T00:00:00,short,103735,102217,100,0.1,10373.5,100.0,151.8,141.69,11901.96,0.14,1518,1.46,0,0.0,60870.36,5113110.24,60.87,1037.35,0.1,10,5.0,0.01,0,0.0,10.11,103827
685,SMIIO_CROSS_DOWN,SMIIO_CROSS_UP,2025-06-22T12:00:00,2025-06-22T20:00:00,short,102585,98905,100,0.1,10258.5,100.0,368.0,357.89,30062.76,0.36,3680,3.59,0,0.0,61228.25,5143173.0,61.23,1025.85,0.1,10,5.0,0.01,0,0.0,10.11,102677
686,SMIIO_CROSS_DOWN,SMIIO_CROSS_UP,2025-06-23T08:00:00,2025-06-23T12:00:00,short,101757,101343,100,0.1,10175.7,100.0,41.4,31.29,2628.36,0.03,414,0.41,0,0.0,61259.54,5145801.36,61.26,1017.57,0.1,10,5.0,0.01,0,0.0,10.11,101849
687,SMIIO_CROSS_DOWN,SMIIO_CROSS_UP,2025-06-24T00:00:00,2025-06-24T08:00:00,short,105207,104977,100,0.1,10520.7,100.0,23.0,12.89,1082.76,0.01,230,0.22,0,0.0,61272.43,5146884.12,61.27,1052.07,0.1,10,5.0,0.01,0,0.0,10.11,105299
688,SMIIO_CROSS_DOWN,SMIIO_CROSS_UP,2025-06-25T12:00:00,2025-06-25T16:00:00,short,107047,107185,100,0.1,10704.7,100.0,-13.8,-23.91,-2008.44,-0.02,0,0.0,138,0.13,61248.52,5144875.68,61.25,1070.47,0.1,10,5.0,0.01,0,0.0,10.11,107139
689,SMIIO_CROSS_DOWN,SMIIO_CROSS_UP,2025-06-25T20:00:00,2025-06-26T00:00:00,short,107645,107415,100,0.1,10764.5,100.0,23.0,12.89,1082.76,0.01,230,0.21,0,0.0,61261.41,5145958.44,61.26,1076.45,0.1,10,5.0,0.01,0,0.0,10.11,107737
690,SMIIO_CROSS_DOWN,SMIIO_CROSS_UP,2025-06-26T08:00:00,2025-06-26T16:00:00,short,107737,107369,100,0.1,10773.7,100.0,36.8,26.69,2241.96,0.03,368,0.34,0,0.0,61288.1,5148200.4,61.29,1077.37,0.1,10,5.0,0.01,0,0.0,10.11,107829
691,SMIIO_CROSS_DOWN,SMIIO_CROSS_UP,2025-06-26T20:00:00,2025-06-27T00:00:00,short,107323,107001,100,0.1,10732.3,100.0,32.2,22.09,1855.56,0.02,322,0.3,0,0.0,61310.19,5150055.96,61.31,1073.23,0.1,10,5.0,0.01,0,0.0,10.11,107415
692,SMIIO_CROSS_DOWN,SMIIO_CROSS_UP,2025-06-27T04:00:00,2025-06-27T08:00:00,short,107369,106909,100,0.1,10736.9,100.0,46.0,35.89,3014.76,0.04,460,0.43,0,0.0,61346.08,5153070.72,61.35,1073.69,0.1,10,5.0,0.01,0,0.0,10.11,107461
693,SMIIO_CROSS_DOWN,SMIIO_CROSS_UP,2025-06-27T16:00:00,2025-06-27T20:00:00,short,107093,106817,100,0.1,10709.3,100.0,27.6,17.49,1469.16,0.02,276,0.26,0,0.0,61363.57,5154539.88,61.36,1070.93,0.1,10,5.0,0.01,0,0.0,10.11,107185
694,SMIIO_CROSS_DOWN,SMIIO_CROSS_UP,2025-06-28T16:00:00,2025-06-28T20:00:00,short,107323,107277,100,0.1,10732.3,100.0,4.6,-5.51,-462.84,-0.01,46,0.04,0,0.0,61358.06,5154077.04,61.36,1073.23,0.1,10,5.0,0.01,0,0.0,10.11,107415
695,SMIIO_CROSS_DOWN,SMIIO_CROSS_UP,2025-06-29T00:00:00,2025-06-29T04:00:00,short,107185,107231,100,0.1,10718.5,100.0,-4.6,-14.71,-1235.64,-0.01,0,0.0,46,0.04,61343.35,5152841.4,61.34,1071.85,0.1,10,5.0,0.01,0,0.0,10.11,107277
696,SMIIO_CROSS_DOWN,SMIIO_CROSS_UP,2025-06-29T12:00:00,2025-06-29T20:00:00,short,108335,107461,100,0.1,10833.5,100.0,87.4,77.29,6492.36,0.08,874,0.81,0,0.0,61420.64,5159333.76,61.42,1083.35,0.1,10,5.0,0.01,0,0.0,10.11,108427
697,SMIIO_CROSS_DOWN,SMIIO_CROSS_UP,2025-06-30T04:00:00,2025-06-30T16:00:00,short,108381,107645,100,0.1,10838.1,100.0,73.6,63.49,5333.16,0.06,736,0.68,0,0.0,61484.13,5164666.92,61.48,1083.81,0.1,10,5.0,0.01,0,0.0,10.11,108473
698,SMIIO_CROSS_DOWN,SMIIO_CROSS_UP,2025-06-30T20:00:00,2025-07-01T20:00:00,short,107553,105483,100,0.1,10755.3,100.0,207.0,196.89,16538.76,0.2,2070,1.92,0,0.0,61681.02,5181205.68,61.68,1075.53,0.1,10,5.0,0.01,0,0.0,10.11,107645
699,SMIIO_CROSS_DOWN,SMIIO_CROSS_UP,2025-07-02T20:00:00,2025-07-03T04:00:00,short,109531,108703,100,0.1,10953.1,100.0,82.8,72.69,6105.96,0.07,828,0.76,0,0.0,61753.71,5187311.64,61.75,1095.31,0.1,10,5.0,0.01,0,0.0,10.11,109623
700,SMIIO_CROSS_DOWN,SMIIO_CROSS_UP,2025-07-03T12:00:00,2025-07-03T16:00:00,short,109439,109163,100,0.1,10943.9,100.0,27.6,17.49,1469.16,0.02,276,0.25,0,0.0,61771.2,5188780.8,61.77,1094.39,0.1,10,5.0,0.01,0,0.0,10.11,109531
701,SMIIO_CROSS_DOWN,SMIIO_CROSS_UP,2025-07-03T20:00:00,2025-07-04T08:00:00,short,109715,108795,100,0.1,10971.5,100.0,92.0,81.89,6878.76,0.08,920,0.84,0,0.0,61853.09,5195659.56,61.85,1097.15,0.1,10,5.0,0.01,0,0.0,10.11,109807
702,SMIIO_CROSS_DOWN,SMIIO_CROSS_UP,2025-07-04T12:00:00,2025-07-04T20:00:00,short,108703,107553,100,0.1,10870.3,100.0,115.0,104.89,8810.76,0.1,1150,1.06,0,0.0,61957.98,5204470.32,61.96,1087.03,0.1,10,5.0,0.01,0,0.0,10.11,108795
703,SMIIO_CROSS_DOWN,SMIIO_CROSS_UP,2025-07-06T00:00:00,2025-07-06T12:00:00,short,108059,108151,100,0.1,10805.9,100.0,-9.2,-19.31,-1622.04,-0.02,0,0.0,92,0.09,61938.67,5202848.28,61.94,1080.59,0.1,10,5.0,0.01,0,0.0,10.11,108151
704,SMIIO_CROSS_DOWN,SMIIO_CROSS_UP,2025-07-06T16:00:00,2025-07-06T20:00:00,short,108795,108611,100,0.1,10879.5,100.0,18.4,8.29,696.36,0.01,184,0.17,0,0.0,61946.96,5203544.64,61.95,1087.95,0.1,10,5.0,0.01,0,0.0,10.11,108887
705,SMIIO_CROSS_DOWN,SMIIO_CROSS_UP,2025-07-07T04:00:00,2025-07-07T20:00:00,short,109255,108105,100,0.1,10925.5,100.0,115.0,104.89,8810.76,0.1,1150,1.05,0,0.0,62051.85,5212355.4,62.05,1092.55,0.1,10,5.0,0.01,0,0.0,10.11,109347
706,SMIIO_CROSS_DOWN,SMIIO_CROSS_UP,2025-07-08T00:00:00,2025-07-08T04:00:00,short,108059,107921,100,0.1,10805.9,100.0,13.8,3.69,309.96,0.0,138,0.13,0,0.0,62055.54,5212665.36,62.06,1080.59,0.1,10,5.0,0.01,0,0.0,10.11,108151
707,SMIIO_CROSS_DOWN,SMIIO_CROSS_UP,2025-07-08T12:00:00,2025-07-08T16:00:00,short,108611,108289,100,0.1,10861.1,100.0,32.2,22.09,1855.56,0.02,322,0.3,0,0.0,62077.63,5214520.92,62.08,1086.11,0.1,10,5.0,0.01,0,0.0,10.11,108703
708,SMIIO_CROSS_DOWN,SMIIO_CROSS_UP,2025-07-09T00:00:00,2025-07-09T04:00:00,short,108749,108381,100,0.1,10874.9,100.0,36.8,26.69,2241.96,0.03,368,0.34,0,0.0,62104.32,5216762.88,62.1,1087.49,0.1,10,5.0,0.01,0,0.0,10.11,108841
709,SMIIO_CROSS_DOWN,SMIIO_CROSS_UP,2025-07-09T20:00:00,2025-07-10T04:00:00,short,111601,111141,100,0.1,11160.1,100.0,46.0,35.89,3014.76,0.04,460,0.41,0,0.0,62140.21,5219777.64,62.14,1116.01,0.1,10,5.0,0.01,0,0.0,10.11,111693
710,SMIIO_CROSS_DOWN,SMIIO_CROSS_UP,2025-07-10T08:00:00,2025-07-10T12:00:00,short,111049,111049,100,0.1,11104.9,100.0,0.0,-10.11,-849.24,-0.01,0,0.0,0,0.0,62130.1,5218928.4,62.13,1110.49,0.1,10,5.0,0.01,0,0.0,10.11,111141
711,SMIIO_CROSS_DOWN,SMIIO_CROSS_UP,2025-07-11T12:00:00,2025-07-11T16:00:00,short,117673,116983,100,0.1,11767.3,100.0,69.0,58.89,4946.76,0.06,690,0.59,0,0.0,62188.99,5223875.16,62.19,1176.73,0.1,10,5.0,0.01,0,0.0,10.11,117765
712,SMIIO_CROSS_DOWN,SMIIO_CROSS_UP,2025-07-11T20:00:00,2025-07-12T00:00:00,short,117995,117581,100,0.1,11799.5,100.0,41.4,31.29,2628.36,0.03,414,0.35,0,0.0,62220.28,5226503.52,62.22,1179.95,0.1,10,5.0,0.01,0,0.0,10.11,118087
713,SMIIO_CROSS_DOWN,SMIIO_CROSS_UP,2025-07-12T12:00:00,2025-07-12T16:00:00,short,117627,117167,100,0.1,11762.7,100.0,46.0,35.89,3014.76,0.04,460,0.39,0,0.0,62256.17,5229518.28,62.26,1176.27,0.1,10,5.0,0.01,0,0.0,10.11,117719
714,SMIIO_CROSS_DOWN,SMIIO_CROSS_UP,2025-07-12T20:00:00,2025-07-13T00:00:00,short,117489,117581,100,0.1,11748.9,100.0,-9.2,-19.31,-1622.04,-0.02,0,0.0,92,0.08,62236.86,5227896.24,62.24,1174.89,0.1,10,5.0,0.01,0,0.0,10.11,117581
715,SMIIO_CROSS_DOWN,SMIIO_CROSS_UP,2025-07-14T08:00:00,2025-07-15T08:00:00,short,122641,116891,100,0.1,12264.1,100.0,575.0,564.89,47450.76,0.56,5750,4.69,0,0.0,62801.75,5275347.0,62.8,1226.41,0.1,10,5.0,0.01,0,0.0,10.11,122733
716,SMIIO_CROSS_DOWN,SMIIO_CROSS_UP,2025-07-15T12:00:00,2025-07-15T20:00:00,short,117029,116477,100,0.1,11702.9,100.0,55.2,45.09,3787.56,0.05,552,0.47,0,0.0,62846.84,5279134.56,62.85,1170.29,0.1,10,5.0,0.01,0,0.0,10.11,117121
717,SMIIO_CROSS_DOWN,SMIIO_CROSS_UP,2025-07-16T00:00:00,2025-07-16T04:00:00,short,117673,117581,100,0.1,11767.3,100.0,9.2,-0.91,-76.44,-0.0,92,0.08,0,0.0,62845.93,5279058.12,62.85,1176.73,0.1,10,5.0,0.01,0,0.0,10.11,117765
718,SMIIO_CROSS_DOWN,SMIIO_CROSS_UP,2025-07-16T20:00:00,2025-07-17T04:00:00,short,119099,118225,100,0.1,11909.9,100.0,87.4,77.29,6492.36,0.08,874,0.73,0,0.0,62923.22,5285550.48,62.92,1190.99,0.1,10,5.0,0.01,0,0.0,10.11,119191
719,SMIIO_CROSS_DOWN,SMIIO_CROSS_UP,2025-07-17T08:00:00,2025-07-17T12:00:00,short,118133,118041,100,0.1,11813.3,100.0,9.2,-0.91,-76.44,-0.0,92,0.08,0,0.0,62922.31,5285474.04,62.92,1181.33,0.1,10,5.0,0.01,0,0.0,10.11,118225
720,SMIIO_CROSS_DOWN,SMIIO_CROSS_UP,2025-07-18T04:00:00,2025-07-18T20:00:00,short,120111,117489,100,0.1,12011.1,100.0,262.2,252.09,21175.56,0.25,2622,2.18,0,0.0,63174.4,5306649.6,63.17,1201.11,0.1,10,5.0,0.01,0,0.0,10.11,120203
721,SMIIO_CROSS_DOWN,SMIIO_CROSS_UP,2025-07-19T04:00:00,2025-07-20T04:00:00,short,118179,117949,100,0.1,11817.9,100.0,23.0,12.89,1082.76,0.01,230,0.19,0,0.0,63187.29,5307732.36,63.19,1181.79,0.1,10,5.0,0.01,0,0.0,10.11,118271
722,SMIIO_CROSS_DOWN,SMIIO_CROSS_UP,2025-07-20T08:00:00,2025-07-20T12:00:00,short,117857,117949,100,0.1,11785.7,100.0,-9.2,-19.31,-1622.04,-0.02,0,0.0,92,0.08,63167.98,5306110.32,63.17,1178.57,0.1,10,5.0,0.01,0,0.0,10.11,117949
723,SMIIO_CROSS_DOWN,SMIIO_CROSS_UP,2025-07-20T16:00:00,2025-07-21T00:00:00,short,118593,117351,100,0.1,11859.3,100.0,124.2,114.09,9583.56,0.11,1242,1.05,0,0.0,63282.07,5315693.88,63.28,1185.93,0.1,10,5.0,0.01,0,0.0,10.11,118685
724,SMIIO_CROSS_DOWN,SMIIO_CROSS_UP,2025-07-21T08:00:00,2025-07-21T12:00:00,short,119237,118133,100,0.1,11923.7,100.0,110.4,100.29,8424.36,0.1,1104,0.93,0,0.0,63382.36,5324118.24,63.38,1192.37,0.1,10,5.0,0.01,0,0.0,10.11,119329
725,SMIIO_CROSS_DOWN,SMIIO_CROSS_UP,2025-07-21T16:00:00,2025-07-21T20:00:00,short,118133,116799,100,0.1,11813.3,100.0,133.4,123.29,10356.36,0.12,1334,1.13,0,0.0,63505.65,5334474.6,63.51,1181.33,0.1,10,5.0,0.01,0,0.0,10.11,118225
726,SMIIO_CROSS_DOWN,SMIIO_CROSS_UP,2025-07-22T00:00:00,2025-07-22T04:00:00,short,117259,117351,100,0.1,11725.9,100.0,-9.2,-19.31,-1622.04,-0.02,0,0.0,92,0.08,63486.34,5332852.56,63.49,1172.59,0.1,10,5.0,0.01,0,0.0,10.11,117351
727,SMIIO_CROSS_DOWN,SMIIO_CROSS_UP,2025-07-22T12:00:00,2025-07-22T16:00:00,short,119053,119053,100,0.1,11905.3,100.0,0.0,-10.11,-849.24,-0.01,0,0.0,0,0.0,63476.23,5332003.32,63.48,1190.53,0.1,10,5.0,0.01,0,0.0,10.11,119145
728,SMIIO_CROSS_DOWN,SMIIO_CROSS_UP,2025-07-23T00:00:00,2025-07-23T08:00:00,short,119881,118455,100,0.1,11988.1,100.0,142.6,132.49,11129.16,0.13,1426,1.19,0,0.0,63608.72,5343132.48,63.61,1198.81,0.1,10,5.0,0.01,0,0.0,10.11,119973
729,SMIIO_CROSS_DOWN,SMIIO_CROSS_UP,2025-07-24T00:00:00,2025-07-24T08:00:00,short,118593,118547,100,0.1,11859.3,100.0,4.6,-5.51,-462.84,-0.01,46,0.04,0,0.0,63603.21,5342669.64,63.6,1185.93,0.1,10,5.0,0.01,0,0.0,10.11,118685
730,SMIIO_CROSS_DOWN,SMIIO_CROSS_UP,2025-07-24T16:00:00,2025-07-25T08:00:00,short,118961,115419,100,0.1,11896.1,100.0,354.2,344.09,28903.56,0.34,3542,2.98,0,0.0,63947.3,5371573.2,63.95,1189.61,0.1,10,5.0,0.01,0,0.0,10.11,119053
731,SMIIO_CROSS_DOWN,SMIIO_CROSS_UP,2025-07-25T12:00:00,2025-07-25T16:00:00,short,116431,115787,100,0.1,11643.1,100.0,64.4,54.29,4560.36,0.05,644,0.55,0,0.0,64001.59,5376133.56,64.0,1164.31,0.1,10,5.0,0.01,0,0.0,10.11,116523
732,SMIIO_CROSS_DOWN,SMIIO_CROSS_UP,2025-07-26T00:00:00,2025-07-26T08:00:00,short,117489,117489,100,0.1,11748.9,100.0,0.0,-10.11,-849.24,-0.01,0,0.0,0,0.0,63991.48,5375284.32,63.99,1174.89,0.1,10,5.0,0.01,0,0.0,10.11,117581
733,SMIIO_CROSS_DOWN,SMIIO_CROSS_UP,2025-07-26T20:00:00,2025-07-27T00:00:00,short,118087,117995,100,0.1,11808.7,100.0,9.2,-0.91,-76.44,-0.0,92,0.08,0,0.0,63990.57,5375207.88,63.99,1180.87,0.1,10,5.0,0.01,0,0.0,10.11,118179
734,SMIIO_CROSS_DOWN,SMIIO_CROSS_UP,2025-07-27T08:00:00,2025-07-27T12:00:00,short,118041,118179,100,0.1,11804.1,100.0,-13.8,-23.91,-2008.44,-0.02,0,0.0,138,0.12,63966.66,5373199.44,63.97,1180.41,0.1,10,5.0,0.01,0,0.0,10.11,118133
735,SMIIO_CROSS_DOWN,SMIIO_CROSS_UP,2025-07-28T00:00:00,2025-07-29T00:00:00,short,119329,118179,100,0.1,11932.9,100.0,115.0,104.89,8810.76,0.1,1150,0.96,0,0.0,64071.55,5382010.2,64.07,1193.29,0.1,10,5.0,0.01,0,0.0,10.11,119421
736,SMIIO_CROSS_DOWN,SMIIO_CROSS_UP,2025-07-29T08:00:00,2025-07-29T20:00:00,short,118731,117489,100,0.1,11873.1,100.0,124.2,114.09,9583.56,0.11,1242,1.05,0,0.0,64185.64,5391593.76,64.19,1187.31,0.1,10,5.0,0.01,0,0.0,10.11,118823
737,SMIIO_CROSS_DOWN,SMIIO_CROSS_UP,2025-07-30T08:00:00,2025-07-30T12:00:00,short,117995,117627,100,0.1,11799.5,100.0,36.8,26.69,2241.96,0.03,368,0.31,0,0.0,64212.33,5393835.72,64.21,1179.95,0.1,10,5.0,0.01,0,0.0,10.11,118087
738,SMIIO_CROSS_DOWN,SMIIO_CROSS_UP,2025-07-30T16:00:00,2025-07-30T20:00:00,short,117903,116937,100,0.1,11790.3,100.0,96.6,86.49,7265.16,0.09,966,0.82,0,0.0,64298.82,5401100.88,64.3,1179.03,0.1,10,5.0,0.01,0,0.0,10.11,117995
739,SMIIO_CROSS_DOWN,SMIIO_CROSS_UP,2025-07-31T08:00:00,2025-08-01T08:00:00,short,118501,115143,100,0.1,11850.1,100.0,335.8,325.69,27357.96,0.33,3358,2.83,0,0.0,64624.51,5428458.84,64.62,1185.01,0.1,10,5.0,0.01,0,0.0,10.11,118593
740,SMIIO_CROSS_DOWN,SMIIO_CROSS_UP,2025-08-01T16:00:00,2025-08-02T00:00:00,short,115097,113349,100,0.1,11509.7,100.0,174.8,164.69,13833.96,0.16,1748,1.52,0,0.0,64789.2,5442292.8,64.79,1150.97,0.1,10,5.0,0.01,0,0.0,10.11,115189
741,SMIIO_CROSS_DOWN,SMIIO_CROSS_UP,2025-08-02T08:00:00,2025-08-02T20:00:00,short,113809,112291,100,0.1,11380.9,100.0,151.8,141.69,11901.96,0.14,1518,1.33,0,0.0,64930.89,5454194.76,64.93,1138.09,0.1,10,5.0,0.01,0,0.0,10.11,113901
742,SMIIO_CROSS_DOWN,SMIIO_CROSS_UP,2025-08-03T20:00:00,2025-08-04T00:00:00,short,114177,114361,100,0.1,11417.7,100.0,-18.4,-28.51,-2394.84,-0.03,0,0.0,184,0.16,64902.38,5451799.92,64.9,1141.77,0.1,10,5.0,0.01,0,0.0,10.11,114269
743,SMIIO_CROSS_DOWN,SMIIO_CROSS_UP,2025-08-04T08:00:00,2025-08-04T12:00:00,short,114499,114637,100,0.1,11449.9,100.0,-13.8,-23.91,-2008.44,-0.02,0,0.0,138,0.12,64878.47,5449791.48,64.88,1144.99,0.1,10,5.0,0.01,0,0.0,10.11,114591
744,SMIIO_CROSS_DOWN,SMIIO_CROSS_UP,2025-08-05T00:00:00,2025-08-05T08:00:00,short,114913,114039,100,0.1,11491.3,100.0,87.4,77.29,6492.36,0.08,874,0.76,0,0.0,64955.76,5456283.84,64.96,1149.13,0.1,10,5.0,0.01,0,0.0,10.11,115005
745,SMIIO_CROSS_DOWN,SMIIO_CROSS_UP,2025-08-05T12:00:00,2025-08-05T16:00:00,short,114729,112935,100,0.1,11472.9,100.0,179.4,169.29,14220.36,0.17,1794,1.56,0,0.0,65125.05,5470504.2,65.13,1147.29,0.1,10,5.0,0.01,0,0.0,10.11,114821
746,SMIIO_CROSS_DOWN,SMIIO_CROSS_UP,2025-08-06T00:00:00,2025-08-06T04:00:00,short,113993,113533,100,0.1,11399.3,100.0,46.0,35.89,3014.76,0.04,460,0.4,0,0.0,65160.94,5473518.96,65.16,1139.93,0.1,10,5.0,0.01,0,0.0,10.11,114085
747,SMIIO_CROSS_DOWN,SMIIO_CROSS_UP,2025-08-06T16:00:00,2025-08-07T04:00:00,short,115281,114637,100,0.1,11528.1,100.0,64.4,54.29,4560.36,0.05,644,0.56,0,0.0,65215.23,5478079.32,65.22,1152.81,0.1,10,5.0,0.01,0,0.0,10.11,115373
748,SMIIO_CROSS_DOWN,SMIIO_CROSS_UP,2025-08-08T00:00:00,2025-08-08T04:00:00,short,117305,116753,100,0.1,11730.5,100.0,55.2,45.09,3787.56,0.05,552,0.47,0,0.0,65260.32,5481866.88,65.26,1173.05,0.1,10,5.0,0.01,0,0.0,10.11,117397
749,SMIIO_CROSS_DOWN,SMIIO_CROSS_UP,2025-08-08T12:00:00,2025-08-08T16:00:00,short,116661,116247,100,0.1,11666.1,100.0,41.4,31.29,2628.36,0.03,414,0.35,0,0.0,65291.61,5484495.24,65.29,1166.61,0.1,10,5.0,0.01,0,0.0,10.11,116753
750,SMIIO_CROSS_DOWN,SMIIO_CROSS_UP,2025-08-09T00:00:00,2025-08-09T04:00:00,short,116523,116477,100,0.1,11652.3,100.0,4.6,-5.51,-462.84,-0.01,46,0.04,0,0.0,65286.1,5484032.4,65.29,1165.23,0.1,10,5.0,0.01,0,0.0,10.11,116615
751,SMIIO_CROSS_DOWN,SMIIO_CROSS_UP,2025-08-09T12:00:00,2025-08-10T00:00:00,short,116983,116569,100,0.1,11698.3,100.0,41.4,31.29,2628.36,0.03,414,0.35,0,0.0,65317.39,5486660.76,65.32,1169.83,0.1,10,5.0,0.01,0,0.0,10.11,117075
752,SMIIO_CROSS_DOWN,SMIIO_CROSS_UP,2025-08-10T04:00:00,2025-08-10T08:00:00,short,118409,117857,100,0.1,11840.9,100.0,55.2,45.09,3787.56,0.05,552,0.47,0,0.0,65362.48,5490448.32,65.36,1184.09,0.1,10,5.0,0.01,0,0.0,10.11,118501
753,SMIIO_CROSS_DOWN,SMIIO_CROSS_UP,2025-08-10T16:00:00,2025-08-10T20:00:00,short,118685,118777,100,0.1,11868.5,100.0,-9.2,-19.31,-1622.04,-0.02,0,0.0,92,0.08,65343.17,5488826.28,65.34,1186.85,0.1,10,5.0,0.01,0,0.0,10.11,118777
754,SMIIO_CROSS_DOWN,SMIIO_CROSS_UP,2025-08-11T04:00:00,2025-08-12T00:00:00,short,121583,118777,100,0.1,12158.3,100.0,280.6,270.49,22721.16,0.27,2806,2.31,0,0.0,65613.66,5511547.44,65.61,1215.83,0.1,10,5.0,0.01,0,0.0,10.11,121675
755,SMIIO_CROSS_DOWN,SMIIO_CROSS_UP,2025-08-12T08:00:00,2025-08-12T12:00:00,short,118731,118547,100,0.1,11873.1,100.0,18.4,8.29,696.36,0.01,184,0.15,0,0.0,65621.95,5512243.8,65.62,1187.31,0.1,10,5.0,0.01,0,0.0,10.11,118823
756,SMIIO_CROSS_DOWN,SMIIO_CROSS_UP,2025-08-12T16:00:00,2025-08-12T20:00:00,short,119835,119743,100,0.1,11983.5,100.0,9.2,-0.91,-76.44,-0.0,92,0.08,0,0.0,65621.04,5512167.36,65.62,1198.35,0.1,10,5.0,0.01,0,0.0,10.11,119927
757,SMIIO_CROSS_DOWN,SMIIO_CROSS_UP,2025-08-13T00:00:00,2025-08-13T04:00:00,short,120019,119513,100,0.1,12001.9,100.0,50.6,40.49,3401.16,0.04,506,0.42,0,0.0,65661.53,5515568.52,65.66,1200.19,0.1,10,5.0,0.01,0,0.0,10.11,120111
758,SMIIO_CROSS_DOWN,SMIIO_CROSS_UP,2025-08-14T04:00:00,2025-08-14T20:00:00,short,123285,118041,100,0.1,12328.5,100.0,524.4,514.29,43200.36,0.51,5244,4.25,0,0.0,66175.82,5558768.88,66.18,1232.85,0.1,10,5.0,0.01,0,0.0,10.11,123377
759,SMIIO_CROSS_DOWN,SMIIO_CROSS_UP,2025-08-15T12:00:00,2025-08-15T20:00:00,short,118869,117029,100,0.1,11886.9,100.0,184.0,173.89,14606.76,0.17,1840,1.55,0,0.0,66349.71,5573375.64,66.35,1188.69,0.1,10,5.0,0.01,0,0.0,10.11,118961
760,SMIIO_CROSS_DOWN,SMIIO_CROSS_UP,2025-08-16T08:00:00,2025-08-16T12:00:00,short,117443,117535,100,0.1,11744.3,100.0,-9.2,-19.31,-1622.04,-0.02,0,0.0,92,0.08,66330.4,5571753.6,66.33,1174.43,0.1,10,5.0,0.01,0,0.0,10.11,117535
761,SMIIO_CROSS_DOWN,SMIIO_CROSS_UP,2025-08-16T20:00:00,2025-08-17T00:00:00,short,117581,117443,100,0.1,11758.1,100.0,13.8,3.69,309.96,0.0,138,0.12,0,0.0,66334.09,5572063.56,66.33,1175.81,0.1,10,5.0,0.01,0,0.0,10.11,117673
762,SMIIO_CROSS_DOWN,SMIIO_CROSS_UP,2025-08-17T16:00:00,2025-08-18T12:00:00,short,118133,115005,100,0.1,11813.3,100.0,312.8,302.69,25425.96,0.3,3128,2.65,0,0.0,66636.78,5597489.52,66.64,1181.33,0.1,10,5.0,0.01,0,0.0,10.11,118225
763,SMIIO_CROSS_DOWN,SMIIO_CROSS_UP,2025-08-19T00:00:00,2025-08-19T04:00:00,short,116155,114821,100,0.1,11615.5,100.0,133.4,123.29,10356.36,0.12,1334,1.15,0,0.0,66760.07,5607845.88,66.76,1161.55,0.1,10,5.0,0.01,0,0.0,10.11,116247
764,SMIIO_CROSS_DOWN,SMIIO_CROSS_UP,2025-08-19T12:00:00,2025-08-20T00:00:00,short,115373,112935,100,0.1,11537.3,100.0,243.8,233.69,19629.96,0.23,2438,2.11,0,0.0,66993.76,5627475.84,66.99,1153.73,0.1,10,5.0,0.01,0,0.0,10.11,115465
765,SMIIO_CROSS_DOWN,SMIIO_CROSS_UP,2025-08-20T12:00:00,2025-08-20T16:00:00,short,113533,113441,100,0.1,11353.3,100.0,9.2,-0.91,-76.44,-0.0,92,0.08,0,0.0,66992.85,5627399.4,66.99,1135.33,0.1,10,5.0,0.01,0,0.0,10.11,113625
766,SMIIO_CROSS_DOWN,SMIIO_CROSS_UP,2025-08-21T00:00:00,2025-08-21T20:00:00,short,114177,112291,100,0.1,11417.7,100.0,188.6,178.49,14993.16,0.18,1886,1.65,0,0.0,67171.34,5642392.56,67.17,1141.77,0.1,10,5.0,0.01,0,0.0,10.11,114269
767,SMIIO_CROSS_DOWN,SMIIO_CROSS_UP,2025-08-22T08:00:00,2025-08-22T12:00:00,short,112935,112337,100,0.1,11293.5,100.0,59.8,49.69,4173.96,0.05,598,0.53,0,0.0,67221.03,5646566.52,67.22,1129.35,0.1,10,5.0,0.01,0,0.0,10.11,113027
768,SMIIO_CROSS_DOWN,SMIIO_CROSS_UP,2025-08-23T00:00:00,2025-08-23T04:00:00,short,116799,115603,100,0.1,11679.9,100.0,119.6,109.49,9197.16,0.11,1196,1.02,0,0.0,67330.52,5655763.68,67.33,1167.99,0.1,10,5.0,0.01,0,0.0,10.11,116891
769,SMIIO_CROSS_DOWN,SMIIO_CROSS_UP,2025-08-23T08:00:00,2025-08-23T16:00:00,short,115603,114913,100,0.1,11560.3,100.0,69.0,58.89,4946.76,0.06,690,0.6,0,0.0,67389.41,5660710.44,67.39,1156.03,0.1,10,5.0,0.01,0,0.0,10.11,115695
770,SMIIO_CROSS_DOWN,SMIIO_CROSS_UP,2025-08-24T00:00:00,2025-08-24T20:00:00,short,115281,112705,100,0.1,11528.1,100.0,257.6,247.49,20789.16,0.25,2576,2.23,0,0.0,67636.9,5681499.6,67.64,1152.81,0.1,10,5.0,0.01,0,0.0,10.11,115373
771,SMIIO_CROSS_DOWN,SMIIO_CROSS_UP,2025-08-25T00:00:00,2025-08-25T12:00:00,short,113395,111325,100,0.1,11339.5,100.0,207.0,196.89,16538.76,0.2,2070,1.83,0,0.0,67833.79,5698038.36,67.83,1133.95,0.1,10,5.0,0.01,0,0.0,10.11,113487
772,SMIIO_CROSS_DOWN,SMIIO_CROSS_UP,2025-08-25T16:00:00,2025-08-26T04:00:00,short,112061,109945,100,0.1,11206.1,100.0,211.6,201.49,16925.16,0.2,2116,1.89,0,0.0,68035.28,5714963.52,68.04,1120.61,0.1,10,5.0,0.01,0,0.0,10.11,112153
773,SMIIO_CROSS_DOWN,SMIIO_CROSS_UP,2025-08-26T08:00:00,2025-08-26T16:00:00,short,110129,109761,100,0.1,11012.9,100.0,36.8,26.69,2241.96,0.03,368,0.33,0,0.0,68061.97,5717205.48,68.06,1101.29,0.1,10,5.0,0.01,0,0.0,10.11,110221
774,SMIIO_CROSS_DOWN,SMIIO_CROSS_UP,2025-08-27T00:00:00,2025-08-27T08:00:00,short,111601,110819,100,0.1,11160.1,100.0,78.2,68.09,5719.56,0.07,782,0.7,0,0.0,68130.06,5722925.04,68.13,1116.01,0.1,10,5.0,0.01,0,0.0,10.11,111693
775,SMIIO_CROSS_DOWN,SMIIO_CROSS_UP,2025-08-27T20:00:00,2025-08-28T00:00:00,short,111923,111279,100,0.1,11192.3,100.0,64.4,54.29,4560.36,0.05,644,0.58,0,0.0,68184.35,5727485.4,68.18,1119.23,0.1,10,5.0,0.01,0,0.0,10.11,112015
776,SMIIO_CROSS_DOWN,SMIIO_CROSS_UP,2025-08-28T08:00:00,2025-08-28T20:00:00,short,112981,111969,100,0.1,11298.1,100.0,101.2,91.09,7651.56,0.09,1012,0.9,0,0.0,68275.44,5735136.96,68.28,1129.81,0.1,10,5.0,0.01,0,0.0,10.11,113073
777,SMIIO_CROSS_DOWN,SMIIO_CROSS_UP,2025-08-29T00:00:00,2025-08-29T20:00:00,short,112429,108289,100,0.1,11242.9,100.0,414.0,403.89,33926.76,0.4,4140,3.68,0,0.0,68679.33,5769063.72,68.68,1124.29,0.1,10,5.0,0.01,0,0.0,10.11,112521
778,SMIIO_CROSS_DOWN,SMIIO_CROSS_UP,2025-08-31T04:00:00,2025-08-31T12:00:00,short,109071,108473,100,0.1,10907.1,100.0,59.8,49.69,4173.96,0.05,598,0.55,0,0.0,68729.02,5773237.68,68.73,1090.71,0.1,10,5.0,0.01,0,0.0,10.11,109163
779,SMIIO_CROSS_DOWN,SMIIO_CROSS_UP,2025-08-31T20:00:00,2025-09-01T04:00:00,short,108795,107737,100,0.1,10879.5,100.0,105.8,95.69,8037.96,0.1,1058,0.97,0,0.0,68824.71,5781275.64,68.82,1087.95,0.1,10,5.0,0.01,0,0.0,10.11,108887
780,SMIIO_CROSS_DOWN,SMIIO_CROSS_UP,2025-09-01T08:00:00,2025-09-01T16:00:00,short,109347,108795,100,0.1,10934.7,100.0,55.2,45.09,3787.56,0.05,552,0.5,0,0.0,68869.8,5785063.2,68.87,1093.47,0.1,10,5.0,0.01,0,0.0,10.11,109439
781,SMIIO_CROSS_DOWN,SMIIO_CROSS_UP,2025-09-02T08:00:00,2025-09-02T12:00:00,short,110175,109761,100,0.1,11017.5,100.0,41.4,31.29,2628.36,0.03,414,0.38,0,0.0,68901.09,5787691.56,68.9,1101.75,0.1,10,5.0,0.01,0,0.0,10.11,110267
782,SMIIO_CROSS_DOWN,SMIIO_CROSS_UP,2025-09-03T00:00:00,2025-09-03T08:00:00,short,111095,111233,100,0.1,11109.5,100.0,-13.8,-23.91,-2008.44,-0.02,0,0.0,138,0.12,68877.18,5785683.12,68.88,1110.95,0.1,10,5.0,0.01,0,0.0,10.11,111187
783,SMIIO_CROSS_DOWN,SMIIO_CROSS_UP,2025-09-03T20:00:00,2025-09-04T08:00:00,short,112061,110543,100,0.1,11206.1,100.0,151.8,141.69,11901.96,0.14,1518,1.35,0,0.0,69018.87,5797585.08,69.02,1120.61,0.1,10,5.0,0.01,0,0.0,10.11,112153
784,SMIIO_CROSS_DOWN,SMIIO_CROSS_UP,2025-09-04T12:00:00,2025-09-04T16:00:00,short,110681,109531,100,0.1,11068.1,100.0,115.0,104.89,8810.76,0.1,1150,1.04,0,0.0,69123.76,5806395.84,69.12,1106.81,0.1,10,5.0,0.01,0,0.0,10.11,110773
785,SMIIO_CROSS_DOWN,SMIIO_CROSS_UP,2025-09-05T08:00:00,2025-09-05T16:00:00,short,112797,110819,100,0.1,11279.7,100.0,197.8,187.69,15765.96,0.19,1978,1.75,0,0.0,69311.45,5822161.8,69.31,1127.97,0.1,10,5.0,0.01,0,0.0,10.11,112889
786,SMIIO_CROSS_DOWN,SMIIO_CROSS_UP,2025-09-05T20:00:00,2025-09-06T00:00:00,short,111509,110681,100,0.1,11150.9,100.0,82.8,72.69,6105.96,0.07,828,0.74,0,0.0,69384.14,5828267.76,69.38,1115.09,0.1,10,5.0,0.01,0,0.0,10.11,111601
787,SMIIO_CROSS_DOWN,SMIIO_CROSS_UP,2025-09-06T04:00:00,2025-09-06T20:00:00,short,110911,110129,100,0.1,11091.1,100.0,78.2,68.09,5719.56,0.07,782,0.71,0,0.0,69452.23,5833987.32,69.45,1109.11,0.1,10,5.0,0.01,0,0.0,10.11,111003
788,SMIIO_CROSS_DOWN,SMIIO_CROSS_UP,2025-09-07T20:00:00,2025-09-08T04:00:00,short,111187,111233,100,0.1,11118.7,100.0,-4.6,-14.71,-1235.64,-0.01,0,0.0,46,0.04,69437.52,5832751.68,69.44,1111.87,0.1,10,5.0,0.01,0,0.0,10.11,111279
789,SMIIO_CROSS_DOWN,SMIIO_CROSS_UP,2025-09-08T16:00:00,2025-09-09T04:00:00,short,112475,111785,100,0.1,11247.5,100.0,69.0,58.89,4946.76,0.06,690,0.61,0,0.0,69496.41,5837698.44,69.5,1124.75,0.1,10,5.0,0.01,0,0.0,10.11,112567
790,SMIIO_CROSS_DOWN,SMIIO_CROSS_UP,2025-09-09T08:00:00,2025-09-09T16:00:00,short,112889,110957,100,0.1,11288.9,100.0,193.2,183.09,15379.56,0.18,1932,1.71,0,0.0,69679.5,5853078.0,69.68,1128.89,0.1,10,5.0,0.01,0,0.0,10.11,112981
791,SMIIO_CROSS_DOWN,SMIIO_CROSS_UP,2025-09-10T08:00:00,2025-09-10T12:00:00,short,112383,112429,100,0.1,11238.3,100.0,-4.6,-14.71,-1235.64,-0.01,0,0.0,46,0.04,69664.79,5851842.36,69.66,1123.83,0.1,10,5.0,0.01,0,0.0,10.11,112475
792,SMIIO_CROSS_DOWN,SMIIO_CROSS_UP,2025-09-10T16:00:00,2025-09-10T20:00:00,short,113763,113671,100,0.1,11376.3,100.0,9.2,-0.91,-76.44,-0.0,92,0.08,0,0.0,69663.88,5851765.92,69.66,1137.63,0.1,10,5.0,0.01,0,0.0,10.11,113855
793,SMIIO_CROSS_DOWN,SMIIO_CROSS_UP,2025-09-11T04:00:00,2025-09-11T12:00:00,short,114269,114131,100,0.1,11426.9,100.0,13.8,3.69,309.96,0.0,138,0.12,0,0.0,69667.57,5852075.88,69.67,1142.69,0.1,10,5.0,0.01,0,0.0,10.11,114361
794,SMIIO_CROSS_DOWN,SMIIO_CROSS_UP,2025-09-12T00:00:00,2025-09-12T12:00:00,short,115327,115005,100,0.1,11532.7,100.0,32.2,22.09,1855.56,0.02,322,0.28,0,0.0,69689.66,5853931.44,69.69,1153.27,0.1,10,5.0,0.01,0,0.0,10.11,115419
795,SMIIO_CROSS_DOWN,SMIIO_CROSS_UP,2025-09-12T20:00:00,2025-09-13T08:00:00,short,116477,115833,100,0.1,11647.7,100.0,64.4,54.29,4560.36,0.05,644,0.55,0,0.0,69743.95,5858491.8,69.74,1164.77,0.1,10,5.0,0.01,0,0.0,10.11,116569
796,SMIIO_CROSS_DOWN,SMIIO_CROSS_UP,2025-09-13T12:00:00,2025-09-13T20:00:00,short,115787,115787,100,0.1,11578.7,100.0,0.0,-10.11,-849.24,-0.01,0,0.0,0,0.0,69733.84,5857642.56,69.73,1157.87,0.1,10,5.0,0.01,0,0.0,10.11,115879
797,SMIIO_CROSS_DOWN,SMIIO_CROSS_UP,2025-09-14T00:00:00,2025-09-14T04:00:00,short,115741,115695,100,0.1,11574.1,100.0,4.6,-5.51,-462.84,-0.01,46,0.04,0,0.0,69728.33,5857179.72,69.73,1157.41,0.1,10,5.0,0.01,0,0.0,10.11,115833
798,SMIIO_CROSS_DOWN,SMIIO_CROSS_UP,2025-09-14T12:00:00,2025-09-14T16:00:00,short,115649,115235,100,0.1,11564.9,100.0,41.4,31.29,2628.36,0.03,414,0.36,0,0.0,69759.62,5859808.08,69.76,1156.49,0.1,10,5.0,0.01,0,0.0,10.11,115741
799,SMIIO_CROSS_DOWN,SMIIO_CROSS_UP,2025-09-14T20:00:00,2025-09-15T00:00:00,short,115557,115281,100,0.1,11555.7,100.0,27.6,17.49,1469.16,0.02,276,0.24,0,0.0,69777.11,5861277.24,69.78,1155.57,0.1,10,5.0,0.01,0,0.0,10.11,115649
800,SMIIO_CROSS_DOWN,SMIIO_CROSS_UP,2025-09-15T08:00:00,2025-09-15T16:00:00,short,115649,114913,100,0.1,11564.9,100.0,73.6,63.49,5333.16,0.06,736,0.64,0,0.0,69840.6,5866610.4,69.84,1156.49,0.1,10,5.0,0.01,0,0.0,10.11,115741
801,SMIIO_CROSS_DOWN,SMIIO_CROSS_UP,2025-09-16T08:00:00,2025-09-16T12:00:00,short,115695,115281,100,0.1,11569.5,100.0,41.4,31.29,2628.36,0.03,414,0.36,0,0.0,69871.89,5869238.76,69.87,1156.95,0.1,10,5.0,0.01,0,0.0,10.11,115787
802,SMIIO_CROSS_DOWN,SMIIO_CROSS_UP,2025-09-17T00:00:00,2025-09-17T04:00:00,short,116661,116431,100,0.1,11666.1,100.0,23.0,12.89,1082.76,0.01,230,0.2,0,0.0,69884.78,5870321.52,69.88,1166.61,0.1,10,5.0,0.01,0,0.0,10.11,116753
803,SMIIO_CROSS_DOWN,SMIIO_CROSS_UP,2025-09-17T08:00:00,2025-09-17T20:00:00,short,117075,115695,100,0.1,11707.5,100.0,138.0,127.89,10742.76,0.13,1380,1.18,0,0.0,70012.67,5881064.28,70.01,1170.75,0.1,10,5.0,0.01,0,0.0,10.11,117167
804,SMIIO_CROSS_DOWN,SMIIO_CROSS_UP,2025-09-18T04:00:00,2025-09-18T12:00:00,short,117443,117121,100,0.1,11744.3,100.0,32.2,22.09,1855.56,0.02,322,0.27,0,0.0,70034.76,5882919.84,70.03,1174.43,0.1,10,5.0,0.01,0,0.0,10.11,117535
805,SMIIO_CROSS_DOWN,SMIIO_CROSS_UP,2025-09-18T16:00:00,2025-09-19T20:00:00,short,117489,115189,100,0.1,11748.9,100.0,230.0,219.89,18470.76,0.22,2300,1.96,0,0.0,70254.65,5901390.6,70.25,1174.89,0.1,10,5.0,0.01,0,0.0,10.11,117581
806,SMIIO_CROSS_DOWN,SMIIO_CROSS_UP,2025-09-20T00:00:00,2025-09-20T04:00:00,short,115511,115511,100,0.1,11551.1,100.0,0.0,-10.11,-849.24,-0.01,0,0.0,0,0.0,70244.54,5900541.36,70.24,1155.11,0.1,10,5.0,0.01,0,0.0,10.11,115603
807,SMIIO_CROSS_DOWN,SMIIO_CROSS_UP,2025-09-20T16:00:00,2025-09-21T04:00:00,short,115833,115741,100,0.1,11583.3,100.0,9.2,-0.91,-76.44,-0.0,92,0.08,0,0.0,70243.63,5900464.92,70.24,1158.33,0.1,10,5.0,0.01,0,0.0,10.11,115925
808,SMIIO_CROSS_DOWN,SMIIO_CROSS_UP,2025-09-21T08:00:00,2025-09-22T08:00:00,short,115649,112567,100,0.1,11564.9,100.0,308.2,298.09,25039.56,0.3,3082,2.66,0,0.0,70541.72,5925504.48,70.54,1156.49,0.1,10,5.0,0.01,0,0.0,10.11,115741
809,SMIIO_CROSS_DOWN,SMIIO_CROSS_UP,2025-09-22T16:00:00,2025-09-22T20:00:00,short,112705,112153,100,0.1,11270.5,100.0,55.2,45.09,3787.56,0.05,552,0.49,0,0.0,70586.81,5929292.04,70.59,1127.05,0.1,10,5.0,0.01,0,0.0,10.11,112797
810,SMIIO_CROSS_DOWN,SMIIO_CROSS_UP,2025-09-23T00:00:00,2025-09-23T04:00:00,short,112567,112429,100,0.1,11256.7,100.0,13.8,3.69,309.96,0.0,138,0.12,0,0.0,70590.5,5929602.0,70.59,1125.67,0.1,10,5.0,0.01,0,0.0,10.11,112659
811,SMIIO_CROSS_DOWN,SMIIO_CROSS_UP,2025-09-23T08:00:00,2025-09-23T20:00:00,short,112981,111739,100,0.1,11298.1,100.0,124.2,114.09,9583.56,0.11,1242,1.1,0,0.0,70704.59,5939185.56,70.7,1129.81,0.1,10,5.0,0.01,0,0.0,10.11,113073
812,SMIIO_CROSS_DOWN,SMIIO_CROSS_UP,2025-09-24T00:00:00,2025-09-24T04:00:00,short,111831,111739,100,0.1,11183.1,100.0,9.2,-0.91,-76.44,-0.0,92,0.08,0,0.0,70703.68,5939109.12,70.7,1118.31,0.1,10,5.0,0.01,0,0.0,10.11,111923
813,SMIIO_CROSS_DOWN,SMIIO_CROSS_UP,2025-09-25T00:00:00,2025-09-25T12:00:00,short,113257,111463,100,0.1,11325.7,100.0,179.4,169.29,14220.36,0.17,1794,1.58,0,0.0,70872.97,5953329.48,70.87,1132.57,0.1,10,5.0,0.01,0,0.0,10.11,113349
814,SMIIO_CROSS_DOWN,SMIIO_CROSS_UP,2025-09-25T16:00:00,2025-09-26T00:00:00,short,111325,109071,100,0.1,11132.5,100.0,225.4,215.29,18084.36,0.22,2254,2.02,0,0.0,71088.26,5971413.84,71.09,1113.25,0.1,10,5.0,0.01,0,0.0,10.11,111417
815,SMIIO_CROSS_DOWN,SMIIO_CROSS_UP,2025-09-26T04:00:00,2025-09-26T16:00:00,short,109485,109117,100,0.1,10948.5,100.0,36.8,26.69,2241.96,0.03,368,0.34,0,0.0,71114.95,5973655.8,71.11,1094.85,0.1,10,5.0,0.01,0,0.0,10.11,109577
816,SMIIO_CROSS_DOWN,SMIIO_CROSS_UP,2025-09-27T04:00:00,2025-09-27T20:00:00,short,109485,109439,100,0.1,10948.5,100.0,4.6,-5.51,-462.84,-0.01,46,0.04,0,0.0,71109.44,5973192.96,71.11,1094.85,0.1,10,5.0,0.01,0,0.0,10.11,109577
817,SMIIO_CROSS_DOWN,SMIIO_CROSS_UP,2025-09-28T00:00:00,2025-09-28T12:00:00,short,109531,109485,100,0.1,10953.1,100.0,4.6,-5.51,-462.84,-0.01,46,0.04,0,0.0,71103.93,5972730.12,71.1,1095.31,0.1,10,5.0,0.01,0,0.0,10.11,109623
818,SMIIO_CROSS_DOWN,SMIIO_CROSS_UP,2025-09-29T00:00:00,2025-09-29T08:00:00,short,112015,111923,100,0.1,11201.5,100.0,9.2,-0.91,-76.44,-0.0,92,0.08,0,0.0,71103.02,5972653.68,71.1,1120.15,0.1,10,5.0,0.01,0,0.0,10.11,112107
819,SMIIO_CROSS_DOWN,SMIIO_CROSS_UP,2025-09-30T04:00:00,2025-09-30T16:00:00,short,114223,113119,100,0.1,11422.3,100.0,110.4,100.29,8424.36,0.1,1104,0.97,0,0.0,71203.31,5981078.04,71.2,1142.23,0.1,10,5.0,0.01,0,0.0,10.11,114315
820,SMIIO_CROSS_DOWN,SMIIO_CROSS_UP,2025-09-30T20:00:00,2025-10-01T00:00:00,short,114269,114131,100,0.1,11426.9,100.0,13.8,3.69,309.96,0.0,138,0.12,0,0.0,71207.0,5981388.0,71.21,1142.69,0.1,10,5.0,0.01,0,0.0,10.11,114361
821,SMIIO_CROSS_DOWN,SMIIO_CROSS_UP,2025-10-02T04:00:00,2025-10-02T08:00:00,short,118593,118639,100,0.1,11859.3,100.0,-4.6,-14.71,-1235.64,-0.01,0,0.0,46,0.04,71192.29,5980152.36,71.19,1185.93,0.1,10,5.0,0.01,0,0.0,10.11,118685
822,SMIIO_CROSS_DOWN,SMIIO_CROSS_UP,2025-10-02T20:00:00,2025-10-03T08:00:00,short,120663,119743,100,0.1,12066.3,100.0,92.0,81.89,6878.76,0.08,920,0.76,0,0.0,71274.18,5987031.12,71.27,1206.63,0.1,10,5.0,0.01,0,0.0,10.11,120755
823,SMIIO_CROSS_DOWN,SMIIO_CROSS_UP,2025-10-03T20:00:00,2025-10-04T04:00:00,short,122503,122273,100,0.1,12250.3,100.0,23.0,12.89,1082.76,0.01,230,0.19,0,0.0,71287.07,5988113.88,71.29,1225.03,0.1,10,5.0,0.01,0,0.0,10.11,122595
824,SMIIO_CROSS_DOWN,SMIIO_CROSS_UP,2025-10-04T08:00:00,2025-10-04T16:00:00,short,122181,121859,100,0.1,12218.1,100.0,32.2,22.09,1855.56,0.02,322,0.26,0,0.0,71309.16,5989969.44,71.31,1221.81,0.1,10,5.0,0.01,0,0.0,10.11,122273
825,SMIIO_CROSS_DOWN,SMIIO_CROSS_UP,2025-10-05T08:00:00,2025-10-05T20:00:00,short,124573,122687,100,0.1,12457.3,100.0,188.6,178.49,14993.16,0.18,1886,1.51,0,0.0,71487.65,6004962.6,71.49,1245.73,0.1,10,5.0,0.01,0,0.0,10.11,124665
826,SMIIO_CROSS_DOWN,SMIIO_CROSS_UP,2025-10-06T04:00:00,2025-10-06T08:00:00,short,123699,123469,100,0.1,12369.9,100.0,23.0,12.89,1082.76,0.01,230,0.19,0,0.0,71500.54,6006045.36,71.5,1236.99,0.1,10,5.0,0.01,0,0.0,10.11,123791
827,SMIIO_CROSS_DOWN,SMIIO_CROSS_UP,2025-10-06T20:00:00,2025-10-07T08:00:00,short,125263,123745,100,0.1,12526.3,100.0,151.8,141.69,11901.96,0.14,1518,1.21,0,0.0,71642.23,6017947.32,71.64,1252.63,0.1,10,5.0,0.01,0,0.0,10.11,125355
828,SMIIO_CROSS_DOWN,SMIIO_CROSS_UP,2025-10-07T12:00:00,2025-10-08T04:00:00,short,124343,121399,100,0.1,12434.3,100.0,294.4,284.29,23880.36,0.28,2944,2.37,0,0.0,71926.52,6041827.68,71.93,1243.43,0.1,10,5.0,0.01,0,0.0,10.11,124435
829,SMIIO_CROSS_DOWN,SMIIO_CROSS_UP,2025-10-08T12:00:00,2025-10-08T16:00:00,short,122733,122227,100,0.1,12273.3,100.0,50.6,40.49,3401.16,0.04,506,0.41,0,0.0,71967.01,6045228.84,71.97,1227.33,0.1,10,5.0,0.01,0,0.0,10.11,122825
830,SMIIO_CROSS_DOWN,SMIIO_CROSS_UP,2025-10-08T20:00:00,2025-10-09T08:00:00,short,123331,121997,100,0.1,12333.1,100.0,133.4,123.29,10356.36,0.12,1334,1.08,0,0.0,72090.3,6055585.2,72.09,1233.31,0.1,10,5.0,0.01,0,0.0,10.11,123423
831,SMIIO_CROSS_DOWN,SMIIO_CROSS_UP,2025-10-09T12:00:00,2025-10-09T20:00:00,short,122595,120985,100,0.1,12259.5,100.0,161.0,150.89,12674.76,0.15,1610,1.31,0,0.0,72241.19,6068259.96,72.24,1225.95,0.1,10,5.0,0.01,0,0.0,10.11,122687
832,SMIIO_CROSS_DOWN,SMIIO_CROSS_UP,2025-10-10T00:00:00,2025-10-10T08:00:00,short,121537,121031,100,0.1,12153.7,100.0,50.6,40.49,3401.16,0.04,506,0.42,0,0.0,72281.68,6071661.12,72.28,1215.37,0.1,10,5.0,0.01,0,0.0,10.11,121629
833,SMIIO_CROSS_DOWN,SMIIO_CROSS_UP,2025-10-10T12:00:00,2025-10-11T08:00:00,short,121445,110451,100,0.1,12144.5,100.0,1099.4,1089.29,91500.36,1.09,10994,9.05,0,0.0,73370.97,6163161.48,73.37,1214.45,0.1,10,5.0,0.01,0,0.0,10.11,121537
834,SMIIO_CROSS_DOWN,SMIIO_CROSS_UP,2025-10-11T12:00:00,2025-10-12T04:00:00,short,112153,110727,100,0.1,11215.3,100.0,142.6,132.49,11129.16,0.13,1426,1.27,0,0.0,73503.46,6174290.64,73.5,1121.53,0.1,10,5.0,0.01,0,0.0,10.11,112245
835,SMIIO_CROSS_DOWN,SMIIO_CROSS_UP,2025-10-13T08:00:00,2025-10-13T12:00:00,short,115235,114223,100,0.1,11523.5,100.0,101.2,91.09,7651.56,0.09,1012,0.88,0,0.0,73594.55,6181942.2,73.59,1152.35,0.1,10,5.0,0.01,0,0.0,10.11,115327
836,SMIIO_CROSS_DOWN,SMIIO_CROSS_UP,2025-10-13T20:00:00,2025-10-14T12:00:00,short,115603,111371,100,0.1,11560.3,100.0,423.2,413.09,34699.56,0.41,4232,3.66,0,0.0,74007.64,6216641.76,74.01,1156.03,0.1,10,5.0,0.01,0,0.0,10.11,115695
837,SMIIO_CROSS_DOWN,SMIIO_CROSS_UP,2025-10-14T16:00:00,2025-10-14T20:00:00,short,112751,112659,100,0.1,11275.1,100.0,9.2,-0.91,-76.44,-0.0,92,0.08,0,0.0,74006.73,6216565.32,74.01,1127.51,0.1,10,5.0,0.01,0,0.0,10.11,112843
838,SMIIO_CROSS_DOWN,SMIIO_CROSS_UP,2025-10-15T00:00:00,2025-10-15T04:00:00,short,112935,112061,100,0.1,11293.5,100.0,87.4,77.29,6492.36,0.08,874,0.77,0,0.0,74084.02,6223057.68,74.08,1129.35,0.1,10,5.0,0.01,0,0.0,10.11,113027
839,SMIIO_CROSS_DOWN,SMIIO_CROSS_UP,2025-10-15T08:00:00,2025-10-15T16:00:00,short,112475,110865,100,0.1,11247.5,100.0,161.0,150.89,12674.76,0.15,1610,1.43,0,0.0,74234.91,6235732.44,74.23,1124.75,0.1,10,5.0,0.01,0,0.0,10.11,112567
840,SMIIO_CROSS_DOWN,SMIIO_CROSS_UP,2025-10-15T20:00:00,2025-10-16T00:00:00,short,111095,110773,100,0.1,11109.5,100.0,32.2,22.09,1855.56,0.02,322,0.29,0,0.0,74257.0,6237588.0,74.26,1110.95,0.1,10,5.0,0.01,0,0.0,10.11,111187
841,SMIIO_CROSS_DOWN,SMIIO_CROSS_UP,2025-10-16T04:00:00,2025-10-16T08:00:00,short,111233,110589,100,0.1,11123.3,100.0,64.4,54.29,4560.36,0.05,644,0.58,0,0.0,74311.29,6242148.36,74.31,1112.33,0.1,10,5.0,0.01,0,0.0,10.11,111325
842,SMIIO_CROSS_DOWN,SMIIO_CROSS_UP,2025-10-16T12:00:00,2025-10-17T00:00:00,short,111325,108243,100,0.1,11132.5,100.0,308.2,298.09,25039.56,0.3,3082,2.77,0,0.0,74609.38,6267187.92,74.61,1113.25,0.1,10,5.0,0.01,0,0.0,10.11,111417
843,SMIIO_CROSS_DOWN,SMIIO_CROSS_UP,2025-10-17T04:00:00,2025-10-17T12:00:00,short,109025,105667,100,0.1,10902.5,100.0,335.8,325.69,27357.96,0.33,3358,3.08,0,0.0,74935.07,6294545.88,74.94,1090.25,0.1,10,5.0,0.01,0,0.0,10.11,109117
844,SMIIO_CROSS_DOWN,SMIIO_CROSS_UP,2025-10-17T16:00:00,2025-10-18T00:00:00,short,106679,106541,100,0.1,10667.9,100.0,13.8,3.69,309.96,0.0,138,0.13,0,0.0,74938.76,6294855.84,74.94,1066.79,0.1,10,5.0,0.01,0,0.0,10.11,106771
845,SMIIO_CROSS_DOWN,SMIIO_CROSS_UP,2025-10-18T04:00:00,2025-10-18T08:00:00,short,106955,106771,100,0.1,10695.5,100.0,18.4,8.29,696.36,0.01,184,0.17,0,0.0,74947.05,6295552.2,74.95,1069.55,0.1,10,5.0,0.01,0,0.0,10.11,107047
846,SMIIO_CROSS_DOWN,SMIIO_CROSS_UP,2025-10-18T12:00:00,2025-10-18T16:00:00,short,107093,107001,100,0.1,10709.3,100.0,9.2,-0.91,-76.44,-0.0,92,0.09,0,0.0,74946.14,6295475.76,74.95,1070.93,0.1,10,5.0,0.01,0,0.0,10.11,107185
847,SMIIO_CROSS_DOWN,SMIIO_CROSS_UP,2025-10-19T04:00:00,2025-10-19T08:00:00,short,107139,106817,100,0.1,10713.9,100.0,32.2,22.09,1855.56,0.02,322,0.3,0,0.0,74968.23,6297331.32,74.97,1071.39,0.1,10,5.0,0.01,0,0.0,10.11,107231
848,SMIIO_CROSS_DOWN,SMIIO_CROSS_UP,2025-10-19T20:00:00,2025-10-20T00:00:00,short,108749,108749,100,0.1,10874.9,100.0,0.0,-10.11,-849.24,-0.01,0,0.0,0,0.0,74958.12,6296482.08,74.96,1087.49,0.1,10,5.0,0.01,0,0.0,10.11,108841
849,SMIIO_CROSS_DOWN,SMIIO_CROSS_UP,2025-10-20T08:00:00,2025-10-21T08:00:00,short,111003,108151,100,0.1,11100.3,100.0,285.2,275.09,23107.56,0.28,2852,2.57,0,0.0,75233.21,6319589.64,75.23,1110.03,0.1,10,5.0,0.01,0,0.0,10.11,111095
850,SMIIO_CROSS_DOWN,SMIIO_CROSS_UP,2025-10-21T16:00:00,2025-10-22T04:00:00,short,113257,108289,100,0.1,11325.7,100.0,496.8,486.69,40881.96,0.49,4968,4.39,0,0.0,75719.9,6360471.6,75.72,1132.57,0.1,10,5.0,0.01,0,0.0,10.11,113349
851,SMIIO_CROSS_DOWN,SMIIO_CROSS_UP,2025-10-22T08:00:00,2025-10-22T12:00:00,short,108105,107599,100,0.1,10810.5,100.0,50.6,40.49,3401.16,0.04,506,0.47,0,0.0,75760.39,6363872.76,75.76,1081.05,0.1,10,5.0,0.01,0,0.0,10.11,108197
852,SMIIO_CROSS_DOWN,SMIIO_CROSS_UP,2025-10-22T16:00:00,2025-10-23T00:00:00,short,108335,107645,100,0.1,10833.5,100.0,69.0,58.89,4946.76,0.06,690,0.64,0,0.0,75819.28,6368819.52,75.82,1083.35,0.1,10,5.0,0.01,0,0.0,10.11,108427
853,SMIIO_CROSS_DOWN,SMIIO_CROSS_UP,2025-10-23T20:00:00,2025-10-24T00:00:00,short,110037,110221,100,0.1,11003.7,100.0,-18.4,-28.51,-2394.84,-0.03,0,0.0,184,0.17,75790.77,6366424.68,75.79,1100.37,0.1,10,5.0,0.01,0,0.0,10.11,110129
854,SMIIO_CROSS_DOWN,SMIIO_CROSS_UP,2025-10-24T12:00:00,2025-10-24T16:00:00,short,110911,110083,100,0.1,11091.1,100.0,82.8,72.69,6105.96,0.07,828,0.75,0,0.0,75863.46,6372530.64,75.86,1109.11,0.1,10,5.0,0.01,0,0.0,10.11,111003
855,SMIIO_CROSS_DOWN,SMIIO_CROSS_UP,2025-10-25T12:00:00,2025-10-25T16:00:00,short,111417,111555,100,0.1,11141.7,100.0,-13.8,-23.91,-2008.44,-0.02,0,0.0,138,0.12,75839.55,6370522.2,75.84,1114.17,0.1,10,5.0,0.01,0,0.0,10.11,111509
856,SMIIO_CROSS_DOWN,SMIIO_CROSS_UP,2025-10-26T00:00:00,2025-10-26T04:00:00,short,111509,111325,100,0.1,11150.9,100.0,18.4,8.29,696.36,0.01,184,0.17,0,0.0,75847.84,6371218.56,75.85,1115.09,0.1,10,5.0,0.01,0,0.0,10.11,111601
857,SMIIO_CROSS_DOWN,SMIIO_CROSS_UP,2025-10-27T08:00:00,2025-10-28T04:00:00,short,115419,113993,100,0.1,11541.9,100.0,142.6,132.49,11129.16,0.13,1426,1.24,0,0.0,75980.33,6382347.72,75.98,1154.19,0.1,10,5.0,0.01,0,0.0,10.11,115511
858,SMIIO_CROSS_DOWN,SMIIO_CROSS_UP,2025-10-28T16:00:00,2025-10-29T04:00:00,short,114453,112567,100,0.1,11445.3,100.0,188.6,178.49,14993.16,0.18,1886,1.65,0,0.0,76158.82,6397340.88,76.16,1144.53,0.1,10,5.0,0.01,0,0.0,10.11,114545
859,SMIIO_CROSS_DOWN,SMIIO_CROSS_UP,2025-10-29T08:00:00,2025-10-30T00:00:00,short,113441,110129,100,0.1,11344.1,100.0,331.2,321.09,26971.56,0.32,3312,2.92,0,0.0,76479.91,6424312.44,76.48,1134.41,0.1,10,5.0,0.01,0,0.0,10.11,113533
860,SMIIO_CROSS_DOWN,SMIIO_CROSS_UP,2025-10-30T08:00:00,2025-10-30T20:00:00,short,111187,106633,100,0.1,11118.7,100.0,455.4,445.29,37404.36,0.45,4554,4.1,0,0.0,76925.2,6461716.8,76.93,1111.87,0.1,10,5.0,0.01,0,0.0,10.11,111279
861,SMIIO_CROSS_DOWN,SMIIO_CROSS_UP,2025-10-31T12:00:00,2025-11-01T00:00:00,short,110267,109669,100,0.1,11026.7,100.0,59.8,49.69,4173.96,0.05,598,0.54,0,0.0,76974.89,6465890.76,76.97,1102.67,0.1,10,5.0,0.01,0,0.0,10.11,110359
862,SMIIO_CROSS_DOWN,SMIIO_CROSS_UP,2025-11-01T04:00:00,2025-11-01T12:00:00,short,110129,110175,100,0.1,11012.9,100.0,-4.6,-14.71,-1235.64,-0.01,0,0.0,46,0.04,76960.18,6464655.12,76.96,1101.29,0.1,10,5.0,0.01,0,0.0,10.11,110221
863,SMIIO_CROSS_DOWN,SMIIO_CROSS_UP,2025-11-01T20:00:00,2025-11-02T04:00:00,short,110129,110175,100,0.1,11012.9,100.0,-4.6,-14.71,-1235.64,-0.01,0,0.0,46,0.04,76945.47,6463419.48,76.95,1101.29,0.1,10,5.0,0.01,0,0.0,10.11,110221
864,SMIIO_CROSS_DOWN,SMIIO_CROSS_UP,2025-11-02T12:00:00,2025-11-02T16:00:00,short,111049,110129,100,0.1,11104.9,100.0,92.0,81.89,6878.76,0.08,920,0.83,0,0.0,77027.36,6470298.24,77.03,1110.49,0.1,10,5.0,0.01,0,0.0,10.11,111141
865,SMIIO_CROSS_DOWN,SMIIO_CROSS_UP,2025-11-03T00:00:00,2025-11-03T08:00:00,short,110359,107553,100,0.1,11035.9,100.0,280.6,270.49,22721.16,0.27,2806,2.54,0,0.0,77297.85,6493019.4,77.3,1103.59,0.1,10,5.0,0.01,0,0.0,10.11,110451
866,SMIIO_CROSS_DOWN,SMIIO_CROSS_UP,2025-11-03T12:00:00,2025-11-03T16:00:00,short,107645,105805,100,0.1,10764.5,100.0,184.0,173.89,14606.76,0.17,1840,1.71,0,0.0,77471.74,6507626.16,77.47,1076.45,0.1,10,5.0,0.01,0,0.0,10.11,107737
867,SMIIO_CROSS_DOWN,SMIIO_CROSS_UP,2025-11-03T20:00:00,2025-11-04T00:00:00,short,106955,106633,100,0.1,10695.5,100.0,32.2,22.09,1855.56,0.02,322,0.3,0,0.0,77493.83,6509481.72,77.49,1069.55,0.1,10,5.0,0.01,0,0.0,10.11,107047
868,SMIIO_CROSS_DOWN,SMIIO_CROSS_UP,2025-11-04T04:00:00,2025-11-04T08:00:00,short,107047,104517,100,0.1,10704.7,100.0,253.0,242.89,20402.76,0.24,2530,2.36,0,0.0,77736.72,6529884.48,77.74,1070.47,0.1,10,5.0,0.01,0,0.0,10.11,107139
869,SMIIO_CROSS_DOWN,SMIIO_CROSS_UP,2025-11-04T12:00:00,2025-11-04T20:00:00,short,104333,100653,100,0.1,10433.3,100.0,368.0,357.89,30062.76,0.36,3680,3.53,0,0.0,78094.61,6559947.24,78.09,1043.33,0.1,10,5.0,0.01,0,0.0,10.11,104425
870,SMIIO_CROSS_DOWN,SMIIO_CROSS_UP,2025-11-05T04:00:00,2025-11-05T12:00:00,short,101987,102171,100,0.1,10198.7,100.0,-18.4,-28.51,-2394.84,-0.03,0,0.0,184,0.18,78066.1,6557552.4,78.07,1019.87,0.1,10,5.0,0.01,0,0.0,10.11,102079
871,SMIIO_CROSS_DOWN,SMIIO_CROSS_UP,2025-11-06T00:00:00,2025-11-07T00:00:00,short,103827,101435,100,0.1,10382.7,100.0,239.2,229.09,19243.56,0.23,2392,2.3,0,0.0,78295.19,6576795.96,78.3,1038.27,0.1,10,5.0,0.01,0,0.0,10.11,103919
872,SMIIO_CROSS_DOWN,SMIIO_CROSS_UP,2025-11-07T08:00:00,2025-11-07T12:00:00,short,101895,100469,100,0.1,10189.5,100.0,142.6,132.49,11129.16,0.13,1426,1.4,0,0.0,78427.68,6587925.12,78.43,1018.95,0.1,10,5.0,0.01,0,0.0,10.11,101987
873,SMIIO_CROSS_DOWN,SMIIO_CROSS_UP,2025-11-08T00:00:00,2025-11-08T16:00:00,short,103229,101803,100,0.1,10322.9,100.0,142.6,132.49,11129.16,0.13,1426,1.38,0,0.0,78560.17,6599054.28,78.56,1032.29,0.1,10,5.0,0.01,0,0.0,10.11,103321
874,SMIIO_CROSS_DOWN,SMIIO_CROSS_UP,2025-11-09T00:00:00,2025-11-09T04:00:00,short,102171,101711,100,0.1,10217.1,100.0,46.0,35.89,3014.76,0.04,460,0.45,0,0.0,78596.06,6602069.04,78.6,1021.71,0.1,10,5.0,0.01,0,0.0,10.11,102263
875,SMIIO_CROSS_DOWN,SMIIO_CROSS_UP,2025-11-10T08:00:00,2025-11-10T16:00:00,short,106311,105161,100,0.1,10631.1,100.0,115.0,104.89,8810.76,0.1,1150,1.08,0,0.0,78700.95,6610879.8,78.7,1063.11,0.1,10,5.0,0.01,0,0.0,10.11,106403
876,SMIIO_CROSS_DOWN,SMIIO_CROSS_UP,2025-11-11T04:00:00,2025-11-11T08:00:00,short,106311,104839,100,0.1,10631.1,100.0,147.2,137.09,11515.56,0.14,1472,1.38,0,0.0,78838.04,6622395.36,78.84,1063.11,0.1,10,5.0,0.01,0,0.0,10.11,106403
877,SMIIO_CROSS_DOWN,SMIIO_CROSS_UP,2025-11-11T12:00:00,2025-11-12T00:00:00,short,105207,103137,100,0.1,10520.7,100.0,207.0,196.89,16538.76,0.2,2070,1.97,0,0.0,79034.93,6638934.12,79.03,1052.07,0.1,10,5.0,0.01,0,0.0,10.11,105299
878,SMIIO_CROSS_DOWN,SMIIO_CROSS_UP,2025-11-12T04:00:00,2025-11-12T08:00:00,short,103137,103137,100,0.1,10313.7,100.0,0.0,-10.11,-849.24,-0.01,0,0.0,0,0.0,79024.82,6638084.88,79.02,1031.37,0.1,10,5.0,0.01,0,0.0,10.11,103229
879,SMIIO_CROSS_DOWN,SMIIO_CROSS_UP,2025-11-12T12:00:00,2025-11-12T20:00:00,short,104931,101389,100,0.1,10493.1,100.0,354.2,344.09,28903.56,0.34,3542,3.38,0,0.0,79368.91,6666988.44,79.37,1049.31,0.1,10,5.0,0.01,0,0.0,10.11,105023
880,SMIIO_CROSS_DOWN,SMIIO_CROSS_UP,2025-11-13T08:00:00,2025-11-13T20:00:00,short,103321,98767,100,0.1,10332.1,100.0,455.4,445.29,37404.36,0.45,4554,4.41,0,0.0,79814.2,6704392.8,79.81,1033.21,0.1,10,5.0,0.01,0,0.0,10.11,103413
881,SMIIO_CROSS_DOWN,SMIIO_CROSS_UP,2025-11-14T00:00:00,2025-11-14T12:00:00,short,99595,96237,100,0.1,9959.5,100.0,335.8,325.69,27357.96,0.33,3358,3.37,0,0.0,80139.89,6731750.76,80.14,995.95,0.1,10,5.0,0.01,0,0.0,10.11,99687
882,SMIIO_CROSS_DOWN,SMIIO_CROSS_UP,2025-11-14T16:00:00,2025-11-15T00:00:00,short,96697,94673,100,0.1,9669.7,100.0,202.4,192.29,16152.36,0.19,2024,2.09,0,0.0,80332.18,6747903.12,80.33,966.97,0.1,10,5.0,0.01,0,0.0,10.11,96789
883,SMIIO_CROSS_DOWN,SMIIO_CROSS_UP,2025-11-15T04:00:00,2025-11-15T12:00:00,short,96329,95777,100,0.1,9632.9,100.0,55.2,45.09,3787.56,0.05,552,0.57,0,0.0,80377.27,6751690.68,80.38,963.29,0.1,10,5.0,0.01,0,0.0,10.11,96421
884,SMIIO_CROSS_DOWN,SMIIO_CROSS_UP,2025-11-15T16:00:00,2025-11-16T00:00:00,short,96145,95685,100,0.1,9614.5,100.0,46.0,35.89,3014.76,0.04,460,0.48,0,0.0,80413.16,6754705.44,80.41,961.45,0.1,10,5.0,0.01,0,0.0,10.11,96237
885,SMIIO_CROSS_DOWN,SMIIO_CROSS_UP,2025-11-16T08:00:00,2025-11-16T20:00:00,short,95961,94121,100,0.1,9596.1,100.0,184.0,173.89,14606.76,0.17,1840,1.92,0,0.0,80587.05,6769312.2,80.59,959.61,0.1,10,5.0,0.01,0,0.0,10.11,96053
886,SMIIO_CROSS_DOWN,SMIIO_CROSS_UP,2025-11-17T12:00:00,2025-11-17T20:00:00,short,95501,91775,100,0.1,9550.1,100.0,372.6,362.49,30449.16,0.36,3726,3.9,0,0.0,80949.54,6799761.36,80.95,955.01,0.1,10,5.0,0.01,0,0.0,10.11,95593
887,SMIIO_CROSS_DOWN,SMIIO_CROSS_UP,2025-11-18T00:00:00,2025-11-18T08:00:00,short,92097,90579,100,0.1,9209.7,100.0,151.8,141.69,11901.96,0.14,1518,1.65,0,0.0,81091.23,6811663.32,81.09,920.97,0.1,10,5.0,0.01,0,0.0,10.11,92189
888,SMIIO_CROSS_DOWN,SMIIO_CROSS_UP,2025-11-18T20:00:00,2025-11-19T20:00:00,short,93017,88969,100,0.1,9301.7,100.0,404.8,394.69,33153.96,0.39,4048,4.35,0,0.0,81485.92,6844817.28,81.49,930.17,0.1,10,5.0,0.01,0,0.0,10.11,93109
889,SMIIO_CROSS_DOWN,SMIIO_CROSS_UP,2025-11-20T04:00:00,2025-11-21T12:00:00,short,92281,82391,100,0.1,9228.1,100.0,989.0,978.89,82226.76,0.98,9890,10.72,0,0.0,82464.81,6927044.04,82.46,922.81,0.1,10,5.0,0.01,0,0.0,10.11,92373
890,SMIIO_CROSS_DOWN,SMIIO_CROSS_UP,2025-11-22T00:00:00,2025-11-22T04:00:00,short,84967,84507,100,0.1,8496.7,100.0,46.0,35.89,3014.76,0.04,460,0.54,0,0.0,82500.7,6930058.8,82.5,849.67,0.1,10,5.0,0.01,0,0.0,10.11,85059
891,SMIIO_CROSS_DOWN,SMIIO_CROSS_UP,2025-11-22T08:00:00,2025-11-22T12:00:00,short,84369,84139,100,0.1,8436.9,100.0,23.0,12.89,1082.76,0.01,230,0.27,0,0.0,82513.59,6931141.56,82.51,843.69,0.1,10,5.0,0.01,0,0.0,10.11,84461
892,SMIIO_CROSS_DOWN,SMIIO_CROSS_UP,2025-11-23T04:00:00,2025-11-23T08:00:00,short,86163,85795,100,0.1,8616.3,100.0,36.8,26.69,2241.96,0.03,368,0.43,0,0.0,82540.28,6933383.52,82.54,861.63,0.1,10,5.0,0.01,0,0.0,10.11,86255
893,SMIIO_CROSS_DOWN,SMIIO_CROSS_UP,2025-11-23T20:00:00,2025-11-24T00:00:00,short,87175,86945,100,0.1,8717.5,100.0,23.0,12.89,1082.76,0.01,230,0.26,0,0.0,82553.17,6934466.28,82.55,871.75,0.1,10,5.0,0.01,0,0.0,10.11,87267
894,SMIIO_CROSS_DOWN,SMIIO_CROSS_UP,2025-11-24T04:00:00,2025-11-24T12:00:00,short,87359,86347,100,0.1,8735.9,100.0,101.2,91.09,7651.56,0.09,1012,1.16,0,0.0,82644.26,6942117.84,82.64,873.59,0.1,10,5.0,0.01,0,0.0,10.11,87451
895,SMIIO_CROSS_DOWN,SMIIO_CROSS_UP,2025-11-25T00:00:00,2025-11-25T20:00:00,short,88187,86945,100,0.1,8818.7,100.0,124.2,114.09,9583.56,0.11,1242,1.41,0,0.0,82758.35,6951701.4,82.76,881.87,0.1,10,5.0,0.01,0,0.0,10.11,88279
896,SMIIO_CROSS_DOWN,SMIIO_CROSS_UP,2025-11-26T00:00:00,2025-11-26T04:00:00,short,87267,87221,100,0.1,8726.7,100.0,4.6,-5.51,-462.84,-0.01,46,0.05,0,0.0,82752.84,6951238.56,82.75,872.67,0.1,10,5.0,0.01,0,0.0,10.11,87359
897,SMIIO_CROSS_DOWN,SMIIO_CROSS_UP,2025-11-26T08:00:00,2025-11-26T16:00:00,short,87819,87037,100,0.1,8781.9,100.0,78.2,68.09,5719.56,0.07,782,0.89,0,0.0,82820.93,6956958.12,82.82,878.19,0.1,10,5.0,0.01,0,0.0,10.11,87911
898,SMIIO_CROSS_DOWN,SMIIO_CROSS_UP,2025-11-27T12:00:00,2025-11-27T16:00:00,short,91269,91039,100,0.1,9126.9,100.0,23.0,12.89,1082.76,0.01,230,0.25,0,0.0,82833.82,6958040.88,82.83,912.69,0.1,10,5.0,0.01,0,0.0,10.11,91361
899,SMIIO_CROSS_DOWN,SMIIO_CROSS_UP,2025-11-27T20:00:00,2025-11-28T08:00:00,short,91407,90993,100,0.1,9140.7,100.0,41.4,31.29,2628.36,0.03,414,0.45,0,0.0,82865.11,6960669.24,82.87,914.07,0.1,10,5.0,0.01,0,0.0,10.11,91499
900,SMIIO_CROSS_DOWN,SMIIO_CROSS_UP,2025-11-28T16:00:00,2025-11-29T08:00:00,short,92189,90625,100,0.1,9218.9,100.0,156.4,146.29,12288.36,0.15,1564,1.7,0,0.0,83011.4,6972957.6,83.01,921.89,0.1,10,5.0,0.01,0,0.0,10.11,92281
901,SMIIO_CROSS_DOWN,SMIIO_CROSS_UP,2025-11-29T16:00:00,2025-11-29T20:00:00,short,90947,90763,100,0.1,9094.7,100.0,18.4,8.29,696.36,0.01,184,0.2,0,0.0,83019.69,6973653.96,83.02,909.47,0.1,10,5.0,0.01,0,0.0,10.11,91039
902,SMIIO_CROSS_DOWN,SMIIO_CROSS_UP,2025-11-30T20:00:00,2025-12-01T04:00:00,short,91315,86439,100,0.1,9131.5,100.0,487.6,477.49,40109.16,0.48,4876,5.34,0,0.0,83497.18,7013763.12,83.5,913.15,0.1,10,5.0,0.01,0,0.0,10.11,91407
903,SMIIO_CROSS_DOWN,SMIIO_CROSS_UP,2025-12-01T08:00:00,2025-12-01T16:00:00,short,86301,84783,100,0.1,8630.1,100.0,151.8,141.69,11901.96,0.14,1518,1.76,0,0.0,83638.87,7025665.08,83.64,863.01,0.1,10,5.0,0.01,0,0.0,10.11,86393
904,SMIIO_CROSS_DOWN,SMIIO_CROSS_UP,2025-12-02T20:00:00,2025-12-03T00:00:00,short,91729,91315,100,0.1,9172.9,100.0,41.4,31.29,2628.36,0.03,414,0.45,0,0.0,83670.16,7028293.44,83.67,917.29,0.1,10,5.0,0.01,0,0.0,10.11,91821
905,SMIIO_CROSS_DOWN,SMIIO_CROSS_UP,2025-12-03T12:00:00,2025-12-03T16:00:00,short,92879,92419,100,0.1,9287.9,100.0,46.0,35.89,3014.76,0.04,460,0.5,0,0.0,83706.05,7031308.2,83.71,928.79,0.1,10,5.0,0.01,0,0.0,10.11,92971
906,SMIIO_CROSS_DOWN,SMIIO_CROSS_UP,2025-12-04T04:00:00,2025-12-05T00:00:00,short,93385,92051,100,0.1,9338.5,100.0,133.4,123.29,10356.36,0.12,1334,1.43,0,0.0,83829.34,7041664.56,83.83,933.85,0.1,10,5.0,0.01,0,0.0,10.11,93477
907,SMIIO_CROSS_DOWN,SMIIO_CROSS_UP,2025-12-05T08:00:00,2025-12-06T00:00:00,short,92051,89429,100,0.1,9205.1,100.0,262.2,252.09,21175.56,0.25,2622,2.85,0,0.0,84081.43,7062840.12,84.08,920.51,0.1,10,5.0,0.01,0,0.0,10.11,92143
908,SMIIO_CROSS_DOWN,SMIIO_CROSS_UP,2025-12-06T04:00:00,2025-12-06T12:00:00,short,89521,89613,100,0.1,8952.1,100.0,-9.2,-19.31,-1622.04,-0.02,0,0.0,92,0.1,84062.12,7061218.08,84.06,895.21,0.1,10,5.0,0.01,0,0.0,10.11,89613
909,SMIIO_CROSS_DOWN,SMIIO_CROSS_UP,2025-12-06T16:00:00,2025-12-07T00:00:00,short,89659,89337,100,0.1,8965.9,100.0,32.2,22.09,1855.56,0.02,322,0.36,0,0.0,84084.21,7063073.64,84.08,896.59,0.1,10,5.0,0.01,0,0.0,10.11,89751
910,SMIIO_CROSS_DOWN,SMIIO_CROSS_UP,2025-12-07T04:00:00,2025-12-07T12:00:00,short,89613,89245,100,0.1,8961.3,100.0,36.8,26.69,2241.96,0.03,368,0.41,0,0.0,84110.9,7065315.6,84.11,896.13,0.1,10,5.0,0.01,0,0.0,10.11,89705
911,SMIIO_CROSS_DOWN,SMIIO_CROSS_UP,2025-12-07T20:00:00,2025-12-08T00:00:00,short,91269,90441,100,0.1,9126.9,100.0,82.8,72.69,6105.96,0.07,828,0.91,0,0.0,84183.59,7071421.56,84.18,912.69,0.1,10,5.0,0.01,0,0.0,10.11,91361
912,SMIIO_CROSS_DOWN,SMIIO_CROSS_UP,2025-12-08T12:00:00,2025-12-08T16:00:00,short,91821,89981,100,0.1,9182.1,100.0,184.0,173.89,14606.76,0.17,1840,2.0,0,0.0,84357.48,7086028.32,84.36,918.21,0.1,10,5.0,0.01,0,0.0,10.11,91913
913,SMIIO_CROSS_DOWN,SMIIO_CROSS_UP,2025-12-09T00:00:00,2025-12-09T12:00:00,short,90487,90441,100,0.1,9048.7,100.0,4.6,-5.51,-462.84,-0.01,46,0.05,0,0.0,84351.97,7085565.48,84.35,904.87,0.1,10,5.0,0.01,0,0.0,10.11,90579
914,SMIIO_CROSS_DOWN,SMIIO_CROSS_UP,2025-12-09T20:00:00,2025-12-10T04:00:00,short,93661,92511,100,0.1,9366.1,100.0,115.0,104.89,8810.76,0.1,1150,1.23,0,0.0,84456.86,7094376.24,84.46,936.61,0.1,10,5.0,0.01,0,0.0,10.11,93753
915,SMIIO_CROSS_DOWN,SMIIO_CROSS_UP,2025-12-10T08:00:00,2025-12-10T16:00:00,short,92649,92143,100,0.1,9264.9,100.0,50.6,40.49,3401.16,0.04,506,0.55,0,0.0,84497.35,7097777.4,84.5,926.49,0.1,10,5.0,0.01,0,0.0,10.11,92741
916,SMIIO_CROSS_DOWN,SMIIO_CROSS_UP,2025-12-10T20:00:00,2025-12-11T04:00:00,short,92833,89935,100,0.1,9283.3,100.0,289.8,279.69,23493.96,0.28,2898,3.12,0,0.0,84777.04,7121271.36,84.78,928.33,0.1,10,5.0,0.01,0,0.0,10.11,92925
917,SMIIO_CROSS_DOWN,SMIIO_CROSS_UP,2025-12-11T12:00:00,2025-12-11T16:00:00,short,90119,89889,100,0.1,9011.9,100.0,23.0,12.89,1082.76,0.01,230,0.26,0,0.0,84789.93,7122354.12,84.79,901.19,0.1,10,5.0,0.01,0,0.0,10.11,90211
918,SMIIO_CROSS_DOWN,SMIIO_CROSS_UP,2025-12-12T00:00:00,2025-12-12T04:00:00,short,92373,92419,100,0.1,9237.3,100.0,-4.6,-14.71,-1235.64,-0.01,0,0.0,46,0.05,84775.22,7121118.48,84.78,923.73,0.1,10,5.0,0.01,0,0.0,10.11,92465
919,SMIIO_CROSS_DOWN,SMIIO_CROSS_UP,2025-12-12T12:00:00,2025-12-12T16:00:00,short,92327,89981,100,0.1,9232.7,100.0,234.6,224.49,18857.16,0.22,2346,2.54,0,0.0,84999.71,7139975.64,85.0,923.27,0.1,10,5.0,0.01,0,0.0,10.11,92419
920,SMIIO_CROSS_DOWN,SMIIO_CROSS_UP,2025-12-13T12:00:00,2025-12-13T16:00:00,short,90165,90165,100,0.1,9016.5,100.0,0.0,-10.11,-849.24,-0.01,0,0.0,0,0.0,84989.6,7139126.4,84.99,901.65,0.1,10,5.0,0.01,0,0.0,10.11,90257
921,SMIIO_CROSS_DOWN,SMIIO_CROSS_UP,2025-12-14T08:00:00,2025-12-15T00:00:00,short,90073,88233,100,0.1,9007.3,100.0,184.0,173.89,14606.76,0.17,1840,2.04,0,0.0,85163.49,7153733.16,85.16,900.73,0.1,10,5.0,0.01,0,0.0,10.11,90165
922,SMIIO_CROSS_DOWN,SMIIO_CROSS_UP,2025-12-15T12:00:00,2025-12-15T20:00:00,short,89613,86209,100,0.1,8961.3,100.0,340.4,330.29,27744.36,0.33,3404,3.8,0,0.0,85493.78,7181477.52,85.49,896.13,0.1,10,5.0,0.01,0,0.0,10.11,89705
923,SMIIO_CROSS_DOWN,SMIIO_CROSS_UP,2025-12-16T00:00:00,2025-12-16T04:00:00,short,86301,85933,100,0.1,8630.1,100.0,36.8,26.69,2241.96,0.03,368,0.43,0,0.0,85520.47,7183719.48,85.52,863.01,0.1,10,5.0,0.01,0,0.0,10.11,86393
924,SMIIO_CROSS_DOWN,SMIIO_CROSS_UP,2025-12-16T16:00:00,2025-12-16T20:00:00,short,87819,87681,100,0.1,8781.9,100.0,13.8,3.69,309.96,0.0,138,0.16,0,0.0,85524.16,7184029.44,85.52,878.19,0.1,10,5.0,0.01,0,0.0,10.11,87911
925,SMIIO_CROSS_DOWN,SMIIO_CROSS_UP,2025-12-17T00:00:00,2025-12-17T12:00:00,short,87727,87083,100,0.1,8772.7,100.0,64.4,54.29,4560.36,0.05,644,0.73,0,0.0,85578.45,7188589.8,85.58,877.27,0.1,10,5.0,0.01,0,0.0,10.11,87819
926,SMIIO_CROSS_DOWN,SMIIO_CROSS_UP,2025-12-17T16:00:00,2025-12-17T20:00:00,short,87037,86071,100,0.1,8703.7,100.0,96.6,86.49,7265.16,0.09,966,1.11,0,0.0,85664.94,7195854.96,85.66,870.37,0.1,10,5.0,0.01,0,0.0,10.11,87129
927,SMIIO_CROSS_DOWN,SMIIO_CROSS_UP,2025-12-18T16:00:00,2025-12-18T20:00:00,short,88371,84507,100,0.1,8837.1,100.0,386.4,376.29,31608.36,0.38,3864,4.37,0,0.0,86041.23,7227463.32,86.04,883.71,0.1,10,5.0,0.01,0,0.0,10.11,88463
928,SMIIO_CROSS_DOWN,SMIIO_CROSS_UP,2025-12-19T12:00:00,2025-12-19T20:00:00,short,88049,88049,100,0.1,8804.9,100.0,0.0,-10.11,-849.24,-0.01,0,0.0,0,0.0,86031.12,7226614.08,86.03,880.49,0.1,10,5.0,0.01,0,0.0,10.11,88141
929,SMIIO_CROSS_DOWN,SMIIO_CROSS_UP,2025-12-21T00:00:00,2025-12-21T04:00:00,short,88233,88187,100,0.1,8823.3,100.0,4.6,-5.51,-462.84,-0.01,46,0.05,0,0.0,86025.61,7226151.24,86.03,882.33,0.1,10,5.0,0.01,0,0.0,10.11,88325
930,SMIIO_CROSS_DOWN,SMIIO_CROSS_UP,2025-12-21T12:00:00,2025-12-21T16:00:00,short,88463,88095,100,0.1,8846.3,100.0,36.8,26.69,2241.96,0.03,368,0.42,0,0.0,86052.3,7228393.2,86.05,884.63,0.1,10,5.0,0.01,0,0.0,10.11,88555
931,SMIIO_CROSS_DOWN,SMIIO_CROSS_UP,2025-12-22T12:00:00,2025-12-22T20:00:00,short,89797,88141,100,0.1,8979.7,100.0,165.6,155.49,13061.16,0.16,1656,1.84,0,0.0,86207.79,7241454.36,86.21,897.97,0.1,10,5.0,0.01,0,0.0,10.11,89889
932,SMIIO_CROSS_DOWN,SMIIO_CROSS_UP,2025-12-23T00:00:00,2025-12-23T08:00:00,short,88509,87635,100,0.1,8850.9,100.0,87.4,77.29,6492.36,0.08,874,0.99,0,0.0,86285.08,7247946.72,86.29,885.09,0.1,10,5.0,0.01,0,0.0,10.11,88601
933,SMIIO_CROSS_DOWN,SMIIO_CROSS_UP,2025-12-23T12:00:00,2025-12-23T16:00:00,short,87727,87497,100,0.1,8772.7,100.0,23.0,12.89,1082.76,0.01,230,0.26,0,0.0,86297.97,7249029.48,86.3,877.27,0.1,10,5.0,0.01,0,0.0,10.11,87819
934,SMIIO_CROSS_DOWN,SMIIO_CROSS_UP,2025-12-23T20:00:00,2025-12-24T08:00:00,short,87635,86991,100,0.1,8763.5,100.0,64.4,54.29,4560.36,0.05,644,0.73,0,0.0,86352.26,7253589.84,86.35,876.35,0.1,10,5.0,0.01,0,0.0,10.11,87727
935,SMIIO_CROSS_DOWN,SMIIO_CROSS_UP,2025-12-24T12:00:00,2025-12-24T16:00:00,short,86991,87083,100,0.1,8699.1,100.0,-9.2,-19.31,-1622.04,-0.02,0,0.0,92,0.11,86332.95,7251967.8,86.33,869.91,0.1,10,5.0,0.01,0,0.0,10.11,87083
936,SMIIO_CROSS_DOWN,SMIIO_CROSS_UP,2025-12-25T08:00:00,2025-12-25T12:00:00,short,87727,87589,100,0.1,8772.7,100.0,13.8,3.69,309.96,0.0,138,0.16,0,0.0,86336.64,7252277.76,86.34,877.27,0.1,10,5.0,0.01,0,0.0,10.11,87819
937,SMIIO_CROSS_DOWN,SMIIO_CROSS_UP,2025-12-25T16:00:00,2025-12-26T00:00:00,short,88279,87313,100,0.1,8827.9,100.0,96.6,86.49,7265.16,0.09,966,1.09,0,0.0,86423.13,7259542.92,86.42,882.79,0.1,10,5.0,0.01,0,0.0,10.11,88371
938,SMIIO_CROSS_DOWN,SMIIO_CROSS_UP,2025-12-26T04:00:00,2025-12-26T08:00:00,short,88739,88555,100,0.1,8873.9,100.0,18.4,8.29,696.36,0.01,184,0.21,0,0.0,86431.42,7260239.28,86.43,887.39,0.1,10,5.0,0.01,0,0.0,10.11,88831
939,SMIIO_CROSS_DOWN,SMIIO_CROSS_UP,2025-12-26T12:00:00,2025-12-26T16:00:00,short,88417,87175,100,0.1,8841.7,100.0,124.2,114.09,9583.56,0.11,1242,1.4,0,0.0,86545.51,7269822.84,86.55,884.17,0.1,10,5.0,0.01,0,0.0,10.11,88509
940,SMIIO_CROSS_DOWN,SMIIO_CROSS_UP,2025-12-26T20:00:00,2025-12-27T00:00:00,short,87359,87451,100,0.1,8735.9,100.0,-9.2,-19.31,-1622.04,-0.02,0,0.0,92,0.11,86526.2,7268200.8,86.53,873.59,0.1,10,5.0,0.01,0,0.0,10.11,87451
941,SMIIO_CROSS_DOWN,SMIIO_CROSS_UP,2025-12-28T00:00:00,2025-12-28T08:00:00,short,87727,87865,100,0.1,8772.7,100.0,-13.8,-23.91,-2008.44,-0.02,0,0.0,138,0.16,86502.29,7266192.36,86.5,877.27,0.1,10,5.0,0.01,0,0.0,10.11,87819
942,SMIIO_CROSS_DOWN,SMIIO_CROSS_UP,2025-12-28T16:00:00,2025-12-28T20:00:00,short,87773,87635,100,0.1,8777.3,100.0,13.8,3.69,309.96,0.0,138,0.16,0,0.0,86505.98,7266502.32,86.51,877.73,0.1,10,5.0,0.01,0,0.0,10.11,87865
943,SMIIO_CROSS_DOWN,SMIIO_CROSS_UP,2025-12-29T04:00:00,2025-12-29T12:00:00,short,89981,87635,100,0.1,8998.1,100.0,234.6,224.49,18857.16,0.22,2346,2.61,0,0.0,86730.47,7285359.48,86.73,899.81,0.1,10,5.0,0.01,0,0.0,10.11,90073
944,SMIIO_CROSS_DOWN,SMIIO_CROSS_UP,2025-12-29T16:00:00,2025-12-30T00:00:00,short,87451,87313,100,0.1,8745.1,100.0,13.8,3.69,309.96,0.0,138,0.16,0,0.0,86734.16,7285669.44,86.73,874.51,0.1,10,5.0,0.01,0,0.0,10.11,87543
945,SMIIO_CROSS_DOWN,SMIIO_CROSS_UP,2025-12-30T16:00:00,2025-12-30T20:00:00,short,88877,88279,100,0.1,8887.7,100.0,59.8,49.69,4173.96,0.05,598,0.67,0,0.0,86783.85,7289843.4,86.78,888.77,0.1,10,5.0,0.01,0,0.0,10.11,88969
946,SMIIO_CROSS_DOWN,SMIIO_CROSS_UP,2025-12-31T12:00:00,2026-01-01T00:00:00,short,88877,87635,100,0.1,8887.7,100.0,124.2,114.09,9583.56,0.11,1242,1.4,0,0.0,86897.94,7299426.96,86.9,888.77,0.1,10,5.0,0.01,0,0.0,10.11,88969
947,SMIIO_CROSS_DOWN,SMIIO_CROSS_UP,2026-01-01T04:00:00,2026-01-01T08:00:00,short,87727,87727,100,0.1,8772.7,100.0,0.0,-10.11,-849.24,-0.01,0,0.0,0,0.0,86887.83,7298577.72,86.89,877.27,0.1,10,5.0,0.01,0,0.0,10.11,87819
948,SMIIO_CROSS_DOWN,SMIIO_CROSS_UP,2026-01-03T04:00:00,2026-01-03T08:00:00,short,90165,89613,100,0.1,9016.5,100.0,55.2,45.09,3787.56,0.05,552,0.61,0,0.0,86932.92,7302365.28,86.93,901.65,0.1,10,5.0,0.01,0,0.0,10.11,90257
949,SMIIO_CROSS_DOWN,SMIIO_CROSS_UP,2026-01-04T08:00:00,2026-01-04T20:00:00,short,91361,91269,100,0.1,9136.1,100.0,9.2,-0.91,-76.44,-0.0,92,0.1,0,0.0,86932.01,7302288.84,86.93,913.61,0.1,10,5.0,0.01,0,0.0,10.11,91453
950,SMIIO_CROSS_DOWN,SMIIO_CROSS_UP,2026-01-05T04:00:00,2026-01-05T08:00:00,short,92741,92603,100,0.1,9274.1,100.0,13.8,3.69,309.96,0.0,138,0.15,0,0.0,86935.7,7302598.8,86.94,927.41,0.1,10,5.0,0.01,0,0.0,10.11,92833
951,SMIIO_CROSS_DOWN,SMIIO_CROSS_UP,2026-01-05T20:00:00,2026-01-06T08:00:00,short,94121,93339,100,0.1,9412.1,100.0,78.2,68.09,5719.56,0.07,782,0.83,0,0.0,87003.79,7308318.36,87.0,941.21,0.1,10,5.0,0.01,0,0.0,10.11,94213
952,SMIIO_CROSS_DOWN,SMIIO_CROSS_UP,2026-01-06T12:00:00,2026-01-06T20:00:00,short,93753,92189,100,0.1,9375.3,100.0,156.4,146.29,12288.36,0.15,1564,1.67,0,0.0,87150.08,7320606.72,87.15,937.53,0.1,10,5.0,0.01,0,0.0,10.11,93845
953,SMIIO_CROSS_DOWN,SMIIO_CROSS_UP,2026-01-07T00:00:00,2026-01-07T04:00:00,short,93661,92833,100,0.1,9366.1,100.0,82.8,72.69,6105.96,0.07,828,0.88,0,0.0,87222.77,7326712.68,87.22,936.61,0.1,10,5.0,0.01,0,0.0,10.11,93753
954,SMIIO_CROSS_DOWN,SMIIO_CROSS_UP,2026-01-07T08:00:00,2026-01-07T20:00:00,short,92649,91269,100,0.1,9264.9,100.0,138.0,127.89,10742.76,0.13,1380,1.49,0,0.0,87350.66,7337455.44,87.35,926.49,0.1,10,5.0,0.01,0,0.0,10.11,92741
955,SMIIO_CROSS_DOWN,SMIIO_CROSS_UP,2026-01-08T00:00:00,2026-01-08T12:00:00,short,91131,90303,100,0.1,9113.1,100.0,82.8,72.69,6105.96,0.07,828,0.91,0,0.0,87423.35,7343561.4,87.42,911.31,0.1,10,5.0,0.01,0,0.0,10.11,91223
956,SMIIO_CROSS_DOWN,SMIIO_CROSS_UP,2026-01-09T04:00:00,2026-01-09T12:00:00,short,91085,90533,100,0.1,9108.5,100.0,55.2,45.09,3787.56,0.05,552,0.61,0,0.0,87468.44,7347348.96,87.47,910.85,0.1,10,5.0,0.01,0,0.0,10.11,91177
957,SMIIO_CROSS_DOWN,SMIIO_CROSS_UP,2026-01-09T16:00:00,2026-01-09T20:00:00,short,91085,90349,100,0.1,9108.5,100.0,73.6,63.49,5333.16,0.06,736,0.81,0,0.0,87531.93,7352682.12,87.53,910.85,0.1,10,5.0,0.01,0,0.0,10.11,91177
958,SMIIO_CROSS_DOWN,SMIIO_CROSS_UP,2026-01-10T20:00:00,2026-01-11T00:00:00,short,90533,90579,100,0.1,9053.3,100.0,-4.6,-14.71,-1235.64,-0.01,0,0.0,46,0.05,87517.22,7351446.48,87.52,905.33,0.1,10,5.0,0.01,0,0.0,10.11,90625
959,SMIIO_CROSS_DOWN,SMIIO_CROSS_UP,2026-01-11T16:00:00,2026-01-11T20:00:00,short,90717,90763,100,0.1,9071.7,100.0,-4.6,-14.71,-1235.64,-0.01,0,0.0,46,0.05,87502.51,7350210.84,87.5,907.17,0.1,10,5.0,0.01,0,0.0,10.11,90809
960,SMIIO_CROSS_DOWN,SMIIO_CROSS_UP,2026-01-12T04:00:00,2026-01-12T12:00:00,short,91683,90717,100,0.1,9168.3,100.0,96.6,86.49,7265.16,0.09,966,1.05,0,0.0,87589.0,7357476.0,87.59,916.83,0.1,10,5.0,0.01,0,0.0,10.11,91775
961,SMIIO_CROSS_DOWN,SMIIO_CROSS_UP,2026-01-12T20:00:00,2026-01-13T00:00:00,short,91729,91315,100,0.1,9172.9,100.0,41.4,31.29,2628.36,0.03,414,0.45,0,0.0,87620.29,7360104.36,87.62,917.29,0.1,10,5.0,0.01,0,0.0,10.11,91821
962,SMIIO_CROSS_DOWN,SMIIO_CROSS_UP,2026-01-14T04:00:00,2026-01-14T12:00:00,short,95547,94903,100,0.1,9554.7,100.0,64.4,54.29,4560.36,0.05,644,0.67,0,0.0,87674.58,7364664.72,87.67,955.47,0.1,10,5.0,0.01,0,0.0,10.11,95639
963,SMIIO_CROSS_DOWN,SMIIO_CROSS_UP,2026-01-14T20:00:00,2026-01-15T04:00:00,short,97111,96053,100,0.1,9711.1,100.0,105.8,95.69,8037.96,0.1,1058,1.09,0,0.0,87770.27,7372702.68,87.77,971.11,0.1,10,5.0,0.01,0,0.0,10.11,97203
964,SMIIO_CROSS_DOWN,SMIIO_CROSS_UP,2026-01-15T16:00:00,2026-01-15T20:00:00,short,96605,95547,100,0.1,9660.5,100.0,105.8,95.69,8037.96,0.1,1058,1.1,0,0.0,87865.96,7380740.64,87.87,966.05,0.1,10,5.0,0.01,0,0.0,10.11,96697
965,SMIIO_CROSS_DOWN,SMIIO_CROSS_UP,2026-01-16T00:00:00,2026-01-16T04:00:00,short,95363,95409,100,0.1,9536.3,100.0,-4.6,-14.71,-1235.64,-0.01,0,0.0,46,0.05,87851.25,7379505.0,87.85,953.63,0.1,10,5.0,0.01,0,0.0,10.11,95455
966,SMIIO_CROSS_DOWN,SMIIO_CROSS_UP,2026-01-16T08:00:00,2026-01-16T16:00:00,short,95501,94673,100,0.1,9550.1,100.0,82.8,72.69,6105.96,0.07,828,0.87,0,0.0,87923.94,7385610.96,87.92,955.01,0.1,10,5.0,0.01,0,0.0,10.11,95593
967,SMIIO_CROSS_DOWN,SMIIO_CROSS_UP,2026-01-17T00:00:00,2026-01-17T08:00:00,short,95409,95225,100,0.1,9540.9,100.0,18.4,8.29,696.36,0.01,184,0.19,0,0.0,87932.23,7386307.32,87.93,954.09,0.1,10,5.0,0.01,0,0.0,10.11,95501
968,SMIIO_CROSS_DOWN,SMIIO_CROSS_UP,2026-01-17T16:00:00,2026-01-18T08:00:00,short,95409,95133,100,0.1,9540.9,100.0,27.6,17.49,1469.16,0.02,276,0.29,0,0.0,87949.72,7387776.48,87.95,954.09,0.1,10,5.0,0.01,0,0.0,10.11,95501
969,SMIIO_CROSS_DOWN,SMIIO_CROSS_UP,2026-01-18T20:00:00,2026-01-19T04:00:00,short,95225,92787,100,0.1,9522.5,100.0,243.8,233.69,19629.96,0.23,2438,2.56,0,0.0,88183.41,7407406.44,88.18,952.25,0.1,10,5.0,0.01,0,0.0,10.11,95317
970,SMIIO_CROSS_DOWN,SMIIO_CROSS_UP,2026-01-19T20:00:00,2026-01-21T00:00:00,short,92971,88509,100,0.1,9297.1,100.0,446.2,436.09,36631.56,0.44,4462,4.8,0,0.0,88619.5,7444038.0,88.62,929.71,0.1,10,5.0,0.01,0,0.0,10.11,93063
971,SMIIO_CROSS_DOWN,SMIIO_CROSS_UP,2026-01-21T04:00:00,2026-01-21T12:00:00,short,89337,88877,100,0.1,8933.7,100.0,46.0,35.89,3014.76,0.04,460,0.51,0,0.0,88655.39,7447052.76,88.66,893.37,0.1,10,5.0,0.01,0,0.0,10.11,89429
972,SMIIO_CROSS_DOWN,SMIIO_CROSS_UP,2026-01-21T20:00:00,2026-01-22T00:00:00,short,90211,89475,100,0.1,9021.1,100.0,73.6,63.49,5333.16,0.06,736,0.82,0,0.0,88718.88,7452385.92,88.72,902.11,0.1,10,5.0,0.01,0,0.0,10.11,90303
973,SMIIO_CROSS_DOWN,SMIIO_CROSS_UP,2026-01-22T04:00:00,2026-01-22T08:00:00,short,89797,89935,100,0.1,8979.7,100.0,-13.8,-23.91,-2008.44,-0.02,0,0.0,138,0.15,88694.97,7450377.48,88.69,897.97,0.1,10,5.0,0.01,0,0.0,10.11,89889
974,SMIIO_CROSS_DOWN,SMIIO_CROSS_UP,2026-01-22T12:00:00,2026-01-22T16:00:00,short,89843,89015,100,0.1,8984.3,100.0,82.8,72.69,6105.96,0.07,828,0.92,0,0.0,88767.66,7456483.44,88.77,898.43,0.1,10,5.0,0.01,0,0.0,10.11,89935
975,SMIIO_CROSS_DOWN,SMIIO_CROSS_UP,2026-01-22T20:00:00,2026-01-23T00:00:00,short,89659,89705,100,0.1,8965.9,100.0,-4.6,-14.71,-1235.64,-0.01,0,0.0,46,0.05,88752.95,7455247.8,88.75,896.59,0.1,10,5.0,0.01,0,0.0,10.11,89751
976,SMIIO_CROSS_DOWN,SMIIO_CROSS_UP,2026-01-23T04:00:00,2026-01-23T12:00:00,short,89843,89291,100,0.1,8984.3,100.0,55.2,45.09,3787.56,0.05,552,0.61,0,0.0,88798.04,7459035.36,88.8,898.43,0.1,10,5.0,0.01,0,0.0,10.11,89935
977,SMIIO_CROSS_DOWN,SMIIO_CROSS_UP,2026-01-23T20:00:00,2026-01-24T00:00:00,short,89843,89705,100,0.1,8984.3,100.0,13.8,3.69,309.96,0.0,138,0.15,0,0.0,88801.73,7459345.32,88.8,898.43,0.1,10,5.0,0.01,0,0.0,10.11,89935
978,SMIIO_CROSS_DOWN,SMIIO_CROSS_UP,2026-01-24T04:00:00,2026-01-25T20:00:00,short,89613,86577,100,0.1,8961.3,100.0,303.6,293.49,24653.16,0.29,3036,3.39,0,0.0,89095.22,7483998.48,89.1,896.13,0.1,10,5.0,0.01,0,0.0,10.11,89705
979,SMIIO_CROSS_DOWN,SMIIO_CROSS_UP,2026-01-26T08:00:00,2026-01-26T16:00:00,short,87865,87773,100,0.1,8786.5,100.0,9.2,-0.91,-76.44,-0.0,92,0.1,0,0.0,89094.31,7483922.04,89.09,878.65,0.1,10,5.0,0.01,0,0.0,10.11,87957
980,SMIIO_CROSS_DOWN,SMIIO_CROSS_UP,2026-01-27T04:00:00,2026-01-27T16:00:00,short,88647,88049,100,0.1,8864.7,100.0,59.8,49.69,4173.96,0.05,598,0.67,0,0.0,89144.0,7488096.0,89.14,886.47,0.1,10,5.0,0.01,0,0.0,10.11,88739
981,SMIIO_CROSS_DOWN,SMIIO_CROSS_UP,2026-01-28T00:00:00,2026-01-28T08:00:00,short,89107,89291,100,0.1,8910.7,100.0,-18.4,-28.51,-2394.84,-0.03,0,0.0,184,0.21,89115.49,7485701.16,89.12,891.07,0.1,10,5.0,0.01,0,0.0,10.11,89199
982,SMIIO_CROSS_DOWN,SMIIO_CROSS_UP,2026-01-28T12:00:00,2026-01-29T04:00:00,short,89981,88141,100,0.1,8998.1,100.0,184.0,173.89,14606.76,0.17,1840,2.04,0,0.0,89289.38,7500307.92,89.29,899.81,0.1,10,5.0,0.01,0,0.0,10.11,90073
983,SMIIO_CROSS_DOWN,SMIIO_CROSS_UP,2026-01-29T08:00:00,2026-01-29T20:00:00,short,88141,84093,100,0.1,8814.1,100.0,404.8,394.69,33153.96,0.39,4048,4.59,0,0.0,89684.07,7533461.88,89.68,881.41,0.1,10,5.0,0.01,0,0.0,10.11,88233
984,SMIIO_CROSS_DOWN,SMIIO_CROSS_UP,2026-01-30T00:00:00,2026-01-30T04:00:00,short,84553,82713,100,0.1,8455.3,100.0,184.0,173.89,14606.76,0.17,1840,2.18,0,0.0,89857.96,7548068.64,89.86,845.53,0.1,10,5.0,0.01,0,0.0,10.11,84645
985,SMIIO_CROSS_DOWN,SMIIO_CROSS_UP,2026-01-30T12:00:00,2026-01-30T16:00:00,short,82943,82989,100,0.1,8294.3,100.0,-4.6,-14.71,-1235.64,-0.01,0,0.0,46,0.06,89843.25,7546833.0,89.84,829.43,0.1,10,5.0,0.01,0,0.0,10.11,83035
986,SMIIO_CROSS_DOWN,SMIIO_CROSS_UP,2026-01-31T00:00:00,2026-01-31T20:00:00,short,84139,77837,100,0.1,8413.9,100.0,630.2,620.09,52087.56,0.62,6302,7.49,0,0.0,90463.34,7598920.56,90.46,841.39,0.1,10,5.0,0.01,0,0.0,10.11,84231
987,SMIIO_CROSS_DOWN,SMIIO_CROSS_UP,2026-02-01T04:00:00,2026-02-01T08:00:00,short,78711,78389,100,0.1,7871.1,100.0,32.2,22.09,1855.56,0.02,322,0.41,0,0.0,90485.43,7600776.12,90.49,787.11,0.1,10,5.0,0.01,0,0.0,10.11,78803
988,SMIIO_CROSS_DOWN,SMIIO_CROSS_UP,2026-02-01T12:00:00,2026-02-02T04:00:00,short,78665,76365,100,0.1,7866.5,100.0,230.0,219.89,18470.76,0.22,2300,2.92,0,0.0,90705.32,7619246.88,90.71,786.65,0.1,10,5.0,0.01,0,0.0,10.11,78757
989,SMIIO_CROSS_DOWN,SMIIO_CROSS_UP,2026-02-02T16:00:00,2026-02-02T20:00:00,short,78711,78389,100,0.1,7871.1,100.0,32.2,22.09,1855.56,0.02,322,0.41,0,0.0,90727.41,7621102.44,90.73,787.11,0.1,10,5.0,0.01,0,0.0,10.11,78803
990,SMIIO_CROSS_DOWN,SMIIO_CROSS_UP,2026-02-03T08:00:00,2026-02-03T20:00:00,short,78665,75031,100,0.1,7866.5,100.0,363.4,353.29,29676.36,0.35,3634,4.62,0,0.0,91080.7,7650778.8,91.08,786.65,0.1,10,5.0,0.01,0,0.0,10.11,78757
991,SMIIO_CROSS_DOWN,SMIIO_CROSS_UP,2026-02-04T04:00:00,2026-02-06T00:00:00,short,76549,62979,100,0.1,7654.9,100.0,1357.0,1346.89,113138.76,1.35,13570,17.73,0,0.0,92427.59,7763917.56,92.43,765.49,0.1,10,5.0,0.01,0,0.0,10.11,76641
992,SMIIO_CROSS_DOWN,SMIIO_CROSS_UP,2026-02-06T20:00:00,2026-02-07T00:00:00,short,70569,70753,100,0.1,7056.9,100.0,-18.4,-28.51,-2394.84,-0.03,0,0.0,184,0.26,92399.08,7761522.72,92.4,705.69,0.1,10,5.0,0.01,0,0.0,10.11,70661
993,SMIIO_CROSS_DOWN,SMIIO_CROSS_UP,2026-02-07T04:00:00,2026-02-07T12:00:00,short,70799,68039,100,0.1,7079.9,100.0,276.0,265.89,22334.76,0.27,2760,3.9,0,0.0,92664.97,7783857.48,92.66,707.99,0.1,10,5.0,0.01,0,0.0,10.11,70891
994,SMIIO_CROSS_DOWN,SMIIO_CROSS_UP,2026-02-08T00:00:00,2026-02-08T04:00:00,short,69235,69235,100,0.1,6923.5,100.0,0.0,-10.11,-849.24,-0.01,0,0.0,0,0.0,92654.86,7783008.24,92.65,692.35,0.1,10,5.0,0.01,0,0.0,10.11,69327
995,SMIIO_CROSS_DOWN,SMIIO_CROSS_UP,2026-02-08T20:00:00,2026-02-09T00:00:00,short,71259,70385,100,0.1,7125.9,100.0,87.4,77.29,6492.36,0.08,874,1.23,0,0.0,92732.15,7789500.6,92.73,712.59,0.1,10,5.0,0.01,0,0.0,10.11,71351
996,SMIIO_CROSS_DOWN,SMIIO_CROSS_UP,2026-02-09T04:00:00,2026-02-09T12:00:00,short,71213,69005,100,0.1,7121.3,100.0,220.8,210.69,17697.96,0.21,2208,3.1,0,0.0,92942.84,7807198.56,92.94,712.13,0.1,10,5.0,0.01,0,0.0,10.11,71305
997,SMIIO_CROSS_DOWN,SMIIO_CROSS_UP,2026-02-09T20:00:00,2026-02-10T12:00:00,short,70799,68591,100,0.1,7079.9,100.0,220.8,210.69,17697.96,0.21,2208,3.12,0,0.0,93153.53,7824896.52,93.15,707.99,0.1,10,5.0,0.01,0,0.0,10.11,70891
998,SMIIO_CROSS_DOWN,SMIIO_CROSS_UP,2026-02-10T16:00:00,2026-02-11T16:00:00,short,69189,66613,100,0.1,6918.9,100.0,257.6,247.49,20789.16,0.25,2576,3.72,0,0.0,93401.02,7845685.68,93.4,691.89,0.1,10,5.0,0.01,0,0.0,10.11,69281
999,SMIIO_CROSS_DOWN,SMIIO_CROSS_UP,2026-02-11T20:00:00,2026-02-12T00:00:00,short,67487,67165,100,0.1,6748.7,100.0,32.2,22.09,1855.56,0.02,322,0.48,0,0.0,93423.11,7847541.24,93.42,674.87,0.1,10,5.0,0.01,0,0.0,10.11,67579
1000,SMIIO_CROSS_DOWN,SMIIO_CROSS_UP,2026-02-12T04:00:00,2026-02-12T08:00:00,short,67487,67303,100,0.1,6748.7,100.0,18.4,8.29,696.36,0.01,184,0.27,0,0.0,93431.4,7848237.6,93.43,674.87,0.1,10,5.0,0.01,0,0.0,10.11,67579
1001,SMIIO_CROSS_DOWN,SMIIO_CROSS_UP,2026-02-12T12:00:00,2026-02-12T20:00:00,short,67993,65877,100,0.1,6799.3,100.0,211.6,201.49,16925.16,0.2,2116,3.11,0,0.0,93632.89,7865162.76,93.63,679.93,0.1,10,5.0,0.01,0,0.0,10.11,68085
1002,SMIIO_CROSS_DOWN,SMIIO_CROSS_UP,2026-02-13T04:00:00,2026-02-13T08:00:00,short,66429,66291,100,0.1,6642.9,100.0,13.8,3.69,309.96,0.0,138,0.21,0,0.0,93636.58,7865472.72,93.64,664.29,0.1,10,5.0,0.01,0,0.0,10.11,66521
1003,SMIIO_CROSS_DOWN,SMIIO_CROSS_UP,2026-02-14T12:00:00,2026-02-14T16:00:00,short,70339,69833,100,0.1,7033.9,100.0,50.6,40.49,3401.16,0.04,506,0.72,0,0.0,93677.07,7868873.88,93.68,703.39,0.1,10,5.0,0.01,0,0.0,10.11,70431
1004,SMIIO_CROSS_DOWN,SMIIO_CROSS_UP,2026-02-15T08:00:00,2026-02-15T20:00:00,short,70661,68407,100,0.1,7066.1,100.0,225.4,215.29,18084.36,0.22,2254,3.19,0,0.0,93892.36,7886958.24,93.89,706.61,0.1,10,5.0,0.01,0,0.0,10.11,70753
1005,SMIIO_CROSS_DOWN,SMIIO_CROSS_UP,2026-02-16T00:00:00,2026-02-16T04:00:00,short,68729,68453,100,0.1,6872.9,100.0,27.6,17.49,1469.16,0.02,276,0.4,0,0.0,93909.85,7888427.4,93.91,687.29,0.1,10,5.0,0.01,0,0.0,10.11,68821
1006,SMIIO_CROSS_DOWN,SMIIO_CROSS_UP,2026-02-16T12:00:00,2026-02-16T16:00:00,short,68591,67579,100,0.1,6859.1,100.0,101.2,91.09,7651.56,0.09,1012,1.48,0,0.0,94000.94,7896078.96,94.0,685.91,0.1,10,5.0,0.01,0,0.0,10.11,68683
1007,SMIIO_CROSS_DOWN,SMIIO_CROSS_UP,2026-02-17T00:00:00,2026-02-17T16:00:00,short,68775,67487,100,0.1,6877.5,100.0,128.8,118.69,9969.96,0.12,1288,1.87,0,0.0,94119.63,7906048.92,94.12,687.75,0.1,10,5.0,0.01,0,0.0,10.11,68867
1008,SMIIO_CROSS_DOWN,SMIIO_CROSS_UP,2026-02-17T20:00:00,2026-02-18T00:00:00,short,67671,67579,100,0.1,6767.1,100.0,9.2,-0.91,-76.44,-0.0,92,0.14,0,0.0,94118.72,7905972.48,94.12,676.71,0.1,10,5.0,0.01,0,0.0,10.11,67763
1009,SMIIO_CROSS_DOWN,SMIIO_CROSS_UP,2026-02-18T08:00:00,2026-02-18T12:00:00,short,67947,67441,100,0.1,6794.7,100.0,50.6,40.49,3401.16,0.04,506,0.74,0,0.0,94159.21,7909373.64,94.16,679.47,0.1,10,5.0,0.01,0,0.0,10.11,68039
1010,SMIIO_CROSS_DOWN,SMIIO_CROSS_UP,2026-02-18T16:00:00,2026-02-18T20:00:00,short,67579,66199,100,0.1,6757.9,100.0,138.0,127.89,10742.76,0.13,1380,2.04,0,0.0,94287.1,7920116.4,94.29,675.79,0.1,10,5.0,0.01,0,0.0,10.11,67671
1011,SMIIO_CROSS_DOWN,SMIIO_CROSS_UP,2026-02-19T08:00:00,2026-02-19T16:00:00,short,67073,66475,100,0.1,6707.3,100.0,59.8,49.69,4173.96,0.05,598,0.89,0,0.0,94336.79,7924290.36,94.34,670.73,0.1,10,5.0,0.01,0,0.0,10.11,67165
1012,SMIIO_CROSS_DOWN,SMIIO_CROSS_UP,2026-02-19T20:00:00,2026-02-20T00:00:00,short,66981,67119,100,0.1,6698.1,100.0,-13.8,-23.91,-2008.44,-0.02,0,0.0,138,0.21,94312.88,7922281.92,94.31,669.81,0.1,10,5.0,0.01,0,0.0,10.11,67073
1013,SMIIO_CROSS_DOWN,SMIIO_CROSS_UP,2026-02-20T08:00:00,2026-02-20T12:00:00,short,67671,67349,100,0.1,6767.1,100.0,32.2,22.09,1855.56,0.02,322,0.48,0,0.0,94334.97,7924137.48,94.33,676.71,0.1,10,5.0,0.01,0,0.0,10.11,67763
1014,SMIIO_CROSS_DOWN,SMIIO_CROSS_UP,2026-02-21T00:00:00,2026-02-21T04:00:00,short,67855,67763,100,0.1,6785.5,100.0,9.2,-0.91,-76.44,-0.0,92,0.14,0,0.0,94334.06,7924061.04,94.33,678.55,0.1,10,5.0,0.01,0,0.0,10.11,67947
1015,SMIIO_CROSS_DOWN,SMIIO_CROSS_UP,2026-02-21T20:00:00,2026-02-22T00:00:00,short,68453,67993,100,0.1,6845.3,100.0,46.0,35.89,3014.76,0.04,460,0.67,0,0.0,94369.95,7927075.8,94.37,684.53,0.1,10,5.0,0.01,0,0.0,10.11,68545
1016,SMIIO_CROSS_DOWN,SMIIO_CROSS_UP,2026-02-22T12:00:00,2026-02-22T20:00:00,short,68039,67533,100,0.1,6803.9,100.0,50.6,40.49,3401.16,0.04,506,0.74,0,0.0,94410.44,7930476.96,94.41,680.39,0.1,10,5.0,0.01,0,0.0,10.11,68131
1017,SMIIO_CROSS_DOWN,SMIIO_CROSS_UP,2026-02-23T00:00:00,2026-02-23T04:00:00,short,67441,64957,100,0.1,6744.1,100.0,248.4,238.29,20016.36,0.24,2484,3.68,0,0.0,94648.73,7950493.32,94.65,674.41,0.1,10,5.0,0.01,0,0.0,10.11,67533
1018,SMIIO_CROSS_DOWN,SMIIO_CROSS_UP,2026-02-23T12:00:00,2026-02-23T20:00:00,short,66061,64405,100,0.1,6606.1,100.0,165.6,155.49,13061.16,0.16,1656,2.51,0,0.0,94804.22,7963554.48,94.8,660.61,0.1,10,5.0,0.01,0,0.0,10.11,66153
1019,SMIIO_CROSS_DOWN,SMIIO_CROSS_UP,2026-02-24T00:00:00,2026-02-24T12:00:00,short,64497,63255,100,0.1,6449.7,100.0,124.2,114.09,9583.56,0.11,1242,1.93,0,0.0,94918.31,7973138.04,94.92,644.97,0.1,10,5.0,0.01,0,0.0,10.11,64589
1020,SMIIO_CROSS_DOWN,SMIIO_CROSS_UP,2026-02-24T20:00:00,2026-02-25T00:00:00,short,64313,64129,100,0.1,6431.3,100.0,18.4,8.29,696.36,0.01,184,0.29,0,0.0,94926.6,7973834.4,94.93,643.13,0.1,10,5.0,0.01,0,0.0,10.11,64405
1021,SMIIO_CROSS_DOWN,SMIIO_CROSS_UP,2026-02-25T04:00:00,2026-02-25T08:00:00,short,65279,65141,100,0.1,6527.9,100.0,13.8,3.69,309.96,0.0,138,0.21,0,0.0,94930.29,7974144.36,94.93,652.79,0.1,10,5.0,0.01,0,0.0,10.11,65371
1022,SMIIO_CROSS_DOWN,SMIIO_CROSS_UP,2026-02-25T20:00:00,2026-02-26T00:00:00,short,68913,68039,100,0.1,6891.3,100.0,87.4,77.29,6492.36,0.08,874,1.27,0,0.0,95007.58,7980636.72,95.01,689.13,0.1,10,5.0,0.01,0,0.0,10.11,69005
1023,SMIIO_CROSS_DOWN,SMIIO_CROSS_UP,2026-02-26T04:00:00,2026-02-26T08:00:00,short,68039,67855,100,0.1,6803.9,100.0,18.4,8.29,696.36,0.01,184,0.27,0,0.0,95015.87,7981333.08,95.02,680.39,0.1,10,5.0,0.01,0,0.0,10.11,68131
1024,SMIIO_CROSS_DOWN,SMIIO_CROSS_UP,2026-02-26T12:00:00,2026-02-26T16:00:00,short,67901,67441,100,0.1,6790.1,100.0,46.0,35.89,3014.76,0.04,460,0.68,0,0.0,95051.76,7984347.84,95.05,679.01,0.1,10,5.0,0.01,0,0.0,10.11,67993
1025,SMIIO_CROSS_DOWN,SMIIO_CROSS_UP,2026-02-27T08:00:00,2026-02-27T20:00:00,short,67487,65509,100,0.1,6748.7,100.0,197.8,187.69,15765.96,0.19,1978,2.93,0,0.0,95239.45,8000113.8,95.24,674.87,0.1,10,5.0,0.01,0,0.0,10.11,67579
1026,SMIIO_CROSS_DOWN,SMIIO_CROSS_UP,2026-02-28T00:00:00,2026-02-28T12:00:00,short,65739,63899,100,0.1,6573.9,100.0,184.0,173.89,14606.76,0.17,1840,2.8,0,0.0,95413.34,8014720.56,95.41,657.39,0.1,10,5.0,0.01,0,0.0,10.11,65831
1027,SMIIO_CROSS_DOWN,SMIIO_CROSS_UP,2026-03-01T04:00:00,2026-03-01T12:00:00,short,67349,66567,100,0.1,6734.9,100.0,78.2,68.09,5719.56,0.07,782,1.16,0,0.0,95481.43,8020440.12,95.48,673.49,0.1,10,5.0,0.01,0,0.0,10.11,67441
1028,SMIIO_CROSS_DOWN,SMIIO_CROSS_UP,2026-03-01T16:00:00,2026-03-02T00:00:00,short,66705,65877,100,0.1,6670.5,100.0,82.8,72.69,6105.96,0.07,828,1.24,0,0.0,95554.12,8026546.08,95.55,667.05,0.1,10,5.0,0.01,0,0.0,10.11,66797
1029,SMIIO_CROSS_DOWN,SMIIO_CROSS_UP,2026-03-02T04:00:00,2026-03-02T08:00:00,short,66705,66061,100,0.1,6670.5,100.0,64.4,54.29,4560.36,0.05,644,0.97,0,0.0,95608.41,8031106.44,95.61,667.05,0.1,10,5.0,0.01,0,0.0,10.11,66797
1030,SMIIO_CROSS_DOWN,SMIIO_CROSS_UP,2026-03-02T16:00:00,2026-03-03T12:00:00,short,68959,67119,100,0.1,6895.9,100.0,184.0,173.89,14606.76,0.17,1840,2.67,0,0.0,95782.3,8045713.2,95.78,689.59,0.1,10,5.0,0.01,0,0.0,10.11,69051
1031,SMIIO_CROSS_DOWN,SMIIO_CROSS_UP,2026-03-04T00:00:00,2026-03-04T04:00:00,short,68269,67763,100,0.1,6826.9,100.0,50.6,40.49,3401.16,0.04,506,0.74,0,0.0,95822.79,8049114.36,95.82,682.69,0.1,10,5.0,0.01,0,0.0,10.11,68361
1032,SMIIO_CROSS_DOWN,SMIIO_CROSS_UP,2026-03-04T20:00:00,2026-03-05T08:00:00,short,73467,72133,100,0.1,7346.7,100.0,133.4,123.29,10356.36,0.12,1334,1.82,0,0.0,95946.08,8059470.72,95.95,734.67,0.1,10,5.0,0.01,0,0.0,10.11,73559
1033,SMIIO_CROSS_DOWN,SMIIO_CROSS_UP,2026-03-05T12:00:00,2026-03-06T00:00:00,short,72823,70983,100,0.1,7282.3,100.0,184.0,173.89,14606.76,0.17,1840,2.53,0,0.0,96119.97,8074077.48,96.12,728.23,0.1,10,5.0,0.01,0,0.0,10.11,72915
1034,SMIIO_CROSS_DOWN,SMIIO_CROSS_UP,2026-03-06T08:00:00,2026-03-07T08:00:00,short,70845,67947,100,0.1,7084.5,100.0,289.8,279.69,23493.96,0.28,2898,4.09,0,0.0,96399.66,8097571.44,96.4,708.45,0.1,10,5.0,0.01,0,0.0,10.11,70937
1035,SMIIO_CROSS_DOWN,SMIIO_CROSS_UP,2026-03-07T16:00:00,2026-03-07T20:00:00,short,67763,67165,100,0.1,6776.3,100.0,59.8,49.69,4173.96,0.05,598,0.88,0,0.0,96449.35,8101745.4,96.45,677.63,0.1,10,5.0,0.01,0,0.0,10.11,67855
1036,SMIIO_CROSS_DOWN,SMIIO_CROSS_UP,2026-03-08T00:00:00,2026-03-08T04:00:00,short,67073,67073,100,0.1,6707.3,100.0,0.0,-10.11,-849.24,-0.01,0,0.0,0,0.0,96439.24,8100896.16,96.44,670.73,0.1,10,5.0,0.01,0,0.0,10.11,67165
1037,SMIIO_CROSS_DOWN,SMIIO_CROSS_UP,2026-03-08T12:00:00,2026-03-08T16:00:00,short,67395,67303,100,0.1,6739.5,100.0,9.2,-0.91,-76.44,-0.0,92,0.14,0,0.0,96438.33,8100819.72,96.44,673.95,0.1,10,5.0,0.01,0,0.0,10.11,67487
1038,SMIIO_CROSS_DOWN,SMIIO_CROSS_UP,2026-03-08T20:00:00,2026-03-09T00:00:00,short,67211,66015,100,0.1,6721.1,100.0,119.6,109.49,9197.16,0.11,1196,1.78,0,0.0,96547.82,8110016.88,96.55,672.11,0.1,10,5.0,0.01,0,0.0,10.11,67303
1039,SMIIO_CROSS_DOWN,SMIIO_CROSS_UP,2026-03-09T20:00:00,2026-03-10T00:00:00,short,68867,68453,100,0.1,6886.7,100.0,41.4,31.29,2628.36,0.03,414,0.6,0,0.0,96579.11,8112645.24,96.58,688.67,0.1,10,5.0,0.01,0,0.0,10.11,68959
1040,SMIIO_CROSS_DOWN,SMIIO_CROSS_UP,2026-03-10T16:00:00,2026-03-11T12:00:00,short,71167,69281,100,0.1,7116.7,100.0,188.6,178.49,14993.16,0.18,1886,2.65,0,0.0,96757.6,8127638.4,96.76,711.67,0.1,10,5.0,0.01,0,0.0,10.11,71259
1041,SMIIO_CROSS_DOWN,SMIIO_CROSS_UP,2026-03-11T20:00:00,2026-03-12T04:00:00,short,70477,69511,100,0.1,7047.7,100.0,96.6,86.49,7265.16,0.09,966,1.37,0,0.0,96844.09,8134903.56,96.84,704.77,0.1,10,5.0,0.01,0,0.0,10.11,70569
1042,SMIIO_CROSS_DOWN,SMIIO_CROSS_UP,2026-03-12T12:00:00,2026-03-12T20:00:00,short,70293,70477,100,0.1,7029.3,100.0,-18.4,-28.51,-2394.84,-0.03,0,0.0,184,0.26,96815.58,8132508.72,96.82,702.93,0.1,10,5.0,0.01,0,0.0,10.11,70385
1043,SMIIO_CROSS_DOWN,SMIIO_CROSS_UP,2026-03-13T12:00:00,2026-03-14T00:00:00,short,72087,71029,100,0.1,7208.7,100.0,105.8,95.69,8037.96,0.1,1058,1.47,0,0.0,96911.27,8140546.68,96.91,720.87,0.1,10,5.0,0.01,0,0.0,10.11,72179
1044,SMIIO_CROSS_DOWN,SMIIO_CROSS_UP,2026-03-14T04:00:00,2026-03-14T08:00:00,short,70845,70661,100,0.1,7084.5,100.0,18.4,8.29,696.36,0.01,184,0.26,0,0.0,96919.56,8141243.04,96.92,708.45,0.1,10,5.0,0.01,0,0.0,10.11,70937
1045,SMIIO_CROSS_DOWN,SMIIO_CROSS_UP,2026-03-14T12:00:00,2026-03-14T16:00:00,short,70569,70615,100,0.1,7056.9,100.0,-4.6,-14.71,-1235.64,-0.01,0,0.0,46,0.07,96904.85,8140007.4,96.9,705.69,0.1,10,5.0,0.01,0,0.0,10.11,70661
1046,SMIIO_CROSS_DOWN,SMIIO_CROSS_UP,2026-03-15T12:00:00,2026-03-15T20:00:00,short,71673,71581,100,0.1,7167.3,100.0,9.2,-0.91,-76.44,-0.0,92,0.13,0,0.0,96903.94,8139930.96,96.9,716.73,0.1,10,5.0,0.01,0,0.0,10.11,71765
1047,SMIIO_CROSS_DOWN,SMIIO_CROSS_UP,2026-03-16T12:00:00,2026-03-16T16:00:00,short,73421,73421,100,0.1,7342.1,100.0,0.0,-10.11,-849.24,-0.01,0,0.0,0,0.0,96893.83,8139081.72,96.89,734.21,0.1,10,5.0,0.01,0,0.0,10.11,73513
1048,SMIIO_CROSS_DOWN,SMIIO_CROSS_UP,2026-03-17T00:00:00,2026-03-17T16:00:00,short,74755,74019,100,0.1,7475.5,100.0,73.6,63.49,5333.16,0.06,736,0.98,0,0.0,96957.32,8144414.88,96.96,747.55,0.1,10,5.0,0.01,0,0.0,10.11,74847
1049,SMIIO_CROSS_DOWN,SMIIO_CROSS_UP,2026-03-17T20:00:00,2026-03-18T00:00:00,short,74387,73927,100,0.1,7438.7,100.0,46.0,35.89,3014.76,0.04,460,0.62,0,0.0,96993.21,8147429.64,96.99,743.87,0.1,10,5.0,0.01,0,0.0,10.11,74479
1050,SMIIO_CROSS_DOWN,SMIIO_CROSS_UP,2026-03-18T04:00:00,2026-03-18T20:00:00,short,74341,71167,100,0.1,7434.1,100.0,317.4,307.29,25812.36,0.31,3174,4.27,0,0.0,97300.5,8173242.0,97.3,743.41,0.1,10,5.0,0.01,0,0.0,10.11,74433
1051,SMIIO_CROSS_DOWN,SMIIO_CROSS_UP,2026-03-19T04:00:00,2026-03-19T16:00:00,short,70983,69511,100,0.1,7098.3,100.0,147.2,137.09,11515.56,0.14,1472,2.07,0,0.0,97437.59,8184757.56,97.44,709.83,0.1,10,5.0,0.01,0,0.0,10.11,71075
1052,SMIIO_CROSS_DOWN,SMIIO_CROSS_UP,2026-03-19T20:00:00,2026-03-20T00:00:00,short,70155,70017,100,0.1,7015.5,100.0,13.8,3.69,309.96,0.0,138,0.2,0,0.0,97441.28,8185067.52,97.44,701.55,0.1,10,5.0,0.01,0,0.0,10.11,70247
1053,SMIIO_CROSS_DOWN,SMIIO_CROSS_UP,2026-03-20T08:00:00,2026-03-20T16:00:00,short,70707,69971,100,0.1,7070.7,100.0,73.6,63.49,5333.16,0.06,736,1.04,0,0.0,97504.77,8190400.68,97.5,707.07,0.1,10,5.0,0.01,0,0.0,10.11,70799
1054,SMIIO_CROSS_DOWN,SMIIO_CROSS_UP,2026-03-21T16:00:00,2026-03-22T00:00:00,short,70569,69005,100,0.1,7056.9,100.0,156.4,146.29,12288.36,0.15,1564,2.22,0,0.0,97651.06,8202689.04,97.65,705.69,0.1,10,5.0,0.01,0,0.0,10.11,70661
1055,SMIIO_CROSS_DOWN,SMIIO_CROSS_UP,2026-03-22T04:00:00,2026-03-22T12:00:00,short,69189,68315,100,0.1,6918.9,100.0,87.4,77.29,6492.36,0.08,874,1.26,0,0.0,97728.35,8209181.4,97.73,691.89,0.1,10,5.0,0.01,0,0.0,10.11,69281
1056,SMIIO_CROSS_DOWN,SMIIO_CROSS_UP,2026-03-22T16:00:00,2026-03-23T00:00:00,short,68775,67947,100,0.1,6877.5,100.0,82.8,72.69,6105.96,0.07,828,1.2,0,0.0,97801.04,8215287.36,97.8,687.75,0.1,10,5.0,0.01,0,0.0,10.11,68867
1057,SMIIO_CROSS_DOWN,SMIIO_CROSS_UP,2026-03-24T00:00:00,2026-03-24T04:00:00,short,70753,70615,100,0.1,7075.3,100.0,13.8,3.69,309.96,0.0,138,0.2,0,0.0,97804.73,8215597.32,97.8,707.53,0.1,10,5.0,0.01,0,0.0,10.11,70845
1058,SMIIO_CROSS_DOWN,SMIIO_CROSS_UP,2026-03-24T08:00:00,2026-03-24T20:00:00,short,71213,69465,100,0.1,7121.3,100.0,174.8,164.69,13833.96,0.16,1748,2.45,0,0.0,97969.42,8229431.28,97.97,712.13,0.1,10,5.0,0.01,0,0.0,10.11,71305
1059,SMIIO_CROSS_DOWN,SMIIO_CROSS_UP,2026-03-25T12:00:00,2026-03-25T20:00:00,short,71535,70891,100,0.1,7153.5,100.0,64.4,54.29,4560.36,0.05,644,0.9,0,0.0,98023.71,8233991.64,98.02,715.35,0.1,10,5.0,0.01,0,0.0,10.11,71627
1060,SMIIO_CROSS_DOWN,SMIIO_CROSS_UP,2026-03-26T00:00:00,2026-03-26T20:00:00,short,71259,68637,100,0.1,7125.9,100.0,262.2,252.09,21175.56,0.25,2622,3.68,0,0.0,98275.8,8255167.2,98.28,712.59,0.1,10,5.0,0.01,0,0.0,10.11,71351
1061,SMIIO_CROSS_DOWN,SMIIO_CROSS_UP,2026-03-27T04:00:00,2026-03-27T20:00:00,short,68637,66153,100,0.1,6863.7,100.0,248.4,238.29,20016.36,0.24,2484,3.62,0,0.0,98514.09,8275183.56,98.51,686.37,0.1,10,5.0,0.01,0,0.0,10.11,68729
1062,SMIIO_CROSS_DOWN,SMIIO_CROSS_UP,2026-03-28T00:00:00,2026-03-28T04:00:00,short,66245,66291,100,0.1,6624.5,100.0,-4.6,-14.71,-1235.64,-0.01,0,0.0,46,0.07,98499.38,8273947.92,98.5,662.45,0.1,10,5.0,0.01,0,0.0,10.11,66337
1063,SMIIO_CROSS_DOWN,SMIIO_CROSS_UP,2026-03-28T08:00:00,2026-03-28T12:00:00,short,66475,66429,100,0.1,6647.5,100.0,4.6,-5.51,-462.84,-0.01,46,0.07,0,0.0,98493.87,8273485.08,98.49,664.75,0.1,10,5.0,0.01,0,0.0,10.11,66567
1064,SMIIO_CROSS_DOWN,SMIIO_CROSS_UP,2026-03-28T16:00:00,2026-03-29T00:00:00,short,66935,66475,100,0.1,6693.5,100.0,46.0,35.89,3014.76,0.04,460,0.69,0,0.0,98529.76,8276499.84,98.53,669.35,0.1,10,5.0,0.01,0,0.0,10.11,67027
1065,SMIIO_CROSS_DOWN,SMIIO_CROSS_UP,2026-03-29T04:00:00,2026-03-29T08:00:00,short,66797,66751,100,0.1,6679.7,100.0,4.6,-5.51,-462.84,-0.01,46,0.07,0,0.0,98524.25,8276037.0,98.52,667.97,0.1,10,5.0,0.01,0,0.0,10.11,66889
1066,SMIIO_CROSS_DOWN,SMIIO_CROSS_UP,2026-03-29T12:00:00,2026-03-30T00:00:00,short,66705,66107,100,0.1,6670.5,100.0,59.8,49.69,4173.96,0.05,598,0.9,0,0.0,98573.94,8280210.96,98.57,667.05,0.1,10,5.0,0.01,0,0.0,10.11,66797
1067,SMIIO_CROSS_DOWN,SMIIO_CROSS_UP,2026-03-30T16:00:00,2026-03-30T20:00:00,short,67533,66613,100,0.1,6753.3,100.0,92.0,81.89,6878.76,0.08,920,1.36,0,0.0,98655.83,8287089.72,98.66,675.33,0.1,10,5.0,0.01,0,0.0,10.11,67625
1068,SMIIO_CROSS_DOWN,SMIIO_CROSS_UP,2026-03-31T04:00:00,2026-03-31T16:00:00,short,67579,66797,100,0.1,6757.9,100.0,78.2,68.09,5719.56,0.07,782,1.16,0,0.0,98723.92,8292809.28,98.72,675.79,0.1,10,5.0,0.01,0,0.0,10.11,67671
1069,SMIIO_CROSS_DOWN,SMIIO_CROSS_UP,2026-04-01T16:00:00,2026-04-02T04:00:00,short,68775,66659,100,0.1,6877.5,100.0,211.6,201.49,16925.16,0.2,2116,3.08,0,0.0,98925.41,8309734.44,98.93,687.75,0.1,10,5.0,0.01,0,0.0,10.11,68867
1070,SMIIO_CROSS_DOWN,SMIIO_CROSS_UP,2026-04-02T08:00:00,2026-04-02T12:00:00,short,66797,66245,100,0.1,6679.7,100.0,55.2,45.09,3787.56,0.05,552,0.83,0,0.0,98970.5,8313522.0,98.97,667.97,0.1,10,5.0,0.01,0,0.0,10.11,66889
1071,SMIIO_CROSS_DOWN,SMIIO_CROSS_UP,2026-04-03T00:00:00,2026-04-03T04:00:00,short,66843,66659,100,0.1,6684.3,100.0,18.4,8.29,696.36,0.01,184,0.28,0,0.0,98978.79,8314218.36,98.98,668.43,0.1,10,5.0,0.01,0,0.0,10.11,66935
1072,SMIIO_CROSS_DOWN,SMIIO_CROSS_UP,2026-04-03T12:00:00,2026-04-03T20:00:00,short,66935,66935,100,0.1,6693.5,100.0,0.0,-10.11,-849.24,-0.01,0,0.0,0,0.0,98968.68,8313369.12,98.97,669.35,0.1,10,5.0,0.01,0,0.0,10.11,67027
1073,SMIIO_CROSS_DOWN,SMIIO_CROSS_UP,2026-04-04T00:00:00,2026-04-04T04:00:00,short,66889,66935,100,0.1,6688.9,100.0,-4.6,-14.71,-1235.64,-0.01,0,0.0,46,0.07,98953.97,8312133.48,98.95,668.89,0.1,10,5.0,0.01,0,0.0,10.11,66981
1074,SMIIO_CROSS_DOWN,SMIIO_CROSS_UP,2026-04-05T00:00:00,2026-04-05T08:00:00,short,67257,66889,100,0.1,6725.7,100.0,36.8,26.69,2241.96,0.03,368,0.55,0,0.0,98980.66,8314375.44,98.98,672.57,0.1,10,5.0,0.01,0,0.0,10.11,67349
1075,SMIIO_CROSS_DOWN,SMIIO_CROSS_UP,2026-04-06T16:00:00,2026-04-07T16:00:00,short,69833,68269,100,0.1,6983.3,100.0,156.4,146.29,12288.36,0.15,1564,2.24,0,0.0,99126.95,8326663.8,99.13,698.33,0.1,10,5.0,0.01,0,0.0,10.11,69925
1076,SMIIO_CROSS_DOWN,SMIIO_CROSS_UP,2026-04-08T00:00:00,2026-04-08T04:00:00,short,71765,71351,100,0.1,7176.5,100.0,41.4,31.29,2628.36,0.03,414,0.58,0,0.0,99158.24,8329292.16,99.16,717.65,0.1,10,5.0,0.01,0,0.0,10.11,71857
1077,SMIIO_CROSS_DOWN,SMIIO_CROSS_UP,2026-04-08T12:00:00,2026-04-09T08:00:00,short,71489,71075,100,0.1,7148.9,100.0,41.4,31.29,2628.36,0.03,414,0.58,0,0.0,99189.53,8331920.52,99.19,714.89,0.1,10,5.0,0.01,0,0.0,10.11,71581
1078,SMIIO_CROSS_DOWN,SMIIO_CROSS_UP,2026-04-09T20:00:00,2026-04-10T08:00:00,short,71995,71581,100,0.1,7199.5,100.0,41.4,31.29,2628.36,0.03,414,0.58,0,0.0,99220.82,8334548.88,99.22,719.95,0.1,10,5.0,0.01,0,0.0,10.11,72087
1079,SMIIO_CROSS_DOWN,SMIIO_CROSS_UP,2026-04-10T20:00:00,2026-04-11T08:00:00,short,73099,72869,100,0.1,7309.9,100.0,23.0,12.89,1082.76,0.01,230,0.31,0,0.0,99233.71,8335631.64,99.23,730.99,0.1,10,5.0,0.01,0,0.0,10.11,73191
1080,SMIIO_CROSS_DOWN,SMIIO_CROSS_UP,2026-04-11T20:00:00,2026-04-12T16:00:00,short,73513,70983,100,0.1,7351.3,100.0,253.0,242.89,20402.76,0.24,2530,3.44,0,0.0,99476.6,8356034.4,99.48,735.13,0.1,10,5.0,0.01,0,0.0,10.11,73605
1081,SMIIO_CROSS_DOWN,SMIIO_CROSS_UP,2026-04-12T20:00:00,2026-04-13T00:00:00,short,70845,70799,100,0.1,7084.5,100.0,4.6,-5.51,-462.84,-0.01,46,0.06,0,0.0,99471.09,8355571.56,99.47,708.45,0.1,10,5.0,0.01,0,0.0,10.11,70937
1082,SMIIO_CROSS_DOWN,SMIIO_CROSS_UP,2026-04-13T04:00:00,2026-04-13T08:00:00,short,70845,70891,100,0.1,7084.5,100.0,-4.6,-14.71,-1235.64,-0.01,0,0.0,46,0.06,99456.38,8354335.92,99.46,708.45,0.1,10,5.0,0.01,0,0.0,10.11,70937
1083,SMIIO_CROSS_DOWN,SMIIO_CROSS_UP,2026-04-14T08:00:00,2026-04-14T12:00:00,short,74387,74571,100,0.1,7438.7,100.0,-18.4,-28.51,-2394.84,-0.03,0,0.0,184,0.25,99427.87,8351941.08,99.43,743.87,0.1,10,5.0,0.01,0,0.0,10.11,74479
1084,SMIIO_CROSS_DOWN,SMIIO_CROSS_UP,2026-04-14T16:00:00,2026-04-15T00:00:00,short,75215,74249,100,0.1,7521.5,100.0,96.6,86.49,7265.16,0.09,966,1.28,0,0.0,99514.36,8359206.24,99.51,752.15,0.1,10,5.0,0.01,0,0.0,10.11,75307
1085,SMIIO_CROSS_DOWN,SMIIO_CROSS_UP,2026-04-15T04:00:00,2026-04-15T08:00:00,short,74157,73789,100,0.1,7415.7,100.0,36.8,26.69,2241.96,0.03,368,0.5,0,0.0,99541.05,8361448.2,99.54,741.57,0.1,10,5.0,0.01,0,0.0,10.11,74249
1086,SMIIO_CROSS_DOWN,SMIIO_CROSS_UP,2026-04-15T12:00:00,2026-04-15T16:00:00,short,74111,73927,100,0.1,7411.1,100.0,18.4,8.29,696.36,0.01,184,0.25,0,0.0,99549.34,8362144.56,99.55,741.11,0.1,10,5.0,0.01,0,0.0,10.11,74203
1087,SMIIO_CROSS_DOWN,SMIIO_CROSS_UP,2026-04-15T20:00:00,2026-04-16T12:00:00,short,74893,74709,100,0.1,7489.3,100.0,18.4,8.29,696.36,0.01,184,0.25,0,0.0,99557.63,8362840.92,99.56,748.93,0.1,10,5.0,0.01,0,0.0,10.11,74985
1088,SMIIO_CROSS_DOWN,SMIIO_CROSS_UP,2026-04-16T20:00:00,2026-04-17T04:00:00,short,75215,74709,100,0.1,7521.5,100.0,50.6,40.49,3401.16,0.04,506,0.67,0,0.0,99598.12,8366242.08,99.6,752.15,0.1,10,5.0,0.01,0,0.0,10.11,75307
1089,SMIIO_CROSS_DOWN,SMIIO_CROSS_UP,2026-04-17T16:00:00,2026-04-19T08:00:00,short,77607,75307,100,0.1,7760.7,100.0,230.0,219.89,18470.76,0.22,2300,2.96,0,0.0,99818.01,8384712.84,99.82,776.07,0.1,10,5.0,0.01,0,0.0,10.11,77699
1090,SMIIO_CROSS_DOWN,SMIIO_CROSS_UP,2026-04-19T16:00:00,2026-04-20T00:00:00,short,75675,73881,100,0.1,7567.5,100.0,179.4,169.29,14220.36,0.17,1794,2.37,0,0.0,99987.3,8398933.2,99.99,756.75,0.1,10,5.0,0.01,0,0.0,10.11,75767
1091,SMIIO_CROSS_DOWN,SMIIO_CROSS_UP,2026-04-20T20:00:00,2026-04-21T04:00:00,short,76135,75767,100,0.1,7613.5,100.0,36.8,26.69,2241.96,0.03,368,0.48,0,0.0,100013.99,8401175.16,100.01,761.35,0.1,10,5.0,0.01,0,0.0,10.11,76227
1092,SMIIO_CROSS_DOWN,SMIIO_CROSS_UP,2026-04-21T12:00:00,2026-04-21T20:00:00,short,76273,75123,100,0.1,7627.3,100.0,115.0,104.89,8810.76,0.1,1150,1.51,0,0.0,100118.88,8409985.92,100.12,762.73,0.1,10,5.0,0.01,0,0.0,10.11,76365
1093,SMIIO_CROSS_DOWN,SMIIO_CROSS_UP,2026-04-22T16:00:00,2026-04-23T04:00:00,short,79125,77837,100,0.1,7912.5,100.0,128.8,118.69,9969.96,0.12,1288,1.63,0,0.0,100237.57,8419955.88,100.24,791.25,0.1,10,5.0,0.01,0,0.0,10.11,79217
1094,SMIIO_CROSS_DOWN,SMIIO_CROSS_UP,2026-04-23T08:00:00,2026-04-23T12:00:00,short,77837,77699,100,0.1,7783.7,100.0,13.8,3.69,309.96,0.0,138,0.18,0,0.0,100241.26,8420265.84,100.24,778.37,0.1,10,5.0,0.01,0,0.0,10.11,77929
1095,SMIIO_CROSS_DOWN,SMIIO_CROSS_UP,2026-04-23T16:00:00,2026-04-23T20:00:00,short,78251,77745,100,0.1,7825.1,100.0,50.6,40.49,3401.16,0.04,506,0.65,0,0.0,100281.75,8423667.0,100.28,782.51,0.1,10,5.0,0.01,0,0.0,10.11,78343
1096,SMIIO_CROSS_DOWN,SMIIO_CROSS_UP,2026-04-24T00:00:00,2026-04-24T08:00:00,short,78159,77745,100,0.1,7815.9,100.0,41.4,31.29,2628.36,0.03,414,0.53,0,0.0,100313.04,8426295.36,100.31,781.59,0.1,10,5.0,0.01,0,0.0,10.11,78251
1097,SMIIO_CROSS_DOWN,SMIIO_CROSS_UP,2026-04-24T12:00:00,2026-04-25T00:00:00,short,78113,77515,100,0.1,7811.3,100.0,59.8,49.69,4173.96,0.05,598,0.77,0,0.0,100362.73,8430469.32,100.36,781.13,0.1,10,5.0,0.01,0,0.0,10.11,78205
1098,SMIIO_CROSS_DOWN,SMIIO_CROSS_UP,2026-04-25T04:00:00,2026-04-25T08:00:00,short,77469,77515,100,0.1,7746.9,100.0,-4.6,-14.71,-1235.64,-0.01,0,0.0,46,0.06,100348.02,8429233.68,100.35,774.69,0.1,10,5.0,0.01,0,0.0,10.11,77561
1099,SMIIO_CROSS_DOWN,SMIIO_CROSS_UP,2026-04-25T12:00:00,2026-04-25T20:00:00,short,77515,77377,100,0.1,7751.5,100.0,13.8,3.69,309.96,0.0,138,0.18,0,0.0,100351.71,8429543.64,100.35,775.15,0.1,10,5.0,0.01,0,0.0,10.11,77607
1100,SMIIO_CROSS_DOWN,SMIIO_CROSS_UP,2026-04-26T00:00:00,2026-04-26T04:00:00,short,77469,77469,100,0.1,7746.9,100.0,0.0,-10.11,-849.24,-0.01,0,0.0,0,0.0,100341.6,8428694.4,100.34,774.69,0.1,10,5.0,0.01,0,0.0,10.11,77561
1101,SMIIO_CROSS_DOWN,SMIIO_CROSS_UP,2026-04-27T04:00:00,2026-04-27T08:00:00,short,78941,77607,100,0.1,7894.1,100.0,133.4,123.29,10356.36,0.12,1334,1.69,0,0.0,100464.89,8439050.76,100.46,789.41,0.1,10,5.0,0.01,0,0.0,10.11,79033
1102,SMIIO_CROSS_DOWN,SMIIO_CROSS_UP,2026-04-27T12:00:00,2026-04-27T16:00:00,short,77699,76825,100,0.1,7769.9,100.0,87.4,77.29,6492.36,0.08,874,1.12,0,0.0,100542.18,8445543.12,100.54,776.99,0.1,10,5.0,0.01,0,0.0,10.11,77791
1103,SMIIO_CROSS_DOWN,SMIIO_CROSS_UP,2026-04-28T00:00:00,2026-04-28T04:00:00,short,77239,76825,100,0.1,7723.9,100.0,41.4,31.29,2628.36,0.03,414,0.54,0,0.0,100573.47,8448171.48,100.57,772.39,0.1,10,5.0,0.01,0,0.0,10.11,77331
1104,SMIIO_CROSS_DOWN,SMIIO_CROSS_UP,2026-04-28T08:00:00,2026-04-28T16:00:00,short,76687,76135,100,0.1,7668.7,100.0,55.2,45.09,3787.56,0.05,552,0.72,0,0.0,100618.56,8451959.04,100.62,766.87,0.1,10,5.0,0.01,0,0.0,10.11,76779
1105,SMIIO_CROSS_DOWN,SMIIO_CROSS_UP,2026-04-29T12:00:00,2026-04-29T20:00:00,short,77423,75629,100,0.1,7742.3,100.0,179.4,169.29,14220.36,0.17,1794,2.32,0,0.0,100787.85,8466179.4,100.79,774.23,0.1,10,5.0,0.01,0,0.0,10.11,77515
1106,SMIIO_CROSS_DOWN,SMIIO_CROSS_UP,2026-04-30T20:00:00,2026-05-01T00:00:00,short,76319,76503,100,0.1,7631.9,100.0,-18.4,-28.51,-2394.84,-0.03,0,0.0,184,0.24,100759.34,8463784.56,100.76,763.19,0.1,10,5.0,0.01,0,0.0,10.11,76411
1107,SMIIO_CROSS_DOWN,SMIIO_CROSS_UP,2026-05-01T20:00:00,2026-05-02T00:00:00,short,78297,78343,100,0.1,7829.7,100.0,-4.6,-14.71,-1235.64,-0.01,0,0.0,46,0.06,100744.63,8462548.92,100.74,782.97,0.1,10,5.0,0.01,0,0.0,10.11,78389
1108,SMIIO_CROSS_DOWN,SMIIO_CROSS_UP,2026-05-02T04:00:00,2026-05-02T12:00:00,short,78297,78251,100,0.1,7829.7,100.0,4.6,-5.51,-462.84,-0.01,46,0.06,0,0.0,100739.12,8462086.08,100.74,782.97,0.1,10,5.0,0.01,0,0.0,10.11,78389
1109,SMIIO_CROSS_DOWN,SMIIO_CROSS_UP,2026-05-03T00:00:00,2026-05-03T04:00:00,short,78527,78251,100,0.1,7852.7,100.0,27.6,17.49,1469.16,0.02,276,0.35,0,0.0,100756.61,8463555.24,100.76,785.27,0.1,10,5.0,0.01,0,0.0,10.11,78619
1110,SMIIO_CROSS_DOWN,SMIIO_CROSS_UP,2026-05-03T20:00:00,2026-05-04T00:00:00,short,78619,78711,100,0.1,7861.9,100.0,-9.2,-19.31,-1622.04,-0.02,0,0.0,92,0.12,100737.3,8461933.2,100.74,786.19,0.1,10,5.0,0.01,0,0.0,10.11,78711
1111,SMIIO_CROSS_DOWN,SMIIO_CROSS_UP,2026-05-04T04:00:00,2026-05-04T12:00:00,short,80229,78849,100,0.1,8022.9,100.0,138.0,127.89,10742.76,0.13,1380,1.72,0,0.0,100865.19,8472675.96,100.87,802.29,0.1,10,5.0,0.01,0,0.0,10.11,80321
1112,SMIIO_CROSS_DOWN,SMIIO_CROSS_UP,2026-05-04T20:00:00,2026-05-05T00:00:00,short,79907,79999,100,0.1,7990.7,100.0,-9.2,-19.31,-1622.04,-0.02,0,0.0,92,0.12,100845.88,8471053.92,100.85,799.07,0.1,10,5.0,0.01,0,0.0,10.11,79999
1113,SMIIO_CROSS_DOWN,SMIIO_CROSS_UP,2026-05-05T20:00:00,2026-05-06T00:00:00,short,81425,80919,100,0.1,8142.5,100.0,50.6,40.49,3401.16,0.04,506,0.62,0,0.0,100886.37,8474455.08,100.89,814.25,0.1,10,5.0,0.01,0,0.0,10.11,81517
1114,SMIIO_CROSS_DOWN,SMIIO_CROSS_UP,2026-05-06T04:00:00,2026-05-06T08:00:00,short,81471,81425,100,0.1,8147.1,100.0,4.6,-5.51,-462.84,-0.01,46,0.06,0,0.0,100880.86,8473992.24,100.88,814.71,0.1,10,5.0,0.01,0,0.0,10.11,81563
1115,SMIIO_CROSS_DOWN,SMIIO_CROSS_UP,2026-05-06T12:00:00,2026-05-07T04:00:00,short,82437,80919,100,0.1,8243.7,100.0,151.8,141.69,11901.96,0.14,1518,1.84,0,0.0,101022.55,8485894.2,101.02,824.37,0.1,10,5.0,0.01,0,0.0,10.11,82529
1116,SMIIO_CROSS_DOWN,SMIIO_CROSS_UP,2026-05-07T08:00:00,2026-05-07T16:00:00,short,81425,79999,100,0.1,8142.5,100.0,142.6,132.49,11129.16,0.13,1426,1.75,0,0.0,101155.04,8497023.36,101.16,814.25,0.1,10,5.0,0.01,0,0.0,10.11,81517
1117,SMIIO_CROSS_DOWN,SMIIO_CROSS_UP,2026-05-07T20:00:00,2026-05-08T08:00:00,short,79953,79677,100,0.1,7995.3,100.0,27.6,17.49,1469.16,0.02,276,0.35,0,0.0,101172.53,8498492.52,101.17,799.53,0.1,10,5.0,0.01,0,0.0,10.11,80045
1118,SMIIO_CROSS_DOWN,SMIIO_CROSS_UP,2026-05-08T12:00:00,2026-05-09T00:00:00,short,80137,80275,100,0.1,8013.7,100.0,-13.8,-23.91,-2008.44,-0.02,0,0.0,138,0.17,101148.62,8496484.08,101.15,801.37,0.1,10,5.0,0.01,0,0.0,10.11,80229
1119,SMIIO_CROSS_DOWN,SMIIO_CROSS_UP,2026-05-09T04:00:00,2026-05-09T08:00:00,short,80275,80275,100,0.1,8027.5,100.0,0.0,-10.11,-849.24,-0.01,0,0.0,0,0.0,101138.51,8495634.84,101.14,802.75,0.1,10,5.0,0.01,0,0.0,10.11,80367
1120,SMIIO_CROSS_DOWN,SMIIO_CROSS_UP,2026-05-09T20:00:00,2026-05-10T00:00:00,short,80781,80781,100,0.1,8078.1,100.0,0.0,-10.11,-849.24,-0.01,0,0.0,0,0.0,101128.4,8494785.6,101.13,807.81,0.1,10,5.0,0.01,0,0.0,10.11,80873
1121,SMIIO_CROSS_DOWN,SMIIO_CROSS_UP,2026-05-11T00:00:00,2026-05-11T08:00:00,short,82069,80781,100,0.1,8206.9,100.0,128.8,118.69,9969.96,0.12,1288,1.57,0,0.0,101247.09,8504755.56,101.25,820.69,0.1,10,5.0,0.01,0,0.0,10.11,82161
1122,SMIIO_CROSS_DOWN,SMIIO_CROSS_UP,2026-05-11T20:00:00,2026-05-12T16:00:00,short,81793,80413,100,0.1,8179.3,100.0,138.0,127.89,10742.76,0.13,1380,1.69,0,0.0,101374.98,8515498.32,101.37,817.93,0.1,10,5.0,0.01,0,0.0,10.11,81885
1123,SMIIO_CROSS_DOWN,SMIIO_CROSS_UP,2026-05-12T20:00:00,2026-05-13T00:00:00,short,80735,80597,100,0.1,8073.5,100.0,13.8,3.69,309.96,0.0,138,0.17,0,0.0,101378.67,8515808.28,101.38,807.35,0.1,10,5.0,0.01,0,0.0,10.11,80827
1124,SMIIO_CROSS_DOWN,SMIIO_CROSS_UP,2026-05-13T04:00:00,2026-05-13T16:00:00,short,81149,78895,100,0.1,8114.9,100.0,225.4,215.29,18084.36,0.22,2254,2.78,0,0.0,101593.96,8533892.64,101.59,811.49,0.1,10,5.0,0.01,0,0.0,10.11,81241
1125,SMIIO_CROSS_DOWN,SMIIO_CROSS_UP,2026-05-13T20:00:00,2026-05-14T04:00:00,short,79539,79125,100,0.1,7953.9,100.0,41.4,31.29,2628.36,0.03,414,0.52,0,0.0,101625.25,8536521.0,101.63,795.39,0.1,10,5.0,0.01,0,0.0,10.11,79631
1126,SMIIO_CROSS_DOWN,SMIIO_CROSS_UP,2026-05-14T08:00:00,2026-05-14T12:00:00,short,79631,79263,100,0.1,7963.1,100.0,36.8,26.69,2241.96,0.03,368,0.46,0,0.0,101651.94,8538762.96,101.65,796.31,0.1,10,5.0,0.01,0,0.0,10.11,79723
1127,SMIIO_CROSS_DOWN,SMIIO_CROSS_UP,2026-05-14T20:00:00,2026-05-16T12:00:00,short,81241,78159,100,0.1,8124.1,100.0,308.2,298.09,25039.56,0.3,3082,3.79,0,0.0,101950.03,8563802.52,101.95,812.41,0.1,10,5.0,0.01,0,0.0,10.11,81333
1128,SMIIO_CROSS_DOWN,SMIIO_CROSS_UP,2026-05-17T12:00:00,2026-05-17T16:00:00,short,78205,78113,100,0.1,7820.5,100.0,9.2,-0.91,-76.44,-0.0,92,0.12,0,0.0,101949.12,8563726.08,101.95,782.05,0.1,10,5.0,0.01,0,0.0,10.11,78297
1129,SMIIO_CROSS_DOWN,SMIIO_CROSS_UP,2026-05-17T20:00:00,2026-05-18T04:00:00,short,78297,77009,100,0.1,7829.7,100.0,128.8,118.69,9969.96,0.12,1288,1.65,0,0.0,102067.81,8573696.04,102.07,782.97,0.1,10,5.0,0.01,0,0.0,10.11,78389
1130,SMIIO_CROSS_DOWN,SMIIO_CROSS_UP,2026-05-18T12:00:00,2026-05-18T16:00:00,short,77101,76457,100,0.1,7710.1,100.0,64.4,54.29,4560.36,0.05,644,0.84,0,0.0,102122.1,8578256.4,102.12,771.01,0.1,10,5.0,0.01,0,0.0,10.11,77193
1131,SMIIO_CROSS_DOWN,SMIIO_CROSS_UP,2026-05-19T00:00:00,2026-05-19T04:00:00,short,76871,76917,100,0.1,7687.1,100.0,-4.6,-14.71,-1235.64,-0.01,0,0.0,46,0.06,102107.39,8577020.76,102.11,768.71,0.1,10,5.0,0.01,0,0.0,10.11,76963
1132,SMIIO_CROSS_DOWN,SMIIO_CROSS_UP,2026-05-19T08:00:00,2026-05-19T16:00:00,short,77147,76595,100,0.1,7714.7,100.0,55.2,45.09,3787.56,0.05,552,0.72,0,0.0,102152.48,8580808.32,102.15,771.47,0.1,10,5.0,0.01,0,0.0,10.11,77239
1133,SMIIO_CROSS_DOWN,SMIIO_CROSS_UP,2026-05-20T00:00:00,2026-05-20T04:00:00,short,76687,76779,100,0.1,7668.7,100.0,-9.2,-19.31,-1622.04,-0.02,0,0.0,92,0.12,102133.17,8579186.28,102.13,766.87,0.1,10,5.0,0.01,0,0.0,10.11,76779
1134,SMIIO_CROSS_DOWN,SMIIO_CROSS_UP,2026-05-20T20:00:00,2026-05-21T00:00:00,short,77515,77699,100,0.1,7751.5,100.0,-18.4,-28.51,-2394.84,-0.03,0,0.0,184,0.24,102104.66,8576791.44,102.1,775.15,0.1,10,5.0,0.01,0,0.0,10.11,77607
1135,SMIIO_CROSS_DOWN,SMIIO_CROSS_UP,2026-05-21T04:00:00,2026-05-21T16:00:00,short,77975,77285,100,0.1,7797.5,100.0,69.0,58.89,4946.76,0.06,690,0.88,0,0.0,102163.55,8581738.2,102.16,779.75,0.1,10,5.0,0.01,0,0.0,10.11,78067
1136,SMIIO_CROSS_DOWN,SMIIO_CROSS_UP,2026-05-21T20:00:00,2026-05-22T00:00:00,short,77607,77745,100,0.1,7760.7,100.0,-13.8,-23.91,-2008.44,-0.02,0,0.0,138,0.18,102139.64,8579729.76,102.14,776.07,0.1,10,5.0,0.01,0,0.0,10.11,77699
1137,SMIIO_CROSS_DOWN,SMIIO_CROSS_UP,2026-05-22T04:00:00,2026-05-23T08:00:00,short,77653,74709,100,0.1,7765.3,100.0,294.4,284.29,23880.36,0.28,2944,3.79,0,0.0,102423.93,8603610.12,102.42,776.53,0.1,10,5.0,0.01,0,0.0,10.11,77745
1138,SMIIO_CROSS_DOWN,SMIIO_CROSS_UP,2026-05-24T12:00:00,2026-05-24T16:00:00,short,77193,76411,100,0.1,7719.3,100.0,78.2,68.09,5719.56,0.07,782,1.01,0,0.0,102492.02,8609329.68,102.49,771.93,0.1,10,5.0,0.01,0,0.0,10.11,77285
1139,SMIIO_CROSS_DOWN,SMIIO_CROSS_UP,2026-05-25T16:00:00,2026-05-26T08:00:00,short,77469,76733,100,0.1,7746.9,100.0,73.6,63.49,5333.16,0.06,736,0.95,0,0.0,102555.51,8614662.84,102.56,774.69,0.1,10,5.0,0.01,0,0.0,10.11,77561
1140,SMIIO_CROSS_DOWN,SMIIO_CROSS_UP,2026-05-26T12:00:00,2026-05-27T04:00:00,short,77101,75767,100,0.1,7710.1,100.0,133.4,123.29,10356.36,0.12,1334,1.73,0,0.0,102678.8,8625019.2,102.68,771.01,0.1,10,5.0,0.01,0,0.0,10.11,77193
1141,SMIIO_CROSS_DOWN,SMIIO_CROSS_UP,2026-05-27T08:00:00,2026-05-28T04:00:00,short,75767,73329,100,0.1,7576.7,100.0,243.8,233.69,19629.96,0.23,2438,3.22,0,0.0,102912.49,8644649.16,102.91,757.67,0.1,10,5.0,0.01,0,0.0,10.11,75859
1142,SMIIO_CROSS_DOWN,SMIIO_CROSS_UP,2026-05-28T12:00:00,2026-05-28T16:00:00,short,73329,72961,100,0.1,7332.9,100.0,36.8,26.69,2241.96,0.03,368,0.5,0,0.0,102939.18,8646891.12,102.94,733.29,0.1,10,5.0,0.01,0,0.0,10.11,73421
1143,SMIIO_CROSS_DOWN,SMIIO_CROSS_UP,2026-05-29T00:00:00,2026-05-29T04:00:00,short,73467,73375,100,0.1,7346.7,100.0,9.2,-0.91,-76.44,-0.0,92,0.13,0,0.0,102938.27,8646814.68,102.94,734.67,0.1,10,5.0,0.01,0,0.0,10.11,73559
1144,SMIIO_CROSS_DOWN,SMIIO_CROSS_UP,2026-05-29T16:00:00,2026-05-30T08:00:00,short,73651,73605,100,0.1,7365.1,100.0,4.6,-5.51,-462.84,-0.01,46,0.06,0,0.0,102932.76,8646351.84,102.93,736.51,0.1,10,5.0,0.01,0,0.0,10.11,73743
1145,SMIIO_CROSS_DOWN,SMIIO_CROSS_UP,2026-05-30T20:00:00,2026-05-31T00:00:00,short,73881,74019,100,0.1,7388.1,100.0,-13.8,-23.91,-2008.44,-0.02,0,0.0,138,0.19,102908.85,8644343.4,102.91,738.81,0.1,10,5.0,0.01,0,0.0,10.11,73973
1146,SMIIO_CROSS_DOWN,SMIIO_CROSS_UP,2026-05-31T04:00:00,2026-05-31T08:00:00,short,74065,73973,100,0.1,7406.5,100.0,9.2,-0.91,-76.44,-0.0,92,0.12,0,0.0,102907.94,8644266.96,102.91,740.65,0.1,10,5.0,0.01,0,0.0,10.11,74157
1147,SMIIO_CROSS_DOWN,SMIIO_CROSS_UP,2026-05-31T12:00:00,2026-05-31T20:00:00,short,73881,73651,100,0.1,7388.1,100.0,23.0,12.89,1082.76,0.01,230,0.31,0,0.0,102920.83,8645349.72,102.92,738.81,0.1,10,5.0,0.01,0,0.0,10.11,73973
1148,SMIIO_CROSS_DOWN,SMIIO_CROSS_UP,2026-06-01T04:00:00,2026-06-01T16:00:00,short,73513,71213,100,0.1,7351.3,100.0,230.0,219.89,18470.76,0.22,2300,3.13,0,0.0,103140.72,8663820.48,103.14,735.13,0.1,10,5.0,0.01,0,0.0,10.11,73605
1149,SMIIO_CROSS_DOWN,SMIIO_CROSS_UP,2026-06-01T20:00:00,2026-06-03T04:00:00,short,71443,65923,100,0.1,7144.3,100.0,552.0,541.89,45518.76,0.54,5520,7.73,0,0.0,103682.61,8709339.24,103.68,714.43,0.1,10,5.0,0.01,0,0.0,10.11,71535
1150,SMIIO_CROSS_DOWN,SMIIO_CROSS_UP,2026-06-03T08:00:00,2026-06-04T00:00:00,short,67119,64221,100,0.1,6711.9,100.0,289.8,279.69,23493.96,0.28,2898,4.32,0,0.0,103962.3,8732833.2,103.96,671.19,0.1,10,5.0,0.01,0,0.0,10.11,67211
1151,SMIIO_CROSS_DOWN,SMIIO_CROSS_UP,2026-06-04T04:00:00,2026-06-04T12:00:00,short,64175,62657,100,0.1,6417.5,100.0,151.8,141.69,11901.96,0.14,1518,2.37,0,0.0,104103.99,8744735.16,104.1,641.75,0.1,10,5.0,0.01,0,0.0,10.11,64267
1152,SMIIO_CROSS_DOWN,SMIIO_CROSS_UP,2026-06-04T16:00:00,2026-06-04T20:00:00,short,63807,63715,100,0.1,6380.7,100.0,9.2,-0.91,-76.44,-0.0,92,0.14,0,0.0,104103.08,8744658.72,104.1,638.07,0.1,10,5.0,0.01,0,0.0,10.11,63899
1153,SMIIO_CROSS_DOWN,SMIIO_CROSS_UP,2026-06-05T00:00:00,2026-06-05T04:00:00,short,63807,62795,100,0.1,6380.7,100.0,101.2,91.09,7651.56,0.09,1012,1.59,0,0.0,104194.17,8752310.28,104.19,638.07,0.1,10,5.0,0.01,0,0.0,10.11,63899
1154,SMIIO_CROSS_DOWN,SMIIO_CROSS_UP,2026-06-05T08:00:00,2026-06-05T20:00:00,short,62979,60403,100,0.1,6297.9,100.0,257.6,247.49,20789.16,0.25,2576,4.09,0,0.0,104441.66,8773099.44,104.44,629.79,0.1,10,5.0,0.01,0,0.0,10.11,63071
1155,SMIIO_CROSS_DOWN,SMIIO_CROSS_UP,2026-06-06T00:00:00,2026-06-06T04:00:00,short,60955,60771,100,0.1,6095.5,100.0,18.4,8.29,696.36,0.01,184,0.3,0,0.0,104449.95,8773795.8,104.45,609.55,0.1,10,5.0,0.01,0,0.0,10.11,61047
1156,SMIIO_CROSS_DOWN,SMIIO_CROSS_UP,2026-06-06T08:00:00,2026-06-06T20:00:00,short,60863,60679,100,0.1,6086.3,100.0,18.4,8.29,696.36,0.01,184,0.3,0,0.0,104458.24,8774492.16,104.46,608.63,0.1,10,5.0,0.01,0,0.0,10.11,60955
1157,SMIIO_CROSS_DOWN,SMIIO_CROSS_UP,2026-06-07T12:00:00,2026-06-07T20:00:00,short,62473,61415,100,0.1,6247.3,100.0,105.8,95.69,8037.96,0.1,1058,1.69,0,0.0,104553.93,8782530.12,104.55,624.73,0.1,10,5.0,0.01,0,0.0,10.11,62565
1158,SMIIO_CROSS_DOWN,SMIIO_CROSS_UP,2026-06-08T00:00:00,2026-06-08T04:00:00,short,63255,63255,100,0.1,6325.5,100.0,0.0,-10.11,-849.24,-0.01,0,0.0,0,0.0,104543.82,8781680.88,104.54,632.55,0.1,10,5.0,0.01,0,0.0,10.11,63347
1159,SMIIO_CROSS_DOWN,SMIIO_CROSS_UP,2026-06-08T16:00:00,2026-06-09T04:00:00,short,63623,62979,100,0.1,6362.3,100.0,64.4,54.29,4560.36,0.05,644,1.01,0,0.0,104598.11,8786241.24,104.6,636.23,0.1,10,5.0,0.01,0,0.0,10.11,63715
1160,SMIIO_CROSS_DOWN,SMIIO_CROSS_UP,2026-06-09T08:00:00,2026-06-09T16:00:00,short,63071,61231,100,0.1,6307.1,100.0,184.0,173.89,14606.76,0.17,1840,2.92,0,0.0,104772.0,8800848.0,104.77,630.71,0.1,10,5.0,0.01,0,0.0,10.11,63163
1161,SMIIO_CROSS_DOWN,SMIIO_CROSS_UP,2026-06-09T20:00:00,2026-06-10T04:00:00,short,62013,61645,100,0.1,6201.3,100.0,36.8,26.69,2241.96,0.03,368,0.59,0,0.0,104798.69,8803089.96,104.8,620.13,0.1,10,5.0,0.01,0,0.0,10.11,62105
1162,SMIIO_CROSS_DOWN,SMIIO_CROSS_UP,2026-06-10T08:00:00,2026-06-10T12:00:00,short,61507,61093,100,0.1,6150.7,100.0,41.4,31.29,2628.36,0.03,414,0.67,0,0.0,104829.98,8805718.32,104.83,615.07,0.1,10,5.0,0.01,0,0.0,10.11,61599
1163,SMIIO_CROSS_DOWN,SMIIO_CROSS_UP,2026-06-10T16:00:00,2026-06-11T00:00:00,short,62519,61599,100,0.1,6251.9,100.0,92.0,81.89,6878.76,0.08,920,1.47,0,0.0,104911.87,8812597.08,104.91,625.19,0.1,10,5.0,0.01,0,0.0,10.11,62611
1164,SMIIO_CROSS_DOWN,SMIIO_CROSS_UP,2026-06-11T12:00:00,2026-06-11T16:00:00,short,62979,62841,100,0.1,6297.9,100.0,13.8,3.69,309.96,0.0,138,0.22,0,0.0,104915.56,8812907.04,104.92,629.79,0.1,10,5.0,0.01,0,0.0,10.11,63071
1165,SMIIO_CROSS_DOWN,SMIIO_CROSS_UP,2026-06-12T04:00:00,2026-06-12T08:00:00,short,63485,63163,100,0.1,6348.5,100.0,32.2,22.09,1855.56,0.02,322,0.51,0,0.0,104937.65,8814762.6,104.94,634.85,0.1,10,5.0,0.01,0,0.0,10.11,63577
1166,SMIIO_CROSS_DOWN,SMIIO_CROSS_UP,2026-06-12T12:00:00,2026-06-13T04:00:00,short,63669,63715,100,0.1,6366.9,100.0,-4.6,-14.71,-1235.64,-0.01,0,0.0,46,0.07,104922.94,8813526.96,104.92,636.69,0.1,10,5.0,0.01,0,0.0,10.11,63761
1167,SMIIO_CROSS_DOWN,SMIIO_CROSS_UP,2026-06-14T04:00:00,2026-06-14T20:00:00,short,64405,63899,100,0.1,6440.5,100.0,50.6,40.49,3401.16,0.04,506,0.79,0,0.0,104963.43,8816928.12,104.96,644.05,0.1,10,5.0,0.01,0,0.0,10.11,64497
1168,SMIIO_CROSS_DOWN,SMIIO_CROSS_UP,2026-06-15T04:00:00,2026-06-15T08:00:00,short,65785,65831,100,0.1,6578.5,100.0,-4.6,-14.71,-1235.64,-0.01,0,0.0,46,0.07,104948.72,8815692.48,104.95,657.85,0.1,10,5.0,0.01,0,0.0,10.11,65877
1169,SMIIO_CROSS_DOWN,SMIIO_CROSS_UP,2026-06-15T16:00:00,2026-06-16T04:00:00,short,67119,66245,100,0.1,6711.9,100.0,87.4,77.29,6492.36,0.08,874,1.3,0,0.0,105026.01,8822184.84,105.03,671.19,0.1,10,5.0,0.01,0,0.0,10.11,67211
1170,SMIIO_CROSS_DOWN,SMIIO_CROSS_UP,2026-06-16T12:00:00,2026-06-17T00:00:00,short,66245,65785,100,0.1,6624.5,100.0,46.0,35.89,3014.76,0.04,460,0.69,0,0.0,105061.9,8825199.6,105.06,662.45,0.1,10,5.0,0.01,0,0.0,10.11,66337
1171,SMIIO_CROSS_DOWN,SMIIO_CROSS_UP,2026-06-17T04:00:00,2026-06-17T12:00:00,short,65601,64911,100,0.1,6560.1,100.0,69.0,58.89,4946.76,0.06,690,1.05,0,0.0,105120.79,8830146.36,105.12,656.01,0.1,10,5.0,0.01,0,0.0,10.11,65693
1172,SMIIO_CROSS_DOWN,SMIIO_CROSS_UP,2026-06-17T16:00:00,2026-06-17T20:00:00,short,65647,64359,100,0.1,6564.7,100.0,128.8,118.69,9969.96,0.12,1288,1.96,0,0.0,105239.48,8840116.32,105.24,656.47,0.1,10,5.0,0.01,0,0.0,10.11,65739
1173,SMIIO_CROSS_DOWN,SMIIO_CROSS_UP,2026-06-18T00:00:00,2026-06-18T04:00:00,short,64313,64313,100,0.1,6431.3,100.0,0.0,-10.11,-849.24,-0.01,0,0.0,0,0.0,105229.37,8839267.08,105.23,643.13,0.1,10,5.0,0.01,0,0.0,10.11,64405
1174,SMIIO_CROSS_DOWN,SMIIO_CROSS_UP,2026-06-18T08:00:00,2026-06-18T16:00:00,short,64359,62473,100,0.1,6435.9,100.0,188.6,178.49,14993.16,0.18,1886,2.93,0,0.0,105407.86,8854260.24,105.41,643.59,0.1,10,5.0,0.01,0,0.0,10.11,64451
1175,SMIIO_CROSS_DOWN,SMIIO_CROSS_UP,2026-06-19T00:00:00,2026-06-19T12:00:00,short,62841,62749,100,0.1,6284.1,100.0,9.2,-0.91,-76.44,-0.0,92,0.15,0,0.0,105406.95,8854183.8,105.41,628.41,0.1,10,5.0,0.01,0,0.0,10.11,62933
1176,SMIIO_CROSS_DOWN,SMIIO_CROSS_UP,2026-06-19T16:00:00,2026-06-19T20:00:00,short,63117,63163,100,0.1,6311.7,100.0,-4.6,-14.71,-1235.64,-0.01,0,0.0,46,0.07,105392.24,8852948.16,105.39,631.17,0.1,10,5.0,0.01,0,0.0,10.11,63209
1177,SMIIO_CROSS_DOWN,SMIIO_CROSS_UP,2026-06-20T16:00:00,2026-06-20T20:00:00,short,64037,64083,100,0.1,6403.7,100.0,-4.6,-14.71,-1235.64,-0.01,0,0.0,46,0.07,105377.53,8851712.52,105.38,640.37,0.1,10,5.0,0.01,0,0.0,10.11,64129
1178,SMIIO_CROSS_DOWN,SMIIO_CROSS_UP,2026-06-21T04:00:00,2026-06-22T00:00:00,short,64313,63393,100,0.1,6431.3,100.0,92.0,81.89,6878.76,0.08,920,1.43,0,0.0,105459.42,8858591.28,105.46,643.13,0.1,10,5.0,0.01,0,0.0,10.11,64405
1179,SMIIO_CROSS_DOWN,SMIIO_CROSS_UP,2026-06-22T16:00:00,2026-06-23T20:00:00,short,64681,62473,100,0.1,6468.1,100.0,220.8,210.69,17697.96,0.21,2208,3.41,0,0.0,105670.11,8876289.24,105.67,646.81,0.1,10,5.0,0.01,0,0.0,10.11,64773
1180,SMIIO_CROSS_DOWN,SMIIO_CROSS_UP,2026-06-24T04:00:00,2026-06-24T08:00:00,short,62611,62703,100,0.1,6261.1,100.0,-9.2,-19.31,-1622.04,-0.02,0,0.0,92,0.15,105650.8,8874667.2,105.65,626.11,0.1,10,5.0,0.01,0,0.0,10.11,62703
1181,SMIIO_CROSS_DOWN,SMIIO_CROSS_UP,2026-06-24T12:00:00,2026-06-24T20:00:00,short,62841,60035,100,0.1,6284.1,100.0,280.6,270.49,22721.16,0.27,2806,4.47,0,0.0,105921.29,8897388.36,105.92,628.41,0.1,10,5.0,0.01,0,0.0,10.11,62933
1182,SMIIO_CROSS_DOWN,SMIIO_CROSS_UP,2026-06-25T00:00:00,2026-06-25T04:00:00,short,61001,61001,100,0.1,6100.1,100.0,0.0,-10.11,-849.24,-0.01,0,0.0,0,0.0,105911.18,8896539.12,105.91,610.01,0.1,10,5.0,0.01,0,0.0,10.11,61093
1183,SMIIO_CROSS_DOWN,SMIIO_CROSS_UP,2026-06-25T08:00:00,2026-06-25T20:00:00,short,61829,59437,100,0.1,6182.9,100.0,239.2,229.09,19243.56,0.23,2392,3.87,0,0.0,106140.27,8915782.68,106.14,618.29,0.1,10,5.0,0.01,0,0.0,10.11,61921
1184,SMIIO_CROSS_DOWN,SMIIO_CROSS_UP,2026-06-26T08:00:00,2026-06-26T12:00:00,short,60403,59483,100,0.1,6040.3,100.0,92.0,81.89,6878.76,0.08,920,1.52,0,0.0,106222.16,8922661.44,106.22,604.03,0.1,10,5.0,0.01,0,0.0,10.11,60495
1185,SMIIO_CROSS_DOWN,SMIIO_CROSS_UP,2026-06-26T16:00:00,2026-06-26T20:00:00,short,60219,59805,100,0.1,6021.9,100.0,41.4,31.29,2628.36,0.03,414,0.69,0,0.0,106253.45,8925289.8,106.25,602.19,0.1,10,5.0,0.01,0,0.0,10.11,60311
1186,SMIIO_CROSS_DOWN,SMIIO_CROSS_UP,2026-06-27T08:00:00,2026-06-27T12:00:00,short,60403,60495,100,0.1,6040.3,100.0,-9.2,-19.31,-1622.04,-0.02,0,0.0,92,0.15,106234.14,8923667.76,106.23,604.03,0.1,10,5.0,0.01,0,0.0,10.11,60495
1187,SMIIO_CROSS_DOWN,SMIIO_CROSS_UP,2026-06-27T16:00:00,2026-06-28T00:00:00,short,60771,60127,100,0.1,6077.1,100.0,64.4,54.29,4560.36,0.05,644,1.06,0,0.0,106288.43,8928228.12,106.29,607.71,0.1,10,5.0,0.01,0,0.0,10.11,60863
1188,SMIIO_CROSS_DOWN,SMIIO_CROSS_UP,2026-06-28T12:00:00,2026-06-29T00:00:00,short,60127,59575,100,0.1,6012.7,100.0,55.2,45.09,3787.56,0.05,552,0.92,0,0.0,106333.52,8932015.68,106.33,601.27,0.1,10,5.0,0.01,0,0.0,10.11,60219
1189,SMIIO_CROSS_DOWN,SMIIO_CROSS_UP,2026-06-29T08:00:00,2026-06-29T16:00:00,short,59943,60035,100,0.1,5994.3,100.0,-9.2,-19.31,-1622.04,-0.02,0,0.0,92,0.15,106314.21,8930393.64,106.31,599.43,0.1,10,5.0,0.01,0,0.0,10.11,60035
1190,SMIIO_CROSS_DOWN,SMIIO_CROSS_UP,2026-06-29T20:00:00,2026-06-30T16:00:00,short,60357,58471,100,0.1,6035.7,100.0,188.6,178.49,14993.16,0.18,1886,3.12,0,0.0,106492.7,8945386.8,106.49,603.57,0.1,10,5.0,0.01,0,0.0,10.11,60449
1191,SMIIO_CROSS_DOWN,SMIIO_CROSS_UP,2026-06-30T20:00:00,2026-07-01T00:00:00,short,58701,58747,100,0.1,5870.1,100.0,-4.6,-14.71,-1235.64,-0.01,0,0.0,46,0.08,106477.99,8944151.16,106.48,587.01,0.1,10,5.0,0.01,0,0.0,10.11,58793
1192,SMIIO_CROSS_DOWN,SMIIO_CROSS_UP,2026-07-01T04:00:00,2026-07-01T12:00:00,short,59115,58701,100,0.1,5911.5,100.0,41.4,31.29,2628.36,0.03,414,0.7,0,0.0,106509.28,8946779.52,106.51,591.15,0.1,10,5.0,0.01,0,0.0,10.11,59207
1193,SMIIO_CROSS_DOWN,SMIIO_CROSS_UP,2026-07-01T16:00:00,2026-07-02T00:00:00,short,60035,60219,100,0.1,6003.5,100.0,-18.4,-28.51,-2394.84,-0.03,0,0.0,184,0.31,106480.77,8944384.68,106.48,600.35,0.1,10,5.0,0.01,0,0.0,10.11,60127
1194,SMIIO_CROSS_DOWN,SMIIO_CROSS_UP,2026-07-02T04:00:00,2026-07-02T08:00:00,short,60955,60219,100,0.1,6095.5,100.0,73.6,63.49,5333.16,0.06,736,1.21,0,0.0,106544.26,8949717.84,106.54,609.55,0.1,10,5.0,0.01,0,0.0,10.11,61047
1195,SMIIO_CROSS_DOWN,SMIIO_CROSS_UP,2026-07-02T16:00:00,2026-07-03T04:00:00,short,61461,61553,100,0.1,6146.1,100.0,-9.2,-19.31,-1622.04,-0.02,0,0.0,92,0.15,106524.95,8948095.8,106.52,614.61,0.1,10,5.0,0.01,0,0.0,10.11,61553
1196,SMIIO_CROSS_DOWN,SMIIO_CROSS_UP,2026-07-04T08:00:00,2026-07-04T12:00:00,short,62519,62657,100,0.1,6251.9,100.0,-13.8,-23.91,-2008.44,-0.02,0,0.0,138,0.22,106501.04,8946087.36,106.5,625.19,0.1,10,5.0,0.01,0,0.0,10.11,62611
1197,SMIIO_CROSS_DOWN,SMIIO_CROSS_UP,2026-07-04T20:00:00,2026-07-05T04:00:00,short,63163,62841,100,0.1,6316.3,100.0,32.2,22.09,1855.56,0.02,322,0.51,0,0.0,106523.13,8947942.92,106.52,631.63,0.1,10,5.0,0.01,0,0.0,10.11,63255
1198,SMIIO_CROSS_DOWN,SMIIO_CROSS_UP,2026-07-05T08:00:00,2026-07-05T12:00:00,short,62887,62703,100,0.1,6288.7,100.0,18.4,8.29,696.36,0.01,184,0.29,0,0.0,106531.42,8948639.28,106.53,628.87,0.1,10,5.0,0.01,0,0.0,10.11,62979
1199,SMIIO_CROSS_DOWN,SMIIO_CROSS_UP,2026-07-06T00:00:00,2026-07-06T12:00:00,short,63531,62611,100,0.1,6353.1,100.0,92.0,81.89,6878.76,0.08,920,1.45,0,0.0,106613.31,8955518.04,106.61,635.31,0.1,10,5.0,0.01,0,0.0,10.11,63623
1200,SMIIO_CROSS_DOWN,SMIIO_CROSS_UP,2026-07-07T00:00:00,2026-07-07T08:00:00,short,63899,63163,100,0.1,6389.9,100.0,73.6,63.49,5333.16,0.06,736,1.15,0,0.0,106676.8,8960851.2,106.68,638.99,0.1,10,5.0,0.01,0,0.0,10.11,63991
1201,SMIIO_CROSS_DOWN,SMIIO_CROSS_UP,2026-07-07T16:00:00,2026-07-08T04:00:00,short,63807,62841,100,0.1,6380.7,100.0,96.6,86.49,7265.16,0.09,966,1.51,0,0.0,106763.29,8968116.36,106.76,638.07,0.1,10,5.0,0.01,0,0.0,10.11,63899
1202,SMIIO_CROSS_DOWN,SMIIO_CROSS_UP,2026-07-08T08:00:00,2026-07-08T16:00:00,short,62657,61783,100,0.1,6265.7,100.0,87.4,77.29,6492.36,0.08,874,1.39,0,0.0,106840.58,8974608.72,106.84,626.57,0.1,10,5.0,0.01,0,0.0,10.11,62749
1203,SMIIO_CROSS_DOWN,SMIIO_CROSS_UP,2026-07-09T00:00:00,2026-07-09T04:00:00,short,62197,62059,100,0.1,6219.7,100.0,13.8,3.69,309.96,0.0,138,0.22,0,0.0,106844.27,8974918.68,106.84,621.97,0.1,10,5.0,0.01,0,0.0,10.11,62289
1204,SMIIO_CROSS_DOWN,SMIIO_CROSS_UP,2026-07-09T08:00:00,2026-07-09T16:00:00,short,62933,62933,100,0.1,6293.3,100.0,0.0,-10.11,-849.24,-0.01,0,0.0,0,0.0,106834.16,8974069.44,106.83,629.33,0.1,10,5.0,0.01,0,0.0,10.11,63025
1205,SMIIO_CROSS_DOWN,SMIIO_CROSS_UP,2026-07-10T12:00:00,2026-07-10T20:00:00,short,64267,64083,100,0.1,6426.7,100.0,18.4,8.29,696.36,0.01,184,0.29,0,0.0,106842.45,8974765.8,106.84,642.67,0.1,10,5.0,0.01,0,0.0,10.11,64359
1206,SMIIO_CROSS_DOWN,SMIIO_CROSS_UP,2026-07-11T20:00:00,2026-07-12T00:00:00,short,64129,63853,100,0.1,6412.9,100.0,27.6,17.49,1469.16,0.02,276,0.43,0,0.0,106859.94,8976234.96,106.86,641.29,0.1,10,5.0,0.01,0,0.0,10.11,64221
1207,SMIIO_CROSS_DOWN,SMIIO_CROSS_UP,2026-07-12T04:00:00,2026-07-12T08:00:00,short,64129,63991,100,0.1,6412.9,100.0,13.8,3.69,309.96,0.0,138,0.22,0,0.0,106863.63,8976544.92,106.86,641.29,0.1,10,5.0,0.01,0,0.0,10.11,64221
1208,SMIIO_CROSS_DOWN,SMIIO_CROSS_UP,2026-07-12T20:00:00,2026-07-13T04:00:00,short,64037,62887,100,0.1,6403.7,100.0,115.0,104.89,8810.76,0.1,1150,1.8,0,0.0,106968.52,8985355.68,106.97,640.37,0.1,10,5.0,0.01,0,0.0,10.11,64129
1209,SMIIO_CROSS_DOWN,SMIIO_CROSS_UP,2026-07-13T12:00:00,2026-07-14T00:00:00,short,62749,62381,100,0.1,6274.9,100.0,36.8,26.69,2241.96,0.03,368,0.59,0,0.0,106995.21,8987597.64,107.0,627.49,0.1,10,5.0,0.01,0,0.0,10.11,62841
1210,SMIIO_CROSS_DOWN,SMIIO_CROSS_UP,2026-07-14T16:00:00,2026-07-14T20:00:00,short,64635,64773,100,0.1,6463.5,100.0,-13.8,-23.91,-2008.44,-0.02,0,0.0,138,0.21,106971.3,8985589.2,106.97,646.35,0.1,10,5.0,0.01,0,0.0,10.11,64727
1211,SMIIO_CROSS_DOWN,SMIIO_CROSS_UP,2026-07-15T00:00:00,2026-07-15T08:00:00,short,64957,64635,100,0.1,6495.7,100.0,32.2,22.09,1855.56,0.02,322,0.5,0,0.0,106993.39,8987444.76,106.99,649.57,0.1,10,5.0,0.01,0,0.0,10.11,65049
1212,SMIIO_CROSS_DOWN,SMIIO_CROSS_UP,2026-07-15T16:00:00,2026-07-16T12:00:00,short,65279,64313,100,0.1,6527.9,100.0,96.6,86.49,7265.16,0.09,966,1.48,0,0.0,107079.88,8994709.92,107.08,652.79,0.1,10,5.0,0.01,0,0.0,10.11,65371
1213,SMIIO_CROSS_DOWN,SMIIO_CROSS_UP,2026-07-16T16:00:00,2026-07-17T08:00:00,short,64635,62933,100,0.1,6463.5,100.0,170.2,160.09,13447.56,0.16,1702,2.63,0,0.0,107239.97,9008157.48,107.24,646.35,0.1,10,5.0,0.01,0,0.0,10.11,64727
1214,SMIIO_CROSS_DOWN,SMIIO_CROSS_UP,2026-07-17T20:00:00,2026-07-18T12:00:00,short,64037,64083,100,0.1,6403.7,100.0,-4.6,-14.71,-1235.64,-0.01,0,0.0,46,0.07,107225.26,9006921.84,107.23,640.37,0.1,10,5.0,0.01,0,0.0,10.11,64129
1215,SMIIO_CROSS_DOWN,SMIIO_CROSS_UP,2026-07-19T08:00:00,2026-07-19T12:00:00,short,64681,64589,100,0.1,6468.1,100.0,9.2,-0.91,-76.44,-0.0,92,0.14,0,0.0,107224.35,9006845.4,107.22,646.81,0.1,10,5.0,0.01,0,0.0,10.11,64773
1216,SMIIO_CROSS_DOWN,SMIIO_CROSS_UP,2026-07-19T16:00:00,2026-07-19T20:00:00,short,64497,64497,100,0.1,6449.7,100.0,0.0,-10.11,-849.24,-0.01,0,0.0,0,0.0,107214.24,9005996.16,107.21,644.97,0.1,10,5.0,0.01,0,0.0,10.11,64589
1217,SMIIO_CROSS_DOWN,SMIIO_CROSS_UP,2026-07-20T04:00:00,2026-07-20T08:00:00,short,64727,64313,100,0.1,6472.7,100.0,41.4,31.29,2628.36,0.03,414,0.64,0,0.0,107245.53,9008624.52,107.25,647.27,0.1,10,5.0,0.01,0,0.0,10.11,64819
1218,SMIIO_CROSS_DOWN,SMIIO_CROSS_UP,2026-07-20T16:00:00,2026-07-20T20:00:00,short,65463,65233,100,0.1,6546.3,100.0,23.0,12.89,1082.76,0.01,230,0.35,0,0.0,107258.42,9009707.28,107.26,654.63,0.1,10,5.0,0.01,0,0.0,10.11,65555
1219,SMIIO_CROSS_DOWN,SMIIO_CROSS_UP,2026-07-21T16:00:00,2026-07-21T20:00:00,short,66521,66567,100,0.1,6652.1,100.0,-4.6,-14.71,-1235.64,-0.01,0,0.0,46,0.07,107243.71,9008471.64,107.24,665.21,0.1,10,5.0,0.01,0,0.0,10.11,66613
1220,SMIIO_CROSS_DOWN,SMIIO_CROSS_UP,2026-07-22T00:00:00,2026-07-22T08:00:00,short,66475,65923,100,0.1,6647.5,100.0,55.2,45.09,3787.56,0.05,552,0.83,0,0.0,107288.8,9012259.2,107.29,664.75,0.1,10,5.0,0.01,0,0.0,10.11,66567
1221,SMIIO_CROSS_DOWN,SMIIO_CROSS_UP,2026-07-23T00:00:00,2026-07-23T08:00:00,short,65969,65509,100,0.1,6596.9,100.0,46.0,35.89,3014.76,0.04,460,0.7,0,0.0,107324.69,9015273.96,107.32,659.69,0.1,10,5.0,0.01,0,0.0,10.11,66061
1222,SMIIO_CROSS_DOWN,SMIIO_CROSS_UP,2026-07-23T12:00:00,2026-07-23T20:00:00,short,65325,64957,100,0.1,6532.5,100.0,36.8,26.69,2241.96,0.03,368,0.56,0,0.0,107351.38,9017515.92,107.35,653.25,0.1,10,5.0,0.01,0,0.0,10.11,65417
1223,SMIIO_CROSS_DOWN,SMIIO_CROSS_UP,2026-07-24T08:00:00,2026-07-24T16:00:00,short,65371,64175,100,0.1,6537.1,100.0,119.6,109.49,9197.16,0.11,1196,1.83,0,0.0,107460.87,9026713.08,107.46,653.71,0.1,10,5.0,0.01,0,0.0,10.11,65463
1224,SMIIO_CROSS_DOWN,SMIIO_CROSS_UP,2026-07-25T04:00:00,2026-07-25T12:00:00,short,63991,64083,100,0.1,6399.1,100.0,-9.2,-19.31,-1622.04,-0.02,0,0.0,92,0.14,107441.56,9025091.04,107.44,639.91,0.1,10,5.0,0.01,0,0.0,10.11,64083
1225,SMIIO_CROSS_DOWN,SMIIO_CROSS_UP,2026-07-26T04:00:00,2026-07-26T08:00:00,short,64405,64497,100,0.1,6440.5,100.0,-9.2,-19.31,-1622.04,-0.02,0,0.0,92,0.14,107422.25,9023469.0,107.42,644.05,0.1,10,5.0,0.01,0,0.0,10.11,64497
1226,SMIIO_CROSS_DOWN,SMIIO_CROSS_UP,2026-07-27T00:00:00,2026-07-27T16:00:00,short,65279,64635,100,0.1,6527.9,100.0,64.4,54.29,4560.36,0.05,644,0.99,0,0.0,107476.54,9028029.36,107.48,652.79,0.1,10,5.0,0.01,0,0.0,10.11,65371
1227,SMIIO_CROSS_DOWN,SMIIO_CROSS_UP,2026-07-27T20:00:00,2026-07-28T04:00:00,short,64911,63439,100,0.1,6491.1,100.0,147.2,137.09,11515.56,0.14,1472,2.27,0,0.0,107613.63,9039544.92,107.61,649.11,0.1,10,5.0,0.01,0,0.0,10.11,65003
1228,SMIIO_CROSS_DOWN,SMIIO_CROSS_UP,2026-07-29T00:00:00,2026-07-29T04:00:00,short,63807,63899,100,0.1,6380.7,100.0,-9.2,-19.31,-1622.04,-0.02,0,0.0,92,0.14,107594.32,9037922.88,107.59,638.07,0.1,10,5.0,0.01,0,0.0,10.11,63899
1229,SMIIO_CROSS_DOWN,SMIIO_CROSS_UP,2026-07-29T08:00:00,2026-07-29T20:00:00,short,64497,63715,100,0.1,6449.7,100.0,78.2,68.09,5719.56,0.07,782,1.21,0,0.0,107662.41,9043642.44,107.66,644.97,0.1,10,5.0,0.01,0,0.0,10.11,64589
1230,SMIIO_CROSS_DOWN,SMIIO_CROSS_UP,2026-07-30T04:00:00,2026-07-30T08:00:00,short,64037,64129,100,0.1,6403.7,100.0,-9.2,-19.31,-1622.04,-0.02,0,0.0,92,0.14,107643.1,9042020.4,107.64,640.37,0.1,10,5.0,0.01,0,0.0,10.11,64129
1231,SMIIO_CROSS_DOWN,SMIIO_CROSS_UP,2026-07-31T00:00:00,2026-07-31T16:00:00,short,64681,62795,100,0.1,6468.1,100.0,188.6,178.49,14993.16,0.18,1886,2.92,0,0.0,107821.59,9057013.56,107.82,646.81,0.1,10,5.0,0.01,0,0.0,10.11,64773
1232,SMIIO_CROSS_DOWN,SMIIO_CROSS_UP,2026-08-01T16:00:00,2026-08-01T20:00:00,short,62887,62565,100,0.1,6288.7,100.0,32.2,22.09,1855.56,0.02,322,0.51,0,0.0,107843.68,9058869.12,107.84,628.87,0.1,10,5.0,0.01,0,0.0,10.11,62979
1233,SMIIO_CROSS_DOWN,SMIIO_CROSS_UP,2026-08-02T08:00:00,2026-08-02T12:00:00,short,63347,63117,100,0.1,6334.7,100.0,23.0,12.89,1082.76,0.01,230,0.36,0,0.0,107856.57,9059951.88,107.86,633.47,0.1,10,5.0,0.01,0,0.0,10.11,63439
1234,SMIIO_CROSS_DOWN,SMIIO_CROSS_UP,2026-08-03T00:00:00,2026-08-03T12:00:00,short,63439,62657,100,0.1,6343.9,100.0,78.2,68.09,5719.56,0.07,782,1.23,0,0.0,107924.66,9065671.44,107.92,634.39,0.1,10,5.0,0.01,0,0.0,10.11,63531
1235,SMIIO_CROSS_DOWN,SMIIO_CROSS_UP,2026-08-03T20:00:00,2026-08-04T00:00:00,short,63715,63623,100,0.1,6371.5,100.0,9.2,-0.91,-76.44,-0.0,92,0.14,0,0.0,107923.75,9065595.0,107.92,637.15,0.1,10,5.0,0.01,0,0.0,10.11,63807
1236,SMIIO_CROSS_DOWN,SMIIO_CROSS_UP,2026-08-04T04:00:00,2026-08-04T08:00:00,short,63715,63807,100,0.1,6371.5,100.0,-9.2,-19.31,-1622.04,-0.02,0,0.0,92,0.14,107904.44,9063972.96,107.9,637.15,0.1,10,5.0,0.01,0,0.0,10.11,63807
1237,SMIIO_CROSS_DOWN,SMIIO_CROSS_UP,2026-08-04T20:00:00,2026-08-05T12:00:00,short,64083,64221,100,0.1,6408.3,100.0,-13.8,-23.91,-2008.44,-0.02,0,0.0,138,0.22,107880.53,9061964.52,107.88,640.83,0.1,10,5.0,0.01,0,0.0,10.11,64175
1238,SMIIO_CROSS_DOWN,SMIIO_CROSS_UP,2026-08-05T20:00:00,2026-08-06T04:00:00,short,64681,64727,100,0.1,6468.1,100.0,-4.6,-14.71,-1235.64,-0.01,0,0.0,46,0.07,107865.82,9060728.88,107.87,646.81,0.1,10,5.0,0.01,0,0.0,10.11,64773
1239,SMIIO_CROSS_DOWN,SMIIO_CROSS_UP,2026-08-06T08:00:00,2026-08-07T08:00:00,short,64727,64405,100,0.1,6472.7,100.0,32.2,22.09,1855.56,0.02,322,0.5,0,0.0,107887.91,9062584.44,107.89,647.27,0.1,10,5.0,0.01,0,0.0,10.11,64819
1240,SMIIO_CROSS_DOWN,SMIIO_CROSS_UP,2026-08-07T12:00:00,2026-08-08T00:00:00,short,64957,65049,100,0.1,6495.7,100.0,-9.2,-19.31,-1622.04,-0.02,0,0.0,92,0.14,107868.6,9060962.4,107.87,649.57,0.1,10,5.0,0.01,0,0.0,10.11,65049
1241,SMIIO_CROSS_DOWN,SMIIO_CROSS_UP,2026-08-08T04:00:00,2026-08-08T12:00:00,short,64957,65049,100,0.1,6495.7,100.0,-9.2,-19.31,-1622.04,-0.02,0,0.0,92,0.14,107849.29,9059340.36,107.85,649.57,0.1,10,5.0,0.01,0,0.0,10.11,65049
1242,SMIIO_CROSS_DOWN,SMIIO_CROSS_UP,2026-08-08T20:00:00,2026-08-09T08:00:00,short,65003,64911,100,0.1,6500.3,100.0,9.2,-0.91,-76.44,-0.0,92,0.14,0,0.0,107848.38,9059263.92,107.85,650.03,0.1,10,5.0,0.01,0,0.0,10.11,65095
1243,SMIIO_CROSS_DOWN,SMIIO_CROSS_UP,2026-08-09T20:00:00,2026-08-10T04:00:00,short,65095,65003,100,0.1,6509.5,100.0,9.2,-0.91,-76.44,-0.0,92,0.14,0,0.0,107847.47,9059187.48,107.85,650.95,0.1,10,5.0,0.01,0,0.0,10.11,65187
1244,SMIIO_CROSS_DOWN,SMIIO_CROSS_UP,2026-08-10T08:00:00,2026-08-11T00:00:00,short,65141,64037,100,0.1,6514.1,100.0,110.4,100.29,8424.36,0.1,1104,1.69,0,0.0,107947.76,9067611.84,107.95,651.41,0.1,10,5.0,0.01,0,0.0,10.11,65233
1245,SMIIO_CROSS_DOWN,SMIIO_CROSS_UP,2026-08-11T12:00:00,2026-08-12T00:00:00,short,64221,63623,100,0.1,6422.1,100.0,59.8,49.69,4173.96,0.05,598,0.93,0,0.0,107997.45,9071785.8,108.0,642.21,0.1,10,5.0,0.01,0,0.0,10.11,64313
1246,SMIIO_CROSS_DOWN,SMIIO_CROSS_UP,2026-08-12T12:00:00,2026-08-13T00:00:00,short,64083,63485,100,0.1,6408.3,100.0,59.8,49.69,4173.96,0.05,598,0.93,0,0.0,108047.14,9075959.76,108.05,640.83,0.1,10,5.0,0.01,0,0.0,10.11,64175
1247,SMIIO_CROSS_DOWN,SMIIO_CROSS_UP,2026-08-13T08:00:00,2026-08-14T20:00:00,short,63669,62979,100,0.1,6366.9,100.0,69.0,58.89,4946.76,0.06,690,1.08,0,0.0,108106.03,9080906.52,108.11,636.69,0.1,10,5.0,0.01,0,0.0,10.11,63761
1248,SMIIO_CROSS_DOWN,SMIIO_CROSS_UP,2026-08-16T20:00:00,2026-08-17T00:00:00,short,62933,62933,100,0.1,6293.3,100.0,0.0,-10.11,-849.24,-0.01,0,0.0,0,0.0,108095.92,9080057.28,108.1,629.33,0.1,10,5.0,0.01,0,0.0,10.11,63025
1249,SMIIO_CROSS_DOWN,SMIIO_CROSS_UP,2026-08-18T00:00:00,2026-08-18T08:00:00,short,64405,64267,100,0.1,6440.5,100.0,13.8,3.69,309.96,0.0,138,0.21,0,0.0,108099.61,9080367.24,108.1,644.05,0.1,10,5.0,0.01,0,0.0,10.11,64497
1250,SMIIO_CROSS_DOWN,SMIIO_CROSS_UP,2026-08-18T16:00:00,2026-08-19T08:00:00,short,64727,64359,100,0.1,6472.7,100.0,36.8,26.69,2241.96,0.03,368,0.57,0,0.0,108126.3,9082609.2,108.13,647.27,0.1,10,5.0,0.01,0,0.0,10.11,64819
1251,SMIIO_CROSS_DOWN,SMIIO_CROSS_UP,2026-08-21T16:00:00,2026-08-21T20:00:00,short,77101,77147,100,0.1,7710.1,100.0,-4.6,-14.71,-1235.64,-0.01,0,0.0,46,0.06,108111.59,9081373.56,108.11,771.01,0.1,10,5.0,0.01,0,0.0,10.11,77193
1252,SMIIO_CROSS_DOWN,SMIIO_CROSS_UP,2026-08-22T04:00:00,2026-08-22T16:00:00,short,78297,77101,100,0.1,7829.7,100.0,119.6,109.49,9197.16,0.11,1196,1.53,0,0.0,108221.08,9090570.72,108.22,782.97,0.1,10,5.0,0.01,0,0.0,10.11,78389
1253,SMIIO_CROSS_DOWN,SMIIO_CROSS_UP,2026-08-22T20:00:00,2026-08-23T08:00:00,short,77331,76135,100,0.1,7733.1,100.0,119.6,109.49,9197.16,0.11,1196,1.55,0,0.0,108330.57,9099767.88,108.33,773.31,0.1,10,5.0,0.01,0,0.0,10.11,77423
1254,SMIIO_CROSS_DOWN,SMIIO_CROSS_UP,2026-08-23T12:00:00,2026-08-23T16:00:00,short,77239,77285,100,0.1,7723.9,100.0,-4.6,-14.71,-1235.64,-0.01,0,0.0,46,0.06,108315.86,9098532.24,108.32,772.39,0.1,10,5.0,0.01,0,0.0,10.11,77331
1255,SMIIO_CROSS_DOWN,SMIIO_CROSS_UP,2026-08-24T00:00:00,2026-08-24T04:00:00,short,77607,77009,100,0.1,7760.7,100.0,59.8,49.69,4173.96,0.05,598,0.77,0,0.0,108365.55,9102706.2,108.37,776.07,0.1,10,5.0,0.01,0,0.0,10.11,77699
1256,SMIIO_CROSS_DOWN,SMIIO_CROSS_UP,2026-08-24T16:00:00,2026-08-24T20:00:00,short,78941,78849,100,0.1,7894.1,100.0,9.2,-0.91,-76.44,-0.0,92,0.12,0,0.0,108364.64,9102629.76,108.36,789.41,0.1,10,5.0,0.01,0,0.0,10.11,79033
1257,SMIIO_CROSS_DOWN,SMIIO_CROSS_UP,2026-08-25T04:00:00,2026-08-25T12:00:00,short,80367,79217,100,0.1,8036.7,100.0,115.0,104.89,8810.76,0.1,1150,1.43,0,0.0,108469.53,9111440.52,108.47,803.67,0.1,10,5.0,0.01,0,0.0,10.11,80459
1258,SMIIO_CROSS_DOWN,SMIIO_CROSS_UP,2026-08-25T16:00:00,2026-08-26T00:00:00,short,79355,78619,100,0.1,7935.5,100.0,73.6,63.49,5333.16,0.06,736,0.93,0,0.0,108533.02,9116773.68,108.53,793.55,0.1,10,5.0,0.01,0,0.0,10.11,79447
1259,SMIIO_CROSS_DOWN,SMIIO_CROSS_UP,2026-08-26T04:00:00,2026-08-26T16:00:00,short,78987,78113,100,0.1,7898.7,100.0,87.4,77.29,6492.36,0.08,874,1.11,0,0.0,108610.31,9123266.04,108.61,789.87,0.1,10,5.0,0.01,0,0.0,10.11,79079
1260,SMIIO_CROSS_DOWN,SMIIO_CROSS_UP,2026-08-27T00:00:00,2026-08-27T04:00:00,short,78895,78987,100,0.1,7889.5,100.0,-9.2,-19.31,-1622.04,-0.02,0,0.0,92,0.12,108591.0,9121644.0,108.59,788.95,0.1,10,5.0,0.01,0,0.0,10.11,78987
1261,SMIIO_CROSS_DOWN,SMIIO_CROSS_UP,2026-08-27T16:00:00,2026-08-27T20:00:00,short,80183,79999,100,0.1,8018.3,100.0,18.4,8.29,696.36,0.01,184,0.23,0,0.0,108599.29,9122340.36,108.6,801.83,0.1,10,5.0,0.01,0,0.0,10.11,80275
1262,SMIIO_CROSS_DOWN,SMIIO_CROSS_UP,2026-08-28T00:00:00,2026-08-28T20:00:00,short,80091,77653,100,0.1,8009.1,100.0,243.8,233.69,19629.96,0.23,2438,3.04,0,0.0,108832.98,9141970.32,108.83,800.91,0.1,10,5.0,0.01,0,0.0,10.11,80183
1263,SMIIO_CROSS_DOWN,SMIIO_CROSS_UP,2026-08-29T00:00:00,2026-08-29T04:00:00,short,77653,77561,100,0.1,7765.3,100.0,9.2,-0.91,-76.44,-0.0,92,0.12,0,0.0,108832.07,9141893.88,108.83,776.53,0.1,10,5.0,0.01,0,0.0,10.11,77745
1264,SMIIO_CROSS_DOWN,SMIIO_CROSS_UP,2026-08-30T00:00:00,2026-08-30T12:00:00,short,78113,78297,100,0.1,7811.3,100.0,-18.4,-28.51,-2394.84,-0.03,0,0.0,184,0.24,108803.56,9139499.04,108.8,781.13,0.1,10,5.0,0.01,0,0.0,10.11,78205
1265,SMIIO_CROSS_DOWN,SMIIO_CROSS_UP,2026-08-30T20:00:00,2026-08-31T00:00:00,short,78711,77699,100,0.1,7871.1,100.0,101.2,91.09,7651.56,0.09,1012,1.29,0,0.0,108894.65,9147150.6,108.89,787.11,0.1,10,5.0,0.01,0,0.0,10.11,78803
1266,SMIIO_CROSS_DOWN,SMIIO_CROSS_UP,2026-08-31T20:00:00,2026-09-01T00:00:00,short,78757,78665,100,0.1,7875.7,100.0,9.2,-0.91,-76.44,-0.0,92,0.12,0,0.0,108893.74,9147074.16,108.89,787.57,0.1,10,5.0,0.01,0,0.0,10.11,78849
1267,SMIIO_CROSS_DOWN,SMIIO_CROSS_UP,2026-09-01T08:00:00,2026-09-02T00:00:00,short,78573,77423,100,0.1,7857.3,100.0,115.0,104.89,8810.76,0.1,1150,1.46,0,0.0,108998.63,9155884.92,109.0,785.73,0.1,10,5.0,0.01,0,0.0,10.11,78665
1268,SMIIO_CROSS_DOWN,SMIIO_CROSS_UP,2026-09-02T08:00:00,2026-09-02T12:00:00,short,77377,76917,100,0.1,7737.7,100.0,46.0,35.89,3014.76,0.04,460,0.59,0,0.0,109034.52,9158899.68,109.03,773.77,0.1,10,5.0,0.01,0,0.0,10.11,77469
1269,SMIIO_CROSS_DOWN,SMIIO_CROSS_UP,2026-09-03T20:00:00,2026-09-04T08:00:00,short,81609,80735,100,0.1,8160.9,100.0,87.4,77.29,6492.36,0.08,874,1.07,0,0.0,109111.81,9165392.04,109.11,816.09,0.1,10,5.0,0.01,0,0.0,10.11,81701
1270,SMIIO_CROSS_DOWN,SMIIO_CROSS_UP,2026-09-04T12:00:00,2026-09-04T16:00:00,short,81149,79447,100,0.1,8114.9,100.0,170.2,160.09,13447.56,0.16,1702,2.1,0,0.0,109271.9,9178839.6,109.27,811.49,0.1,10,5.0,0.01,0,0.0,10.11,81241
1271,SMIIO_CROSS_DOWN,SMIIO_CROSS_UP,2026-09-04T20:00:00,2026-09-05T04:00:00,short,79631,79723,100,0.1,7963.1,100.0,-9.2,-19.31,-1622.04,-0.02,0,0.0,92,0.12,109252.59,9177217.56,109.25,796.31,0.1,10,5.0,0.01,0,0.0,10.11,79723
1272,SMIIO_CROSS_DOWN,SMIIO_CROSS_UP,2026-09-05T08:00:00,2026-09-05T12:00:00,short,79631,79723,100,0.1,7963.1,100.0,-9.2,-19.31,-1622.04,-0.02,0,0.0,92,0.12,109233.28,9175595.52,109.23,796.31,0.1,10,5.0,0.01,0,0.0,10.11,79723
1273,SMIIO_CROSS_DOWN,SMIIO_CROSS_UP,2026-09-06T04:00:00,2026-09-06T08:00:00,short,79907,79907,100,0.1,7990.7,100.0,0.0,-10.11,-849.24,-0.01,0,0.0,0,0.0,109223.17,9174746.28,109.22,799.07,0.1,10,5.0,0.01,0,0.0,10.11,79999
1274,SMIIO_CROSS_DOWN,SMIIO_CROSS_UP,2026-09-06T12:00:00,2026-09-06T16:00:00,short,79815,79815,100,0.1,7981.5,100.0,0.0,-10.11,-849.24,-0.01,0,0.0,0,0.0,109213.06,9173897.04,109.21,798.15,0.1,10,5.0,0.01,0,0.0,10.11,79907
1275,SMIIO_CROSS_DOWN,SMIIO_CROSS_UP,2026-09-07T00:00:00,2026-09-07T16:00:00,short,80183,78895,100,0.1,8018.3,100.0,128.8,118.69,9969.96,0.12,1288,1.61,0,0.0,109331.75,9183867.0,109.33,801.83,0.1,10,5.0,0.01,0,0.0,10.11,80275
1276,SMIIO_CROSS_DOWN,SMIIO_CROSS_UP,2026-09-07T20:00:00,2026-09-08T12:00:00,short,79263,78527,100,0.1,7926.3,100.0,73.6,63.49,5333.16,0.06,736,0.93,0,0.0,109395.24,9189200.16,109.4,792.63,0.1,10,5.0,0.01,0,0.0,10.11,79355
1277,SMIIO_CROSS_DOWN,SMIIO_CROSS_UP,2026-09-08T16:00:00,2026-09-09T00:00:00,short,78757,78481,100,0.1,7875.7,100.0,27.6,17.49,1469.16,0.02,276,0.35,0,0.0,109412.73,9190669.32,109.41,787.57,0.1,10,5.0,0.01,0,0.0,10.11,78849
1278,SMIIO_CROSS_DOWN,SMIIO_CROSS_UP,2026-09-09T12:00:00,2026-09-11T00:00:00,short,79171,76641,100,0.1,7917.1,100.0,253.0,242.89,20402.76,0.24,2530,3.2,0,0.0,109655.62,9211072.08,109.66,791.71,0.1,10,5.0,0.01,0,0.0,10.11,79263
1279,SMIIO_CROSS_DOWN,SMIIO_CROSS_UP,2026-09-11T08:00:00,2026-09-11T12:00:00,short,77101,77147,100,0.1,7710.1,100.0,-4.6,-14.71,-1235.64,-0.01,0,0.0,46,0.06,109640.91,9209836.44,109.64,771.01,0.1,10,5.0,0.01,0,0.0,10.11,77193
1280,SMIIO_CROSS_DOWN,SMIIO_CROSS_UP,2026-09-11T16:00:00,2026-09-12T08:00:00,short,77607,77331,100,0.1,7760.7,100.0,27.6,17.49,1469.16,0.02,276,0.36,0,0.0,109658.4,9211305.6,109.66,776.07,0.1,10,5.0,0.01,0,0.0,10.11,77699
1281,SMIIO_CROSS_DOWN,SMIIO_CROSS_UP,2026-09-12T16:00:00,2026-09-12T20:00:00,short,77239,77147,100,0.1,7723.9,100.0,9.2,-0.91,-76.44,-0.0,92,0.12,0,0.0,109657.49,9211229.16,109.66,772.39,0.1,10,5.0,0.01,0,0.0,10.11,77331
1282,SMIIO_CROSS_DOWN,SMIIO_CROSS_UP,2026-09-13T00:00:00,2026-09-13T12:00:00,short,77147,76871,100,0.1,7714.7,100.0,27.6,17.49,1469.16,0.02,276,0.36,0,0.0,109674.98,9212698.32,109.67,771.47,0.1,10,5.0,0.01,0,0.0,10.11,77239
1283,SMIIO_CROSS_DOWN,SMIIO_CROSS_UP,2026-09-13T20:00:00,2026-09-14T00:00:00,short,77147,76871,100,0.1,7714.7,100.0,27.6,17.49,1469.16,0.02,276,0.36,0,0.0,109692.47,9214167.48,109.69,771.47,0.1,10,5.0,0.01,0,0.0,10.11,77239
1284,SMIIO_CROSS_DOWN,SMIIO_CROSS_UP,2026-09-14T20:00:00,2026-09-16T00:00:00,short,78849,75721,100,0.1,7884.9,100.0,312.8,302.69,25425.96,0.3,3128,3.97,0,0.0,109995.16,9239593.44,110.0,788.49,0.1,10,5.0,0.01,0,0.0,10.11,78941
1285,SMIIO_CROSS_DOWN,SMIIO_CROSS_UP,2026-09-16T12:00:00,2026-09-16T16:00:00,short,76089,75813,100,0.1,7608.9,100.0,27.6,17.49,1469.16,0.02,276,0.36,0,0.0,110012.65,9241062.6,110.01,760.89,0.1,10,5.0,0.01,0,0.0,10.11,76181
1286,SMIIO_CROSS_DOWN,SMIIO_CROSS_UP,2026-09-17T16:00:00,2026-09-18T00:00:00,short,76641,76549,100,0.1,7664.1,100.0,9.2,-0.91,-76.44,-0.0,92,0.12,0,0.0,110011.74,9240986.16,110.01,766.41,0.1,10,5.0,0.01,0,0.0,10.11,76733
1287,SMIIO_CROSS_DOWN,SMIIO_CROSS_UP,2026-09-18T20:00:00,2026-09-19T00:00:00,short,81057,80965,100,0.1,8105.7,100.0,9.2,-0.91,-76.44,-0.0,92,0.11,0,0.0,110010.83,9240909.72,110.01,810.57,0.1,10,5.0,0.01,0,0.0,10.11,81149
