trade_number,entry_type,exit_type,entry_datetime,exit_datetime,direction,entry_price,exit_price,size_qty,actual_quantity,size_value,lot_notional_usd,gross_pnl,net_pnl,net_pnl_inr,net_pnl_pct,favorable_excursion,favorable_excursion_pct,adverse_excursion,adverse_excursion_pct,cumulative_pnl,cumulative_pnl_inr,cumulative_pnl_pct,margin_required,taker_fees_usd,slippage_usd,slippage_applied,funding_usd,insurance_usd,tax_usd,total_charges_usd,stop_loss
1,BUY_A,ST_FLIP_RED,2025-07-02T10:00:00,2025-07-03T10:00:00,long,106315,108955,100,0.1,10631.5,100.0,264,253.89,21326.76,0.25,2640,2.48,0,0.0,253.89,21326.76,0.25,1063.15,0.1,10,5.0,0.01,0,0.0,10.11,105835
2,SELL_B,ST_FLIP_GREEN,2025-07-03T10:00:00,2025-07-03T10:00:00,short,108955,109435,100,0.1,10895.5,100.0,-48,-58.11,-4881.24,-0.06,0,0.0,480,0.44,195.78,16445.52,0.2,1089.55,0.1,10,5.0,0.01,0,0.0,10.11,109435
3,SELL_B,ST_FLIP_GREEN,2025-07-03T22:00:00,2025-07-06T18:00:00,short,109435,108475,100,0.1,10943.5,100.0,96,85.89,7214.76,0.09,960,0.88,0,0.0,281.67,23660.28,0.28,1094.35,0.1,10,5.0,0.01,0,0.0,10.11,109915
4,BUY_A,ST_FLIP_RED,2025-07-06T18:00:00,2025-07-07T18:00:00,long,108715,108235,100,0.1,10871.5,100.0,-48,-58.11,-4881.24,-0.06,0,0.0,480,0.44,223.56,18779.04,0.22,1087.15,0.1,10,5.0,0.01,0,0.0,10.11,108235
5,SELL_A,ST_FLIP_GREEN,2025-07-07T22:00:00,2025-07-08T06:00:00,short,107995,107995,100,0.1,10799.5,100.0,0,-10.11,-849.24,-0.01,0,0.0,0,0.0,213.45,17929.8,0.21,1079.95,0.1,10,5.0,0.01,0,0.0,10.11,108475
6,BUY_A,ST_FLIP_RED,2025-07-08T06:00:00,2025-07-08T12:00:00,long,107995,108235,100,0.1,10799.5,100.0,24,13.89,1166.76,0.01,240,0.22,0,0.0,227.34,19096.56,0.23,1079.95,0.1,10,5.0,0.01,0,0.0,10.11,107515
7,SELL_B,ST_FLIP_GREEN,2025-07-08T12:00:00,2025-07-08T22:00:00,short,108235,108955,100,0.1,10823.5,100.0,-72,-82.11,-6897.24,-0.08,0,0.0,720,0.67,145.23,12199.32,0.15,1082.35,0.1,10,5.0,0.01,0,0.0,10.11,108715
8,BUY_B,ST_FLIP_RED,2025-07-08T22:00:00,2025-07-09T12:00:00,long,108955,108715,100,0.1,10895.5,100.0,-24,-34.11,-2865.24,-0.03,0,0.0,240,0.22,111.12,9334.08,0.11,1089.55,0.1,10,5.0,0.01,0,0.0,10.11,108475
9,SELL_A,ST_FLIP_GREEN,2025-07-09T12:00:00,2025-07-09T16:00:00,short,108715,109435,100,0.1,10871.5,100.0,-72,-82.11,-6897.24,-0.08,0,0.0,720,0.66,29.01,2436.84,0.03,1087.15,0.1,10,5.0,0.01,0,0.0,10.11,109195
10,BUY_B,ST_FLIP_RED,2025-07-09T16:00:00,2025-07-09T22:00:00,long,109435,109195,100,0.1,10943.5,100.0,-24,-34.11,-2865.24,-0.03,0,0.0,240,0.22,-5.1,-428.4,-0.01,1094.35,0.1,10,5.0,0.01,0,0.0,10.11,108955
11,SELL_A,ST_FLIP_GREEN,2025-07-09T22:00:00,2025-07-10T00:00:00,short,109195,109915,100,0.1,10919.5,100.0,-72,-82.11,-6897.24,-0.08,0,0.0,720,0.66,-87.21,-7325.64,-0.09,1091.95,0.1,10,5.0,0.01,0,0.0,10.11,109675
12,BUY_B,ST_FLIP_RED,2025-07-10T00:00:00,2025-07-11T20:00:00,long,109915,117115,100,0.1,10991.5,100.0,720,709.89,59630.76,0.71,7200,6.55,0,0.0,622.68,52305.12,0.62,1099.15,0.1,10,5.0,0.01,0,0.0,10.11,109435
13,SELL_B,ST_FLIP_GREEN,2025-07-11T20:00:00,2025-07-12T00:00:00,short,117115,118075,100,0.1,11711.5,100.0,-96,-106.11,-8913.24,-0.11,0,0.0,960,0.82,516.57,43391.88,0.52,1171.15,0.1,10,5.0,0.01,0,0.0,10.11,117595
14,SELL_B,ST_FLIP_GREEN,2025-07-12T02:00:00,2025-07-12T20:00:00,short,117115,117355,100,0.1,11711.5,100.0,-24,-34.11,-2865.24,-0.03,0,0.0,240,0.2,482.46,40526.64,0.48,1171.15,0.1,10,5.0,0.01,0,0.0,10.11,117595
15,BUY_A,ST_FLIP_RED,2025-07-13T18:00:00,2025-07-14T04:00:00,long,118315,118795,100,0.1,11831.5,100.0,48,37.89,3182.76,0.04,480,0.41,0,0.0,520.35,43709.4,0.52,1183.15,0.1,10,5.0,0.01,0,0.0,10.11,117835
16,SELL_A,ST_FLIP_GREEN,2025-07-14T04:00:00,2025-07-14T04:00:00,short,118795,119275,100,0.1,11879.5,100.0,-48,-58.11,-4881.24,-0.06,0,0.0,480,0.4,462.24,38828.16,0.46,1187.95,0.1,10,5.0,0.01,0,0.0,10.11,119275
17,BUY_A,ST_FLIP_RED,2025-07-14T06:00:00,2025-07-14T20:00:00,long,119515,121435,100,0.1,11951.5,100.0,192,181.89,15278.76,0.18,1920,1.61,0,0.0,644.13,54106.92,0.64,1195.15,0.1,10,5.0,0.01,0,0.0,10.11,119035
18,SELL_B,ST_FLIP_GREEN,2025-07-14T20:00:00,2025-07-15T20:00:00,short,121435,117115,100,0.1,12143.5,100.0,432,421.89,35438.76,0.42,4320,3.56,0,0.0,1066.02,89545.68,1.07,1214.35,0.1,10,5.0,0.01,0,0.0,10.11,121915
19,BUY_B,ST_FLIP_RED,2025-07-15T20:00:00,2025-07-16T00:00:00,long,117115,116635,100,0.1,11711.5,100.0,-48,-58.11,-4881.24,-0.06,0,0.0,480,0.41,1007.91,84664.44,1.01,1171.15,0.1,10,5.0,0.01,0,0.0,10.11,116635
20,BUY_B,ST_FLIP_RED,2025-07-16T02:00:00,2025-07-16T20:00:00,long,117595,118795,100,0.1,11759.5,100.0,120,109.89,9230.76,0.11,1200,1.02,0,0.0,1117.8,93895.2,1.12,1175.95,0.1,10,5.0,0.01,0,0.0,10.11,117115
21,BUY_B,ST_FLIP_RED,2025-07-16T20:00:00,2025-07-17T06:00:00,long,119275,118555,100,0.1,11927.5,100.0,-72,-82.11,-6897.24,-0.08,0,0.0,720,0.6,1035.69,86997.96,1.04,1192.75,0.1,10,5.0,0.01,0,0.0,10.11,118795
22,SELL_A,ST_FLIP_GREEN,2025-07-17T06:00:00,2025-07-17T18:00:00,short,118555,118555,100,0.1,11855.5,100.0,0,-10.11,-849.24,-0.01,0,0.0,0,0.0,1025.58,86148.72,1.03,1185.55,0.1,10,5.0,0.01,0,0.0,10.11,119035
23,BUY_A,ST_FLIP_RED,2025-07-17T18:00:00,2025-07-18T02:00:00,long,118795,119275,100,0.1,11879.5,100.0,48,37.89,3182.76,0.04,480,0.4,0,0.0,1063.47,89331.48,1.06,1187.95,0.1,10,5.0,0.01,0,0.0,10.11,118315
24,BUY_B,ST_FLIP_RED,2025-07-18T02:00:00,2025-07-18T04:00:00,long,119755,119275,100,0.1,11975.5,100.0,-48,-58.11,-4881.24,-0.06,0,0.0,480,0.4,1005.36,84450.24,1.01,1197.55,0.1,10,5.0,0.01,0,0.0,10.11,119275
25,SELL_A,ST_FLIP_GREEN,2025-07-18T04:00:00,2025-07-18T06:00:00,short,119275,120235,100,0.1,11927.5,100.0,-96,-106.11,-8913.24,-0.11,0,0.0,960,0.8,899.25,75537.0,0.9,1192.75,0.1,10,5.0,0.01,0,0.0,10.11,119755
26,BUY_A,ST_FLIP_RED,2025-07-18T12:00:00,2025-07-18T12:00:00,long,119755,119275,100,0.1,11975.5,100.0,-48,-58.11,-4881.24,-0.06,0,0.0,480,0.4,841.14,70655.76,0.84,1197.55,0.1,10,5.0,0.01,0,0.0,10.11,119275
27,SELL_B,ST_FLIP_GREEN,2025-07-18T12:00:00,2025-07-19T02:00:00,short,119275,118075,100,0.1,11927.5,100.0,120,109.89,9230.76,0.11,1200,1.01,0,0.0,951.03,79886.52,0.95,1192.75,0.1,10,5.0,0.01,0,0.0,10.11,119755
28,BUY_A,ST_FLIP_RED,2025-07-19T02:00:00,2025-07-21T02:00:00,long,118075,117595,100,0.1,11807.5,100.0,-48,-58.11,-4881.24,-0.06,0,0.0,480,0.41,892.92,75005.28,0.89,1180.75,0.1,10,5.0,0.01,0,0.0,10.11,117595
29,SELL_A,ST_FLIP_GREEN,2025-07-21T02:00:00,2025-07-21T06:00:00,short,117115,118075,100,0.1,11711.5,100.0,-96,-106.11,-8913.24,-0.11,0,0.0,960,0.82,786.81,66092.04,0.79,1171.15,0.1,10,5.0,0.01,0,0.0,10.11,117595
30,BUY_A,ST_FLIP_RED,2025-07-21T06:00:00,2025-07-21T18:00:00,long,118075,118795,100,0.1,11807.5,100.0,72,61.89,5198.76,0.06,720,0.61,0,0.0,848.7,71290.8,0.85,1180.75,0.1,10,5.0,0.01,0,0.0,10.11,117595
31,BUY_B,ST_FLIP_RED,2025-07-21T20:00:00,2025-07-21T20:00:00,long,118555,117835,100,0.1,11855.5,100.0,-72,-82.11,-6897.24,-0.08,0,0.0,720,0.61,766.59,64393.56,0.77,1185.55,0.1,10,5.0,0.01,0,0.0,10.11,118075
32,SELL_B,ST_FLIP_GREEN,2025-07-21T20:00:00,2025-07-22T14:00:00,short,117835,118075,100,0.1,11783.5,100.0,-24,-34.11,-2865.24,-0.03,0,0.0,240,0.2,732.48,61528.32,0.73,1178.35,0.1,10,5.0,0.01,0,0.0,10.11,118315
33,BUY_A,ST_FLIP_RED,2025-07-22T14:00:00,2025-07-22T20:00:00,long,118315,118795,100,0.1,11831.5,100.0,48,37.89,3182.76,0.04,480,0.41,0,0.0,770.37,64711.08,0.77,1183.15,0.1,10,5.0,0.01,0,0.0,10.11,117835
34,BUY_B,ST_FLIP_RED,2025-07-22T20:00:00,2025-07-23T08:00:00,long,119275,118795,100,0.1,11927.5,100.0,-48,-58.11,-4881.24,-0.06,0,0.0,480,0.4,712.26,59829.84,0.71,1192.75,0.1,10,5.0,0.01,0,0.0,10.11,118795
35,SELL_A,ST_FLIP_GREEN,2025-07-23T08:00:00,2025-07-24T08:00:00,short,118795,118315,100,0.1,11879.5,100.0,48,37.89,3182.76,0.04,480,0.4,0,0.0,750.15,63012.6,0.75,1187.95,0.1,10,5.0,0.01,0,0.0,10.11,119275
36,SELL_B,ST_FLIP_GREEN,2025-07-24T10:00:00,2025-07-24T12:00:00,short,117835,118795,100,0.1,11783.5,100.0,-96,-106.11,-8913.24,-0.11,0,0.0,960,0.81,644.04,54099.36,0.64,1178.35,0.1,10,5.0,0.01,0,0.0,10.11,118315
37,BUY_A,ST_FLIP_RED,2025-07-24T12:00:00,2025-07-25T04:00:00,long,118795,118075,100,0.1,11879.5,100.0,-72,-82.11,-6897.24,-0.08,0,0.0,720,0.61,561.93,47202.12,0.56,1187.95,0.1,10,5.0,0.01,0,0.0,10.11,118315
38,SELL_B,ST_FLIP_GREEN,2025-07-25T04:00:00,2025-07-25T18:00:00,short,118075,115675,100,0.1,11807.5,100.0,240,229.89,19310.76,0.23,2400,2.03,0,0.0,791.82,66512.88,0.79,1180.75,0.1,10,5.0,0.01,0,0.0,10.11,118555
39,BUY_A,ST_FLIP_RED,2025-07-25T18:00:00,2025-07-25T22:00:00,long,115675,115915,100,0.1,11567.5,100.0,24,13.89,1166.76,0.01,240,0.21,0,0.0,805.71,67679.64,0.81,1156.75,0.1,10,5.0,0.01,0,0.0,10.11,115195
40,BUY_B,ST_FLIP_RED,2025-07-26T00:00:00,2025-07-28T18:00:00,long,116635,118555,100,0.1,11663.5,100.0,192,181.89,15278.76,0.18,1920,1.65,0,0.0,987.6,82958.4,0.99,1166.35,0.1,10,5.0,0.01,0,0.0,10.11,116155
41,SELL_A,ST_FLIP_GREEN,2025-07-28T18:00:00,2025-07-29T08:00:00,short,118555,118555,100,0.1,11855.5,100.0,0,-10.11,-849.24,-0.01,0,0.0,0,0.0,977.49,82109.16,0.98,1185.55,0.1,10,5.0,0.01,0,0.0,10.11,119035
42,BUY_A,ST_FLIP_RED,2025-07-29T18:00:00,2025-07-29T20:00:00,long,118315,117835,100,0.1,11831.5,100.0,-48,-58.11,-4881.24,-0.06,0,0.0,480,0.41,919.38,77227.92,0.92,1183.15,0.1,10,5.0,0.01,0,0.0,10.11,117835
43,SELL_A,ST_FLIP_GREEN,2025-07-29T20:00:00,2025-07-31T00:00:00,short,117835,117595,100,0.1,11783.5,100.0,24,13.89,1166.76,0.01,240,0.2,0,0.0,933.27,78394.68,0.93,1178.35,0.1,10,5.0,0.01,0,0.0,10.11,118315
44,SELL_B,ST_FLIP_GREEN,2025-07-31T00:00:00,2025-07-31T04:00:00,short,117115,117835,100,0.1,11711.5,100.0,-72,-82.11,-6897.24,-0.08,0,0.0,720,0.61,851.16,71497.44,0.85,1171.15,0.1,10,5.0,0.01,0,0.0,10.11,117595
45,BUY_A,ST_FLIP_RED,2025-07-31T04:00:00,2025-07-31T20:00:00,long,117835,118315,100,0.1,11783.5,100.0,48,37.89,3182.76,0.04,480,0.41,0,0.0,889.05,74680.2,0.89,1178.35,0.1,10,5.0,0.01,0,0.0,10.11,117355
46,BUY_B,ST_FLIP_RED,2025-07-31T22:00:00,2025-08-01T00:00:00,long,118075,117355,100,0.1,11807.5,100.0,-72,-82.11,-6897.24,-0.08,0,0.0,720,0.61,806.94,67782.96,0.81,1180.75,0.1,10,5.0,0.01,0,0.0,10.11,117595
47,SELL_B,ST_FLIP_GREEN,2025-08-01T00:00:00,2025-08-01T18:00:00,short,117355,115435,100,0.1,11735.5,100.0,192,181.89,15278.76,0.18,1920,1.64,0,0.0,988.83,83061.72,0.99,1173.55,0.1,10,5.0,0.01,0,0.0,10.11,117835
48,BUY_A,ST_FLIP_RED,2025-08-01T18:00:00,2025-08-01T22:00:00,long,115435,114715,100,0.1,11543.5,100.0,-72,-82.11,-6897.24,-0.08,0,0.0,720,0.62,906.72,76164.48,0.91,1154.35,0.1,10,5.0,0.01,0,0.0,10.11,114955
49,SELL_A,ST_FLIP_GREEN,2025-08-01T22:00:00,2025-08-03T06:00:00,short,114235,113515,100,0.1,11423.5,100.0,72,61.89,5198.76,0.06,720,0.63,0,0.0,968.61,81363.24,0.97,1142.35,0.1,10,5.0,0.01,0,0.0,10.11,114715
50,BUY_B,ST_FLIP_RED,2025-08-03T06:00:00,2025-08-05T02:00:00,long,113515,114955,100,0.1,11351.5,100.0,144,133.89,11246.76,0.13,1440,1.27,0,0.0,1102.5,92610.0,1.1,1135.15,0.1,10,5.0,0.01,0,0.0,10.11,113035
51,BUY_B,ST_FLIP_RED,2025-08-05T06:00:00,2025-08-05T14:00:00,long,114715,114715,100,0.1,11471.5,100.0,0,-10.11,-849.24,-0.01,0,0.0,0,0.0,1092.39,91760.76,1.09,1147.15,0.1,10,5.0,0.01,0,0.0,10.11,114235
52,SELL_B,ST_FLIP_GREEN,2025-08-05T14:00:00,2025-08-06T00:00:00,short,114715,113995,100,0.1,11471.5,100.0,72,61.89,5198.76,0.06,720,0.63,0,0.0,1154.28,96959.52,1.15,1147.15,0.1,10,5.0,0.01,0,0.0,10.11,115195
53,BUY_A,ST_FLIP_RED,2025-08-06T00:00:00,2025-08-06T10:00:00,long,113995,113755,100,0.1,11399.5,100.0,-24,-34.11,-2865.24,-0.03,0,0.0,240,0.21,1120.17,94094.28,1.12,1139.95,0.1,10,5.0,0.01,0,0.0,10.11,113515
54,SELL_A,ST_FLIP_GREEN,2025-08-06T10:00:00,2025-08-06T20:00:00,short,113755,114475,100,0.1,11375.5,100.0,-72,-82.11,-6897.24,-0.08,0,0.0,720,0.63,1038.06,87197.04,1.04,1137.55,0.1,10,5.0,0.01,0,0.0,10.11,114235
55,BUY_B,ST_FLIP_RED,2025-08-06T20:00:00,2025-08-07T12:00:00,long,114475,114955,100,0.1,11447.5,100.0,48,37.89,3182.76,0.04,480,0.42,0,0.0,1075.95,90379.8,1.08,1144.75,0.1,10,5.0,0.01,0,0.0,10.11,113995
56,BUY_B,ST_FLIP_RED,2025-08-07T14:00:00,2025-08-08T20:00:00,long,115435,116395,100,0.1,11543.5,100.0,96,85.89,7214.76,0.09,960,0.83,0,0.0,1161.84,97594.56,1.16,1154.35,0.1,10,5.0,0.01,0,0.0,10.11,114955
57,SELL_A,ST_FLIP_GREEN,2025-08-08T20:00:00,2025-08-09T02:00:00,short,116395,117115,100,0.1,11639.5,100.0,-72,-82.11,-6897.24,-0.08,0,0.0,720,0.62,1079.73,90697.32,1.08,1163.95,0.1,10,5.0,0.01,0,0.0,10.11,116875
58,SELL_B,ST_FLIP_GREEN,2025-08-09T14:00:00,2025-08-09T14:00:00,short,116875,117595,100,0.1,11687.5,100.0,-72,-82.11,-6897.24,-0.08,0,0.0,720,0.62,997.62,83800.08,1.0,1168.75,0.1,10,5.0,0.01,0,0.0,10.11,117355
59,BUY_A,ST_FLIP_RED,2025-08-09T14:00:00,2025-08-09T20:00:00,long,117595,116875,100,0.1,11759.5,100.0,-72,-82.11,-6897.24,-0.08,0,0.0,720,0.61,915.51,76902.84,0.92,1175.95,0.1,10,5.0,0.01,0,0.0,10.11,117115
60,SELL_A,ST_FLIP_GREEN,2025-08-09T20:00:00,2025-08-10T08:00:00,short,116875,117595,100,0.1,11687.5,100.0,-72,-82.11,-6897.24,-0.08,0,0.0,720,0.62,833.4,70005.6,0.83,1168.75,0.1,10,5.0,0.01,0,0.0,10.11,117355
61,BUY_A,ST_FLIP_RED,2025-08-10T08:00:00,2025-08-10T10:00:00,long,117835,117835,100,0.1,11783.5,100.0,0,-10.11,-849.24,-0.01,0,0.0,0,0.0,823.29,69156.36,0.82,1178.35,0.1,10,5.0,0.01,0,0.0,10.11,117355
62,SELL_A,ST_FLIP_GREEN,2025-08-10T10:00:00,2025-08-10T18:00:00,short,117835,118555,100,0.1,11783.5,100.0,-72,-82.11,-6897.24,-0.08,0,0.0,720,0.61,741.18,62259.12,0.74,1178.35,0.1,10,5.0,0.01,0,0.0,10.11,118315
63,BUY_A,ST_FLIP_RED,2025-08-10T18:00:00,2025-08-11T02:00:00,long,118795,118555,100,0.1,11879.5,100.0,-24,-34.11,-2865.24,-0.03,0,0.0,240,0.2,707.07,59393.88,0.71,1187.95,0.1,10,5.0,0.01,0,0.0,10.11,118315
64,SELL_B,ST_FLIP_GREEN,2025-08-11T02:00:00,2025-08-11T04:00:00,short,118555,119275,100,0.1,11855.5,100.0,-72,-82.11,-6897.24,-0.08,0,0.0,720,0.61,624.96,52496.64,0.62,1185.55,0.1,10,5.0,0.01,0,0.0,10.11,119035
65,BUY_B,ST_FLIP_RED,2025-08-11T04:00:00,2025-08-11T16:00:00,long,119275,120955,100,0.1,11927.5,100.0,168,157.89,13262.76,0.16,1680,1.41,0,0.0,782.85,65759.4,0.78,1192.75,0.1,10,5.0,0.01,0,0.0,10.11,118795
66,SELL_B,ST_FLIP_GREEN,2025-08-11T16:00:00,2025-08-11T22:00:00,short,120955,120235,100,0.1,12095.5,100.0,72,61.89,5198.76,0.06,720,0.6,0,0.0,844.74,70958.16,0.84,1209.55,0.1,10,5.0,0.01,0,0.0,10.11,121435
67,SELL_B,ST_FLIP_GREEN,2025-08-11T22:00:00,2025-08-12T12:00:00,short,119755,118795,100,0.1,11975.5,100.0,96,85.89,7214.76,0.09,960,0.8,0,0.0,930.63,78172.92,0.93,1197.55,0.1,10,5.0,0.01,0,0.0,10.11,120235
68,BUY_A,ST_FLIP_RED,2025-08-12T12:00:00,2025-08-12T18:00:00,long,118795,119035,100,0.1,11879.5,100.0,24,13.89,1166.76,0.01,240,0.2,0,0.0,944.52,79339.68,0.94,1187.95,0.1,10,5.0,0.01,0,0.0,10.11,118315
69,SELL_A,ST_FLIP_GREEN,2025-08-12T18:00:00,2025-08-13T00:00:00,short,119035,119755,100,0.1,11903.5,100.0,-72,-82.11,-6897.24,-0.08,0,0.0,720,0.6,862.41,72442.44,0.86,1190.35,0.1,10,5.0,0.01,0,0.0,10.11,119515
70,BUY_B,ST_FLIP_RED,2025-08-13T00:00:00,2025-08-13T08:00:00,long,119755,119515,100,0.1,11975.5,100.0,-24,-34.11,-2865.24,-0.03,0,0.0,240,0.2,828.3,69577.2,0.83,1197.55,0.1,10,5.0,0.01,0,0.0,10.11,119275
71,SELL_A,ST_FLIP_GREEN,2025-08-13T12:00:00,2025-08-13T14:00:00,short,119515,120235,100,0.1,11951.5,100.0,-72,-82.11,-6897.24,-0.08,0,0.0,720,0.6,746.19,62679.96,0.75,1195.15,0.1,10,5.0,0.01,0,0.0,10.11,119995
72,BUY_B,ST_FLIP_RED,2025-08-13T14:00:00,2025-08-14T10:00:00,long,120235,123115,100,0.1,12023.5,100.0,288,277.89,23342.76,0.28,2880,2.4,0,0.0,1024.08,86022.72,1.02,1202.35,0.1,10,5.0,0.01,0,0.0,10.11,119755
73,SELL_B,ST_FLIP_GREEN,2025-08-14T10:00:00,2025-08-15T06:00:00,short,123115,118795,100,0.1,12311.5,100.0,432,421.89,35438.76,0.42,4320,3.51,0,0.0,1445.97,121461.48,1.45,1231.15,0.1,10,5.0,0.01,0,0.0,10.11,123595
74,BUY_B,ST_FLIP_RED,2025-08-15T06:00:00,2025-08-15T18:00:00,long,118795,118075,100,0.1,11879.5,100.0,-72,-82.11,-6897.24,-0.08,0,0.0,720,0.61,1363.86,114564.24,1.36,1187.95,0.1,10,5.0,0.01,0,0.0,10.11,118315
75,SELL_A,ST_FLIP_GREEN,2025-08-15T20:00:00,2025-08-16T14:00:00,short,117355,117355,100,0.1,11735.5,100.0,0,-10.11,-849.24,-0.01,0,0.0,0,0.0,1353.75,113715.0,1.35,1173.55,0.1,10,5.0,0.01,0,0.0,10.11,117835
76,BUY_B,ST_FLIP_RED,2025-08-16T14:00:00,2025-08-16T18:00:00,long,117355,117595,100,0.1,11735.5,100.0,24,13.89,1166.76,0.01,240,0.2,0,0.0,1367.64,114881.76,1.37,1173.55,0.1,10,5.0,0.01,0,0.0,10.11,116875
77,BUY_B,ST_FLIP_RED,2025-08-18T00:00:00,2025-08-18T06:00:00,long,117595,116875,100,0.1,11759.5,100.0,-72,-82.11,-6897.24,-0.08,0,0.0,720,0.61,1285.53,107984.52,1.29,1175.95,0.1,10,5.0,0.01,0,0.0,10.11,117115
78,SELL_A,ST_FLIP_GREEN,2025-08-18T06:00:00,2025-08-18T20:00:00,short,116875,115915,100,0.1,11687.5,100.0,96,85.89,7214.76,0.09,960,0.82,0,0.0,1371.42,115199.28,1.37,1168.75,0.1,10,5.0,0.01,0,0.0,10.11,117355
79,BUY_A,ST_FLIP_RED,2025-08-18T20:00:00,2025-08-19T04:00:00,long,115915,115915,100,0.1,11591.5,100.0,0,-10.11,-849.24,-0.01,0,0.0,0,0.0,1361.31,114350.04,1.36,1159.15,0.1,10,5.0,0.01,0,0.0,10.11,115435
80,SELL_A,ST_FLIP_GREEN,2025-08-19T04:00:00,2025-08-19T18:00:00,short,115675,115195,100,0.1,11567.5,100.0,48,37.89,3182.76,0.04,480,0.41,0,0.0,1399.2,117532.8,1.4,1156.75,0.1,10,5.0,0.01,0,0.0,10.11,116155
81,BUY_A,ST_FLIP_RED,2025-08-19T18:00:00,2025-08-19T18:00:00,long,115195,114715,100,0.1,11519.5,100.0,-48,-58.11,-4881.24,-0.06,0,0.0,480,0.42,1341.09,112651.56,1.34,1151.95,0.1,10,5.0,0.01,0,0.0,10.11,114715
82,SELL_A,ST_FLIP_GREEN,2025-08-19T18:00:00,2025-08-20T18:00:00,short,114715,113275,100,0.1,11471.5,100.0,144,133.89,11246.76,0.13,1440,1.26,0,0.0,1474.98,123898.32,1.47,1147.15,0.1,10,5.0,0.01,0,0.0,10.11,115195
83,BUY_A,ST_FLIP_RED,2025-08-20T18:00:00,2025-08-20T20:00:00,long,113275,113515,100,0.1,11327.5,100.0,24,13.89,1166.76,0.01,240,0.21,0,0.0,1488.87,125065.08,1.49,1132.75,0.1,10,5.0,0.01,0,0.0,10.11,112795
84,BUY_B,ST_FLIP_RED,2025-08-20T20:00:00,2025-08-20T22:00:00,long,114235,113275,100,0.1,11423.5,100.0,-96,-106.11,-8913.24,-0.11,0,0.0,960,0.84,1382.76,116151.84,1.38,1142.35,0.1,10,5.0,0.01,0,0.0,10.11,113755
85,BUY_B,ST_FLIP_RED,2025-08-21T00:00:00,2025-08-21T20:00:00,long,114235,113035,100,0.1,11423.5,100.0,-120,-130.11,-10929.24,-0.13,0,0.0,1200,1.05,1252.65,105222.6,1.25,1142.35,0.1,10,5.0,0.01,0,0.0,10.11,113755
86,SELL_A,ST_FLIP_GREEN,2025-08-21T20:00:00,2025-08-22T06:00:00,short,113035,113515,100,0.1,11303.5,100.0,-48,-58.11,-4881.24,-0.06,0,0.0,480,0.42,1194.54,100341.36,1.19,1130.35,0.1,10,5.0,0.01,0,0.0,10.11,113515
87,BUY_A,ST_FLIP_RED,2025-08-22T06:00:00,2025-08-22T16:00:00,long,113515,112555,100,0.1,11351.5,100.0,-96,-106.11,-8913.24,-0.11,0,0.0,960,0.85,1088.43,91428.12,1.09,1135.15,0.1,10,5.0,0.01,0,0.0,10.11,113035
88,SELL_A,ST_FLIP_GREEN,2025-08-22T16:00:00,2025-08-22T18:00:00,short,112315,113035,100,0.1,11231.5,100.0,-72,-82.11,-6897.24,-0.08,0,0.0,720,0.64,1006.32,84530.88,1.01,1123.15,0.1,10,5.0,0.01,0,0.0,10.11,112795
89,BUY_A,ST_FLIP_RED,2025-08-22T18:00:00,2025-08-23T06:00:00,long,113035,115915,100,0.1,11303.5,100.0,288,277.89,23342.76,0.28,2880,2.55,0,0.0,1284.21,107873.64,1.28,1130.35,0.1,10,5.0,0.01,0,0.0,10.11,112555
90,SELL_B,ST_FLIP_GREEN,2025-08-23T06:00:00,2025-08-24T10:00:00,short,115915,115195,100,0.1,11591.5,100.0,72,61.89,5198.76,0.06,720,0.62,0,0.0,1346.1,113072.4,1.35,1159.15,0.1,10,5.0,0.01,0,0.0,10.11,116395
91,SELL_B,ST_FLIP_GREEN,2025-08-24T16:00:00,2025-08-25T08:00:00,short,114715,113035,100,0.1,11471.5,100.0,168,157.89,13262.76,0.16,1680,1.46,0,0.0,1503.99,126335.16,1.5,1147.15,0.1,10,5.0,0.01,0,0.0,10.11,115195
92,BUY_A,ST_FLIP_RED,2025-08-25T08:00:00,2025-08-25T08:00:00,long,113035,112555,100,0.1,11303.5,100.0,-48,-58.11,-4881.24,-0.06,0,0.0,480,0.42,1445.88,121453.92,1.45,1130.35,0.1,10,5.0,0.01,0,0.0,10.11,112555
93,SELL_A,ST_FLIP_GREEN,2025-08-25T10:00:00,2025-08-25T20:00:00,short,112315,112315,100,0.1,11231.5,100.0,0,-10.11,-849.24,-0.01,0,0.0,0,0.0,1435.77,120604.68,1.44,1123.15,0.1,10,5.0,0.01,0,0.0,10.11,112795
94,BUY_B,ST_FLIP_RED,2025-08-25T20:00:00,2025-08-26T00:00:00,long,112315,111595,100,0.1,11231.5,100.0,-72,-82.11,-6897.24,-0.08,0,0.0,720,0.64,1353.66,113707.44,1.35,1123.15,0.1,10,5.0,0.01,0,0.0,10.11,111835
95,SELL_A,ST_FLIP_GREEN,2025-08-26T00:00:00,2025-08-26T16:00:00,short,111115,109915,100,0.1,11111.5,100.0,120,109.89,9230.76,0.11,1200,1.08,0,0.0,1463.55,122938.2,1.46,1111.15,0.1,10,5.0,0.01,0,0.0,10.11,111595
96,BUY_A,ST_FLIP_RED,2025-08-26T16:00:00,2025-08-26T18:00:00,long,109915,110155,100,0.1,10991.5,100.0,24,13.89,1166.76,0.01,240,0.22,0,0.0,1477.44,124104.96,1.48,1099.15,0.1,10,5.0,0.01,0,0.0,10.11,109435
97,BUY_B,ST_FLIP_RED,2025-08-27T00:00:00,2025-08-27T12:00:00,long,110875,110635,100,0.1,11087.5,100.0,-24,-34.11,-2865.24,-0.03,0,0.0,240,0.22,1443.33,121239.72,1.44,1108.75,0.1,10,5.0,0.01,0,0.0,10.11,110395
98,SELL_A,ST_FLIP_GREEN,2025-08-27T12:00:00,2025-08-27T18:00:00,short,110395,111355,100,0.1,11039.5,100.0,-96,-106.11,-8913.24,-0.11,0,0.0,960,0.87,1337.22,112326.48,1.34,1103.95,0.1,10,5.0,0.01,0,0.0,10.11,110875
99,BUY_A,ST_FLIP_RED,2025-08-27T18:00:00,2025-08-28T02:00:00,long,111355,111355,100,0.1,11135.5,100.0,0,-10.11,-849.24,-0.01,0,0.0,0,0.0,1327.11,111477.24,1.33,1113.55,0.1,10,5.0,0.01,0,0.0,10.11,110875
100,SELL_A,ST_FLIP_GREEN,2025-08-28T02:00:00,2025-08-28T08:00:00,short,111355,112075,100,0.1,11135.5,100.0,-72,-82.11,-6897.24,-0.08,0,0.0,720,0.65,1245.0,104580.0,1.25,1113.55,0.1,10,5.0,0.01,0,0.0,10.11,111835
101,BUY_A,ST_FLIP_RED,2025-08-28T08:00:00,2025-08-29T00:00:00,long,112315,111835,100,0.1,11231.5,100.0,-48,-58.11,-4881.24,-0.06,0,0.0,480,0.43,1186.89,99698.76,1.19,1123.15,0.1,10,5.0,0.01,0,0.0,10.11,111835
102,SELL_A,ST_FLIP_GREEN,2025-08-29T00:00:00,2025-08-29T06:00:00,short,111835,112075,100,0.1,11183.5,100.0,-24,-34.11,-2865.24,-0.03,0,0.0,240,0.21,1152.78,96833.52,1.15,1118.35,0.1,10,5.0,0.01,0,0.0,10.11,112315
103,SELL_B,ST_FLIP_GREEN,2025-08-29T06:00:00,2025-08-31T06:00:00,short,111355,108955,100,0.1,11135.5,100.0,240,229.89,19310.76,0.23,2400,2.16,0,0.0,1382.67,116144.28,1.38,1113.55,0.1,10,5.0,0.01,0,0.0,10.11,111835
104,BUY_B,ST_FLIP_RED,2025-08-31T06:00:00,2025-08-31T22:00:00,long,108955,108955,100,0.1,10895.5,100.0,0,-10.11,-849.24,-0.01,0,0.0,0,0.0,1372.56,115295.04,1.37,1089.55,0.1,10,5.0,0.01,0,0.0,10.11,108475
105,BUY_B,ST_FLIP_RED,2025-09-01T04:00:00,2025-09-01T04:00:00,long,108715,107995,100,0.1,10871.5,100.0,-72,-82.11,-6897.24,-0.08,0,0.0,720,0.66,1290.45,108397.8,1.29,1087.15,0.1,10,5.0,0.01,0,0.0,10.11,108235
106,SELL_A,ST_FLIP_GREEN,2025-09-01T04:00:00,2025-09-01T12:00:00,short,107995,108475,100,0.1,10799.5,100.0,-48,-58.11,-4881.24,-0.06,0,0.0,480,0.44,1232.34,103516.56,1.23,1079.95,0.1,10,5.0,0.01,0,0.0,10.11,108475
107,BUY_A,ST_FLIP_RED,2025-09-01T12:00:00,2025-09-02T02:00:00,long,108475,108475,100,0.1,10847.5,100.0,0,-10.11,-849.24,-0.01,0,0.0,0,0.0,1222.23,102667.32,1.22,1084.75,0.1,10,5.0,0.01,0,0.0,10.11,107995
108,SELL_A,ST_FLIP_GREEN,2025-09-02T02:00:00,2025-09-02T04:00:00,short,108235,108955,100,0.1,10823.5,100.0,-72,-82.11,-6897.24,-0.08,0,0.0,720,0.67,1140.12,95770.08,1.14,1082.35,0.1,10,5.0,0.01,0,0.0,10.11,108715
109,BUY_A,ST_FLIP_RED,2025-09-02T04:00:00,2025-09-02T16:00:00,long,108955,109435,100,0.1,10895.5,100.0,48,37.89,3182.76,0.04,480,0.44,0,0.0,1178.01,98952.84,1.18,1089.55,0.1,10,5.0,0.01,0,0.0,10.11,108475
110,SELL_A,ST_FLIP_GREEN,2025-09-02T16:00:00,2025-09-02T18:00:00,short,109435,110155,100,0.1,10943.5,100.0,-72,-82.11,-6897.24,-0.08,0,0.0,720,0.66,1095.9,92055.6,1.1,1094.35,0.1,10,5.0,0.01,0,0.0,10.11,109915
111,BUY_A,ST_FLIP_RED,2025-09-02T18:00:00,2025-09-02T20:00:00,long,110395,110635,100,0.1,11039.5,100.0,24,13.89,1166.76,0.01,240,0.22,0,0.0,1109.79,93222.36,1.11,1103.95,0.1,10,5.0,0.01,0,0.0,10.11,109915
112,SELL_A,ST_FLIP_GREEN,2025-09-02T20:00:00,2025-09-03T00:00:00,short,110635,111355,100,0.1,11063.5,100.0,-72,-82.11,-6897.24,-0.08,0,0.0,720,0.65,1027.68,86325.12,1.03,1106.35,0.1,10,5.0,0.01,0,0.0,10.11,111115
113,BUY_A,ST_FLIP_RED,2025-09-03T08:00:00,2025-09-03T14:00:00,long,111115,111355,100,0.1,11111.5,100.0,24,13.89,1166.76,0.01,240,0.22,0,0.0,1041.57,87491.88,1.04,1111.15,0.1,10,5.0,0.01,0,0.0,10.11,110635
114,SELL_B,ST_FLIP_GREEN,2025-09-03T14:00:00,2025-09-03T22:00:00,short,111355,112075,100,0.1,11135.5,100.0,-72,-82.11,-6897.24,-0.08,0,0.0,720,0.65,959.46,80594.64,0.96,1113.55,0.1,10,5.0,0.01,0,0.0,10.11,111835
115,BUY_B,ST_FLIP_RED,2025-09-03T22:00:00,2025-09-04T08:00:00,long,112075,111115,100,0.1,11207.5,100.0,-96,-106.11,-8913.24,-0.11,0,0.0,960,0.86,853.35,71681.4,0.85,1120.75,0.1,10,5.0,0.01,0,0.0,10.11,111595
116,SELL_A,ST_FLIP_GREEN,2025-09-04T08:00:00,2025-09-05T00:00:00,short,111115,110395,100,0.1,11111.5,100.0,72,61.89,5198.76,0.06,720,0.65,0,0.0,915.24,76880.16,0.92,1111.15,0.1,10,5.0,0.01,0,0.0,10.11,111595
117,BUY_A,ST_FLIP_RED,2025-09-05T00:00:00,2025-09-05T18:00:00,long,110395,111595,100,0.1,11039.5,100.0,120,109.89,9230.76,0.11,1200,1.09,0,0.0,1025.13,86110.92,1.03,1103.95,0.1,10,5.0,0.01,0,0.0,10.11,109915
118,SELL_A,ST_FLIP_GREEN,2025-09-05T18:00:00,2025-09-07T12:00:00,short,111595,111115,100,0.1,11159.5,100.0,48,37.89,3182.76,0.04,480,0.43,0,0.0,1063.02,89293.68,1.06,1115.95,0.1,10,5.0,0.01,0,0.0,10.11,112075
119,BUY_A,ST_FLIP_RED,2025-09-07T12:00:00,2025-09-08T10:00:00,long,111355,111115,100,0.1,11135.5,100.0,-24,-34.11,-2865.24,-0.03,0,0.0,240,0.22,1028.91,86428.44,1.03,1113.55,0.1,10,5.0,0.01,0,0.0,10.11,110875
120,BUY_B,ST_FLIP_RED,2025-09-08T14:00:00,2025-09-09T06:00:00,long,111595,111595,100,0.1,11159.5,100.0,0,-10.11,-849.24,-0.01,0,0.0,0,0.0,1018.8,85579.2,1.02,1115.95,0.1,10,5.0,0.01,0,0.0,10.11,111115
121,SELL_A,ST_FLIP_GREEN,2025-09-09T06:00:00,2025-09-09T10:00:00,short,111595,112315,100,0.1,11159.5,100.0,-72,-82.11,-6897.24,-0.08,0,0.0,720,0.65,936.69,78681.96,0.94,1115.95,0.1,10,5.0,0.01,0,0.0,10.11,112075
122,BUY_A,ST_FLIP_RED,2025-09-09T10:00:00,2025-09-09T18:00:00,long,112555,112075,100,0.1,11255.5,100.0,-48,-58.11,-4881.24,-0.06,0,0.0,480,0.43,878.58,73800.72,0.88,1125.55,0.1,10,5.0,0.01,0,0.0,10.11,112075
123,SELL_A,ST_FLIP_GREEN,2025-09-09T18:00:00,2025-09-10T12:00:00,short,112075,112075,100,0.1,11207.5,100.0,0,-10.11,-849.24,-0.01,0,0.0,0,0.0,868.47,72951.48,0.87,1120.75,0.1,10,5.0,0.01,0,0.0,10.11,112555
124,BUY_A,ST_FLIP_RED,2025-09-10T12:00:00,2025-09-11T02:00:00,long,112315,113755,100,0.1,11231.5,100.0,144,133.89,11246.76,0.13,1440,1.28,0,0.0,1002.36,84198.24,1.0,1123.15,0.1,10,5.0,0.01,0,0.0,10.11,111835
125,SELL_A,ST_FLIP_GREEN,2025-09-11T02:00:00,2025-09-11T16:00:00,short,113755,114235,100,0.1,11375.5,100.0,-48,-58.11,-4881.24,-0.06,0,0.0,480,0.42,944.25,79317.0,0.94,1137.55,0.1,10,5.0,0.01,0,0.0,10.11,114235
126,BUY_A,ST_FLIP_RED,2025-09-12T02:00:00,2025-09-12T22:00:00,long,114475,115435,100,0.1,11447.5,100.0,96,85.89,7214.76,0.09,960,0.84,0,0.0,1030.14,86531.76,1.03,1144.75,0.1,10,5.0,0.01,0,0.0,10.11,113995
127,SELL_A,ST_FLIP_GREEN,2025-09-12T22:00:00,2025-09-12T22:00:00,short,115435,115915,100,0.1,11543.5,100.0,-48,-58.11,-4881.24,-0.06,0,0.0,480,0.42,972.03,81650.52,0.97,1154.35,0.1,10,5.0,0.01,0,0.0,10.11,115915
128,BUY_A,ST_FLIP_RED,2025-09-13T10:00:00,2025-09-13T14:00:00,long,115675,115915,100,0.1,11567.5,100.0,24,13.89,1166.76,0.01,240,0.21,0,0.0,985.92,82817.28,0.99,1156.75,0.1,10,5.0,0.01,0,0.0,10.11,115195
129,SELL_B,ST_FLIP_GREEN,2025-09-13T14:00:00,2025-09-15T08:00:00,short,115915,116155,100,0.1,11591.5,100.0,-24,-34.11,-2865.24,-0.03,0,0.0,240,0.21,951.81,79952.04,0.95,1159.15,0.1,10,5.0,0.01,0,0.0,10.11,116395
130,BUY_A,ST_FLIP_RED,2025-09-15T08:00:00,2025-09-15T14:00:00,long,116155,115195,100,0.1,11615.5,100.0,-96,-106.11,-8913.24,-0.11,0,0.0,960,0.83,845.7,71038.8,0.85,1161.55,0.1,10,5.0,0.01,0,0.0,10.11,115675
131,SELL_A,ST_FLIP_GREEN,2025-09-15T14:00:00,2025-09-16T10:00:00,short,115195,115675,100,0.1,11519.5,100.0,-48,-58.11,-4881.24,-0.06,0,0.0,480,0.42,787.59,66157.56,0.79,1151.95,0.1,10,5.0,0.01,0,0.0,10.11,115675
132,BUY_A,ST_FLIP_RED,2025-09-16T18:00:00,2025-09-16T20:00:00,long,115195,115435,100,0.1,11519.5,100.0,24,13.89,1166.76,0.01,240,0.21,0,0.0,801.48,67324.32,0.8,1151.95,0.1,10,5.0,0.01,0,0.0,10.11,114715
133,SELL_A,ST_FLIP_GREEN,2025-09-16T20:00:00,2025-09-16T22:00:00,short,115435,116155,100,0.1,11543.5,100.0,-72,-82.11,-6897.24,-0.08,0,0.0,720,0.62,719.37,60427.08,0.72,1154.35,0.1,10,5.0,0.01,0,0.0,10.11,115915
134,BUY_B,ST_FLIP_RED,2025-09-16T22:00:00,2025-09-17T18:00:00,long,116155,115915,100,0.1,11615.5,100.0,-24,-34.11,-2865.24,-0.03,0,0.0,240,0.21,685.26,57561.84,0.69,1161.55,0.1,10,5.0,0.01,0,0.0,10.11,115675
135,SELL_A,ST_FLIP_GREEN,2025-09-17T18:00:00,2025-09-18T08:00:00,short,115915,116635,100,0.1,11591.5,100.0,-72,-82.11,-6897.24,-0.08,0,0.0,720,0.62,603.15,50664.6,0.6,1159.15,0.1,10,5.0,0.01,0,0.0,10.11,116395
136,BUY_A,ST_FLIP_RED,2025-09-18T08:00:00,2025-09-19T14:00:00,long,116875,116635,100,0.1,11687.5,100.0,-24,-34.11,-2865.24,-0.03,0,0.0,240,0.21,569.04,47799.36,0.57,1168.75,0.1,10,5.0,0.01,0,0.0,10.11,116395
137,SELL_A,ST_FLIP_GREEN,2025-09-19T14:00:00,2025-09-22T18:00:00,short,116635,113515,100,0.1,11663.5,100.0,312,301.89,25358.76,0.3,3120,2.68,0,0.0,870.93,73158.12,0.87,1166.35,0.1,10,5.0,0.01,0,0.0,10.11,117115
138,BUY_B,ST_FLIP_RED,2025-09-22T18:00:00,2025-09-22T20:00:00,long,113515,112555,100,0.1,11351.5,100.0,-96,-106.11,-8913.24,-0.11,0,0.0,960,0.85,764.82,64244.88,0.76,1135.15,0.1,10,5.0,0.01,0,0.0,10.11,113035
139,SELL_A,ST_FLIP_GREEN,2025-09-23T10:00:00,2025-09-23T10:00:00,short,112555,113035,100,0.1,11255.5,100.0,-48,-58.11,-4881.24,-0.06,0,0.0,480,0.43,706.71,59363.64,0.71,1125.55,0.1,10,5.0,0.01,0,0.0,10.11,113035
140,BUY_B,ST_FLIP_RED,2025-09-23T10:00:00,2025-09-23T22:00:00,long,113035,112075,100,0.1,11303.5,100.0,-96,-106.11,-8913.24,-0.11,0,0.0,960,0.85,600.6,50450.4,0.6,1130.35,0.1,10,5.0,0.01,0,0.0,10.11,112555
141,SELL_A,ST_FLIP_GREEN,2025-09-24T10:00:00,2025-09-24T10:00:00,short,112315,112795,100,0.1,11231.5,100.0,-48,-58.11,-4881.24,-0.06,0,0.0,480,0.43,542.49,45569.16,0.54,1123.15,0.1,10,5.0,0.01,0,0.0,10.11,112795
142,BUY_B,ST_FLIP_RED,2025-09-24T10:00:00,2025-09-25T06:00:00,long,112795,112555,100,0.1,11279.5,100.0,-24,-34.11,-2865.24,-0.03,0,0.0,240,0.21,508.38,42703.92,0.51,1127.95,0.1,10,5.0,0.01,0,0.0,10.11,112315
143,SELL_A,ST_FLIP_GREEN,2025-09-25T08:00:00,2025-09-26T22:00:00,short,112315,110155,100,0.1,11231.5,100.0,216,205.89,17294.76,0.21,2160,1.92,0,0.0,714.27,59998.68,0.71,1123.15,0.1,10,5.0,0.01,0,0.0,10.11,112795
144,BUY_B,ST_FLIP_RED,2025-09-26T22:00:00,2025-09-27T00:00:00,long,110155,109195,100,0.1,11015.5,100.0,-96,-106.11,-8913.24,-0.11,0,0.0,960,0.87,608.16,51085.44,0.61,1101.55,0.1,10,5.0,0.01,0,0.0,10.11,109675
145,BUY_B,ST_FLIP_RED,2025-09-28T20:00:00,2025-09-30T14:00:00,long,109915,113275,100,0.1,10991.5,100.0,336,325.89,27374.76,0.33,3360,3.06,0,0.0,934.05,78460.2,0.93,1099.15,0.1,10,5.0,0.01,0,0.0,10.11,109435
146,SELL_B,ST_FLIP_GREEN,2025-09-30T14:00:00,2025-10-01T00:00:00,short,113275,113995,100,0.1,11327.5,100.0,-72,-82.11,-6897.24,-0.08,0,0.0,720,0.64,851.94,71562.96,0.85,1132.75,0.1,10,5.0,0.01,0,0.0,10.11,113755
147,BUY_A,ST_FLIP_RED,2025-10-01T02:00:00,2025-10-01T06:00:00,long,113995,114235,100,0.1,11399.5,100.0,24,13.89,1166.76,0.01,240,0.21,0,0.0,865.83,72729.72,0.87,1139.95,0.1,10,5.0,0.01,0,0.0,10.11,113515
148,SELL_B,ST_FLIP_GREEN,2025-10-01T06:00:00,2025-10-01T12:00:00,short,114235,114715,100,0.1,11423.5,100.0,-48,-58.11,-4881.24,-0.06,0,0.0,480,0.42,807.72,67848.48,0.81,1142.35,0.1,10,5.0,0.01,0,0.0,10.11,114715
149,BUY_A,ST_FLIP_RED,2025-10-01T12:00:00,2025-10-02T00:00:00,long,114955,117355,100,0.1,11495.5,100.0,240,229.89,19310.76,0.23,2400,2.09,0,0.0,1037.61,87159.24,1.04,1149.55,0.1,10,5.0,0.01,0,0.0,10.11,114475
150,SELL_B,ST_FLIP_GREEN,2025-10-02T00:00:00,2025-10-02T04:00:00,short,117355,117835,100,0.1,11735.5,100.0,-48,-58.11,-4881.24,-0.06,0,0.0,480,0.41,979.5,82278.0,0.98,1173.55,0.1,10,5.0,0.01,0,0.0,10.11,117835
151,BUY_A,ST_FLIP_RED,2025-10-02T04:00:00,2025-10-03T14:00:00,long,118555,120235,100,0.1,11855.5,100.0,168,157.89,13262.76,0.16,1680,1.42,0,0.0,1137.39,95540.76,1.14,1185.55,0.1,10,5.0,0.01,0,0.0,10.11,118075
152,SELL_B,ST_FLIP_GREEN,2025-10-03T14:00:00,2025-10-03T20:00:00,short,120235,120715,100,0.1,12023.5,100.0,-48,-58.11,-4881.24,-0.06,0,0.0,480,0.4,1079.28,90659.52,1.08,1202.35,0.1,10,5.0,0.01,0,0.0,10.11,120715
153,BUY_A,ST_FLIP_RED,2025-10-03T20:00:00,2025-10-03T22:00:00,long,121435,122635,100,0.1,12143.5,100.0,120,109.89,9230.76,0.11,1200,0.99,0,0.0,1189.17,99890.28,1.19,1214.35,0.1,10,5.0,0.01,0,0.0,10.11,120955
154,SELL_B,ST_FLIP_GREEN,2025-10-03T22:00:00,2025-10-04T16:00:00,short,122635,122155,100,0.1,12263.5,100.0,48,37.89,3182.76,0.04,480,0.39,0,0.0,1227.06,103073.04,1.23,1226.35,0.1,10,5.0,0.01,0,0.0,10.11,123115
155,SELL_B,ST_FLIP_GREEN,2025-10-04T20:00:00,2025-10-05T06:00:00,short,121675,122635,100,0.1,12167.5,100.0,-96,-106.11,-8913.24,-0.11,0,0.0,960,0.79,1120.95,94159.8,1.12,1216.75,0.1,10,5.0,0.01,0,0.0,10.11,122155
156,BUY_A,ST_FLIP_RED,2025-10-05T08:00:00,2025-10-05T14:00:00,long,122875,123835,100,0.1,12287.5,100.0,96,85.89,7214.76,0.09,960,0.78,0,0.0,1206.84,101374.56,1.21,1228.75,0.1,10,5.0,0.01,0,0.0,10.11,122395
157,SELL_A,ST_FLIP_GREEN,2025-10-05T14:00:00,2025-10-06T04:00:00,short,123835,123835,100,0.1,12383.5,100.0,0,-10.11,-849.24,-0.01,0,0.0,0,0.0,1196.73,100525.32,1.2,1238.35,0.1,10,5.0,0.01,0,0.0,10.11,124315
158,BUY_A,ST_FLIP_RED,2025-10-06T16:00:00,2025-10-07T10:00:00,long,124075,124075,100,0.1,12407.5,100.0,0,-10.11,-849.24,-0.01,0,0.0,0,0.0,1186.62,99676.08,1.19,1240.75,0.1,10,5.0,0.01,0,0.0,10.11,123595
159,SELL_A,ST_FLIP_GREEN,2025-10-07T10:00:00,2025-10-07T18:00:00,short,124075,124075,100,0.1,12407.5,100.0,0,-10.11,-849.24,-0.01,0,0.0,0,0.0,1176.51,98826.84,1.18,1240.75,0.1,10,5.0,0.01,0,0.0,10.11,124555
160,SELL_B,ST_FLIP_GREEN,2025-10-07T18:00:00,2025-10-08T00:00:00,short,123595,121675,100,0.1,12359.5,100.0,192,181.89,15278.76,0.18,1920,1.55,0,0.0,1358.4,114105.6,1.36,1235.95,0.1,10,5.0,0.01,0,0.0,10.11,124075
161,BUY_A,ST_FLIP_RED,2025-10-08T00:00:00,2025-10-08T06:00:00,long,121675,121915,100,0.1,12167.5,100.0,24,13.89,1166.76,0.01,240,0.2,0,0.0,1372.29,115272.36,1.37,1216.75,0.1,10,5.0,0.01,0,0.0,10.11,121195
162,BUY_B,ST_FLIP_RED,2025-10-08T08:00:00,2025-10-09T06:00:00,long,121675,122395,100,0.1,12167.5,100.0,72,61.89,5198.76,0.06,720,0.59,0,0.0,1434.18,120471.12,1.43,1216.75,0.1,10,5.0,0.01,0,0.0,10.11,121195
163,SELL_A,ST_FLIP_GREEN,2025-10-09T06:00:00,2025-10-09T16:00:00,short,122155,122155,100,0.1,12215.5,100.0,0,-10.11,-849.24,-0.01,0,0.0,0,0.0,1424.07,119621.88,1.42,1221.55,0.1,10,5.0,0.01,0,0.0,10.11,122635
164,BUY_A,ST_FLIP_RED,2025-10-09T16:00:00,2025-10-09T18:00:00,long,122395,121915,100,0.1,12239.5,100.0,-48,-58.11,-4881.24,-0.06,0,0.0,480,0.39,1365.96,114740.64,1.37,1223.95,0.1,10,5.0,0.01,0,0.0,10.11,121915
165,SELL_A,ST_FLIP_GREEN,2025-10-09T18:00:00,2025-10-10T02:00:00,short,121675,121675,100,0.1,12167.5,100.0,0,-10.11,-849.24,-0.01,0,0.0,0,0.0,1355.85,113891.4,1.36,1216.75,0.1,10,5.0,0.01,0,0.0,10.11,122155
166,BUY_A,ST_FLIP_RED,2025-10-10T02:00:00,2025-10-10T20:00:00,long,121675,120715,100,0.1,12167.5,100.0,-96,-106.11,-8913.24,-0.11,0,0.0,960,0.79,1249.74,104978.16,1.25,1216.75,0.1,10,5.0,0.01,0,0.0,10.11,121195
167,SELL_A,ST_FLIP_GREEN,2025-10-10T20:00:00,2025-10-11T14:00:00,short,120475,112075,100,0.1,12047.5,100.0,840,829.89,69710.76,0.83,8400,6.97,0,0.0,2079.63,174688.92,2.08,1204.75,0.1,10,5.0,0.01,0,0.0,10.11,120955
168,BUY_B,ST_FLIP_RED,2025-10-11T14:00:00,2025-10-12T00:00:00,long,112075,111355,100,0.1,11207.5,100.0,-72,-82.11,-6897.24,-0.08,0,0.0,720,0.64,1997.52,167791.68,2.0,1120.75,0.1,10,5.0,0.01,0,0.0,10.11,111595
169,SELL_A,ST_FLIP_GREEN,2025-10-12T04:00:00,2025-10-12T08:00:00,short,110395,110875,100,0.1,11039.5,100.0,-48,-58.11,-4881.24,-0.06,0,0.0,480,0.43,1939.41,162910.44,1.94,1103.95,0.1,10,5.0,0.01,0,0.0,10.11,110875
170,BUY_B,ST_FLIP_RED,2025-10-12T08:00:00,2025-10-13T16:00:00,long,110875,114235,100,0.1,11087.5,100.0,336,325.89,27374.76,0.33,3360,3.03,0,0.0,2265.3,190285.2,2.27,1108.75,0.1,10,5.0,0.01,0,0.0,10.11,110395
171,SELL_B,ST_FLIP_GREEN,2025-10-13T16:00:00,2025-10-13T22:00:00,short,114235,115195,100,0.1,11423.5,100.0,-96,-106.11,-8913.24,-0.11,0,0.0,960,0.84,2159.19,181371.96,2.16,1142.35,0.1,10,5.0,0.01,0,0.0,10.11,114715
172,SELL_B,ST_FLIP_GREEN,2025-10-14T06:00:00,2025-10-14T16:00:00,short,114475,111355,100,0.1,11447.5,100.0,312,301.89,25358.76,0.3,3120,2.73,0,0.0,2461.08,206730.72,2.46,1144.75,0.1,10,5.0,0.01,0,0.0,10.11,114955
173,BUY_B,ST_FLIP_RED,2025-10-14T16:00:00,2025-10-15T08:00:00,long,111355,112555,100,0.1,11135.5,100.0,120,109.89,9230.76,0.11,1200,1.08,0,0.0,2570.97,215961.48,2.57,1113.55,0.1,10,5.0,0.01,0,0.0,10.11,110875
174,SELL_A,ST_FLIP_GREEN,2025-10-15T08:00:00,2025-10-15T12:00:00,short,112315,113035,100,0.1,11231.5,100.0,-72,-82.11,-6897.24,-0.08,0,0.0,720,0.64,2488.86,209064.24,2.49,1123.15,0.1,10,5.0,0.01,0,0.0,10.11,112795
175,BUY_A,ST_FLIP_RED,2025-10-15T12:00:00,2025-10-15T14:00:00,long,113275,112315,100,0.1,11327.5,100.0,-96,-106.11,-8913.24,-0.11,0,0.0,960,0.85,2382.75,200151.0,2.38,1132.75,0.1,10,5.0,0.01,0,0.0,10.11,112795
176,SELL_A,ST_FLIP_GREEN,2025-10-15T14:00:00,2025-10-16T12:00:00,short,112315,111115,100,0.1,11231.5,100.0,120,109.89,9230.76,0.11,1200,1.07,0,0.0,2492.64,209381.76,2.49,1123.15,0.1,10,5.0,0.01,0,0.0,10.11,112795
177,BUY_A,ST_FLIP_RED,2025-10-16T12:00:00,2025-10-16T12:00:00,long,111115,110635,100,0.1,11111.5,100.0,-48,-58.11,-4881.24,-0.06,0,0.0,480,0.43,2434.53,204500.52,2.43,1111.15,0.1,10,5.0,0.01,0,0.0,10.11,110635
178,SELL_A,ST_FLIP_GREEN,2025-10-16T12:00:00,2025-10-16T14:00:00,short,110635,111355,100,0.1,11063.5,100.0,-72,-82.11,-6897.24,-0.08,0,0.0,720,0.65,2352.42,197603.28,2.35,1106.35,0.1,10,5.0,0.01,0,0.0,10.11,111115
179,BUY_B,ST_FLIP_RED,2025-10-16T14:00:00,2025-10-16T18:00:00,long,111355,110395,100,0.1,11135.5,100.0,-96,-106.11,-8913.24,-0.11,0,0.0,960,0.86,2246.31,188690.04,2.25,1113.55,0.1,10,5.0,0.01,0,0.0,10.11,110875
180,SELL_A,ST_FLIP_GREEN,2025-10-16T18:00:00,2025-10-17T08:00:00,short,110155,108955,100,0.1,11015.5,100.0,120,109.89,9230.76,0.11,1200,1.09,0,0.0,2356.2,197920.8,2.36,1101.55,0.1,10,5.0,0.01,0,0.0,10.11,110635
181,BUY_A,ST_FLIP_RED,2025-10-17T08:00:00,2025-10-17T10:00:00,long,108955,107995,100,0.1,10895.5,100.0,-96,-106.11,-8913.24,-0.11,0,0.0,960,0.88,2250.09,189007.56,2.25,1089.55,0.1,10,5.0,0.01,0,0.0,10.11,108475
182,SELL_A,ST_FLIP_GREEN,2025-10-17T12:00:00,2025-10-17T16:00:00,short,107515,105115,100,0.1,10751.5,100.0,240,229.89,19310.76,0.23,2400,2.23,0,0.0,2479.98,208318.32,2.48,1075.15,0.1,10,5.0,0.01,0,0.0,10.11,107995
183,BUY_B,ST_FLIP_RED,2025-10-17T16:00:00,2025-10-17T20:00:00,long,105115,105355,100,0.1,10511.5,100.0,24,13.89,1166.76,0.01,240,0.23,0,0.0,2493.87,209485.08,2.49,1051.15,0.1,10,5.0,0.01,0,0.0,10.11,104635
184,BUY_B,ST_FLIP_RED,2025-10-17T20:00:00,2025-10-20T04:00:00,long,105835,107995,100,0.1,10583.5,100.0,216,205.89,17294.76,0.21,2160,2.04,0,0.0,2699.76,226779.84,2.7,1058.35,0.1,10,5.0,0.01,0,0.0,10.11,105355
185,SELL_A,ST_FLIP_GREEN,2025-10-20T04:00:00,2025-10-20T06:00:00,short,107995,108475,100,0.1,10799.5,100.0,-48,-58.11,-4881.24,-0.06,0,0.0,480,0.44,2641.65,221898.6,2.64,1079.95,0.1,10,5.0,0.01,0,0.0,10.11,108475
186,BUY_A,ST_FLIP_RED,2025-10-20T08:00:00,2025-10-21T00:00:00,long,108955,110875,100,0.1,10895.5,100.0,192,181.89,15278.76,0.18,1920,1.76,0,0.0,2823.54,237177.36,2.82,1089.55,0.1,10,5.0,0.01,0,0.0,10.11,108475
187,SELL_B,ST_FLIP_GREEN,2025-10-21T00:00:00,2025-10-21T02:00:00,short,110875,110635,100,0.1,11087.5,100.0,24,13.89,1166.76,0.01,240,0.22,0,0.0,2837.43,238344.12,2.84,1108.75,0.1,10,5.0,0.01,0,0.0,10.11,111355
188,SELL_B,ST_FLIP_GREEN,2025-10-21T06:00:00,2025-10-21T16:00:00,short,109915,108715,100,0.1,10991.5,100.0,120,109.89,9230.76,0.11,1200,1.09,0,0.0,2947.32,247574.88,2.95,1099.15,0.1,10,5.0,0.01,0,0.0,10.11,110395
189,BUY_A,ST_FLIP_RED,2025-10-21T16:00:00,2025-10-21T22:00:00,long,108715,112555,100,0.1,10871.5,100.0,384,373.89,31406.76,0.37,3840,3.53,0,0.0,3321.21,278981.64,3.32,1087.15,0.1,10,5.0,0.01,0,0.0,10.11,108235
190,SELL_B,ST_FLIP_GREEN,2025-10-21T22:00:00,2025-10-22T10:00:00,short,112555,108235,100,0.1,11255.5,100.0,432,421.89,35438.76,0.42,4320,3.84,0,0.0,3743.1,314420.4,3.74,1125.55,0.1,10,5.0,0.01,0,0.0,10.11,113035
191,BUY_B,ST_FLIP_RED,2025-10-22T10:00:00,2025-10-22T20:00:00,long,108235,108475,100,0.1,10823.5,100.0,24,13.89,1166.76,0.01,240,0.22,0,0.0,3756.99,315587.16,3.76,1082.35,0.1,10,5.0,0.01,0,0.0,10.11,107755
192,SELL_A,ST_FLIP_GREEN,2025-10-23T02:00:00,2025-10-23T06:00:00,short,107275,107995,100,0.1,10727.5,100.0,-72,-82.11,-6897.24,-0.08,0,0.0,720,0.67,3674.88,308689.92,3.67,1072.75,0.1,10,5.0,0.01,0,0.0,10.11,107755
193,BUY_B,ST_FLIP_RED,2025-10-23T06:00:00,2025-10-23T20:00:00,long,107995,109435,100,0.1,10799.5,100.0,144,133.89,11246.76,0.13,1440,1.33,0,0.0,3808.77,319936.68,3.81,1079.95,0.1,10,5.0,0.01,0,0.0,10.11,107515
194,BUY_B,ST_FLIP_RED,2025-10-23T20:00:00,2025-10-24T18:00:00,long,109915,110155,100,0.1,10991.5,100.0,24,13.89,1166.76,0.01,240,0.22,0,0.0,3822.66,321103.44,3.82,1099.15,0.1,10,5.0,0.01,0,0.0,10.11,109435
195,SELL_A,ST_FLIP_GREEN,2025-10-24T18:00:00,2025-10-25T02:00:00,short,110155,110875,100,0.1,11015.5,100.0,-72,-82.11,-6897.24,-0.08,0,0.0,720,0.65,3740.55,314206.2,3.74,1101.55,0.1,10,5.0,0.01,0,0.0,10.11,110635
196,BUY_A,ST_FLIP_RED,2025-10-25T12:00:00,2025-10-27T14:00:00,long,111355,115435,100,0.1,11135.5,100.0,408,397.89,33422.76,0.4,4080,3.66,0,0.0,4138.44,347628.96,4.14,1113.55,0.1,10,5.0,0.01,0,0.0,10.11,110875
197,SELL_B,ST_FLIP_GREEN,2025-10-27T14:00:00,2025-10-27T18:00:00,short,115435,115195,100,0.1,11543.5,100.0,24,13.89,1166.76,0.01,240,0.21,0,0.0,4152.33,348795.72,4.15,1154.35,0.1,10,5.0,0.01,0,0.0,10.11,115915
198,SELL_B,ST_FLIP_GREEN,2025-10-27T20:00:00,2025-10-28T16:00:00,short,115195,114235,100,0.1,11519.5,100.0,96,85.89,7214.76,0.09,960,0.83,0,0.0,4238.22,356010.48,4.24,1151.95,0.1,10,5.0,0.01,0,0.0,10.11,115675
199,BUY_A,ST_FLIP_RED,2025-10-28T18:00:00,2025-10-28T20:00:00,long,114955,114955,100,0.1,11495.5,100.0,0,-10.11,-849.24,-0.01,0,0.0,0,0.0,4228.11,355161.24,4.23,1149.55,0.1,10,5.0,0.01,0,0.0,10.11,114475
200,SELL_A,ST_FLIP_GREEN,2025-10-28T20:00:00,2025-10-29T04:00:00,short,114955,112795,100,0.1,11495.5,100.0,216,205.89,17294.76,0.21,2160,1.88,0,0.0,4434.0,372456.0,4.43,1149.55,0.1,10,5.0,0.01,0,0.0,10.11,115435
201,BUY_A,ST_FLIP_RED,2025-10-29T04:00:00,2025-10-29T12:00:00,long,112795,113035,100,0.1,11279.5,100.0,24,13.89,1166.76,0.01,240,0.21,0,0.0,4447.89,373622.76,4.45,1127.95,0.1,10,5.0,0.01,0,0.0,10.11,112315
202,SELL_A,ST_FLIP_GREEN,2025-10-29T18:00:00,2025-10-30T10:00:00,short,112075,109435,100,0.1,11207.5,100.0,264,253.89,21326.76,0.25,2640,2.36,0,0.0,4701.78,394949.52,4.7,1120.75,0.1,10,5.0,0.01,0,0.0,10.11,112555
203,BUY_B,ST_FLIP_RED,2025-10-30T10:00:00,2025-10-30T16:00:00,long,109435,109435,100,0.1,10943.5,100.0,0,-10.11,-849.24,-0.01,0,0.0,0,0.0,4691.67,394100.28,4.69,1094.35,0.1,10,5.0,0.01,0,0.0,10.11,108955
204,SELL_A,ST_FLIP_GREEN,2025-10-30T16:00:00,2025-10-31T04:00:00,short,108955,108235,100,0.1,10895.5,100.0,72,61.89,5198.76,0.06,720,0.66,0,0.0,4753.56,399299.04,4.75,1089.55,0.1,10,5.0,0.01,0,0.0,10.11,109435
205,BUY_A,ST_FLIP_RED,2025-10-31T04:00:00,2025-11-01T08:00:00,long,108235,109675,100,0.1,10823.5,100.0,144,133.89,11246.76,0.13,1440,1.33,0,0.0,4887.45,410545.8,4.89,1082.35,0.1,10,5.0,0.01,0,0.0,10.11,107755
206,BUY_B,ST_FLIP_RED,2025-11-01T08:00:00,2025-11-01T20:00:00,long,110155,110155,100,0.1,11015.5,100.0,0,-10.11,-849.24,-0.01,0,0.0,0,0.0,4877.34,409696.56,4.88,1101.55,0.1,10,5.0,0.01,0,0.0,10.11,109675
207,SELL_A,ST_FLIP_GREEN,2025-11-01T20:00:00,2025-11-02T16:00:00,short,110155,110875,100,0.1,11015.5,100.0,-72,-82.11,-6897.24,-0.08,0,0.0,720,0.65,4795.23,402799.32,4.8,1101.55,0.1,10,5.0,0.01,0,0.0,10.11,110635
208,BUY_B,ST_FLIP_RED,2025-11-02T16:00:00,2025-11-03T00:00:00,long,110875,109915,100,0.1,11087.5,100.0,-96,-106.11,-8913.24,-0.11,0,0.0,960,0.87,4689.12,393886.08,4.69,1108.75,0.1,10,5.0,0.01,0,0.0,10.11,110395
209,SELL_A,ST_FLIP_GREEN,2025-11-03T00:00:00,2025-11-03T16:00:00,short,109915,108235,100,0.1,10991.5,100.0,168,157.89,13262.76,0.16,1680,1.53,0,0.0,4847.01,407148.84,4.85,1099.15,0.1,10,5.0,0.01,0,0.0,10.11,110395
210,BUY_A,ST_FLIP_RED,2025-11-03T16:00:00,2025-11-03T18:00:00,long,108235,107275,100,0.1,10823.5,100.0,-96,-106.11,-8913.24,-0.11,0,0.0,960,0.89,4740.9,398235.6,4.74,1082.35,0.1,10,5.0,0.01,0,0.0,10.11,107755
211,SELL_A,ST_FLIP_GREEN,2025-11-03T20:00:00,2025-11-04T00:00:00,short,106795,106795,100,0.1,10679.5,100.0,0,-10.11,-849.24,-0.01,0,0.0,0,0.0,4730.79,397386.36,4.73,1067.95,0.1,10,5.0,0.01,0,0.0,10.11,107275
212,BUY_B,ST_FLIP_RED,2025-11-04T00:00:00,2025-11-04T02:00:00,long,106795,106315,100,0.1,10679.5,100.0,-48,-58.11,-4881.24,-0.06,0,0.0,480,0.45,4672.68,392505.12,4.67,1067.95,0.1,10,5.0,0.01,0,0.0,10.11,106315
213,SELL_A,ST_FLIP_GREEN,2025-11-04T04:00:00,2025-11-04T06:00:00,short,106075,106795,100,0.1,10607.5,100.0,-72,-82.11,-6897.24,-0.08,0,0.0,720,0.68,4590.57,385607.88,4.59,1060.75,0.1,10,5.0,0.01,0,0.0,10.11,106555
214,BUY_B,ST_FLIP_RED,2025-11-04T06:00:00,2025-11-04T10:00:00,long,106795,106075,100,0.1,10679.5,100.0,-72,-82.11,-6897.24,-0.08,0,0.0,720,0.67,4508.46,378710.64,4.51,1067.95,0.1,10,5.0,0.01,0,0.0,10.11,106315
215,SELL_A,ST_FLIP_GREEN,2025-11-04T10:00:00,2025-11-05T08:00:00,short,105595,101515,100,0.1,10559.5,100.0,408,397.89,33422.76,0.4,4080,3.86,0,0.0,4906.35,412133.4,4.91,1055.95,0.1,10,5.0,0.01,0,0.0,10.11,106075
216,BUY_B,ST_FLIP_RED,2025-11-05T08:00:00,2025-11-06T06:00:00,long,101515,102955,100,0.1,10151.5,100.0,144,133.89,11246.76,0.13,1440,1.42,0,0.0,5040.24,423380.16,5.04,1015.15,0.1,10,5.0,0.01,0,0.0,10.11,101035
217,SELL_A,ST_FLIP_GREEN,2025-11-06T08:00:00,2025-11-06T08:00:00,short,103435,103915,100,0.1,10343.5,100.0,-48,-58.11,-4881.24,-0.06,0,0.0,480,0.46,4982.13,418498.92,4.98,1034.35,0.1,10,5.0,0.01,0,0.0,10.11,103915
218,BUY_A,ST_FLIP_RED,2025-11-06T12:00:00,2025-11-06T16:00:00,long,103435,102955,100,0.1,10343.5,100.0,-48,-58.11,-4881.24,-0.06,0,0.0,480,0.46,4924.02,413617.68,4.92,1034.35,0.1,10,5.0,0.01,0,0.0,10.11,102955
219,SELL_B,ST_FLIP_GREEN,2025-11-06T16:00:00,2025-11-07T08:00:00,short,102955,101995,100,0.1,10295.5,100.0,96,85.89,7214.76,0.09,960,0.93,0,0.0,5009.91,420832.44,5.01,1029.55,0.1,10,5.0,0.01,0,0.0,10.11,103435
220,BUY_A,ST_FLIP_RED,2025-11-07T08:00:00,2025-11-07T14:00:00,long,101995,101035,100,0.1,10199.5,100.0,-96,-106.11,-8913.24,-0.11,0,0.0,960,0.94,4903.8,411919.2,4.9,1019.95,0.1,10,5.0,0.01,0,0.0,10.11,101515
221,SELL_A,ST_FLIP_GREEN,2025-11-07T14:00:00,2025-11-07T20:00:00,short,100795,101035,100,0.1,10079.5,100.0,-24,-34.11,-2865.24,-0.03,0,0.0,240,0.24,4869.69,409053.96,4.87,1007.95,0.1,10,5.0,0.01,0,0.0,10.11,101275
222,BUY_A,ST_FLIP_RED,2025-11-07T20:00:00,2025-11-08T08:00:00,long,101035,102715,100,0.1,10103.5,100.0,168,157.89,13262.76,0.16,1680,1.66,0,0.0,5027.58,422316.72,5.03,1010.35,0.1,10,5.0,0.01,0,0.0,10.11,100555
223,SELL_A,ST_FLIP_GREEN,2025-11-08T08:00:00,2025-11-09T04:00:00,short,102715,101995,100,0.1,10271.5,100.0,72,61.89,5198.76,0.06,720,0.7,0,0.0,5089.47,427515.48,5.09,1027.15,0.1,10,5.0,0.01,0,0.0,10.11,103195
224,SELL_B,ST_FLIP_GREEN,2025-11-09T04:00:00,2025-11-09T14:00:00,short,101515,101755,100,0.1,10151.5,100.0,-24,-34.11,-2865.24,-0.03,0,0.0,240,0.24,5055.36,424650.24,5.06,1015.15,0.1,10,5.0,0.01,0,0.0,10.11,101995
225,BUY_A,ST_FLIP_RED,2025-11-09T14:00:00,2025-11-10T20:00:00,long,101755,105115,100,0.1,10175.5,100.0,336,325.89,27374.76,0.33,3360,3.3,0,0.0,5381.25,452025.0,5.38,1017.55,0.1,10,5.0,0.01,0,0.0,10.11,101275
226,SELL_B,ST_FLIP_GREEN,2025-11-10T20:00:00,2025-11-10T22:00:00,short,105115,106075,100,0.1,10511.5,100.0,-96,-106.11,-8913.24,-0.11,0,0.0,960,0.91,5275.14,443111.76,5.28,1051.15,0.1,10,5.0,0.01,0,0.0,10.11,105595
227,SELL_B,ST_FLIP_GREEN,2025-11-11T06:00:00,2025-11-11T06:00:00,short,105835,106555,100,0.1,10583.5,100.0,-72,-82.11,-6897.24,-0.08,0,0.0,720,0.68,5193.03,436214.52,5.19,1058.35,0.1,10,5.0,0.01,0,0.0,10.11,106315
228,BUY_A,ST_FLIP_RED,2025-11-11T08:00:00,2025-11-11T10:00:00,long,106075,105595,100,0.1,10607.5,100.0,-48,-58.11,-4881.24,-0.06,0,0.0,480,0.45,5134.92,431333.28,5.13,1060.75,0.1,10,5.0,0.01,0,0.0,10.11,105595
229,SELL_B,ST_FLIP_GREEN,2025-11-11T10:00:00,2025-11-12T14:00:00,short,105595,103915,100,0.1,10559.5,100.0,168,157.89,13262.76,0.16,1680,1.59,0,0.0,5292.81,444596.04,5.29,1055.95,0.1,10,5.0,0.01,0,0.0,10.11,106075
230,BUY_A,ST_FLIP_RED,2025-11-12T14:00:00,2025-11-12T20:00:00,long,103915,103915,100,0.1,10391.5,100.0,0,-10.11,-849.24,-0.01,0,0.0,0,0.0,5282.7,443746.8,5.28,1039.15,0.1,10,5.0,0.01,0,0.0,10.11,103435
231,SELL_A,ST_FLIP_GREEN,2025-11-12T20:00:00,2025-11-13T10:00:00,short,103675,102475,100,0.1,10367.5,100.0,120,109.89,9230.76,0.11,1200,1.16,0,0.0,5392.59,452977.56,5.39,1036.75,0.1,10,5.0,0.01,0,0.0,10.11,104155
232,BUY_A,ST_FLIP_RED,2025-11-13T10:00:00,2025-11-13T18:00:00,long,102475,102715,100,0.1,10247.5,100.0,24,13.89,1166.76,0.01,240,0.23,0,0.0,5406.48,454144.32,5.41,1024.75,0.1,10,5.0,0.01,0,0.0,10.11,101995
233,SELL_A,ST_FLIP_GREEN,2025-11-13T18:00:00,2025-11-14T02:00:00,short,102475,99595,100,0.1,10247.5,100.0,288,277.89,23342.76,0.28,2880,2.81,0,0.0,5684.37,477487.08,5.68,1024.75,0.1,10,5.0,0.01,0,0.0,10.11,102955
234,BUY_B,ST_FLIP_RED,2025-11-14T02:00:00,2025-11-14T10:00:00,long,99595,98635,100,0.1,9959.5,100.0,-96,-106.11,-8913.24,-0.11,0,0.0,960,0.96,5578.26,468573.84,5.58,995.95,0.1,10,5.0,0.01,0,0.0,10.11,99115
235,SELL_A,ST_FLIP_GREEN,2025-11-14T10:00:00,2025-11-14T20:00:00,short,97915,96475,100,0.1,9791.5,100.0,144,133.89,11246.76,0.13,1440,1.47,0,0.0,5712.15,479820.6,5.71,979.15,0.1,10,5.0,0.01,0,0.0,10.11,98395
236,BUY_B,ST_FLIP_RED,2025-11-14T20:00:00,2025-11-14T22:00:00,long,96475,95995,100,0.1,9647.5,100.0,-48,-58.11,-4881.24,-0.06,0,0.0,480,0.5,5654.04,474939.36,5.65,964.75,0.1,10,5.0,0.01,0,0.0,10.11,95995
237,SELL_A,ST_FLIP_GREEN,2025-11-15T00:00:00,2025-11-15T06:00:00,short,95275,95995,100,0.1,9527.5,100.0,-72,-82.11,-6897.24,-0.08,0,0.0,720,0.76,5571.93,468042.12,5.57,952.75,0.1,10,5.0,0.01,0,0.0,10.11,95755
238,BUY_A,ST_FLIP_RED,2025-11-15T06:00:00,2025-11-16T04:00:00,long,95995,95275,100,0.1,9599.5,100.0,-72,-82.11,-6897.24,-0.08,0,0.0,720,0.75,5489.82,461144.88,5.49,959.95,0.1,10,5.0,0.01,0,0.0,10.11,95515
239,BUY_B,ST_FLIP_RED,2025-11-16T14:00:00,2025-11-16T18:00:00,long,96235,95275,100,0.1,9623.5,100.0,-96,-106.11,-8913.24,-0.11,0,0.0,960,1.0,5383.71,452231.64,5.38,962.35,0.1,10,5.0,0.01,0,0.0,10.11,95755
240,SELL_A,ST_FLIP_GREEN,2025-11-16T20:00:00,2025-11-17T02:00:00,short,95035,94555,100,0.1,9503.5,100.0,48,37.89,3182.76,0.04,480,0.51,0,0.0,5421.6,455414.4,5.42,950.35,0.1,10,5.0,0.01,0,0.0,10.11,95515
241,BUY_A,ST_FLIP_RED,2025-11-17T02:00:00,2025-11-17T02:00:00,long,94555,94075,100,0.1,9455.5,100.0,-48,-58.11,-4881.24,-0.06,0,0.0,480,0.51,5363.49,450533.16,5.36,945.55,0.1,10,5.0,0.01,0,0.0,10.11,94075
242,SELL_A,ST_FLIP_GREEN,2025-11-17T02:00:00,2025-11-17T04:00:00,short,94075,94555,100,0.1,9407.5,100.0,-48,-58.11,-4881.24,-0.06,0,0.0,480,0.51,5305.38,445651.92,5.31,940.75,0.1,10,5.0,0.01,0,0.0,10.11,94555
243,BUY_A,ST_FLIP_RED,2025-11-17T04:00:00,2025-11-17T18:00:00,long,94555,94795,100,0.1,9455.5,100.0,24,13.89,1166.76,0.01,240,0.25,0,0.0,5319.27,446818.68,5.32,945.55,0.1,10,5.0,0.01,0,0.0,10.11,94075
244,SELL_A,ST_FLIP_GREEN,2025-11-17T18:00:00,2025-11-18T12:00:00,short,94555,90955,100,0.1,9455.5,100.0,360,349.89,29390.76,0.35,3600,3.81,0,0.0,5669.16,476209.44,5.67,945.55,0.1,10,5.0,0.01,0,0.0,10.11,95035
245,BUY_B,ST_FLIP_RED,2025-11-18T12:00:00,2025-11-19T04:00:00,long,90955,92635,100,0.1,9095.5,100.0,168,157.89,13262.76,0.16,1680,1.85,0,0.0,5827.05,489472.2,5.83,909.55,0.1,10,5.0,0.01,0,0.0,10.11,90475
246,SELL_A,ST_FLIP_GREEN,2025-11-19T04:00:00,2025-11-19T12:00:00,short,92635,91915,100,0.1,9263.5,100.0,72,61.89,5198.76,0.06,720,0.78,0,0.0,5888.94,494670.96,5.89,926.35,0.1,10,5.0,0.01,0,0.0,10.11,93115
247,BUY_A,ST_FLIP_RED,2025-11-19T16:00:00,2025-11-19T20:00:00,long,91435,90955,100,0.1,9143.5,100.0,-48,-58.11,-4881.24,-0.06,0,0.0,480,0.52,5830.83,489789.72,5.83,914.35,0.1,10,5.0,0.01,0,0.0,10.11,90955
248,SELL_A,ST_FLIP_GREEN,2025-11-19T20:00:00,2025-11-20T02:00:00,short,90955,90235,100,0.1,9095.5,100.0,72,61.89,5198.76,0.06,720,0.79,0,0.0,5892.72,494988.48,5.89,909.55,0.1,10,5.0,0.01,0,0.0,10.11,91435
249,BUY_A,ST_FLIP_RED,2025-11-20T02:00:00,2025-11-20T18:00:00,long,90235,91435,100,0.1,9023.5,100.0,120,109.89,9230.76,0.11,1200,1.33,0,0.0,6002.61,504219.24,6.0,902.35,0.1,10,5.0,0.01,0,0.0,10.11,89755
250,SELL_A,ST_FLIP_GREEN,2025-11-20T18:00:00,2025-11-21T02:00:00,short,91435,88075,100,0.1,9143.5,100.0,336,325.89,27374.76,0.33,3360,3.67,0,0.0,6328.5,531594.0,6.33,914.35,0.1,10,5.0,0.01,0,0.0,10.11,91915
251,BUY_B,ST_FLIP_RED,2025-11-21T02:00:00,2025-11-21T04:00:00,long,88075,87355,100,0.1,8807.5,100.0,-72,-82.11,-6897.24,-0.08,0,0.0,720,0.82,6246.39,524696.76,6.25,880.75,0.1,10,5.0,0.01,0,0.0,10.11,87595
252,SELL_A,ST_FLIP_GREEN,2025-11-21T06:00:00,2025-11-21T18:00:00,short,86635,82075,100,0.1,8663.5,100.0,456,445.89,37454.76,0.45,4560,5.26,0,0.0,6692.28,562151.52,6.69,866.35,0.1,10,5.0,0.01,0,0.0,10.11,87115
253,BUY_B,ST_FLIP_RED,2025-11-21T18:00:00,2025-11-21T22:00:00,long,82075,83515,100,0.1,8207.5,100.0,144,133.89,11246.76,0.13,1440,1.75,0,0.0,6826.17,573398.28,6.83,820.75,0.1,10,5.0,0.01,0,0.0,10.11,81595
254,BUY_B,ST_FLIP_RED,2025-11-21T22:00:00,2025-11-22T00:00:00,long,83995,83275,100,0.1,8399.5,100.0,-72,-82.11,-6897.24,-0.08,0,0.0,720,0.86,6744.06,566501.04,6.74,839.95,0.1,10,5.0,0.01,0,0.0,10.11,83515
255,SELL_A,ST_FLIP_GREEN,2025-11-22T00:00:00,2025-11-22T02:00:00,short,83275,84235,100,0.1,8327.5,100.0,-96,-106.11,-8913.24,-0.11,0,0.0,960,1.15,6637.95,557587.8,6.64,832.75,0.1,10,5.0,0.01,0,0.0,10.11,83755
256,BUY_A,ST_FLIP_RED,2025-11-22T02:00:00,2025-11-22T08:00:00,long,84235,83995,100,0.1,8423.5,100.0,-24,-34.11,-2865.24,-0.03,0,0.0,240,0.28,6603.84,554722.56,6.6,842.35,0.1,10,5.0,0.01,0,0.0,10.11,83755
257,SELL_A,ST_FLIP_GREEN,2025-11-22T08:00:00,2025-11-22T14:00:00,short,83995,83995,100,0.1,8399.5,100.0,0,-10.11,-849.24,-0.01,0,0.0,0,0.0,6593.73,553873.32,6.59,839.95,0.1,10,5.0,0.01,0,0.0,10.11,84475
258,SELL_B,ST_FLIP_GREEN,2025-11-22T18:00:00,2025-11-22T18:00:00,short,83995,84715,100,0.1,8399.5,100.0,-72,-82.11,-6897.24,-0.08,0,0.0,720,0.86,6511.62,546976.08,6.51,839.95,0.1,10,5.0,0.01,0,0.0,10.11,84475
259,BUY_A,ST_FLIP_RED,2025-11-22T18:00:00,2025-11-24T04:00:00,long,84715,86875,100,0.1,8471.5,100.0,216,205.89,17294.76,0.21,2160,2.55,0,0.0,6717.51,564270.84,6.72,847.15,0.1,10,5.0,0.01,0,0.0,10.11,84235
260,SELL_B,ST_FLIP_GREEN,2025-11-24T04:00:00,2025-11-24T06:00:00,short,86875,87355,100,0.1,8687.5,100.0,-48,-58.11,-4881.24,-0.06,0,0.0,480,0.55,6659.4,559389.6,6.66,868.75,0.1,10,5.0,0.01,0,0.0,10.11,87355
261,BUY_A,ST_FLIP_RED,2025-11-24T06:00:00,2025-11-24T08:00:00,long,87835,86875,100,0.1,8783.5,100.0,-96,-106.11,-8913.24,-0.11,0,0.0,960,1.09,6553.29,550476.36,6.55,878.35,0.1,10,5.0,0.01,0,0.0,10.11,87355
262,SELL_B,ST_FLIP_GREEN,2025-11-24T08:00:00,2025-11-24T10:00:00,short,86875,87355,100,0.1,8687.5,100.0,-48,-58.11,-4881.24,-0.06,0,0.0,480,0.55,6495.18,545595.12,6.5,868.75,0.1,10,5.0,0.01,0,0.0,10.11,87355
263,BUY_A,ST_FLIP_RED,2025-11-24T12:00:00,2025-11-24T14:00:00,long,86875,86395,100,0.1,8687.5,100.0,-48,-58.11,-4881.24,-0.06,0,0.0,480,0.55,6437.07,540713.88,6.44,868.75,0.1,10,5.0,0.01,0,0.0,10.11,86395
264,SELL_B,ST_FLIP_GREEN,2025-11-24T14:00:00,2025-11-24T20:00:00,short,86395,86875,100,0.1,8639.5,100.0,-48,-58.11,-4881.24,-0.06,0,0.0,480,0.56,6378.96,535832.64,6.38,863.95,0.1,10,5.0,0.01,0,0.0,10.11,86875
265,BUY_A,ST_FLIP_RED,2025-11-24T20:00:00,2025-11-25T04:00:00,long,87115,87835,100,0.1,8711.5,100.0,72,61.89,5198.76,0.06,720,0.83,0,0.0,6440.85,541031.4,6.44,871.15,0.1,10,5.0,0.01,0,0.0,10.11,86635
266,SELL_A,ST_FLIP_GREEN,2025-11-25T04:00:00,2025-11-26T08:00:00,short,87835,87355,100,0.1,8783.5,100.0,48,37.89,3182.76,0.04,480,0.55,0,0.0,6478.74,544214.16,6.48,878.35,0.1,10,5.0,0.01,0,0.0,10.11,88315
267,SELL_B,ST_FLIP_GREEN,2025-11-26T14:00:00,2025-11-26T22:00:00,short,86875,87595,100,0.1,8687.5,100.0,-72,-82.11,-6897.24,-0.08,0,0.0,720,0.83,6396.63,537316.92,6.4,868.75,0.1,10,5.0,0.01,0,0.0,10.11,87355
268,BUY_A,ST_FLIP_RED,2025-11-26T22:00:00,2025-11-27T22:00:00,long,87595,91195,100,0.1,8759.5,100.0,360,349.89,29390.76,0.35,3600,4.11,0,0.0,6746.52,566707.68,6.75,875.95,0.1,10,5.0,0.01,0,0.0,10.11,87115
269,SELL_B,ST_FLIP_GREEN,2025-11-27T22:00:00,2025-11-28T06:00:00,short,91195,90955,100,0.1,9119.5,100.0,24,13.89,1166.76,0.01,240,0.26,0,0.0,6760.41,567874.44,6.76,911.95,0.1,10,5.0,0.01,0,0.0,10.11,91675
270,SELL_B,ST_FLIP_GREEN,2025-11-28T08:00:00,2025-11-28T18:00:00,short,90955,91675,100,0.1,9095.5,100.0,-72,-82.11,-6897.24,-0.08,0,0.0,720,0.79,6678.3,560977.2,6.68,909.55,0.1,10,5.0,0.01,0,0.0,10.11,91435
271,BUY_A,ST_FLIP_RED,2025-11-28T18:00:00,2025-11-28T20:00:00,long,91915,91915,100,0.1,9191.5,100.0,0,-10.11,-849.24,-0.01,0,0.0,0,0.0,6668.19,560127.96,6.67,919.15,0.1,10,5.0,0.01,0,0.0,10.11,91435
272,SELL_A,ST_FLIP_GREEN,2025-11-28T20:00:00,2025-11-30T18:00:00,short,91915,91435,100,0.1,9191.5,100.0,48,37.89,3182.76,0.04,480,0.52,0,0.0,6706.08,563310.72,6.71,919.15,0.1,10,5.0,0.01,0,0.0,10.11,92395
273,BUY_A,ST_FLIP_RED,2025-11-30T20:00:00,2025-12-01T04:00:00,long,91675,90715,100,0.1,9167.5,100.0,-96,-106.11,-8913.24,-0.11,0,0.0,960,1.05,6599.97,554397.48,6.6,916.75,0.1,10,5.0,0.01,0,0.0,10.11,91195
274,SELL_A,ST_FLIP_GREEN,2025-12-01T04:00:00,2025-12-01T16:00:00,short,90715,86155,100,0.1,9071.5,100.0,456,445.89,37454.76,0.45,4560,5.03,0,0.0,7045.86,591852.24,7.05,907.15,0.1,10,5.0,0.01,0,0.0,10.11,91195
275,BUY_B,ST_FLIP_RED,2025-12-01T16:00:00,2025-12-01T16:00:00,long,86155,85675,100,0.1,8615.5,100.0,-48,-58.11,-4881.24,-0.06,0,0.0,480,0.56,6987.75,586971.0,6.99,861.55,0.1,10,5.0,0.01,0,0.0,10.11,85675
276,BUY_B,ST_FLIP_RED,2025-12-01T20:00:00,2025-12-01T20:00:00,long,85915,85195,100,0.1,8591.5,100.0,-72,-82.11,-6897.24,-0.08,0,0.0,720,0.84,6905.64,580073.76,6.91,859.15,0.1,10,5.0,0.01,0,0.0,10.11,85435
277,SELL_A,ST_FLIP_GREEN,2025-12-01T20:00:00,2025-12-01T22:00:00,short,84715,85435,100,0.1,8471.5,100.0,-72,-82.11,-6897.24,-0.08,0,0.0,720,0.85,6823.53,573176.52,6.82,847.15,0.1,10,5.0,0.01,0,0.0,10.11,85195
278,BUY_B,ST_FLIP_RED,2025-12-01T22:00:00,2025-12-03T00:00:00,long,85435,90715,100,0.1,8543.5,100.0,528,517.89,43502.76,0.52,5280,6.18,0,0.0,7341.42,616679.28,7.34,854.35,0.1,10,5.0,0.01,0,0.0,10.11,84955
279,SELL_B,ST_FLIP_GREEN,2025-12-03T00:00:00,2025-12-03T02:00:00,short,90715,91675,100,0.1,9071.5,100.0,-96,-106.11,-8913.24,-0.11,0,0.0,960,1.06,7235.31,607766.04,7.24,907.15,0.1,10,5.0,0.01,0,0.0,10.11,91195
280,SELL_B,ST_FLIP_GREEN,2025-12-03T06:00:00,2025-12-03T06:00:00,short,91435,92155,100,0.1,9143.5,100.0,-72,-82.11,-6897.24,-0.08,0,0.0,720,0.79,7153.2,600868.8,7.15,914.35,0.1,10,5.0,0.01,0,0.0,10.11,91915
281,BUY_A,ST_FLIP_RED,2025-12-03T06:00:00,2025-12-03T12:00:00,long,92395,92875,100,0.1,9239.5,100.0,48,37.89,3182.76,0.04,480,0.52,0,0.0,7191.09,604051.56,7.19,923.95,0.1,10,5.0,0.01,0,0.0,10.11,91915
282,SELL_B,ST_FLIP_GREEN,2025-12-03T12:00:00,2025-12-04T02:00:00,short,92875,93355,100,0.1,9287.5,100.0,-48,-58.11,-4881.24,-0.06,0,0.0,480,0.52,7132.98,599170.32,7.13,928.75,0.1,10,5.0,0.01,0,0.0,10.11,93355
283,SELL_B,ST_FLIP_GREEN,2025-12-04T06:00:00,2025-12-04T06:00:00,short,93115,93835,100,0.1,9311.5,100.0,-72,-82.11,-6897.24,-0.08,0,0.0,720,0.77,7050.87,592273.08,7.05,931.15,0.1,10,5.0,0.01,0,0.0,10.11,93595
284,BUY_A,ST_FLIP_RED,2025-12-04T06:00:00,2025-12-04T16:00:00,long,93835,92875,100,0.1,9383.5,100.0,-96,-106.11,-8913.24,-0.11,0,0.0,960,1.02,6944.76,583359.84,6.94,938.35,0.1,10,5.0,0.01,0,0.0,10.11,93355
285,SELL_A,ST_FLIP_GREEN,2025-12-04T16:00:00,2025-12-06T02:00:00,short,92875,89275,100,0.1,9287.5,100.0,360,349.89,29390.76,0.35,3600,3.88,0,0.0,7294.65,612750.6,7.29,928.75,0.1,10,5.0,0.01,0,0.0,10.11,93355
286,BUY_B,ST_FLIP_RED,2025-12-06T02:00:00,2025-12-06T08:00:00,long,89275,89515,100,0.1,8927.5,100.0,24,13.89,1166.76,0.01,240,0.27,0,0.0,7308.54,613917.36,7.31,892.75,0.1,10,5.0,0.01,0,0.0,10.11,88795
287,SELL_A,ST_FLIP_GREEN,2025-12-07T18:00:00,2025-12-07T20:00:00,short,88555,89035,100,0.1,8855.5,100.0,-48,-58.11,-4881.24,-0.06,0,0.0,480,0.54,7250.43,609036.12,7.25,885.55,0.1,10,5.0,0.01,0,0.0,10.11,89035
288,BUY_A,ST_FLIP_RED,2025-12-07T20:00:00,2025-12-08T02:00:00,long,89035,90475,100,0.1,8903.5,100.0,144,133.89,11246.76,0.13,1440,1.62,0,0.0,7384.32,620282.88,7.38,890.35,0.1,10,5.0,0.01,0,0.0,10.11,88555
289,SELL_A,ST_FLIP_GREEN,2025-12-08T02:00:00,2025-12-08T06:00:00,short,90475,90475,100,0.1,9047.5,100.0,0,-10.11,-849.24,-0.01,0,0.0,0,0.0,7374.21,619433.64,7.37,904.75,0.1,10,5.0,0.01,0,0.0,10.11,90955
290,BUY_A,ST_FLIP_RED,2025-12-08T06:00:00,2025-12-08T20:00:00,long,90715,90955,100,0.1,9071.5,100.0,24,13.89,1166.76,0.01,240,0.26,0,0.0,7388.1,620600.4,7.39,907.15,0.1,10,5.0,0.01,0,0.0,10.11,90235
291,SELL_A,ST_FLIP_GREEN,2025-12-08T20:00:00,2025-12-09T06:00:00,short,90955,90475,100,0.1,9095.5,100.0,48,37.89,3182.76,0.04,480,0.53,0,0.0,7425.99,623783.16,7.43,909.55,0.1,10,5.0,0.01,0,0.0,10.11,91435
292,SELL_B,ST_FLIP_GREEN,2025-12-09T10:00:00,2025-12-09T14:00:00,short,89995,90235,100,0.1,8999.5,100.0,-24,-34.11,-2865.24,-0.03,0,0.0,240,0.27,7391.88,620917.92,7.39,899.95,0.1,10,5.0,0.01,0,0.0,10.11,90475
293,BUY_A,ST_FLIP_RED,2025-12-09T14:00:00,2025-12-10T00:00:00,long,90235,92875,100,0.1,9023.5,100.0,264,253.89,21326.76,0.25,2640,2.93,0,0.0,7645.77,642244.68,7.65,902.35,0.1,10,5.0,0.01,0,0.0,10.11,89755
294,SELL_A,ST_FLIP_GREEN,2025-12-10T00:00:00,2025-12-11T00:00:00,short,92875,92875,100,0.1,9287.5,100.0,0,-10.11,-849.24,-0.01,0,0.0,0,0.0,7635.66,641395.44,7.64,928.75,0.1,10,5.0,0.01,0,0.0,10.11,93355
295,BUY_A,ST_FLIP_RED,2025-12-11T00:00:00,2025-12-11T02:00:00,long,93355,92395,100,0.1,9335.5,100.0,-96,-106.11,-8913.24,-0.11,0,0.0,960,1.03,7529.55,632482.2,7.53,933.55,0.1,10,5.0,0.01,0,0.0,10.11,92875
296,SELL_A,ST_FLIP_GREEN,2025-12-11T02:00:00,2025-12-12T00:00:00,short,92395,90715,100,0.1,9239.5,100.0,168,157.89,13262.76,0.16,1680,1.82,0,0.0,7687.44,645744.96,7.69,923.95,0.1,10,5.0,0.01,0,0.0,10.11,92875
297,BUY_A,ST_FLIP_RED,2025-12-12T00:00:00,2025-12-12T20:00:00,long,90715,91435,100,0.1,9071.5,100.0,72,61.89,5198.76,0.06,720,0.79,0,0.0,7749.33,650943.72,7.75,907.15,0.1,10,5.0,0.01,0,0.0,10.11,90235
298,SELL_A,ST_FLIP_GREEN,2025-12-12T20:00:00,2025-12-15T06:00:00,short,91195,89515,100,0.1,9119.5,100.0,168,157.89,13262.76,0.16,1680,1.84,0,0.0,7907.22,664206.48,7.91,911.95,0.1,10,5.0,0.01,0,0.0,10.11,91675
299,BUY_A,ST_FLIP_RED,2025-12-15T06:00:00,2025-12-15T20:00:00,long,89515,88795,100,0.1,8951.5,100.0,-72,-82.11,-6897.24,-0.08,0,0.0,720,0.8,7825.11,657309.24,7.83,895.15,0.1,10,5.0,0.01,0,0.0,10.11,89035
300,SELL_A,ST_FLIP_GREEN,2025-12-15T20:00:00,2025-12-16T08:00:00,short,88315,85915,100,0.1,8831.5,100.0,240,229.89,19310.76,0.23,2400,2.72,0,0.0,8055.0,676620.0,8.06,883.15,0.1,10,5.0,0.01,0,0.0,10.11,88795
301,BUY_B,ST_FLIP_RED,2025-12-16T08:00:00,2025-12-16T08:00:00,long,85915,85435,100,0.1,8591.5,100.0,-48,-58.11,-4881.24,-0.06,0,0.0,480,0.56,7996.89,671738.76,8.0,859.15,0.1,10,5.0,0.01,0,0.0,10.11,85435
302,BUY_B,ST_FLIP_RED,2025-12-16T10:00:00,2025-12-17T10:00:00,long,86395,86875,100,0.1,8639.5,100.0,48,37.89,3182.76,0.04,480,0.56,0,0.0,8034.78,674921.52,8.03,863.95,0.1,10,5.0,0.01,0,0.0,10.11,85915
303,SELL_A,ST_FLIP_GREEN,2025-12-17T12:00:00,2025-12-17T18:00:00,short,86635,87595,100,0.1,8663.5,100.0,-96,-106.11,-8913.24,-0.11,0,0.0,960,1.11,7928.67,666008.28,7.93,866.35,0.1,10,5.0,0.01,0,0.0,10.11,87115
304,BUY_A,ST_FLIP_RED,2025-12-17T18:00:00,2025-12-17T20:00:00,long,87595,86875,100,0.1,8759.5,100.0,-72,-82.11,-6897.24,-0.08,0,0.0,720,0.82,7846.56,659111.04,7.85,875.95,0.1,10,5.0,0.01,0,0.0,10.11,87115
305,SELL_A,ST_FLIP_GREEN,2025-12-17T20:00:00,2025-12-18T14:00:00,short,86875,87115,100,0.1,8687.5,100.0,-24,-34.11,-2865.24,-0.03,0,0.0,240,0.28,7812.45,656245.8,7.81,868.75,0.1,10,5.0,0.01,0,0.0,10.11,87355
306,BUY_A,ST_FLIP_RED,2025-12-18T18:00:00,2025-12-18T22:00:00,long,87355,87355,100,0.1,8735.5,100.0,0,-10.11,-849.24,-0.01,0,0.0,0,0.0,7802.34,655396.56,7.8,873.55,0.1,10,5.0,0.01,0,0.0,10.11,86875
307,SELL_A,ST_FLIP_GREEN,2025-12-18T22:00:00,2025-12-19T08:00:00,short,87115,85915,100,0.1,8711.5,100.0,120,109.89,9230.76,0.11,1200,1.38,0,0.0,7912.23,664627.32,7.91,871.15,0.1,10,5.0,0.01,0,0.0,10.11,87595
308,BUY_A,ST_FLIP_RED,2025-12-19T08:00:00,2025-12-19T22:00:00,long,85915,87355,100,0.1,8591.5,100.0,144,133.89,11246.76,0.13,1440,1.68,0,0.0,8046.12,675874.08,8.05,859.15,0.1,10,5.0,0.01,0,0.0,10.11,85435
309,SELL_A,ST_FLIP_GREEN,2025-12-19T22:00:00,2025-12-20T00:00:00,short,87355,88075,100,0.1,8735.5,100.0,-72,-82.11,-6897.24,-0.08,0,0.0,720,0.82,7964.01,668976.84,7.96,873.55,0.1,10,5.0,0.01,0,0.0,10.11,87835
310,BUY_A,ST_FLIP_RED,2025-12-20T10:00:00,2025-12-21T18:00:00,long,88315,87835,100,0.1,8831.5,100.0,-48,-58.11,-4881.24,-0.06,0,0.0,480,0.54,7905.9,664095.6,7.91,883.15,0.1,10,5.0,0.01,0,0.0,10.11,87835
311,SELL_A,ST_FLIP_GREEN,2025-12-21T18:00:00,2025-12-22T04:00:00,short,87835,88795,100,0.1,8783.5,100.0,-96,-106.11,-8913.24,-0.11,0,0.0,960,1.09,7799.79,655182.36,7.8,878.35,0.1,10,5.0,0.01,0,0.0,10.11,88315
312,BUY_A,ST_FLIP_RED,2025-12-22T06:00:00,2025-12-22T08:00:00,long,88315,88555,100,0.1,8831.5,100.0,24,13.89,1166.76,0.01,240,0.27,0,0.0,7813.68,656349.12,7.81,883.15,0.1,10,5.0,0.01,0,0.0,10.11,87835
313,SELL_B,ST_FLIP_GREEN,2025-12-22T08:00:00,2025-12-22T12:00:00,short,88555,89275,100,0.1,8855.5,100.0,-72,-82.11,-6897.24,-0.08,0,0.0,720,0.81,7731.57,649451.88,7.73,885.55,0.1,10,5.0,0.01,0,0.0,10.11,89035
314,BUY_B,ST_FLIP_RED,2025-12-22T12:00:00,2025-12-22T22:00:00,long,89275,89275,100,0.1,8927.5,100.0,0,-10.11,-849.24,-0.01,0,0.0,0,0.0,7721.46,648602.64,7.72,892.75,0.1,10,5.0,0.01,0,0.0,10.11,88795
315,SELL_A,ST_FLIP_GREEN,2025-12-22T22:00:00,2025-12-23T08:00:00,short,89275,88315,100,0.1,8927.5,100.0,96,85.89,7214.76,0.09,960,1.08,0,0.0,7807.35,655817.4,7.81,892.75,0.1,10,5.0,0.01,0,0.0,10.11,89755
316,SELL_B,ST_FLIP_GREEN,2025-12-23T10:00:00,2025-12-25T20:00:00,short,87835,88075,100,0.1,8783.5,100.0,-24,-34.11,-2865.24,-0.03,0,0.0,240,0.27,7773.24,652952.16,7.77,878.35,0.1,10,5.0,0.01,0,0.0,10.11,88315
317,BUY_A,ST_FLIP_RED,2025-12-25T20:00:00,2025-12-26T04:00:00,long,88075,87355,100,0.1,8807.5,100.0,-72,-82.11,-6897.24,-0.08,0,0.0,720,0.82,7691.13,646054.92,7.69,880.75,0.1,10,5.0,0.01,0,0.0,10.11,87595
318,SELL_A,ST_FLIP_GREEN,2025-12-26T04:00:00,2025-12-26T06:00:00,short,87115,88075,100,0.1,8711.5,100.0,-96,-106.11,-8913.24,-0.11,0,0.0,960,1.1,7585.02,637141.68,7.59,871.15,0.1,10,5.0,0.01,0,0.0,10.11,87595
319,BUY_A,ST_FLIP_RED,2025-12-26T06:00:00,2025-12-26T20:00:00,long,88075,88075,100,0.1,8807.5,100.0,0,-10.11,-849.24,-0.01,0,0.0,0,0.0,7574.91,636292.44,7.57,880.75,0.1,10,5.0,0.01,0,0.0,10.11,87595
320,SELL_A,ST_FLIP_GREEN,2025-12-26T20:00:00,2025-12-29T06:00:00,short,87835,88075,100,0.1,8783.5,100.0,-24,-34.11,-2865.24,-0.03,0,0.0,240,0.27,7540.8,633427.2,7.54,878.35,0.1,10,5.0,0.01,0,0.0,10.11,88315
321,BUY_A,ST_FLIP_RED,2025-12-29T06:00:00,2025-12-29T14:00:00,long,88315,89035,100,0.1,8831.5,100.0,72,61.89,5198.76,0.06,720,0.82,0,0.0,7602.69,638625.96,7.6,883.15,0.1,10,5.0,0.01,0,0.0,10.11,87835
322,SELL_A,ST_FLIP_GREEN,2025-12-29T14:00:00,2025-12-30T20:00:00,short,89035,88315,100,0.1,8903.5,100.0,72,61.89,5198.76,0.06,720,0.81,0,0.0,7664.58,643824.72,7.66,890.35,0.1,10,5.0,0.01,0,0.0,10.11,89515
323,BUY_A,ST_FLIP_RED,2025-12-30T20:00:00,2025-12-31T00:00:00,long,88555,88075,100,0.1,8855.5,100.0,-48,-58.11,-4881.24,-0.06,0,0.0,480,0.54,7606.47,638943.48,7.61,885.55,0.1,10,5.0,0.01,0,0.0,10.11,88075
324,SELL_A,ST_FLIP_GREEN,2025-12-31T06:00:00,2025-12-31T20:00:00,short,88555,88315,100,0.1,8855.5,100.0,24,13.89,1166.76,0.01,240,0.27,0,0.0,7620.36,640110.24,7.62,885.55,0.1,10,5.0,0.01,0,0.0,10.11,89035
325,BUY_B,ST_FLIP_RED,2025-12-31T20:00:00,2026-01-01T00:00:00,long,88315,87595,100,0.1,8831.5,100.0,-72,-82.11,-6897.24,-0.08,0,0.0,720,0.82,7538.25,633213.0,7.54,883.15,0.1,10,5.0,0.01,0,0.0,10.11,87835
326,SELL_B,ST_FLIP_GREEN,2026-01-01T00:00:00,2026-01-02T04:00:00,short,87595,88555,100,0.1,8759.5,100.0,-96,-106.11,-8913.24,-0.11,0,0.0,960,1.1,7432.14,624299.76,7.43,875.95,0.1,10,5.0,0.01,0,0.0,10.11,88075
327,BUY_A,ST_FLIP_RED,2026-01-02T04:00:00,2026-01-02T20:00:00,long,88555,89275,100,0.1,8855.5,100.0,72,61.89,5198.76,0.06,720,0.81,0,0.0,7494.03,629498.52,7.49,885.55,0.1,10,5.0,0.01,0,0.0,10.11,88075
328,BUY_B,ST_FLIP_RED,2026-01-02T20:00:00,2026-01-03T18:00:00,long,89755,89995,100,0.1,8975.5,100.0,24,13.89,1166.76,0.01,240,0.27,0,0.0,7507.92,630665.28,7.51,897.55,0.1,10,5.0,0.01,0,0.0,10.11,89275
329,SELL_A,ST_FLIP_GREEN,2026-01-03T18:00:00,2026-01-04T04:00:00,short,89995,90715,100,0.1,8999.5,100.0,-72,-82.11,-6897.24,-0.08,0,0.0,720,0.8,7425.81,623768.04,7.43,899.95,0.1,10,5.0,0.01,0,0.0,10.11,90475
330,BUY_B,ST_FLIP_RED,2026-01-04T04:00:00,2026-01-06T04:00:00,long,90715,93595,100,0.1,9071.5,100.0,288,277.89,23342.76,0.28,2880,3.17,0,0.0,7703.7,647110.8,7.7,907.15,0.1,10,5.0,0.01,0,0.0,10.11,90235
331,SELL_B,ST_FLIP_GREEN,2026-01-06T04:00:00,2026-01-06T20:00:00,short,93595,93595,100,0.1,9359.5,100.0,0,-10.11,-849.24,-0.01,0,0.0,0,0.0,7693.59,646261.56,7.69,935.95,0.1,10,5.0,0.01,0,0.0,10.11,94075
332,SELL_B,ST_FLIP_GREEN,2026-01-06T20:00:00,2026-01-07T02:00:00,short,93115,93115,100,0.1,9311.5,100.0,0,-10.11,-849.24,-0.01,0,0.0,0,0.0,7683.48,645412.32,7.68,931.15,0.1,10,5.0,0.01,0,0.0,10.11,93595
333,BUY_A,ST_FLIP_RED,2026-01-07T02:00:00,2026-01-07T14:00:00,long,93355,92395,100,0.1,9335.5,100.0,-96,-106.11,-8913.24,-0.11,0,0.0,960,1.03,7577.37,636499.08,7.58,933.55,0.1,10,5.0,0.01,0,0.0,10.11,92875
334,SELL_A,ST_FLIP_GREEN,2026-01-07T14:00:00,2026-01-08T20:00:00,short,92395,90715,100,0.1,9239.5,100.0,168,157.89,13262.76,0.16,1680,1.82,0,0.0,7735.26,649761.84,7.74,923.95,0.1,10,5.0,0.01,0,0.0,10.11,92875
335,BUY_A,ST_FLIP_RED,2026-01-08T20:00:00,2026-01-09T02:00:00,long,90715,90955,100,0.1,9071.5,100.0,24,13.89,1166.76,0.01,240,0.26,0,0.0,7749.15,650928.6,7.75,907.15,0.1,10,5.0,0.01,0,0.0,10.11,90235
336,BUY_B,ST_FLIP_RED,2026-01-09T02:00:00,2026-01-09T12:00:00,long,91435,90475,100,0.1,9143.5,100.0,-96,-106.11,-8913.24,-0.11,0,0.0,960,1.05,7643.04,642015.36,7.64,914.35,0.1,10,5.0,0.01,0,0.0,10.11,90955
337,SELL_A,ST_FLIP_GREEN,2026-01-09T20:00:00,2026-01-09T22:00:00,short,90955,90955,100,0.1,9095.5,100.0,0,-10.11,-849.24,-0.01,0,0.0,0,0.0,7632.93,641166.12,7.63,909.55,0.1,10,5.0,0.01,0,0.0,10.11,91435
338,BUY_B,ST_FLIP_RED,2026-01-09T22:00:00,2026-01-11T20:00:00,long,90955,90955,100,0.1,9095.5,100.0,0,-10.11,-849.24,-0.01,0,0.0,0,0.0,7622.82,640316.88,7.62,909.55,0.1,10,5.0,0.01,0,0.0,10.11,90475
339,SELL_B,ST_FLIP_GREEN,2026-01-11T20:00:00,2026-01-12T06:00:00,short,90955,91675,100,0.1,9095.5,100.0,-72,-82.11,-6897.24,-0.08,0,0.0,720,0.79,7540.71,633419.64,7.54,909.55,0.1,10,5.0,0.01,0,0.0,10.11,91435
340,BUY_B,ST_FLIP_RED,2026-01-12T06:00:00,2026-01-12T14:00:00,long,91675,90955,100,0.1,9167.5,100.0,-72,-82.11,-6897.24,-0.08,0,0.0,720,0.79,7458.6,626522.4,7.46,916.75,0.1,10,5.0,0.01,0,0.0,10.11,91195
341,SELL_A,ST_FLIP_GREEN,2026-01-12T14:00:00,2026-01-12T20:00:00,short,90955,91435,100,0.1,9095.5,100.0,-48,-58.11,-4881.24,-0.06,0,0.0,480,0.53,7400.49,621641.16,7.4,909.55,0.1,10,5.0,0.01,0,0.0,10.11,91435
342,BUY_A,ST_FLIP_RED,2026-01-12T20:00:00,2026-01-13T02:00:00,long,91675,91435,100,0.1,9167.5,100.0,-24,-34.11,-2865.24,-0.03,0,0.0,240,0.26,7366.38,618775.92,7.37,916.75,0.1,10,5.0,0.01,0,0.0,10.11,91195
343,SELL_A,ST_FLIP_GREEN,2026-01-13T02:00:00,2026-01-13T20:00:00,short,91435,92395,100,0.1,9143.5,100.0,-96,-106.11,-8913.24,-0.11,0,0.0,960,1.05,7260.27,609862.68,7.26,914.35,0.1,10,5.0,0.01,0,0.0,10.11,91915
344,BUY_A,ST_FLIP_RED,2026-01-13T20:00:00,2026-01-14T12:00:00,long,92395,95035,100,0.1,9239.5,100.0,264,253.89,21326.76,0.25,2640,2.86,0,0.0,7514.16,631189.44,7.51,923.95,0.1,10,5.0,0.01,0,0.0,10.11,91915
345,SELL_B,ST_FLIP_GREEN,2026-01-14T12:00:00,2026-01-14T18:00:00,short,95035,95515,100,0.1,9503.5,100.0,-48,-58.11,-4881.24,-0.06,0,0.0,480,0.51,7456.05,626308.2,7.46,950.35,0.1,10,5.0,0.01,0,0.0,10.11,95515
346,BUY_A,ST_FLIP_RED,2026-01-14T20:00:00,2026-01-15T08:00:00,long,95995,96235,100,0.1,9599.5,100.0,24,13.89,1166.76,0.01,240,0.25,0,0.0,7469.94,627474.96,7.47,959.95,0.1,10,5.0,0.01,0,0.0,10.11,95515
347,SELL_B,ST_FLIP_GREEN,2026-01-15T08:00:00,2026-01-15T20:00:00,short,96235,96475,100,0.1,9623.5,100.0,-24,-34.11,-2865.24,-0.03,0,0.0,240,0.25,7435.83,624609.72,7.44,962.35,0.1,10,5.0,0.01,0,0.0,10.11,96715
348,SELL_B,ST_FLIP_GREEN,2026-01-16T00:00:00,2026-01-16T14:00:00,short,95755,95515,100,0.1,9575.5,100.0,24,13.89,1166.76,0.01,240,0.25,0,0.0,7449.72,625776.48,7.45,957.55,0.1,10,5.0,0.01,0,0.0,10.11,96235
349,SELL_B,ST_FLIP_GREEN,2026-01-16T20:00:00,2026-01-20T04:00:00,short,95035,92875,100,0.1,9503.5,100.0,216,205.89,17294.76,0.21,2160,2.27,0,0.0,7655.61,643071.24,7.66,950.35,0.1,10,5.0,0.01,0,0.0,10.11,95515
350,BUY_A,ST_FLIP_RED,2026-01-20T04:00:00,2026-01-20T04:00:00,long,92875,92395,100,0.1,9287.5,100.0,-48,-58.11,-4881.24,-0.06,0,0.0,480,0.52,7597.5,638190.0,7.6,928.75,0.1,10,5.0,0.01,0,0.0,10.11,92395
351,SELL_A,ST_FLIP_GREEN,2026-01-20T10:00:00,2026-01-21T10:00:00,short,91915,89515,100,0.1,9191.5,100.0,240,229.89,19310.76,0.23,2400,2.61,0,0.0,7827.39,657500.76,7.83,919.15,0.1,10,5.0,0.01,0,0.0,10.11,92395
352,BUY_B,ST_FLIP_RED,2026-01-21T10:00:00,2026-01-21T16:00:00,long,89515,88795,100,0.1,8951.5,100.0,-72,-82.11,-6897.24,-0.08,0,0.0,720,0.8,7745.28,650603.52,7.75,895.15,0.1,10,5.0,0.01,0,0.0,10.11,89035
353,BUY_B,ST_FLIP_RED,2026-01-21T18:00:00,2026-01-21T22:00:00,long,89515,88795,100,0.1,8951.5,100.0,-72,-82.11,-6897.24,-0.08,0,0.0,720,0.8,7663.17,643706.28,7.66,895.15,0.1,10,5.0,0.01,0,0.0,10.11,89035
354,SELL_A,ST_FLIP_GREEN,2026-01-21T22:00:00,2026-01-22T00:00:00,short,88315,88795,100,0.1,8831.5,100.0,-48,-58.11,-4881.24,-0.06,0,0.0,480,0.54,7605.06,638825.04,7.61,883.15,0.1,10,5.0,0.01,0,0.0,10.11,88795
355,BUY_A,ST_FLIP_RED,2026-01-22T00:00:00,2026-01-22T20:00:00,long,88795,89275,100,0.1,8879.5,100.0,48,37.89,3182.76,0.04,480,0.54,0,0.0,7642.95,642007.8,7.64,887.95,0.1,10,5.0,0.01,0,0.0,10.11,88315
356,SELL_A,ST_FLIP_GREEN,2026-01-22T20:00:00,2026-01-23T14:00:00,short,89035,89275,100,0.1,8903.5,100.0,-24,-34.11,-2865.24,-0.03,0,0.0,240,0.27,7608.84,639142.56,7.61,890.35,0.1,10,5.0,0.01,0,0.0,10.11,89515
357,SELL_B,ST_FLIP_GREEN,2026-01-23T18:00:00,2026-01-23T22:00:00,short,89515,90235,100,0.1,8951.5,100.0,-72,-82.11,-6897.24,-0.08,0,0.0,720,0.8,7526.73,632245.32,7.53,895.15,0.1,10,5.0,0.01,0,0.0,10.11,89995
358,BUY_B,ST_FLIP_RED,2026-01-23T22:00:00,2026-01-24T00:00:00,long,90235,89755,100,0.1,9023.5,100.0,-48,-58.11,-4881.24,-0.06,0,0.0,480,0.53,7468.62,627364.08,7.47,902.35,0.1,10,5.0,0.01,0,0.0,10.11,89755
359,SELL_A,ST_FLIP_GREEN,2026-01-24T00:00:00,2026-01-26T06:00:00,short,89755,87355,100,0.1,8975.5,100.0,240,229.89,19310.76,0.23,2400,2.67,0,0.0,7698.51,646674.84,7.7,897.55,0.1,10,5.0,0.01,0,0.0,10.11,90235
360,BUY_A,ST_FLIP_RED,2026-01-26T06:00:00,2026-01-28T00:00:00,long,87355,88555,100,0.1,8735.5,100.0,120,109.89,9230.76,0.11,1200,1.37,0,0.0,7808.4,655905.6,7.81,873.55,0.1,10,5.0,0.01,0,0.0,10.11,86875
361,BUY_B,ST_FLIP_RED,2026-01-28T00:00:00,2026-01-29T06:00:00,long,89035,88795,100,0.1,8903.5,100.0,-24,-34.11,-2865.24,-0.03,0,0.0,240,0.27,7774.29,653040.36,7.77,890.35,0.1,10,5.0,0.01,0,0.0,10.11,88555
362,SELL_A,ST_FLIP_GREEN,2026-01-29T06:00:00,2026-01-30T08:00:00,short,88795,82555,100,0.1,8879.5,100.0,624,613.89,51566.76,0.61,6240,7.03,0,0.0,8388.18,704607.12,8.39,887.95,0.1,10,5.0,0.01,0,0.0,10.11,89275
363,BUY_B,ST_FLIP_RED,2026-01-30T08:00:00,2026-01-30T18:00:00,long,82555,82795,100,0.1,8255.5,100.0,24,13.89,1166.76,0.01,240,0.29,0,0.0,8402.07,705773.88,8.4,825.55,0.1,10,5.0,0.01,0,0.0,10.11,82075
364,BUY_B,ST_FLIP_RED,2026-01-30T22:00:00,2026-01-31T12:00:00,long,82555,83035,100,0.1,8255.5,100.0,48,37.89,3182.76,0.04,480,0.58,0,0.0,8439.96,708956.64,8.44,825.55,0.1,10,5.0,0.01,0,0.0,10.11,82075
365,SELL_A,ST_FLIP_GREEN,2026-01-31T18:00:00,2026-02-01T02:00:00,short,82795,78475,100,0.1,8279.5,100.0,432,421.89,35438.76,0.42,4320,5.22,0,0.0,8861.85,744395.4,8.86,827.95,0.1,10,5.0,0.01,0,0.0,10.11,83275
366,BUY_B,ST_FLIP_RED,2026-02-01T02:00:00,2026-02-01T18:00:00,long,78475,77995,100,0.1,7847.5,100.0,-48,-58.11,-4881.24,-0.06,0,0.0,480,0.61,8803.74,739514.16,8.8,784.75,0.1,10,5.0,0.01,0,0.0,10.11,77995
367,SELL_A,ST_FLIP_GREEN,2026-02-01T22:00:00,2026-02-02T00:00:00,short,77995,77755,100,0.1,7799.5,100.0,24,13.89,1166.76,0.01,240,0.31,0,0.0,8817.63,740680.92,8.82,779.95,0.1,10,5.0,0.01,0,0.0,10.11,78475
368,BUY_B,ST_FLIP_RED,2026-02-02T00:00:00,2026-02-02T00:00:00,long,77755,77275,100,0.1,7775.5,100.0,-48,-58.11,-4881.24,-0.06,0,0.0,480,0.62,8759.52,735799.68,8.76,777.55,0.1,10,5.0,0.01,0,0.0,10.11,77275
369,SELL_A,ST_FLIP_GREEN,2026-02-02T00:00:00,2026-02-02T04:00:00,short,77035,77515,100,0.1,7703.5,100.0,-48,-58.11,-4881.24,-0.06,0,0.0,480,0.62,8701.41,730918.44,8.7,770.35,0.1,10,5.0,0.01,0,0.0,10.11,77515
370,BUY_A,ST_FLIP_RED,2026-02-02T04:00:00,2026-02-02T08:00:00,long,77515,76795,100,0.1,7751.5,100.0,-72,-82.11,-6897.24,-0.08,0,0.0,720,0.93,8619.3,724021.2,8.62,775.15,0.1,10,5.0,0.01,0,0.0,10.11,77035
371,SELL_A,ST_FLIP_GREEN,2026-02-02T08:00:00,2026-02-02T12:00:00,short,76555,76795,100,0.1,7655.5,100.0,-24,-34.11,-2865.24,-0.03,0,0.0,240,0.31,8585.19,721155.96,8.59,765.55,0.1,10,5.0,0.01,0,0.0,10.11,77035
372,BUY_A,ST_FLIP_RED,2026-02-02T12:00:00,2026-02-03T04:00:00,long,76795,78715,100,0.1,7679.5,100.0,192,181.89,15278.76,0.18,1920,2.5,0,0.0,8767.08,736434.72,8.77,767.95,0.1,10,5.0,0.01,0,0.0,10.11,76315
373,SELL_A,ST_FLIP_GREEN,2026-02-03T04:00:00,2026-02-03T14:00:00,short,78715,78475,100,0.1,7871.5,100.0,24,13.89,1166.76,0.01,240,0.3,0,0.0,8780.97,737601.48,8.78,787.15,0.1,10,5.0,0.01,0,0.0,10.11,79195
374,BUY_A,ST_FLIP_RED,2026-02-03T14:00:00,2026-02-03T20:00:00,long,78475,77755,100,0.1,7847.5,100.0,-72,-82.11,-6897.24,-0.08,0,0.0,720,0.92,8698.86,730704.24,8.7,784.75,0.1,10,5.0,0.01,0,0.0,10.11,77995
375,SELL_B,ST_FLIP_GREEN,2026-02-03T20:00:00,2026-02-04T00:00:00,short,77755,75115,100,0.1,7775.5,100.0,264,253.89,21326.76,0.25,2640,3.4,0,0.0,8952.75,752031.0,8.95,777.55,0.1,10,5.0,0.01,0,0.0,10.11,78235
376,BUY_B,ST_FLIP_RED,2026-02-04T00:00:00,2026-02-04T18:00:00,long,75115,75595,100,0.1,7511.5,100.0,48,37.89,3182.76,0.04,480,0.64,0,0.0,8990.64,755213.76,8.99,751.15,0.1,10,5.0,0.01,0,0.0,10.11,74635
377,SELL_A,ST_FLIP_GREEN,2026-02-04T18:00:00,2026-02-05T12:00:00,short,75355,71515,100,0.1,7535.5,100.0,384,373.89,31406.76,0.37,3840,5.1,0,0.0,9364.53,786620.52,9.36,753.55,0.1,10,5.0,0.01,0,0.0,10.11,75835
378,BUY_B,ST_FLIP_RED,2026-02-05T12:00:00,2026-02-05T16:00:00,long,71515,70555,100,0.1,7151.5,100.0,-96,-106.11,-8913.24,-0.11,0,0.0,960,1.34,9258.42,777707.28,9.26,715.15,0.1,10,5.0,0.01,0,0.0,10.11,71035
379,SELL_A,ST_FLIP_GREEN,2026-02-05T16:00:00,2026-02-05T20:00:00,short,69835,69835,100,0.1,6983.5,100.0,0,-10.11,-849.24,-0.01,0,0.0,0,0.0,9248.31,776858.04,9.25,698.35,0.1,10,5.0,0.01,0,0.0,10.11,70315
380,BUY_B,ST_FLIP_RED,2026-02-05T20:00:00,2026-02-05T20:00:00,long,69835,69355,100,0.1,6983.5,100.0,-48,-58.11,-4881.24,-0.06,0,0.0,480,0.69,9190.2,771976.8,9.19,698.35,0.1,10,5.0,0.01,0,0.0,10.11,69355
381,SELL_A,ST_FLIP_GREEN,2026-02-05T20:00:00,2026-02-06T06:00:00,short,68875,62395,100,0.1,6887.5,100.0,648,637.89,53582.76,0.64,6480,9.41,0,0.0,9828.09,825559.56,9.83,688.75,0.1,10,5.0,0.01,0,0.0,10.11,69355
382,BUY_B,ST_FLIP_RED,2026-02-06T06:00:00,2026-02-06T12:00:00,long,62395,64795,100,0.1,6239.5,100.0,240,229.89,19310.76,0.23,2400,3.85,0,0.0,10057.98,844870.32,10.06,623.95,0.1,10,5.0,0.01,0,0.0,10.11,61915
383,SELL_A,ST_FLIP_GREEN,2026-02-06T12:00:00,2026-02-06T14:00:00,short,64795,65515,100,0.1,6479.5,100.0,-72,-82.11,-6897.24,-0.08,0,0.0,720,1.11,9975.87,837973.08,9.98,647.95,0.1,10,5.0,0.01,0,0.0,10.11,65275
384,BUY_A,ST_FLIP_RED,2026-02-06T14:00:00,2026-02-07T06:00:00,long,65995,70315,100,0.1,6599.5,100.0,432,421.89,35438.76,0.42,4320,6.55,0,0.0,10397.76,873411.84,10.4,659.95,0.1,10,5.0,0.01,0,0.0,10.11,65515
385,SELL_B,ST_FLIP_GREEN,2026-02-07T06:00:00,2026-02-07T08:00:00,short,70315,70795,100,0.1,7031.5,100.0,-48,-58.11,-4881.24,-0.06,0,0.0,480,0.68,10339.65,868530.6,10.34,703.15,0.1,10,5.0,0.01,0,0.0,10.11,70795
386,SELL_B,ST_FLIP_GREEN,2026-02-07T10:00:00,2026-02-07T16:00:00,short,70075,69115,100,0.1,7007.5,100.0,96,85.89,7214.76,0.09,960,1.37,0,0.0,10425.54,875745.36,10.43,700.75,0.1,10,5.0,0.01,0,0.0,10.11,70555
387,BUY_A,ST_FLIP_RED,2026-02-07T16:00:00,2026-02-09T08:00:00,long,69355,70795,100,0.1,6935.5,100.0,144,133.89,11246.76,0.13,1440,2.08,0,0.0,10559.43,886992.12,10.56,693.55,0.1,10,5.0,0.01,0,0.0,10.11,68875
388,SELL_A,ST_FLIP_GREEN,2026-02-09T08:00:00,2026-02-09T08:00:00,short,70795,71275,100,0.1,7079.5,100.0,-48,-58.11,-4881.24,-0.06,0,0.0,480,0.68,10501.32,882110.88,10.5,707.95,0.1,10,5.0,0.01,0,0.0,10.11,71275
389,BUY_A,ST_FLIP_RED,2026-02-09T08:00:00,2026-02-09T10:00:00,long,71275,70315,100,0.1,7127.5,100.0,-96,-106.11,-8913.24,-0.11,0,0.0,960,1.35,10395.21,873197.64,10.4,712.75,0.1,10,5.0,0.01,0,0.0,10.11,70795
390,SELL_B,ST_FLIP_GREEN,2026-02-09T10:00:00,2026-02-09T22:00:00,short,70315,70075,100,0.1,7031.5,100.0,24,13.89,1166.76,0.01,240,0.34,0,0.0,10409.1,874364.4,10.41,703.15,0.1,10,5.0,0.01,0,0.0,10.11,70795
391,BUY_A,ST_FLIP_RED,2026-02-09T22:00:00,2026-02-10T10:00:00,long,70315,69355,100,0.1,7031.5,100.0,-96,-106.11,-8913.24,-0.11,0,0.0,960,1.37,10302.99,865451.16,10.3,703.15,0.1,10,5.0,0.01,0,0.0,10.11,69835
392,SELL_A,ST_FLIP_GREEN,2026-02-10T10:00:00,2026-02-10T22:00:00,short,69355,69115,100,0.1,6935.5,100.0,24,13.89,1166.76,0.01,240,0.35,0,0.0,10316.88,866617.92,10.32,693.55,0.1,10,5.0,0.01,0,0.0,10.11,69835
393,BUY_A,ST_FLIP_RED,2026-02-10T22:00:00,2026-02-10T22:00:00,long,69115,68635,100,0.1,6911.5,100.0,-48,-58.11,-4881.24,-0.06,0,0.0,480,0.69,10258.77,861736.68,10.26,691.15,0.1,10,5.0,0.01,0,0.0,10.11,68635
394,SELL_B,ST_FLIP_GREEN,2026-02-10T22:00:00,2026-02-11T18:00:00,short,68635,67915,100,0.1,6863.5,100.0,72,61.89,5198.76,0.06,720,1.05,0,0.0,10320.66,866935.44,10.32,686.35,0.1,10,5.0,0.01,0,0.0,10.11,69115
395,BUY_A,ST_FLIP_RED,2026-02-11T18:00:00,2026-02-11T20:00:00,long,67915,67195,100,0.1,6791.5,100.0,-72,-82.11,-6897.24,-0.08,0,0.0,720,1.06,10238.55,860038.2,10.24,679.15,0.1,10,5.0,0.01,0,0.0,10.11,67435
396,SELL_A,ST_FLIP_GREEN,2026-02-11T20:00:00,2026-02-12T02:00:00,short,66715,67435,100,0.1,6671.5,100.0,-72,-82.11,-6897.24,-0.08,0,0.0,720,1.08,10156.44,853140.96,10.16,667.15,0.1,10,5.0,0.01,0,0.0,10.11,67195
397,BUY_A,ST_FLIP_RED,2026-02-12T02:00:00,2026-02-12T14:00:00,long,67435,67195,100,0.1,6743.5,100.0,-24,-34.11,-2865.24,-0.03,0,0.0,240,0.36,10122.33,850275.72,10.12,674.35,0.1,10,5.0,0.01,0,0.0,10.11,66955
398,BUY_B,ST_FLIP_RED,2026-02-12T16:00:00,2026-02-12T20:00:00,long,67915,66955,100,0.1,6791.5,100.0,-96,-106.11,-8913.24,-0.11,0,0.0,960,1.41,10016.22,841362.48,10.02,679.15,0.1,10,5.0,0.01,0,0.0,10.11,67435
399,SELL_A,ST_FLIP_GREEN,2026-02-12T20:00:00,2026-02-13T06:00:00,short,66715,66475,100,0.1,6671.5,100.0,24,13.89,1166.76,0.01,240,0.36,0,0.0,10030.11,842529.24,10.03,667.15,0.1,10,5.0,0.01,0,0.0,10.11,67195
400,BUY_A,ST_FLIP_RED,2026-02-13T06:00:00,2026-02-14T18:00:00,long,66475,69355,100,0.1,6647.5,100.0,288,277.89,23342.76,0.28,2880,4.33,0,0.0,10308.0,865872.0,10.31,664.75,0.1,10,5.0,0.01,0,0.0,10.11,65995
401,SELL_B,ST_FLIP_GREEN,2026-02-14T18:00:00,2026-02-15T06:00:00,short,69355,69595,100,0.1,6935.5,100.0,-24,-34.11,-2865.24,-0.03,0,0.0,240,0.35,10273.89,863006.76,10.27,693.55,0.1,10,5.0,0.01,0,0.0,10.11,69835
402,SELL_B,ST_FLIP_GREEN,2026-02-15T08:00:00,2026-02-15T18:00:00,short,69835,69835,100,0.1,6983.5,100.0,0,-10.11,-849.24,-0.01,0,0.0,0,0.0,10263.78,862157.52,10.26,698.35,0.1,10,5.0,0.01,0,0.0,10.11,70315
403,SELL_B,ST_FLIP_GREEN,2026-02-15T18:00:00,2026-02-16T16:00:00,short,69115,69355,100,0.1,6911.5,100.0,-24,-34.11,-2865.24,-0.03,0,0.0,240,0.35,10229.67,859292.28,10.23,691.15,0.1,10,5.0,0.01,0,0.0,10.11,69595
404,BUY_A,ST_FLIP_RED,2026-02-16T16:00:00,2026-02-16T18:00:00,long,69595,68635,100,0.1,6959.5,100.0,-96,-106.11,-8913.24,-0.11,0,0.0,960,1.38,10123.56,850379.04,10.12,695.95,0.1,10,5.0,0.01,0,0.0,10.11,69115
405,SELL_A,ST_FLIP_GREEN,2026-02-16T18:00:00,2026-02-17T06:00:00,short,68635,68875,100,0.1,6863.5,100.0,-24,-34.11,-2865.24,-0.03,0,0.0,240,0.35,10089.45,847513.8,10.09,686.35,0.1,10,5.0,0.01,0,0.0,10.11,69115
406,BUY_A,ST_FLIP_RED,2026-02-17T06:00:00,2026-02-17T14:00:00,long,68875,67915,100,0.1,6887.5,100.0,-96,-106.11,-8913.24,-0.11,0,0.0,960,1.39,9983.34,838600.56,9.98,688.75,0.1,10,5.0,0.01,0,0.0,10.11,68395
407,SELL_A,ST_FLIP_GREEN,2026-02-17T14:00:00,2026-02-18T12:00:00,short,67915,68155,100,0.1,6791.5,100.0,-24,-34.11,-2865.24,-0.03,0,0.0,240,0.35,9949.23,835735.32,9.95,679.15,0.1,10,5.0,0.01,0,0.0,10.11,68395
408,BUY_A,ST_FLIP_RED,2026-02-18T12:00:00,2026-02-18T18:00:00,long,68155,67195,100,0.1,6815.5,100.0,-96,-106.11,-8913.24,-0.11,0,0.0,960,1.41,9843.12,826822.08,9.84,681.55,0.1,10,5.0,0.01,0,0.0,10.11,67675
409,SELL_A,ST_FLIP_GREEN,2026-02-18T22:00:00,2026-02-19T16:00:00,short,66955,66715,100,0.1,6695.5,100.0,24,13.89,1166.76,0.01,240,0.36,0,0.0,9857.01,827988.84,9.86,669.55,0.1,10,5.0,0.01,0,0.0,10.11,67435
410,BUY_A,ST_FLIP_RED,2026-02-19T16:00:00,2026-02-19T18:00:00,long,66715,66235,100,0.1,6671.5,100.0,-48,-58.11,-4881.24,-0.06,0,0.0,480,0.72,9798.9,823107.6,9.8,667.15,0.1,10,5.0,0.01,0,0.0,10.11,66235
411,SELL_A,ST_FLIP_GREEN,2026-02-19T18:00:00,2026-02-19T22:00:00,short,66235,66955,100,0.1,6623.5,100.0,-72,-82.11,-6897.24,-0.08,0,0.0,720,1.09,9716.79,816210.36,9.72,662.35,0.1,10,5.0,0.01,0,0.0,10.11,66715
412,BUY_B,ST_FLIP_RED,2026-02-19T22:00:00,2026-02-20T16:00:00,long,66955,67195,100,0.1,6695.5,100.0,24,13.89,1166.76,0.01,240,0.36,0,0.0,9730.68,817377.12,9.73,669.55,0.1,10,5.0,0.01,0,0.0,10.11,66475
413,SELL_A,ST_FLIP_GREEN,2026-02-21T02:00:00,2026-02-21T14:00:00,short,67675,68155,100,0.1,6767.5,100.0,-48,-58.11,-4881.24,-0.06,0,0.0,480,0.71,9672.57,812495.88,9.67,676.75,0.1,10,5.0,0.01,0,0.0,10.11,68155
414,BUY_A,ST_FLIP_RED,2026-02-21T14:00:00,2026-02-22T22:00:00,long,68155,67435,100,0.1,6815.5,100.0,-72,-82.11,-6897.24,-0.08,0,0.0,720,1.06,9590.46,805598.64,9.59,681.55,0.1,10,5.0,0.01,0,0.0,10.11,67675
415,SELL_A,ST_FLIP_GREEN,2026-02-22T22:00:00,2026-02-23T14:00:00,short,67435,65755,100,0.1,6743.5,100.0,168,157.89,13262.76,0.16,1680,2.49,0,0.0,9748.35,818861.4,9.75,674.35,0.1,10,5.0,0.01,0,0.0,10.11,67915
416,BUY_A,ST_FLIP_RED,2026-02-23T14:00:00,2026-02-23T22:00:00,long,65755,65275,100,0.1,6575.5,100.0,-48,-58.11,-4881.24,-0.06,0,0.0,480,0.73,9690.24,813980.16,9.69,657.55,0.1,10,5.0,0.01,0,0.0,10.11,65275
417,SELL_A,ST_FLIP_GREEN,2026-02-23T22:00:00,2026-02-24T02:00:00,short,64795,65035,100,0.1,6479.5,100.0,-24,-34.11,-2865.24,-0.03,0,0.0,240,0.37,9656.13,811114.92,9.66,647.95,0.1,10,5.0,0.01,0,0.0,10.11,65275
418,BUY_A,ST_FLIP_RED,2026-02-24T02:00:00,2026-02-24T06:00:00,long,65035,64075,100,0.1,6503.5,100.0,-96,-106.11,-8913.24,-0.11,0,0.0,960,1.48,9550.02,802201.68,9.55,650.35,0.1,10,5.0,0.01,0,0.0,10.11,64555
419,SELL_A,ST_FLIP_GREEN,2026-02-24T08:00:00,2026-02-24T20:00:00,short,63835,64075,100,0.1,6383.5,100.0,-24,-34.11,-2865.24,-0.03,0,0.0,240,0.38,9515.91,799336.44,9.52,638.35,0.1,10,5.0,0.01,0,0.0,10.11,64315
420,BUY_A,ST_FLIP_RED,2026-02-24T20:00:00,2026-02-25T10:00:00,long,64075,65035,100,0.1,6407.5,100.0,96,85.89,7214.76,0.09,960,1.5,0,0.0,9601.8,806551.2,9.6,640.75,0.1,10,5.0,0.01,0,0.0,10.11,63595
421,SELL_A,ST_FLIP_GREEN,2026-02-25T10:00:00,2026-02-25T18:00:00,short,64795,65755,100,0.1,6479.5,100.0,-96,-106.11,-8913.24,-0.11,0,0.0,960,1.48,9495.69,797637.96,9.5,647.95,0.1,10,5.0,0.01,0,0.0,10.11,65275
422,BUY_A,ST_FLIP_RED,2026-02-25T18:00:00,2026-02-26T04:00:00,long,65995,68155,100,0.1,6599.5,100.0,216,205.89,17294.76,0.21,2160,3.27,0,0.0,9701.58,814932.72,9.7,659.95,0.1,10,5.0,0.01,0,0.0,10.11,65515
423,SELL_B,ST_FLIP_GREEN,2026-02-26T04:00:00,2026-02-27T08:00:00,short,68155,67915,100,0.1,6815.5,100.0,24,13.89,1166.76,0.01,240,0.35,0,0.0,9715.47,816099.48,9.72,681.55,0.1,10,5.0,0.01,0,0.0,10.11,68635
424,SELL_B,ST_FLIP_GREEN,2026-02-27T14:00:00,2026-02-28T18:00:00,short,66955,64795,100,0.1,6695.5,100.0,216,205.89,17294.76,0.21,2160,3.23,0,0.0,9921.36,833394.24,9.92,669.55,0.1,10,5.0,0.01,0,0.0,10.11,67435
425,BUY_B,ST_FLIP_RED,2026-02-28T18:00:00,2026-03-01T14:00:00,long,64795,66715,100,0.1,6479.5,100.0,192,181.89,15278.76,0.18,1920,2.96,0,0.0,10103.25,848673.0,10.1,647.95,0.1,10,5.0,0.01,0,0.0,10.11,64315
426,SELL_A,ST_FLIP_GREEN,2026-03-01T14:00:00,2026-03-01T22:00:00,short,66715,66715,100,0.1,6671.5,100.0,0,-10.11,-849.24,-0.01,0,0.0,0,0.0,10093.14,847823.76,10.09,667.15,0.1,10,5.0,0.01,0,0.0,10.11,67195
427,SELL_B,ST_FLIP_GREEN,2026-03-01T22:00:00,2026-03-02T08:00:00,short,66235,66235,100,0.1,6623.5,100.0,0,-10.11,-849.24,-0.01,0,0.0,0,0.0,10083.03,846974.52,10.08,662.35,0.1,10,5.0,0.01,0,0.0,10.11,66715
428,BUY_A,ST_FLIP_RED,2026-03-02T08:00:00,2026-03-02T12:00:00,long,66475,65755,100,0.1,6647.5,100.0,-72,-82.11,-6897.24,-0.08,0,0.0,720,1.08,10000.92,840077.28,10.0,664.75,0.1,10,5.0,0.01,0,0.0,10.11,65995
429,SELL_A,ST_FLIP_GREEN,2026-03-02T12:00:00,2026-03-02T18:00:00,short,65515,65755,100,0.1,6551.5,100.0,-24,-34.11,-2865.24,-0.03,0,0.0,240,0.37,9966.81,837212.04,9.97,655.15,0.1,10,5.0,0.01,0,0.0,10.11,65995
430,BUY_A,ST_FLIP_RED,2026-03-02T18:00:00,2026-03-03T08:00:00,long,65755,68395,100,0.1,6575.5,100.0,264,253.89,21326.76,0.25,2640,4.01,0,0.0,10220.7,858538.8,10.22,657.55,0.1,10,5.0,0.01,0,0.0,10.11,65275
431,SELL_A,ST_FLIP_GREEN,2026-03-03T08:00:00,2026-03-03T16:00:00,short,68395,67675,100,0.1,6839.5,100.0,72,61.89,5198.76,0.06,720,1.05,0,0.0,10282.59,863737.56,10.28,683.95,0.1,10,5.0,0.01,0,0.0,10.11,68875
432,BUY_A,ST_FLIP_RED,2026-03-03T18:00:00,2026-03-03T20:00:00,long,67195,67435,100,0.1,6719.5,100.0,24,13.89,1166.76,0.01,240,0.36,0,0.0,10296.48,864904.32,10.3,671.95,0.1,10,5.0,0.01,0,0.0,10.11,66715
433,SELL_A,ST_FLIP_GREEN,2026-03-03T20:00:00,2026-03-03T20:00:00,short,67435,68155,100,0.1,6743.5,100.0,-72,-82.11,-6897.24,-0.08,0,0.0,720,1.07,10214.37,858007.08,10.21,674.35,0.1,10,5.0,0.01,0,0.0,10.11,67915
434,BUY_B,ST_FLIP_RED,2026-03-03T20:00:00,2026-03-04T08:00:00,long,68155,67915,100,0.1,6815.5,100.0,-24,-34.11,-2865.24,-0.03,0,0.0,240,0.35,10180.26,855141.84,10.18,681.55,0.1,10,5.0,0.01,0,0.0,10.11,67675
435,SELL_A,ST_FLIP_GREEN,2026-03-04T08:00:00,2026-03-04T12:00:00,short,67675,68635,100,0.1,6767.5,100.0,-96,-106.11,-8913.24,-0.11,0,0.0,960,1.42,10074.15,846228.6,10.07,676.75,0.1,10,5.0,0.01,0,0.0,10.11,68155
436,BUY_A,ST_FLIP_RED,2026-03-04T12:00:00,2026-03-04T18:00:00,long,68875,71035,100,0.1,6887.5,100.0,216,205.89,17294.76,0.21,2160,3.14,0,0.0,10280.04,863523.36,10.28,688.75,0.1,10,5.0,0.01,0,0.0,10.11,68395
437,SELL_A,ST_FLIP_GREEN,2026-03-04T18:00:00,2026-03-04T18:00:00,short,71035,71515,100,0.1,7103.5,100.0,-48,-58.11,-4881.24,-0.06,0,0.0,480,0.68,10221.93,858642.12,10.22,710.35,0.1,10,5.0,0.01,0,0.0,10.11,71515
438,BUY_A,ST_FLIP_RED,2026-03-04T20:00:00,2026-03-05T10:00:00,long,71995,72475,100,0.1,7199.5,100.0,48,37.89,3182.76,0.04,480,0.67,0,0.0,10259.82,861824.88,10.26,719.95,0.1,10,5.0,0.01,0,0.0,10.11,71515
439,SELL_B,ST_FLIP_GREEN,2026-03-05T10:00:00,2026-03-05T14:00:00,short,72475,72955,100,0.1,7247.5,100.0,-48,-58.11,-4881.24,-0.06,0,0.0,480,0.66,10201.71,856943.64,10.2,724.75,0.1,10,5.0,0.01,0,0.0,10.11,72955
440,BUY_A,ST_FLIP_RED,2026-03-05T18:00:00,2026-03-05T20:00:00,long,72715,72235,100,0.1,7271.5,100.0,-48,-58.11,-4881.24,-0.06,0,0.0,480,0.66,10143.6,852062.4,10.14,727.15,0.1,10,5.0,0.01,0,0.0,10.11,72235
441,SELL_B,ST_FLIP_GREEN,2026-03-05T20:00:00,2026-03-06T08:00:00,short,72235,71035,100,0.1,7223.5,100.0,120,109.89,9230.76,0.11,1200,1.66,0,0.0,10253.49,861293.16,10.25,722.35,0.1,10,5.0,0.01,0,0.0,10.11,72715
442,SELL_B,ST_FLIP_GREEN,2026-03-06T10:00:00,2026-03-08T14:00:00,short,70555,68155,100,0.1,7055.5,100.0,240,229.89,19310.76,0.23,2400,3.4,0,0.0,10483.38,880603.92,10.48,705.55,0.1,10,5.0,0.01,0,0.0,10.11,71035
443,BUY_B,ST_FLIP_RED,2026-03-08T14:00:00,2026-03-08T16:00:00,long,68155,67195,100,0.1,6815.5,100.0,-96,-106.11,-8913.24,-0.11,0,0.0,960,1.41,10377.27,871690.68,10.38,681.55,0.1,10,5.0,0.01,0,0.0,10.11,67675
444,SELL_A,ST_FLIP_GREEN,2026-03-09T02:00:00,2026-03-09T08:00:00,short,66475,66955,100,0.1,6647.5,100.0,-48,-58.11,-4881.24,-0.06,0,0.0,480,0.72,10319.16,866809.44,10.32,664.75,0.1,10,5.0,0.01,0,0.0,10.11,66955
445,BUY_B,ST_FLIP_RED,2026-03-09T08:00:00,2026-03-10T00:00:00,long,66955,68875,100,0.1,6695.5,100.0,192,181.89,15278.76,0.18,1920,2.87,0,0.0,10501.05,882088.2,10.5,669.55,0.1,10,5.0,0.01,0,0.0,10.11,66475
446,BUY_B,ST_FLIP_RED,2026-03-10T08:00:00,2026-03-10T18:00:00,long,69355,69835,100,0.1,6935.5,100.0,48,37.89,3182.76,0.04,480,0.69,0,0.0,10538.94,885270.96,10.54,693.55,0.1,10,5.0,0.01,0,0.0,10.11,68875
447,SELL_A,ST_FLIP_GREEN,2026-03-10T18:00:00,2026-03-10T20:00:00,short,69835,70555,100,0.1,6983.5,100.0,-72,-82.11,-6897.24,-0.08,0,0.0,720,1.03,10456.83,878373.72,10.46,698.35,0.1,10,5.0,0.01,0,0.0,10.11,70315
448,BUY_A,ST_FLIP_RED,2026-03-10T20:00:00,2026-03-10T22:00:00,long,71035,70555,100,0.1,7103.5,100.0,-48,-58.11,-4881.24,-0.06,0,0.0,480,0.68,10398.72,873492.48,10.4,710.35,0.1,10,5.0,0.01,0,0.0,10.11,70555
449,SELL_A,ST_FLIP_GREEN,2026-03-10T22:00:00,2026-03-11T18:00:00,short,70555,70555,100,0.1,7055.5,100.0,0,-10.11,-849.24,-0.01,0,0.0,0,0.0,10388.61,872643.24,10.39,705.55,0.1,10,5.0,0.01,0,0.0,10.11,71035
450,BUY_A,ST_FLIP_RED,2026-03-11T18:00:00,2026-03-12T06:00:00,long,70795,69835,100,0.1,7079.5,100.0,-96,-106.11,-8913.24,-0.11,0,0.0,960,1.36,10282.5,863730.0,10.28,707.95,0.1,10,5.0,0.01,0,0.0,10.11,70315
451,SELL_A,ST_FLIP_GREEN,2026-03-12T06:00:00,2026-03-13T04:00:00,short,69835,70555,100,0.1,6983.5,100.0,-72,-82.11,-6897.24,-0.08,0,0.0,720,1.03,10200.39,856832.76,10.2,698.35,0.1,10,5.0,0.01,0,0.0,10.11,70315
452,BUY_A,ST_FLIP_RED,2026-03-13T04:00:00,2026-03-13T20:00:00,long,70555,72715,100,0.1,7055.5,100.0,216,205.89,17294.76,0.21,2160,3.06,0,0.0,10406.28,874127.52,10.41,705.55,0.1,10,5.0,0.01,0,0.0,10.11,70075
453,SELL_B,ST_FLIP_GREEN,2026-03-13T20:00:00,2026-03-15T12:00:00,short,72715,71515,100,0.1,7271.5,100.0,120,109.89,9230.76,0.11,1200,1.65,0,0.0,10516.17,883358.28,10.52,727.15,0.1,10,5.0,0.01,0,0.0,10.11,73195
454,BUY_A,ST_FLIP_RED,2026-03-15T14:00:00,2026-03-17T14:00:00,long,71755,74155,100,0.1,7175.5,100.0,240,229.89,19310.76,0.23,2400,3.34,0,0.0,10746.06,902669.04,10.75,717.55,0.1,10,5.0,0.01,0,0.0,10.11,71275
455,SELL_B,ST_FLIP_GREEN,2026-03-17T14:00:00,2026-03-18T04:00:00,short,74155,74155,100,0.1,7415.5,100.0,0,-10.11,-849.24,-0.01,0,0.0,0,0.0,10735.95,901819.8,10.74,741.55,0.1,10,5.0,0.01,0,0.0,10.11,74635
456,SELL_B,ST_FLIP_GREEN,2026-03-18T04:00:00,2026-03-18T16:00:00,short,73675,73915,100,0.1,7367.5,100.0,-24,-34.11,-2865.24,-0.03,0,0.0,240,0.33,10701.84,898954.56,10.7,736.75,0.1,10,5.0,0.01,0,0.0,10.11,74155
457,SELL_B,ST_FLIP_GREEN,2026-03-18T16:00:00,2026-03-20T00:00:00,short,73195,70315,100,0.1,7319.5,100.0,288,277.89,23342.76,0.28,2880,3.93,0,0.0,10979.73,922297.32,10.98,731.95,0.1,10,5.0,0.01,0,0.0,10.11,73675
458,BUY_B,ST_FLIP_RED,2026-03-20T00:00:00,2026-03-20T14:00:00,long,70315,70075,100,0.1,7031.5,100.0,-24,-34.11,-2865.24,-0.03,0,0.0,240,0.34,10945.62,919432.08,10.95,703.15,0.1,10,5.0,0.01,0,0.0,10.11,69835
459,SELL_A,ST_FLIP_GREEN,2026-03-21T02:00:00,2026-03-21T02:00:00,short,70315,70795,100,0.1,7031.5,100.0,-48,-58.11,-4881.24,-0.06,0,0.0,480,0.68,10887.51,914550.84,10.89,703.15,0.1,10,5.0,0.01,0,0.0,10.11,70795
460,BUY_B,ST_FLIP_RED,2026-03-21T02:00:00,2026-03-22T04:00:00,long,70795,69835,100,0.1,7079.5,100.0,-96,-106.11,-8913.24,-0.11,0,0.0,960,1.36,10781.4,905637.6,10.78,707.95,0.1,10,5.0,0.01,0,0.0,10.11,70315
461,SELL_A,ST_FLIP_GREEN,2026-03-22T04:00:00,2026-03-23T16:00:00,short,69595,69115,100,0.1,6959.5,100.0,48,37.89,3182.76,0.04,480,0.69,0,0.0,10819.29,908820.36,10.82,695.95,0.1,10,5.0,0.01,0,0.0,10.11,70075
462,BUY_A,ST_FLIP_RED,2026-03-23T16:00:00,2026-03-23T20:00:00,long,69115,70315,100,0.1,6911.5,100.0,120,109.89,9230.76,0.11,1200,1.74,0,0.0,10929.18,918051.12,10.93,691.15,0.1,10,5.0,0.01,0,0.0,10.11,68635
463,SELL_A,ST_FLIP_GREEN,2026-03-23T20:00:00,2026-03-23T22:00:00,short,70315,71035,100,0.1,7031.5,100.0,-72,-82.11,-6897.24,-0.08,0,0.0,720,1.02,10847.07,911153.88,10.85,703.15,0.1,10,5.0,0.01,0,0.0,10.11,70795
464,BUY_A,ST_FLIP_RED,2026-03-24T06:00:00,2026-03-24T12:00:00,long,70555,70795,100,0.1,7055.5,100.0,24,13.89,1166.76,0.01,240,0.34,0,0.0,10860.96,912320.64,10.86,705.55,0.1,10,5.0,0.01,0,0.0,10.11,70075
465,SELL_B,ST_FLIP_GREEN,2026-03-24T12:00:00,2026-03-25T04:00:00,short,70795,70555,100,0.1,7079.5,100.0,24,13.89,1166.76,0.01,240,0.34,0,0.0,10874.85,913487.4,10.87,707.95,0.1,10,5.0,0.01,0,0.0,10.11,71275
466,BUY_A,ST_FLIP_RED,2026-03-25T08:00:00,2026-03-26T04:00:00,long,70795,71035,100,0.1,7079.5,100.0,24,13.89,1166.76,0.01,240,0.34,0,0.0,10888.74,914654.16,10.89,707.95,0.1,10,5.0,0.01,0,0.0,10.11,70315
467,BUY_B,ST_FLIP_RED,2026-03-26T10:00:00,2026-03-26T10:00:00,long,70795,70075,100,0.1,7079.5,100.0,-72,-82.11,-6897.24,-0.08,0,0.0,720,1.02,10806.63,907756.92,10.81,707.95,0.1,10,5.0,0.01,0,0.0,10.11,70315
468,SELL_B,ST_FLIP_GREEN,2026-03-26T10:00:00,2026-03-27T00:00:00,short,70075,69355,100,0.1,7007.5,100.0,72,61.89,5198.76,0.06,720,1.03,0,0.0,10868.52,912955.68,10.87,700.75,0.1,10,5.0,0.01,0,0.0,10.11,70555
469,BUY_A,ST_FLIP_RED,2026-03-27T00:00:00,2026-03-27T12:00:00,long,69355,68395,100,0.1,6935.5,100.0,-96,-106.11,-8913.24,-0.11,0,0.0,960,1.38,10762.41,904042.44,10.76,693.55,0.1,10,5.0,0.01,0,0.0,10.11,68875
470,SELL_A,ST_FLIP_GREEN,2026-03-27T14:00:00,2026-03-28T18:00:00,short,68155,66715,100,0.1,6815.5,100.0,144,133.89,11246.76,0.13,1440,2.11,0,0.0,10896.3,915289.2,10.9,681.55,0.1,10,5.0,0.01,0,0.0,10.11,68635
471,BUY_B,ST_FLIP_RED,2026-03-28T18:00:00,2026-03-29T08:00:00,long,66715,66715,100,0.1,6671.5,100.0,0,-10.11,-849.24,-0.01,0,0.0,0,0.0,10886.19,914439.96,10.89,667.15,0.1,10,5.0,0.01,0,0.0,10.11,66235
472,BUY_B,ST_FLIP_RED,2026-03-29T14:00:00,2026-03-30T22:00:00,long,66475,66715,100,0.1,6647.5,100.0,24,13.89,1166.76,0.01,240,0.36,0,0.0,10900.08,915606.72,10.9,664.75,0.1,10,5.0,0.01,0,0.0,10.11,65995
473,SELL_A,ST_FLIP_GREEN,2026-03-30T22:00:00,2026-03-31T06:00:00,short,66475,67435,100,0.1,6647.5,100.0,-96,-106.11,-8913.24,-0.11,0,0.0,960,1.44,10793.97,906693.48,10.79,664.75,0.1,10,5.0,0.01,0,0.0,10.11,66955
474,BUY_A,ST_FLIP_RED,2026-03-31T06:00:00,2026-03-31T14:00:00,long,67435,67195,100,0.1,6743.5,100.0,-24,-34.11,-2865.24,-0.03,0,0.0,240,0.36,10759.86,903828.24,10.76,674.35,0.1,10,5.0,0.01,0,0.0,10.11,66955
475,SELL_A,ST_FLIP_GREEN,2026-03-31T14:00:00,2026-03-31T18:00:00,short,67195,67435,100,0.1,6719.5,100.0,-24,-34.11,-2865.24,-0.03,0,0.0,240,0.36,10725.75,900963.0,10.73,671.95,0.1,10,5.0,0.01,0,0.0,10.11,67675
476,BUY_A,ST_FLIP_RED,2026-03-31T18:00:00,2026-03-31T20:00:00,long,67675,66955,100,0.1,6767.5,100.0,-72,-82.11,-6897.24,-0.08,0,0.0,720,1.06,10643.64,894065.76,10.64,676.75,0.1,10,5.0,0.01,0,0.0,10.11,67195
477,SELL_A,ST_FLIP_GREEN,2026-03-31T20:00:00,2026-03-31T22:00:00,short,66955,67915,100,0.1,6695.5,100.0,-96,-106.11,-8913.24,-0.11,0,0.0,960,1.43,10537.53,885152.52,10.54,669.55,0.1,10,5.0,0.01,0,0.0,10.11,67435
478,BUY_A,ST_FLIP_RED,2026-03-31T22:00:00,2026-04-02T06:00:00,long,67915,67675,100,0.1,6791.5,100.0,-24,-34.11,-2865.24,-0.03,0,0.0,240,0.35,10503.42,882287.28,10.5,679.15,0.1,10,5.0,0.01,0,0.0,10.11,67435
479,SELL_A,ST_FLIP_GREEN,2026-04-02T06:00:00,2026-04-03T06:00:00,short,67675,66475,100,0.1,6767.5,100.0,120,109.89,9230.76,0.11,1200,1.77,0,0.0,10613.31,891518.04,10.61,676.75,0.1,10,5.0,0.01,0,0.0,10.11,68155
480,SELL_B,ST_FLIP_GREEN,2026-04-03T12:00:00,2026-04-06T00:00:00,short,66715,67435,100,0.1,6671.5,100.0,-72,-82.11,-6897.24,-0.08,0,0.0,720,1.08,10531.2,884620.8,10.53,667.15,0.1,10,5.0,0.01,0,0.0,10.11,67195
481,BUY_B,ST_FLIP_RED,2026-04-06T00:00:00,2026-04-07T06:00:00,long,67435,68875,100,0.1,6743.5,100.0,144,133.89,11246.76,0.13,1440,2.14,0,0.0,10665.09,895867.56,10.67,674.35,0.1,10,5.0,0.01,0,0.0,10.11,66955
482,SELL_A,ST_FLIP_GREEN,2026-04-07T06:00:00,2026-04-08T00:00:00,short,68875,69115,100,0.1,6887.5,100.0,-24,-34.11,-2865.24,-0.03,0,0.0,240,0.35,10630.98,893002.32,10.63,688.75,0.1,10,5.0,0.01,0,0.0,10.11,69355
483,BUY_A,ST_FLIP_RED,2026-04-08T02:00:00,2026-04-09T18:00:00,long,69595,70795,100,0.1,6959.5,100.0,120,109.89,9230.76,0.11,1200,1.72,0,0.0,10740.87,902233.08,10.74,695.95,0.1,10,5.0,0.01,0,0.0,10.11,69115
484,SELL_A,ST_FLIP_GREEN,2026-04-09T18:00:00,2026-04-09T20:00:00,short,70795,71755,100,0.1,7079.5,100.0,-96,-106.11,-8913.24,-0.11,0,0.0,960,1.36,10634.76,893319.84,10.63,707.95,0.1,10,5.0,0.01,0,0.0,10.11,71275
485,BUY_A,ST_FLIP_RED,2026-04-09T20:00:00,2026-04-10T18:00:00,long,72235,72235,100,0.1,7223.5,100.0,0,-10.11,-849.24,-0.01,0,0.0,0,0.0,10624.65,892470.6,10.62,722.35,0.1,10,5.0,0.01,0,0.0,10.11,71755
486,SELL_B,ST_FLIP_GREEN,2026-04-10T18:00:00,2026-04-10T18:00:00,short,72235,72715,100,0.1,7223.5,100.0,-48,-58.11,-4881.24,-0.06,0,0.0,480,0.66,10566.54,887589.36,10.57,722.35,0.1,10,5.0,0.01,0,0.0,10.11,72715
487,BUY_A,ST_FLIP_RED,2026-04-10T18:00:00,2026-04-11T22:00:00,long,72955,72955,100,0.1,7295.5,100.0,0,-10.11,-849.24,-0.01,0,0.0,0,0.0,10556.43,886740.12,10.56,729.55,0.1,10,5.0,0.01,0,0.0,10.11,72475
488,SELL_B,ST_FLIP_GREEN,2026-04-11T22:00:00,2026-04-13T18:00:00,short,72955,71755,100,0.1,7295.5,100.0,120,109.89,9230.76,0.11,1200,1.64,0,0.0,10666.32,895970.88,10.67,729.55,0.1,10,5.0,0.01,0,0.0,10.11,73435
489,BUY_A,ST_FLIP_RED,2026-04-13T20:00:00,2026-04-14T22:00:00,long,71995,74635,100,0.1,7199.5,100.0,264,253.89,21326.76,0.25,2640,3.67,0,0.0,10920.21,917297.64,10.92,719.95,0.1,10,5.0,0.01,0,0.0,10.11,71515
490,SELL_B,ST_FLIP_GREEN,2026-04-14T22:00:00,2026-04-15T10:00:00,short,74635,74155,100,0.1,7463.5,100.0,48,37.89,3182.76,0.04,480,0.64,0,0.0,10958.1,920480.4,10.96,746.35,0.1,10,5.0,0.01,0,0.0,10.11,75115
491,SELL_B,ST_FLIP_GREEN,2026-04-15T10:00:00,2026-04-15T18:00:00,short,73675,74635,100,0.1,7367.5,100.0,-96,-106.11,-8913.24,-0.11,0,0.0,960,1.3,10851.99,911567.16,10.85,736.75,0.1,10,5.0,0.01,0,0.0,10.11,74155
492,BUY_A,ST_FLIP_RED,2026-04-15T20:00:00,2026-04-16T00:00:00,long,74155,74395,100,0.1,7415.5,100.0,24,13.89,1166.76,0.01,240,0.32,0,0.0,10865.88,912733.92,10.87,741.55,0.1,10,5.0,0.01,0,0.0,10.11,73675
493,SELL_B,ST_FLIP_GREEN,2026-04-16T00:00:00,2026-04-16T18:00:00,short,74395,74395,100,0.1,7439.5,100.0,0,-10.11,-849.24,-0.01,0,0.0,0,0.0,10855.77,911884.68,10.86,743.95,0.1,10,5.0,0.01,0,0.0,10.11,74875
494,BUY_B,ST_FLIP_RED,2026-04-16T18:00:00,2026-04-16T18:00:00,long,74395,73675,100,0.1,7439.5,100.0,-72,-82.11,-6897.24,-0.08,0,0.0,720,0.97,10773.66,904987.44,10.77,743.95,0.1,10,5.0,0.01,0,0.0,10.11,73915
495,SELL_B,ST_FLIP_GREEN,2026-04-16T18:00:00,2026-04-16T20:00:00,short,73675,74635,100,0.1,7367.5,100.0,-96,-106.11,-8913.24,-0.11,0,0.0,960,1.3,10667.55,896074.2,10.67,736.75,0.1,10,5.0,0.01,0,0.0,10.11,74155
496,BUY_A,ST_FLIP_RED,2026-04-16T20:00:00,2026-04-17T12:00:00,long,74635,74875,100,0.1,7463.5,100.0,24,13.89,1166.76,0.01,240,0.32,0,0.0,10681.44,897240.96,10.68,746.35,0.1,10,5.0,0.01,0,0.0,10.11,74155
497,SELL_A,ST_FLIP_GREEN,2026-04-17T12:00:00,2026-04-17T16:00:00,short,74875,75595,100,0.1,7487.5,100.0,-72,-82.11,-6897.24,-0.08,0,0.0,720,0.96,10599.33,890343.72,10.6,748.75,0.1,10,5.0,0.01,0,0.0,10.11,75355
498,BUY_B,ST_FLIP_RED,2026-04-17T16:00:00,2026-04-17T22:00:00,long,75595,77035,100,0.1,7559.5,100.0,144,133.89,11246.76,0.13,1440,1.9,0,0.0,10733.22,901590.48,10.73,755.95,0.1,10,5.0,0.01,0,0.0,10.11,75115
499,SELL_A,ST_FLIP_GREEN,2026-04-17T22:00:00,2026-04-19T18:00:00,short,77035,76075,100,0.1,7703.5,100.0,96,85.89,7214.76,0.09,960,1.25,0,0.0,10819.11,908805.24,10.82,770.35,0.1,10,5.0,0.01,0,0.0,10.11,77515
500,BUY_A,ST_FLIP_RED,2026-04-19T20:00:00,2026-04-19T22:00:00,long,75595,75115,100,0.1,7559.5,100.0,-48,-58.11,-4881.24,-0.06,0,0.0,480,0.63,10761.0,903924.0,10.76,755.95,0.1,10,5.0,0.01,0,0.0,10.11,75115
501,SELL_A,ST_FLIP_GREEN,2026-04-19T22:00:00,2026-04-20T14:00:00,short,75115,74875,100,0.1,7511.5,100.0,24,13.89,1166.76,0.01,240,0.32,0,0.0,10774.89,905090.76,10.77,751.15,0.1,10,5.0,0.01,0,0.0,10.11,75595
502,BUY_A,ST_FLIP_RED,2026-04-20T14:00:00,2026-04-21T12:00:00,long,74875,75835,100,0.1,7487.5,100.0,96,85.89,7214.76,0.09,960,1.28,0,0.0,10860.78,912305.52,10.86,748.75,0.1,10,5.0,0.01,0,0.0,10.11,74395
503,BUY_B,ST_FLIP_RED,2026-04-21T12:00:00,2026-04-22T02:00:00,long,76315,75355,100,0.1,7631.5,100.0,-96,-106.11,-8913.24,-0.11,0,0.0,960,1.26,10754.67,903392.28,10.75,763.15,0.1,10,5.0,0.01,0,0.0,10.11,75835
504,SELL_A,ST_FLIP_GREEN,2026-04-22T02:00:00,2026-04-22T04:00:00,short,75355,76315,100,0.1,7535.5,100.0,-96,-106.11,-8913.24,-0.11,0,0.0,960,1.27,10648.56,894479.04,10.65,753.55,0.1,10,5.0,0.01,0,0.0,10.11,75835
505,BUY_A,ST_FLIP_RED,2026-04-22T04:00:00,2026-04-23T06:00:00,long,76315,77995,100,0.1,7631.5,100.0,168,157.89,13262.76,0.16,1680,2.2,0,0.0,10806.45,907741.8,10.81,763.15,0.1,10,5.0,0.01,0,0.0,10.11,75835
506,SELL_A,ST_FLIP_GREEN,2026-04-23T06:00:00,2026-04-23T20:00:00,short,77995,78475,100,0.1,7799.5,100.0,-48,-58.11,-4881.24,-0.06,0,0.0,480,0.62,10748.34,902860.56,10.75,779.95,0.1,10,5.0,0.01,0,0.0,10.11,78475
507,SELL_B,ST_FLIP_GREEN,2026-04-24T04:00:00,2026-04-27T02:00:00,short,78235,78475,100,0.1,7823.5,100.0,-24,-34.11,-2865.24,-0.03,0,0.0,240,0.31,10714.23,899995.32,10.71,782.35,0.1,10,5.0,0.01,0,0.0,10.11,78715
508,BUY_B,ST_FLIP_RED,2026-04-27T02:00:00,2026-04-27T10:00:00,long,78475,77995,100,0.1,7847.5,100.0,-48,-58.11,-4881.24,-0.06,0,0.0,480,0.61,10656.12,895114.08,10.66,784.75,0.1,10,5.0,0.01,0,0.0,10.11,77995
509,SELL_A,ST_FLIP_GREEN,2026-04-27T10:00:00,2026-04-29T08:00:00,short,77995,76795,100,0.1,7799.5,100.0,120,109.89,9230.76,0.11,1200,1.54,0,0.0,10766.01,904344.84,10.77,779.95,0.1,10,5.0,0.01,0,0.0,10.11,78475
510,BUY_A,ST_FLIP_RED,2026-04-29T08:00:00,2026-04-29T18:00:00,long,76795,76795,100,0.1,7679.5,100.0,0,-10.11,-849.24,-0.01,0,0.0,0,0.0,10755.9,903495.6,10.76,767.95,0.1,10,5.0,0.01,0,0.0,10.11,76315
511,SELL_A,ST_FLIP_GREEN,2026-04-29T20:00:00,2026-04-30T06:00:00,short,76555,76075,100,0.1,7655.5,100.0,48,37.89,3182.76,0.04,480,0.63,0,0.0,10793.79,906678.36,10.79,765.55,0.1,10,5.0,0.01,0,0.0,10.11,77035
512,BUY_A,ST_FLIP_RED,2026-04-30T06:00:00,2026-05-04T06:00:00,long,76075,78715,100,0.1,7607.5,100.0,264,253.89,21326.76,0.25,2640,3.47,0,0.0,11047.68,928005.12,11.05,760.75,0.1,10,5.0,0.01,0,0.0,10.11,75595
513,SELL_A,ST_FLIP_GREEN,2026-05-04T06:00:00,2026-05-04T06:00:00,short,78715,79195,100,0.1,7871.5,100.0,-48,-58.11,-4881.24,-0.06,0,0.0,480,0.61,10989.57,923123.88,10.99,787.15,0.1,10,5.0,0.01,0,0.0,10.11,79195
514,BUY_A,ST_FLIP_RED,2026-05-04T06:00:00,2026-05-04T14:00:00,long,79435,79195,100,0.1,7943.5,100.0,-24,-34.11,-2865.24,-0.03,0,0.0,240,0.3,10955.46,920258.64,10.96,794.35,0.1,10,5.0,0.01,0,0.0,10.11,78955
515,SELL_B,ST_FLIP_GREEN,2026-05-04T14:00:00,2026-05-04T18:00:00,short,79195,79435,100,0.1,7919.5,100.0,-24,-34.11,-2865.24,-0.03,0,0.0,240,0.3,10921.35,917393.4,10.92,791.95,0.1,10,5.0,0.01,0,0.0,10.11,79675
516,BUY_A,ST_FLIP_RED,2026-05-04T20:00:00,2026-05-06T08:00:00,long,79915,81115,100,0.1,7991.5,100.0,120,109.89,9230.76,0.11,1200,1.5,0,0.0,11031.24,926624.16,11.03,799.15,0.1,10,5.0,0.01,0,0.0,10.11,79435
517,SELL_A,ST_FLIP_GREEN,2026-05-06T08:00:00,2026-05-06T08:00:00,short,81115,81595,100,0.1,8111.5,100.0,-48,-58.11,-4881.24,-0.06,0,0.0,480,0.59,10973.13,921742.92,10.97,811.15,0.1,10,5.0,0.01,0,0.0,10.11,81595
518,BUY_A,ST_FLIP_RED,2026-05-06T14:00:00,2026-05-06T18:00:00,long,81835,81355,100,0.1,8183.5,100.0,-48,-58.11,-4881.24,-0.06,0,0.0,480,0.59,10915.02,916861.68,10.92,818.35,0.1,10,5.0,0.01,0,0.0,10.11,81355
519,SELL_B,ST_FLIP_GREEN,2026-05-06T18:00:00,2026-05-07T14:00:00,short,81355,81115,100,0.1,8135.5,100.0,24,13.89,1166.76,0.01,240,0.3,0,0.0,10928.91,918028.44,10.93,813.55,0.1,10,5.0,0.01,0,0.0,10.11,81835
520,SELL_B,ST_FLIP_GREEN,2026-05-07T14:00:00,2026-05-07T18:00:00,short,80635,80635,100,0.1,8063.5,100.0,0,-10.11,-849.24,-0.01,0,0.0,0,0.0,10918.8,917179.2,10.92,806.35,0.1,10,5.0,0.01,0,0.0,10.11,81115
521,SELL_B,ST_FLIP_GREEN,2026-05-08T02:00:00,2026-05-08T20:00:00,short,79915,79915,100,0.1,7991.5,100.0,0,-10.11,-849.24,-0.01,0,0.0,0,0.0,10908.69,916329.96,10.91,799.15,0.1,10,5.0,0.01,0,0.0,10.11,80395
522,BUY_A,ST_FLIP_RED,2026-05-08T20:00:00,2026-05-11T08:00:00,long,79915,80635,100,0.1,7991.5,100.0,72,61.89,5198.76,0.06,720,0.9,0,0.0,10970.58,921528.72,10.97,799.15,0.1,10,5.0,0.01,0,0.0,10.11,79435
523,SELL_A,ST_FLIP_GREEN,2026-05-11T14:00:00,2026-05-11T18:00:00,short,81115,80875,100,0.1,8111.5,100.0,24,13.89,1166.76,0.01,240,0.3,0,0.0,10984.47,922695.48,10.98,811.15,0.1,10,5.0,0.01,0,0.0,10.11,81595
524,BUY_A,ST_FLIP_RED,2026-05-11T18:00:00,2026-05-12T12:00:00,long,80875,80875,100,0.1,8087.5,100.0,0,-10.11,-849.24,-0.01,0,0.0,0,0.0,10974.36,921846.24,10.97,808.75,0.1,10,5.0,0.01,0,0.0,10.11,80395
525,SELL_A,ST_FLIP_GREEN,2026-05-12T12:00:00,2026-05-13T16:00:00,short,80875,80635,100,0.1,8087.5,100.0,24,13.89,1166.76,0.01,240,0.3,0,0.0,10988.25,923013.0,10.99,808.75,0.1,10,5.0,0.01,0,0.0,10.11,81355
526,SELL_B,ST_FLIP_GREEN,2026-05-13T18:00:00,2026-05-14T02:00:00,short,79915,79435,100,0.1,7991.5,100.0,48,37.89,3182.76,0.04,480,0.6,0,0.0,11026.14,926195.76,11.03,799.15,0.1,10,5.0,0.01,0,0.0,10.11,80395
527,BUY_A,ST_FLIP_RED,2026-05-14T02:00:00,2026-05-14T10:00:00,long,79435,79675,100,0.1,7943.5,100.0,24,13.89,1166.76,0.01,240,0.3,0,0.0,11040.03,927362.52,11.04,794.35,0.1,10,5.0,0.01,0,0.0,10.11,78955
528,SELL_A,ST_FLIP_GREEN,2026-05-14T10:00:00,2026-05-14T20:00:00,short,79675,80395,100,0.1,7967.5,100.0,-72,-82.11,-6897.24,-0.08,0,0.0,720,0.9,10957.92,920465.28,10.96,796.75,0.1,10,5.0,0.01,0,0.0,10.11,80155
529,BUY_B,ST_FLIP_RED,2026-05-14T20:00:00,2026-05-15T06:00:00,long,80395,80635,100,0.1,8039.5,100.0,24,13.89,1166.76,0.01,240,0.3,0,0.0,10971.81,921632.04,10.97,803.95,0.1,10,5.0,0.01,0,0.0,10.11,79915
530,SELL_A,ST_FLIP_GREEN,2026-05-15T06:00:00,2026-05-17T06:00:00,short,80635,77995,100,0.1,8063.5,100.0,264,253.89,21326.76,0.25,2640,3.27,0,0.0,11225.7,942958.8,11.23,806.35,0.1,10,5.0,0.01,0,0.0,10.11,81115
531,BUY_A,ST_FLIP_RED,2026-05-17T06:00:00,2026-05-17T14:00:00,long,77995,78235,100,0.1,7799.5,100.0,24,13.89,1166.76,0.01,240,0.31,0,0.0,11239.59,944125.56,11.24,779.95,0.1,10,5.0,0.01,0,0.0,10.11,77515
532,BUY_B,ST_FLIP_RED,2026-05-17T18:00:00,2026-05-18T04:00:00,long,78235,77515,100,0.1,7823.5,100.0,-72,-82.11,-6897.24,-0.08,0,0.0,720,0.92,11157.48,937228.32,11.16,782.35,0.1,10,5.0,0.01,0,0.0,10.11,77755
533,SELL_A,ST_FLIP_GREEN,2026-05-18T04:00:00,2026-05-18T18:00:00,short,77275,77035,100,0.1,7727.5,100.0,24,13.89,1166.76,0.01,240,0.31,0,0.0,11171.37,938395.08,11.17,772.75,0.1,10,5.0,0.01,0,0.0,10.11,77755
534,BUY_A,ST_FLIP_RED,2026-05-18T18:00:00,2026-05-18T18:00:00,long,77035,76555,100,0.1,7703.5,100.0,-48,-58.11,-4881.24,-0.06,0,0.0,480,0.62,11113.26,933513.84,11.11,770.35,0.1,10,5.0,0.01,0,0.0,10.11,76555
535,SELL_A,ST_FLIP_GREEN,2026-05-18T20:00:00,2026-05-19T00:00:00,short,76315,77275,100,0.1,7631.5,100.0,-96,-106.11,-8913.24,-0.11,0,0.0,960,1.26,11007.15,924600.6,11.01,763.15,0.1,10,5.0,0.01,0,0.0,10.11,76795
536,BUY_B,ST_FLIP_RED,2026-05-19T00:00:00,2026-05-19T12:00:00,long,77275,77035,100,0.1,7727.5,100.0,-24,-34.11,-2865.24,-0.03,0,0.0,240,0.31,10973.04,921735.36,10.97,772.75,0.1,10,5.0,0.01,0,0.0,10.11,76795
537,SELL_A,ST_FLIP_GREEN,2026-05-20T00:00:00,2026-05-20T14:00:00,short,76795,77515,100,0.1,7679.5,100.0,-72,-82.11,-6897.24,-0.08,0,0.0,720,0.94,10890.93,914838.12,10.89,767.95,0.1,10,5.0,0.01,0,0.0,10.11,77275
538,BUY_B,ST_FLIP_RED,2026-05-20T14:00:00,2026-05-21T18:00:00,long,77515,77035,100,0.1,7751.5,100.0,-48,-58.11,-4881.24,-0.06,0,0.0,480,0.62,10832.82,909956.88,10.83,775.15,0.1,10,5.0,0.01,0,0.0,10.11,77035
539,SELL_A,ST_FLIP_GREEN,2026-05-21T22:00:00,2026-05-22T18:00:00,short,77515,77275,100,0.1,7751.5,100.0,24,13.89,1166.76,0.01,240,0.31,0,0.0,10846.71,911123.64,10.85,775.15,0.1,10,5.0,0.01,0,0.0,10.11,77995
540,BUY_A,ST_FLIP_RED,2026-05-22T18:00:00,2026-05-23T00:00:00,long,77275,76555,100,0.1,7727.5,100.0,-72,-82.11,-6897.24,-0.08,0,0.0,720,0.93,10764.6,904226.4,10.76,772.75,0.1,10,5.0,0.01,0,0.0,10.11,76795
541,SELL_B,ST_FLIP_GREEN,2026-05-23T00:00:00,2026-05-23T22:00:00,short,76555,75595,100,0.1,7655.5,100.0,96,85.89,7214.76,0.09,960,1.25,0,0.0,10850.49,911441.16,10.85,765.55,0.1,10,5.0,0.01,0,0.0,10.11,77035
542,BUY_A,ST_FLIP_RED,2026-05-23T22:00:00,2026-05-25T02:00:00,long,75595,76795,100,0.1,7559.5,100.0,120,109.89,9230.76,0.11,1200,1.59,0,0.0,10960.38,920671.92,10.96,755.95,0.1,10,5.0,0.01,0,0.0,10.11,75115
543,BUY_B,ST_FLIP_RED,2026-05-25T12:00:00,2026-05-26T06:00:00,long,77275,76555,100,0.1,7727.5,100.0,-72,-82.11,-6897.24,-0.08,0,0.0,720,0.93,10878.27,913774.68,10.88,772.75,0.1,10,5.0,0.01,0,0.0,10.11,76795
544,SELL_A,ST_FLIP_GREEN,2026-05-26T06:00:00,2026-05-26T18:00:00,short,76555,77515,100,0.1,7655.5,100.0,-96,-106.11,-8913.24,-0.11,0,0.0,960,1.25,10772.16,904861.44,10.77,765.55,0.1,10,5.0,0.01,0,0.0,10.11,77035
545,BUY_A,ST_FLIP_RED,2026-05-26T18:00:00,2026-05-26T20:00:00,long,77755,76795,100,0.1,7775.5,100.0,-96,-106.11,-8913.24,-0.11,0,0.0,960,1.23,10666.05,895948.2,10.67,777.55,0.1,10,5.0,0.01,0,0.0,10.11,77275
546,SELL_A,ST_FLIP_GREEN,2026-05-26T20:00:00,2026-05-29T18:00:00,short,76795,73195,100,0.1,7679.5,100.0,360,349.89,29390.76,0.35,3600,4.69,0,0.0,11015.94,925338.96,11.02,767.95,0.1,10,5.0,0.01,0,0.0,10.11,77275
547,BUY_B,ST_FLIP_RED,2026-05-29T18:00:00,2026-05-29T18:00:00,long,73195,72715,100,0.1,7319.5,100.0,-48,-58.11,-4881.24,-0.06,0,0.0,480,0.66,10957.83,920457.72,10.96,731.95,0.1,10,5.0,0.01,0,0.0,10.11,72715
548,BUY_B,ST_FLIP_RED,2026-05-29T20:00:00,2026-06-01T04:00:00,long,73435,73915,100,0.1,7343.5,100.0,48,37.89,3182.76,0.04,480,0.65,0,0.0,10995.72,923640.48,11.0,734.35,0.1,10,5.0,0.01,0,0.0,10.11,72955
549,BUY_B,ST_FLIP_RED,2026-06-01T06:00:00,2026-06-01T12:00:00,long,73675,72955,100,0.1,7367.5,100.0,-72,-82.11,-6897.24,-0.08,0,0.0,720,0.98,10913.61,916743.24,10.91,736.75,0.1,10,5.0,0.01,0,0.0,10.11,73195
550,SELL_B,ST_FLIP_GREEN,2026-06-01T12:00:00,2026-06-03T18:00:00,short,72955,66955,100,0.1,7295.5,100.0,600,589.89,49550.76,0.59,6000,8.22,0,0.0,11503.5,966294.0,11.5,729.55,0.1,10,5.0,0.01,0,0.0,10.11,73435
551,BUY_B,ST_FLIP_RED,2026-06-03T18:00:00,2026-06-03T20:00:00,long,66955,66475,100,0.1,6695.5,100.0,-48,-58.11,-4881.24,-0.06,0,0.0,480,0.72,11445.39,961412.76,11.45,669.55,0.1,10,5.0,0.01,0,0.0,10.11,66475
552,SELL_A,ST_FLIP_GREEN,2026-06-04T02:00:00,2026-06-04T08:00:00,short,65515,64075,100,0.1,6551.5,100.0,144,133.89,11246.76,0.13,1440,2.2,0,0.0,11579.28,972659.52,11.58,655.15,0.1,10,5.0,0.01,0,0.0,10.11,65995
553,BUY_B,ST_FLIP_RED,2026-06-04T08:00:00,2026-06-04T12:00:00,long,64075,63595,100,0.1,6407.5,100.0,-48,-58.11,-4881.24,-0.06,0,0.0,480,0.75,11521.17,967778.28,11.52,640.75,0.1,10,5.0,0.01,0,0.0,10.11,63595
554,SELL_A,ST_FLIP_GREEN,2026-06-04T14:00:00,2026-06-04T18:00:00,short,62875,63595,100,0.1,6287.5,100.0,-72,-82.11,-6897.24,-0.08,0,0.0,720,1.15,11439.06,960881.04,11.44,628.75,0.1,10,5.0,0.01,0,0.0,10.11,63355
555,BUY_B,ST_FLIP_RED,2026-06-04T18:00:00,2026-06-05T00:00:00,long,63595,63115,100,0.1,6359.5,100.0,-48,-58.11,-4881.24,-0.06,0,0.0,480,0.75,11380.95,955999.8,11.38,635.95,0.1,10,5.0,0.01,0,0.0,10.11,63115
556,BUY_B,ST_FLIP_RED,2026-06-05T04:00:00,2026-06-05T06:00:00,long,64075,63115,100,0.1,6407.5,100.0,-96,-106.11,-8913.24,-0.11,0,0.0,960,1.5,11274.84,947086.56,11.27,640.75,0.1,10,5.0,0.01,0,0.0,10.11,63595
557,SELL_A,ST_FLIP_GREEN,2026-06-05T06:00:00,2026-06-05T10:00:00,short,62875,62875,100,0.1,6287.5,100.0,0,-10.11,-849.24,-0.01,0,0.0,0,0.0,11264.73,946237.32,11.26,628.75,0.1,10,5.0,0.01,0,0.0,10.11,63355
558,BUY_A,ST_FLIP_RED,2026-06-05T10:00:00,2026-06-05T10:00:00,long,62875,62155,100,0.1,6287.5,100.0,-72,-82.11,-6897.24,-0.08,0,0.0,720,1.15,11182.62,939340.08,11.18,628.75,0.1,10,5.0,0.01,0,0.0,10.11,62395
559,SELL_B,ST_FLIP_GREEN,2026-06-05T10:00:00,2026-06-05T12:00:00,short,62155,62395,100,0.1,6215.5,100.0,-24,-34.11,-2865.24,-0.03,0,0.0,240,0.39,11148.51,936474.84,11.15,621.55,0.1,10,5.0,0.01,0,0.0,10.11,62635
560,BUY_A,ST_FLIP_RED,2026-06-05T12:00:00,2026-06-05T18:00:00,long,62395,61915,100,0.1,6239.5,100.0,-48,-58.11,-4881.24,-0.06,0,0.0,480,0.77,11090.4,931593.6,11.09,623.95,0.1,10,5.0,0.01,0,0.0,10.11,61915
561,SELL_A,ST_FLIP_GREEN,2026-06-05T18:00:00,2026-06-06T02:00:00,short,61675,61195,100,0.1,6167.5,100.0,48,37.89,3182.76,0.04,480,0.78,0,0.0,11128.29,934776.36,11.13,616.75,0.1,10,5.0,0.01,0,0.0,10.11,62155
562,BUY_A,ST_FLIP_RED,2026-06-06T02:00:00,2026-06-06T08:00:00,long,61195,60475,100,0.1,6119.5,100.0,-72,-82.11,-6897.24,-0.08,0,0.0,720,1.18,11046.18,927879.12,11.05,611.95,0.1,10,5.0,0.01,0,0.0,10.11,60715
563,SELL_A,ST_FLIP_GREEN,2026-06-06T08:00:00,2026-06-06T10:00:00,short,59995,60955,100,0.1,5999.5,100.0,-96,-106.11,-8913.24,-0.11,0,0.0,960,1.6,10940.07,918965.88,10.94,599.95,0.1,10,5.0,0.01,0,0.0,10.11,60475
564,BUY_A,ST_FLIP_RED,2026-06-06T10:00:00,2026-06-07T06:00:00,long,60955,60955,100,0.1,6095.5,100.0,0,-10.11,-849.24,-0.01,0,0.0,0,0.0,10929.96,918116.64,10.93,609.55,0.1,10,5.0,0.01,0,0.0,10.11,60475
565,BUY_B,ST_FLIP_RED,2026-06-07T10:00:00,2026-06-08T02:00:00,long,61675,62155,100,0.1,6167.5,100.0,48,37.89,3182.76,0.04,480,0.78,0,0.0,10967.85,921299.4,10.97,616.75,0.1,10,5.0,0.01,0,0.0,10.11,61195
566,SELL_A,ST_FLIP_GREEN,2026-06-08T02:00:00,2026-06-08T02:00:00,short,62155,62635,100,0.1,6215.5,100.0,-48,-58.11,-4881.24,-0.06,0,0.0,480,0.77,10909.74,916418.16,10.91,621.55,0.1,10,5.0,0.01,0,0.0,10.11,62635
567,BUY_B,ST_FLIP_RED,2026-06-08T02:00:00,2026-06-09T04:00:00,long,62635,62875,100,0.1,6263.5,100.0,24,13.89,1166.76,0.01,240,0.38,0,0.0,10923.63,917584.92,10.92,626.35,0.1,10,5.0,0.01,0,0.0,10.11,62155
568,SELL_A,ST_FLIP_GREEN,2026-06-09T04:00:00,2026-06-09T12:00:00,short,62875,63115,100,0.1,6287.5,100.0,-24,-34.11,-2865.24,-0.03,0,0.0,240,0.38,10889.52,914719.68,10.89,628.75,0.1,10,5.0,0.01,0,0.0,10.11,63355
569,SELL_B,ST_FLIP_GREEN,2026-06-09T18:00:00,2026-06-10T10:00:00,short,62395,61435,100,0.1,6239.5,100.0,96,85.89,7214.76,0.09,960,1.54,0,0.0,10975.41,921934.44,10.98,623.95,0.1,10,5.0,0.01,0,0.0,10.11,62875
570,SELL_B,ST_FLIP_GREEN,2026-06-10T18:00:00,2026-06-11T02:00:00,short,61675,61675,100,0.1,6167.5,100.0,0,-10.11,-849.24,-0.01,0,0.0,0,0.0,10965.3,921085.2,10.97,616.75,0.1,10,5.0,0.01,0,0.0,10.11,62155
571,BUY_B,ST_FLIP_RED,2026-06-11T02:00:00,2026-06-11T04:00:00,long,61675,61675,100,0.1,6167.5,100.0,0,-10.11,-849.24,-0.01,0,0.0,0,0.0,10955.19,920235.96,10.96,616.75,0.1,10,5.0,0.01,0,0.0,10.11,61195
572,SELL_A,ST_FLIP_GREEN,2026-06-11T04:00:00,2026-06-11T08:00:00,short,61675,62395,100,0.1,6167.5,100.0,-72,-82.11,-6897.24,-0.08,0,0.0,720,1.17,10873.08,913338.72,10.87,616.75,0.1,10,5.0,0.01,0,0.0,10.11,62155
573,BUY_B,ST_FLIP_RED,2026-06-11T08:00:00,2026-06-14T22:00:00,long,62395,63595,100,0.1,6239.5,100.0,120,109.89,9230.76,0.11,1200,1.92,0,0.0,10982.97,922569.48,10.98,623.95,0.1,10,5.0,0.01,0,0.0,10.11,61915
574,SELL_A,ST_FLIP_GREEN,2026-06-14T22:00:00,2026-06-15T02:00:00,short,63595,64555,100,0.1,6359.5,100.0,-96,-106.11,-8913.24,-0.11,0,0.0,960,1.51,10876.86,913656.24,10.88,635.95,0.1,10,5.0,0.01,0,0.0,10.11,64075
575,BUY_A,ST_FLIP_RED,2026-06-15T02:00:00,2026-06-16T02:00:00,long,65035,65995,100,0.1,6503.5,100.0,96,85.89,7214.76,0.09,960,1.48,0,0.0,10962.75,920871.0,10.96,650.35,0.1,10,5.0,0.01,0,0.0,10.11,64555
576,SELL_B,ST_FLIP_GREEN,2026-06-16T02:00:00,2026-06-16T18:00:00,short,65995,65995,100,0.1,6599.5,100.0,0,-10.11,-849.24,-0.01,0,0.0,0,0.0,10952.64,920021.76,10.95,659.95,0.1,10,5.0,0.01,0,0.0,10.11,66475
577,SELL_B,ST_FLIP_GREEN,2026-06-16T18:00:00,2026-06-17T10:00:00,short,65515,65755,100,0.1,6551.5,100.0,-24,-34.11,-2865.24,-0.03,0,0.0,240,0.37,10918.53,917156.52,10.92,655.15,0.1,10,5.0,0.01,0,0.0,10.11,65995
578,SELL_B,ST_FLIP_GREEN,2026-06-17T14:00:00,2026-06-17T20:00:00,short,65035,65755,100,0.1,6503.5,100.0,-72,-82.11,-6897.24,-0.08,0,0.0,720,1.11,10836.42,910259.28,10.84,650.35,0.1,10,5.0,0.01,0,0.0,10.11,65515
579,BUY_A,ST_FLIP_RED,2026-06-17T20:00:00,2026-06-17T22:00:00,long,65995,65275,100,0.1,6599.5,100.0,-72,-82.11,-6897.24,-0.08,0,0.0,720,1.09,10754.31,903362.04,10.75,659.95,0.1,10,5.0,0.01,0,0.0,10.11,65515
580,SELL_A,ST_FLIP_GREEN,2026-06-18T00:00:00,2026-06-20T04:00:00,short,65035,63595,100,0.1,6503.5,100.0,144,133.89,11246.76,0.13,1440,2.21,0,0.0,10888.2,914608.8,10.89,650.35,0.1,10,5.0,0.01,0,0.0,10.11,65515
581,BUY_A,ST_FLIP_RED,2026-06-20T04:00:00,2026-06-22T06:00:00,long,63595,64075,100,0.1,6359.5,100.0,48,37.89,3182.76,0.04,480,0.75,0,0.0,10926.09,917791.56,10.93,635.95,0.1,10,5.0,0.01,0,0.0,10.11,63115
582,BUY_B,ST_FLIP_RED,2026-06-22T06:00:00,2026-06-22T16:00:00,long,64555,64315,100,0.1,6455.5,100.0,-24,-34.11,-2865.24,-0.03,0,0.0,240,0.37,10891.98,914926.32,10.89,645.55,0.1,10,5.0,0.01,0,0.0,10.11,64075
583,BUY_B,ST_FLIP_RED,2026-06-22T16:00:00,2026-06-23T02:00:00,long,65035,64075,100,0.1,6503.5,100.0,-96,-106.11,-8913.24,-0.11,0,0.0,960,1.48,10785.87,906013.08,10.79,650.35,0.1,10,5.0,0.01,0,0.0,10.11,64555
584,SELL_A,ST_FLIP_GREEN,2026-06-23T02:00:00,2026-06-24T18:00:00,short,64075,62395,100,0.1,6407.5,100.0,168,157.89,13262.76,0.16,1680,2.62,0,0.0,10943.76,919275.84,10.94,640.75,0.1,10,5.0,0.01,0,0.0,10.11,64555
585,BUY_A,ST_FLIP_RED,2026-06-24T18:00:00,2026-06-24T18:00:00,long,62395,61915,100,0.1,6239.5,100.0,-48,-58.11,-4881.24,-0.06,0,0.0,480,0.77,10885.65,914394.6,10.89,623.95,0.1,10,5.0,0.01,0,0.0,10.11,61915
586,SELL_A,ST_FLIP_GREEN,2026-06-24T18:00:00,2026-06-25T00:00:00,short,61915,60715,100,0.1,6191.5,100.0,120,109.89,9230.76,0.11,1200,1.94,0,0.0,10995.54,923625.36,11.0,619.15,0.1,10,5.0,0.01,0,0.0,10.11,62395
587,BUY_B,ST_FLIP_RED,2026-06-25T00:00:00,2026-06-25T18:00:00,long,60715,60715,100,0.1,6071.5,100.0,0,-10.11,-849.24,-0.01,0,0.0,0,0.0,10985.43,922776.12,10.99,607.15,0.1,10,5.0,0.01,0,0.0,10.11,60235
588,SELL_A,ST_FLIP_GREEN,2026-06-25T18:00:00,2026-06-26T08:00:00,short,60235,59995,100,0.1,6023.5,100.0,24,13.89,1166.76,0.01,240,0.4,0,0.0,10999.32,923942.88,11.0,602.35,0.1,10,5.0,0.01,0,0.0,10.11,60715
589,BUY_A,ST_FLIP_RED,2026-06-26T08:00:00,2026-06-26T18:00:00,long,59995,59995,100,0.1,5999.5,100.0,0,-10.11,-849.24,-0.01,0,0.0,0,0.0,10989.21,923093.64,10.99,599.95,0.1,10,5.0,0.01,0,0.0,10.11,59515
590,BUY_B,ST_FLIP_RED,2026-06-27T18:00:00,2026-06-28T16:00:00,long,60475,60235,100,0.1,6047.5,100.0,-24,-34.11,-2865.24,-0.03,0,0.0,240,0.4,10955.1,920228.4,10.96,604.75,0.1,10,5.0,0.01,0,0.0,10.11,59995
591,SELL_A,ST_FLIP_GREEN,2026-06-28T20:00:00,2026-06-29T18:00:00,short,59515,59755,100,0.1,5951.5,100.0,-24,-34.11,-2865.24,-0.03,0,0.0,240,0.4,10920.99,917363.16,10.92,595.15,0.1,10,5.0,0.01,0,0.0,10.11,59995
592,BUY_B,ST_FLIP_RED,2026-06-29T18:00:00,2026-06-29T22:00:00,long,59755,59755,100,0.1,5975.5,100.0,0,-10.11,-849.24,-0.01,0,0.0,0,0.0,10910.88,916513.92,10.91,597.55,0.1,10,5.0,0.01,0,0.0,10.11,59275
593,SELL_B,ST_FLIP_GREEN,2026-06-29T22:00:00,2026-06-29T22:00:00,short,59755,60475,100,0.1,5975.5,100.0,-72,-82.11,-6897.24,-0.08,0,0.0,720,1.2,10828.77,909616.68,10.83,597.55,0.1,10,5.0,0.01,0,0.0,10.11,60235
594,BUY_B,ST_FLIP_RED,2026-06-29T22:00:00,2026-06-30T12:00:00,long,60475,59515,100,0.1,6047.5,100.0,-96,-106.11,-8913.24,-0.11,0,0.0,960,1.59,10722.66,900703.44,10.72,604.75,0.1,10,5.0,0.01,0,0.0,10.11,59995
595,SELL_A,ST_FLIP_GREEN,2026-06-30T12:00:00,2026-07-01T16:00:00,short,59515,58555,100,0.1,5951.5,100.0,96,85.89,7214.76,0.09,960,1.61,0,0.0,10808.55,907918.2,10.81,595.15,0.1,10,5.0,0.01,0,0.0,10.11,59995
596,BUY_A,ST_FLIP_RED,2026-07-01T16:00:00,2026-07-01T18:00:00,long,58555,58795,100,0.1,5855.5,100.0,24,13.89,1166.76,0.01,240,0.41,0,0.0,10822.44,909084.96,10.82,585.55,0.1,10,5.0,0.01,0,0.0,10.11,58075
597,SELL_B,ST_FLIP_GREEN,2026-07-01T18:00:00,2026-07-01T18:00:00,short,58795,59515,100,0.1,5879.5,100.0,-72,-82.11,-6897.24,-0.08,0,0.0,720,1.22,10740.33,902187.72,10.74,587.95,0.1,10,5.0,0.01,0,0.0,10.11,59275
