trade_number,entry_type,exit_type,entry_datetime,exit_datetime,direction,entry_price,exit_price,size_qty,actual_quantity,size_value,lot_notional_usd,gross_pnl,net_pnl,net_pnl_inr,net_pnl_pct,favorable_excursion,favorable_excursion_pct,adverse_excursion,adverse_excursion_pct,cumulative_pnl,cumulative_pnl_inr,cumulative_pnl_pct,margin_required,taker_fees_usd,slippage_usd,slippage_applied,funding_usd,insurance_usd,tax_usd,total_charges_usd,stop_loss
1,BUY_A,ST_FLIP_RED,2025-07-02T08:00:00,2025-07-03T04:00:00,long,105967,108757,100,0.1,10596.7,100.0,279.0,268.89,22586.76,0.27,2790,2.63,0,0.0,268.89,22586.76,0.27,1059.67,0.1,10,5.0,0.01,0,0.0,10.11,105595
2,SELL_B,ST_FLIP_GREEN,2025-07-03T04:00:00,2025-07-03T10:00:00,short,108757,109315,100,0.1,10875.7,100.0,-55.8,-65.91,-5536.44,-0.07,0,0.0,558,0.51,202.98,17050.32,0.2,1087.57,0.1,10,5.0,0.01,0,0.0,10.11,109129
3,SELL_B,ST_FLIP_GREEN,2025-07-03T20:00:00,2025-07-05T02:00:00,short,109129,108199,100,0.1,10912.9,100.0,93.0,82.89,6962.76,0.08,930,0.85,0,0.0,285.87,24013.08,0.29,1091.29,0.1,10,5.0,0.01,0,0.0,10.11,109501
4,SELL_B,ST_FLIP_GREEN,2025-07-05T06:00:00,2025-07-05T08:00:00,short,107641,108385,100,0.1,10764.1,100.0,-74.4,-84.51,-7098.84,-0.08,0,0.0,744,0.69,201.36,16914.24,0.2,1076.41,0.1,10,5.0,0.01,0,0.0,10.11,108013
5,BUY_B,ST_FLIP_RED,2025-07-05T08:00:00,2025-07-06T22:00:00,long,108385,108385,100,0.1,10838.5,100.0,0.0,-10.11,-849.24,-0.01,0,0.0,0,0.0,191.25,16065.0,0.19,1083.85,0.1,10,5.0,0.01,0,0.0,10.11,108013
6,BUY_B,ST_FLIP_RED,2025-07-07T02:00:00,2025-07-07T04:00:00,long,109129,108943,100,0.1,10912.9,100.0,-18.6,-28.71,-2411.64,-0.03,0,0.0,186,0.17,162.54,13653.36,0.16,1091.29,0.1,10,5.0,0.01,0,0.0,10.11,108757
7,SELL_A,ST_FLIP_GREEN,2025-07-07T04:00:00,2025-07-08T04:00:00,short,108943,108199,100,0.1,10894.3,100.0,74.4,64.29,5400.36,0.06,744,0.68,0,0.0,226.83,19053.72,0.23,1089.43,0.1,10,5.0,0.01,0,0.0,10.11,109315
8,BUY_A,ST_FLIP_RED,2025-07-08T04:00:00,2025-07-08T06:00:00,long,108385,108013,100,0.1,10838.5,100.0,-37.2,-47.31,-3974.04,-0.05,0,0.0,372,0.34,179.52,15079.68,0.18,1083.85,0.1,10,5.0,0.01,0,0.0,10.11,108013
9,SELL_A,ST_FLIP_GREEN,2025-07-08T06:00:00,2025-07-08T12:00:00,short,107827,108385,100,0.1,10782.7,100.0,-55.8,-65.91,-5536.44,-0.07,0,0.0,558,0.52,113.61,9543.24,0.11,1078.27,0.1,10,5.0,0.01,0,0.0,10.11,108199
10,BUY_B,ST_FLIP_RED,2025-07-08T12:00:00,2025-07-09T08:00:00,long,108385,108385,100,0.1,10838.5,100.0,0.0,-10.11,-849.24,-0.01,0,0.0,0,0.0,103.5,8694.0,0.1,1083.85,0.1,10,5.0,0.01,0,0.0,10.11,108013
11,SELL_A,ST_FLIP_GREEN,2025-07-09T08:00:00,2025-07-09T10:00:00,short,108199,108757,100,0.1,10819.9,100.0,-55.8,-65.91,-5536.44,-0.07,0,0.0,558,0.52,37.59,3157.56,0.04,1081.99,0.1,10,5.0,0.01,0,0.0,10.11,108571
12,BUY_A,ST_FLIP_RED,2025-07-09T10:00:00,2025-07-09T18:00:00,long,108757,108757,100,0.1,10875.7,100.0,0.0,-10.11,-849.24,-0.01,0,0.0,0,0.0,27.48,2308.32,0.03,1087.57,0.1,10,5.0,0.01,0,0.0,10.11,108385
13,SELL_A,ST_FLIP_GREEN,2025-07-09T18:00:00,2025-07-09T22:00:00,short,108757,109501,100,0.1,10875.7,100.0,-74.4,-84.51,-7098.84,-0.08,0,0.0,744,0.68,-57.03,-4790.52,-0.06,1087.57,0.1,10,5.0,0.01,0,0.0,10.11,109129
14,BUY_B,ST_FLIP_RED,2025-07-09T22:00:00,2025-07-11T20:00:00,long,109501,117499,100,0.1,10950.1,100.0,799.8,789.69,66333.96,0.79,7998,7.3,0,0.0,732.66,61543.44,0.73,1095.01,0.1,10,5.0,0.01,0,0.0,10.11,109129
15,SELL_B,ST_FLIP_GREEN,2025-07-11T20:00:00,2025-07-12T00:00:00,short,117499,117685,100,0.1,11749.9,100.0,-18.6,-28.71,-2411.64,-0.03,0,0.0,186,0.16,703.95,59131.8,0.7,1174.99,0.1,10,5.0,0.01,0,0.0,10.11,117871
16,SELL_B,ST_FLIP_GREEN,2025-07-12T02:00:00,2025-07-12T06:00:00,short,117499,117685,100,0.1,11749.9,100.0,-18.6,-28.71,-2411.64,-0.03,0,0.0,186,0.16,675.24,56720.16,0.68,1174.99,0.1,10,5.0,0.01,0,0.0,10.11,117871
17,SELL_B,ST_FLIP_GREEN,2025-07-12T20:00:00,2025-07-13T08:00:00,short,117313,117685,100,0.1,11731.3,100.0,-37.2,-47.31,-3974.04,-0.05,0,0.0,372,0.32,627.93,52746.12,0.63,1173.13,0.1,10,5.0,0.01,0,0.0,10.11,117685
18,BUY_A,ST_FLIP_RED,2025-07-13T08:00:00,2025-07-14T02:00:00,long,117871,118615,100,0.1,11787.1,100.0,74.4,64.29,5400.36,0.06,744,0.63,0,0.0,692.22,58146.48,0.69,1178.71,0.1,10,5.0,0.01,0,0.0,10.11,117499
19,SELL_A,ST_FLIP_GREEN,2025-07-14T02:00:00,2025-07-14T04:00:00,short,118615,118801,100,0.1,11861.5,100.0,-18.6,-28.71,-2411.64,-0.03,0,0.0,186,0.16,663.51,55734.84,0.66,1186.15,0.1,10,5.0,0.01,0,0.0,10.11,118987
20,BUY_A,ST_FLIP_RED,2025-07-14T04:00:00,2025-07-14T14:00:00,long,119173,121777,100,0.1,11917.3,100.0,260.4,250.29,21024.36,0.25,2604,2.19,0,0.0,913.8,76759.2,0.91,1191.73,0.1,10,5.0,0.01,0,0.0,10.11,118801
21,SELL_B,ST_FLIP_GREEN,2025-07-14T14:00:00,2025-07-15T18:00:00,short,121777,117499,100,0.1,12177.7,100.0,427.8,417.69,35085.96,0.42,4278,3.51,0,0.0,1331.49,111845.16,1.33,1217.77,0.1,10,5.0,0.01,0,0.0,10.11,122149
22,BUY_B,ST_FLIP_RED,2025-07-15T18:00:00,2025-07-15T20:00:00,long,117499,117127,100,0.1,11749.9,100.0,-37.2,-47.31,-3974.04,-0.05,0,0.0,372,0.32,1284.18,107871.12,1.28,1174.99,0.1,10,5.0,0.01,0,0.0,10.11,117127
23,SELL_A,ST_FLIP_GREEN,2025-07-16T00:00:00,2025-07-16T02:00:00,short,116569,117127,100,0.1,11656.9,100.0,-55.8,-65.91,-5536.44,-0.07,0,0.0,558,0.48,1218.27,102334.68,1.22,1165.69,0.1,10,5.0,0.01,0,0.0,10.11,116941
24,BUY_B,ST_FLIP_RED,2025-07-16T02:00:00,2025-07-16T18:00:00,long,117127,118429,100,0.1,11712.7,100.0,130.2,120.09,10087.56,0.12,1302,1.11,0,0.0,1338.36,112422.24,1.34,1171.27,0.1,10,5.0,0.01,0,0.0,10.11,116755
25,SELL_A,ST_FLIP_GREEN,2025-07-16T18:00:00,2025-07-16T20:00:00,short,118429,118987,100,0.1,11842.9,100.0,-55.8,-65.91,-5536.44,-0.07,0,0.0,558,0.47,1272.45,106885.8,1.27,1184.29,0.1,10,5.0,0.01,0,0.0,10.11,118801
26,BUY_A,ST_FLIP_RED,2025-07-16T20:00:00,2025-07-17T04:00:00,long,118987,118987,100,0.1,11898.7,100.0,0.0,-10.11,-849.24,-0.01,0,0.0,0,0.0,1262.34,106036.56,1.26,1189.87,0.1,10,5.0,0.01,0,0.0,10.11,118615
27,SELL_A,ST_FLIP_GREEN,2025-07-17T04:00:00,2025-07-17T18:00:00,short,118987,118057,100,0.1,11898.7,100.0,93.0,82.89,6962.76,0.08,930,0.78,0,0.0,1345.23,112999.32,1.35,1189.87,0.1,10,5.0,0.01,0,0.0,10.11,119359
28,BUY_A,ST_FLIP_RED,2025-07-17T18:00:00,2025-07-18T00:00:00,long,118243,118987,100,0.1,11824.3,100.0,74.4,64.29,5400.36,0.06,744,0.63,0,0.0,1409.52,118399.68,1.41,1182.43,0.1,10,5.0,0.01,0,0.0,10.11,117871
29,SELL_A,ST_FLIP_GREEN,2025-07-18T00:00:00,2025-07-18T02:00:00,short,118987,119545,100,0.1,11898.7,100.0,-55.8,-65.91,-5536.44,-0.07,0,0.0,558,0.47,1343.61,112863.24,1.34,1189.87,0.1,10,5.0,0.01,0,0.0,10.11,119359
30,BUY_B,ST_FLIP_RED,2025-07-18T02:00:00,2025-07-18T04:00:00,long,119545,119545,100,0.1,11954.5,100.0,0.0,-10.11,-849.24,-0.01,0,0.0,0,0.0,1333.5,112014.0,1.33,1195.45,0.1,10,5.0,0.01,0,0.0,10.11,119173
31,SELL_A,ST_FLIP_GREEN,2025-07-18T04:00:00,2025-07-18T06:00:00,short,119545,119917,100,0.1,11954.5,100.0,-37.2,-47.31,-3974.04,-0.05,0,0.0,372,0.31,1286.19,108039.96,1.29,1195.45,0.1,10,5.0,0.01,0,0.0,10.11,119917
32,BUY_A,ST_FLIP_RED,2025-07-18T06:00:00,2025-07-18T12:00:00,long,120103,119731,100,0.1,12010.3,100.0,-37.2,-47.31,-3974.04,-0.05,0,0.0,372,0.31,1238.88,104065.92,1.24,1201.03,0.1,10,5.0,0.01,0,0.0,10.11,119731
33,SELL_B,ST_FLIP_GREEN,2025-07-18T12:00:00,2025-07-19T02:00:00,short,119731,117685,100,0.1,11973.1,100.0,204.6,194.49,16337.16,0.19,2046,1.71,0,0.0,1433.37,120403.08,1.43,1197.31,0.1,10,5.0,0.01,0,0.0,10.11,120103
34,BUY_A,ST_FLIP_RED,2025-07-19T02:00:00,2025-07-20T02:00:00,long,117685,117685,100,0.1,11768.5,100.0,0.0,-10.11,-849.24,-0.01,0,0.0,0,0.0,1423.26,119553.84,1.42,1176.85,0.1,10,5.0,0.01,0,0.0,10.11,117313
35,BUY_B,ST_FLIP_RED,2025-07-20T12:00:00,2025-07-20T22:00:00,long,118243,118243,100,0.1,11824.3,100.0,0.0,-10.11,-849.24,-0.01,0,0.0,0,0.0,1413.15,118704.6,1.41,1182.43,0.1,10,5.0,0.01,0,0.0,10.11,117871
36,SELL_A,ST_FLIP_GREEN,2025-07-20T22:00:00,2025-07-21T06:00:00,short,118057,117499,100,0.1,11805.7,100.0,55.8,45.69,3837.96,0.05,558,0.47,0,0.0,1458.84,122542.56,1.46,1180.57,0.1,10,5.0,0.01,0,0.0,10.11,118429
37,BUY_A,ST_FLIP_RED,2025-07-21T06:00:00,2025-07-21T14:00:00,long,117499,118615,100,0.1,11749.9,100.0,111.6,101.49,8525.16,0.1,1116,0.95,0,0.0,1560.33,131067.72,1.56,1174.99,0.1,10,5.0,0.01,0,0.0,10.11,117127
38,SELL_A,ST_FLIP_GREEN,2025-07-21T14:00:00,2025-07-21T18:00:00,short,118615,118987,100,0.1,11861.5,100.0,-37.2,-47.31,-3974.04,-0.05,0,0.0,372,0.31,1513.02,127093.68,1.51,1186.15,0.1,10,5.0,0.01,0,0.0,10.11,118987
39,SELL_B,ST_FLIP_GREEN,2025-07-21T20:00:00,2025-07-22T06:00:00,short,118243,117685,100,0.1,11824.3,100.0,55.8,45.69,3837.96,0.05,558,0.47,0,0.0,1558.71,130931.64,1.56,1182.43,0.1,10,5.0,0.01,0,0.0,10.11,118615
40,BUY_A,ST_FLIP_RED,2025-07-22T06:00:00,2025-07-22T08:00:00,long,117685,117127,100,0.1,11768.5,100.0,-55.8,-65.91,-5536.44,-0.07,0,0.0,558,0.47,1492.8,125395.2,1.49,1176.85,0.1,10,5.0,0.01,0,0.0,10.11,117313
41,SELL_B,ST_FLIP_GREEN,2025-07-22T08:00:00,2025-07-22T10:00:00,short,117127,117313,100,0.1,11712.7,100.0,-18.6,-28.71,-2411.64,-0.03,0,0.0,186,0.16,1464.09,122983.56,1.46,1171.27,0.1,10,5.0,0.01,0,0.0,10.11,117499
42,BUY_A,ST_FLIP_RED,2025-07-22T10:00:00,2025-07-22T18:00:00,long,117313,118615,100,0.1,11731.3,100.0,130.2,120.09,10087.56,0.12,1302,1.11,0,0.0,1584.18,133071.12,1.58,1173.13,0.1,10,5.0,0.01,0,0.0,10.11,116941
43,SELL_A,ST_FLIP_GREEN,2025-07-22T18:00:00,2025-07-22T20:00:00,short,118615,118987,100,0.1,11861.5,100.0,-37.2,-47.31,-3974.04,-0.05,0,0.0,372,0.31,1536.87,129097.08,1.54,1186.15,0.1,10,5.0,0.01,0,0.0,10.11,118987
44,BUY_A,ST_FLIP_RED,2025-07-22T20:00:00,2025-07-23T06:00:00,long,119173,119173,100,0.1,11917.3,100.0,0.0,-10.11,-849.24,-0.01,0,0.0,0,0.0,1526.76,128247.84,1.53,1191.73,0.1,10,5.0,0.01,0,0.0,10.11,118801
45,SELL_A,ST_FLIP_GREEN,2025-07-23T06:00:00,2025-07-24T02:00:00,short,119173,118429,100,0.1,11917.3,100.0,74.4,64.29,5400.36,0.06,744,0.62,0,0.0,1591.05,133648.2,1.59,1191.73,0.1,10,5.0,0.01,0,0.0,10.11,119545
46,BUY_A,ST_FLIP_RED,2025-07-24T02:00:00,2025-07-24T08:00:00,long,118615,118429,100,0.1,11861.5,100.0,-18.6,-28.71,-2411.64,-0.03,0,0.0,186,0.16,1562.34,131236.56,1.56,1186.15,0.1,10,5.0,0.01,0,0.0,10.11,118243
47,SELL_A,ST_FLIP_GREEN,2025-07-24T08:00:00,2025-07-24T12:00:00,short,118243,118429,100,0.1,11824.3,100.0,-18.6,-28.71,-2411.64,-0.03,0,0.0,186,0.16,1533.63,128824.92,1.53,1182.43,0.1,10,5.0,0.01,0,0.0,10.11,118615
48,BUY_A,ST_FLIP_RED,2025-07-24T12:00:00,2025-07-24T14:00:00,long,118429,118057,100,0.1,11842.9,100.0,-37.2,-47.31,-3974.04,-0.05,0,0.0,372,0.31,1486.32,124850.88,1.49,1184.29,0.1,10,5.0,0.01,0,0.0,10.11,118057
49,SELL_A,ST_FLIP_GREEN,2025-07-24T14:00:00,2025-07-24T20:00:00,short,118057,118801,100,0.1,11805.7,100.0,-74.4,-84.51,-7098.84,-0.08,0,0.0,744,0.63,1401.81,117752.04,1.4,1180.57,0.1,10,5.0,0.01,0,0.0,10.11,118429
50,BUY_B,ST_FLIP_RED,2025-07-24T20:00:00,2025-07-25T02:00:00,long,118801,118615,100,0.1,11880.1,100.0,-18.6,-28.71,-2411.64,-0.03,0,0.0,186,0.16,1373.1,115340.4,1.37,1188.01,0.1,10,5.0,0.01,0,0.0,10.11,118429
51,SELL_A,ST_FLIP_GREEN,2025-07-25T02:00:00,2025-07-25T14:00:00,short,118615,116011,100,0.1,11861.5,100.0,260.4,250.29,21024.36,0.25,2604,2.2,0,0.0,1623.39,136364.76,1.62,1186.15,0.1,10,5.0,0.01,0,0.0,10.11,118987
52,BUY_B,ST_FLIP_RED,2025-07-25T14:00:00,2025-07-25T18:00:00,long,116011,115639,100,0.1,11601.1,100.0,-37.2,-47.31,-3974.04,-0.05,0,0.0,372,0.32,1576.08,132390.72,1.58,1160.11,0.1,10,5.0,0.01,0,0.0,10.11,115639
53,BUY_B,ST_FLIP_RED,2025-07-25T22:00:00,2025-07-28T08:00:00,long,116011,118987,100,0.1,11601.1,100.0,297.6,287.49,24149.16,0.29,2976,2.57,0,0.0,1863.57,156539.88,1.86,1160.11,0.1,10,5.0,0.01,0,0.0,10.11,115639
54,SELL_B,ST_FLIP_GREEN,2025-07-28T08:00:00,2025-07-28T10:00:00,short,118987,119545,100,0.1,11898.7,100.0,-55.8,-65.91,-5536.44,-0.07,0,0.0,558,0.47,1797.66,151003.44,1.8,1189.87,0.1,10,5.0,0.01,0,0.0,10.11,119359
55,SELL_B,ST_FLIP_GREEN,2025-07-28T18:00:00,2025-07-29T02:00:00,short,118801,118057,100,0.1,11880.1,100.0,74.4,64.29,5400.36,0.06,744,0.63,0,0.0,1861.95,156403.8,1.86,1188.01,0.1,10,5.0,0.01,0,0.0,10.11,119173
56,BUY_A,ST_FLIP_RED,2025-07-29T02:00:00,2025-07-29T18:00:00,long,118243,118243,100,0.1,11824.3,100.0,0.0,-10.11,-849.24,-0.01,0,0.0,0,0.0,1851.84,155554.56,1.85,1182.43,0.1,10,5.0,0.01,0,0.0,10.11,117871
57,SELL_A,ST_FLIP_GREEN,2025-07-29T18:00:00,2025-07-29T22:00:00,short,118057,117871,100,0.1,11805.7,100.0,18.6,8.49,713.16,0.01,186,0.16,0,0.0,1860.33,156267.72,1.86,1180.57,0.1,10,5.0,0.01,0,0.0,10.11,118429
58,BUY_A,ST_FLIP_RED,2025-07-29T22:00:00,2025-07-30T16:00:00,long,117871,117685,100,0.1,11787.1,100.0,-18.6,-28.71,-2411.64,-0.03,0,0.0,186,0.16,1831.62,153856.08,1.83,1178.71,0.1,10,5.0,0.01,0,0.0,10.11,117499
59,SELL_A,ST_FLIP_GREEN,2025-07-31T00:00:00,2025-07-31T04:00:00,short,117499,117685,100,0.1,11749.9,100.0,-18.6,-28.71,-2411.64,-0.03,0,0.0,186,0.16,1802.91,151444.44,1.8,1174.99,0.1,10,5.0,0.01,0,0.0,10.11,117871
60,BUY_A,ST_FLIP_RED,2025-07-31T04:00:00,2025-07-31T18:00:00,long,117685,117871,100,0.1,11768.5,100.0,18.6,8.49,713.16,0.01,186,0.16,0,0.0,1811.4,152157.6,1.81,1176.85,0.1,10,5.0,0.01,0,0.0,10.11,117313
61,BUY_B,ST_FLIP_RED,2025-07-31T20:00:00,2025-07-31T22:00:00,long,118429,118057,100,0.1,11842.9,100.0,-37.2,-47.31,-3974.04,-0.05,0,0.0,372,0.31,1764.09,148183.56,1.76,1184.29,0.1,10,5.0,0.01,0,0.0,10.11,118057
62,SELL_A,ST_FLIP_GREEN,2025-07-31T22:00:00,2025-08-01T14:00:00,short,118057,115081,100,0.1,11805.7,100.0,297.6,287.49,24149.16,0.29,2976,2.52,0,0.0,2051.58,172332.72,2.05,1180.57,0.1,10,5.0,0.01,0,0.0,10.11,118429
63,BUY_B,ST_FLIP_RED,2025-08-01T14:00:00,2025-08-01T22:00:00,long,115081,115081,100,0.1,11508.1,100.0,0.0,-10.11,-849.24,-0.01,0,0.0,0,0.0,2041.47,171483.48,2.04,1150.81,0.1,10,5.0,0.01,0,0.0,10.11,114709
64,SELL_A,ST_FLIP_GREEN,2025-08-01T22:00:00,2025-08-03T06:00:00,short,114709,113035,100,0.1,11470.9,100.0,167.4,157.29,13212.36,0.16,1674,1.46,0,0.0,2198.76,184695.84,2.2,1147.09,0.1,10,5.0,0.01,0,0.0,10.11,115081
65,BUY_B,ST_FLIP_RED,2025-08-03T06:00:00,2025-08-04T20:00:00,long,113035,114709,100,0.1,11303.5,100.0,167.4,157.29,13212.36,0.16,1674,1.48,0,0.0,2356.05,197908.2,2.36,1130.35,0.1,10,5.0,0.01,0,0.0,10.11,112663
66,SELL_A,ST_FLIP_GREEN,2025-08-04T20:00:00,2025-08-04T22:00:00,short,114709,115267,100,0.1,11470.9,100.0,-55.8,-65.91,-5536.44,-0.07,0,0.0,558,0.49,2290.14,192371.76,2.29,1147.09,0.1,10,5.0,0.01,0,0.0,10.11,115081
67,BUY_A,ST_FLIP_RED,2025-08-04T22:00:00,2025-08-05T00:00:00,long,115267,114523,100,0.1,11526.7,100.0,-74.4,-84.51,-7098.84,-0.08,0,0.0,744,0.65,2205.63,185272.92,2.21,1152.67,0.1,10,5.0,0.01,0,0.0,10.11,114895
68,SELL_B,ST_FLIP_GREEN,2025-08-05T00:00:00,2025-08-05T14:00:00,short,114523,115081,100,0.1,11452.3,100.0,-55.8,-65.91,-5536.44,-0.07,0,0.0,558,0.49,2139.72,179736.48,2.14,1145.23,0.1,10,5.0,0.01,0,0.0,10.11,114895
69,BUY_A,ST_FLIP_RED,2025-08-05T14:00:00,2025-08-05T16:00:00,long,115081,114337,100,0.1,11508.1,100.0,-74.4,-84.51,-7098.84,-0.08,0,0.0,744,0.65,2055.21,172637.64,2.06,1150.81,0.1,10,5.0,0.01,0,0.0,10.11,114709
70,SELL_B,ST_FLIP_GREEN,2025-08-05T16:00:00,2025-08-06T00:00:00,short,114337,113779,100,0.1,11433.7,100.0,55.8,45.69,3837.96,0.05,558,0.49,0,0.0,2100.9,176475.6,2.1,1143.37,0.1,10,5.0,0.01,0,0.0,10.11,114709
71,BUY_A,ST_FLIP_RED,2025-08-06T00:00:00,2025-08-06T08:00:00,long,113779,113407,100,0.1,11377.9,100.0,-37.2,-47.31,-3974.04,-0.05,0,0.0,372,0.33,2053.59,172501.56,2.05,1137.79,0.1,10,5.0,0.01,0,0.0,10.11,113407
72,BUY_B,ST_FLIP_RED,2025-08-06T20:00:00,2025-08-07T06:00:00,long,114151,114709,100,0.1,11415.1,100.0,55.8,45.69,3837.96,0.05,558,0.49,0,0.0,2099.28,176339.52,2.1,1141.51,0.1,10,5.0,0.01,0,0.0,10.11,113779
73,SELL_A,ST_FLIP_GREEN,2025-08-07T06:00:00,2025-08-07T12:00:00,short,114709,115081,100,0.1,11470.9,100.0,-37.2,-47.31,-3974.04,-0.05,0,0.0,372,0.32,2051.97,172365.48,2.05,1147.09,0.1,10,5.0,0.01,0,0.0,10.11,115081
74,BUY_A,ST_FLIP_RED,2025-08-07T12:00:00,2025-08-08T06:00:00,long,115267,116755,100,0.1,11526.7,100.0,148.8,138.69,11649.96,0.14,1488,1.29,0,0.0,2190.66,184015.44,2.19,1152.67,0.1,10,5.0,0.01,0,0.0,10.11,114895
75,SELL_B,ST_FLIP_GREEN,2025-08-08T06:00:00,2025-08-09T02:00:00,short,116755,116755,100,0.1,11675.5,100.0,0.0,-10.11,-849.24,-0.01,0,0.0,0,0.0,2180.55,183166.2,2.18,1167.55,0.1,10,5.0,0.01,0,0.0,10.11,117127
76,SELL_B,ST_FLIP_GREEN,2025-08-09T06:00:00,2025-08-09T14:00:00,short,116383,117127,100,0.1,11638.3,100.0,-74.4,-84.51,-7098.84,-0.08,0,0.0,744,0.64,2096.04,176067.36,2.1,1163.83,0.1,10,5.0,0.01,0,0.0,10.11,116755
77,BUY_A,ST_FLIP_RED,2025-08-09T14:00:00,2025-08-09T16:00:00,long,117127,117127,100,0.1,11712.7,100.0,0.0,-10.11,-849.24,-0.01,0,0.0,0,0.0,2085.93,175218.12,2.09,1171.27,0.1,10,5.0,0.01,0,0.0,10.11,116755
78,SELL_A,ST_FLIP_GREEN,2025-08-09T16:00:00,2025-08-10T08:00:00,short,117127,117127,100,0.1,11712.7,100.0,0.0,-10.11,-849.24,-0.01,0,0.0,0,0.0,2075.82,174368.88,2.08,1171.27,0.1,10,5.0,0.01,0,0.0,10.11,117499
79,BUY_A,ST_FLIP_RED,2025-08-10T08:00:00,2025-08-10T10:00:00,long,117313,118057,100,0.1,11731.3,100.0,74.4,64.29,5400.36,0.06,744,0.63,0,0.0,2140.11,179769.24,2.14,1173.13,0.1,10,5.0,0.01,0,0.0,10.11,116941
80,SELL_A,ST_FLIP_GREEN,2025-08-10T10:00:00,2025-08-10T12:00:00,short,118057,118243,100,0.1,11805.7,100.0,-18.6,-28.71,-2411.64,-0.03,0,0.0,186,0.16,2111.4,177357.6,2.11,1180.57,0.1,10,5.0,0.01,0,0.0,10.11,118429
81,BUY_A,ST_FLIP_RED,2025-08-10T18:00:00,2025-08-11T14:00:00,long,118615,121405,100,0.1,11861.5,100.0,279.0,268.89,22586.76,0.27,2790,2.35,0,0.0,2380.29,199944.36,2.38,1186.15,0.1,10,5.0,0.01,0,0.0,10.11,118243
82,SELL_B,ST_FLIP_GREEN,2025-08-11T14:00:00,2025-08-11T20:00:00,short,121405,120475,100,0.1,12140.5,100.0,93.0,82.89,6962.76,0.08,930,0.77,0,0.0,2463.18,206907.12,2.46,1214.05,0.1,10,5.0,0.01,0,0.0,10.11,121777
83,BUY_A,ST_FLIP_RED,2025-08-11T20:00:00,2025-08-11T22:00:00,long,120661,120103,100,0.1,12066.1,100.0,-55.8,-65.91,-5536.44,-0.07,0,0.0,558,0.46,2397.27,201370.68,2.4,1206.61,0.1,10,5.0,0.01,0,0.0,10.11,120289
84,SELL_B,ST_FLIP_GREEN,2025-08-11T22:00:00,2025-08-12T06:00:00,short,120103,119173,100,0.1,12010.3,100.0,93.0,82.89,6962.76,0.08,930,0.77,0,0.0,2480.16,208333.44,2.48,1201.03,0.1,10,5.0,0.01,0,0.0,10.11,120475
85,BUY_A,ST_FLIP_RED,2025-08-12T06:00:00,2025-08-12T12:00:00,long,119173,118615,100,0.1,11917.3,100.0,-55.8,-65.91,-5536.44,-0.07,0,0.0,558,0.47,2414.25,202797.0,2.41,1191.73,0.1,10,5.0,0.01,0,0.0,10.11,118801
86,BUY_B,ST_FLIP_RED,2025-08-12T20:00:00,2025-08-13T06:00:00,long,119359,119173,100,0.1,11935.9,100.0,-18.6,-28.71,-2411.64,-0.03,0,0.0,186,0.16,2385.54,200385.36,2.39,1193.59,0.1,10,5.0,0.01,0,0.0,10.11,118987
87,SELL_A,ST_FLIP_GREEN,2025-08-13T10:00:00,2025-08-13T12:00:00,short,119173,119731,100,0.1,11917.3,100.0,-55.8,-65.91,-5536.44,-0.07,0,0.0,558,0.47,2319.63,194848.92,2.32,1191.73,0.1,10,5.0,0.01,0,0.0,10.11,119545
88,BUY_B,ST_FLIP_RED,2025-08-13T12:00:00,2025-08-14T06:00:00,long,119731,123637,100,0.1,11973.1,100.0,390.6,380.49,31961.16,0.38,3906,3.26,0,0.0,2700.12,226810.08,2.7,1197.31,0.1,10,5.0,0.01,0,0.0,10.11,119359
89,SELL_B,ST_FLIP_GREEN,2025-08-14T06:00:00,2025-08-15T00:00:00,short,123637,118243,100,0.1,12363.7,100.0,539.4,529.29,44460.36,0.53,5394,4.36,0,0.0,3229.41,271270.44,3.23,1236.37,0.1,10,5.0,0.01,0,0.0,10.11,124009
90,BUY_B,ST_FLIP_RED,2025-08-15T00:00:00,2025-08-15T16:00:00,long,118243,118429,100,0.1,11824.3,100.0,18.6,8.49,713.16,0.01,186,0.16,0,0.0,3237.9,271983.6,3.24,1182.43,0.1,10,5.0,0.01,0,0.0,10.11,117871
91,SELL_A,ST_FLIP_GREEN,2025-08-15T18:00:00,2025-08-16T06:00:00,short,117871,117685,100,0.1,11787.1,100.0,18.6,8.49,713.16,0.01,186,0.16,0,0.0,3246.39,272696.76,3.25,1178.71,0.1,10,5.0,0.01,0,0.0,10.11,118243
92,BUY_A,ST_FLIP_RED,2025-08-16T06:00:00,2025-08-16T14:00:00,long,117685,117127,100,0.1,11768.5,100.0,-55.8,-65.91,-5536.44,-0.07,0,0.0,558,0.47,3180.48,267160.32,3.18,1176.85,0.1,10,5.0,0.01,0,0.0,10.11,117313
93,BUY_B,ST_FLIP_RED,2025-08-16T18:00:00,2025-08-18T04:00:00,long,117871,117313,100,0.1,11787.1,100.0,-55.8,-65.91,-5536.44,-0.07,0,0.0,558,0.47,3114.57,261623.88,3.11,1178.71,0.1,10,5.0,0.01,0,0.0,10.11,117499
94,SELL_A,ST_FLIP_GREEN,2025-08-18T04:00:00,2025-08-18T20:00:00,short,117313,115639,100,0.1,11731.3,100.0,167.4,157.29,13212.36,0.16,1674,1.43,0,0.0,3271.86,274836.24,3.27,1173.13,0.1,10,5.0,0.01,0,0.0,10.11,117685
95,BUY_A,ST_FLIP_RED,2025-08-18T20:00:00,2025-08-19T04:00:00,long,115639,116197,100,0.1,11563.9,100.0,55.8,45.69,3837.96,0.05,558,0.48,0,0.0,3317.55,278674.2,3.32,1156.39,0.1,10,5.0,0.01,0,0.0,10.11,115267
96,SELL_A,ST_FLIP_GREEN,2025-08-19T04:00:00,2025-08-19T14:00:00,short,116011,115453,100,0.1,11601.1,100.0,55.8,45.69,3837.96,0.05,558,0.48,0,0.0,3363.24,282512.16,3.36,1160.11,0.1,10,5.0,0.01,0,0.0,10.11,116383
97,BUY_A,ST_FLIP_RED,2025-08-19T14:00:00,2025-08-19T18:00:00,long,115453,115081,100,0.1,11545.3,100.0,-37.2,-47.31,-3974.04,-0.05,0,0.0,372,0.32,3315.93,278538.12,3.32,1154.53,0.1,10,5.0,0.01,0,0.0,10.11,115081
98,SELL_A,ST_FLIP_GREEN,2025-08-19T18:00:00,2025-08-20T08:00:00,short,114895,113593,100,0.1,11489.5,100.0,130.2,120.09,10087.56,0.12,1302,1.13,0,0.0,3436.02,288625.68,3.44,1148.95,0.1,10,5.0,0.01,0,0.0,10.11,115267
99,BUY_B,ST_FLIP_RED,2025-08-20T08:00:00,2025-08-20T18:00:00,long,113593,113221,100,0.1,11359.3,100.0,-37.2,-47.31,-3974.04,-0.05,0,0.0,372,0.33,3388.71,284651.64,3.39,1135.93,0.1,10,5.0,0.01,0,0.0,10.11,113221
100,BUY_B,ST_FLIP_RED,2025-08-20T20:00:00,2025-08-20T22:00:00,long,113593,113779,100,0.1,11359.3,100.0,18.6,8.49,713.16,0.01,186,0.16,0,0.0,3397.2,285364.8,3.4,1135.93,0.1,10,5.0,0.01,0,0.0,10.11,113221
101,SELL_A,ST_FLIP_GREEN,2025-08-20T22:00:00,2025-08-21T00:00:00,short,113593,113779,100,0.1,11359.3,100.0,-18.6,-28.71,-2411.64,-0.03,0,0.0,186,0.16,3368.49,282953.16,3.37,1135.93,0.1,10,5.0,0.01,0,0.0,10.11,113965
102,BUY_A,ST_FLIP_RED,2025-08-21T00:00:00,2025-08-21T06:00:00,long,113779,113779,100,0.1,11377.9,100.0,0.0,-10.11,-849.24,-0.01,0,0.0,0,0.0,3358.38,282103.92,3.36,1137.79,0.1,10,5.0,0.01,0,0.0,10.11,113407
103,SELL_A,ST_FLIP_GREEN,2025-08-21T10:00:00,2025-08-21T18:00:00,short,113593,113779,100,0.1,11359.3,100.0,-18.6,-28.71,-2411.64,-0.03,0,0.0,186,0.16,3329.67,279692.28,3.33,1135.93,0.1,10,5.0,0.01,0,0.0,10.11,113965
104,BUY_A,ST_FLIP_RED,2025-08-21T18:00:00,2025-08-21T20:00:00,long,113779,113221,100,0.1,11377.9,100.0,-55.8,-65.91,-5536.44,-0.07,0,0.0,558,0.49,3263.76,274155.84,3.26,1137.79,0.1,10,5.0,0.01,0,0.0,10.11,113407
105,SELL_B,ST_FLIP_GREEN,2025-08-21T20:00:00,2025-08-22T06:00:00,short,113221,113035,100,0.1,11322.1,100.0,18.6,8.49,713.16,0.01,186,0.16,0,0.0,3272.25,274869.0,3.27,1132.21,0.1,10,5.0,0.01,0,0.0,10.11,113593
106,BUY_A,ST_FLIP_RED,2025-08-22T06:00:00,2025-08-22T08:00:00,long,113035,113035,100,0.1,11303.5,100.0,0.0,-10.11,-849.24,-0.01,0,0.0,0,0.0,3262.14,274019.76,3.26,1130.35,0.1,10,5.0,0.01,0,0.0,10.11,112663
107,SELL_A,ST_FLIP_GREEN,2025-08-22T08:00:00,2025-08-22T18:00:00,short,112849,112663,100,0.1,11284.9,100.0,18.6,8.49,713.16,0.01,186,0.16,0,0.0,3270.63,274732.92,3.27,1128.49,0.1,10,5.0,0.01,0,0.0,10.11,113221
108,BUY_A,ST_FLIP_RED,2025-08-22T18:00:00,2025-08-23T06:00:00,long,112663,116383,100,0.1,11266.3,100.0,372.0,361.89,30398.76,0.36,3720,3.3,0,0.0,3632.52,305131.68,3.63,1126.63,0.1,10,5.0,0.01,0,0.0,10.11,112291
109,SELL_B,ST_FLIP_GREEN,2025-08-23T06:00:00,2025-08-24T04:00:00,short,116383,115453,100,0.1,11638.3,100.0,93.0,82.89,6962.76,0.08,930,0.8,0,0.0,3715.41,312094.44,3.72,1163.83,0.1,10,5.0,0.01,0,0.0,10.11,116755
110,SELL_B,ST_FLIP_GREEN,2025-08-24T10:00:00,2025-08-25T06:00:00,short,114895,113221,100,0.1,11489.5,100.0,167.4,157.29,13212.36,0.16,1674,1.46,0,0.0,3872.7,325306.8,3.87,1148.95,0.1,10,5.0,0.01,0,0.0,10.11,115267
111,BUY_B,ST_FLIP_RED,2025-08-25T06:00:00,2025-08-25T08:00:00,long,113221,112849,100,0.1,11322.1,100.0,-37.2,-47.31,-3974.04,-0.05,0,0.0,372,0.33,3825.39,321332.76,3.83,1132.21,0.1,10,5.0,0.01,0,0.0,10.11,112849
112,SELL_A,ST_FLIP_GREEN,2025-08-25T10:00:00,2025-08-25T18:00:00,short,112477,111919,100,0.1,11247.7,100.0,55.8,45.69,3837.96,0.05,558,0.5,0,0.0,3871.08,325170.72,3.87,1124.77,0.1,10,5.0,0.01,0,0.0,10.11,112849
113,BUY_B,ST_FLIP_RED,2025-08-25T18:00:00,2025-08-26T00:00:00,long,111919,111919,100,0.1,11191.9,100.0,0.0,-10.11,-849.24,-0.01,0,0.0,0,0.0,3860.97,324321.48,3.86,1119.19,0.1,10,5.0,0.01,0,0.0,10.11,111547
114,SELL_A,ST_FLIP_GREEN,2025-08-26T00:00:00,2025-08-26T08:00:00,short,111547,110245,100,0.1,11154.7,100.0,130.2,120.09,10087.56,0.12,1302,1.17,0,0.0,3981.06,334409.04,3.98,1115.47,0.1,10,5.0,0.01,0,0.0,10.11,111919
115,BUY_B,ST_FLIP_RED,2025-08-26T08:00:00,2025-08-26T16:00:00,long,110245,109687,100,0.1,11024.5,100.0,-55.8,-65.91,-5536.44,-0.07,0,0.0,558,0.51,3915.15,328872.6,3.92,1102.45,0.1,10,5.0,0.01,0,0.0,10.11,109873
116,BUY_B,ST_FLIP_RED,2025-08-26T22:00:00,2025-08-27T12:00:00,long,110431,110989,100,0.1,11043.1,100.0,55.8,45.69,3837.96,0.05,558,0.51,0,0.0,3960.84,332710.56,3.96,1104.31,0.1,10,5.0,0.01,0,0.0,10.11,110059
117,SELL_A,ST_FLIP_GREEN,2025-08-27T12:00:00,2025-08-27T14:00:00,short,110803,110989,100,0.1,11080.3,100.0,-18.6,-28.71,-2411.64,-0.03,0,0.0,186,0.17,3932.13,330298.92,3.93,1108.03,0.1,10,5.0,0.01,0,0.0,10.11,111175
118,BUY_A,ST_FLIP_RED,2025-08-27T14:00:00,2025-08-28T02:00:00,long,111175,111733,100,0.1,11117.5,100.0,55.8,45.69,3837.96,0.05,558,0.5,0,0.0,3977.82,334136.88,3.98,1111.75,0.1,10,5.0,0.01,0,0.0,10.11,110803
119,SELL_A,ST_FLIP_GREEN,2025-08-28T02:00:00,2025-08-28T06:00:00,short,111733,111733,100,0.1,11173.3,100.0,0.0,-10.11,-849.24,-0.01,0,0.0,0,0.0,3967.71,333287.64,3.97,1117.33,0.1,10,5.0,0.01,0,0.0,10.11,112105
120,BUY_A,ST_FLIP_RED,2025-08-28T08:00:00,2025-08-29T00:00:00,long,111919,112291,100,0.1,11191.9,100.0,37.2,27.09,2275.56,0.03,372,0.33,0,0.0,3994.8,335563.2,3.99,1119.19,0.1,10,5.0,0.01,0,0.0,10.11,111547
121,SELL_A,ST_FLIP_GREEN,2025-08-29T00:00:00,2025-08-29T02:00:00,short,112291,112477,100,0.1,11229.1,100.0,-18.6,-28.71,-2411.64,-0.03,0,0.0,186,0.17,3966.09,333151.56,3.97,1122.91,0.1,10,5.0,0.01,0,0.0,10.11,112663
122,SELL_B,ST_FLIP_GREEN,2025-08-29T06:00:00,2025-08-30T08:00:00,short,111919,108385,100,0.1,11191.9,100.0,353.4,343.29,28836.36,0.34,3534,3.16,0,0.0,4309.38,361987.92,4.31,1119.19,0.1,10,5.0,0.01,0,0.0,10.11,112291
123,BUY_B,ST_FLIP_RED,2025-08-30T08:00:00,2025-08-30T10:00:00,long,108385,108199,100,0.1,10838.5,100.0,-18.6,-28.71,-2411.64,-0.03,0,0.0,186,0.17,4280.67,359576.28,4.28,1083.85,0.1,10,5.0,0.01,0,0.0,10.11,108013
124,BUY_B,ST_FLIP_RED,2025-08-30T12:00:00,2025-08-31T10:00:00,long,108757,108571,100,0.1,10875.7,100.0,-18.6,-28.71,-2411.64,-0.03,0,0.0,186,0.17,4251.96,357164.64,4.25,1087.57,0.1,10,5.0,0.01,0,0.0,10.11,108385
125,BUY_B,ST_FLIP_RED,2025-08-31T12:00:00,2025-09-01T04:00:00,long,108943,108385,100,0.1,10894.3,100.0,-55.8,-65.91,-5536.44,-0.07,0,0.0,558,0.51,4186.05,351628.2,4.19,1089.43,0.1,10,5.0,0.01,0,0.0,10.11,108571
126,SELL_B,ST_FLIP_GREEN,2025-09-01T04:00:00,2025-09-01T10:00:00,short,108385,108013,100,0.1,10838.5,100.0,37.2,27.09,2275.56,0.03,372,0.34,0,0.0,4213.14,353903.76,4.21,1083.85,0.1,10,5.0,0.01,0,0.0,10.11,108757
127,BUY_A,ST_FLIP_RED,2025-09-01T10:00:00,2025-09-01T14:00:00,long,108013,108757,100,0.1,10801.3,100.0,74.4,64.29,5400.36,0.06,744,0.69,0,0.0,4277.43,359304.12,4.28,1080.13,0.1,10,5.0,0.01,0,0.0,10.11,107641
128,BUY_B,ST_FLIP_RED,2025-09-01T22:00:00,2025-09-02T02:00:00,long,109315,108571,100,0.1,10931.5,100.0,-74.4,-84.51,-7098.84,-0.08,0,0.0,744,0.68,4192.92,352205.28,4.19,1093.15,0.1,10,5.0,0.01,0,0.0,10.11,108943
129,SELL_B,ST_FLIP_GREEN,2025-09-02T02:00:00,2025-09-02T04:00:00,short,108571,108385,100,0.1,10857.1,100.0,18.6,8.49,713.16,0.01,186,0.17,0,0.0,4201.41,352918.44,4.2,1085.71,0.1,10,5.0,0.01,0,0.0,10.11,108943
130,BUY_A,ST_FLIP_RED,2025-09-02T04:00:00,2025-09-02T16:00:00,long,108571,109687,100,0.1,10857.1,100.0,111.6,101.49,8525.16,0.1,1116,1.03,0,0.0,4302.9,361443.6,4.3,1085.71,0.1,10,5.0,0.01,0,0.0,10.11,108199
131,SELL_A,ST_FLIP_GREEN,2025-09-02T16:00:00,2025-09-02T18:00:00,short,109687,109873,100,0.1,10968.7,100.0,-18.6,-28.71,-2411.64,-0.03,0,0.0,186,0.17,4274.19,359031.96,4.27,1096.87,0.1,10,5.0,0.01,0,0.0,10.11,110059
132,BUY_A,ST_FLIP_RED,2025-09-02T18:00:00,2025-09-02T20:00:00,long,110059,110989,100,0.1,11005.9,100.0,93.0,82.89,6962.76,0.08,930,0.85,0,0.0,4357.08,365994.72,4.36,1100.59,0.1,10,5.0,0.01,0,0.0,10.11,109687
133,SELL_A,ST_FLIP_GREEN,2025-09-02T20:00:00,2025-09-03T00:00:00,short,110989,110989,100,0.1,11098.9,100.0,0.0,-10.11,-849.24,-0.01,0,0.0,0,0.0,4346.97,365145.48,4.35,1109.89,0.1,10,5.0,0.01,0,0.0,10.11,111361
134,BUY_A,ST_FLIP_RED,2025-09-03T00:00:00,2025-09-03T08:00:00,long,111361,110989,100,0.1,11136.1,100.0,-37.2,-47.31,-3974.04,-0.05,0,0.0,372,0.33,4299.66,361171.44,4.3,1113.61,0.1,10,5.0,0.01,0,0.0,10.11,110989
135,SELL_A,ST_FLIP_GREEN,2025-09-03T08:00:00,2025-09-03T14:00:00,short,110989,111361,100,0.1,11098.9,100.0,-37.2,-47.31,-3974.04,-0.05,0,0.0,372,0.34,4252.35,357197.4,4.25,1109.89,0.1,10,5.0,0.01,0,0.0,10.11,111361
136,BUY_A,ST_FLIP_RED,2025-09-03T14:00:00,2025-09-04T06:00:00,long,111547,111361,100,0.1,11154.7,100.0,-18.6,-28.71,-2411.64,-0.03,0,0.0,186,0.17,4223.64,354785.76,4.22,1115.47,0.1,10,5.0,0.01,0,0.0,10.11,111175
137,SELL_A,ST_FLIP_GREEN,2025-09-04T06:00:00,2025-09-05T00:00:00,short,111361,110059,100,0.1,11136.1,100.0,130.2,120.09,10087.56,0.12,1302,1.17,0,0.0,4343.73,364873.32,4.34,1113.61,0.1,10,5.0,0.01,0,0.0,10.11,111733
138,BUY_A,ST_FLIP_RED,2025-09-05T00:00:00,2025-09-05T14:00:00,long,110059,112105,100,0.1,11005.9,100.0,204.6,194.49,16337.16,0.19,2046,1.86,0,0.0,4538.22,381210.48,4.54,1100.59,0.1,10,5.0,0.01,0,0.0,10.11,109687
139,SELL_A,ST_FLIP_GREEN,2025-09-05T14:00:00,2025-09-05T16:00:00,short,112105,112663,100,0.1,11210.5,100.0,-55.8,-65.91,-5536.44,-0.07,0,0.0,558,0.5,4472.31,375674.04,4.47,1121.05,0.1,10,5.0,0.01,0,0.0,10.11,112477
140,SELL_B,ST_FLIP_GREEN,2025-09-05T18:00:00,2025-09-06T00:00:00,short,111919,111361,100,0.1,11191.9,100.0,55.8,45.69,3837.96,0.05,558,0.5,0,0.0,4518.0,379512.0,4.52,1119.19,0.1,10,5.0,0.01,0,0.0,10.11,112291
141,SELL_B,ST_FLIP_GREEN,2025-09-06T02:00:00,2025-09-07T06:00:00,short,110803,110617,100,0.1,11080.3,100.0,18.6,8.49,713.16,0.01,186,0.17,0,0.0,4526.49,380225.16,4.53,1108.03,0.1,10,5.0,0.01,0,0.0,10.11,111175
142,BUY_A,ST_FLIP_RED,2025-09-07T06:00:00,2025-09-09T00:00:00,long,110617,111919,100,0.1,11061.7,100.0,130.2,120.09,10087.56,0.12,1302,1.18,0,0.0,4646.58,390312.72,4.65,1106.17,0.1,10,5.0,0.01,0,0.0,10.11,110245
143,SELL_A,ST_FLIP_GREEN,2025-09-09T00:00:00,2025-09-09T08:00:00,short,111919,111919,100,0.1,11191.9,100.0,0.0,-10.11,-849.24,-0.01,0,0.0,0,0.0,4636.47,389463.48,4.64,1119.19,0.1,10,5.0,0.01,0,0.0,10.11,112291
144,BUY_A,ST_FLIP_RED,2025-09-09T10:00:00,2025-09-09T18:00:00,long,112105,112477,100,0.1,11210.5,100.0,37.2,27.09,2275.56,0.03,372,0.33,0,0.0,4663.56,391739.04,4.66,1121.05,0.1,10,5.0,0.01,0,0.0,10.11,111733
145,SELL_A,ST_FLIP_GREEN,2025-09-09T18:00:00,2025-09-10T02:00:00,short,112477,111547,100,0.1,11247.7,100.0,93.0,82.89,6962.76,0.08,930,0.83,0,0.0,4746.45,398701.8,4.75,1124.77,0.1,10,5.0,0.01,0,0.0,10.11,112849
146,SELL_B,ST_FLIP_GREEN,2025-09-10T04:00:00,2025-09-10T08:00:00,short,110989,111733,100,0.1,11098.9,100.0,-74.4,-84.51,-7098.84,-0.08,0,0.0,744,0.67,4661.94,391602.96,4.66,1109.89,0.1,10,5.0,0.01,0,0.0,10.11,111361
147,BUY_B,ST_FLIP_RED,2025-09-10T08:00:00,2025-09-10T22:00:00,long,111733,113407,100,0.1,11173.3,100.0,167.4,157.29,13212.36,0.16,1674,1.5,0,0.0,4819.23,404815.32,4.82,1117.33,0.1,10,5.0,0.01,0,0.0,10.11,111361
148,SELL_A,ST_FLIP_GREEN,2025-09-10T22:00:00,2025-09-11T00:00:00,short,113407,113779,100,0.1,11340.7,100.0,-37.2,-47.31,-3974.04,-0.05,0,0.0,372,0.33,4771.92,400841.28,4.77,1134.07,0.1,10,5.0,0.01,0,0.0,10.11,113779
149,BUY_A,ST_FLIP_RED,2025-09-11T08:00:00,2025-09-12T08:00:00,long,114151,115081,100,0.1,11415.1,100.0,93.0,82.89,6962.76,0.08,930,0.81,0,0.0,4854.81,407804.04,4.85,1141.51,0.1,10,5.0,0.01,0,0.0,10.11,113779
150,SELL_B,ST_FLIP_GREEN,2025-09-12T08:00:00,2025-09-12T22:00:00,short,115081,115639,100,0.1,11508.1,100.0,-55.8,-65.91,-5536.44,-0.07,0,0.0,558,0.48,4788.9,402267.6,4.79,1150.81,0.1,10,5.0,0.01,0,0.0,10.11,115453
151,BUY_A,ST_FLIP_RED,2025-09-12T22:00:00,2025-09-13T08:00:00,long,116011,115639,100,0.1,11601.1,100.0,-37.2,-47.31,-3974.04,-0.05,0,0.0,372,0.32,4741.59,398293.56,4.74,1160.11,0.1,10,5.0,0.01,0,0.0,10.11,115639
152,SELL_B,ST_FLIP_GREEN,2025-09-13T08:00:00,2025-09-15T02:00:00,short,115639,116011,100,0.1,11563.9,100.0,-37.2,-47.31,-3974.04,-0.05,0,0.0,372,0.32,4694.28,394319.52,4.69,1156.39,0.1,10,5.0,0.01,0,0.0,10.11,116011
153,SELL_B,ST_FLIP_GREEN,2025-09-15T04:00:00,2025-09-15T08:00:00,short,115267,115639,100,0.1,11526.7,100.0,-37.2,-47.31,-3974.04,-0.05,0,0.0,372,0.32,4646.97,390345.48,4.65,1152.67,0.1,10,5.0,0.01,0,0.0,10.11,115639
154,BUY_A,ST_FLIP_RED,2025-09-15T08:00:00,2025-09-15T12:00:00,long,115825,115639,100,0.1,11582.5,100.0,-18.6,-28.71,-2411.64,-0.03,0,0.0,186,0.16,4618.26,387933.84,4.62,1158.25,0.1,10,5.0,0.01,0,0.0,10.11,115453
155,SELL_A,ST_FLIP_GREEN,2025-09-15T12:00:00,2025-09-16T00:00:00,short,115639,115267,100,0.1,11563.9,100.0,37.2,27.09,2275.56,0.03,372,0.32,0,0.0,4645.35,390209.4,4.65,1156.39,0.1,10,5.0,0.01,0,0.0,10.11,116011
156,BUY_A,ST_FLIP_RED,2025-09-16T10:00:00,2025-09-16T18:00:00,long,115453,115081,100,0.1,11545.3,100.0,-37.2,-47.31,-3974.04,-0.05,0,0.0,372,0.32,4598.04,386235.36,4.6,1154.53,0.1,10,5.0,0.01,0,0.0,10.11,115081
157,SELL_A,ST_FLIP_GREEN,2025-09-16T18:00:00,2025-09-16T20:00:00,short,115081,115453,100,0.1,11508.1,100.0,-37.2,-47.31,-3974.04,-0.05,0,0.0,372,0.32,4550.73,382261.32,4.55,1150.81,0.1,10,5.0,0.01,0,0.0,10.11,115453
158,BUY_A,ST_FLIP_RED,2025-09-16T20:00:00,2025-09-17T08:00:00,long,115453,116197,100,0.1,11545.3,100.0,74.4,64.29,5400.36,0.06,744,0.64,0,0.0,4615.02,387661.68,4.62,1154.53,0.1,10,5.0,0.01,0,0.0,10.11,115081
159,SELL_A,ST_FLIP_GREEN,2025-09-17T08:00:00,2025-09-17T10:00:00,short,116197,116755,100,0.1,11619.7,100.0,-55.8,-65.91,-5536.44,-0.07,0,0.0,558,0.48,4549.11,382125.24,4.55,1161.97,0.1,10,5.0,0.01,0,0.0,10.11,116569
160,BUY_A,ST_FLIP_RED,2025-09-17T10:00:00,2025-09-17T14:00:00,long,116755,116569,100,0.1,11675.5,100.0,-18.6,-28.71,-2411.64,-0.03,0,0.0,186,0.16,4520.4,379713.6,4.52,1167.55,0.1,10,5.0,0.01,0,0.0,10.11,116383
161,SELL_B,ST_FLIP_GREEN,2025-09-17T14:00:00,2025-09-18T02:00:00,short,116569,116197,100,0.1,11656.9,100.0,37.2,27.09,2275.56,0.03,372,0.32,0,0.0,4547.49,381989.16,4.55,1165.69,0.1,10,5.0,0.01,0,0.0,10.11,116941
162,BUY_A,ST_FLIP_RED,2025-09-18T06:00:00,2025-09-18T10:00:00,long,116383,116755,100,0.1,11638.3,100.0,37.2,27.09,2275.56,0.03,372,0.32,0,0.0,4574.58,384264.72,4.57,1163.83,0.1,10,5.0,0.01,0,0.0,10.11,116011
163,SELL_A,ST_FLIP_GREEN,2025-09-18T10:00:00,2025-09-18T12:00:00,short,116755,117313,100,0.1,11675.5,100.0,-55.8,-65.91,-5536.44,-0.07,0,0.0,558,0.48,4508.67,378728.28,4.51,1167.55,0.1,10,5.0,0.01,0,0.0,10.11,117127
164,BUY_B,ST_FLIP_RED,2025-09-18T12:00:00,2025-09-19T02:00:00,long,117313,117127,100,0.1,11731.3,100.0,-18.6,-28.71,-2411.64,-0.03,0,0.0,186,0.16,4479.96,376316.64,4.48,1173.13,0.1,10,5.0,0.01,0,0.0,10.11,116941
165,SELL_A,ST_FLIP_GREEN,2025-09-19T02:00:00,2025-09-20T18:00:00,short,117127,116011,100,0.1,11712.7,100.0,111.6,101.49,8525.16,0.1,1116,0.95,0,0.0,4581.45,384841.8,4.58,1171.27,0.1,10,5.0,0.01,0,0.0,10.11,117499
166,BUY_A,ST_FLIP_RED,2025-09-20T18:00:00,2025-09-21T04:00:00,long,116011,115453,100,0.1,11601.1,100.0,-55.8,-65.91,-5536.44,-0.07,0,0.0,558,0.48,4515.54,379305.36,4.52,1160.11,0.1,10,5.0,0.01,0,0.0,10.11,115639
167,SELL_A,ST_FLIP_GREEN,2025-09-21T04:00:00,2025-09-22T18:00:00,short,115453,113221,100,0.1,11545.3,100.0,223.2,213.09,17899.56,0.21,2232,1.93,0,0.0,4728.63,397204.92,4.73,1154.53,0.1,10,5.0,0.01,0,0.0,10.11,115825
168,BUY_B,ST_FLIP_RED,2025-09-22T18:00:00,2025-09-22T20:00:00,long,113221,112849,100,0.1,11322.1,100.0,-37.2,-47.31,-3974.04,-0.05,0,0.0,372,0.33,4681.32,393230.88,4.68,1132.21,0.1,10,5.0,0.01,0,0.0,10.11,112849
169,SELL_A,ST_FLIP_GREEN,2025-09-23T00:00:00,2025-09-23T04:00:00,short,112291,112849,100,0.1,11229.1,100.0,-55.8,-65.91,-5536.44,-0.07,0,0.0,558,0.5,4615.41,387694.44,4.62,1122.91,0.1,10,5.0,0.01,0,0.0,10.11,112663
170,BUY_B,ST_FLIP_RED,2025-09-23T04:00:00,2025-09-23T06:00:00,long,112849,112291,100,0.1,11284.9,100.0,-55.8,-65.91,-5536.44,-0.07,0,0.0,558,0.49,4549.5,382158.0,4.55,1128.49,0.1,10,5.0,0.01,0,0.0,10.11,112477
171,SELL_A,ST_FLIP_GREEN,2025-09-23T06:00:00,2025-09-23T10:00:00,short,111919,112477,100,0.1,11191.9,100.0,-55.8,-65.91,-5536.44,-0.07,0,0.0,558,0.5,4483.59,376621.56,4.48,1119.19,0.1,10,5.0,0.01,0,0.0,10.11,112291
172,BUY_B,ST_FLIP_RED,2025-09-23T10:00:00,2025-09-23T22:00:00,long,112477,112477,100,0.1,11247.7,100.0,0.0,-10.11,-849.24,-0.01,0,0.0,0,0.0,4473.48,375772.32,4.47,1124.77,0.1,10,5.0,0.01,0,0.0,10.11,112105
173,SELL_A,ST_FLIP_GREEN,2025-09-23T22:00:00,2025-09-24T04:00:00,short,112291,112291,100,0.1,11229.1,100.0,0.0,-10.11,-849.24,-0.01,0,0.0,0,0.0,4463.37,374923.08,4.46,1122.91,0.1,10,5.0,0.01,0,0.0,10.11,112663
174,BUY_A,ST_FLIP_RED,2025-09-24T04:00:00,2025-09-25T04:00:00,long,112291,113035,100,0.1,11229.1,100.0,74.4,64.29,5400.36,0.06,744,0.66,0,0.0,4527.66,380323.44,4.53,1122.91,0.1,10,5.0,0.01,0,0.0,10.11,111919
175,SELL_A,ST_FLIP_GREEN,2025-09-25T06:00:00,2025-09-26T22:00:00,short,112849,109687,100,0.1,11284.9,100.0,316.2,306.09,25711.56,0.31,3162,2.8,0,0.0,4833.75,406035.0,4.83,1128.49,0.1,10,5.0,0.01,0,0.0,10.11,113221
176,BUY_B,ST_FLIP_RED,2025-09-26T22:00:00,2025-09-27T00:00:00,long,109687,109687,100,0.1,10968.7,100.0,0.0,-10.11,-849.24,-0.01,0,0.0,0,0.0,4823.64,405185.76,4.82,1096.87,0.1,10,5.0,0.01,0,0.0,10.11,109315
177,SELL_A,ST_FLIP_GREEN,2025-09-27T00:00:00,2025-09-27T02:00:00,short,109129,109501,100,0.1,10912.9,100.0,-37.2,-47.31,-3974.04,-0.05,0,0.0,372,0.34,4776.33,401211.72,4.78,1091.29,0.1,10,5.0,0.01,0,0.0,10.11,109501
178,BUY_B,ST_FLIP_RED,2025-09-27T02:00:00,2025-09-28T10:00:00,long,109501,109129,100,0.1,10950.1,100.0,-37.2,-47.31,-3974.04,-0.05,0,0.0,372,0.34,4729.02,397237.68,4.73,1095.01,0.1,10,5.0,0.01,0,0.0,10.11,109129
179,BUY_B,ST_FLIP_RED,2025-09-28T20:00:00,2025-09-30T10:00:00,long,109873,113779,100,0.1,10987.3,100.0,390.6,380.49,31961.16,0.38,3906,3.56,0,0.0,5109.51,429198.84,5.11,1098.73,0.1,10,5.0,0.01,0,0.0,10.11,109501
180,SELL_B,ST_FLIP_GREEN,2025-09-30T10:00:00,2025-09-30T22:00:00,short,113779,113407,100,0.1,11377.9,100.0,37.2,27.09,2275.56,0.03,372,0.33,0,0.0,5136.6,431474.4,5.14,1137.79,0.1,10,5.0,0.01,0,0.0,10.11,114151
181,BUY_A,ST_FLIP_RED,2025-10-01T00:00:00,2025-10-01T02:00:00,long,113779,113779,100,0.1,11377.9,100.0,0.0,-10.11,-849.24,-0.01,0,0.0,0,0.0,5126.49,430625.16,5.13,1137.79,0.1,10,5.0,0.01,0,0.0,10.11,113407
182,SELL_A,ST_FLIP_GREEN,2025-10-01T02:00:00,2025-10-01T06:00:00,short,113779,114337,100,0.1,11377.9,100.0,-55.8,-65.91,-5536.44,-0.07,0,0.0,558,0.49,5060.58,425088.72,5.06,1137.79,0.1,10,5.0,0.01,0,0.0,10.11,114151
183,BUY_A,ST_FLIP_RED,2025-10-01T06:00:00,2025-10-01T22:00:00,long,114337,117127,100,0.1,11433.7,100.0,279.0,268.89,22586.76,0.27,2790,2.44,0,0.0,5329.47,447675.48,5.33,1143.37,0.1,10,5.0,0.01,0,0.0,10.11,113965
184,SELL_B,ST_FLIP_GREEN,2025-10-01T22:00:00,2025-10-02T00:00:00,short,117127,117499,100,0.1,11712.7,100.0,-37.2,-47.31,-3974.04,-0.05,0,0.0,372,0.32,5282.16,443701.44,5.28,1171.27,0.1,10,5.0,0.01,0,0.0,10.11,117499
185,BUY_A,ST_FLIP_RED,2025-10-02T04:00:00,2025-10-02T10:00:00,long,118057,118243,100,0.1,11805.7,100.0,18.6,8.49,713.16,0.01,186,0.16,0,0.0,5290.65,444414.6,5.29,1180.57,0.1,10,5.0,0.01,0,0.0,10.11,117685
186,SELL_B,ST_FLIP_GREEN,2025-10-02T10:00:00,2025-10-02T16:00:00,short,118243,118801,100,0.1,11824.3,100.0,-55.8,-65.91,-5536.44,-0.07,0,0.0,558,0.47,5224.74,438878.16,5.22,1182.43,0.1,10,5.0,0.01,0,0.0,10.11,118615
187,BUY_A,ST_FLIP_RED,2025-10-02T16:00:00,2025-10-03T06:00:00,long,119173,119917,100,0.1,11917.3,100.0,74.4,64.29,5400.36,0.06,744,0.62,0,0.0,5289.03,444278.52,5.29,1191.73,0.1,10,5.0,0.01,0,0.0,10.11,118801
188,SELL_B,ST_FLIP_GREEN,2025-10-03T06:00:00,2025-10-03T14:00:00,short,119917,120289,100,0.1,11991.7,100.0,-37.2,-47.31,-3974.04,-0.05,0,0.0,372,0.31,5241.72,440304.48,5.24,1199.17,0.1,10,5.0,0.01,0,0.0,10.11,120289
189,BUY_A,ST_FLIP_RED,2025-10-03T20:00:00,2025-10-03T22:00:00,long,120847,123079,100,0.1,12084.7,100.0,223.2,213.09,17899.56,0.21,2232,1.85,0,0.0,5454.81,458204.04,5.45,1208.47,0.1,10,5.0,0.01,0,0.0,10.11,120475
190,SELL_B,ST_FLIP_GREEN,2025-10-03T22:00:00,2025-10-04T08:00:00,short,123079,122335,100,0.1,12307.9,100.0,74.4,64.29,5400.36,0.06,744,0.6,0,0.0,5519.1,463604.4,5.52,1230.79,0.1,10,5.0,0.01,0,0.0,10.11,123451
191,SELL_B,ST_FLIP_GREEN,2025-10-04T20:00:00,2025-10-05T00:00:00,short,121777,122149,100,0.1,12177.7,100.0,-37.2,-47.31,-3974.04,-0.05,0,0.0,372,0.31,5471.79,459630.36,5.47,1217.77,0.1,10,5.0,0.01,0,0.0,10.11,122149
192,BUY_A,ST_FLIP_RED,2025-10-05T00:00:00,2025-10-05T14:00:00,long,122149,124381,100,0.1,12214.9,100.0,223.2,213.09,17899.56,0.21,2232,1.83,0,0.0,5684.88,477529.92,5.68,1221.49,0.1,10,5.0,0.01,0,0.0,10.11,121777
193,SELL_B,ST_FLIP_GREEN,2025-10-05T14:00:00,2025-10-06T02:00:00,short,124381,123265,100,0.1,12438.1,100.0,111.6,101.49,8525.16,0.1,1116,0.9,0,0.0,5786.37,486055.08,5.79,1243.81,0.1,10,5.0,0.01,0,0.0,10.11,124753
194,BUY_A,ST_FLIP_RED,2025-10-06T04:00:00,2025-10-07T04:00:00,long,123451,124567,100,0.1,12345.1,100.0,111.6,101.49,8525.16,0.1,1116,0.9,0,0.0,5887.86,494580.24,5.89,1234.51,0.1,10,5.0,0.01,0,0.0,10.11,123079
195,SELL_A,ST_FLIP_GREEN,2025-10-07T04:00:00,2025-10-07T14:00:00,short,124567,124195,100,0.1,12456.7,100.0,37.2,27.09,2275.56,0.03,372,0.3,0,0.0,5914.95,496855.8,5.91,1245.67,0.1,10,5.0,0.01,0,0.0,10.11,124939
196,BUY_A,ST_FLIP_RED,2025-10-07T14:00:00,2025-10-07T18:00:00,long,124381,123823,100,0.1,12438.1,100.0,-55.8,-65.91,-5536.44,-0.07,0,0.0,558,0.45,5849.04,491319.36,5.85,1243.81,0.1,10,5.0,0.01,0,0.0,10.11,124009
197,SELL_B,ST_FLIP_GREEN,2025-10-07T18:00:00,2025-10-08T00:00:00,short,123823,121405,100,0.1,12382.3,100.0,241.8,231.69,19461.96,0.23,2418,1.95,0,0.0,6080.73,510781.32,6.08,1238.23,0.1,10,5.0,0.01,0,0.0,10.11,124195
198,BUY_B,ST_FLIP_RED,2025-10-08T00:00:00,2025-10-08T04:00:00,long,121405,121591,100,0.1,12140.5,100.0,18.6,8.49,713.16,0.01,186,0.15,0,0.0,6089.22,511494.48,6.09,1214.05,0.1,10,5.0,0.01,0,0.0,10.11,121033
199,BUY_B,ST_FLIP_RED,2025-10-08T06:00:00,2025-10-08T08:00:00,long,121963,121591,100,0.1,12196.3,100.0,-37.2,-47.31,-3974.04,-0.05,0,0.0,372,0.31,6041.91,507520.44,6.04,1219.63,0.1,10,5.0,0.01,0,0.0,10.11,121591
200,SELL_A,ST_FLIP_GREEN,2025-10-08T08:00:00,2025-10-08T12:00:00,short,121405,121963,100,0.1,12140.5,100.0,-55.8,-65.91,-5536.44,-0.07,0,0.0,558,0.46,5976.0,501984.0,5.98,1214.05,0.1,10,5.0,0.01,0,0.0,10.11,121777
201,BUY_B,ST_FLIP_RED,2025-10-08T12:00:00,2025-10-09T04:00:00,long,121963,122893,100,0.1,12196.3,100.0,93.0,82.89,6962.76,0.08,930,0.76,0,0.0,6058.89,508946.76,6.06,1219.63,0.1,10,5.0,0.01,0,0.0,10.11,121591
202,SELL_A,ST_FLIP_GREEN,2025-10-09T04:00:00,2025-10-09T14:00:00,short,122893,121777,100,0.1,12289.3,100.0,111.6,101.49,8525.16,0.1,1116,0.91,0,0.0,6160.38,517471.92,6.16,1228.93,0.1,10,5.0,0.01,0,0.0,10.11,123265
203,BUY_A,ST_FLIP_RED,2025-10-09T14:00:00,2025-10-09T18:00:00,long,121777,122335,100,0.1,12177.7,100.0,55.8,45.69,3837.96,0.05,558,0.46,0,0.0,6206.07,521309.88,6.21,1217.77,0.1,10,5.0,0.01,0,0.0,10.11,121405
204,SELL_A,ST_FLIP_GREEN,2025-10-09T18:00:00,2025-10-10T02:00:00,short,122149,121219,100,0.1,12214.9,100.0,93.0,82.89,6962.76,0.08,930,0.76,0,0.0,6288.96,528272.64,6.29,1221.49,0.1,10,5.0,0.01,0,0.0,10.11,122521
205,BUY_A,ST_FLIP_RED,2025-10-10T02:00:00,2025-10-10T06:00:00,long,121219,121219,100,0.1,12121.9,100.0,0.0,-10.11,-849.24,-0.01,0,0.0,0,0.0,6278.85,527423.4,6.28,1212.19,0.1,10,5.0,0.01,0,0.0,10.11,120847
206,SELL_A,ST_FLIP_GREEN,2025-10-10T20:00:00,2025-10-11T14:00:00,short,121033,111547,100,0.1,12103.3,100.0,948.6,938.49,78833.16,0.94,9486,7.84,0,0.0,7217.34,606256.56,7.22,1210.33,0.1,10,5.0,0.01,0,0.0,10.11,121405
207,BUY_B,ST_FLIP_RED,2025-10-11T14:00:00,2025-10-11T20:00:00,long,111547,111733,100,0.1,11154.7,100.0,18.6,8.49,713.16,0.01,186,0.17,0,0.0,7225.83,606969.72,7.23,1115.47,0.1,10,5.0,0.01,0,0.0,10.11,111175
208,SELL_A,ST_FLIP_GREEN,2025-10-12T00:00:00,2025-10-12T08:00:00,short,111175,110617,100,0.1,11117.5,100.0,55.8,45.69,3837.96,0.05,558,0.5,0,0.0,7271.52,610807.68,7.27,1111.75,0.1,10,5.0,0.01,0,0.0,10.11,111547
209,BUY_A,ST_FLIP_RED,2025-10-12T08:00:00,2025-10-12T18:00:00,long,110617,111361,100,0.1,11061.7,100.0,74.4,64.29,5400.36,0.06,744,0.67,0,0.0,7335.81,616208.04,7.34,1106.17,0.1,10,5.0,0.01,0,0.0,10.11,110245
210,BUY_B,ST_FLIP_RED,2025-10-12T20:00:00,2025-10-13T08:00:00,long,111919,114523,100,0.1,11191.9,100.0,260.4,250.29,21024.36,0.25,2604,2.33,0,0.0,7586.1,637232.4,7.59,1119.19,0.1,10,5.0,0.01,0,0.0,10.11,111547
211,SELL_B,ST_FLIP_GREEN,2025-10-13T08:00:00,2025-10-13T10:00:00,short,114523,115081,100,0.1,11452.3,100.0,-55.8,-65.91,-5536.44,-0.07,0,0.0,558,0.49,7520.19,631695.96,7.52,1145.23,0.1,10,5.0,0.01,0,0.0,10.11,114895
212,SELL_B,ST_FLIP_GREEN,2025-10-13T16:00:00,2025-10-13T22:00:00,short,114337,114709,100,0.1,11433.7,100.0,-37.2,-47.31,-3974.04,-0.05,0,0.0,372,0.33,7472.88,627721.92,7.47,1143.37,0.1,10,5.0,0.01,0,0.0,10.11,114709
213,BUY_A,ST_FLIP_RED,2025-10-13T22:00:00,2025-10-14T06:00:00,long,115081,114895,100,0.1,11508.1,100.0,-18.6,-28.71,-2411.64,-0.03,0,0.0,186,0.16,7444.17,625310.28,7.44,1150.81,0.1,10,5.0,0.01,0,0.0,10.11,114709
214,SELL_A,ST_FLIP_GREEN,2025-10-14T06:00:00,2025-10-14T16:00:00,short,114895,110989,100,0.1,11489.5,100.0,390.6,380.49,31961.16,0.38,3906,3.4,0,0.0,7824.66,657271.44,7.82,1148.95,0.1,10,5.0,0.01,0,0.0,10.11,115267
215,BUY_B,ST_FLIP_RED,2025-10-14T16:00:00,2025-10-15T08:00:00,long,110989,112849,100,0.1,11098.9,100.0,186.0,175.89,14774.76,0.18,1860,1.68,0,0.0,8000.55,672046.2,8.0,1109.89,0.1,10,5.0,0.01,0,0.0,10.11,110617
216,SELL_A,ST_FLIP_GREEN,2025-10-15T08:00:00,2025-10-15T12:00:00,short,112849,112477,100,0.1,11284.9,100.0,37.2,27.09,2275.56,0.03,372,0.33,0,0.0,8027.64,674321.76,8.03,1128.49,0.1,10,5.0,0.01,0,0.0,10.11,113221
217,BUY_A,ST_FLIP_RED,2025-10-15T12:00:00,2025-10-15T14:00:00,long,112663,112663,100,0.1,11266.3,100.0,0.0,-10.11,-849.24,-0.01,0,0.0,0,0.0,8017.53,673472.52,8.02,1126.63,0.1,10,5.0,0.01,0,0.0,10.11,112291
218,SELL_A,ST_FLIP_GREEN,2025-10-15T14:00:00,2025-10-16T06:00:00,short,112663,111361,100,0.1,11266.3,100.0,130.2,120.09,10087.56,0.12,1302,1.16,0,0.0,8137.62,683560.08,8.14,1126.63,0.1,10,5.0,0.01,0,0.0,10.11,113035
219,BUY_A,ST_FLIP_RED,2025-10-16T06:00:00,2025-10-16T12:00:00,long,111361,110989,100,0.1,11136.1,100.0,-37.2,-47.31,-3974.04,-0.05,0,0.0,372,0.33,8090.31,679586.04,8.09,1113.61,0.1,10,5.0,0.01,0,0.0,10.11,110989
220,SELL_A,ST_FLIP_GREEN,2025-10-16T12:00:00,2025-10-16T14:00:00,short,110803,110989,100,0.1,11080.3,100.0,-18.6,-28.71,-2411.64,-0.03,0,0.0,186,0.17,8061.6,677174.4,8.06,1108.03,0.1,10,5.0,0.01,0,0.0,10.11,111175
221,BUY_B,ST_FLIP_RED,2025-10-16T14:00:00,2025-10-16T18:00:00,long,110989,110803,100,0.1,11098.9,100.0,-18.6,-28.71,-2411.64,-0.03,0,0.0,186,0.17,8032.89,674762.76,8.03,1109.89,0.1,10,5.0,0.01,0,0.0,10.11,110617
222,SELL_A,ST_FLIP_GREEN,2025-10-16T18:00:00,2025-10-17T04:00:00,short,110617,108571,100,0.1,11061.7,100.0,204.6,194.49,16337.16,0.19,2046,1.85,0,0.0,8227.38,691099.92,8.23,1106.17,0.1,10,5.0,0.01,0,0.0,10.11,110989
223,BUY_B,ST_FLIP_RED,2025-10-17T04:00:00,2025-10-17T10:00:00,long,108571,108199,100,0.1,10857.1,100.0,-37.2,-47.31,-3974.04,-0.05,0,0.0,372,0.34,8180.07,687125.88,8.18,1085.71,0.1,10,5.0,0.01,0,0.0,10.11,108199
224,SELL_A,ST_FLIP_GREEN,2025-10-17T10:00:00,2025-10-17T16:00:00,short,107641,104665,100,0.1,10764.1,100.0,297.6,287.49,24149.16,0.29,2976,2.76,0,0.0,8467.56,711275.04,8.47,1076.41,0.1,10,5.0,0.01,0,0.0,10.11,108013
225,BUY_B,ST_FLIP_RED,2025-10-17T16:00:00,2025-10-17T18:00:00,long,104665,105037,100,0.1,10466.5,100.0,37.2,27.09,2275.56,0.03,372,0.36,0,0.0,8494.65,713550.6,8.49,1046.65,0.1,10,5.0,0.01,0,0.0,10.11,104293
226,BUY_B,ST_FLIP_RED,2025-10-17T20:00:00,2025-10-19T12:00:00,long,105409,106525,100,0.1,10540.9,100.0,111.6,101.49,8525.16,0.1,1116,1.06,0,0.0,8596.14,722075.76,8.6,1054.09,0.1,10,5.0,0.01,0,0.0,10.11,105037
227,SELL_A,ST_FLIP_GREEN,2025-10-19T12:00:00,2025-10-19T14:00:00,short,106525,107083,100,0.1,10652.5,100.0,-55.8,-65.91,-5536.44,-0.07,0,0.0,558,0.52,8530.23,716539.32,8.53,1065.25,0.1,10,5.0,0.01,0,0.0,10.11,106897
228,BUY_A,ST_FLIP_RED,2025-10-19T14:00:00,2025-10-20T04:00:00,long,107269,108571,100,0.1,10726.9,100.0,130.2,120.09,10087.56,0.12,1302,1.21,0,0.0,8650.32,726626.88,8.65,1072.69,0.1,10,5.0,0.01,0,0.0,10.11,106897
229,SELL_B,ST_FLIP_GREEN,2025-10-20T04:00:00,2025-10-20T06:00:00,short,108571,108013,100,0.1,10857.1,100.0,55.8,45.69,3837.96,0.05,558,0.51,0,0.0,8696.01,730464.84,8.7,1085.71,0.1,10,5.0,0.01,0,0.0,10.11,108943
230,BUY_A,ST_FLIP_RED,2025-10-20T06:00:00,2025-10-20T22:00:00,long,108385,110617,100,0.1,10838.5,100.0,223.2,213.09,17899.56,0.21,2232,2.06,0,0.0,8909.1,748364.4,8.91,1083.85,0.1,10,5.0,0.01,0,0.0,10.11,108013
231,SELL_B,ST_FLIP_GREEN,2025-10-20T22:00:00,2025-10-21T16:00:00,short,110617,108199,100,0.1,11061.7,100.0,241.8,231.69,19461.96,0.23,2418,2.19,0,0.0,9140.79,767826.36,9.14,1106.17,0.1,10,5.0,0.01,0,0.0,10.11,110989
232,BUY_A,ST_FLIP_RED,2025-10-21T16:00:00,2025-10-21T22:00:00,long,108199,113035,100,0.1,10819.9,100.0,483.6,473.49,39773.16,0.47,4836,4.47,0,0.0,9614.28,807599.52,9.61,1081.99,0.1,10,5.0,0.01,0,0.0,10.11,107827
233,SELL_B,ST_FLIP_GREEN,2025-10-21T22:00:00,2025-10-22T06:00:00,short,113035,108571,100,0.1,11303.5,100.0,446.4,436.29,36648.36,0.44,4464,3.95,0,0.0,10050.57,844247.88,10.05,1130.35,0.1,10,5.0,0.01,0,0.0,10.11,113407
234,BUY_B,ST_FLIP_RED,2025-10-22T06:00:00,2025-10-22T14:00:00,long,108571,108013,100,0.1,10857.1,100.0,-55.8,-65.91,-5536.44,-0.07,0,0.0,558,0.51,9984.66,838711.44,9.98,1085.71,0.1,10,5.0,0.01,0,0.0,10.11,108199
235,BUY_B,ST_FLIP_RED,2025-10-22T20:00:00,2025-10-22T22:00:00,long,108385,108013,100,0.1,10838.5,100.0,-37.2,-47.31,-3974.04,-0.05,0,0.0,372,0.34,9937.35,834737.4,9.94,1083.85,0.1,10,5.0,0.01,0,0.0,10.11,108013
236,SELL_A,ST_FLIP_GREEN,2025-10-23T00:00:00,2025-10-23T04:00:00,short,107641,107641,100,0.1,10764.1,100.0,0.0,-10.11,-849.24,-0.01,0,0.0,0,0.0,9927.24,833888.16,9.93,1076.41,0.1,10,5.0,0.01,0,0.0,10.11,108013
237,BUY_B,ST_FLIP_RED,2025-10-23T04:00:00,2025-10-23T16:00:00,long,107641,109129,100,0.1,10764.1,100.0,148.8,138.69,11649.96,0.14,1488,1.38,0,0.0,10065.93,845538.12,10.07,1076.41,0.1,10,5.0,0.01,0,0.0,10.11,107269
238,SELL_A,ST_FLIP_GREEN,2025-10-23T16:00:00,2025-10-23T20:00:00,short,109129,109501,100,0.1,10912.9,100.0,-37.2,-47.31,-3974.04,-0.05,0,0.0,372,0.34,10018.62,841564.08,10.02,1091.29,0.1,10,5.0,0.01,0,0.0,10.11,109501
239,BUY_A,ST_FLIP_RED,2025-10-23T20:00:00,2025-10-24T00:00:00,long,109687,109873,100,0.1,10968.7,100.0,18.6,8.49,713.16,0.01,186,0.17,0,0.0,10027.11,842277.24,10.03,1096.87,0.1,10,5.0,0.01,0,0.0,10.11,109315
240,SELL_A,ST_FLIP_GREEN,2025-10-24T00:00:00,2025-10-24T06:00:00,short,109873,110431,100,0.1,10987.3,100.0,-55.8,-65.91,-5536.44,-0.07,0,0.0,558,0.51,9961.2,836740.8,9.96,1098.73,0.1,10,5.0,0.01,0,0.0,10.11,110245
241,BUY_A,ST_FLIP_RED,2025-10-24T08:00:00,2025-10-24T12:00:00,long,110617,110617,100,0.1,11061.7,100.0,0.0,-10.11,-849.24,-0.01,0,0.0,0,0.0,9951.09,835891.56,9.95,1106.17,0.1,10,5.0,0.01,0,0.0,10.11,110245
242,SELL_B,ST_FLIP_GREEN,2025-10-24T12:00:00,2025-10-24T14:00:00,short,110617,111175,100,0.1,11061.7,100.0,-55.8,-65.91,-5536.44,-0.07,0,0.0,558,0.5,9885.18,830355.12,9.89,1106.17,0.1,10,5.0,0.01,0,0.0,10.11,110989
243,SELL_B,ST_FLIP_GREEN,2025-10-24T18:00:00,2025-10-24T20:00:00,short,110431,110431,100,0.1,11043.1,100.0,0.0,-10.11,-849.24,-0.01,0,0.0,0,0.0,9875.07,829505.88,9.88,1104.31,0.1,10,5.0,0.01,0,0.0,10.11,110803
244,BUY_A,ST_FLIP_RED,2025-10-25T00:00:00,2025-10-27T12:00:00,long,110617,115081,100,0.1,11061.7,100.0,446.4,436.29,36648.36,0.44,4464,4.04,0,0.0,10311.36,866154.24,10.31,1106.17,0.1,10,5.0,0.01,0,0.0,10.11,110245
245,SELL_B,ST_FLIP_GREEN,2025-10-27T12:00:00,2025-10-28T14:00:00,short,115081,114523,100,0.1,11508.1,100.0,55.8,45.69,3837.96,0.05,558,0.48,0,0.0,10357.05,869992.2,10.36,1150.81,0.1,10,5.0,0.01,0,0.0,10.11,115453
246,BUY_A,ST_FLIP_RED,2025-10-28T18:00:00,2025-10-28T20:00:00,long,114895,115267,100,0.1,11489.5,100.0,37.2,27.09,2275.56,0.03,372,0.32,0,0.0,10384.14,872267.76,10.38,1148.95,0.1,10,5.0,0.01,0,0.0,10.11,114523
247,SELL_A,ST_FLIP_GREEN,2025-10-28T20:00:00,2025-10-29T02:00:00,short,115267,113221,100,0.1,11526.7,100.0,204.6,194.49,16337.16,0.19,2046,1.78,0,0.0,10578.63,888604.92,10.58,1152.67,0.1,10,5.0,0.01,0,0.0,10.11,115639
248,BUY_A,ST_FLIP_RED,2025-10-29T02:00:00,2025-10-29T04:00:00,long,113221,112663,100,0.1,11322.1,100.0,-55.8,-65.91,-5536.44,-0.07,0,0.0,558,0.49,10512.72,883068.48,10.51,1132.21,0.1,10,5.0,0.01,0,0.0,10.11,112849
249,BUY_B,ST_FLIP_RED,2025-10-29T10:00:00,2025-10-29T18:00:00,long,113035,112663,100,0.1,11303.5,100.0,-37.2,-47.31,-3974.04,-0.05,0,0.0,372,0.33,10465.41,879094.44,10.47,1130.35,0.1,10,5.0,0.01,0,0.0,10.11,112663
250,SELL_A,ST_FLIP_GREEN,2025-10-29T18:00:00,2025-10-30T06:00:00,short,112291,110989,100,0.1,11229.1,100.0,130.2,120.09,10087.56,0.12,1302,1.16,0,0.0,10585.5,889182.0,10.59,1122.91,0.1,10,5.0,0.01,0,0.0,10.11,112663
251,BUY_B,ST_FLIP_RED,2025-10-30T06:00:00,2025-10-30T08:00:00,long,110989,110431,100,0.1,11098.9,100.0,-55.8,-65.91,-5536.44,-0.07,0,0.0,558,0.5,10519.59,883645.56,10.52,1109.89,0.1,10,5.0,0.01,0,0.0,10.11,110617
252,SELL_A,ST_FLIP_GREEN,2025-10-30T08:00:00,2025-10-30T10:00:00,short,110059,108757,100,0.1,11005.9,100.0,130.2,120.09,10087.56,0.12,1302,1.18,0,0.0,10639.68,893733.12,10.64,1100.59,0.1,10,5.0,0.01,0,0.0,10.11,110431
253,BUY_B,ST_FLIP_RED,2025-10-30T10:00:00,2025-10-30T14:00:00,long,108757,110059,100,0.1,10875.7,100.0,130.2,120.09,10087.56,0.12,1302,1.2,0,0.0,10759.77,903820.68,10.76,1087.57,0.1,10,5.0,0.01,0,0.0,10.11,108385
254,SELL_A,ST_FLIP_GREEN,2025-10-30T14:00:00,2025-10-31T04:00:00,short,109873,107827,100,0.1,10987.3,100.0,204.6,194.49,16337.16,0.19,2046,1.86,0,0.0,10954.26,920157.84,10.95,1098.73,0.1,10,5.0,0.01,0,0.0,10.11,110245
255,BUY_A,ST_FLIP_RED,2025-10-31T04:00:00,2025-10-31T22:00:00,long,107827,109501,100,0.1,10782.7,100.0,167.4,157.29,13212.36,0.16,1674,1.55,0,0.0,11111.55,933370.2,11.11,1078.27,0.1,10,5.0,0.01,0,0.0,10.11,107455
256,SELL_A,ST_FLIP_GREEN,2025-10-31T22:00:00,2025-11-01T00:00:00,short,109501,109687,100,0.1,10950.1,100.0,-18.6,-28.71,-2411.64,-0.03,0,0.0,186,0.17,11082.84,930958.56,11.08,1095.01,0.1,10,5.0,0.01,0,0.0,10.11,109873
257,BUY_A,ST_FLIP_RED,2025-11-01T08:00:00,2025-11-01T18:00:00,long,109873,109687,100,0.1,10987.3,100.0,-18.6,-28.71,-2411.64,-0.03,0,0.0,186,0.17,11054.13,928546.92,11.05,1098.73,0.1,10,5.0,0.01,0,0.0,10.11,109501
258,SELL_A,ST_FLIP_GREEN,2025-11-01T18:00:00,2025-11-01T20:00:00,short,109687,110245,100,0.1,10968.7,100.0,-55.8,-65.91,-5536.44,-0.07,0,0.0,558,0.51,10988.22,923010.48,10.99,1096.87,0.1,10,5.0,0.01,0,0.0,10.11,110059
259,BUY_A,ST_FLIP_RED,2025-11-01T20:00:00,2025-11-02T18:00:00,long,110245,110245,100,0.1,11024.5,100.0,0.0,-10.11,-849.24,-0.01,0,0.0,0,0.0,10978.11,922161.24,10.98,1102.45,0.1,10,5.0,0.01,0,0.0,10.11,109873
260,SELL_A,ST_FLIP_GREEN,2025-11-02T18:00:00,2025-11-03T16:00:00,short,110245,107827,100,0.1,11024.5,100.0,241.8,231.69,19461.96,0.23,2418,2.19,0,0.0,11209.8,941623.2,11.21,1102.45,0.1,10,5.0,0.01,0,0.0,10.11,110617
261,BUY_A,ST_FLIP_RED,2025-11-03T16:00:00,2025-11-03T18:00:00,long,107827,107827,100,0.1,10782.7,100.0,0.0,-10.11,-849.24,-0.01,0,0.0,0,0.0,11199.69,940773.96,11.2,1078.27,0.1,10,5.0,0.01,0,0.0,10.11,107455
262,SELL_A,ST_FLIP_GREEN,2025-11-03T18:00:00,2025-11-03T22:00:00,short,107455,107083,100,0.1,10745.5,100.0,37.2,27.09,2275.56,0.03,372,0.35,0,0.0,11226.78,943049.52,11.23,1074.55,0.1,10,5.0,0.01,0,0.0,10.11,107827
263,BUY_A,ST_FLIP_RED,2025-11-03T22:00:00,2025-11-04T00:00:00,long,107083,106711,100,0.1,10708.3,100.0,-37.2,-47.31,-3974.04,-0.05,0,0.0,372,0.35,11179.47,939075.48,11.18,1070.83,0.1,10,5.0,0.01,0,0.0,10.11,106711
264,SELL_A,ST_FLIP_GREEN,2025-11-04T02:00:00,2025-11-04T06:00:00,short,106339,106525,100,0.1,10633.9,100.0,-18.6,-28.71,-2411.64,-0.03,0,0.0,186,0.17,11150.76,936663.84,11.15,1063.39,0.1,10,5.0,0.01,0,0.0,10.11,106711
265,BUY_A,ST_FLIP_RED,2025-11-04T06:00:00,2025-11-04T10:00:00,long,106525,106525,100,0.1,10652.5,100.0,0.0,-10.11,-849.24,-0.01,0,0.0,0,0.0,11140.65,935814.6,11.14,1065.25,0.1,10,5.0,0.01,0,0.0,10.11,106153
266,SELL_A,ST_FLIP_GREEN,2025-11-04T10:00:00,2025-11-05T02:00:00,short,106339,101131,100,0.1,10633.9,100.0,520.8,510.69,42897.96,0.51,5208,4.9,0,0.0,11651.34,978712.56,11.65,1063.39,0.1,10,5.0,0.01,0,0.0,10.11,106711
267,BUY_B,ST_FLIP_RED,2025-11-05T02:00:00,2025-11-06T02:00:00,long,101131,103363,100,0.1,10113.1,100.0,223.2,213.09,17899.56,0.21,2232,2.21,0,0.0,11864.43,996612.12,11.86,1011.31,0.1,10,5.0,0.01,0,0.0,10.11,100759
268,SELL_A,ST_FLIP_GREEN,2025-11-06T02:00:00,2025-11-06T08:00:00,short,103363,103549,100,0.1,10336.3,100.0,-18.6,-28.71,-2411.64,-0.03,0,0.0,186,0.18,11835.72,994200.48,11.84,1033.63,0.1,10,5.0,0.01,0,0.0,10.11,103735
269,SELL_B,ST_FLIP_GREEN,2025-11-06T12:00:00,2025-11-07T08:00:00,short,103177,101503,100,0.1,10317.7,100.0,167.4,157.29,13212.36,0.16,1674,1.62,0,0.0,11993.01,1007412.84,11.99,1031.77,0.1,10,5.0,0.01,0,0.0,10.11,103549
270,BUY_A,ST_FLIP_RED,2025-11-07T08:00:00,2025-11-07T14:00:00,long,101503,101503,100,0.1,10150.3,100.0,0.0,-10.11,-849.24,-0.01,0,0.0,0,0.0,11982.9,1006563.6,11.98,1015.03,0.1,10,5.0,0.01,0,0.0,10.11,101131
271,SELL_A,ST_FLIP_GREEN,2025-11-07T14:00:00,2025-11-07T20:00:00,short,101131,100573,100,0.1,10113.1,100.0,55.8,45.69,3837.96,0.05,558,0.55,0,0.0,12028.59,1010401.56,12.03,1011.31,0.1,10,5.0,0.01,0,0.0,10.11,101503
272,BUY_A,ST_FLIP_RED,2025-11-07T20:00:00,2025-11-08T04:00:00,long,100573,103177,100,0.1,10057.3,100.0,260.4,250.29,21024.36,0.25,2604,2.59,0,0.0,12278.88,1031425.92,12.28,1005.73,0.1,10,5.0,0.01,0,0.0,10.11,100201
273,SELL_B,ST_FLIP_GREEN,2025-11-08T04:00:00,2025-11-09T00:00:00,short,103177,102247,100,0.1,10317.7,100.0,93.0,82.89,6962.76,0.08,930,0.9,0,0.0,12361.77,1038388.68,12.36,1031.77,0.1,10,5.0,0.01,0,0.0,10.11,103549
274,SELL_B,ST_FLIP_GREEN,2025-11-09T04:00:00,2025-11-09T18:00:00,short,101689,102433,100,0.1,10168.9,100.0,-74.4,-84.51,-7098.84,-0.08,0,0.0,744,0.73,12277.26,1031289.84,12.28,1016.89,0.1,10,5.0,0.01,0,0.0,10.11,102061
275,BUY_B,ST_FLIP_RED,2025-11-09T18:00:00,2025-11-10T20:00:00,long,102433,105595,100,0.1,10243.3,100.0,316.2,306.09,25711.56,0.31,3162,3.09,0,0.0,12583.35,1057001.4,12.58,1024.33,0.1,10,5.0,0.01,0,0.0,10.11,102061
276,SELL_B,ST_FLIP_GREEN,2025-11-10T20:00:00,2025-11-10T22:00:00,short,105595,105595,100,0.1,10559.5,100.0,0.0,-10.11,-849.24,-0.01,0,0.0,0,0.0,12573.24,1056152.16,12.57,1055.95,0.1,10,5.0,0.01,0,0.0,10.11,105967
277,SELL_B,ST_FLIP_GREEN,2025-11-11T02:00:00,2025-11-11T06:00:00,short,105409,105967,100,0.1,10540.9,100.0,-55.8,-65.91,-5536.44,-0.07,0,0.0,558,0.53,12507.33,1050615.72,12.51,1054.09,0.1,10,5.0,0.01,0,0.0,10.11,105781
278,BUY_A,ST_FLIP_RED,2025-11-11T06:00:00,2025-11-11T08:00:00,long,106153,105781,100,0.1,10615.3,100.0,-37.2,-47.31,-3974.04,-0.05,0,0.0,372,0.35,12460.02,1046641.68,12.46,1061.53,0.1,10,5.0,0.01,0,0.0,10.11,105781
279,SELL_B,ST_FLIP_GREEN,2025-11-11T08:00:00,2025-11-12T10:00:00,short,105781,103549,100,0.1,10578.1,100.0,223.2,213.09,17899.56,0.21,2232,2.11,0,0.0,12673.11,1064541.24,12.67,1057.81,0.1,10,5.0,0.01,0,0.0,10.11,106153
280,BUY_A,ST_FLIP_RED,2025-11-12T10:00:00,2025-11-12T20:00:00,long,103549,104293,100,0.1,10354.9,100.0,74.4,64.29,5400.36,0.06,744,0.72,0,0.0,12737.4,1069941.6,12.74,1035.49,0.1,10,5.0,0.01,0,0.0,10.11,103177
281,SELL_A,ST_FLIP_GREEN,2025-11-12T20:00:00,2025-11-13T06:00:00,short,104107,102061,100,0.1,10410.7,100.0,204.6,194.49,16337.16,0.19,2046,1.97,0,0.0,12931.89,1086278.76,12.93,1041.07,0.1,10,5.0,0.01,0,0.0,10.11,104479
282,BUY_B,ST_FLIP_RED,2025-11-13T06:00:00,2025-11-13T14:00:00,long,102061,102991,100,0.1,10206.1,100.0,93.0,82.89,6962.76,0.08,930,0.91,0,0.0,13014.78,1093241.52,13.01,1020.61,0.1,10,5.0,0.01,0,0.0,10.11,101689
283,SELL_A,ST_FLIP_GREEN,2025-11-13T18:00:00,2025-11-14T02:00:00,short,102805,99085,100,0.1,10280.5,100.0,372.0,361.89,30398.76,0.36,3720,3.62,0,0.0,13376.67,1123640.28,13.38,1028.05,0.1,10,5.0,0.01,0,0.0,10.11,103177
284,BUY_B,ST_FLIP_RED,2025-11-14T02:00:00,2025-11-14T08:00:00,long,99085,99085,100,0.1,9908.5,100.0,0.0,-10.11,-849.24,-0.01,0,0.0,0,0.0,13366.56,1122791.04,13.37,990.85,0.1,10,5.0,0.01,0,0.0,10.11,98713
285,SELL_A,ST_FLIP_GREEN,2025-11-14T10:00:00,2025-11-14T20:00:00,short,98527,96109,100,0.1,9852.7,100.0,241.8,231.69,19461.96,0.23,2418,2.45,0,0.0,13598.25,1142253.0,13.6,985.27,0.1,10,5.0,0.01,0,0.0,10.11,98899
286,BUY_B,ST_FLIP_RED,2025-11-14T20:00:00,2025-11-14T22:00:00,long,96109,96481,100,0.1,9610.9,100.0,37.2,27.09,2275.56,0.03,372,0.39,0,0.0,13625.34,1144528.56,13.63,961.09,0.1,10,5.0,0.01,0,0.0,10.11,95737
287,SELL_A,ST_FLIP_GREEN,2025-11-14T22:00:00,2025-11-15T06:00:00,short,96109,95551,100,0.1,9610.9,100.0,55.8,45.69,3837.96,0.05,558,0.58,0,0.0,13671.03,1148366.52,13.67,961.09,0.1,10,5.0,0.01,0,0.0,10.11,96481
288,BUY_A,ST_FLIP_RED,2025-11-15T06:00:00,2025-11-15T14:00:00,long,95551,95737,100,0.1,9555.1,100.0,18.6,8.49,713.16,0.01,186,0.19,0,0.0,13679.52,1149079.68,13.68,955.51,0.1,10,5.0,0.01,0,0.0,10.11,95179
289,SELL_A,ST_FLIP_GREEN,2025-11-16T04:00:00,2025-11-16T08:00:00,short,95551,95923,100,0.1,9555.1,100.0,-37.2,-47.31,-3974.04,-0.05,0,0.0,372,0.39,13632.21,1145105.64,13.63,955.51,0.1,10,5.0,0.01,0,0.0,10.11,95923
290,BUY_A,ST_FLIP_RED,2025-11-16T08:00:00,2025-11-16T16:00:00,long,95923,95737,100,0.1,9592.3,100.0,-18.6,-28.71,-2411.64,-0.03,0,0.0,186,0.19,13603.5,1142694.0,13.6,959.23,0.1,10,5.0,0.01,0,0.0,10.11,95551
291,SELL_A,ST_FLIP_GREEN,2025-11-16T18:00:00,2025-11-16T22:00:00,short,95551,94993,100,0.1,9555.1,100.0,55.8,45.69,3837.96,0.05,558,0.58,0,0.0,13649.19,1146531.96,13.65,955.51,0.1,10,5.0,0.01,0,0.0,10.11,95923
292,BUY_A,ST_FLIP_RED,2025-11-16T22:00:00,2025-11-17T00:00:00,long,94993,94435,100,0.1,9499.3,100.0,-55.8,-65.91,-5536.44,-0.07,0,0.0,558,0.59,13583.28,1140995.52,13.58,949.93,0.1,10,5.0,0.01,0,0.0,10.11,94621
293,SELL_A,ST_FLIP_GREEN,2025-11-17T00:00:00,2025-11-17T04:00:00,short,94435,94249,100,0.1,9443.5,100.0,18.6,8.49,713.16,0.01,186,0.2,0,0.0,13591.77,1141708.68,13.59,944.35,0.1,10,5.0,0.01,0,0.0,10.11,94807
294,BUY_A,ST_FLIP_RED,2025-11-17T04:00:00,2025-11-17T18:00:00,long,94249,95179,100,0.1,9424.9,100.0,93.0,82.89,6962.76,0.08,930,0.99,0,0.0,13674.66,1148671.44,13.67,942.49,0.1,10,5.0,0.01,0,0.0,10.11,93877
295,SELL_A,ST_FLIP_GREEN,2025-11-17T18:00:00,2025-11-18T12:00:00,short,94993,90529,100,0.1,9499.3,100.0,446.4,436.29,36648.36,0.44,4464,4.7,0,0.0,14110.95,1185319.8,14.11,949.93,0.1,10,5.0,0.01,0,0.0,10.11,95365
296,BUY_B,ST_FLIP_RED,2025-11-18T12:00:00,2025-11-19T00:00:00,long,90529,92947,100,0.1,9052.9,100.0,241.8,231.69,19461.96,0.23,2418,2.67,0,0.0,14342.64,1204781.76,14.34,905.29,0.1,10,5.0,0.01,0,0.0,10.11,90157
297,SELL_A,ST_FLIP_GREEN,2025-11-19T00:00:00,2025-11-19T12:00:00,short,92947,91459,100,0.1,9294.7,100.0,148.8,138.69,11649.96,0.14,1488,1.6,0,0.0,14481.33,1216431.72,14.48,929.47,0.1,10,5.0,0.01,0,0.0,10.11,93319
298,BUY_A,ST_FLIP_RED,2025-11-19T12:00:00,2025-11-19T14:00:00,long,91459,91459,100,0.1,9145.9,100.0,0.0,-10.11,-849.24,-0.01,0,0.0,0,0.0,14471.22,1215582.48,14.47,914.59,0.1,10,5.0,0.01,0,0.0,10.11,91087
299,SELL_A,ST_FLIP_GREEN,2025-11-19T18:00:00,2025-11-20T02:00:00,short,91273,89599,100,0.1,9127.3,100.0,167.4,157.29,13212.36,0.16,1674,1.83,0,0.0,14628.51,1228794.84,14.63,912.73,0.1,10,5.0,0.01,0,0.0,10.11,91645
300,BUY_B,ST_FLIP_RED,2025-11-20T02:00:00,2025-11-20T14:00:00,long,89599,91831,100,0.1,8959.9,100.0,223.2,213.09,17899.56,0.21,2232,2.49,0,0.0,14841.6,1246694.4,14.84,895.99,0.1,10,5.0,0.01,0,0.0,10.11,89227
301,SELL_A,ST_FLIP_GREEN,2025-11-20T14:00:00,2025-11-21T02:00:00,short,91831,87553,100,0.1,9183.1,100.0,427.8,417.69,35085.96,0.42,4278,4.66,0,0.0,15259.29,1281780.36,15.26,918.31,0.1,10,5.0,0.01,0,0.0,10.11,92203
302,BUY_B,ST_FLIP_RED,2025-11-21T02:00:00,2025-11-21T04:00:00,long,87553,87553,100,0.1,8755.3,100.0,0.0,-10.11,-849.24,-0.01,0,0.0,0,0.0,15249.18,1280931.12,15.25,875.53,0.1,10,5.0,0.01,0,0.0,10.11,87181
303,SELL_A,ST_FLIP_GREEN,2025-11-21T06:00:00,2025-11-21T18:00:00,short,86995,81601,100,0.1,8699.5,100.0,539.4,529.29,44460.36,0.53,5394,6.2,0,0.0,15778.47,1325391.48,15.78,869.95,0.1,10,5.0,0.01,0,0.0,10.11,87367
304,BUY_B,ST_FLIP_RED,2025-11-21T18:00:00,2025-11-21T20:00:00,long,81601,83275,100,0.1,8160.1,100.0,167.4,157.29,13212.36,0.16,1674,2.05,0,0.0,15935.76,1338603.84,15.94,816.01,0.1,10,5.0,0.01,0,0.0,10.11,81229
305,SELL_A,ST_FLIP_GREEN,2025-11-21T20:00:00,2025-11-21T22:00:00,short,83275,83647,100,0.1,8327.5,100.0,-37.2,-47.31,-3974.04,-0.05,0,0.0,372,0.45,15888.45,1334629.8,15.89,832.75,0.1,10,5.0,0.01,0,0.0,10.11,83647
306,BUY_A,ST_FLIP_RED,2025-11-21T22:00:00,2025-11-22T00:00:00,long,83833,83647,100,0.1,8383.3,100.0,-18.6,-28.71,-2411.64,-0.03,0,0.0,186,0.22,15859.74,1332218.16,15.86,838.33,0.1,10,5.0,0.01,0,0.0,10.11,83461
307,SELL_A,ST_FLIP_GREEN,2025-11-22T00:00:00,2025-11-22T02:00:00,short,83647,84019,100,0.1,8364.7,100.0,-37.2,-47.31,-3974.04,-0.05,0,0.0,372,0.44,15812.43,1328244.12,15.81,836.47,0.1,10,5.0,0.01,0,0.0,10.11,84019
308,BUY_A,ST_FLIP_RED,2025-11-22T02:00:00,2025-11-22T08:00:00,long,84205,84391,100,0.1,8420.5,100.0,18.6,8.49,713.16,0.01,186,0.22,0,0.0,15820.92,1328957.28,15.82,842.05,0.1,10,5.0,0.01,0,0.0,10.11,83833
309,SELL_A,ST_FLIP_GREEN,2025-11-22T08:00:00,2025-11-22T10:00:00,short,84391,84391,100,0.1,8439.1,100.0,0.0,-10.11,-849.24,-0.01,0,0.0,0,0.0,15810.81,1328108.04,15.81,843.91,0.1,10,5.0,0.01,0,0.0,10.11,84763
310,BUY_A,ST_FLIP_RED,2025-11-22T10:00:00,2025-11-22T12:00:00,long,84577,84019,100,0.1,8457.7,100.0,-55.8,-65.91,-5536.44,-0.07,0,0.0,558,0.66,15744.9,1322571.6,15.74,845.77,0.1,10,5.0,0.01,0,0.0,10.11,84205
311,SELL_B,ST_FLIP_GREEN,2025-11-22T12:00:00,2025-11-22T18:00:00,short,84019,84205,100,0.1,8401.9,100.0,-18.6,-28.71,-2411.64,-0.03,0,0.0,186,0.22,15716.19,1320159.96,15.72,840.19,0.1,10,5.0,0.01,0,0.0,10.11,84391
312,BUY_A,ST_FLIP_RED,2025-11-22T18:00:00,2025-11-23T12:00:00,long,84391,85879,100,0.1,8439.1,100.0,148.8,138.69,11649.96,0.14,1488,1.76,0,0.0,15854.88,1331809.92,15.85,843.91,0.1,10,5.0,0.01,0,0.0,10.11,84019
313,SELL_A,ST_FLIP_GREEN,2025-11-23T12:00:00,2025-11-23T16:00:00,short,85879,86437,100,0.1,8587.9,100.0,-55.8,-65.91,-5536.44,-0.07,0,0.0,558,0.65,15788.97,1326273.48,15.79,858.79,0.1,10,5.0,0.01,0,0.0,10.11,86251
314,BUY_A,ST_FLIP_RED,2025-11-23T16:00:00,2025-11-24T04:00:00,long,86809,87181,100,0.1,8680.9,100.0,37.2,27.09,2275.56,0.03,372,0.43,0,0.0,15816.06,1328549.04,15.82,868.09,0.1,10,5.0,0.01,0,0.0,10.11,86437
315,SELL_B,ST_FLIP_GREEN,2025-11-24T04:00:00,2025-11-24T06:00:00,short,87181,86809,100,0.1,8718.1,100.0,37.2,27.09,2275.56,0.03,372,0.43,0,0.0,15843.15,1330824.6,15.84,871.81,0.1,10,5.0,0.01,0,0.0,10.11,87553
316,BUY_A,ST_FLIP_RED,2025-11-24T06:00:00,2025-11-24T08:00:00,long,87181,87181,100,0.1,8718.1,100.0,0.0,-10.11,-849.24,-0.01,0,0.0,0,0.0,15833.04,1329975.36,15.83,871.81,0.1,10,5.0,0.01,0,0.0,10.11,86809
317,SELL_A,ST_FLIP_GREEN,2025-11-24T08:00:00,2025-11-24T10:00:00,short,87181,86995,100,0.1,8718.1,100.0,18.6,8.49,713.16,0.01,186,0.21,0,0.0,15841.53,1330688.52,15.84,871.81,0.1,10,5.0,0.01,0,0.0,10.11,87553
318,BUY_A,ST_FLIP_RED,2025-11-24T10:00:00,2025-11-24T12:00:00,long,87181,86623,100,0.1,8718.1,100.0,-55.8,-65.91,-5536.44,-0.07,0,0.0,558,0.64,15775.62,1325152.08,15.78,871.81,0.1,10,5.0,0.01,0,0.0,10.11,86809
319,SELL_B,ST_FLIP_GREEN,2025-11-24T12:00:00,2025-11-24T20:00:00,short,86623,86437,100,0.1,8662.3,100.0,18.6,8.49,713.16,0.01,186,0.21,0,0.0,15784.11,1325865.24,15.78,866.23,0.1,10,5.0,0.01,0,0.0,10.11,86995
320,BUY_A,ST_FLIP_RED,2025-11-24T20:00:00,2025-11-25T04:00:00,long,86437,88111,100,0.1,8643.7,100.0,167.4,157.29,13212.36,0.16,1674,1.94,0,0.0,15941.4,1339077.6,15.94,864.37,0.1,10,5.0,0.01,0,0.0,10.11,86065
321,SELL_A,ST_FLIP_GREEN,2025-11-25T04:00:00,2025-11-25T22:00:00,short,88111,87739,100,0.1,8811.1,100.0,37.2,27.09,2275.56,0.03,372,0.42,0,0.0,15968.49,1341353.16,15.97,881.11,0.1,10,5.0,0.01,0,0.0,10.11,88483
322,SELL_B,ST_FLIP_GREEN,2025-11-26T00:00:00,2025-11-26T04:00:00,short,87181,87553,100,0.1,8718.1,100.0,-37.2,-47.31,-3974.04,-0.05,0,0.0,372,0.43,15921.18,1337379.12,15.92,871.81,0.1,10,5.0,0.01,0,0.0,10.11,87553
323,BUY_A,ST_FLIP_RED,2025-11-26T04:00:00,2025-11-26T08:00:00,long,87553,87181,100,0.1,8755.3,100.0,-37.2,-47.31,-3974.04,-0.05,0,0.0,372,0.42,15873.87,1333405.08,15.87,875.53,0.1,10,5.0,0.01,0,0.0,10.11,87181
324,SELL_A,ST_FLIP_GREEN,2025-11-26T08:00:00,2025-11-26T18:00:00,short,87181,87181,100,0.1,8718.1,100.0,0.0,-10.11,-849.24,-0.01,0,0.0,0,0.0,15863.76,1332555.84,15.86,871.81,0.1,10,5.0,0.01,0,0.0,10.11,87553
325,BUY_A,ST_FLIP_RED,2025-11-26T18:00:00,2025-11-27T18:00:00,long,87181,90901,100,0.1,8718.1,100.0,372.0,361.89,30398.76,0.36,3720,4.27,0,0.0,16225.65,1362954.6,16.23,871.81,0.1,10,5.0,0.01,0,0.0,10.11,86809
326,SELL_B,ST_FLIP_GREEN,2025-11-27T18:00:00,2025-11-27T22:00:00,short,90901,91459,100,0.1,9090.1,100.0,-55.8,-65.91,-5536.44,-0.07,0,0.0,558,0.61,16159.74,1357418.16,16.16,909.01,0.1,10,5.0,0.01,0,0.0,10.11,91273
327,SELL_B,ST_FLIP_GREEN,2025-11-28T06:00:00,2025-11-28T08:00:00,short,90715,91087,100,0.1,9071.5,100.0,-37.2,-47.31,-3974.04,-0.05,0,0.0,372,0.41,16112.43,1353444.12,16.11,907.15,0.1,10,5.0,0.01,0,0.0,10.11,91087
328,BUY_A,ST_FLIP_RED,2025-11-28T08:00:00,2025-11-28T20:00:00,long,91459,92203,100,0.1,9145.9,100.0,74.4,64.29,5400.36,0.06,744,0.81,0,0.0,16176.72,1358844.48,16.18,914.59,0.1,10,5.0,0.01,0,0.0,10.11,91087
329,SELL_A,ST_FLIP_GREEN,2025-11-28T20:00:00,2025-11-30T04:00:00,short,92203,90901,100,0.1,9220.3,100.0,130.2,120.09,10087.56,0.12,1302,1.41,0,0.0,16296.81,1368932.04,16.3,922.03,0.1,10,5.0,0.01,0,0.0,10.11,92575
330,BUY_A,ST_FLIP_RED,2025-11-30T12:00:00,2025-12-01T02:00:00,long,91087,91087,100,0.1,9108.7,100.0,0.0,-10.11,-849.24,-0.01,0,0.0,0,0.0,16286.7,1368082.8,16.29,910.87,0.1,10,5.0,0.01,0,0.0,10.11,90715
331,SELL_A,ST_FLIP_GREEN,2025-12-01T04:00:00,2025-12-01T12:00:00,short,90901,86437,100,0.1,9090.1,100.0,446.4,436.29,36648.36,0.44,4464,4.91,0,0.0,16722.99,1404731.16,16.72,909.01,0.1,10,5.0,0.01,0,0.0,10.11,91273
332,BUY_B,ST_FLIP_RED,2025-12-01T12:00:00,2025-12-01T16:00:00,long,86437,86065,100,0.1,8643.7,100.0,-37.2,-47.31,-3974.04,-0.05,0,0.0,372,0.43,16675.68,1400757.12,16.68,864.37,0.1,10,5.0,0.01,0,0.0,10.11,86065
333,BUY_B,ST_FLIP_RED,2025-12-01T18:00:00,2025-12-01T20:00:00,long,86251,85507,100,0.1,8625.1,100.0,-74.4,-84.51,-7098.84,-0.08,0,0.0,744,0.86,16591.17,1393658.28,16.59,862.51,0.1,10,5.0,0.01,0,0.0,10.11,85879
334,SELL_A,ST_FLIP_GREEN,2025-12-01T20:00:00,2025-12-01T22:00:00,short,85321,84949,100,0.1,8532.1,100.0,37.2,27.09,2275.56,0.03,372,0.44,0,0.0,16618.26,1395933.84,16.62,853.21,0.1,10,5.0,0.01,0,0.0,10.11,85693
335,BUY_B,ST_FLIP_RED,2025-12-01T22:00:00,2025-12-03T00:00:00,long,84949,91273,100,0.1,8494.9,100.0,632.4,622.29,52272.36,0.62,6324,7.44,0,0.0,17240.55,1448206.2,17.24,849.49,0.1,10,5.0,0.01,0,0.0,10.11,84577
336,SELL_B,ST_FLIP_GREEN,2025-12-03T00:00:00,2025-12-03T02:00:00,short,91273,91459,100,0.1,9127.3,100.0,-18.6,-28.71,-2411.64,-0.03,0,0.0,186,0.2,17211.84,1445794.56,17.21,912.73,0.1,10,5.0,0.01,0,0.0,10.11,91645
337,SELL_B,ST_FLIP_GREEN,2025-12-03T04:00:00,2025-12-03T06:00:00,short,91087,91831,100,0.1,9108.7,100.0,-74.4,-84.51,-7098.84,-0.08,0,0.0,744,0.82,17127.33,1438695.72,17.13,910.87,0.1,10,5.0,0.01,0,0.0,10.11,91459
338,BUY_A,ST_FLIP_RED,2025-12-03T06:00:00,2025-12-03T12:00:00,long,92017,93319,100,0.1,9201.7,100.0,130.2,120.09,10087.56,0.12,1302,1.41,0,0.0,17247.42,1448783.28,17.25,920.17,0.1,10,5.0,0.01,0,0.0,10.11,91645
339,SELL_B,ST_FLIP_GREEN,2025-12-03T12:00:00,2025-12-03T14:00:00,short,93319,93319,100,0.1,9331.9,100.0,0.0,-10.11,-849.24,-0.01,0,0.0,0,0.0,17237.31,1447934.04,17.24,933.19,0.1,10,5.0,0.01,0,0.0,10.11,93691
340,SELL_B,ST_FLIP_GREEN,2025-12-03T16:00:00,2025-12-03T22:00:00,short,92761,92947,100,0.1,9276.1,100.0,-18.6,-28.71,-2411.64,-0.03,0,0.0,186,0.2,17208.6,1445522.4,17.21,927.61,0.1,10,5.0,0.01,0,0.0,10.11,93133
341,BUY_A,ST_FLIP_RED,2025-12-03T22:00:00,2025-12-04T04:00:00,long,93133,92761,100,0.1,9313.3,100.0,-37.2,-47.31,-3974.04,-0.05,0,0.0,372,0.4,17161.29,1441548.36,17.16,931.33,0.1,10,5.0,0.01,0,0.0,10.11,92761
342,SELL_A,ST_FLIP_GREEN,2025-12-04T04:00:00,2025-12-04T06:00:00,short,92761,93505,100,0.1,9276.1,100.0,-74.4,-84.51,-7098.84,-0.08,0,0.0,744,0.8,17076.78,1434449.52,17.08,927.61,0.1,10,5.0,0.01,0,0.0,10.11,93133
343,BUY_B,ST_FLIP_RED,2025-12-04T06:00:00,2025-12-04T08:00:00,long,93505,93319,100,0.1,9350.5,100.0,-18.6,-28.71,-2411.64,-0.03,0,0.0,186,0.2,17048.07,1432037.88,17.05,935.05,0.1,10,5.0,0.01,0,0.0,10.11,93133
344,SELL_A,ST_FLIP_GREEN,2025-12-04T08:00:00,2025-12-05T06:00:00,short,93319,92575,100,0.1,9331.9,100.0,74.4,64.29,5400.36,0.06,744,0.8,0,0.0,17112.36,1437438.24,17.11,933.19,0.1,10,5.0,0.01,0,0.0,10.11,93691
345,SELL_B,ST_FLIP_GREEN,2025-12-05T08:00:00,2025-12-06T00:00:00,short,92017,89599,100,0.1,9201.7,100.0,241.8,231.69,19461.96,0.23,2418,2.63,0,0.0,17344.05,1456900.2,17.34,920.17,0.1,10,5.0,0.01,0,0.0,10.11,92389
346,BUY_B,ST_FLIP_RED,2025-12-06T00:00:00,2025-12-06T02:00:00,long,89599,89041,100,0.1,8959.9,100.0,-55.8,-65.91,-5536.44,-0.07,0,0.0,558,0.62,17278.14,1451363.76,17.28,895.99,0.1,10,5.0,0.01,0,0.0,10.11,89227
347,BUY_B,ST_FLIP_RED,2025-12-06T18:00:00,2025-12-07T18:00:00,long,89785,89041,100,0.1,8978.5,100.0,-74.4,-84.51,-7098.84,-0.08,0,0.0,744,0.83,17193.63,1444264.92,17.19,897.85,0.1,10,5.0,0.01,0,0.0,10.11,89413
348,SELL_A,ST_FLIP_GREEN,2025-12-07T18:00:00,2025-12-07T20:00:00,short,89041,88483,100,0.1,8904.1,100.0,55.8,45.69,3837.96,0.05,558,0.63,0,0.0,17239.32,1448102.88,17.24,890.41,0.1,10,5.0,0.01,0,0.0,10.11,89413
349,BUY_A,ST_FLIP_RED,2025-12-07T20:00:00,2025-12-08T02:00:00,long,88483,90901,100,0.1,8848.3,100.0,241.8,231.69,19461.96,0.23,2418,2.73,0,0.0,17471.01,1467564.84,17.47,884.83,0.1,10,5.0,0.01,0,0.0,10.11,88111
350,SELL_A,ST_FLIP_GREEN,2025-12-08T02:00:00,2025-12-08T04:00:00,short,90901,90157,100,0.1,9090.1,100.0,74.4,64.29,5400.36,0.06,744,0.82,0,0.0,17535.3,1472965.2,17.54,909.01,0.1,10,5.0,0.01,0,0.0,10.11,91273
351,BUY_A,ST_FLIP_RED,2025-12-08T04:00:00,2025-12-08T18:00:00,long,90343,91273,100,0.1,9034.3,100.0,93.0,82.89,6962.76,0.08,930,1.03,0,0.0,17618.19,1479927.96,17.62,903.43,0.1,10,5.0,0.01,0,0.0,10.11,89971
352,SELL_A,ST_FLIP_GREEN,2025-12-08T18:00:00,2025-12-09T02:00:00,short,91273,90715,100,0.1,9127.3,100.0,55.8,45.69,3837.96,0.05,558,0.61,0,0.0,17663.88,1483765.92,17.66,912.73,0.1,10,5.0,0.01,0,0.0,10.11,91645
353,BUY_A,ST_FLIP_RED,2025-12-09T02:00:00,2025-12-09T04:00:00,long,90901,90529,100,0.1,9090.1,100.0,-37.2,-47.31,-3974.04,-0.05,0,0.0,372,0.41,17616.57,1479791.88,17.62,909.01,0.1,10,5.0,0.01,0,0.0,10.11,90529
354,SELL_A,ST_FLIP_GREEN,2025-12-09T04:00:00,2025-12-09T12:00:00,short,90529,90529,100,0.1,9052.9,100.0,0.0,-10.11,-849.24,-0.01,0,0.0,0,0.0,17606.46,1478942.64,17.61,905.29,0.1,10,5.0,0.01,0,0.0,10.11,90901
355,BUY_A,ST_FLIP_RED,2025-12-09T12:00:00,2025-12-10T00:00:00,long,90529,93505,100,0.1,9052.9,100.0,297.6,287.49,24149.16,0.29,2976,3.29,0,0.0,17893.95,1503091.8,17.89,905.29,0.1,10,5.0,0.01,0,0.0,10.11,90157
356,SELL_B,ST_FLIP_GREEN,2025-12-10T00:00:00,2025-12-10T20:00:00,short,93505,92575,100,0.1,9350.5,100.0,93.0,82.89,6962.76,0.08,930,0.99,0,0.0,17976.84,1510054.56,17.98,935.05,0.1,10,5.0,0.01,0,0.0,10.11,93877
357,BUY_A,ST_FLIP_RED,2025-12-11T00:00:00,2025-12-11T02:00:00,long,92761,92947,100,0.1,9276.1,100.0,18.6,8.49,713.16,0.01,186,0.2,0,0.0,17985.33,1510767.72,17.99,927.61,0.1,10,5.0,0.01,0,0.0,10.11,92389
358,SELL_A,ST_FLIP_GREEN,2025-12-11T02:00:00,2025-12-11T22:00:00,short,92761,90157,100,0.1,9276.1,100.0,260.4,250.29,21024.36,0.25,2604,2.81,0,0.0,18235.62,1531792.08,18.24,927.61,0.1,10,5.0,0.01,0,0.0,10.11,93133
359,BUY_B,ST_FLIP_RED,2025-12-11T22:00:00,2025-12-12T20:00:00,long,90157,91831,100,0.1,9015.7,100.0,167.4,157.29,13212.36,0.16,1674,1.86,0,0.0,18392.91,1545004.44,18.39,901.57,0.1,10,5.0,0.01,0,0.0,10.11,89785
360,SELL_A,ST_FLIP_GREEN,2025-12-12T20:00:00,2025-12-15T06:00:00,short,91831,89041,100,0.1,9183.1,100.0,279.0,268.89,22586.76,0.27,2790,3.04,0,0.0,18661.8,1567591.2,18.66,918.31,0.1,10,5.0,0.01,0,0.0,10.11,92203
361,BUY_B,ST_FLIP_RED,2025-12-15T06:00:00,2025-12-15T08:00:00,long,89041,89227,100,0.1,8904.1,100.0,18.6,8.49,713.16,0.01,186,0.21,0,0.0,18670.29,1568304.36,18.67,890.41,0.1,10,5.0,0.01,0,0.0,10.11,88669
362,BUY_B,ST_FLIP_RED,2025-12-15T12:00:00,2025-12-15T16:00:00,long,89785,89413,100,0.1,8978.5,100.0,-37.2,-47.31,-3974.04,-0.05,0,0.0,372,0.41,18622.98,1564330.32,18.62,897.85,0.1,10,5.0,0.01,0,0.0,10.11,89413
363,SELL_A,ST_FLIP_GREEN,2025-12-15T20:00:00,2025-12-16T04:00:00,short,89227,86251,100,0.1,8922.7,100.0,297.6,287.49,24149.16,0.29,2976,3.34,0,0.0,18910.47,1588479.48,18.91,892.27,0.1,10,5.0,0.01,0,0.0,10.11,89599
364,BUY_B,ST_FLIP_RED,2025-12-16T04:00:00,2025-12-16T08:00:00,long,86251,85879,100,0.1,8625.1,100.0,-37.2,-47.31,-3974.04,-0.05,0,0.0,372,0.43,18863.16,1584505.44,18.86,862.51,0.1,10,5.0,0.01,0,0.0,10.11,85879
365,BUY_B,ST_FLIP_RED,2025-12-16T10:00:00,2025-12-16T22:00:00,long,86065,87181,100,0.1,8606.5,100.0,111.6,101.49,8525.16,0.1,1116,1.3,0,0.0,18964.65,1593030.6,18.96,860.65,0.1,10,5.0,0.01,0,0.0,10.11,85693
366,BUY_B,ST_FLIP_RED,2025-12-17T02:00:00,2025-12-17T04:00:00,long,87739,87367,100,0.1,8773.9,100.0,-37.2,-47.31,-3974.04,-0.05,0,0.0,372,0.42,18917.34,1589056.56,18.92,877.39,0.1,10,5.0,0.01,0,0.0,10.11,87367
367,SELL_B,ST_FLIP_GREEN,2025-12-17T04:00:00,2025-12-17T16:00:00,short,87367,87181,100,0.1,8736.7,100.0,18.6,8.49,713.16,0.01,186,0.21,0,0.0,18925.83,1589769.72,18.93,873.67,0.1,10,5.0,0.01,0,0.0,10.11,87739
368,BUY_A,ST_FLIP_RED,2025-12-17T18:00:00,2025-12-17T20:00:00,long,87367,86995,100,0.1,8736.7,100.0,-37.2,-47.31,-3974.04,-0.05,0,0.0,372,0.43,18878.52,1585795.68,18.88,873.67,0.1,10,5.0,0.01,0,0.0,10.11,86995
369,SELL_A,ST_FLIP_GREEN,2025-12-17T20:00:00,2025-12-18T08:00:00,short,86995,86809,100,0.1,8699.5,100.0,18.6,8.49,713.16,0.01,186,0.21,0,0.0,18887.01,1586508.84,18.89,869.95,0.1,10,5.0,0.01,0,0.0,10.11,87367
370,BUY_A,ST_FLIP_RED,2025-12-18T08:00:00,2025-12-18T10:00:00,long,86809,86251,100,0.1,8680.9,100.0,-55.8,-65.91,-5536.44,-0.07,0,0.0,558,0.64,18821.1,1580972.4,18.82,868.09,0.1,10,5.0,0.01,0,0.0,10.11,86437
371,SELL_B,ST_FLIP_GREEN,2025-12-18T10:00:00,2025-12-18T12:00:00,short,86251,86995,100,0.1,8625.1,100.0,-74.4,-84.51,-7098.84,-0.08,0,0.0,744,0.86,18736.59,1573873.56,18.74,862.51,0.1,10,5.0,0.01,0,0.0,10.11,86623
372,BUY_B,ST_FLIP_RED,2025-12-18T12:00:00,2025-12-18T20:00:00,long,86995,87925,100,0.1,8699.5,100.0,93.0,82.89,6962.76,0.08,930,1.07,0,0.0,18819.48,1580836.32,18.82,869.95,0.1,10,5.0,0.01,0,0.0,10.11,86623
373,SELL_A,ST_FLIP_GREEN,2025-12-18T20:00:00,2025-12-19T02:00:00,short,87925,85507,100,0.1,8792.5,100.0,241.8,231.69,19461.96,0.23,2418,2.75,0,0.0,19051.17,1600298.28,19.05,879.25,0.1,10,5.0,0.01,0,0.0,10.11,88297
374,BUY_A,ST_FLIP_RED,2025-12-19T02:00:00,2025-12-19T22:00:00,long,85507,87739,100,0.1,8550.7,100.0,223.2,213.09,17899.56,0.21,2232,2.61,0,0.0,19264.26,1618197.84,19.26,855.07,0.1,10,5.0,0.01,0,0.0,10.11,85135
375,SELL_A,ST_FLIP_GREEN,2025-12-19T22:00:00,2025-12-20T00:00:00,short,87739,87739,100,0.1,8773.9,100.0,0.0,-10.11,-849.24,-0.01,0,0.0,0,0.0,19254.15,1617348.6,19.25,877.39,0.1,10,5.0,0.01,0,0.0,10.11,88111
376,BUY_A,ST_FLIP_RED,2025-12-20T00:00:00,2025-12-21T18:00:00,long,88111,88111,100,0.1,8811.1,100.0,0.0,-10.11,-849.24,-0.01,0,0.0,0,0.0,19244.04,1616499.36,19.24,881.11,0.1,10,5.0,0.01,0,0.0,10.11,87739
377,SELL_A,ST_FLIP_GREEN,2025-12-21T18:00:00,2025-12-21T20:00:00,short,88111,88297,100,0.1,8811.1,100.0,-18.6,-28.71,-2411.64,-0.03,0,0.0,186,0.21,19215.33,1614087.72,19.22,881.11,0.1,10,5.0,0.01,0,0.0,10.11,88483
378,BUY_A,ST_FLIP_RED,2025-12-22T04:00:00,2025-12-22T06:00:00,long,88483,88297,100,0.1,8848.3,100.0,-18.6,-28.71,-2411.64,-0.03,0,0.0,186,0.21,19186.62,1611676.08,19.19,884.83,0.1,10,5.0,0.01,0,0.0,10.11,88111
379,SELL_A,ST_FLIP_GREEN,2025-12-22T06:00:00,2025-12-22T08:00:00,short,88297,88669,100,0.1,8829.7,100.0,-37.2,-47.31,-3974.04,-0.05,0,0.0,372,0.42,19139.31,1607702.04,19.14,882.97,0.1,10,5.0,0.01,0,0.0,10.11,88669
380,BUY_A,ST_FLIP_RED,2025-12-22T08:00:00,2025-12-22T22:00:00,long,88855,89599,100,0.1,8885.5,100.0,74.4,64.29,5400.36,0.06,744,0.84,0,0.0,19203.6,1613102.4,19.2,888.55,0.1,10,5.0,0.01,0,0.0,10.11,88483
381,SELL_A,ST_FLIP_GREEN,2025-12-22T22:00:00,2025-12-23T04:00:00,short,89599,88669,100,0.1,8959.9,100.0,93.0,82.89,6962.76,0.08,930,1.04,0,0.0,19286.49,1620065.16,19.29,895.99,0.1,10,5.0,0.01,0,0.0,10.11,89971
382,SELL_B,ST_FLIP_GREEN,2025-12-23T08:00:00,2025-12-23T12:00:00,short,88111,87739,100,0.1,8811.1,100.0,37.2,27.09,2275.56,0.03,372,0.42,0,0.0,19313.58,1622340.72,19.31,881.11,0.1,10,5.0,0.01,0,0.0,10.11,88483
383,BUY_A,ST_FLIP_RED,2025-12-23T12:00:00,2025-12-24T04:00:00,long,87739,87181,100,0.1,8773.9,100.0,-55.8,-65.91,-5536.44,-0.07,0,0.0,558,0.64,19247.67,1616804.28,19.25,877.39,0.1,10,5.0,0.01,0,0.0,10.11,87367
384,SELL_A,ST_FLIP_GREEN,2025-12-24T10:00:00,2025-12-24T22:00:00,short,86995,87553,100,0.1,8699.5,100.0,-55.8,-65.91,-5536.44,-0.07,0,0.0,558,0.64,19181.76,1611267.84,19.18,869.95,0.1,10,5.0,0.01,0,0.0,10.11,87367
385,BUY_B,ST_FLIP_RED,2025-12-24T22:00:00,2025-12-26T00:00:00,long,87553,87739,100,0.1,8755.3,100.0,18.6,8.49,713.16,0.01,186,0.21,0,0.0,19190.25,1611981.0,19.19,875.53,0.1,10,5.0,0.01,0,0.0,10.11,87181
386,SELL_A,ST_FLIP_GREEN,2025-12-26T00:00:00,2025-12-26T06:00:00,short,87553,87739,100,0.1,8755.3,100.0,-18.6,-28.71,-2411.64,-0.03,0,0.0,186,0.21,19161.54,1609569.36,19.16,875.53,0.1,10,5.0,0.01,0,0.0,10.11,87925
387,BUY_A,ST_FLIP_RED,2025-12-26T06:00:00,2025-12-26T20:00:00,long,87739,88483,100,0.1,8773.9,100.0,74.4,64.29,5400.36,0.06,744,0.85,0,0.0,19225.83,1614969.72,19.23,877.39,0.1,10,5.0,0.01,0,0.0,10.11,87367
388,SELL_A,ST_FLIP_GREEN,2025-12-26T20:00:00,2025-12-27T00:00:00,short,88483,87739,100,0.1,8848.3,100.0,74.4,64.29,5400.36,0.06,744,0.84,0,0.0,19290.12,1620370.08,19.29,884.83,0.1,10,5.0,0.01,0,0.0,10.11,88855
389,SELL_B,ST_FLIP_GREEN,2025-12-27T04:00:00,2025-12-28T14:00:00,short,87181,87925,100,0.1,8718.1,100.0,-74.4,-84.51,-7098.84,-0.08,0,0.0,744,0.85,19205.61,1613271.24,19.21,871.81,0.1,10,5.0,0.01,0,0.0,10.11,87553
390,BUY_B,ST_FLIP_RED,2025-12-28T14:00:00,2025-12-29T14:00:00,long,87925,89413,100,0.1,8792.5,100.0,148.8,138.69,11649.96,0.14,1488,1.69,0,0.0,19344.3,1624921.2,19.34,879.25,0.1,10,5.0,0.01,0,0.0,10.11,87553
391,SELL_A,ST_FLIP_GREEN,2025-12-29T14:00:00,2025-12-30T12:00:00,short,89413,87925,100,0.1,8941.3,100.0,148.8,138.69,11649.96,0.14,1488,1.66,0,0.0,19482.99,1636571.16,19.48,894.13,0.1,10,5.0,0.01,0,0.0,10.11,89785
392,BUY_A,ST_FLIP_RED,2025-12-30T12:00:00,2025-12-30T22:00:00,long,87925,88483,100,0.1,8792.5,100.0,55.8,45.69,3837.96,0.05,558,0.63,0,0.0,19528.68,1640409.12,19.53,879.25,0.1,10,5.0,0.01,0,0.0,10.11,87553
393,SELL_A,ST_FLIP_GREEN,2025-12-30T22:00:00,2025-12-31T06:00:00,short,88297,88669,100,0.1,8829.7,100.0,-37.2,-47.31,-3974.04,-0.05,0,0.0,372,0.42,19481.37,1636435.08,19.48,882.97,0.1,10,5.0,0.01,0,0.0,10.11,88669
394,BUY_A,ST_FLIP_RED,2025-12-31T06:00:00,2025-12-31T20:00:00,long,88669,88297,100,0.1,8866.9,100.0,-37.2,-47.31,-3974.04,-0.05,0,0.0,372,0.42,19434.06,1632461.04,19.43,886.69,0.1,10,5.0,0.01,0,0.0,10.11,88297
395,SELL_A,ST_FLIP_GREEN,2025-12-31T20:00:00,2026-01-01T06:00:00,short,88297,88111,100,0.1,8829.7,100.0,18.6,8.49,713.16,0.01,186,0.21,0,0.0,19442.55,1633174.2,19.44,882.97,0.1,10,5.0,0.01,0,0.0,10.11,88669
396,BUY_A,ST_FLIP_RED,2026-01-01T06:00:00,2026-01-01T08:00:00,long,88111,87553,100,0.1,8811.1,100.0,-55.8,-65.91,-5536.44,-0.07,0,0.0,558,0.63,19376.64,1627637.76,19.38,881.11,0.1,10,5.0,0.01,0,0.0,10.11,87739
397,SELL_B,ST_FLIP_GREEN,2026-01-01T08:00:00,2026-01-02T00:00:00,short,87553,88297,100,0.1,8755.3,100.0,-74.4,-84.51,-7098.84,-0.08,0,0.0,744,0.85,19292.13,1620538.92,19.29,875.53,0.1,10,5.0,0.01,0,0.0,10.11,87925
398,BUY_B,ST_FLIP_RED,2026-01-02T00:00:00,2026-01-02T18:00:00,long,88297,88855,100,0.1,8829.7,100.0,55.8,45.69,3837.96,0.05,558,0.63,0,0.0,19337.82,1624376.88,19.34,882.97,0.1,10,5.0,0.01,0,0.0,10.11,87925
399,SELL_A,ST_FLIP_GREEN,2026-01-02T18:00:00,2026-01-02T20:00:00,short,88855,89413,100,0.1,8885.5,100.0,-55.8,-65.91,-5536.44,-0.07,0,0.0,558,0.63,19271.91,1618840.44,19.27,888.55,0.1,10,5.0,0.01,0,0.0,10.11,89227
400,BUY_B,ST_FLIP_RED,2026-01-02T20:00:00,2026-01-03T12:00:00,long,89413,89599,100,0.1,8941.3,100.0,18.6,8.49,713.16,0.01,186,0.21,0,0.0,19280.4,1619553.6,19.28,894.13,0.1,10,5.0,0.01,0,0.0,10.11,89041
401,SELL_A,ST_FLIP_GREEN,2026-01-03T12:00:00,2026-01-03T18:00:00,short,89599,90157,100,0.1,8959.9,100.0,-55.8,-65.91,-5536.44,-0.07,0,0.0,558,0.62,19214.49,1614017.16,19.21,895.99,0.1,10,5.0,0.01,0,0.0,10.11,89971
402,BUY_A,ST_FLIP_RED,2026-01-03T18:00:00,2026-01-06T02:00:00,long,90343,94063,100,0.1,9034.3,100.0,372.0,361.89,30398.76,0.36,3720,4.12,0,0.0,19576.38,1644415.92,19.58,903.43,0.1,10,5.0,0.01,0,0.0,10.11,89971
403,SELL_B,ST_FLIP_GREEN,2026-01-06T02:00:00,2026-01-06T16:00:00,short,94063,93877,100,0.1,9406.3,100.0,18.6,8.49,713.16,0.01,186,0.2,0,0.0,19584.87,1645129.08,19.58,940.63,0.1,10,5.0,0.01,0,0.0,10.11,94435
404,SELL_B,ST_FLIP_GREEN,2026-01-06T20:00:00,2026-01-07T00:00:00,short,93691,92575,100,0.1,9369.1,100.0,111.6,101.49,8525.16,0.1,1116,1.19,0,0.0,19686.36,1653654.24,19.69,936.91,0.1,10,5.0,0.01,0,0.0,10.11,94063
405,BUY_A,ST_FLIP_RED,2026-01-07T00:00:00,2026-01-07T06:00:00,long,92575,92761,100,0.1,9257.5,100.0,18.6,8.49,713.16,0.01,186,0.2,0,0.0,19694.85,1654367.4,19.69,925.75,0.1,10,5.0,0.01,0,0.0,10.11,92203
406,SELL_A,ST_FLIP_GREEN,2026-01-07T06:00:00,2026-01-08T20:00:00,short,92575,90343,100,0.1,9257.5,100.0,223.2,213.09,17899.56,0.21,2232,2.41,0,0.0,19907.94,1672266.96,19.91,925.75,0.1,10,5.0,0.01,0,0.0,10.11,92947
407,BUY_B,ST_FLIP_RED,2026-01-08T20:00:00,2026-01-09T00:00:00,long,90343,90529,100,0.1,9034.3,100.0,18.6,8.49,713.16,0.01,186,0.21,0,0.0,19916.43,1672980.12,19.92,903.43,0.1,10,5.0,0.01,0,0.0,10.11,89971
408,BUY_B,ST_FLIP_RED,2026-01-09T02:00:00,2026-01-09T12:00:00,long,91087,90715,100,0.1,9108.7,100.0,-37.2,-47.31,-3974.04,-0.05,0,0.0,372,0.41,19869.12,1669006.08,19.87,910.87,0.1,10,5.0,0.01,0,0.0,10.11,90715
409,SELL_A,ST_FLIP_GREEN,2026-01-09T12:00:00,2026-01-09T20:00:00,short,90529,90901,100,0.1,9052.9,100.0,-37.2,-47.31,-3974.04,-0.05,0,0.0,372,0.41,19821.81,1665032.04,19.82,905.29,0.1,10,5.0,0.01,0,0.0,10.11,90901
410,BUY_A,ST_FLIP_RED,2026-01-09T20:00:00,2026-01-09T22:00:00,long,90901,90901,100,0.1,9090.1,100.0,0.0,-10.11,-849.24,-0.01,0,0.0,0,0.0,19811.7,1664182.8,19.81,909.01,0.1,10,5.0,0.01,0,0.0,10.11,90529
411,SELL_A,ST_FLIP_GREEN,2026-01-09T22:00:00,2026-01-11T18:00:00,short,90715,91087,100,0.1,9071.5,100.0,-37.2,-47.31,-3974.04,-0.05,0,0.0,372,0.41,19764.39,1660208.76,19.76,907.15,0.1,10,5.0,0.01,0,0.0,10.11,91087
412,BUY_A,ST_FLIP_RED,2026-01-11T18:00:00,2026-01-12T00:00:00,long,91087,90343,100,0.1,9108.7,100.0,-74.4,-84.51,-7098.84,-0.08,0,0.0,744,0.82,19679.88,1653109.92,19.68,910.87,0.1,10,5.0,0.01,0,0.0,10.11,90715
413,SELL_B,ST_FLIP_GREEN,2026-01-12T00:00:00,2026-01-12T04:00:00,short,90343,91087,100,0.1,9034.3,100.0,-74.4,-84.51,-7098.84,-0.08,0,0.0,744,0.82,19595.37,1646011.08,19.6,903.43,0.1,10,5.0,0.01,0,0.0,10.11,90715
414,BUY_B,ST_FLIP_RED,2026-01-12T04:00:00,2026-01-12T12:00:00,long,91087,91273,100,0.1,9108.7,100.0,18.6,8.49,713.16,0.01,186,0.2,0,0.0,19603.86,1646724.24,19.6,910.87,0.1,10,5.0,0.01,0,0.0,10.11,90715
415,SELL_A,ST_FLIP_GREEN,2026-01-12T14:00:00,2026-01-12T20:00:00,short,91087,90901,100,0.1,9108.7,100.0,18.6,8.49,713.16,0.01,186,0.2,0,0.0,19612.35,1647437.4,19.61,910.87,0.1,10,5.0,0.01,0,0.0,10.11,91459
416,BUY_A,ST_FLIP_RED,2026-01-12T20:00:00,2026-01-13T00:00:00,long,91087,91645,100,0.1,9108.7,100.0,55.8,45.69,3837.96,0.05,558,0.61,0,0.0,19658.04,1651275.36,19.66,910.87,0.1,10,5.0,0.01,0,0.0,10.11,90715
417,SELL_A,ST_FLIP_GREEN,2026-01-13T00:00:00,2026-01-13T10:00:00,short,91645,91831,100,0.1,9164.5,100.0,-18.6,-28.71,-2411.64,-0.03,0,0.0,186,0.2,19629.33,1648863.72,19.63,916.45,0.1,10,5.0,0.01,0,0.0,10.11,92017
418,BUY_A,ST_FLIP_RED,2026-01-13T10:00:00,2026-01-14T10:00:00,long,92017,94807,100,0.1,9201.7,100.0,279.0,268.89,22586.76,0.27,2790,3.03,0,0.0,19898.22,1671450.48,19.9,920.17,0.1,10,5.0,0.01,0,0.0,10.11,91645
419,SELL_B,ST_FLIP_GREEN,2026-01-14T10:00:00,2026-01-14T12:00:00,short,94807,95179,100,0.1,9480.7,100.0,-37.2,-47.31,-3974.04,-0.05,0,0.0,372,0.39,19850.91,1667476.44,19.85,948.07,0.1,10,5.0,0.01,0,0.0,10.11,95179
420,BUY_A,ST_FLIP_RED,2026-01-14T20:00:00,2026-01-15T04:00:00,long,95737,96667,100,0.1,9573.7,100.0,93.0,82.89,6962.76,0.08,930,0.97,0,0.0,19933.8,1674439.2,19.93,957.37,0.1,10,5.0,0.01,0,0.0,10.11,95365
421,SELL_B,ST_FLIP_GREEN,2026-01-15T04:00:00,2026-01-15T14:00:00,short,96667,96853,100,0.1,9666.7,100.0,-18.6,-28.71,-2411.64,-0.03,0,0.0,186,0.19,19905.09,1672027.56,19.91,966.67,0.1,10,5.0,0.01,0,0.0,10.11,97039
422,SELL_B,ST_FLIP_GREEN,2026-01-15T20:00:00,2026-01-16T02:00:00,short,96295,95737,100,0.1,9629.5,100.0,55.8,45.69,3837.96,0.05,558,0.58,0,0.0,19950.78,1675865.52,19.95,962.95,0.1,10,5.0,0.01,0,0.0,10.11,96667
423,SELL_B,ST_FLIP_GREEN,2026-01-16T20:00:00,2026-01-17T02:00:00,short,95179,95365,100,0.1,9517.9,100.0,-18.6,-28.71,-2411.64,-0.03,0,0.0,186,0.2,19922.07,1673453.88,19.92,951.79,0.1,10,5.0,0.01,0,0.0,10.11,95551
424,BUY_A,ST_FLIP_RED,2026-01-17T02:00:00,2026-01-19T04:00:00,long,95365,94621,100,0.1,9536.5,100.0,-74.4,-84.51,-7098.84,-0.08,0,0.0,744,0.78,19837.56,1666355.04,19.84,953.65,0.1,10,5.0,0.01,0,0.0,10.11,94993
425,SELL_A,ST_FLIP_GREEN,2026-01-19T04:00:00,2026-01-19T14:00:00,short,94621,93133,100,0.1,9462.1,100.0,148.8,138.69,11649.96,0.14,1488,1.57,0,0.0,19976.25,1678005.0,19.98,946.21,0.1,10,5.0,0.01,0,0.0,10.11,94993
426,BUY_A,ST_FLIP_RED,2026-01-19T14:00:00,2026-01-20T04:00:00,long,93133,92575,100,0.1,9313.3,100.0,-55.8,-65.91,-5536.44,-0.07,0,0.0,558,0.6,19910.34,1672468.56,19.91,931.33,0.1,10,5.0,0.01,0,0.0,10.11,92761
427,SELL_A,ST_FLIP_GREEN,2026-01-20T10:00:00,2026-01-21T06:00:00,short,92203,89227,100,0.1,9220.3,100.0,297.6,287.49,24149.16,0.29,2976,3.23,0,0.0,20197.83,1696617.72,20.2,922.03,0.1,10,5.0,0.01,0,0.0,10.11,92575
428,BUY_B,ST_FLIP_RED,2026-01-21T06:00:00,2026-01-21T12:00:00,long,89227,89227,100,0.1,8922.7,100.0,0.0,-10.11,-849.24,-0.01,0,0.0,0,0.0,20187.72,1695768.48,20.19,892.27,0.1,10,5.0,0.01,0,0.0,10.11,88855
429,SELL_A,ST_FLIP_GREEN,2026-01-21T16:00:00,2026-01-21T18:00:00,short,88669,89041,100,0.1,8866.9,100.0,-37.2,-47.31,-3974.04,-0.05,0,0.0,372,0.42,20140.41,1691794.44,20.14,886.69,0.1,10,5.0,0.01,0,0.0,10.11,89041
430,BUY_B,ST_FLIP_RED,2026-01-21T18:00:00,2026-01-21T22:00:00,long,89041,89041,100,0.1,8904.1,100.0,0.0,-10.11,-849.24,-0.01,0,0.0,0,0.0,20130.3,1690945.2,20.13,890.41,0.1,10,5.0,0.01,0,0.0,10.11,88669
431,SELL_A,ST_FLIP_GREEN,2026-01-21T22:00:00,2026-01-22T00:00:00,short,88855,88483,100,0.1,8885.5,100.0,37.2,27.09,2275.56,0.03,372,0.42,0,0.0,20157.39,1693220.76,20.16,888.55,0.1,10,5.0,0.01,0,0.0,10.11,89227
432,BUY_A,ST_FLIP_RED,2026-01-22T00:00:00,2026-01-22T18:00:00,long,88483,89599,100,0.1,8848.3,100.0,111.6,101.49,8525.16,0.1,1116,1.26,0,0.0,20258.88,1701745.92,20.26,884.83,0.1,10,5.0,0.01,0,0.0,10.11,88111
433,SELL_A,ST_FLIP_GREEN,2026-01-22T18:00:00,2026-01-22T22:00:00,short,89599,89599,100,0.1,8959.9,100.0,0.0,-10.11,-849.24,-0.01,0,0.0,0,0.0,20248.77,1700896.68,20.25,895.99,0.1,10,5.0,0.01,0,0.0,10.11,89971
434,BUY_A,ST_FLIP_RED,2026-01-23T08:00:00,2026-01-23T12:00:00,long,89785,89227,100,0.1,8978.5,100.0,-55.8,-65.91,-5536.44,-0.07,0,0.0,558,0.62,20182.86,1695360.24,20.18,897.85,0.1,10,5.0,0.01,0,0.0,10.11,89413
435,SELL_B,ST_FLIP_GREEN,2026-01-23T12:00:00,2026-01-23T22:00:00,short,89227,89971,100,0.1,8922.7,100.0,-74.4,-84.51,-7098.84,-0.08,0,0.0,744,0.83,20098.35,1688261.4,20.1,892.27,0.1,10,5.0,0.01,0,0.0,10.11,89599
436,BUY_B,ST_FLIP_RED,2026-01-23T22:00:00,2026-01-24T00:00:00,long,89971,90157,100,0.1,8997.1,100.0,18.6,8.49,713.16,0.01,186,0.21,0,0.0,20106.84,1688974.56,20.11,899.71,0.1,10,5.0,0.01,0,0.0,10.11,89599
437,SELL_A,ST_FLIP_GREEN,2026-01-24T00:00:00,2026-01-26T04:00:00,short,90157,86995,100,0.1,9015.7,100.0,316.2,306.09,25711.56,0.31,3162,3.51,0,0.0,20412.93,1714686.12,20.41,901.57,0.1,10,5.0,0.01,0,0.0,10.11,90529
438,BUY_B,ST_FLIP_RED,2026-01-26T04:00:00,2026-01-26T18:00:00,long,86995,87553,100,0.1,8699.5,100.0,55.8,45.69,3837.96,0.05,558,0.64,0,0.0,20458.62,1718524.08,20.46,869.95,0.1,10,5.0,0.01,0,0.0,10.11,86623
439,BUY_B,ST_FLIP_RED,2026-01-26T22:00:00,2026-01-27T12:00:00,long,88111,88111,100,0.1,8811.1,100.0,0.0,-10.11,-849.24,-0.01,0,0.0,0,0.0,20448.51,1717674.84,20.45,881.11,0.1,10,5.0,0.01,0,0.0,10.11,87739
440,SELL_A,ST_FLIP_GREEN,2026-01-27T12:00:00,2026-01-28T00:00:00,short,88111,88483,100,0.1,8811.1,100.0,-37.2,-47.31,-3974.04,-0.05,0,0.0,372,0.42,20401.2,1713700.8,20.4,881.11,0.1,10,5.0,0.01,0,0.0,10.11,88483
441,BUY_A,ST_FLIP_RED,2026-01-28T00:00:00,2026-01-29T02:00:00,long,88483,89413,100,0.1,8848.3,100.0,93.0,82.89,6962.76,0.08,930,1.05,0,0.0,20484.09,1720663.56,20.48,884.83,0.1,10,5.0,0.01,0,0.0,10.11,88111
442,SELL_A,ST_FLIP_GREEN,2026-01-29T02:00:00,2026-01-30T02:00:00,short,89413,84577,100,0.1,8941.3,100.0,483.6,473.49,39773.16,0.47,4836,5.41,0,0.0,20957.58,1760436.72,20.96,894.13,0.1,10,5.0,0.01,0,0.0,10.11,89785
443,BUY_B,ST_FLIP_RED,2026-01-30T02:00:00,2026-01-30T06:00:00,long,84577,84019,100,0.1,8457.7,100.0,-55.8,-65.91,-5536.44,-0.07,0,0.0,558,0.66,20891.67,1754900.28,20.89,845.77,0.1,10,5.0,0.01,0,0.0,10.11,84205
444,SELL_A,ST_FLIP_GREEN,2026-01-30T06:00:00,2026-01-30T08:00:00,short,83275,81973,100,0.1,8327.5,100.0,130.2,120.09,10087.56,0.12,1302,1.56,0,0.0,21011.76,1764987.84,21.01,832.75,0.1,10,5.0,0.01,0,0.0,10.11,83647
445,BUY_B,ST_FLIP_RED,2026-01-30T08:00:00,2026-01-30T10:00:00,long,81973,82531,100,0.1,8197.3,100.0,55.8,45.69,3837.96,0.05,558,0.68,0,0.0,21057.45,1768825.8,21.06,819.73,0.1,10,5.0,0.01,0,0.0,10.11,81601
446,BUY_B,ST_FLIP_RED,2026-01-30T18:00:00,2026-01-30T22:00:00,long,82903,82531,100,0.1,8290.3,100.0,-37.2,-47.31,-3974.04,-0.05,0,0.0,372,0.45,21010.14,1764851.76,21.01,829.03,0.1,10,5.0,0.01,0,0.0,10.11,82531
447,SELL_A,ST_FLIP_GREEN,2026-01-30T22:00:00,2026-01-31T00:00:00,short,82531,82903,100,0.1,8253.1,100.0,-37.2,-47.31,-3974.04,-0.05,0,0.0,372,0.45,20962.83,1760877.72,20.96,825.31,0.1,10,5.0,0.01,0,0.0,10.11,82903
448,BUY_A,ST_FLIP_RED,2026-01-31T00:00:00,2026-01-31T10:00:00,long,82903,83461,100,0.1,8290.3,100.0,55.8,45.69,3837.96,0.05,558,0.67,0,0.0,21008.52,1764715.68,21.01,829.03,0.1,10,5.0,0.01,0,0.0,10.11,82531
449,SELL_A,ST_FLIP_GREEN,2026-01-31T10:00:00,2026-02-01T02:00:00,short,83461,78067,100,0.1,8346.1,100.0,539.4,529.29,44460.36,0.53,5394,6.46,0,0.0,21537.81,1809176.04,21.54,834.61,0.1,10,5.0,0.01,0,0.0,10.11,83833
450,BUY_B,ST_FLIP_RED,2026-02-01T02:00:00,2026-02-01T06:00:00,long,78067,78439,100,0.1,7806.7,100.0,37.2,27.09,2275.56,0.03,372,0.48,0,0.0,21564.9,1811451.6,21.56,780.67,0.1,10,5.0,0.01,0,0.0,10.11,77695
451,BUY_B,ST_FLIP_RED,2026-02-01T08:00:00,2026-02-01T16:00:00,long,78997,78253,100,0.1,7899.7,100.0,-74.4,-84.51,-7098.84,-0.08,0,0.0,744,0.94,21480.39,1804352.76,21.48,789.97,0.1,10,5.0,0.01,0,0.0,10.11,78625
452,SELL_B,ST_FLIP_GREEN,2026-02-01T16:00:00,2026-02-01T22:00:00,short,78253,78253,100,0.1,7825.3,100.0,0.0,-10.11,-849.24,-0.01,0,0.0,0,0.0,21470.28,1803503.52,21.47,782.53,0.1,10,5.0,0.01,0,0.0,10.11,78625
453,BUY_A,ST_FLIP_RED,2026-02-01T22:00:00,2026-02-02T00:00:00,long,78253,77509,100,0.1,7825.3,100.0,-74.4,-84.51,-7098.84,-0.08,0,0.0,744,0.95,21385.77,1796404.68,21.39,782.53,0.1,10,5.0,0.01,0,0.0,10.11,77881
454,SELL_B,ST_FLIP_GREEN,2026-02-02T00:00:00,2026-02-02T02:00:00,short,77509,77137,100,0.1,7750.9,100.0,37.2,27.09,2275.56,0.03,372,0.48,0,0.0,21412.86,1798680.24,21.41,775.09,0.1,10,5.0,0.01,0,0.0,10.11,77881
455,BUY_A,ST_FLIP_RED,2026-02-02T02:00:00,2026-02-02T06:00:00,long,77137,77323,100,0.1,7713.7,100.0,18.6,8.49,713.16,0.01,186,0.24,0,0.0,21421.35,1799393.4,21.42,771.37,0.1,10,5.0,0.01,0,0.0,10.11,76765
456,SELL_A,ST_FLIP_GREEN,2026-02-02T06:00:00,2026-02-02T12:00:00,short,77137,76393,100,0.1,7713.7,100.0,74.4,64.29,5400.36,0.06,744,0.96,0,0.0,21485.64,1804793.76,21.49,771.37,0.1,10,5.0,0.01,0,0.0,10.11,77509
457,BUY_A,ST_FLIP_RED,2026-02-02T12:00:00,2026-02-02T22:00:00,long,76393,78439,100,0.1,7639.3,100.0,204.6,194.49,16337.16,0.19,2046,2.68,0,0.0,21680.13,1821130.92,21.68,763.93,0.1,10,5.0,0.01,0,0.0,10.11,76021
458,SELL_A,ST_FLIP_GREEN,2026-02-02T22:00:00,2026-02-03T02:00:00,short,78439,78811,100,0.1,7843.9,100.0,-37.2,-47.31,-3974.04,-0.05,0,0.0,372,0.47,21632.82,1817156.88,21.63,784.39,0.1,10,5.0,0.01,0,0.0,10.11,78811
459,SELL_B,ST_FLIP_GREEN,2026-02-03T14:00:00,2026-02-04T00:00:00,short,78253,74719,100,0.1,7825.3,100.0,353.4,343.29,28836.36,0.34,3534,4.52,0,0.0,21976.11,1845993.24,21.98,782.53,0.1,10,5.0,0.01,0,0.0,10.11,78625
460,BUY_B,ST_FLIP_RED,2026-02-04T00:00:00,2026-02-04T18:00:00,long,74719,75835,100,0.1,7471.9,100.0,111.6,101.49,8525.16,0.1,1116,1.49,0,0.0,22077.6,1854518.4,22.08,747.19,0.1,10,5.0,0.01,0,0.0,10.11,74347
461,SELL_A,ST_FLIP_GREEN,2026-02-04T18:00:00,2026-02-05T12:00:00,short,75649,71185,100,0.1,7564.9,100.0,446.4,436.29,36648.36,0.44,4464,5.9,0,0.0,22513.89,1891166.76,22.51,756.49,0.1,10,5.0,0.01,0,0.0,10.11,76021
462,BUY_B,ST_FLIP_RED,2026-02-05T12:00:00,2026-02-05T16:00:00,long,71185,70999,100,0.1,7118.5,100.0,-18.6,-28.71,-2411.64,-0.03,0,0.0,186,0.26,22485.18,1888755.12,22.49,711.85,0.1,10,5.0,0.01,0,0.0,10.11,70813
463,SELL_A,ST_FLIP_GREEN,2026-02-05T16:00:00,2026-02-05T18:00:00,short,70441,70069,100,0.1,7044.1,100.0,37.2,27.09,2275.56,0.03,372,0.53,0,0.0,22512.27,1891030.68,22.51,704.41,0.1,10,5.0,0.01,0,0.0,10.11,70813
464,BUY_B,ST_FLIP_RED,2026-02-05T18:00:00,2026-02-05T20:00:00,long,70069,69697,100,0.1,7006.9,100.0,-37.2,-47.31,-3974.04,-0.05,0,0.0,372,0.53,22464.96,1887056.64,22.46,700.69,0.1,10,5.0,0.01,0,0.0,10.11,69697
465,SELL_A,ST_FLIP_GREEN,2026-02-05T20:00:00,2026-02-06T06:00:00,short,69325,61885,100,0.1,6932.5,100.0,744.0,733.89,61646.76,0.73,7440,10.73,0,0.0,23198.85,1948703.4,23.2,693.25,0.1,10,5.0,0.01,0,0.0,10.11,69697
466,BUY_B,ST_FLIP_RED,2026-02-06T06:00:00,2026-02-06T12:00:00,long,61885,65233,100,0.1,6188.5,100.0,334.8,324.69,27273.96,0.32,3348,5.41,0,0.0,23523.54,1975977.36,23.52,618.85,0.1,10,5.0,0.01,0,0.0,10.11,61513
467,SELL_B,ST_FLIP_GREEN,2026-02-06T12:00:00,2026-02-06T14:00:00,short,65233,65233,100,0.1,6523.3,100.0,0.0,-10.11,-849.24,-0.01,0,0.0,0,0.0,23513.43,1975128.12,23.51,652.33,0.1,10,5.0,0.01,0,0.0,10.11,65605
468,BUY_A,ST_FLIP_RED,2026-02-06T14:00:00,2026-02-07T04:00:00,long,65605,70069,100,0.1,6560.5,100.0,446.4,436.29,36648.36,0.44,4464,6.8,0,0.0,23949.72,2011776.48,23.95,656.05,0.1,10,5.0,0.01,0,0.0,10.11,65233
469,SELL_B,ST_FLIP_GREEN,2026-02-07T04:00:00,2026-02-07T08:00:00,short,70069,70627,100,0.1,7006.9,100.0,-55.8,-65.91,-5536.44,-0.07,0,0.0,558,0.8,23883.81,2006240.04,23.88,700.69,0.1,10,5.0,0.01,0,0.0,10.11,70441
470,SELL_B,ST_FLIP_GREEN,2026-02-07T10:00:00,2026-02-07T16:00:00,short,70627,68581,100,0.1,7062.7,100.0,204.6,194.49,16337.16,0.19,2046,2.9,0,0.0,24078.3,2022577.2,24.08,706.27,0.1,10,5.0,0.01,0,0.0,10.11,70999
471,BUY_A,ST_FLIP_RED,2026-02-07T16:00:00,2026-02-07T18:00:00,long,68581,68767,100,0.1,6858.1,100.0,18.6,8.49,713.16,0.01,186,0.27,0,0.0,24086.79,2023290.36,24.09,685.81,0.1,10,5.0,0.01,0,0.0,10.11,68209
472,BUY_B,ST_FLIP_RED,2026-02-07T20:00:00,2026-02-08T04:00:00,long,69325,68953,100,0.1,6932.5,100.0,-37.2,-47.31,-3974.04,-0.05,0,0.0,372,0.54,24039.48,2019316.32,24.04,693.25,0.1,10,5.0,0.01,0,0.0,10.11,68953
473,BUY_B,ST_FLIP_RED,2026-02-08T12:00:00,2026-02-09T04:00:00,long,69697,70627,100,0.1,6969.7,100.0,93.0,82.89,6962.76,0.08,930,1.33,0,0.0,24122.37,2026279.08,24.12,696.97,0.1,10,5.0,0.01,0,0.0,10.11,69325
474,SELL_A,ST_FLIP_GREEN,2026-02-09T04:00:00,2026-02-09T08:00:00,short,70627,70999,100,0.1,7062.7,100.0,-37.2,-47.31,-3974.04,-0.05,0,0.0,372,0.53,24075.06,2022305.04,24.08,706.27,0.1,10,5.0,0.01,0,0.0,10.11,70999
475,BUY_A,ST_FLIP_RED,2026-02-09T08:00:00,2026-02-09T10:00:00,long,71371,70813,100,0.1,7137.1,100.0,-55.8,-65.91,-5536.44,-0.07,0,0.0,558,0.78,24009.15,2016768.6,24.01,713.71,0.1,10,5.0,0.01,0,0.0,10.11,70999
476,SELL_B,ST_FLIP_GREEN,2026-02-09T10:00:00,2026-02-09T20:00:00,short,70813,69697,100,0.1,7081.3,100.0,111.6,101.49,8525.16,0.1,1116,1.58,0,0.0,24110.64,2025293.76,24.11,708.13,0.1,10,5.0,0.01,0,0.0,10.11,71185
477,BUY_A,ST_FLIP_RED,2026-02-09T20:00:00,2026-02-10T04:00:00,long,69697,69883,100,0.1,6969.7,100.0,18.6,8.49,713.16,0.01,186,0.27,0,0.0,24119.13,2026006.92,24.12,696.97,0.1,10,5.0,0.01,0,0.0,10.11,69325
478,SELL_A,ST_FLIP_GREEN,2026-02-10T10:00:00,2026-02-10T18:00:00,short,69697,69325,100,0.1,6969.7,100.0,37.2,27.09,2275.56,0.03,372,0.53,0,0.0,24146.22,2028282.48,24.15,696.97,0.1,10,5.0,0.01,0,0.0,10.11,70069
479,BUY_A,ST_FLIP_RED,2026-02-10T18:00:00,2026-02-10T22:00:00,long,69325,68767,100,0.1,6932.5,100.0,-55.8,-65.91,-5536.44,-0.07,0,0.0,558,0.8,24080.31,2022746.04,24.08,693.25,0.1,10,5.0,0.01,0,0.0,10.11,68953
480,SELL_A,ST_FLIP_GREEN,2026-02-10T22:00:00,2026-02-11T18:00:00,short,68767,67465,100,0.1,6876.7,100.0,130.2,120.09,10087.56,0.12,1302,1.89,0,0.0,24200.4,2032833.6,24.2,687.67,0.1,10,5.0,0.01,0,0.0,10.11,69139
481,BUY_A,ST_FLIP_RED,2026-02-11T18:00:00,2026-02-11T20:00:00,long,67465,67465,100,0.1,6746.5,100.0,0.0,-10.11,-849.24,-0.01,0,0.0,0,0.0,24190.29,2031984.36,24.19,674.65,0.1,10,5.0,0.01,0,0.0,10.11,67093
482,SELL_A,ST_FLIP_GREEN,2026-02-11T20:00:00,2026-02-12T00:00:00,short,67093,67093,100,0.1,6709.3,100.0,0.0,-10.11,-849.24,-0.01,0,0.0,0,0.0,24180.18,2031135.12,24.18,670.93,0.1,10,5.0,0.01,0,0.0,10.11,67465
483,BUY_A,ST_FLIP_RED,2026-02-12T00:00:00,2026-02-12T12:00:00,long,67093,66907,100,0.1,6709.3,100.0,-18.6,-28.71,-2411.64,-0.03,0,0.0,186,0.28,24151.47,2028723.48,24.15,670.93,0.1,10,5.0,0.01,0,0.0,10.11,66721
484,SELL_A,ST_FLIP_GREEN,2026-02-12T12:00:00,2026-02-12T14:00:00,short,66721,67279,100,0.1,6672.1,100.0,-55.8,-65.91,-5536.44,-0.07,0,0.0,558,0.84,24085.56,2023187.04,24.09,667.21,0.1,10,5.0,0.01,0,0.0,10.11,67093
485,BUY_B,ST_FLIP_RED,2026-02-12T14:00:00,2026-02-12T20:00:00,long,67279,67279,100,0.1,6727.9,100.0,0.0,-10.11,-849.24,-0.01,0,0.0,0,0.0,24075.45,2022337.8,24.08,672.79,0.1,10,5.0,0.01,0,0.0,10.11,66907
486,SELL_A,ST_FLIP_GREEN,2026-02-12T20:00:00,2026-02-13T02:00:00,short,67093,65977,100,0.1,6709.3,100.0,111.6,101.49,8525.16,0.1,1116,1.66,0,0.0,24176.94,2030862.96,24.18,670.93,0.1,10,5.0,0.01,0,0.0,10.11,67465
487,BUY_A,ST_FLIP_RED,2026-02-13T02:00:00,2026-02-14T18:00:00,long,65977,69697,100,0.1,6597.7,100.0,372.0,361.89,30398.76,0.36,3720,5.64,0,0.0,24538.83,2061261.72,24.54,659.77,0.1,10,5.0,0.01,0,0.0,10.11,65605
488,SELL_B,ST_FLIP_GREEN,2026-02-14T18:00:00,2026-02-14T22:00:00,short,69697,69883,100,0.1,6969.7,100.0,-18.6,-28.71,-2411.64,-0.03,0,0.0,186,0.27,24510.12,2058850.08,24.51,696.97,0.1,10,5.0,0.01,0,0.0,10.11,70069
489,SELL_B,ST_FLIP_GREEN,2026-02-15T06:00:00,2026-02-15T08:00:00,short,69325,70069,100,0.1,6932.5,100.0,-74.4,-84.51,-7098.84,-0.08,0,0.0,744,1.07,24425.61,2051751.24,24.43,693.25,0.1,10,5.0,0.01,0,0.0,10.11,69697
490,BUY_A,ST_FLIP_RED,2026-02-15T08:00:00,2026-02-15T18:00:00,long,70255,69883,100,0.1,7025.5,100.0,-37.2,-47.31,-3974.04,-0.05,0,0.0,372,0.53,24378.3,2047777.2,24.38,702.55,0.1,10,5.0,0.01,0,0.0,10.11,69883
491,SELL_B,ST_FLIP_GREEN,2026-02-15T18:00:00,2026-02-16T02:00:00,short,69883,69139,100,0.1,6988.3,100.0,74.4,64.29,5400.36,0.06,744,1.06,0,0.0,24442.59,2053177.56,24.44,698.83,0.1,10,5.0,0.01,0,0.0,10.11,70255
492,SELL_B,ST_FLIP_GREEN,2026-02-16T06:00:00,2026-02-16T08:00:00,short,68581,68767,100,0.1,6858.1,100.0,-18.6,-28.71,-2411.64,-0.03,0,0.0,186,0.27,24413.88,2050765.92,24.41,685.81,0.1,10,5.0,0.01,0,0.0,10.11,68953
493,BUY_A,ST_FLIP_RED,2026-02-16T08:00:00,2026-02-16T18:00:00,long,68767,68767,100,0.1,6876.7,100.0,0.0,-10.11,-849.24,-0.01,0,0.0,0,0.0,24403.77,2049916.68,24.4,687.67,0.1,10,5.0,0.01,0,0.0,10.11,68395
494,SELL_A,ST_FLIP_GREEN,2026-02-16T18:00:00,2026-02-17T02:00:00,short,68581,68395,100,0.1,6858.1,100.0,18.6,8.49,713.16,0.01,186,0.27,0,0.0,24412.26,2050629.84,24.41,685.81,0.1,10,5.0,0.01,0,0.0,10.11,68953
495,BUY_A,ST_FLIP_RED,2026-02-17T02:00:00,2026-02-17T08:00:00,long,68395,68395,100,0.1,6839.5,100.0,0.0,-10.11,-849.24,-0.01,0,0.0,0,0.0,24402.15,2049780.6,24.4,683.95,0.1,10,5.0,0.01,0,0.0,10.11,68023
496,SELL_A,ST_FLIP_GREEN,2026-02-17T14:00:00,2026-02-18T10:00:00,short,68209,67837,100,0.1,6820.9,100.0,37.2,27.09,2275.56,0.03,372,0.55,0,0.0,24429.24,2052056.16,24.43,682.09,0.1,10,5.0,0.01,0,0.0,10.11,68581
497,BUY_A,ST_FLIP_RED,2026-02-18T10:00:00,2026-02-18T16:00:00,long,67837,67651,100,0.1,6783.7,100.0,-18.6,-28.71,-2411.64,-0.03,0,0.0,186,0.27,24400.53,2049644.52,24.4,678.37,0.1,10,5.0,0.01,0,0.0,10.11,67465
498,SELL_A,ST_FLIP_GREEN,2026-02-18T16:00:00,2026-02-19T06:00:00,short,67465,66907,100,0.1,6746.5,100.0,55.8,45.69,3837.96,0.05,558,0.83,0,0.0,24446.22,2053482.48,24.45,674.65,0.1,10,5.0,0.01,0,0.0,10.11,67837
499,BUY_A,ST_FLIP_RED,2026-02-19T06:00:00,2026-02-19T16:00:00,long,66907,66535,100,0.1,6690.7,100.0,-37.2,-47.31,-3974.04,-0.05,0,0.0,372,0.56,24398.91,2049508.44,24.4,669.07,0.1,10,5.0,0.01,0,0.0,10.11,66535
500,SELL_A,ST_FLIP_GREEN,2026-02-19T18:00:00,2026-02-19T22:00:00,short,66349,66535,100,0.1,6634.9,100.0,-18.6,-28.71,-2411.64,-0.03,0,0.0,186,0.28,24370.2,2047096.8,24.37,663.49,0.1,10,5.0,0.01,0,0.0,10.11,66721
501,BUY_B,ST_FLIP_RED,2026-02-19T22:00:00,2026-02-20T16:00:00,long,66535,67651,100,0.1,6653.5,100.0,111.6,101.49,8525.16,0.1,1116,1.68,0,0.0,24471.69,2055621.96,24.47,665.35,0.1,10,5.0,0.01,0,0.0,10.11,66163
502,SELL_A,ST_FLIP_GREEN,2026-02-20T16:00:00,2026-02-20T22:00:00,short,67651,67651,100,0.1,6765.1,100.0,0.0,-10.11,-849.24,-0.01,0,0.0,0,0.0,24461.58,2054772.72,24.46,676.51,0.1,10,5.0,0.01,0,0.0,10.11,68023
503,BUY_A,ST_FLIP_RED,2026-02-21T02:00:00,2026-02-22T04:00:00,long,67837,67837,100,0.1,6783.7,100.0,0.0,-10.11,-849.24,-0.01,0,0.0,0,0.0,24451.47,2053923.48,24.45,678.37,0.1,10,5.0,0.01,0,0.0,10.11,67465
504,SELL_A,ST_FLIP_GREEN,2026-02-22T04:00:00,2026-02-22T10:00:00,short,67837,68209,100,0.1,6783.7,100.0,-37.2,-47.31,-3974.04,-0.05,0,0.0,372,0.55,24404.16,2049949.44,24.4,678.37,0.1,10,5.0,0.01,0,0.0,10.11,68209
505,SELL_B,ST_FLIP_GREEN,2026-02-22T18:00:00,2026-02-23T10:00:00,short,67465,65419,100,0.1,6746.5,100.0,204.6,194.49,16337.16,0.19,2046,3.03,0,0.0,24598.65,2066286.6,24.6,674.65,0.1,10,5.0,0.01,0,0.0,10.11,67837
506,BUY_B,ST_FLIP_RED,2026-02-23T10:00:00,2026-02-23T20:00:00,long,65419,65605,100,0.1,6541.9,100.0,18.6,8.49,713.16,0.01,186,0.28,0,0.0,24607.14,2066999.76,24.61,654.19,0.1,10,5.0,0.01,0,0.0,10.11,65047
507,SELL_A,ST_FLIP_GREEN,2026-02-23T22:00:00,2026-02-24T02:00:00,short,65233,64675,100,0.1,6523.3,100.0,55.8,45.69,3837.96,0.05,558,0.86,0,0.0,24652.83,2070837.72,24.65,652.33,0.1,10,5.0,0.01,0,0.0,10.11,65605
508,BUY_A,ST_FLIP_RED,2026-02-24T02:00:00,2026-02-24T06:00:00,long,64675,64489,100,0.1,6467.5,100.0,-18.6,-28.71,-2411.64,-0.03,0,0.0,186,0.29,24624.12,2068426.08,24.62,646.75,0.1,10,5.0,0.01,0,0.0,10.11,64303
509,SELL_A,ST_FLIP_GREEN,2026-02-24T06:00:00,2026-02-24T20:00:00,short,64117,63559,100,0.1,6411.7,100.0,55.8,45.69,3837.96,0.05,558,0.87,0,0.0,24669.81,2072264.04,24.67,641.17,0.1,10,5.0,0.01,0,0.0,10.11,64489
510,BUY_A,ST_FLIP_RED,2026-02-24T20:00:00,2026-02-25T08:00:00,long,63559,65419,100,0.1,6355.9,100.0,186.0,175.89,14774.76,0.18,1860,2.93,0,0.0,24845.7,2087038.8,24.85,635.59,0.1,10,5.0,0.01,0,0.0,10.11,63187
511,SELL_A,ST_FLIP_GREEN,2026-02-25T08:00:00,2026-02-25T16:00:00,short,65419,65605,100,0.1,6541.9,100.0,-18.6,-28.71,-2411.64,-0.03,0,0.0,186,0.28,24816.99,2084627.16,24.82,654.19,0.1,10,5.0,0.01,0,0.0,10.11,65791
512,BUY_A,ST_FLIP_RED,2026-02-25T18:00:00,2026-02-26T04:00:00,long,65977,68581,100,0.1,6597.7,100.0,260.4,250.29,21024.36,0.25,2604,3.95,0,0.0,25067.28,2105651.52,25.07,659.77,0.1,10,5.0,0.01,0,0.0,10.11,65605
513,SELL_B,ST_FLIP_GREEN,2026-02-26T04:00:00,2026-02-26T08:00:00,short,68581,68581,100,0.1,6858.1,100.0,0.0,-10.11,-849.24,-0.01,0,0.0,0,0.0,25057.17,2104802.28,25.06,685.81,0.1,10,5.0,0.01,0,0.0,10.11,68953
514,SELL_B,ST_FLIP_GREEN,2026-02-26T12:00:00,2026-02-26T14:00:00,short,68023,68395,100,0.1,6802.3,100.0,-37.2,-47.31,-3974.04,-0.05,0,0.0,372,0.55,25009.86,2100828.24,25.01,680.23,0.1,10,5.0,0.01,0,0.0,10.11,68395
515,SELL_B,ST_FLIP_GREEN,2026-02-26T20:00:00,2026-02-27T00:00:00,short,67651,67465,100,0.1,6765.1,100.0,18.6,8.49,713.16,0.01,186,0.27,0,0.0,25018.35,2101541.4,25.02,676.51,0.1,10,5.0,0.01,0,0.0,10.11,68023
516,BUY_A,ST_FLIP_RED,2026-02-27T00:00:00,2026-02-27T04:00:00,long,67465,67093,100,0.1,6746.5,100.0,-37.2,-47.31,-3974.04,-0.05,0,0.0,372,0.55,24971.04,2097567.36,24.97,674.65,0.1,10,5.0,0.01,0,0.0,10.11,67093
517,SELL_A,ST_FLIP_GREEN,2026-02-27T04:00:00,2026-02-27T08:00:00,short,67093,67837,100,0.1,6709.3,100.0,-74.4,-84.51,-7098.84,-0.08,0,0.0,744,1.11,24886.53,2090468.52,24.89,670.93,0.1,10,5.0,0.01,0,0.0,10.11,67465
518,BUY_B,ST_FLIP_RED,2026-02-27T08:00:00,2026-02-27T10:00:00,long,67837,67465,100,0.1,6783.7,100.0,-37.2,-47.31,-3974.04,-0.05,0,0.0,372,0.55,24839.22,2086494.48,24.84,678.37,0.1,10,5.0,0.01,0,0.0,10.11,67465
519,SELL_A,ST_FLIP_GREEN,2026-02-27T14:00:00,2026-02-28T18:00:00,short,67465,64303,100,0.1,6746.5,100.0,316.2,306.09,25711.56,0.31,3162,4.69,0,0.0,25145.31,2112206.04,25.15,674.65,0.1,10,5.0,0.01,0,0.0,10.11,67837
520,BUY_B,ST_FLIP_RED,2026-02-28T18:00:00,2026-03-01T10:00:00,long,64303,67093,100,0.1,6430.3,100.0,279.0,268.89,22586.76,0.27,2790,4.34,0,0.0,25414.2,2134792.8,25.41,643.03,0.1,10,5.0,0.01,0,0.0,10.11,63931
521,SELL_B,ST_FLIP_GREEN,2026-03-01T10:00:00,2026-03-01T20:00:00,short,67093,67093,100,0.1,6709.3,100.0,0.0,-10.11,-849.24,-0.01,0,0.0,0,0.0,25404.09,2133943.56,25.4,670.93,0.1,10,5.0,0.01,0,0.0,10.11,67465
522,SELL_B,ST_FLIP_GREEN,2026-03-01T22:00:00,2026-03-02T02:00:00,short,66535,65977,100,0.1,6653.5,100.0,55.8,45.69,3837.96,0.05,558,0.84,0,0.0,25449.78,2137781.52,25.45,665.35,0.1,10,5.0,0.01,0,0.0,10.11,66907
523,BUY_A,ST_FLIP_RED,2026-03-02T08:00:00,2026-03-02T10:00:00,long,66163,66349,100,0.1,6616.3,100.0,18.6,8.49,713.16,0.01,186,0.28,0,0.0,25458.27,2138494.68,25.46,661.63,0.1,10,5.0,0.01,0,0.0,10.11,65791
524,SELL_A,ST_FLIP_GREEN,2026-03-02T10:00:00,2026-03-02T14:00:00,short,66163,66349,100,0.1,6616.3,100.0,-18.6,-28.71,-2411.64,-0.03,0,0.0,186,0.28,25429.56,2136083.04,25.43,661.63,0.1,10,5.0,0.01,0,0.0,10.11,66535
525,BUY_A,ST_FLIP_RED,2026-03-02T14:00:00,2026-03-02T18:00:00,long,66349,65791,100,0.1,6634.9,100.0,-55.8,-65.91,-5536.44,-0.07,0,0.0,558,0.84,25363.65,2130546.6,25.36,663.49,0.1,10,5.0,0.01,0,0.0,10.11,65977
526,SELL_B,ST_FLIP_GREEN,2026-03-02T18:00:00,2026-03-02T20:00:00,short,65791,65977,100,0.1,6579.1,100.0,-18.6,-28.71,-2411.64,-0.03,0,0.0,186,0.28,25334.94,2128134.96,25.33,657.91,0.1,10,5.0,0.01,0,0.0,10.11,66163
527,BUY_A,ST_FLIP_RED,2026-03-02T20:00:00,2026-03-02T22:00:00,long,65977,68953,100,0.1,6597.7,100.0,297.6,287.49,24149.16,0.29,2976,4.51,0,0.0,25622.43,2152284.12,25.62,659.77,0.1,10,5.0,0.01,0,0.0,10.11,65605
528,SELL_B,ST_FLIP_GREEN,2026-03-02T22:00:00,2026-03-03T02:00:00,short,68953,69511,100,0.1,6895.3,100.0,-55.8,-65.91,-5536.44,-0.07,0,0.0,558,0.81,25556.52,2146747.68,25.56,689.53,0.1,10,5.0,0.01,0,0.0,10.11,69325
529,SELL_B,ST_FLIP_GREEN,2026-03-03T04:00:00,2026-03-03T16:00:00,short,68767,67093,100,0.1,6876.7,100.0,167.4,157.29,13212.36,0.16,1674,2.43,0,0.0,25713.81,2159960.04,25.71,687.67,0.1,10,5.0,0.01,0,0.0,10.11,69139
530,BUY_A,ST_FLIP_RED,2026-03-03T16:00:00,2026-03-03T18:00:00,long,67093,67093,100,0.1,6709.3,100.0,0.0,-10.11,-849.24,-0.01,0,0.0,0,0.0,25703.7,2159110.8,25.7,670.93,0.1,10,5.0,0.01,0,0.0,10.11,66721
531,BUY_B,ST_FLIP_RED,2026-03-03T20:00:00,2026-03-03T22:00:00,long,67465,68395,100,0.1,6746.5,100.0,93.0,82.89,6962.76,0.08,930,1.38,0,0.0,25786.59,2166073.56,25.79,674.65,0.1,10,5.0,0.01,0,0.0,10.11,67093
532,SELL_A,ST_FLIP_GREEN,2026-03-03T22:00:00,2026-03-04T10:00:00,short,68395,68209,100,0.1,6839.5,100.0,18.6,8.49,713.16,0.01,186,0.27,0,0.0,25795.08,2166786.72,25.8,683.95,0.1,10,5.0,0.01,0,0.0,10.11,68767
533,BUY_A,ST_FLIP_RED,2026-03-04T12:00:00,2026-03-04T16:00:00,long,68395,70813,100,0.1,6839.5,100.0,241.8,231.69,19461.96,0.23,2418,3.54,0,0.0,26026.77,2186248.68,26.03,683.95,0.1,10,5.0,0.01,0,0.0,10.11,68023
534,SELL_B,ST_FLIP_GREEN,2026-03-04T16:00:00,2026-03-04T18:00:00,short,70813,70999,100,0.1,7081.3,100.0,-18.6,-28.71,-2411.64,-0.03,0,0.0,186,0.26,25998.06,2183837.04,26.0,708.13,0.1,10,5.0,0.01,0,0.0,10.11,71185
535,BUY_A,ST_FLIP_RED,2026-03-04T18:00:00,2026-03-05T04:00:00,long,71557,72859,100,0.1,7155.7,100.0,130.2,120.09,10087.56,0.12,1302,1.82,0,0.0,26118.15,2193924.6,26.12,715.57,0.1,10,5.0,0.01,0,0.0,10.11,71185
536,SELL_B,ST_FLIP_GREEN,2026-03-05T04:00:00,2026-03-05T14:00:00,short,72859,72487,100,0.1,7285.9,100.0,37.2,27.09,2275.56,0.03,372,0.51,0,0.0,26145.24,2196200.16,26.15,728.59,0.1,10,5.0,0.01,0,0.0,10.11,73231
537,BUY_A,ST_FLIP_RED,2026-03-05T14:00:00,2026-03-05T16:00:00,long,72859,72673,100,0.1,7285.9,100.0,-18.6,-28.71,-2411.64,-0.03,0,0.0,186,0.26,26116.53,2193788.52,26.12,728.59,0.1,10,5.0,0.01,0,0.0,10.11,72487
538,SELL_A,ST_FLIP_GREEN,2026-03-05T16:00:00,2026-03-06T06:00:00,short,72673,71371,100,0.1,7267.3,100.0,130.2,120.09,10087.56,0.12,1302,1.79,0,0.0,26236.62,2203876.08,26.24,726.73,0.1,10,5.0,0.01,0,0.0,10.11,73045
539,BUY_A,ST_FLIP_RED,2026-03-06T06:00:00,2026-03-06T08:00:00,long,71371,70813,100,0.1,7137.1,100.0,-55.8,-65.91,-5536.44,-0.07,0,0.0,558,0.78,26170.71,2198339.64,26.17,713.71,0.1,10,5.0,0.01,0,0.0,10.11,70999
540,SELL_A,ST_FLIP_GREEN,2026-03-06T10:00:00,2026-03-06T12:00:00,short,70627,70999,100,0.1,7062.7,100.0,-37.2,-47.31,-3974.04,-0.05,0,0.0,372,0.53,26123.4,2194365.6,26.12,706.27,0.1,10,5.0,0.01,0,0.0,10.11,70999
541,BUY_B,ST_FLIP_RED,2026-03-06T12:00:00,2026-03-06T16:00:00,long,70999,70255,100,0.1,7099.9,100.0,-74.4,-84.51,-7098.84,-0.08,0,0.0,744,1.05,26038.89,2187266.76,26.04,709.99,0.1,10,5.0,0.01,0,0.0,10.11,70627
542,SELL_A,ST_FLIP_GREEN,2026-03-06T16:00:00,2026-03-07T02:00:00,short,70255,68395,100,0.1,7025.5,100.0,186.0,175.89,14774.76,0.18,1860,2.65,0,0.0,26214.78,2202041.52,26.21,702.55,0.1,10,5.0,0.01,0,0.0,10.11,70627
543,BUY_B,ST_FLIP_RED,2026-03-07T02:00:00,2026-03-07T08:00:00,long,68395,67837,100,0.1,6839.5,100.0,-55.8,-65.91,-5536.44,-0.07,0,0.0,558,0.82,26148.87,2196505.08,26.15,683.95,0.1,10,5.0,0.01,0,0.0,10.11,68023
544,SELL_A,ST_FLIP_GREEN,2026-03-08T00:00:00,2026-03-08T14:00:00,short,67279,67651,100,0.1,6727.9,100.0,-37.2,-47.31,-3974.04,-0.05,0,0.0,372,0.55,26101.56,2192531.04,26.1,672.79,0.1,10,5.0,0.01,0,0.0,10.11,67651
545,BUY_B,ST_FLIP_RED,2026-03-08T14:00:00,2026-03-08T16:00:00,long,67651,67651,100,0.1,6765.1,100.0,0.0,-10.11,-849.24,-0.01,0,0.0,0,0.0,26091.45,2191681.8,26.09,676.51,0.1,10,5.0,0.01,0,0.0,10.11,67279
546,SELL_A,ST_FLIP_GREEN,2026-03-08T16:00:00,2026-03-09T08:00:00,short,67279,66535,100,0.1,6727.9,100.0,74.4,64.29,5400.36,0.06,744,1.11,0,0.0,26155.74,2197082.16,26.16,672.79,0.1,10,5.0,0.01,0,0.0,10.11,67651
547,BUY_A,ST_FLIP_RED,2026-03-09T08:00:00,2026-03-09T22:00:00,long,66535,68395,100,0.1,6653.5,100.0,186.0,175.89,14774.76,0.18,1860,2.8,0,0.0,26331.63,2211856.92,26.33,665.35,0.1,10,5.0,0.01,0,0.0,10.11,66163
548,SELL_A,ST_FLIP_GREEN,2026-03-09T22:00:00,2026-03-10T00:00:00,short,68395,68953,100,0.1,6839.5,100.0,-55.8,-65.91,-5536.44,-0.07,0,0.0,558,0.82,26265.72,2206320.48,26.27,683.95,0.1,10,5.0,0.01,0,0.0,10.11,68767
549,BUY_A,ST_FLIP_RED,2026-03-10T06:00:00,2026-03-10T16:00:00,long,69139,70255,100,0.1,6913.9,100.0,111.6,101.49,8525.16,0.1,1116,1.61,0,0.0,26367.21,2214845.64,26.37,691.39,0.1,10,5.0,0.01,0,0.0,10.11,68767
550,SELL_B,ST_FLIP_GREEN,2026-03-10T16:00:00,2026-03-10T20:00:00,short,70255,70441,100,0.1,7025.5,100.0,-18.6,-28.71,-2411.64,-0.03,0,0.0,186,0.26,26338.5,2212434.0,26.34,702.55,0.1,10,5.0,0.01,0,0.0,10.11,70627
551,BUY_A,ST_FLIP_RED,2026-03-10T20:00:00,2026-03-10T22:00:00,long,70813,70813,100,0.1,7081.3,100.0,0.0,-10.11,-849.24,-0.01,0,0.0,0,0.0,26328.39,2211584.76,26.33,708.13,0.1,10,5.0,0.01,0,0.0,10.11,70441
552,SELL_B,ST_FLIP_GREEN,2026-03-10T22:00:00,2026-03-11T18:00:00,short,70813,70069,100,0.1,7081.3,100.0,74.4,64.29,5400.36,0.06,744,1.05,0,0.0,26392.68,2216985.12,26.39,708.13,0.1,10,5.0,0.01,0,0.0,10.11,71185
553,BUY_A,ST_FLIP_RED,2026-03-11T18:00:00,2026-03-12T04:00:00,long,70255,70069,100,0.1,7025.5,100.0,-18.6,-28.71,-2411.64,-0.03,0,0.0,186,0.26,26363.97,2214573.48,26.36,702.55,0.1,10,5.0,0.01,0,0.0,10.11,69883
554,SELL_A,ST_FLIP_GREEN,2026-03-12T06:00:00,2026-03-12T14:00:00,short,69883,70069,100,0.1,6988.3,100.0,-18.6,-28.71,-2411.64,-0.03,0,0.0,186,0.27,26335.26,2212161.84,26.34,698.83,0.1,10,5.0,0.01,0,0.0,10.11,70255
555,BUY_A,ST_FLIP_RED,2026-03-12T14:00:00,2026-03-13T20:00:00,long,70069,73045,100,0.1,7006.9,100.0,297.6,287.49,24149.16,0.29,2976,4.25,0,0.0,26622.75,2236311.0,26.62,700.69,0.1,10,5.0,0.01,0,0.0,10.11,69697
556,SELL_B,ST_FLIP_GREEN,2026-03-13T20:00:00,2026-03-15T04:00:00,short,73045,70999,100,0.1,7304.5,100.0,204.6,194.49,16337.16,0.19,2046,2.8,0,0.0,26817.24,2252648.16,26.82,730.45,0.1,10,5.0,0.01,0,0.0,10.11,73417
557,BUY_A,ST_FLIP_RED,2026-03-15T04:00:00,2026-03-16T20:00:00,long,70999,73231,100,0.1,7099.9,100.0,223.2,213.09,17899.56,0.21,2232,3.14,0,0.0,27030.33,2270547.72,27.03,709.99,0.1,10,5.0,0.01,0,0.0,10.11,70627
558,SELL_A,ST_FLIP_GREEN,2026-03-16T20:00:00,2026-03-16T22:00:00,short,73231,73789,100,0.1,7323.1,100.0,-55.8,-65.91,-5536.44,-0.07,0,0.0,558,0.76,26964.42,2265011.28,26.96,732.31,0.1,10,5.0,0.01,0,0.0,10.11,73603
559,BUY_A,ST_FLIP_RED,2026-03-16T22:00:00,2026-03-17T00:00:00,long,74161,73789,100,0.1,7416.1,100.0,-37.2,-47.31,-3974.04,-0.05,0,0.0,372,0.5,26917.11,2261037.24,26.92,741.61,0.1,10,5.0,0.01,0,0.0,10.11,73789
560,SELL_B,ST_FLIP_GREEN,2026-03-17T00:00:00,2026-03-17T02:00:00,short,73789,74347,100,0.1,7378.9,100.0,-55.8,-65.91,-5536.44,-0.07,0,0.0,558,0.76,26851.2,2255500.8,26.85,737.89,0.1,10,5.0,0.01,0,0.0,10.11,74161
561,BUY_A,ST_FLIP_RED,2026-03-17T02:00:00,2026-03-17T08:00:00,long,74719,74533,100,0.1,7471.9,100.0,-18.6,-28.71,-2411.64,-0.03,0,0.0,186,0.25,26822.49,2253089.16,26.82,747.19,0.1,10,5.0,0.01,0,0.0,10.11,74347
562,SELL_B,ST_FLIP_GREEN,2026-03-17T08:00:00,2026-03-17T20:00:00,short,74533,74347,100,0.1,7453.3,100.0,18.6,8.49,713.16,0.01,186,0.25,0,0.0,26830.98,2253802.32,26.83,745.33,0.1,10,5.0,0.01,0,0.0,10.11,74905
563,SELL_B,ST_FLIP_GREEN,2026-03-18T04:00:00,2026-03-18T06:00:00,short,73975,74161,100,0.1,7397.5,100.0,-18.6,-28.71,-2411.64,-0.03,0,0.0,186,0.25,26802.27,2251390.68,26.8,739.75,0.1,10,5.0,0.01,0,0.0,10.11,74347
564,BUY_A,ST_FLIP_RED,2026-03-18T06:00:00,2026-03-18T16:00:00,long,74347,73789,100,0.1,7434.7,100.0,-55.8,-65.91,-5536.44,-0.07,0,0.0,558,0.75,26736.36,2245854.24,26.74,743.47,0.1,10,5.0,0.01,0,0.0,10.11,73975
565,SELL_A,ST_FLIP_GREEN,2026-03-18T16:00:00,2026-03-20T00:00:00,short,73789,69883,100,0.1,7378.9,100.0,390.6,380.49,31961.16,0.38,3906,5.29,0,0.0,27116.85,2277815.4,27.12,737.89,0.1,10,5.0,0.01,0,0.0,10.11,74161
566,BUY_B,ST_FLIP_RED,2026-03-20T00:00:00,2026-03-20T14:00:00,long,69883,70627,100,0.1,6988.3,100.0,74.4,64.29,5400.36,0.06,744,1.06,0,0.0,27181.14,2283215.76,27.18,698.83,0.1,10,5.0,0.01,0,0.0,10.11,69511
567,SELL_A,ST_FLIP_GREEN,2026-03-20T14:00:00,2026-03-21T02:00:00,short,70255,70255,100,0.1,7025.5,100.0,0.0,-10.11,-849.24,-0.01,0,0.0,0,0.0,27171.03,2282366.52,27.17,702.55,0.1,10,5.0,0.01,0,0.0,10.11,70627
568,BUY_A,ST_FLIP_RED,2026-03-21T02:00:00,2026-03-21T20:00:00,long,70255,70255,100,0.1,7025.5,100.0,0.0,-10.11,-849.24,-0.01,0,0.0,0,0.0,27160.92,2281517.28,27.16,702.55,0.1,10,5.0,0.01,0,0.0,10.11,69883
569,SELL_A,ST_FLIP_GREEN,2026-03-22T04:00:00,2026-03-23T10:00:00,short,70069,68581,100,0.1,7006.9,100.0,148.8,138.69,11649.96,0.14,1488,2.12,0,0.0,27299.61,2293167.24,27.3,700.69,0.1,10,5.0,0.01,0,0.0,10.11,70441
570,BUY_A,ST_FLIP_RED,2026-03-23T10:00:00,2026-03-23T20:00:00,long,68581,70627,100,0.1,6858.1,100.0,204.6,194.49,16337.16,0.19,2046,2.98,0,0.0,27494.1,2309504.4,27.49,685.81,0.1,10,5.0,0.01,0,0.0,10.11,68209
571,SELL_A,ST_FLIP_GREEN,2026-03-23T20:00:00,2026-03-23T22:00:00,short,70627,70627,100,0.1,7062.7,100.0,0.0,-10.11,-849.24,-0.01,0,0.0,0,0.0,27483.99,2308655.16,27.48,706.27,0.1,10,5.0,0.01,0,0.0,10.11,70999
572,BUY_A,ST_FLIP_RED,2026-03-23T22:00:00,2026-03-24T02:00:00,long,70999,70441,100,0.1,7099.9,100.0,-55.8,-65.91,-5536.44,-0.07,0,0.0,558,0.79,27418.08,2303118.72,27.42,709.99,0.1,10,5.0,0.01,0,0.0,10.11,70627
573,SELL_B,ST_FLIP_GREEN,2026-03-24T02:00:00,2026-03-24T12:00:00,short,70441,70999,100,0.1,7044.1,100.0,-55.8,-65.91,-5536.44,-0.07,0,0.0,558,0.79,27352.17,2297582.28,27.35,704.41,0.1,10,5.0,0.01,0,0.0,10.11,70813
574,BUY_A,ST_FLIP_RED,2026-03-24T12:00:00,2026-03-24T18:00:00,long,70999,70255,100,0.1,7099.9,100.0,-74.4,-84.51,-7098.84,-0.08,0,0.0,744,1.05,27267.66,2290483.44,27.27,709.99,0.1,10,5.0,0.01,0,0.0,10.11,70627
575,SELL_B,ST_FLIP_GREEN,2026-03-24T18:00:00,2026-03-25T00:00:00,short,70255,70069,100,0.1,7025.5,100.0,18.6,8.49,713.16,0.01,186,0.26,0,0.0,27276.15,2291196.6,27.28,702.55,0.1,10,5.0,0.01,0,0.0,10.11,70627
576,BUY_A,ST_FLIP_RED,2026-03-25T04:00:00,2026-03-25T22:00:00,long,70255,70813,100,0.1,7025.5,100.0,55.8,45.69,3837.96,0.05,558,0.79,0,0.0,27321.84,2295034.56,27.32,702.55,0.1,10,5.0,0.01,0,0.0,10.11,69883
577,BUY_B,ST_FLIP_RED,2026-03-26T04:00:00,2026-03-26T10:00:00,long,71371,70627,100,0.1,7137.1,100.0,-74.4,-84.51,-7098.84,-0.08,0,0.0,744,1.04,27237.33,2287935.72,27.24,713.71,0.1,10,5.0,0.01,0,0.0,10.11,70999
578,SELL_B,ST_FLIP_GREEN,2026-03-26T10:00:00,2026-03-27T00:00:00,short,70627,68767,100,0.1,7062.7,100.0,186.0,175.89,14774.76,0.18,1860,2.63,0,0.0,27413.22,2302710.48,27.41,706.27,0.1,10,5.0,0.01,0,0.0,10.11,70999
579,BUY_A,ST_FLIP_RED,2026-03-27T00:00:00,2026-03-27T02:00:00,long,68767,68767,100,0.1,6876.7,100.0,0.0,-10.11,-849.24,-0.01,0,0.0,0,0.0,27403.11,2301861.24,27.4,687.67,0.1,10,5.0,0.01,0,0.0,10.11,68395
580,BUY_B,ST_FLIP_RED,2026-03-27T06:00:00,2026-03-27T08:00:00,long,69139,68395,100,0.1,6913.9,100.0,-74.4,-84.51,-7098.84,-0.08,0,0.0,744,1.08,27318.6,2294762.4,27.32,691.39,0.1,10,5.0,0.01,0,0.0,10.11,68767
581,SELL_A,ST_FLIP_GREEN,2026-03-27T08:00:00,2026-03-28T04:00:00,short,68395,66349,100,0.1,6839.5,100.0,204.6,194.49,16337.16,0.19,2046,2.99,0,0.0,27513.09,2311099.56,27.51,683.95,0.1,10,5.0,0.01,0,0.0,10.11,68767
582,BUY_B,ST_FLIP_RED,2026-03-28T04:00:00,2026-03-29T04:00:00,long,66349,66349,100,0.1,6634.9,100.0,0.0,-10.11,-849.24,-0.01,0,0.0,0,0.0,27502.98,2310250.32,27.5,663.49,0.1,10,5.0,0.01,0,0.0,10.11,65977
583,BUY_B,ST_FLIP_RED,2026-03-29T08:00:00,2026-03-30T22:00:00,long,66907,67093,100,0.1,6690.7,100.0,18.6,8.49,713.16,0.01,186,0.28,0,0.0,27511.47,2310963.48,27.51,669.07,0.1,10,5.0,0.01,0,0.0,10.11,66535
584,SELL_A,ST_FLIP_GREEN,2026-03-30T22:00:00,2026-03-31T06:00:00,short,66907,67093,100,0.1,6690.7,100.0,-18.6,-28.71,-2411.64,-0.03,0,0.0,186,0.28,27482.76,2308551.84,27.48,669.07,0.1,10,5.0,0.01,0,0.0,10.11,67279
585,BUY_A,ST_FLIP_RED,2026-03-31T06:00:00,2026-03-31T08:00:00,long,67279,67465,100,0.1,6727.9,100.0,18.6,8.49,713.16,0.01,186,0.28,0,0.0,27491.25,2309265.0,27.49,672.79,0.1,10,5.0,0.01,0,0.0,10.11,66907
586,SELL_A,ST_FLIP_GREEN,2026-03-31T08:00:00,2026-03-31T18:00:00,short,67465,67093,100,0.1,6746.5,100.0,37.2,27.09,2275.56,0.03,372,0.55,0,0.0,27518.34,2311540.56,27.52,674.65,0.1,10,5.0,0.01,0,0.0,10.11,67837
587,BUY_A,ST_FLIP_RED,2026-03-31T18:00:00,2026-03-31T20:00:00,long,67279,67279,100,0.1,6727.9,100.0,0.0,-10.11,-849.24,-0.01,0,0.0,0,0.0,27508.23,2310691.32,27.51,672.79,0.1,10,5.0,0.01,0,0.0,10.11,66907
588,SELL_A,ST_FLIP_GREEN,2026-03-31T20:00:00,2026-03-31T22:00:00,short,67093,67465,100,0.1,6709.3,100.0,-37.2,-47.31,-3974.04,-0.05,0,0.0,372,0.55,27460.92,2306717.28,27.46,670.93,0.1,10,5.0,0.01,0,0.0,10.11,67465
589,BUY_A,ST_FLIP_RED,2026-03-31T22:00:00,2026-04-01T06:00:00,long,67465,67465,100,0.1,6746.5,100.0,0.0,-10.11,-849.24,-0.01,0,0.0,0,0.0,27450.81,2305868.04,27.45,674.65,0.1,10,5.0,0.01,0,0.0,10.11,67093
590,SELL_A,ST_FLIP_GREEN,2026-04-01T06:00:00,2026-04-01T08:00:00,short,67465,68023,100,0.1,6746.5,100.0,-55.8,-65.91,-5536.44,-0.07,0,0.0,558,0.83,27384.9,2300331.6,27.38,674.65,0.1,10,5.0,0.01,0,0.0,10.11,67837
591,BUY_B,ST_FLIP_RED,2026-04-01T08:00:00,2026-04-01T22:00:00,long,68023,68209,100,0.1,6802.3,100.0,18.6,8.49,713.16,0.01,186,0.27,0,0.0,27393.39,2301044.76,27.39,680.23,0.1,10,5.0,0.01,0,0.0,10.11,67651
592,SELL_A,ST_FLIP_GREEN,2026-04-01T22:00:00,2026-04-02T20:00:00,short,68209,66721,100,0.1,6820.9,100.0,148.8,138.69,11649.96,0.14,1488,2.18,0,0.0,27532.08,2312694.72,27.53,682.09,0.1,10,5.0,0.01,0,0.0,10.11,68581
593,BUY_A,ST_FLIP_RED,2026-04-02T20:00:00,2026-04-03T06:00:00,long,66721,66349,100,0.1,6672.1,100.0,-37.2,-47.31,-3974.04,-0.05,0,0.0,372,0.56,27484.77,2308720.68,27.48,667.21,0.1,10,5.0,0.01,0,0.0,10.11,66349
594,BUY_B,ST_FLIP_RED,2026-04-03T12:00:00,2026-04-05T10:00:00,long,66907,66721,100,0.1,6690.7,100.0,-18.6,-28.71,-2411.64,-0.03,0,0.0,186,0.28,27456.06,2306309.04,27.46,669.07,0.1,10,5.0,0.01,0,0.0,10.11,66535
595,BUY_B,ST_FLIP_RED,2026-04-05T20:00:00,2026-04-07T02:00:00,long,67465,69325,100,0.1,6746.5,100.0,186.0,175.89,14774.76,0.18,1860,2.76,0,0.0,27631.95,2321083.8,27.63,674.65,0.1,10,5.0,0.01,0,0.0,10.11,67093
596,SELL_B,ST_FLIP_GREEN,2026-04-07T02:00:00,2026-04-07T22:00:00,short,69325,68767,100,0.1,6932.5,100.0,55.8,45.69,3837.96,0.05,558,0.8,0,0.0,27677.64,2324921.76,27.68,693.25,0.1,10,5.0,0.01,0,0.0,10.11,69697
597,BUY_A,ST_FLIP_RED,2026-04-08T00:00:00,2026-04-08T20:00:00,long,68953,71185,100,0.1,6895.3,100.0,223.2,213.09,17899.56,0.21,2232,3.24,0,0.0,27890.73,2342821.32,27.89,689.53,0.1,10,5.0,0.01,0,0.0,10.11,68581
598,SELL_B,ST_FLIP_GREEN,2026-04-08T20:00:00,2026-04-09T20:00:00,short,71185,71185,100,0.1,7118.5,100.0,0.0,-10.11,-849.24,-0.01,0,0.0,0,0.0,27880.62,2341972.08,27.88,711.85,0.1,10,5.0,0.01,0,0.0,10.11,71557
599,BUY_A,ST_FLIP_RED,2026-04-09T20:00:00,2026-04-10T04:00:00,long,71557,71929,100,0.1,7155.7,100.0,37.2,27.09,2275.56,0.03,372,0.52,0,0.0,27907.71,2344247.64,27.91,715.57,0.1,10,5.0,0.01,0,0.0,10.11,71185
600,SELL_A,ST_FLIP_GREEN,2026-04-10T04:00:00,2026-04-10T06:00:00,short,71929,72301,100,0.1,7192.9,100.0,-37.2,-47.31,-3974.04,-0.05,0,0.0,372,0.52,27860.4,2340273.6,27.86,719.29,0.1,10,5.0,0.01,0,0.0,10.11,72301
601,BUY_A,ST_FLIP_RED,2026-04-10T18:00:00,2026-04-11T10:00:00,long,72487,72487,100,0.1,7248.7,100.0,0.0,-10.11,-849.24,-0.01,0,0.0,0,0.0,27850.29,2339424.36,27.85,724.87,0.1,10,5.0,0.01,0,0.0,10.11,72115
602,SELL_A,ST_FLIP_GREEN,2026-04-11T10:00:00,2026-04-11T22:00:00,short,72487,73231,100,0.1,7248.7,100.0,-74.4,-84.51,-7098.84,-0.08,0,0.0,744,1.03,27765.78,2332325.52,27.77,724.87,0.1,10,5.0,0.01,0,0.0,10.11,72859
603,BUY_B,ST_FLIP_RED,2026-04-11T22:00:00,2026-04-12T06:00:00,long,73231,72859,100,0.1,7323.1,100.0,-37.2,-47.31,-3974.04,-0.05,0,0.0,372,0.51,27718.47,2328351.48,27.72,732.31,0.1,10,5.0,0.01,0,0.0,10.11,72859
604,SELL_B,ST_FLIP_GREEN,2026-04-12T06:00:00,2026-04-13T06:00:00,short,72859,71371,100,0.1,7285.9,100.0,148.8,138.69,11649.96,0.14,1488,2.04,0,0.0,27857.16,2340001.44,27.86,728.59,0.1,10,5.0,0.01,0,0.0,10.11,73231
605,BUY_A,ST_FLIP_RED,2026-04-13T06:00:00,2026-04-13T10:00:00,long,71371,70813,100,0.1,7137.1,100.0,-55.8,-65.91,-5536.44,-0.07,0,0.0,558,0.78,27791.25,2334465.0,27.79,713.71,0.1,10,5.0,0.01,0,0.0,10.11,70999
606,BUY_B,ST_FLIP_RED,2026-04-13T18:00:00,2026-04-14T20:00:00,long,71557,75091,100,0.1,7155.7,100.0,353.4,343.29,28836.36,0.34,3534,4.94,0,0.0,28134.54,2363301.36,28.13,715.57,0.1,10,5.0,0.01,0,0.0,10.11,71185
607,SELL_B,ST_FLIP_GREEN,2026-04-14T20:00:00,2026-04-15T04:00:00,short,75091,74533,100,0.1,7509.1,100.0,55.8,45.69,3837.96,0.05,558,0.74,0,0.0,28180.23,2367139.32,28.18,750.91,0.1,10,5.0,0.01,0,0.0,10.11,75463
608,SELL_B,ST_FLIP_GREEN,2026-04-15T06:00:00,2026-04-15T18:00:00,short,74161,74533,100,0.1,7416.1,100.0,-37.2,-47.31,-3974.04,-0.05,0,0.0,372,0.5,28132.92,2363165.28,28.13,741.61,0.1,10,5.0,0.01,0,0.0,10.11,74533
609,BUY_A,ST_FLIP_RED,2026-04-15T18:00:00,2026-04-16T14:00:00,long,74533,74347,100,0.1,7453.3,100.0,-18.6,-28.71,-2411.64,-0.03,0,0.0,186,0.25,28104.21,2360753.64,28.1,745.33,0.1,10,5.0,0.01,0,0.0,10.11,74161
610,SELL_A,ST_FLIP_GREEN,2026-04-16T14:00:00,2026-04-16T20:00:00,short,74347,74347,100,0.1,7434.7,100.0,0.0,-10.11,-849.24,-0.01,0,0.0,0,0.0,28094.1,2359904.4,28.09,743.47,0.1,10,5.0,0.01,0,0.0,10.11,74719
611,BUY_A,ST_FLIP_RED,2026-04-16T20:00:00,2026-04-17T06:00:00,long,74533,74533,100,0.1,7453.3,100.0,0.0,-10.11,-849.24,-0.01,0,0.0,0,0.0,28083.99,2359055.16,28.08,745.33,0.1,10,5.0,0.01,0,0.0,10.11,74161
612,BUY_B,ST_FLIP_RED,2026-04-17T12:00:00,2026-04-17T22:00:00,long,75091,77509,100,0.1,7509.1,100.0,241.8,231.69,19461.96,0.23,2418,3.22,0,0.0,28315.68,2378517.12,28.32,750.91,0.1,10,5.0,0.01,0,0.0,10.11,74719
613,SELL_B,ST_FLIP_GREEN,2026-04-17T22:00:00,2026-04-19T16:00:00,short,77509,75649,100,0.1,7750.9,100.0,186.0,175.89,14774.76,0.18,1860,2.4,0,0.0,28491.57,2393291.88,28.49,775.09,0.1,10,5.0,0.01,0,0.0,10.11,77881
614,BUY_A,ST_FLIP_RED,2026-04-19T16:00:00,2026-04-19T22:00:00,long,75649,75277,100,0.1,7564.9,100.0,-37.2,-47.31,-3974.04,-0.05,0,0.0,372,0.49,28444.26,2389317.84,28.44,756.49,0.1,10,5.0,0.01,0,0.0,10.11,75277
615,SELL_A,ST_FLIP_GREEN,2026-04-19T22:00:00,2026-04-20T06:00:00,short,75091,74533,100,0.1,7509.1,100.0,55.8,45.69,3837.96,0.05,558,0.74,0,0.0,28489.95,2393155.8,28.49,750.91,0.1,10,5.0,0.01,0,0.0,10.11,75463
616,BUY_A,ST_FLIP_RED,2026-04-20T06:00:00,2026-04-21T06:00:00,long,74533,75649,100,0.1,7453.3,100.0,111.6,101.49,8525.16,0.1,1116,1.5,0,0.0,28591.44,2401680.96,28.59,745.33,0.1,10,5.0,0.01,0,0.0,10.11,74161
617,BUY_B,ST_FLIP_RED,2026-04-21T12:00:00,2026-04-21T20:00:00,long,76207,75835,100,0.1,7620.7,100.0,-37.2,-47.31,-3974.04,-0.05,0,0.0,372,0.49,28544.13,2397706.92,28.54,762.07,0.1,10,5.0,0.01,0,0.0,10.11,75835
618,SELL_B,ST_FLIP_GREEN,2026-04-21T20:00:00,2026-04-22T04:00:00,short,75835,76021,100,0.1,7583.5,100.0,-18.6,-28.71,-2411.64,-0.03,0,0.0,186,0.25,28515.42,2395295.28,28.52,758.35,0.1,10,5.0,0.01,0,0.0,10.11,76207
619,BUY_A,ST_FLIP_RED,2026-04-22T04:00:00,2026-04-23T04:00:00,long,76207,78253,100,0.1,7620.7,100.0,204.6,194.49,16337.16,0.19,2046,2.68,0,0.0,28709.91,2411632.44,28.71,762.07,0.1,10,5.0,0.01,0,0.0,10.11,75835
620,SELL_B,ST_FLIP_GREEN,2026-04-23T04:00:00,2026-04-23T20:00:00,short,78253,78067,100,0.1,7825.3,100.0,18.6,8.49,713.16,0.01,186,0.24,0,0.0,28718.4,2412345.6,28.72,782.53,0.1,10,5.0,0.01,0,0.0,10.11,78625
621,SELL_B,ST_FLIP_GREEN,2026-04-23T22:00:00,2026-04-24T16:00:00,short,77695,78253,100,0.1,7769.5,100.0,-55.8,-65.91,-5536.44,-0.07,0,0.0,558,0.72,28652.49,2406809.16,28.65,776.95,0.1,10,5.0,0.01,0,0.0,10.11,78067
622,BUY_A,ST_FLIP_RED,2026-04-24T16:00:00,2026-04-24T18:00:00,long,78253,77509,100,0.1,7825.3,100.0,-74.4,-84.51,-7098.84,-0.08,0,0.0,744,0.95,28567.98,2399710.32,28.57,782.53,0.1,10,5.0,0.01,0,0.0,10.11,77881
623,SELL_B,ST_FLIP_GREEN,2026-04-24T18:00:00,2026-04-25T14:00:00,short,77509,77881,100,0.1,7750.9,100.0,-37.2,-47.31,-3974.04,-0.05,0,0.0,372,0.48,28520.67,2395736.28,28.52,775.09,0.1,10,5.0,0.01,0,0.0,10.11,77881
624,BUY_A,ST_FLIP_RED,2026-04-25T14:00:00,2026-04-27T10:00:00,long,77881,78439,100,0.1,7788.1,100.0,55.8,45.69,3837.96,0.05,558,0.72,0,0.0,28566.36,2399574.24,28.57,778.81,0.1,10,5.0,0.01,0,0.0,10.11,77509
625,SELL_A,ST_FLIP_GREEN,2026-04-27T10:00:00,2026-04-28T04:00:00,short,78439,77323,100,0.1,7843.9,100.0,111.6,101.49,8525.16,0.1,1116,1.42,0,0.0,28667.85,2408099.4,28.67,784.39,0.1,10,5.0,0.01,0,0.0,10.11,78811
626,BUY_A,ST_FLIP_RED,2026-04-28T04:00:00,2026-04-28T08:00:00,long,77323,76765,100,0.1,7732.3,100.0,-55.8,-65.91,-5536.44,-0.07,0,0.0,558,0.72,28601.94,2402562.96,28.6,773.23,0.1,10,5.0,0.01,0,0.0,10.11,76951
627,SELL_A,ST_FLIP_GREEN,2026-04-28T08:00:00,2026-04-29T00:00:00,short,76765,76393,100,0.1,7676.5,100.0,37.2,27.09,2275.56,0.03,372,0.48,0,0.0,28629.03,2404838.52,28.63,767.65,0.1,10,5.0,0.01,0,0.0,10.11,77137
628,BUY_A,ST_FLIP_RED,2026-04-29T00:00:00,2026-04-29T16:00:00,long,76393,77137,100,0.1,7639.3,100.0,74.4,64.29,5400.36,0.06,744,0.97,0,0.0,28693.32,2410238.88,28.69,763.93,0.1,10,5.0,0.01,0,0.0,10.11,76021
629,SELL_A,ST_FLIP_GREEN,2026-04-29T16:00:00,2026-04-30T02:00:00,short,76951,75835,100,0.1,7695.1,100.0,111.6,101.49,8525.16,0.1,1116,1.45,0,0.0,28794.81,2418764.04,28.79,769.51,0.1,10,5.0,0.01,0,0.0,10.11,77323
630,BUY_A,ST_FLIP_RED,2026-04-30T02:00:00,2026-04-30T08:00:00,long,75835,75463,100,0.1,7583.5,100.0,-37.2,-47.31,-3974.04,-0.05,0,0.0,372,0.49,28747.5,2414790.0,28.75,758.35,0.1,10,5.0,0.01,0,0.0,10.11,75463
631,BUY_B,ST_FLIP_RED,2026-04-30T12:00:00,2026-05-04T04:00:00,long,76021,78439,100,0.1,7602.1,100.0,241.8,231.69,19461.96,0.23,2418,3.18,0,0.0,28979.19,2434251.96,28.98,760.21,0.1,10,5.0,0.01,0,0.0,10.11,75649
632,SELL_B,ST_FLIP_GREEN,2026-05-04T04:00:00,2026-05-04T06:00:00,short,78439,78811,100,0.1,7843.9,100.0,-37.2,-47.31,-3974.04,-0.05,0,0.0,372,0.47,28931.88,2430277.92,28.93,784.39,0.1,10,5.0,0.01,0,0.0,10.11,78811
633,BUY_A,ST_FLIP_RED,2026-05-04T06:00:00,2026-05-04T10:00:00,long,79369,79741,100,0.1,7936.9,100.0,37.2,27.09,2275.56,0.03,372,0.47,0,0.0,28958.97,2432553.48,28.96,793.69,0.1,10,5.0,0.01,0,0.0,10.11,78997
634,SELL_B,ST_FLIP_GREEN,2026-05-04T10:00:00,2026-05-04T18:00:00,short,79741,79183,100,0.1,7974.1,100.0,55.8,45.69,3837.96,0.05,558,0.7,0,0.0,29004.66,2436391.44,29.0,797.41,0.1,10,5.0,0.01,0,0.0,10.11,80113
635,BUY_A,ST_FLIP_RED,2026-05-04T18:00:00,2026-05-06T04:00:00,long,79369,80857,100,0.1,7936.9,100.0,148.8,138.69,11649.96,0.14,1488,1.87,0,0.0,29143.35,2448041.4,29.14,793.69,0.1,10,5.0,0.01,0,0.0,10.11,78997
636,SELL_A,ST_FLIP_GREEN,2026-05-06T04:00:00,2026-05-06T08:00:00,short,80857,81415,100,0.1,8085.7,100.0,-55.8,-65.91,-5536.44,-0.07,0,0.0,558,0.69,29077.44,2442504.96,29.08,808.57,0.1,10,5.0,0.01,0,0.0,10.11,81229
637,BUY_A,ST_FLIP_RED,2026-05-06T14:00:00,2026-05-06T18:00:00,long,81787,81787,100,0.1,8178.7,100.0,0.0,-10.11,-849.24,-0.01,0,0.0,0,0.0,29067.33,2441655.72,29.07,817.87,0.1,10,5.0,0.01,0,0.0,10.11,81415
638,SELL_B,ST_FLIP_GREEN,2026-05-06T18:00:00,2026-05-08T16:00:00,short,81787,80113,100,0.1,8178.7,100.0,167.4,157.29,13212.36,0.16,1674,2.05,0,0.0,29224.62,2454868.08,29.22,817.87,0.1,10,5.0,0.01,0,0.0,10.11,82159
639,BUY_A,ST_FLIP_RED,2026-05-08T16:00:00,2026-05-08T20:00:00,long,80113,79741,100,0.1,8011.3,100.0,-37.2,-47.31,-3974.04,-0.05,0,0.0,372,0.46,29177.31,2450894.04,29.18,801.13,0.1,10,5.0,0.01,0,0.0,10.11,79741
640,BUY_B,ST_FLIP_RED,2026-05-08T22:00:00,2026-05-11T06:00:00,long,80299,81043,100,0.1,8029.9,100.0,74.4,64.29,5400.36,0.06,744,0.93,0,0.0,29241.6,2456294.4,29.24,802.99,0.1,10,5.0,0.01,0,0.0,10.11,79927
641,SELL_A,ST_FLIP_GREEN,2026-05-11T08:00:00,2026-05-11T14:00:00,short,80857,81229,100,0.1,8085.7,100.0,-37.2,-47.31,-3974.04,-0.05,0,0.0,372,0.46,29194.29,2452320.36,29.19,808.57,0.1,10,5.0,0.01,0,0.0,10.11,81229
642,SELL_B,ST_FLIP_GREEN,2026-05-11T18:00:00,2026-05-11T20:00:00,short,80671,81415,100,0.1,8067.1,100.0,-74.4,-84.51,-7098.84,-0.08,0,0.0,744,0.92,29109.78,2445221.52,29.11,806.71,0.1,10,5.0,0.01,0,0.0,10.11,81043
643,BUY_B,ST_FLIP_RED,2026-05-11T20:00:00,2026-05-12T04:00:00,long,81415,81415,100,0.1,8141.5,100.0,0.0,-10.11,-849.24,-0.01,0,0.0,0,0.0,29099.67,2444372.28,29.1,814.15,0.1,10,5.0,0.01,0,0.0,10.11,81043
644,SELL_A,ST_FLIP_GREEN,2026-05-12T04:00:00,2026-05-13T00:00:00,short,81415,80857,100,0.1,8141.5,100.0,55.8,45.69,3837.96,0.05,558,0.69,0,0.0,29145.36,2448210.24,29.15,814.15,0.1,10,5.0,0.01,0,0.0,10.11,81787
645,BUY_A,ST_FLIP_RED,2026-05-13T06:00:00,2026-05-13T16:00:00,long,81043,80485,100,0.1,8104.3,100.0,-55.8,-65.91,-5536.44,-0.07,0,0.0,558,0.69,29079.45,2442673.8,29.08,810.43,0.1,10,5.0,0.01,0,0.0,10.11,80671
646,SELL_A,ST_FLIP_GREEN,2026-05-13T16:00:00,2026-05-13T22:00:00,short,80485,79741,100,0.1,8048.5,100.0,74.4,64.29,5400.36,0.06,744,0.92,0,0.0,29143.74,2448074.16,29.14,804.85,0.1,10,5.0,0.01,0,0.0,10.11,80857
647,BUY_A,ST_FLIP_RED,2026-05-13T22:00:00,2026-05-14T02:00:00,long,79741,79183,100,0.1,7974.1,100.0,-55.8,-65.91,-5536.44,-0.07,0,0.0,558,0.7,29077.83,2442537.72,29.08,797.41,0.1,10,5.0,0.01,0,0.0,10.11,79369
648,BUY_B,ST_FLIP_RED,2026-05-14T10:00:00,2026-05-15T00:00:00,long,79927,81229,100,0.1,7992.7,100.0,130.2,120.09,10087.56,0.12,1302,1.63,0,0.0,29197.92,2452625.28,29.2,799.27,0.1,10,5.0,0.01,0,0.0,10.11,79555
649,SELL_A,ST_FLIP_GREEN,2026-05-15T00:00:00,2026-05-17T14:00:00,short,81229,78439,100,0.1,8122.9,100.0,279.0,268.89,22586.76,0.27,2790,3.43,0,0.0,29466.81,2475212.04,29.47,812.29,0.1,10,5.0,0.01,0,0.0,10.11,81601
650,BUY_B,ST_FLIP_RED,2026-05-17T14:00:00,2026-05-17T18:00:00,long,78439,78067,100,0.1,7843.9,100.0,-37.2,-47.31,-3974.04,-0.05,0,0.0,372,0.47,29419.5,2471238.0,29.42,784.39,0.1,10,5.0,0.01,0,0.0,10.11,78067
651,BUY_B,ST_FLIP_RED,2026-05-18T00:00:00,2026-05-18T04:00:00,long,78439,77695,100,0.1,7843.9,100.0,-74.4,-84.51,-7098.84,-0.08,0,0.0,744,0.95,29334.99,2464139.16,29.33,784.39,0.1,10,5.0,0.01,0,0.0,10.11,78067
652,SELL_A,ST_FLIP_GREEN,2026-05-18T04:00:00,2026-05-18T16:00:00,short,77509,77323,100,0.1,7750.9,100.0,18.6,8.49,713.16,0.01,186,0.24,0,0.0,29343.48,2464852.32,29.34,775.09,0.1,10,5.0,0.01,0,0.0,10.11,77881
653,BUY_A,ST_FLIP_RED,2026-05-18T16:00:00,2026-05-18T18:00:00,long,77323,76765,100,0.1,7732.3,100.0,-55.8,-65.91,-5536.44,-0.07,0,0.0,558,0.72,29277.57,2459315.88,29.28,773.23,0.1,10,5.0,0.01,0,0.0,10.11,76951
654,SELL_A,ST_FLIP_GREEN,2026-05-18T18:00:00,2026-05-19T00:00:00,short,76579,76951,100,0.1,7657.9,100.0,-37.2,-47.31,-3974.04,-0.05,0,0.0,372,0.49,29230.26,2455341.84,29.23,765.79,0.1,10,5.0,0.01,0,0.0,10.11,76951
655,BUY_B,ST_FLIP_RED,2026-05-19T00:00:00,2026-05-19T08:00:00,long,76951,76579,100,0.1,7695.1,100.0,-37.2,-47.31,-3974.04,-0.05,0,0.0,372,0.48,29182.95,2451367.8,29.18,769.51,0.1,10,5.0,0.01,0,0.0,10.11,76579
656,SELL_A,ST_FLIP_GREEN,2026-05-19T18:00:00,2026-05-20T10:00:00,short,76393,77137,100,0.1,7639.3,100.0,-74.4,-84.51,-7098.84,-0.08,0,0.0,744,0.97,29098.44,2444268.96,29.1,763.93,0.1,10,5.0,0.01,0,0.0,10.11,76765
657,BUY_B,ST_FLIP_RED,2026-05-20T10:00:00,2026-05-20T20:00:00,long,77137,76951,100,0.1,7713.7,100.0,-18.6,-28.71,-2411.64,-0.03,0,0.0,186,0.24,29069.73,2441857.32,29.07,771.37,0.1,10,5.0,0.01,0,0.0,10.11,76765
658,BUY_B,ST_FLIP_RED,2026-05-21T04:00:00,2026-05-21T14:00:00,long,77695,77323,100,0.1,7769.5,100.0,-37.2,-47.31,-3974.04,-0.05,0,0.0,372,0.48,29022.42,2437883.28,29.02,776.95,0.1,10,5.0,0.01,0,0.0,10.11,77323
659,SELL_A,ST_FLIP_GREEN,2026-05-21T14:00:00,2026-05-21T22:00:00,short,77323,77695,100,0.1,7732.3,100.0,-37.2,-47.31,-3974.04,-0.05,0,0.0,372,0.48,28975.11,2433909.24,28.98,773.23,0.1,10,5.0,0.01,0,0.0,10.11,77695
660,BUY_A,ST_FLIP_RED,2026-05-21T22:00:00,2026-05-22T18:00:00,long,77695,77137,100,0.1,7769.5,100.0,-55.8,-65.91,-5536.44,-0.07,0,0.0,558,0.72,28909.2,2428372.8,28.91,776.95,0.1,10,5.0,0.01,0,0.0,10.11,77323
661,SELL_B,ST_FLIP_GREEN,2026-05-22T18:00:00,2026-05-23T18:00:00,short,77137,75277,100,0.1,7713.7,100.0,186.0,175.89,14774.76,0.18,1860,2.41,0,0.0,29085.09,2443147.56,29.09,771.37,0.1,10,5.0,0.01,0,0.0,10.11,77509
662,BUY_A,ST_FLIP_RED,2026-05-23T18:00:00,2026-05-24T18:00:00,long,75277,76579,100,0.1,7527.7,100.0,130.2,120.09,10087.56,0.12,1302,1.73,0,0.0,29205.18,2453235.12,29.21,752.77,0.1,10,5.0,0.01,0,0.0,10.11,74905
663,SELL_A,ST_FLIP_GREEN,2026-05-24T18:00:00,2026-05-24T22:00:00,short,76393,76765,100,0.1,7639.3,100.0,-37.2,-47.31,-3974.04,-0.05,0,0.0,372,0.49,29157.87,2449261.08,29.16,763.93,0.1,10,5.0,0.01,0,0.0,10.11,76765
664,BUY_A,ST_FLIP_RED,2026-05-25T04:00:00,2026-05-26T04:00:00,long,76951,76951,100,0.1,7695.1,100.0,0.0,-10.11,-849.24,-0.01,0,0.0,0,0.0,29147.76,2448411.84,29.15,769.51,0.1,10,5.0,0.01,0,0.0,10.11,76579
665,SELL_A,ST_FLIP_GREEN,2026-05-26T04:00:00,2026-05-26T14:00:00,short,76951,77323,100,0.1,7695.1,100.0,-37.2,-47.31,-3974.04,-0.05,0,0.0,372,0.48,29100.45,2444437.8,29.1,769.51,0.1,10,5.0,0.01,0,0.0,10.11,77323
666,BUY_A,ST_FLIP_RED,2026-05-26T18:00:00,2026-05-26T20:00:00,long,77509,77323,100,0.1,7750.9,100.0,-18.6,-28.71,-2411.64,-0.03,0,0.0,186,0.24,29071.74,2442026.16,29.07,775.09,0.1,10,5.0,0.01,0,0.0,10.11,77137
667,SELL_A,ST_FLIP_GREEN,2026-05-26T20:00:00,2026-05-28T22:00:00,short,77323,73603,100,0.1,7732.3,100.0,372.0,361.89,30398.76,0.36,3720,4.81,0,0.0,29433.63,2472424.92,29.43,773.23,0.1,10,5.0,0.01,0,0.0,10.11,77695
668,BUY_B,ST_FLIP_RED,2026-05-28T22:00:00,2026-05-29T18:00:00,long,73603,73045,100,0.1,7360.3,100.0,-55.8,-65.91,-5536.44,-0.07,0,0.0,558,0.76,29367.72,2466888.48,29.37,736.03,0.1,10,5.0,0.01,0,0.0,10.11,73231
669,BUY_B,ST_FLIP_RED,2026-05-29T20:00:00,2026-05-30T08:00:00,long,73231,73231,100,0.1,7323.1,100.0,0.0,-10.11,-849.24,-0.01,0,0.0,0,0.0,29357.61,2466039.24,29.36,732.31,0.1,10,5.0,0.01,0,0.0,10.11,72859
670,BUY_B,ST_FLIP_RED,2026-05-30T14:00:00,2026-05-31T14:00:00,long,73789,73603,100,0.1,7378.9,100.0,-18.6,-28.71,-2411.64,-0.03,0,0.0,186,0.25,29328.9,2463627.6,29.33,737.89,0.1,10,5.0,0.01,0,0.0,10.11,73417
671,SELL_A,ST_FLIP_GREEN,2026-06-01T08:00:00,2026-06-02T00:00:00,short,73417,71743,100,0.1,7341.7,100.0,167.4,157.29,13212.36,0.16,1674,2.28,0,0.0,29486.19,2476839.96,29.49,734.17,0.1,10,5.0,0.01,0,0.0,10.11,73789
672,BUY_A,ST_FLIP_RED,2026-06-02T00:00:00,2026-06-02T02:00:00,long,71743,71185,100,0.1,7174.3,100.0,-55.8,-65.91,-5536.44,-0.07,0,0.0,558,0.78,29420.28,2471303.52,29.42,717.43,0.1,10,5.0,0.01,0,0.0,10.11,71371
673,SELL_A,ST_FLIP_GREEN,2026-06-02T06:00:00,2026-06-03T10:00:00,short,70813,67279,100,0.1,7081.3,100.0,353.4,343.29,28836.36,0.34,3534,4.99,0,0.0,29763.57,2500139.88,29.76,708.13,0.1,10,5.0,0.01,0,0.0,10.11,71185
674,BUY_B,ST_FLIP_RED,2026-06-03T10:00:00,2026-06-03T18:00:00,long,67279,66721,100,0.1,6727.9,100.0,-55.8,-65.91,-5536.44,-0.07,0,0.0,558,0.83,29697.66,2494603.44,29.7,672.79,0.1,10,5.0,0.01,0,0.0,10.11,66907
675,SELL_A,ST_FLIP_GREEN,2026-06-03T20:00:00,2026-06-04T08:00:00,short,65977,63559,100,0.1,6597.7,100.0,241.8,231.69,19461.96,0.23,2418,3.66,0,0.0,29929.35,2514065.4,29.93,659.77,0.1,10,5.0,0.01,0,0.0,10.11,66349
676,BUY_B,ST_FLIP_RED,2026-06-04T08:00:00,2026-06-04T10:00:00,long,63559,64117,100,0.1,6355.9,100.0,55.8,45.69,3837.96,0.05,558,0.88,0,0.0,29975.04,2517903.36,29.98,635.59,0.1,10,5.0,0.01,0,0.0,10.11,63187
677,SELL_A,ST_FLIP_GREEN,2026-06-04T12:00:00,2026-06-04T16:00:00,short,63745,63187,100,0.1,6374.5,100.0,55.8,45.69,3837.96,0.05,558,0.88,0,0.0,30020.73,2521741.32,30.02,637.45,0.1,10,5.0,0.01,0,0.0,10.11,64117
678,BUY_A,ST_FLIP_RED,2026-06-04T16:00:00,2026-06-05T00:00:00,long,63187,63373,100,0.1,6318.7,100.0,18.6,8.49,713.16,0.01,186,0.29,0,0.0,30029.22,2522454.48,30.03,631.87,0.1,10,5.0,0.01,0,0.0,10.11,62815
679,SELL_A,ST_FLIP_GREEN,2026-06-05T00:00:00,2026-06-05T04:00:00,short,63187,63745,100,0.1,6318.7,100.0,-55.8,-65.91,-5536.44,-0.07,0,0.0,558,0.88,29963.31,2516918.04,29.96,631.87,0.1,10,5.0,0.01,0,0.0,10.11,63559
680,BUY_B,ST_FLIP_RED,2026-06-05T04:00:00,2026-06-05T06:00:00,long,63745,63373,100,0.1,6374.5,100.0,-37.2,-47.31,-3974.04,-0.05,0,0.0,372,0.58,29916.0,2512944.0,29.92,637.45,0.1,10,5.0,0.01,0,0.0,10.11,63373
681,SELL_A,ST_FLIP_GREEN,2026-06-05T06:00:00,2026-06-05T08:00:00,short,63373,63187,100,0.1,6337.3,100.0,18.6,8.49,713.16,0.01,186,0.29,0,0.0,29924.49,2513657.16,29.92,633.73,0.1,10,5.0,0.01,0,0.0,10.11,63745
682,BUY_A,ST_FLIP_RED,2026-06-05T08:00:00,2026-06-05T10:00:00,long,63187,62815,100,0.1,6318.7,100.0,-37.2,-47.31,-3974.04,-0.05,0,0.0,372,0.59,29877.18,2509683.12,29.88,631.87,0.1,10,5.0,0.01,0,0.0,10.11,62815
683,SELL_A,ST_FLIP_GREEN,2026-06-05T10:00:00,2026-06-05T12:00:00,short,62815,62071,100,0.1,6281.5,100.0,74.4,64.29,5400.36,0.06,744,1.18,0,0.0,29941.47,2515083.48,29.94,628.15,0.1,10,5.0,0.01,0,0.0,10.11,63187
684,BUY_A,ST_FLIP_RED,2026-06-05T12:00:00,2026-06-05T16:00:00,long,62071,62257,100,0.1,6207.1,100.0,18.6,8.49,713.16,0.01,186,0.3,0,0.0,29949.96,2515796.64,29.95,620.71,0.1,10,5.0,0.01,0,0.0,10.11,61699
685,SELL_A,ST_FLIP_GREEN,2026-06-05T16:00:00,2026-06-05T20:00:00,short,62071,60955,100,0.1,6207.1,100.0,111.6,101.49,8525.16,0.1,1116,1.8,0,0.0,30051.45,2524321.8,30.05,620.71,0.1,10,5.0,0.01,0,0.0,10.11,62443
686,BUY_A,ST_FLIP_RED,2026-06-05T20:00:00,2026-06-05T22:00:00,long,60955,60397,100,0.1,6095.5,100.0,-55.8,-65.91,-5536.44,-0.07,0,0.0,558,0.92,29985.54,2518785.36,29.99,609.55,0.1,10,5.0,0.01,0,0.0,10.11,60583
687,SELL_A,ST_FLIP_GREEN,2026-06-05T22:00:00,2026-06-06T00:00:00,short,60211,60583,100,0.1,6021.1,100.0,-37.2,-47.31,-3974.04,-0.05,0,0.0,372,0.62,29938.23,2514811.32,29.94,602.11,0.1,10,5.0,0.01,0,0.0,10.11,60583
688,BUY_B,ST_FLIP_RED,2026-06-06T00:00:00,2026-06-06T06:00:00,long,60583,60769,100,0.1,6058.3,100.0,18.6,8.49,713.16,0.01,186,0.31,0,0.0,29946.72,2515524.48,29.95,605.83,0.1,10,5.0,0.01,0,0.0,10.11,60211
689,SELL_A,ST_FLIP_GREEN,2026-06-06T08:00:00,2026-06-06T10:00:00,short,60583,60583,100,0.1,6058.3,100.0,0.0,-10.11,-849.24,-0.01,0,0.0,0,0.0,29936.61,2514675.24,29.94,605.83,0.1,10,5.0,0.01,0,0.0,10.11,60955
690,BUY_A,ST_FLIP_RED,2026-06-06T10:00:00,2026-06-06T14:00:00,long,60583,60769,100,0.1,6058.3,100.0,18.6,8.49,713.16,0.01,186,0.31,0,0.0,29945.1,2515388.4,29.95,605.83,0.1,10,5.0,0.01,0,0.0,10.11,60211
691,SELL_A,ST_FLIP_GREEN,2026-06-06T14:00:00,2026-06-06T18:00:00,short,60583,60955,100,0.1,6058.3,100.0,-37.2,-47.31,-3974.04,-0.05,0,0.0,372,0.61,29897.79,2511414.36,29.9,605.83,0.1,10,5.0,0.01,0,0.0,10.11,60955
692,BUY_A,ST_FLIP_RED,2026-06-06T18:00:00,2026-06-07T00:00:00,long,60955,60397,100,0.1,6095.5,100.0,-55.8,-65.91,-5536.44,-0.07,0,0.0,558,0.92,29831.88,2505877.92,29.83,609.55,0.1,10,5.0,0.01,0,0.0,10.11,60583
693,SELL_B,ST_FLIP_GREEN,2026-06-07T00:00:00,2026-06-07T06:00:00,short,60397,61141,100,0.1,6039.7,100.0,-74.4,-84.51,-7098.84,-0.08,0,0.0,744,1.23,29747.37,2498779.08,29.75,603.97,0.1,10,5.0,0.01,0,0.0,10.11,60769
694,BUY_B,ST_FLIP_RED,2026-06-07T06:00:00,2026-06-07T16:00:00,long,61141,61885,100,0.1,6114.1,100.0,74.4,64.29,5400.36,0.06,744,1.22,0,0.0,29811.66,2504179.44,29.81,611.41,0.1,10,5.0,0.01,0,0.0,10.11,60769
695,SELL_A,ST_FLIP_GREEN,2026-06-07T16:00:00,2026-06-08T02:00:00,short,61885,62443,100,0.1,6188.5,100.0,-55.8,-65.91,-5536.44,-0.07,0,0.0,558,0.9,29745.75,2498643.0,29.75,618.85,0.1,10,5.0,0.01,0,0.0,10.11,62257
696,BUY_A,ST_FLIP_RED,2026-06-08T02:00:00,2026-06-08T08:00:00,long,62443,62815,100,0.1,6244.3,100.0,37.2,27.09,2275.56,0.03,372,0.6,0,0.0,29772.84,2500918.56,29.77,624.43,0.1,10,5.0,0.01,0,0.0,10.11,62071
697,SELL_A,ST_FLIP_GREEN,2026-06-08T08:00:00,2026-06-08T18:00:00,short,62815,63373,100,0.1,6281.5,100.0,-55.8,-65.91,-5536.44,-0.07,0,0.0,558,0.89,29706.93,2495382.12,29.71,628.15,0.1,10,5.0,0.01,0,0.0,10.11,63187
698,BUY_A,ST_FLIP_RED,2026-06-08T18:00:00,2026-06-09T00:00:00,long,63559,63187,100,0.1,6355.9,100.0,-37.2,-47.31,-3974.04,-0.05,0,0.0,372,0.59,29659.62,2491408.08,29.66,635.59,0.1,10,5.0,0.01,0,0.0,10.11,63187
699,SELL_B,ST_FLIP_GREEN,2026-06-09T00:00:00,2026-06-09T10:00:00,short,63187,63373,100,0.1,6318.7,100.0,-18.6,-28.71,-2411.64,-0.03,0,0.0,186,0.29,29630.91,2488996.44,29.63,631.87,0.1,10,5.0,0.01,0,0.0,10.11,63559
700,SELL_B,ST_FLIP_GREEN,2026-06-09T12:00:00,2026-06-09T22:00:00,short,63001,61699,100,0.1,6300.1,100.0,130.2,120.09,10087.56,0.12,1302,2.07,0,0.0,29751.0,2499084.0,29.75,630.01,0.1,10,5.0,0.01,0,0.0,10.11,63373
701,BUY_A,ST_FLIP_RED,2026-06-09T22:00:00,2026-06-10T06:00:00,long,61699,61327,100,0.1,6169.9,100.0,-37.2,-47.31,-3974.04,-0.05,0,0.0,372,0.6,29703.69,2495109.96,29.7,616.99,0.1,10,5.0,0.01,0,0.0,10.11,61327
702,BUY_B,ST_FLIP_RED,2026-06-10T18:00:00,2026-06-11T02:00:00,long,62071,61699,100,0.1,6207.1,100.0,-37.2,-47.31,-3974.04,-0.05,0,0.0,372,0.6,29656.38,2491135.92,29.66,620.71,0.1,10,5.0,0.01,0,0.0,10.11,61699
703,SELL_A,ST_FLIP_GREEN,2026-06-11T02:00:00,2026-06-11T04:00:00,short,61513,61699,100,0.1,6151.3,100.0,-18.6,-28.71,-2411.64,-0.03,0,0.0,186,0.3,29627.67,2488724.28,29.63,615.13,0.1,10,5.0,0.01,0,0.0,10.11,61885
704,BUY_A,ST_FLIP_RED,2026-06-11T04:00:00,2026-06-12T10:00:00,long,61699,63187,100,0.1,6169.9,100.0,148.8,138.69,11649.96,0.14,1488,2.41,0,0.0,29766.36,2500374.24,29.77,616.99,0.1,10,5.0,0.01,0,0.0,10.11,61327
705,SELL_A,ST_FLIP_GREEN,2026-06-12T10:00:00,2026-06-12T12:00:00,short,63187,63559,100,0.1,6318.7,100.0,-37.2,-47.31,-3974.04,-0.05,0,0.0,372,0.59,29719.05,2496400.2,29.72,631.87,0.1,10,5.0,0.01,0,0.0,10.11,63559
706,BUY_A,ST_FLIP_RED,2026-06-13T16:00:00,2026-06-14T20:00:00,long,63931,63931,100,0.1,6393.1,100.0,0.0,-10.11,-849.24,-0.01,0,0.0,0,0.0,29708.94,2495550.96,29.71,639.31,0.1,10,5.0,0.01,0,0.0,10.11,63559
707,SELL_A,ST_FLIP_GREEN,2026-06-14T20:00:00,2026-06-15T02:00:00,short,63931,64303,100,0.1,6393.1,100.0,-37.2,-47.31,-3974.04,-0.05,0,0.0,372,0.58,29661.63,2491576.92,29.66,639.31,0.1,10,5.0,0.01,0,0.0,10.11,64303
708,BUY_A,ST_FLIP_RED,2026-06-15T02:00:00,2026-06-16T00:00:00,long,64675,66535,100,0.1,6467.5,100.0,186.0,175.89,14774.76,0.18,1860,2.88,0,0.0,29837.52,2506351.68,29.84,646.75,0.1,10,5.0,0.01,0,0.0,10.11,64303
709,SELL_B,ST_FLIP_GREEN,2026-06-16T00:00:00,2026-06-16T10:00:00,short,66535,66349,100,0.1,6653.5,100.0,18.6,8.49,713.16,0.01,186,0.28,0,0.0,29846.01,2507064.84,29.85,665.35,0.1,10,5.0,0.01,0,0.0,10.11,66907
710,SELL_B,ST_FLIP_GREEN,2026-06-16T18:00:00,2026-06-16T22:00:00,short,65977,65977,100,0.1,6597.7,100.0,0.0,-10.11,-849.24,-0.01,0,0.0,0,0.0,29835.9,2506215.6,29.84,659.77,0.1,10,5.0,0.01,0,0.0,10.11,66349
711,SELL_B,ST_FLIP_GREEN,2026-06-17T12:00:00,2026-06-17T18:00:00,short,65419,65233,100,0.1,6541.9,100.0,18.6,8.49,713.16,0.01,186,0.28,0,0.0,29844.39,2506928.76,29.84,654.19,0.1,10,5.0,0.01,0,0.0,10.11,65791
712,BUY_A,ST_FLIP_RED,2026-06-17T18:00:00,2026-06-17T22:00:00,long,65233,65605,100,0.1,6523.3,100.0,37.2,27.09,2275.56,0.03,372,0.57,0,0.0,29871.48,2509204.32,29.87,652.33,0.1,10,5.0,0.01,0,0.0,10.11,64861
713,SELL_A,ST_FLIP_GREEN,2026-06-17T22:00:00,2026-06-18T12:00:00,short,65419,64489,100,0.1,6541.9,100.0,93.0,82.89,6962.76,0.08,930,1.42,0,0.0,29954.37,2516167.08,29.95,654.19,0.1,10,5.0,0.01,0,0.0,10.11,65791
714,BUY_A,ST_FLIP_RED,2026-06-18T12:00:00,2026-06-18T14:00:00,long,64489,64117,100,0.1,6448.9,100.0,-37.2,-47.31,-3974.04,-0.05,0,0.0,372,0.58,29907.06,2512193.04,29.91,644.89,0.1,10,5.0,0.01,0,0.0,10.11,64117
715,SELL_A,ST_FLIP_GREEN,2026-06-18T14:00:00,2026-06-19T00:00:00,short,63931,63187,100,0.1,6393.1,100.0,74.4,64.29,5400.36,0.06,744,1.16,0,0.0,29971.35,2517593.4,29.97,639.31,0.1,10,5.0,0.01,0,0.0,10.11,64303
716,BUY_A,ST_FLIP_RED,2026-06-19T00:00:00,2026-06-19T02:00:00,long,63187,62629,100,0.1,6318.7,100.0,-55.8,-65.91,-5536.44,-0.07,0,0.0,558,0.88,29905.44,2512056.96,29.91,631.87,0.1,10,5.0,0.01,0,0.0,10.11,62815
717,BUY_B,ST_FLIP_RED,2026-06-19T18:00:00,2026-06-21T12:00:00,long,63373,63931,100,0.1,6337.3,100.0,55.8,45.69,3837.96,0.05,558,0.88,0,0.0,29951.13,2515894.92,29.95,633.73,0.1,10,5.0,0.01,0,0.0,10.11,63001
718,SELL_A,ST_FLIP_GREEN,2026-06-22T02:00:00,2026-06-22T06:00:00,short,63745,64303,100,0.1,6374.5,100.0,-55.8,-65.91,-5536.44,-0.07,0,0.0,558,0.88,29885.22,2510358.48,29.89,637.45,0.1,10,5.0,0.01,0,0.0,10.11,64117
719,BUY_A,ST_FLIP_RED,2026-06-22T06:00:00,2026-06-22T08:00:00,long,64303,64117,100,0.1,6430.3,100.0,-18.6,-28.71,-2411.64,-0.03,0,0.0,186,0.29,29856.51,2507946.84,29.86,643.03,0.1,10,5.0,0.01,0,0.0,10.11,63931
720,SELL_A,ST_FLIP_GREEN,2026-06-22T08:00:00,2026-06-22T16:00:00,short,64117,64489,100,0.1,6411.7,100.0,-37.2,-47.31,-3974.04,-0.05,0,0.0,372,0.58,29809.2,2503972.8,29.81,641.17,0.1,10,5.0,0.01,0,0.0,10.11,64489
721,BUY_A,ST_FLIP_RED,2026-06-22T16:00:00,2026-06-22T20:00:00,long,64675,64489,100,0.1,6467.5,100.0,-18.6,-28.71,-2411.64,-0.03,0,0.0,186,0.29,29780.49,2501561.16,29.78,646.75,0.1,10,5.0,0.01,0,0.0,10.11,64303
722,SELL_A,ST_FLIP_GREEN,2026-06-22T20:00:00,2026-06-23T18:00:00,short,64489,62629,100,0.1,6448.9,100.0,186.0,175.89,14774.76,0.18,1860,2.88,0,0.0,29956.38,2516335.92,29.96,644.89,0.1,10,5.0,0.01,0,0.0,10.11,64861
723,BUY_A,ST_FLIP_RED,2026-06-23T18:00:00,2026-06-24T18:00:00,long,62629,62257,100,0.1,6262.9,100.0,-37.2,-47.31,-3974.04,-0.05,0,0.0,372,0.59,29909.07,2512361.88,29.91,626.29,0.1,10,5.0,0.01,0,0.0,10.11,62257
724,SELL_A,ST_FLIP_GREEN,2026-06-24T18:00:00,2026-06-25T00:00:00,short,61885,60397,100,0.1,6188.5,100.0,148.8,138.69,11649.96,0.14,1488,2.4,0,0.0,30047.76,2524011.84,30.05,618.85,0.1,10,5.0,0.01,0,0.0,10.11,62257
725,BUY_B,ST_FLIP_RED,2026-06-25T00:00:00,2026-06-25T16:00:00,long,60397,61141,100,0.1,6039.7,100.0,74.4,64.29,5400.36,0.06,744,1.23,0,0.0,30112.05,2529412.2,30.11,603.97,0.1,10,5.0,0.01,0,0.0,10.11,60025
726,SELL_A,ST_FLIP_GREEN,2026-06-25T16:00:00,2026-06-26T08:00:00,short,60955,59467,100,0.1,6095.5,100.0,148.8,138.69,11649.96,0.14,1488,2.44,0,0.0,30250.74,2541062.16,30.25,609.55,0.1,10,5.0,0.01,0,0.0,10.11,61327
727,BUY_A,ST_FLIP_RED,2026-06-26T08:00:00,2026-06-26T14:00:00,long,59467,59653,100,0.1,5946.7,100.0,18.6,8.49,713.16,0.01,186,0.31,0,0.0,30259.23,2541775.32,30.26,594.67,0.1,10,5.0,0.01,0,0.0,10.11,59095
728,BUY_B,ST_FLIP_RED,2026-06-26T18:00:00,2026-06-28T02:00:00,long,60211,60025,100,0.1,6021.1,100.0,-18.6,-28.71,-2411.64,-0.03,0,0.0,186,0.31,30230.52,2539363.68,30.23,602.11,0.1,10,5.0,0.01,0,0.0,10.11,59839
729,SELL_A,ST_FLIP_GREEN,2026-06-28T02:00:00,2026-06-29T08:00:00,short,60025,59839,100,0.1,6002.5,100.0,18.6,8.49,713.16,0.01,186,0.31,0,0.0,30239.01,2540076.84,30.24,600.25,0.1,10,5.0,0.01,0,0.0,10.11,60397
730,BUY_A,ST_FLIP_RED,2026-06-29T08:00:00,2026-06-29T18:00:00,long,60025,59839,100,0.1,6002.5,100.0,-18.6,-28.71,-2411.64,-0.03,0,0.0,186,0.31,30210.3,2537665.2,30.21,600.25,0.1,10,5.0,0.01,0,0.0,10.11,59653
731,SELL_A,ST_FLIP_GREEN,2026-06-29T18:00:00,2026-06-29T22:00:00,short,59653,60025,100,0.1,5965.3,100.0,-37.2,-47.31,-3974.04,-0.05,0,0.0,372,0.62,30162.99,2533691.16,30.16,596.53,0.1,10,5.0,0.01,0,0.0,10.11,60025
732,BUY_A,ST_FLIP_RED,2026-06-29T22:00:00,2026-06-30T04:00:00,long,60025,59839,100,0.1,6002.5,100.0,-18.6,-28.71,-2411.64,-0.03,0,0.0,186,0.31,30134.28,2531279.52,30.13,600.25,0.1,10,5.0,0.01,0,0.0,10.11,59653
733,SELL_A,ST_FLIP_GREEN,2026-06-30T04:00:00,2026-07-01T00:00:00,short,59839,58909,100,0.1,5983.9,100.0,93.0,82.89,6962.76,0.08,930,1.55,0,0.0,30217.17,2538242.28,30.22,598.39,0.1,10,5.0,0.01,0,0.0,10.11,60211
734,BUY_A,ST_FLIP_RED,2026-07-01T00:00:00,2026-07-01T04:00:00,long,58909,58351,100,0.1,5890.9,100.0,-55.8,-65.91,-5536.44,-0.07,0,0.0,558,0.95,30151.26,2532705.84,30.15,589.09,0.1,10,5.0,0.01,0,0.0,10.11,58537
735,SELL_A,ST_FLIP_GREEN,2026-07-01T04:00:00,2026-07-01T06:00:00,short,58351,59095,100,0.1,5835.1,100.0,-74.4,-84.51,-7098.84,-0.08,0,0.0,744,1.28,30066.75,2525607.0,30.07,583.51,0.1,10,5.0,0.01,0,0.0,10.11,58723
