trade_number,entry_type,exit_type,entry_datetime,exit_datetime,direction,entry_price,exit_price,size_qty,actual_quantity,size_value,lot_notional_usd,gross_pnl,net_pnl,net_pnl_inr,net_pnl_pct,favorable_excursion,favorable_excursion_pct,adverse_excursion,adverse_excursion_pct,cumulative_pnl,cumulative_pnl_inr,cumulative_pnl_pct,margin_required,taker_fees_usd,slippage_usd,slippage_applied,funding_usd,insurance_usd,tax_usd,total_charges_usd,stop_loss
1,BUY_A,ST_FLIP_RED,2025-07-02T08:00:00,2025-07-03T04:00:00,long,105967,108757,1000,1,105967,100,2790,2779.89,233510.76,2.78,2790,2.63,0,0,2779.89,233510.76,2.78,10596.7,0.1,10,5,0.01,0,0,10.11,105595
2,SELL_B,ST_FLIP_GREEN,2025-07-03T04:00:00,2025-07-03T10:00:00,short,108757,109315,1000,1,108757,100,-558,-568.11,-47721.24,-0.57,0,0,558,0.51,2211.78,185789.52,2.21,10875.7,0.1,10,5,0.01,0,0,10.11,109129
3,SELL_B,ST_FLIP_GREEN,2025-07-03T20:00:00,2025-07-05T02:00:00,short,109129,108199,1000,1,109129,100,930,919.89,77270.76,0.92,930,0.85,0,0,3131.67,263060.28,3.13,10912.9,0.1,10,5,0.01,0,0,10.11,109501
4,SELL_B,ST_FLIP_GREEN,2025-07-05T06:00:00,2025-07-05T08:00:00,short,107641,108385,1000,1,107641,100,-744,-754.11,-63345.24,-0.75,0,0,744,0.69,2377.56,199715.04,2.38,10764.1,0.1,10,5,0.01,0,0,10.11,108013
5,BUY_B,ST_FLIP_RED,2025-07-05T08:00:00,2025-07-06T22:00:00,long,108385,108385,1000,1,108385,100,0,-10.11,-849.24,-0.01,0,0,0,0,2367.45,198865.8,2.37,10838.5,0.1,10,5,0.01,0,0,10.11,108013
6,BUY_B,ST_FLIP_RED,2025-07-07T02:00:00,2025-07-07T04:00:00,long,109129,108943,1000,1,109129,100,-186,-196.11,-16473.24,-0.2,0,0,186,0.17,2171.34,182392.56,2.17,10912.9,0.1,10,5,0.01,0,0,10.11,108757
7,SELL_A,ST_FLIP_GREEN,2025-07-07T04:00:00,2025-07-08T04:00:00,short,108943,108199,1000,1,108943,100,744,733.89,61646.76,0.73,744,0.68,0,0,2905.23,244039.32,2.91,10894.3,0.1,10,5,0.01,0,0,10.11,109315
8,BUY_A,ST_FLIP_RED,2025-07-08T04:00:00,2025-07-08T06:00:00,long,108385,108013,1000,1,108385,100,-372,-382.11,-32097.24,-0.38,0,0,372,0.34,2523.12,211942.08,2.52,10838.5,0.1,10,5,0.01,0,0,10.11,108013
9,SELL_A,ST_FLIP_GREEN,2025-07-08T06:00:00,2025-07-08T12:00:00,short,107827,108385,1000,1,107827,100,-558,-568.11,-47721.24,-0.57,0,0,558,0.52,1955.01,164220.84,1.96,10782.7,0.1,10,5,0.01,0,0,10.11,108199
10,BUY_B,ST_FLIP_RED,2025-07-08T12:00:00,2025-07-09T08:00:00,long,108385,108385,1000,1,108385,100,0,-10.11,-849.24,-0.01,0,0,0,0,1944.9,163371.6,1.94,10838.5,0.1,10,5,0.01,0,0,10.11,108013
11,SELL_A,ST_FLIP_GREEN,2025-07-09T08:00:00,2025-07-09T10:00:00,short,108199,108757,1000,1,108199,100,-558,-568.11,-47721.24,-0.57,0,0,558,0.52,1376.79,115650.36,1.38,10819.9,0.1,10,5,0.01,0,0,10.11,108571
12,BUY_A,ST_FLIP_RED,2025-07-09T10:00:00,2025-07-09T18:00:00,long,108757,108757,1000,1,108757,100,0,-10.11,-849.24,-0.01,0,0,0,0,1366.68,114801.12,1.37,10875.7,0.1,10,5,0.01,0,0,10.11,108385
13,SELL_A,ST_FLIP_GREEN,2025-07-09T18:00:00,2025-07-09T22:00:00,short,108757,109501,1000,1,108757,100,-744,-754.11,-63345.24,-0.75,0,0,744,0.68,612.57,51455.88,0.61,10875.7,0.1,10,5,0.01,0,0,10.11,109129
14,BUY_B,ST_FLIP_RED,2025-07-09T22:00:00,2025-07-11T20:00:00,long,109501,117499,1000,1,109501,100,7998,7987.89,670982.76,7.99,7998,7.3,0,0,8600.46,722438.64,8.6,10950.1,0.1,10,5,0.01,0,0,10.11,109129
15,SELL_B,ST_FLIP_GREEN,2025-07-11T20:00:00,2025-07-12T00:00:00,short,117499,117685,1000,1,117499,100,-186,-196.11,-16473.24,-0.2,0,0,186,0.16,8404.35,705965.4,8.4,11749.9,0.1,10,5,0.01,0,0,10.11,117871
16,SELL_B,ST_FLIP_GREEN,2025-07-12T02:00:00,2025-07-12T06:00:00,short,117499,117685,1000,1,117499,100,-186,-196.11,-16473.24,-0.2,0,0,186,0.16,8208.24,689492.16,8.21,11749.9,0.1,10,5,0.01,0,0,10.11,117871
17,SELL_B,ST_FLIP_GREEN,2025-07-12T20:00:00,2025-07-13T08:00:00,short,117313,117685,1000,1,117313,100,-372,-382.11,-32097.24,-0.38,0,0,372,0.32,7826.13,657394.92,7.83,11731.3,0.1,10,5,0.01,0,0,10.11,117685
18,BUY_A,ST_FLIP_RED,2025-07-13T08:00:00,2025-07-14T02:00:00,long,117871,118615,1000,1,117871,100,744,733.89,61646.76,0.73,744,0.63,0,0,8560.02,719041.68,8.56,11787.1,0.1,10,5,0.01,0,0,10.11,117499
19,SELL_A,ST_FLIP_GREEN,2025-07-14T02:00:00,2025-07-14T04:00:00,short,118615,118801,1000,1,118615,100,-186,-196.11,-16473.24,-0.2,0,0,186,0.16,8363.91,702568.44,8.36,11861.5,0.1,10,5,0.01,0,0,10.11,118987
20,BUY_A,ST_FLIP_RED,2025-07-14T04:00:00,2025-07-14T14:00:00,long,119173,121777,1000,1,119173,100,2604,2593.89,217886.76,2.59,2604,2.19,0,0,10957.8,920455.2,10.96,11917.3,0.1,10,5,0.01,0,0,10.11,118801
21,SELL_B,ST_FLIP_GREEN,2025-07-14T14:00:00,2025-07-15T18:00:00,short,121777,117499,1000,1,121777,100,4278,4267.89,358502.76,4.27,4278,3.51,0,0,15225.69,1278957.96,15.23,12177.7,0.1,10,5,0.01,0,0,10.11,122149
22,BUY_B,ST_FLIP_RED,2025-07-15T18:00:00,2025-07-15T20:00:00,long,117499,117127,1000,1,117499,100,-372,-382.11,-32097.24,-0.38,0,0,372,0.32,14843.58,1246860.72,14.84,11749.9,0.1,10,5,0.01,0,0,10.11,117127
23,SELL_A,ST_FLIP_GREEN,2025-07-16T00:00:00,2025-07-16T02:00:00,short,116569,117127,1000,1,116569,100,-558,-568.11,-47721.24,-0.57,0,0,558,0.48,14275.47,1199139.48,14.28,11656.9,0.1,10,5,0.01,0,0,10.11,116941
24,BUY_B,ST_FLIP_RED,2025-07-16T02:00:00,2025-07-16T18:00:00,long,117127,118429,1000,1,117127,100,1302,1291.89,108518.76,1.29,1302,1.11,0,0,15567.36,1307658.24,15.57,11712.7,0.1,10,5,0.01,0,0,10.11,116755
25,SELL_A,ST_FLIP_GREEN,2025-07-16T18:00:00,2025-07-16T20:00:00,short,118429,118987,1000,1,118429,100,-558,-568.11,-47721.24,-0.57,0,0,558,0.47,14999.25,1259937,15,11842.9,0.1,10,5,0.01,0,0,10.11,118801
26,BUY_A,ST_FLIP_RED,2025-07-16T20:00:00,2025-07-17T04:00:00,long,118987,118987,1000,1,118987,100,0,-10.11,-849.24,-0.01,0,0,0,0,14989.14,1259087.76,14.99,11898.7,0.1,10,5,0.01,0,0,10.11,118615
27,SELL_A,ST_FLIP_GREEN,2025-07-17T04:00:00,2025-07-17T18:00:00,short,118987,118057,1000,1,118987,100,930,919.89,77270.76,0.92,930,0.78,0,0,15909.03,1336358.52,15.91,11898.7,0.1,10,5,0.01,0,0,10.11,119359
28,BUY_A,ST_FLIP_RED,2025-07-17T18:00:00,2025-07-18T00:00:00,long,118243,118987,1000,1,118243,100,744,733.89,61646.76,0.73,744,0.63,0,0,16642.92,1398005.28,16.64,11824.3,0.1,10,5,0.01,0,0,10.11,117871
29,SELL_A,ST_FLIP_GREEN,2025-07-18T00:00:00,2025-07-18T02:00:00,short,118987,119545,1000,1,118987,100,-558,-568.11,-47721.24,-0.57,0,0,558,0.47,16074.81,1350284.04,16.07,11898.7,0.1,10,5,0.01,0,0,10.11,119359
30,BUY_B,ST_FLIP_RED,2025-07-18T02:00:00,2025-07-18T04:00:00,long,119545,119545,1000,1,119545,100,0,-10.11,-849.24,-0.01,0,0,0,0,16064.7,1349434.8,16.06,11954.5,0.1,10,5,0.01,0,0,10.11,119173
31,SELL_A,ST_FLIP_GREEN,2025-07-18T04:00:00,2025-07-18T06:00:00,short,119545,119917,1000,1,119545,100,-372,-382.11,-32097.24,-0.38,0,0,372,0.31,15682.59,1317337.56,15.68,11954.5,0.1,10,5,0.01,0,0,10.11,119917
32,BUY_A,ST_FLIP_RED,2025-07-18T06:00:00,2025-07-18T12:00:00,long,120103,119731,1000,1,120103,100,-372,-382.11,-32097.24,-0.38,0,0,372,0.31,15300.48,1285240.32,15.3,12010.3,0.1,10,5,0.01,0,0,10.11,119731
33,SELL_B,ST_FLIP_GREEN,2025-07-18T12:00:00,2025-07-19T02:00:00,short,119731,117685,1000,1,119731,100,2046,2035.89,171014.76,2.04,2046,1.71,0,0,17336.37,1456255.08,17.34,11973.1,0.1,10,5,0.01,0,0,10.11,120103
34,BUY_A,ST_FLIP_RED,2025-07-19T02:00:00,2025-07-20T02:00:00,long,117685,117685,1000,1,117685,100,0,-10.11,-849.24,-0.01,0,0,0,0,17326.26,1455405.84,17.33,11768.5,0.1,10,5,0.01,0,0,10.11,117313
35,BUY_B,ST_FLIP_RED,2025-07-20T12:00:00,2025-07-20T22:00:00,long,118243,118243,1000,1,118243,100,0,-10.11,-849.24,-0.01,0,0,0,0,17316.15,1454556.6,17.32,11824.3,0.1,10,5,0.01,0,0,10.11,117871
36,SELL_A,ST_FLIP_GREEN,2025-07-20T22:00:00,2025-07-21T06:00:00,short,118057,117499,1000,1,118057,100,558,547.89,46022.76,0.55,558,0.47,0,0,17864.04,1500579.36,17.86,11805.7,0.1,10,5,0.01,0,0,10.11,118429
37,BUY_A,ST_FLIP_RED,2025-07-21T06:00:00,2025-07-21T14:00:00,long,117499,118615,1000,1,117499,100,1116,1105.89,92894.76,1.11,1116,0.95,0,0,18969.93,1593474.12,18.97,11749.9,0.1,10,5,0.01,0,0,10.11,117127
38,SELL_A,ST_FLIP_GREEN,2025-07-21T14:00:00,2025-07-21T18:00:00,short,118615,118987,1000,1,118615,100,-372,-382.11,-32097.24,-0.38,0,0,372,0.31,18587.82,1561376.88,18.59,11861.5,0.1,10,5,0.01,0,0,10.11,118987
39,SELL_B,ST_FLIP_GREEN,2025-07-21T20:00:00,2025-07-22T06:00:00,short,118243,117685,1000,1,118243,100,558,547.89,46022.76,0.55,558,0.47,0,0,19135.71,1607399.64,19.14,11824.3,0.1,10,5,0.01,0,0,10.11,118615
40,BUY_A,ST_FLIP_RED,2025-07-22T06:00:00,2025-07-22T08:00:00,long,117685,117127,1000,1,117685,100,-558,-568.11,-47721.24,-0.57,0,0,558,0.47,18567.6,1559678.4,18.57,11768.5,0.1,10,5,0.01,0,0,10.11,117313
41,SELL_B,ST_FLIP_GREEN,2025-07-22T08:00:00,2025-07-22T10:00:00,short,117127,117313,1000,1,117127,100,-186,-196.11,-16473.24,-0.2,0,0,186,0.16,18371.49,1543205.16,18.37,11712.7,0.1,10,5,0.01,0,0,10.11,117499
42,BUY_A,ST_FLIP_RED,2025-07-22T10:00:00,2025-07-22T18:00:00,long,117313,118615,1000,1,117313,100,1302,1291.89,108518.76,1.29,1302,1.11,0,0,19663.38,1651723.92,19.66,11731.3,0.1,10,5,0.01,0,0,10.11,116941
43,SELL_A,ST_FLIP_GREEN,2025-07-22T18:00:00,2025-07-22T20:00:00,short,118615,118987,1000,1,118615,100,-372,-382.11,-32097.24,-0.38,0,0,372,0.31,19281.27,1619626.68,19.28,11861.5,0.1,10,5,0.01,0,0,10.11,118987
44,BUY_A,ST_FLIP_RED,2025-07-22T20:00:00,2025-07-23T06:00:00,long,119173,119173,1000,1,119173,100,0,-10.11,-849.24,-0.01,0,0,0,0,19271.16,1618777.44,19.27,11917.3,0.1,10,5,0.01,0,0,10.11,118801
45,SELL_A,ST_FLIP_GREEN,2025-07-23T06:00:00,2025-07-24T02:00:00,short,119173,118429,1000,1,119173,100,744,733.89,61646.76,0.73,744,0.62,0,0,20005.05,1680424.2,20.01,11917.3,0.1,10,5,0.01,0,0,10.11,119545
46,BUY_A,ST_FLIP_RED,2025-07-24T02:00:00,2025-07-24T08:00:00,long,118615,118429,1000,1,118615,100,-186,-196.11,-16473.24,-0.2,0,0,186,0.16,19808.94,1663950.96,19.81,11861.5,0.1,10,5,0.01,0,0,10.11,118243
47,SELL_A,ST_FLIP_GREEN,2025-07-24T08:00:00,2025-07-24T12:00:00,short,118243,118429,1000,1,118243,100,-186,-196.11,-16473.24,-0.2,0,0,186,0.16,19612.83,1647477.72,19.61,11824.3,0.1,10,5,0.01,0,0,10.11,118615
48,BUY_A,ST_FLIP_RED,2025-07-24T12:00:00,2025-07-24T14:00:00,long,118429,118057,1000,1,118429,100,-372,-382.11,-32097.24,-0.38,0,0,372,0.31,19230.72,1615380.48,19.23,11842.9,0.1,10,5,0.01,0,0,10.11,118057
49,SELL_A,ST_FLIP_GREEN,2025-07-24T14:00:00,2025-07-24T20:00:00,short,118057,118801,1000,1,118057,100,-744,-754.11,-63345.24,-0.75,0,0,744,0.63,18476.61,1552035.24,18.48,11805.7,0.1,10,5,0.01,0,0,10.11,118429
50,BUY_B,ST_FLIP_RED,2025-07-24T20:00:00,2025-07-25T02:00:00,long,118801,118615,1000,1,118801,100,-186,-196.11,-16473.24,-0.2,0,0,186,0.16,18280.5,1535562,18.28,11880.1,0.1,10,5,0.01,0,0,10.11,118429
51,SELL_A,ST_FLIP_GREEN,2025-07-25T02:00:00,2025-07-25T14:00:00,short,118615,116011,1000,1,118615,100,2604,2593.89,217886.76,2.59,2604,2.2,0,0,20874.39,1753448.76,20.87,11861.5,0.1,10,5,0.01,0,0,10.11,118987
52,BUY_B,ST_FLIP_RED,2025-07-25T14:00:00,2025-07-25T18:00:00,long,116011,115639,1000,1,116011,100,-372,-382.11,-32097.24,-0.38,0,0,372,0.32,20492.28,1721351.52,20.49,11601.1,0.1,10,5,0.01,0,0,10.11,115639
53,BUY_B,ST_FLIP_RED,2025-07-25T22:00:00,2025-07-28T08:00:00,long,116011,118987,1000,1,116011,100,2976,2965.89,249134.76,2.97,2976,2.57,0,0,23458.17,1970486.28,23.46,11601.1,0.1,10,5,0.01,0,0,10.11,115639
54,SELL_B,ST_FLIP_GREEN,2025-07-28T08:00:00,2025-07-28T10:00:00,short,118987,119545,1000,1,118987,100,-558,-568.11,-47721.24,-0.57,0,0,558,0.47,22890.06,1922765.04,22.89,11898.7,0.1,10,5,0.01,0,0,10.11,119359
55,SELL_B,ST_FLIP_GREEN,2025-07-28T18:00:00,2025-07-29T02:00:00,short,118801,118057,1000,1,118801,100,744,733.89,61646.76,0.73,744,0.63,0,0,23623.95,1984411.8,23.62,11880.1,0.1,10,5,0.01,0,0,10.11,119173
56,BUY_A,ST_FLIP_RED,2025-07-29T02:00:00,2025-07-29T18:00:00,long,118243,118243,1000,1,118243,100,0,-10.11,-849.24,-0.01,0,0,0,0,23613.84,1983562.56,23.61,11824.3,0.1,10,5,0.01,0,0,10.11,117871
57,SELL_A,ST_FLIP_GREEN,2025-07-29T18:00:00,2025-07-29T22:00:00,short,118057,117871,1000,1,118057,100,186,175.89,14774.76,0.18,186,0.16,0,0,23789.73,1998337.32,23.79,11805.7,0.1,10,5,0.01,0,0,10.11,118429
58,BUY_A,ST_FLIP_RED,2025-07-29T22:00:00,2025-07-30T16:00:00,long,117871,117685,1000,1,117871,100,-186,-196.11,-16473.24,-0.2,0,0,186,0.16,23593.62,1981864.08,23.59,11787.1,0.1,10,5,0.01,0,0,10.11,117499
59,SELL_A,ST_FLIP_GREEN,2025-07-31T00:00:00,2025-07-31T04:00:00,short,117499,117685,1000,1,117499,100,-186,-196.11,-16473.24,-0.2,0,0,186,0.16,23397.51,1965390.84,23.4,11749.9,0.1,10,5,0.01,0,0,10.11,117871
60,BUY_A,ST_FLIP_RED,2025-07-31T04:00:00,2025-07-31T18:00:00,long,117685,117871,1000,1,117685,100,186,175.89,14774.76,0.18,186,0.16,0,0,23573.4,1980165.6,23.57,11768.5,0.1,10,5,0.01,0,0,10.11,117313
61,BUY_B,ST_FLIP_RED,2025-07-31T20:00:00,2025-07-31T22:00:00,long,118429,118057,1000,1,118429,100,-372,-382.11,-32097.24,-0.38,0,0,372,0.31,23191.29,1948068.36,23.19,11842.9,0.1,10,5,0.01,0,0,10.11,118057
62,SELL_A,ST_FLIP_GREEN,2025-07-31T22:00:00,2025-08-01T14:00:00,short,118057,115081,1000,1,118057,100,2976,2965.89,249134.76,2.97,2976,2.52,0,0,26157.18,2197203.12,26.16,11805.7,0.1,10,5,0.01,0,0,10.11,118429
63,BUY_B,ST_FLIP_RED,2025-08-01T14:00:00,2025-08-01T22:00:00,long,115081,115081,1000,1,115081,100,0,-10.11,-849.24,-0.01,0,0,0,0,26147.07,2196353.88,26.15,11508.1,0.1,10,5,0.01,0,0,10.11,114709
64,SELL_A,ST_FLIP_GREEN,2025-08-01T22:00:00,2025-08-03T06:00:00,short,114709,113035,1000,1,114709,100,1674,1663.89,139766.76,1.66,1674,1.46,0,0,27810.96,2336120.64,27.81,11470.9,0.1,10,5,0.01,0,0,10.11,115081
65,BUY_B,ST_FLIP_RED,2025-08-03T06:00:00,2025-08-04T20:00:00,long,113035,114709,1000,1,113035,100,1674,1663.89,139766.76,1.66,1674,1.48,0,0,29474.85,2475887.4,29.47,11303.5,0.1,10,5,0.01,0,0,10.11,112663
66,SELL_A,ST_FLIP_GREEN,2025-08-04T20:00:00,2025-08-04T22:00:00,short,114709,115267,1000,1,114709,100,-558,-568.11,-47721.24,-0.57,0,0,558,0.49,28906.74,2428166.16,28.91,11470.9,0.1,10,5,0.01,0,0,10.11,115081
67,BUY_A,ST_FLIP_RED,2025-08-04T22:00:00,2025-08-05T00:00:00,long,115267,114523,1000,1,115267,100,-744,-754.11,-63345.24,-0.75,0,0,744,0.65,28152.63,2364820.92,28.15,11526.7,0.1,10,5,0.01,0,0,10.11,114895
68,SELL_B,ST_FLIP_GREEN,2025-08-05T00:00:00,2025-08-05T14:00:00,short,114523,115081,1000,1,114523,100,-558,-568.11,-47721.24,-0.57,0,0,558,0.49,27584.52,2317099.68,27.58,11452.3,0.1,10,5,0.01,0,0,10.11,114895
69,BUY_A,ST_FLIP_RED,2025-08-05T14:00:00,2025-08-05T16:00:00,long,115081,114337,1000,1,115081,100,-744,-754.11,-63345.24,-0.75,0,0,744,0.65,26830.41,2253754.44,26.83,11508.1,0.1,10,5,0.01,0,0,10.11,114709
70,SELL_B,ST_FLIP_GREEN,2025-08-05T16:00:00,2025-08-06T00:00:00,short,114337,113779,1000,1,114337,100,558,547.89,46022.76,0.55,558,0.49,0,0,27378.3,2299777.2,27.38,11433.7,0.1,10,5,0.01,0,0,10.11,114709
71,BUY_A,ST_FLIP_RED,2025-08-06T00:00:00,2025-08-06T08:00:00,long,113779,113407,1000,1,113779,100,-372,-382.11,-32097.24,-0.38,0,0,372,0.33,26996.19,2267679.96,27,11377.9,0.1,10,5,0.01,0,0,10.11,113407
72,BUY_B,ST_FLIP_RED,2025-08-06T20:00:00,2025-08-07T06:00:00,long,114151,114709,1000,1,114151,100,558,547.89,46022.76,0.55,558,0.49,0,0,27544.08,2313702.72,27.54,11415.1,0.1,10,5,0.01,0,0,10.11,113779
73,SELL_A,ST_FLIP_GREEN,2025-08-07T06:00:00,2025-08-07T12:00:00,short,114709,115081,1000,1,114709,100,-372,-382.11,-32097.24,-0.38,0,0,372,0.32,27161.97,2281605.48,27.16,11470.9,0.1,10,5,0.01,0,0,10.11,115081
74,BUY_A,ST_FLIP_RED,2025-08-07T12:00:00,2025-08-08T06:00:00,long,115267,116755,1000,1,115267,100,1488,1477.89,124142.76,1.48,1488,1.29,0,0,28639.86,2405748.24,28.64,11526.7,0.1,10,5,0.01,0,0,10.11,114895
75,SELL_B,ST_FLIP_GREEN,2025-08-08T06:00:00,2025-08-09T02:00:00,short,116755,116755,1000,1,116755,100,0,-10.11,-849.24,-0.01,0,0,0,0,28629.75,2404899,28.63,11675.5,0.1,10,5,0.01,0,0,10.11,117127
76,SELL_B,ST_FLIP_GREEN,2025-08-09T06:00:00,2025-08-09T14:00:00,short,116383,117127,1000,1,116383,100,-744,-754.11,-63345.24,-0.75,0,0,744,0.64,27875.64,2341553.76,27.88,11638.3,0.1,10,5,0.01,0,0,10.11,116755
77,BUY_A,ST_FLIP_RED,2025-08-09T14:00:00,2025-08-09T16:00:00,long,117127,117127,1000,1,117127,100,0,-10.11,-849.24,-0.01,0,0,0,0,27865.53,2340704.52,27.87,11712.7,0.1,10,5,0.01,0,0,10.11,116755
78,SELL_A,ST_FLIP_GREEN,2025-08-09T16:00:00,2025-08-10T08:00:00,short,117127,117127,1000,1,117127,100,0,-10.11,-849.24,-0.01,0,0,0,0,27855.42,2339855.28,27.86,11712.7,0.1,10,5,0.01,0,0,10.11,117499
79,BUY_A,ST_FLIP_RED,2025-08-10T08:00:00,2025-08-10T10:00:00,long,117313,118057,1000,1,117313,100,744,733.89,61646.76,0.73,744,0.63,0,0,28589.31,2401502.04,28.59,11731.3,0.1,10,5,0.01,0,0,10.11,116941
80,SELL_A,ST_FLIP_GREEN,2025-08-10T10:00:00,2025-08-10T12:00:00,short,118057,118243,1000,1,118057,100,-186,-196.11,-16473.24,-0.2,0,0,186,0.16,28393.2,2385028.8,28.39,11805.7,0.1,10,5,0.01,0,0,10.11,118429
81,BUY_A,ST_FLIP_RED,2025-08-10T18:00:00,2025-08-11T14:00:00,long,118615,121405,1000,1,118615,100,2790,2779.89,233510.76,2.78,2790,2.35,0,0,31173.09,2618539.56,31.17,11861.5,0.1,10,5,0.01,0,0,10.11,118243
82,SELL_B,ST_FLIP_GREEN,2025-08-11T14:00:00,2025-08-11T20:00:00,short,121405,120475,1000,1,121405,100,930,919.89,77270.76,0.92,930,0.77,0,0,32092.98,2695810.32,32.09,12140.5,0.1,10,5,0.01,0,0,10.11,121777
83,BUY_A,ST_FLIP_RED,2025-08-11T20:00:00,2025-08-11T22:00:00,long,120661,120103,1000,1,120661,100,-558,-568.11,-47721.24,-0.57,0,0,558,0.46,31524.87,2648089.08,31.52,12066.1,0.1,10,5,0.01,0,0,10.11,120289
84,SELL_B,ST_FLIP_GREEN,2025-08-11T22:00:00,2025-08-12T06:00:00,short,120103,119173,1000,1,120103,100,930,919.89,77270.76,0.92,930,0.77,0,0,32444.76,2725359.84,32.44,12010.3,0.1,10,5,0.01,0,0,10.11,120475
85,BUY_A,ST_FLIP_RED,2025-08-12T06:00:00,2025-08-12T12:00:00,long,119173,118615,1000,1,119173,100,-558,-568.11,-47721.24,-0.57,0,0,558,0.47,31876.65,2677638.6,31.88,11917.3,0.1,10,5,0.01,0,0,10.11,118801
86,BUY_B,ST_FLIP_RED,2025-08-12T20:00:00,2025-08-13T06:00:00,long,119359,119173,1000,1,119359,100,-186,-196.11,-16473.24,-0.2,0,0,186,0.16,31680.54,2661165.36,31.68,11935.9,0.1,10,5,0.01,0,0,10.11,118987
87,SELL_A,ST_FLIP_GREEN,2025-08-13T10:00:00,2025-08-13T12:00:00,short,119173,119731,1000,1,119173,100,-558,-568.11,-47721.24,-0.57,0,0,558,0.47,31112.43,2613444.12,31.11,11917.3,0.1,10,5,0.01,0,0,10.11,119545
88,BUY_B,ST_FLIP_RED,2025-08-13T12:00:00,2025-08-14T06:00:00,long,119731,123637,1000,1,119731,100,3906,3895.89,327254.76,3.9,3906,3.26,0,0,35008.32,2940698.88,35.01,11973.1,0.1,10,5,0.01,0,0,10.11,119359
89,SELL_B,ST_FLIP_GREEN,2025-08-14T06:00:00,2025-08-15T00:00:00,short,123637,118243,1000,1,123637,100,5394,5383.89,452246.76,5.38,5394,4.36,0,0,40392.21,3392945.64,40.39,12363.7,0.1,10,5,0.01,0,0,10.11,124009
90,BUY_B,ST_FLIP_RED,2025-08-15T00:00:00,2025-08-15T16:00:00,long,118243,118429,1000,1,118243,100,186,175.89,14774.76,0.18,186,0.16,0,0,40568.1,3407720.4,40.57,11824.3,0.1,10,5,0.01,0,0,10.11,117871
91,SELL_A,ST_FLIP_GREEN,2025-08-15T18:00:00,2025-08-16T06:00:00,short,117871,117685,1000,1,117871,100,186,175.89,14774.76,0.18,186,0.16,0,0,40743.99,3422495.16,40.74,11787.1,0.1,10,5,0.01,0,0,10.11,118243
92,BUY_A,ST_FLIP_RED,2025-08-16T06:00:00,2025-08-16T14:00:00,long,117685,117127,1000,1,117685,100,-558,-568.11,-47721.24,-0.57,0,0,558,0.47,40175.88,3374773.92,40.18,11768.5,0.1,10,5,0.01,0,0,10.11,117313
93,BUY_B,ST_FLIP_RED,2025-08-16T18:00:00,2025-08-18T04:00:00,long,117871,117313,1000,1,117871,100,-558,-568.11,-47721.24,-0.57,0,0,558,0.47,39607.77,3327052.68,39.61,11787.1,0.1,10,5,0.01,0,0,10.11,117499
94,SELL_A,ST_FLIP_GREEN,2025-08-18T04:00:00,2025-08-18T20:00:00,short,117313,115639,1000,1,117313,100,1674,1663.89,139766.76,1.66,1674,1.43,0,0,41271.66,3466819.44,41.27,11731.3,0.1,10,5,0.01,0,0,10.11,117685
95,BUY_A,ST_FLIP_RED,2025-08-18T20:00:00,2025-08-19T04:00:00,long,115639,116197,1000,1,115639,100,558,547.89,46022.76,0.55,558,0.48,0,0,41819.55,3512842.2,41.82,11563.9,0.1,10,5,0.01,0,0,10.11,115267
96,SELL_A,ST_FLIP_GREEN,2025-08-19T04:00:00,2025-08-19T14:00:00,short,116011,115453,1000,1,116011,100,558,547.89,46022.76,0.55,558,0.48,0,0,42367.44,3558864.96,42.37,11601.1,0.1,10,5,0.01,0,0,10.11,116383
97,BUY_A,ST_FLIP_RED,2025-08-19T14:00:00,2025-08-19T18:00:00,long,115453,115081,1000,1,115453,100,-372,-382.11,-32097.24,-0.38,0,0,372,0.32,41985.33,3526767.72,41.99,11545.3,0.1,10,5,0.01,0,0,10.11,115081
98,SELL_A,ST_FLIP_GREEN,2025-08-19T18:00:00,2025-08-20T08:00:00,short,114895,113593,1000,1,114895,100,1302,1291.89,108518.76,1.29,1302,1.13,0,0,43277.22,3635286.48,43.28,11489.5,0.1,10,5,0.01,0,0,10.11,115267
99,BUY_B,ST_FLIP_RED,2025-08-20T08:00:00,2025-08-20T18:00:00,long,113593,113221,1000,1,113593,100,-372,-382.11,-32097.24,-0.38,0,0,372,0.33,42895.11,3603189.24,42.9,11359.3,0.1,10,5,0.01,0,0,10.11,113221
100,BUY_B,ST_FLIP_RED,2025-08-20T20:00:00,2025-08-20T22:00:00,long,113593,113779,1000,1,113593,100,186,175.89,14774.76,0.18,186,0.16,0,0,43071,3617964,43.07,11359.3,0.1,10,5,0.01,0,0,10.11,113221
101,SELL_A,ST_FLIP_GREEN,2025-08-20T22:00:00,2025-08-21T00:00:00,short,113593,113779,1000,1,113593,100,-186,-196.11,-16473.24,-0.2,0,0,186,0.16,42874.89,3601490.76,42.87,11359.3,0.1,10,5,0.01,0,0,10.11,113965
102,BUY_A,ST_FLIP_RED,2025-08-21T00:00:00,2025-08-21T06:00:00,long,113779,113779,1000,1,113779,100,0,-10.11,-849.24,-0.01,0,0,0,0,42864.78,3600641.52,42.86,11377.9,0.1,10,5,0.01,0,0,10.11,113407
103,SELL_A,ST_FLIP_GREEN,2025-08-21T10:00:00,2025-08-21T18:00:00,short,113593,113779,1000,1,113593,100,-186,-196.11,-16473.24,-0.2,0,0,186,0.16,42668.67,3584168.28,42.67,11359.3,0.1,10,5,0.01,0,0,10.11,113965
104,BUY_A,ST_FLIP_RED,2025-08-21T18:00:00,2025-08-21T20:00:00,long,113779,113221,1000,1,113779,100,-558,-568.11,-47721.24,-0.57,0,0,558,0.49,42100.56,3536447.04,42.1,11377.9,0.1,10,5,0.01,0,0,10.11,113407
105,SELL_B,ST_FLIP_GREEN,2025-08-21T20:00:00,2025-08-22T06:00:00,short,113221,113035,1000,1,113221,100,186,175.89,14774.76,0.18,186,0.16,0,0,42276.45,3551221.8,42.28,11322.1,0.1,10,5,0.01,0,0,10.11,113593
106,BUY_A,ST_FLIP_RED,2025-08-22T06:00:00,2025-08-22T08:00:00,long,113035,113035,1000,1,113035,100,0,-10.11,-849.24,-0.01,0,0,0,0,42266.34,3550372.56,42.27,11303.5,0.1,10,5,0.01,0,0,10.11,112663
107,SELL_A,ST_FLIP_GREEN,2025-08-22T08:00:00,2025-08-22T18:00:00,short,112849,112663,1000,1,112849,100,186,175.89,14774.76,0.18,186,0.16,0,0,42442.23,3565147.32,42.44,11284.9,0.1,10,5,0.01,0,0,10.11,113221
108,BUY_A,ST_FLIP_RED,2025-08-22T18:00:00,2025-08-23T06:00:00,long,112663,116383,1000,1,112663,100,3720,3709.89,311630.76,3.71,3720,3.3,0,0,46152.12,3876778.08,46.15,11266.3,0.1,10,5,0.01,0,0,10.11,112291
109,SELL_B,ST_FLIP_GREEN,2025-08-23T06:00:00,2025-08-24T04:00:00,short,116383,115453,1000,1,116383,100,930,919.89,77270.76,0.92,930,0.8,0,0,47072.01,3954048.84,47.07,11638.3,0.1,10,5,0.01,0,0,10.11,116755
110,SELL_B,ST_FLIP_GREEN,2025-08-24T10:00:00,2025-08-25T06:00:00,short,114895,113221,1000,1,114895,100,1674,1663.89,139766.76,1.66,1674,1.46,0,0,48735.9,4093815.6,48.74,11489.5,0.1,10,5,0.01,0,0,10.11,115267
111,BUY_B,ST_FLIP_RED,2025-08-25T06:00:00,2025-08-25T08:00:00,long,113221,112849,1000,1,113221,100,-372,-382.11,-32097.24,-0.38,0,0,372,0.33,48353.79,4061718.36,48.35,11322.1,0.1,10,5,0.01,0,0,10.11,112849
112,SELL_A,ST_FLIP_GREEN,2025-08-25T10:00:00,2025-08-25T18:00:00,short,112477,111919,1000,1,112477,100,558,547.89,46022.76,0.55,558,0.5,0,0,48901.68,4107741.12,48.9,11247.7,0.1,10,5,0.01,0,0,10.11,112849
113,BUY_B,ST_FLIP_RED,2025-08-25T18:00:00,2025-08-26T00:00:00,long,111919,111919,1000,1,111919,100,0,-10.11,-849.24,-0.01,0,0,0,0,48891.57,4106891.88,48.89,11191.9,0.1,10,5,0.01,0,0,10.11,111547
114,SELL_A,ST_FLIP_GREEN,2025-08-26T00:00:00,2025-08-26T08:00:00,short,111547,110245,1000,1,111547,100,1302,1291.89,108518.76,1.29,1302,1.17,0,0,50183.46,4215410.64,50.18,11154.7,0.1,10,5,0.01,0,0,10.11,111919
115,BUY_B,ST_FLIP_RED,2025-08-26T08:00:00,2025-08-26T16:00:00,long,110245,109687,1000,1,110245,100,-558,-568.11,-47721.24,-0.57,0,0,558,0.51,49615.35,4167689.4,49.62,11024.5,0.1,10,5,0.01,0,0,10.11,109873
116,BUY_B,ST_FLIP_RED,2025-08-26T22:00:00,2025-08-27T12:00:00,long,110431,110989,1000,1,110431,100,558,547.89,46022.76,0.55,558,0.51,0,0,50163.24,4213712.16,50.16,11043.1,0.1,10,5,0.01,0,0,10.11,110059
117,SELL_A,ST_FLIP_GREEN,2025-08-27T12:00:00,2025-08-27T14:00:00,short,110803,110989,1000,1,110803,100,-186,-196.11,-16473.24,-0.2,0,0,186,0.17,49967.13,4197238.92,49.97,11080.3,0.1,10,5,0.01,0,0,10.11,111175
118,BUY_A,ST_FLIP_RED,2025-08-27T14:00:00,2025-08-28T02:00:00,long,111175,111733,1000,1,111175,100,558,547.89,46022.76,0.55,558,0.5,0,0,50515.02,4243261.68,50.52,11117.5,0.1,10,5,0.01,0,0,10.11,110803
119,SELL_A,ST_FLIP_GREEN,2025-08-28T02:00:00,2025-08-28T06:00:00,short,111733,111733,1000,1,111733,100,0,-10.11,-849.24,-0.01,0,0,0,0,50504.91,4242412.44,50.5,11173.3,0.1,10,5,0.01,0,0,10.11,112105
120,BUY_A,ST_FLIP_RED,2025-08-28T08:00:00,2025-08-29T00:00:00,long,111919,112291,1000,1,111919,100,372,361.89,30398.76,0.36,372,0.33,0,0,50866.8,4272811.2,50.87,11191.9,0.1,10,5,0.01,0,0,10.11,111547
121,SELL_A,ST_FLIP_GREEN,2025-08-29T00:00:00,2025-08-29T02:00:00,short,112291,112477,1000,1,112291,100,-186,-196.11,-16473.24,-0.2,0,0,186,0.17,50670.69,4256337.96,50.67,11229.1,0.1,10,5,0.01,0,0,10.11,112663
122,SELL_B,ST_FLIP_GREEN,2025-08-29T06:00:00,2025-08-30T08:00:00,short,111919,108385,1000,1,111919,100,3534,3523.89,296006.76,3.52,3534,3.16,0,0,54194.58,4552344.72,54.19,11191.9,0.1,10,5,0.01,0,0,10.11,112291
123,BUY_B,ST_FLIP_RED,2025-08-30T08:00:00,2025-08-30T10:00:00,long,108385,108199,1000,1,108385,100,-186,-196.11,-16473.24,-0.2,0,0,186,0.17,53998.47,4535871.48,54,10838.5,0.1,10,5,0.01,0,0,10.11,108013
124,BUY_B,ST_FLIP_RED,2025-08-30T12:00:00,2025-08-31T10:00:00,long,108757,108571,1000,1,108757,100,-186,-196.11,-16473.24,-0.2,0,0,186,0.17,53802.36,4519398.24,53.8,10875.7,0.1,10,5,0.01,0,0,10.11,108385
125,BUY_B,ST_FLIP_RED,2025-08-31T12:00:00,2025-09-01T04:00:00,long,108943,108385,1000,1,108943,100,-558,-568.11,-47721.24,-0.57,0,0,558,0.51,53234.25,4471677,53.23,10894.3,0.1,10,5,0.01,0,0,10.11,108571
126,SELL_B,ST_FLIP_GREEN,2025-09-01T04:00:00,2025-09-01T10:00:00,short,108385,108013,1000,1,108385,100,372,361.89,30398.76,0.36,372,0.34,0,0,53596.14,4502075.76,53.6,10838.5,0.1,10,5,0.01,0,0,10.11,108757
127,BUY_A,ST_FLIP_RED,2025-09-01T10:00:00,2025-09-01T14:00:00,long,108013,108757,1000,1,108013,100,744,733.89,61646.76,0.73,744,0.69,0,0,54330.03,4563722.52,54.33,10801.3,0.1,10,5,0.01,0,0,10.11,107641
128,BUY_B,ST_FLIP_RED,2025-09-01T22:00:00,2025-09-02T02:00:00,long,109315,108571,1000,1,109315,100,-744,-754.11,-63345.24,-0.75,0,0,744,0.68,53575.92,4500377.28,53.58,10931.5,0.1,10,5,0.01,0,0,10.11,108943
129,SELL_B,ST_FLIP_GREEN,2025-09-02T02:00:00,2025-09-02T04:00:00,short,108571,108385,1000,1,108571,100,186,175.89,14774.76,0.18,186,0.17,0,0,53751.81,4515152.04,53.75,10857.1,0.1,10,5,0.01,0,0,10.11,108943
130,BUY_A,ST_FLIP_RED,2025-09-02T04:00:00,2025-09-02T16:00:00,long,108571,109687,1000,1,108571,100,1116,1105.89,92894.76,1.11,1116,1.03,0,0,54857.7,4608046.8,54.86,10857.1,0.1,10,5,0.01,0,0,10.11,108199
131,SELL_A,ST_FLIP_GREEN,2025-09-02T16:00:00,2025-09-02T18:00:00,short,109687,109873,1000,1,109687,100,-186,-196.11,-16473.24,-0.2,0,0,186,0.17,54661.59,4591573.56,54.66,10968.7,0.1,10,5,0.01,0,0,10.11,110059
132,BUY_A,ST_FLIP_RED,2025-09-02T18:00:00,2025-09-02T20:00:00,long,110059,110989,1000,1,110059,100,930,919.89,77270.76,0.92,930,0.85,0,0,55581.48,4668844.32,55.58,11005.9,0.1,10,5,0.01,0,0,10.11,109687
133,SELL_A,ST_FLIP_GREEN,2025-09-02T20:00:00,2025-09-03T00:00:00,short,110989,110989,1000,1,110989,100,0,-10.11,-849.24,-0.01,0,0,0,0,55571.37,4667995.08,55.57,11098.9,0.1,10,5,0.01,0,0,10.11,111361
134,BUY_A,ST_FLIP_RED,2025-09-03T00:00:00,2025-09-03T08:00:00,long,111361,110989,1000,1,111361,100,-372,-382.11,-32097.24,-0.38,0,0,372,0.33,55189.26,4635897.84,55.19,11136.1,0.1,10,5,0.01,0,0,10.11,110989
135,SELL_A,ST_FLIP_GREEN,2025-09-03T08:00:00,2025-09-03T14:00:00,short,110989,111361,1000,1,110989,100,-372,-382.11,-32097.24,-0.38,0,0,372,0.34,54807.15,4603800.6,54.81,11098.9,0.1,10,5,0.01,0,0,10.11,111361
136,BUY_A,ST_FLIP_RED,2025-09-03T14:00:00,2025-09-04T06:00:00,long,111547,111361,1000,1,111547,100,-186,-196.11,-16473.24,-0.2,0,0,186,0.17,54611.04,4587327.36,54.61,11154.7,0.1,10,5,0.01,0,0,10.11,111175
137,SELL_A,ST_FLIP_GREEN,2025-09-04T06:00:00,2025-09-05T00:00:00,short,111361,110059,1000,1,111361,100,1302,1291.89,108518.76,1.29,1302,1.17,0,0,55902.93,4695846.12,55.9,11136.1,0.1,10,5,0.01,0,0,10.11,111733
138,BUY_A,ST_FLIP_RED,2025-09-05T00:00:00,2025-09-05T14:00:00,long,110059,112105,1000,1,110059,100,2046,2035.89,171014.76,2.04,2046,1.86,0,0,57938.82,4866860.88,57.94,11005.9,0.1,10,5,0.01,0,0,10.11,109687
139,SELL_A,ST_FLIP_GREEN,2025-09-05T14:00:00,2025-09-05T16:00:00,short,112105,112663,1000,1,112105,100,-558,-568.11,-47721.24,-0.57,0,0,558,0.5,57370.71,4819139.64,57.37,11210.5,0.1,10,5,0.01,0,0,10.11,112477
140,SELL_B,ST_FLIP_GREEN,2025-09-05T18:00:00,2025-09-06T00:00:00,short,111919,111361,1000,1,111919,100,558,547.89,46022.76,0.55,558,0.5,0,0,57918.6,4865162.4,57.92,11191.9,0.1,10,5,0.01,0,0,10.11,112291
141,SELL_B,ST_FLIP_GREEN,2025-09-06T02:00:00,2025-09-07T06:00:00,short,110803,110617,1000,1,110803,100,186,175.89,14774.76,0.18,186,0.17,0,0,58094.49,4879937.16,58.09,11080.3,0.1,10,5,0.01,0,0,10.11,111175
142,BUY_A,ST_FLIP_RED,2025-09-07T06:00:00,2025-09-09T00:00:00,long,110617,111919,1000,1,110617,100,1302,1291.89,108518.76,1.29,1302,1.18,0,0,59386.38,4988455.92,59.39,11061.7,0.1,10,5,0.01,0,0,10.11,110245
143,SELL_A,ST_FLIP_GREEN,2025-09-09T00:00:00,2025-09-09T08:00:00,short,111919,111919,1000,1,111919,100,0,-10.11,-849.24,-0.01,0,0,0,0,59376.27,4987606.68,59.38,11191.9,0.1,10,5,0.01,0,0,10.11,112291
144,BUY_A,ST_FLIP_RED,2025-09-09T10:00:00,2025-09-09T18:00:00,long,112105,112477,1000,1,112105,100,372,361.89,30398.76,0.36,372,0.33,0,0,59738.16,5018005.44,59.74,11210.5,0.1,10,5,0.01,0,0,10.11,111733
145,SELL_A,ST_FLIP_GREEN,2025-09-09T18:00:00,2025-09-10T02:00:00,short,112477,111547,1000,1,112477,100,930,919.89,77270.76,0.92,930,0.83,0,0,60658.05,5095276.2,60.66,11247.7,0.1,10,5,0.01,0,0,10.11,112849
146,SELL_B,ST_FLIP_GREEN,2025-09-10T04:00:00,2025-09-10T08:00:00,short,110989,111733,1000,1,110989,100,-744,-754.11,-63345.24,-0.75,0,0,744,0.67,59903.94,5031930.96,59.9,11098.9,0.1,10,5,0.01,0,0,10.11,111361
147,BUY_B,ST_FLIP_RED,2025-09-10T08:00:00,2025-09-10T22:00:00,long,111733,113407,1000,1,111733,100,1674,1663.89,139766.76,1.66,1674,1.5,0,0,61567.83,5171697.72,61.57,11173.3,0.1,10,5,0.01,0,0,10.11,111361
148,SELL_A,ST_FLIP_GREEN,2025-09-10T22:00:00,2025-09-11T00:00:00,short,113407,113779,1000,1,113407,100,-372,-382.11,-32097.24,-0.38,0,0,372,0.33,61185.72,5139600.48,61.19,11340.7,0.1,10,5,0.01,0,0,10.11,113779
149,BUY_A,ST_FLIP_RED,2025-09-11T08:00:00,2025-09-12T08:00:00,long,114151,115081,1000,1,114151,100,930,919.89,77270.76,0.92,930,0.81,0,0,62105.61,5216871.24,62.11,11415.1,0.1,10,5,0.01,0,0,10.11,113779
150,SELL_B,ST_FLIP_GREEN,2025-09-12T08:00:00,2025-09-12T22:00:00,short,115081,115639,1000,1,115081,100,-558,-568.11,-47721.24,-0.57,0,0,558,0.48,61537.5,5169150,61.54,11508.1,0.1,10,5,0.01,0,0,10.11,115453
151,BUY_A,ST_FLIP_RED,2025-09-12T22:00:00,2025-09-13T08:00:00,long,116011,115639,1000,1,116011,100,-372,-382.11,-32097.24,-0.38,0,0,372,0.32,61155.39,5137052.76,61.16,11601.1,0.1,10,5,0.01,0,0,10.11,115639
152,SELL_B,ST_FLIP_GREEN,2025-09-13T08:00:00,2025-09-15T02:00:00,short,115639,116011,1000,1,115639,100,-372,-382.11,-32097.24,-0.38,0,0,372,0.32,60773.28,5104955.52,60.77,11563.9,0.1,10,5,0.01,0,0,10.11,116011
153,SELL_B,ST_FLIP_GREEN,2025-09-15T04:00:00,2025-09-15T08:00:00,short,115267,115639,1000,1,115267,100,-372,-382.11,-32097.24,-0.38,0,0,372,0.32,60391.17,5072858.28,60.39,11526.7,0.1,10,5,0.01,0,0,10.11,115639
154,BUY_A,ST_FLIP_RED,2025-09-15T08:00:00,2025-09-15T12:00:00,long,115825,115639,1000,1,115825,100,-186,-196.11,-16473.24,-0.2,0,0,186,0.16,60195.06,5056385.04,60.2,11582.5,0.1,10,5,0.01,0,0,10.11,115453
155,SELL_A,ST_FLIP_GREEN,2025-09-15T12:00:00,2025-09-16T00:00:00,short,115639,115267,1000,1,115639,100,372,361.89,30398.76,0.36,372,0.32,0,0,60556.95,5086783.8,60.56,11563.9,0.1,10,5,0.01,0,0,10.11,116011
156,BUY_A,ST_FLIP_RED,2025-09-16T10:00:00,2025-09-16T18:00:00,long,115453,115081,1000,1,115453,100,-372,-382.11,-32097.24,-0.38,0,0,372,0.32,60174.84,5054686.56,60.17,11545.3,0.1,10,5,0.01,0,0,10.11,115081
157,SELL_A,ST_FLIP_GREEN,2025-09-16T18:00:00,2025-09-16T20:00:00,short,115081,115453,1000,1,115081,100,-372,-382.11,-32097.24,-0.38,0,0,372,0.32,59792.73,5022589.32,59.79,11508.1,0.1,10,5,0.01,0,0,10.11,115453
158,BUY_A,ST_FLIP_RED,2025-09-16T20:00:00,2025-09-17T08:00:00,long,115453,116197,1000,1,115453,100,744,733.89,61646.76,0.73,744,0.64,0,0,60526.62,5084236.08,60.53,11545.3,0.1,10,5,0.01,0,0,10.11,115081
159,SELL_A,ST_FLIP_GREEN,2025-09-17T08:00:00,2025-09-17T10:00:00,short,116197,116755,1000,1,116197,100,-558,-568.11,-47721.24,-0.57,0,0,558,0.48,59958.51,5036514.84,59.96,11619.7,0.1,10,5,0.01,0,0,10.11,116569
160,BUY_A,ST_FLIP_RED,2025-09-17T10:00:00,2025-09-17T14:00:00,long,116755,116569,1000,1,116755,100,-186,-196.11,-16473.24,-0.2,0,0,186,0.16,59762.4,5020041.6,59.76,11675.5,0.1,10,5,0.01,0,0,10.11,116383
161,SELL_B,ST_FLIP_GREEN,2025-09-17T14:00:00,2025-09-18T02:00:00,short,116569,116197,1000,1,116569,100,372,361.89,30398.76,0.36,372,0.32,0,0,60124.29,5050440.36,60.12,11656.9,0.1,10,5,0.01,0,0,10.11,116941
162,BUY_A,ST_FLIP_RED,2025-09-18T06:00:00,2025-09-18T10:00:00,long,116383,116755,1000,1,116383,100,372,361.89,30398.76,0.36,372,0.32,0,0,60486.18,5080839.12,60.49,11638.3,0.1,10,5,0.01,0,0,10.11,116011
163,SELL_A,ST_FLIP_GREEN,2025-09-18T10:00:00,2025-09-18T12:00:00,short,116755,117313,1000,1,116755,100,-558,-568.11,-47721.24,-0.57,0,0,558,0.48,59918.07,5033117.88,59.92,11675.5,0.1,10,5,0.01,0,0,10.11,117127
164,BUY_B,ST_FLIP_RED,2025-09-18T12:00:00,2025-09-19T02:00:00,long,117313,117127,1000,1,117313,100,-186,-196.11,-16473.24,-0.2,0,0,186,0.16,59721.96,5016644.64,59.72,11731.3,0.1,10,5,0.01,0,0,10.11,116941
165,SELL_A,ST_FLIP_GREEN,2025-09-19T02:00:00,2025-09-20T18:00:00,short,117127,116011,1000,1,117127,100,1116,1105.89,92894.76,1.11,1116,0.95,0,0,60827.85,5109539.4,60.83,11712.7,0.1,10,5,0.01,0,0,10.11,117499
166,BUY_A,ST_FLIP_RED,2025-09-20T18:00:00,2025-09-21T04:00:00,long,116011,115453,1000,1,116011,100,-558,-568.11,-47721.24,-0.57,0,0,558,0.48,60259.74,5061818.16,60.26,11601.1,0.1,10,5,0.01,0,0,10.11,115639
167,SELL_A,ST_FLIP_GREEN,2025-09-21T04:00:00,2025-09-22T18:00:00,short,115453,113221,1000,1,115453,100,2232,2221.89,186638.76,2.22,2232,1.93,0,0,62481.63,5248456.92,62.48,11545.3,0.1,10,5,0.01,0,0,10.11,115825
168,BUY_B,ST_FLIP_RED,2025-09-22T18:00:00,2025-09-22T20:00:00,long,113221,112849,1000,1,113221,100,-372,-382.11,-32097.24,-0.38,0,0,372,0.33,62099.52,5216359.68,62.1,11322.1,0.1,10,5,0.01,0,0,10.11,112849
169,SELL_A,ST_FLIP_GREEN,2025-09-23T00:00:00,2025-09-23T04:00:00,short,112291,112849,1000,1,112291,100,-558,-568.11,-47721.24,-0.57,0,0,558,0.5,61531.41,5168638.44,61.53,11229.1,0.1,10,5,0.01,0,0,10.11,112663
170,BUY_B,ST_FLIP_RED,2025-09-23T04:00:00,2025-09-23T06:00:00,long,112849,112291,1000,1,112849,100,-558,-568.11,-47721.24,-0.57,0,0,558,0.49,60963.3,5120917.2,60.96,11284.9,0.1,10,5,0.01,0,0,10.11,112477
171,SELL_A,ST_FLIP_GREEN,2025-09-23T06:00:00,2025-09-23T10:00:00,short,111919,112477,1000,1,111919,100,-558,-568.11,-47721.24,-0.57,0,0,558,0.5,60395.19,5073195.96,60.4,11191.9,0.1,10,5,0.01,0,0,10.11,112291
172,BUY_B,ST_FLIP_RED,2025-09-23T10:00:00,2025-09-23T22:00:00,long,112477,112477,1000,1,112477,100,0,-10.11,-849.24,-0.01,0,0,0,0,60385.08,5072346.72,60.39,11247.7,0.1,10,5,0.01,0,0,10.11,112105
173,SELL_A,ST_FLIP_GREEN,2025-09-23T22:00:00,2025-09-24T04:00:00,short,112291,112291,1000,1,112291,100,0,-10.11,-849.24,-0.01,0,0,0,0,60374.97,5071497.48,60.37,11229.1,0.1,10,5,0.01,0,0,10.11,112663
174,BUY_A,ST_FLIP_RED,2025-09-24T04:00:00,2025-09-25T04:00:00,long,112291,113035,1000,1,112291,100,744,733.89,61646.76,0.73,744,0.66,0,0,61108.86,5133144.24,61.11,11229.1,0.1,10,5,0.01,0,0,10.11,111919
175,SELL_A,ST_FLIP_GREEN,2025-09-25T06:00:00,2025-09-26T22:00:00,short,112849,109687,1000,1,112849,100,3162,3151.89,264758.76,3.15,3162,2.8,0,0,64260.75,5397903,64.26,11284.9,0.1,10,5,0.01,0,0,10.11,113221
176,BUY_B,ST_FLIP_RED,2025-09-26T22:00:00,2025-09-27T00:00:00,long,109687,109687,1000,1,109687,100,0,-10.11,-849.24,-0.01,0,0,0,0,64250.64,5397053.76,64.25,10968.7,0.1,10,5,0.01,0,0,10.11,109315
177,SELL_A,ST_FLIP_GREEN,2025-09-27T00:00:00,2025-09-27T02:00:00,short,109129,109501,1000,1,109129,100,-372,-382.11,-32097.24,-0.38,0,0,372,0.34,63868.53,5364956.52,63.87,10912.9,0.1,10,5,0.01,0,0,10.11,109501
178,BUY_B,ST_FLIP_RED,2025-09-27T02:00:00,2025-09-28T10:00:00,long,109501,109129,1000,1,109501,100,-372,-382.11,-32097.24,-0.38,0,0,372,0.34,63486.42,5332859.28,63.49,10950.1,0.1,10,5,0.01,0,0,10.11,109129
179,BUY_B,ST_FLIP_RED,2025-09-28T20:00:00,2025-09-30T10:00:00,long,109873,113779,1000,1,109873,100,3906,3895.89,327254.76,3.9,3906,3.56,0,0,67382.31,5660114.04,67.38,10987.3,0.1,10,5,0.01,0,0,10.11,109501
180,SELL_B,ST_FLIP_GREEN,2025-09-30T10:00:00,2025-09-30T22:00:00,short,113779,113407,1000,1,113779,100,372,361.89,30398.76,0.36,372,0.33,0,0,67744.2,5690512.8,67.74,11377.9,0.1,10,5,0.01,0,0,10.11,114151
181,BUY_A,ST_FLIP_RED,2025-10-01T00:00:00,2025-10-01T02:00:00,long,113779,113779,1000,1,113779,100,0,-10.11,-849.24,-0.01,0,0,0,0,67734.09,5689663.56,67.73,11377.9,0.1,10,5,0.01,0,0,10.11,113407
182,SELL_A,ST_FLIP_GREEN,2025-10-01T02:00:00,2025-10-01T06:00:00,short,113779,114337,1000,1,113779,100,-558,-568.11,-47721.24,-0.57,0,0,558,0.49,67165.98,5641942.32,67.17,11377.9,0.1,10,5,0.01,0,0,10.11,114151
183,BUY_A,ST_FLIP_RED,2025-10-01T06:00:00,2025-10-01T22:00:00,long,114337,117127,1000,1,114337,100,2790,2779.89,233510.76,2.78,2790,2.44,0,0,69945.87,5875453.08,69.95,11433.7,0.1,10,5,0.01,0,0,10.11,113965
184,SELL_B,ST_FLIP_GREEN,2025-10-01T22:00:00,2025-10-02T00:00:00,short,117127,117499,1000,1,117127,100,-372,-382.11,-32097.24,-0.38,0,0,372,0.32,69563.76,5843355.84,69.56,11712.7,0.1,10,5,0.01,0,0,10.11,117499
185,BUY_A,ST_FLIP_RED,2025-10-02T04:00:00,2025-10-02T10:00:00,long,118057,118243,1000,1,118057,100,186,175.89,14774.76,0.18,186,0.16,0,0,69739.65,5858130.6,69.74,11805.7,0.1,10,5,0.01,0,0,10.11,117685
186,SELL_B,ST_FLIP_GREEN,2025-10-02T10:00:00,2025-10-02T16:00:00,short,118243,118801,1000,1,118243,100,-558,-568.11,-47721.24,-0.57,0,0,558,0.47,69171.54,5810409.36,69.17,11824.3,0.1,10,5,0.01,0,0,10.11,118615
187,BUY_A,ST_FLIP_RED,2025-10-02T16:00:00,2025-10-03T06:00:00,long,119173,119917,1000,1,119173,100,744,733.89,61646.76,0.73,744,0.62,0,0,69905.43,5872056.12,69.91,11917.3,0.1,10,5,0.01,0,0,10.11,118801
188,SELL_B,ST_FLIP_GREEN,2025-10-03T06:00:00,2025-10-03T14:00:00,short,119917,120289,1000,1,119917,100,-372,-382.11,-32097.24,-0.38,0,0,372,0.31,69523.32,5839958.88,69.52,11991.7,0.1,10,5,0.01,0,0,10.11,120289
189,BUY_A,ST_FLIP_RED,2025-10-03T20:00:00,2025-10-03T22:00:00,long,120847,123079,1000,1,120847,100,2232,2221.89,186638.76,2.22,2232,1.85,0,0,71745.21,6026597.64,71.75,12084.7,0.1,10,5,0.01,0,0,10.11,120475
190,SELL_B,ST_FLIP_GREEN,2025-10-03T22:00:00,2025-10-04T08:00:00,short,123079,122335,1000,1,123079,100,744,733.89,61646.76,0.73,744,0.6,0,0,72479.1,6088244.4,72.48,12307.9,0.1,10,5,0.01,0,0,10.11,123451
191,SELL_B,ST_FLIP_GREEN,2025-10-04T20:00:00,2025-10-05T00:00:00,short,121777,122149,1000,1,121777,100,-372,-382.11,-32097.24,-0.38,0,0,372,0.31,72096.99,6056147.16,72.1,12177.7,0.1,10,5,0.01,0,0,10.11,122149
192,BUY_A,ST_FLIP_RED,2025-10-05T00:00:00,2025-10-05T14:00:00,long,122149,124381,1000,1,122149,100,2232,2221.89,186638.76,2.22,2232,1.83,0,0,74318.88,6242785.92,74.32,12214.9,0.1,10,5,0.01,0,0,10.11,121777
193,SELL_B,ST_FLIP_GREEN,2025-10-05T14:00:00,2025-10-06T02:00:00,short,124381,123265,1000,1,124381,100,1116,1105.89,92894.76,1.11,1116,0.9,0,0,75424.77,6335680.68,75.42,12438.1,0.1,10,5,0.01,0,0,10.11,124753
194,BUY_A,ST_FLIP_RED,2025-10-06T04:00:00,2025-10-07T04:00:00,long,123451,124567,1000,1,123451,100,1116,1105.89,92894.76,1.11,1116,0.9,0,0,76530.66,6428575.44,76.53,12345.1,0.1,10,5,0.01,0,0,10.11,123079
195,SELL_A,ST_FLIP_GREEN,2025-10-07T04:00:00,2025-10-07T14:00:00,short,124567,124195,1000,1,124567,100,372,361.89,30398.76,0.36,372,0.3,0,0,76892.55,6458974.2,76.89,12456.7,0.1,10,5,0.01,0,0,10.11,124939
196,BUY_A,ST_FLIP_RED,2025-10-07T14:00:00,2025-10-07T18:00:00,long,124381,123823,1000,1,124381,100,-558,-568.11,-47721.24,-0.57,0,0,558,0.45,76324.44,6411252.96,76.32,12438.1,0.1,10,5,0.01,0,0,10.11,124009
197,SELL_B,ST_FLIP_GREEN,2025-10-07T18:00:00,2025-10-08T00:00:00,short,123823,121405,1000,1,123823,100,2418,2407.89,202262.76,2.41,2418,1.95,0,0,78732.33,6613515.72,78.73,12382.3,0.1,10,5,0.01,0,0,10.11,124195
198,BUY_B,ST_FLIP_RED,2025-10-08T00:00:00,2025-10-08T04:00:00,long,121405,121591,1000,1,121405,100,186,175.89,14774.76,0.18,186,0.15,0,0,78908.22,6628290.48,78.91,12140.5,0.1,10,5,0.01,0,0,10.11,121033
199,BUY_B,ST_FLIP_RED,2025-10-08T06:00:00,2025-10-08T08:00:00,long,121963,121591,1000,1,121963,100,-372,-382.11,-32097.24,-0.38,0,0,372,0.31,78526.11,6596193.24,78.53,12196.3,0.1,10,5,0.01,0,0,10.11,121591
200,SELL_A,ST_FLIP_GREEN,2025-10-08T08:00:00,2025-10-08T12:00:00,short,121405,121963,1000,1,121405,100,-558,-568.11,-47721.24,-0.57,0,0,558,0.46,77958,6548472,77.96,12140.5,0.1,10,5,0.01,0,0,10.11,121777
201,BUY_B,ST_FLIP_RED,2025-10-08T12:00:00,2025-10-09T04:00:00,long,121963,122893,1000,1,121963,100,930,919.89,77270.76,0.92,930,0.76,0,0,78877.89,6625742.76,78.88,12196.3,0.1,10,5,0.01,0,0,10.11,121591
202,SELL_A,ST_FLIP_GREEN,2025-10-09T04:00:00,2025-10-09T14:00:00,short,122893,121777,1000,1,122893,100,1116,1105.89,92894.76,1.11,1116,0.91,0,0,79983.78,6718637.52,79.98,12289.3,0.1,10,5,0.01,0,0,10.11,123265
203,BUY_A,ST_FLIP_RED,2025-10-09T14:00:00,2025-10-09T18:00:00,long,121777,122335,1000,1,121777,100,558,547.89,46022.76,0.55,558,0.46,0,0,80531.67,6764660.28,80.53,12177.7,0.1,10,5,0.01,0,0,10.11,121405
204,SELL_A,ST_FLIP_GREEN,2025-10-09T18:00:00,2025-10-10T02:00:00,short,122149,121219,1000,1,122149,100,930,919.89,77270.76,0.92,930,0.76,0,0,81451.56,6841931.04,81.45,12214.9,0.1,10,5,0.01,0,0,10.11,122521
205,BUY_A,ST_FLIP_RED,2025-10-10T02:00:00,2025-10-10T06:00:00,long,121219,121219,1000,1,121219,100,0,-10.11,-849.24,-0.01,0,0,0,0,81441.45,6841081.8,81.44,12121.9,0.1,10,5,0.01,0,0,10.11,120847
206,SELL_A,ST_FLIP_GREEN,2025-10-10T20:00:00,2025-10-11T14:00:00,short,121033,111547,1000,1,121033,100,9486,9475.89,795974.76,9.48,9486,7.84,0,0,90917.34,7637056.56,90.92,12103.3,0.1,10,5,0.01,0,0,10.11,121405
207,BUY_B,ST_FLIP_RED,2025-10-11T14:00:00,2025-10-11T20:00:00,long,111547,111733,1000,1,111547,100,186,175.89,14774.76,0.18,186,0.17,0,0,91093.23,7651831.32,91.09,11154.7,0.1,10,5,0.01,0,0,10.11,111175
208,SELL_A,ST_FLIP_GREEN,2025-10-12T00:00:00,2025-10-12T08:00:00,short,111175,110617,1000,1,111175,100,558,547.89,46022.76,0.55,558,0.5,0,0,91641.12,7697854.08,91.64,11117.5,0.1,10,5,0.01,0,0,10.11,111547
209,BUY_A,ST_FLIP_RED,2025-10-12T08:00:00,2025-10-12T18:00:00,long,110617,111361,1000,1,110617,100,744,733.89,61646.76,0.73,744,0.67,0,0,92375.01,7759500.84,92.38,11061.7,0.1,10,5,0.01,0,0,10.11,110245
210,BUY_B,ST_FLIP_RED,2025-10-12T20:00:00,2025-10-13T08:00:00,long,111919,114523,1000,1,111919,100,2604,2593.89,217886.76,2.59,2604,2.33,0,0,94968.9,7977387.6,94.97,11191.9,0.1,10,5,0.01,0,0,10.11,111547
211,SELL_B,ST_FLIP_GREEN,2025-10-13T08:00:00,2025-10-13T10:00:00,short,114523,115081,1000,1,114523,100,-558,-568.11,-47721.24,-0.57,0,0,558,0.49,94400.79,7929666.36,94.4,11452.3,0.1,10,5,0.01,0,0,10.11,114895
212,SELL_B,ST_FLIP_GREEN,2025-10-13T16:00:00,2025-10-13T22:00:00,short,114337,114709,1000,1,114337,100,-372,-382.11,-32097.24,-0.38,0,0,372,0.33,94018.68,7897569.12,94.02,11433.7,0.1,10,5,0.01,0,0,10.11,114709
213,BUY_A,ST_FLIP_RED,2025-10-13T22:00:00,2025-10-14T06:00:00,long,115081,114895,1000,1,115081,100,-186,-196.11,-16473.24,-0.2,0,0,186,0.16,93822.57,7881095.88,93.82,11508.1,0.1,10,5,0.01,0,0,10.11,114709
214,SELL_A,ST_FLIP_GREEN,2025-10-14T06:00:00,2025-10-14T16:00:00,short,114895,110989,1000,1,114895,100,3906,3895.89,327254.76,3.9,3906,3.4,0,0,97718.46,8208350.64,97.72,11489.5,0.1,10,5,0.01,0,0,10.11,115267
215,BUY_B,ST_FLIP_RED,2025-10-14T16:00:00,2025-10-15T08:00:00,long,110989,112849,1000,1,110989,100,1860,1849.89,155390.76,1.85,1860,1.68,0,0,99568.35,8363741.4,99.57,11098.9,0.1,10,5,0.01,0,0,10.11,110617
216,SELL_A,ST_FLIP_GREEN,2025-10-15T08:00:00,2025-10-15T12:00:00,short,112849,112477,1000,1,112849,100,372,361.89,30398.76,0.36,372,0.33,0,0,99930.24,8394140.16,99.93,11284.9,0.1,10,5,0.01,0,0,10.11,113221
217,BUY_A,ST_FLIP_RED,2025-10-15T12:00:00,2025-10-15T14:00:00,long,112663,112663,1000,1,112663,100,0,-10.11,-849.24,-0.01,0,0,0,0,99920.13,8393290.92,99.92,11266.3,0.1,10,5,0.01,0,0,10.11,112291
218,SELL_A,ST_FLIP_GREEN,2025-10-15T14:00:00,2025-10-16T06:00:00,short,112663,111361,1000,1,112663,100,1302,1291.89,108518.76,1.29,1302,1.16,0,0,101212.02,8501809.68,101.21,11266.3,0.1,10,5,0.01,0,0,10.11,113035
219,BUY_A,ST_FLIP_RED,2025-10-16T06:00:00,2025-10-16T12:00:00,long,111361,110989,1000,1,111361,100,-372,-382.11,-32097.24,-0.38,0,0,372,0.33,100829.91,8469712.44,100.83,11136.1,0.1,10,5,0.01,0,0,10.11,110989
220,SELL_A,ST_FLIP_GREEN,2025-10-16T12:00:00,2025-10-16T14:00:00,short,110803,110989,1000,1,110803,100,-186,-196.11,-16473.24,-0.2,0,0,186,0.17,100633.8,8453239.2,100.63,11080.3,0.1,10,5,0.01,0,0,10.11,111175
221,BUY_B,ST_FLIP_RED,2025-10-16T14:00:00,2025-10-16T18:00:00,long,110989,110803,1000,1,110989,100,-186,-196.11,-16473.24,-0.2,0,0,186,0.17,100437.69,8436765.96,100.44,11098.9,0.1,10,5,0.01,0,0,10.11,110617
222,SELL_A,ST_FLIP_GREEN,2025-10-16T18:00:00,2025-10-17T04:00:00,short,110617,108571,1000,1,110617,100,2046,2035.89,171014.76,2.04,2046,1.85,0,0,102473.58,8607780.72,102.47,11061.7,0.1,10,5,0.01,0,0,10.11,110989
223,BUY_B,ST_FLIP_RED,2025-10-17T04:00:00,2025-10-17T10:00:00,long,108571,108199,1000,1,108571,100,-372,-382.11,-32097.24,-0.38,0,0,372,0.34,102091.47,8575683.48,102.09,10857.1,0.1,10,5,0.01,0,0,10.11,108199
224,SELL_A,ST_FLIP_GREEN,2025-10-17T10:00:00,2025-10-17T16:00:00,short,107641,104665,1000,1,107641,100,2976,2965.89,249134.76,2.97,2976,2.76,0,0,105057.36,8824818.24,105.06,10764.1,0.1,10,5,0.01,0,0,10.11,108013
225,BUY_B,ST_FLIP_RED,2025-10-17T16:00:00,2025-10-17T18:00:00,long,104665,105037,1000,1,104665,100,372,361.89,30398.76,0.36,372,0.36,0,0,105419.25,8855217,105.42,10466.5,0.1,10,5,0.01,0,0,10.11,104293
226,BUY_B,ST_FLIP_RED,2025-10-17T20:00:00,2025-10-19T12:00:00,long,105409,106525,1000,1,105409,100,1116,1105.89,92894.76,1.11,1116,1.06,0,0,106525.14,8948111.76,106.53,10540.9,0.1,10,5,0.01,0,0,10.11,105037
227,SELL_A,ST_FLIP_GREEN,2025-10-19T12:00:00,2025-10-19T14:00:00,short,106525,107083,1000,1,106525,100,-558,-568.11,-47721.24,-0.57,0,0,558,0.52,105957.03,8900390.52,105.96,10652.5,0.1,10,5,0.01,0,0,10.11,106897
228,BUY_A,ST_FLIP_RED,2025-10-19T14:00:00,2025-10-20T04:00:00,long,107269,108571,1000,1,107269,100,1302,1291.89,108518.76,1.29,1302,1.21,0,0,107248.92,9008909.28,107.25,10726.9,0.1,10,5,0.01,0,0,10.11,106897
229,SELL_B,ST_FLIP_GREEN,2025-10-20T04:00:00,2025-10-20T06:00:00,short,108571,108013,1000,1,108571,100,558,547.89,46022.76,0.55,558,0.51,0,0,107796.81,9054932.04,107.8,10857.1,0.1,10,5,0.01,0,0,10.11,108943
230,BUY_A,ST_FLIP_RED,2025-10-20T06:00:00,2025-10-20T22:00:00,long,108385,110617,1000,1,108385,100,2232,2221.89,186638.76,2.22,2232,2.06,0,0,110018.7,9241570.8,110.02,10838.5,0.1,10,5,0.01,0,0,10.11,108013
231,SELL_B,ST_FLIP_GREEN,2025-10-20T22:00:00,2025-10-21T16:00:00,short,110617,108199,1000,1,110617,100,2418,2407.89,202262.76,2.41,2418,2.19,0,0,112426.59,9443833.56,112.43,11061.7,0.1,10,5,0.01,0,0,10.11,110989
232,BUY_A,ST_FLIP_RED,2025-10-21T16:00:00,2025-10-21T22:00:00,long,108199,113035,1000,1,108199,100,4836,4825.89,405374.76,4.83,4836,4.47,0,0,117252.48,9849208.32,117.25,10819.9,0.1,10,5,0.01,0,0,10.11,107827
233,SELL_B,ST_FLIP_GREEN,2025-10-21T22:00:00,2025-10-22T06:00:00,short,113035,108571,1000,1,113035,100,4464,4453.89,374126.76,4.45,4464,3.95,0,0,121706.37,10223335.08,121.71,11303.5,0.1,10,5,0.01,0,0,10.11,113407
234,BUY_B,ST_FLIP_RED,2025-10-22T06:00:00,2025-10-22T14:00:00,long,108571,108013,1000,1,108571,100,-558,-568.11,-47721.24,-0.57,0,0,558,0.51,121138.26,10175613.84,121.14,10857.1,0.1,10,5,0.01,0,0,10.11,108199
235,BUY_B,ST_FLIP_RED,2025-10-22T20:00:00,2025-10-22T22:00:00,long,108385,108013,1000,1,108385,100,-372,-382.11,-32097.24,-0.38,0,0,372,0.34,120756.15,10143516.6,120.76,10838.5,0.1,10,5,0.01,0,0,10.11,108013
236,SELL_A,ST_FLIP_GREEN,2025-10-23T00:00:00,2025-10-23T04:00:00,short,107641,107641,1000,1,107641,100,0,-10.11,-849.24,-0.01,0,0,0,0,120746.04,10142667.36,120.75,10764.1,0.1,10,5,0.01,0,0,10.11,108013
237,BUY_B,ST_FLIP_RED,2025-10-23T04:00:00,2025-10-23T16:00:00,long,107641,109129,1000,1,107641,100,1488,1477.89,124142.76,1.48,1488,1.38,0,0,122223.93,10266810.12,122.22,10764.1,0.1,10,5,0.01,0,0,10.11,107269
238,SELL_A,ST_FLIP_GREEN,2025-10-23T16:00:00,2025-10-23T20:00:00,short,109129,109501,1000,1,109129,100,-372,-382.11,-32097.24,-0.38,0,0,372,0.34,121841.82,10234712.88,121.84,10912.9,0.1,10,5,0.01,0,0,10.11,109501
239,BUY_A,ST_FLIP_RED,2025-10-23T20:00:00,2025-10-24T00:00:00,long,109687,109873,1000,1,109687,100,186,175.89,14774.76,0.18,186,0.17,0,0,122017.71,10249487.64,122.02,10968.7,0.1,10,5,0.01,0,0,10.11,109315
240,SELL_A,ST_FLIP_GREEN,2025-10-24T00:00:00,2025-10-24T06:00:00,short,109873,110431,1000,1,109873,100,-558,-568.11,-47721.24,-0.57,0,0,558,0.51,121449.6,10201766.4,121.45,10987.3,0.1,10,5,0.01,0,0,10.11,110245
241,BUY_A,ST_FLIP_RED,2025-10-24T08:00:00,2025-10-24T12:00:00,long,110617,110617,1000,1,110617,100,0,-10.11,-849.24,-0.01,0,0,0,0,121439.49,10200917.16,121.44,11061.7,0.1,10,5,0.01,0,0,10.11,110245
242,SELL_B,ST_FLIP_GREEN,2025-10-24T12:00:00,2025-10-24T14:00:00,short,110617,111175,1000,1,110617,100,-558,-568.11,-47721.24,-0.57,0,0,558,0.5,120871.38,10153195.92,120.87,11061.7,0.1,10,5,0.01,0,0,10.11,110989
243,SELL_B,ST_FLIP_GREEN,2025-10-24T18:00:00,2025-10-24T20:00:00,short,110431,110431,1000,1,110431,100,0,-10.11,-849.24,-0.01,0,0,0,0,120861.27,10152346.68,120.86,11043.1,0.1,10,5,0.01,0,0,10.11,110803
244,BUY_A,ST_FLIP_RED,2025-10-25T00:00:00,2025-10-27T12:00:00,long,110617,115081,1000,1,110617,100,4464,4453.89,374126.76,4.45,4464,4.04,0,0,125315.16,10526473.44,125.32,11061.7,0.1,10,5,0.01,0,0,10.11,110245
245,SELL_B,ST_FLIP_GREEN,2025-10-27T12:00:00,2025-10-28T14:00:00,short,115081,114523,1000,1,115081,100,558,547.89,46022.76,0.55,558,0.48,0,0,125863.05,10572496.2,125.86,11508.1,0.1,10,5,0.01,0,0,10.11,115453
246,BUY_A,ST_FLIP_RED,2025-10-28T18:00:00,2025-10-28T20:00:00,long,114895,115267,1000,1,114895,100,372,361.89,30398.76,0.36,372,0.32,0,0,126224.94,10602894.96,126.22,11489.5,0.1,10,5,0.01,0,0,10.11,114523
247,SELL_A,ST_FLIP_GREEN,2025-10-28T20:00:00,2025-10-29T02:00:00,short,115267,113221,1000,1,115267,100,2046,2035.89,171014.76,2.04,2046,1.78,0,0,128260.83,10773909.72,128.26,11526.7,0.1,10,5,0.01,0,0,10.11,115639
248,BUY_A,ST_FLIP_RED,2025-10-29T02:00:00,2025-10-29T04:00:00,long,113221,112663,1000,1,113221,100,-558,-568.11,-47721.24,-0.57,0,0,558,0.49,127692.72,10726188.48,127.69,11322.1,0.1,10,5,0.01,0,0,10.11,112849
249,BUY_B,ST_FLIP_RED,2025-10-29T10:00:00,2025-10-29T18:00:00,long,113035,112663,1000,1,113035,100,-372,-382.11,-32097.24,-0.38,0,0,372,0.33,127310.61,10694091.24,127.31,11303.5,0.1,10,5,0.01,0,0,10.11,112663
250,SELL_A,ST_FLIP_GREEN,2025-10-29T18:00:00,2025-10-30T06:00:00,short,112291,110989,1000,1,112291,100,1302,1291.89,108518.76,1.29,1302,1.16,0,0,128602.5,10802610,128.6,11229.1,0.1,10,5,0.01,0,0,10.11,112663
251,BUY_B,ST_FLIP_RED,2025-10-30T06:00:00,2025-10-30T08:00:00,long,110989,110431,1000,1,110989,100,-558,-568.11,-47721.24,-0.57,0,0,558,0.5,128034.39,10754888.76,128.03,11098.9,0.1,10,5,0.01,0,0,10.11,110617
252,SELL_A,ST_FLIP_GREEN,2025-10-30T08:00:00,2025-10-30T10:00:00,short,110059,108757,1000,1,110059,100,1302,1291.89,108518.76,1.29,1302,1.18,0,0,129326.28,10863407.52,129.33,11005.9,0.1,10,5,0.01,0,0,10.11,110431
253,BUY_B,ST_FLIP_RED,2025-10-30T10:00:00,2025-10-30T14:00:00,long,108757,110059,1000,1,108757,100,1302,1291.89,108518.76,1.29,1302,1.2,0,0,130618.17,10971926.28,130.62,10875.7,0.1,10,5,0.01,0,0,10.11,108385
254,SELL_A,ST_FLIP_GREEN,2025-10-30T14:00:00,2025-10-31T04:00:00,short,109873,107827,1000,1,109873,100,2046,2035.89,171014.76,2.04,2046,1.86,0,0,132654.06,11142941.04,132.65,10987.3,0.1,10,5,0.01,0,0,10.11,110245
255,BUY_A,ST_FLIP_RED,2025-10-31T04:00:00,2025-10-31T22:00:00,long,107827,109501,1000,1,107827,100,1674,1663.89,139766.76,1.66,1674,1.55,0,0,134317.95,11282707.8,134.32,10782.7,0.1,10,5,0.01,0,0,10.11,107455
256,SELL_A,ST_FLIP_GREEN,2025-10-31T22:00:00,2025-11-01T00:00:00,short,109501,109687,1000,1,109501,100,-186,-196.11,-16473.24,-0.2,0,0,186,0.17,134121.84,11266234.56,134.12,10950.1,0.1,10,5,0.01,0,0,10.11,109873
257,BUY_A,ST_FLIP_RED,2025-11-01T08:00:00,2025-11-01T18:00:00,long,109873,109687,1000,1,109873,100,-186,-196.11,-16473.24,-0.2,0,0,186,0.17,133925.73,11249761.32,133.93,10987.3,0.1,10,5,0.01,0,0,10.11,109501
258,SELL_A,ST_FLIP_GREEN,2025-11-01T18:00:00,2025-11-01T20:00:00,short,109687,110245,1000,1,109687,100,-558,-568.11,-47721.24,-0.57,0,0,558,0.51,133357.62,11202040.08,133.36,10968.7,0.1,10,5,0.01,0,0,10.11,110059
259,BUY_A,ST_FLIP_RED,2025-11-01T20:00:00,2025-11-02T18:00:00,long,110245,110245,1000,1,110245,100,0,-10.11,-849.24,-0.01,0,0,0,0,133347.51,11201190.84,133.35,11024.5,0.1,10,5,0.01,0,0,10.11,109873
260,SELL_A,ST_FLIP_GREEN,2025-11-02T18:00:00,2025-11-03T16:00:00,short,110245,107827,1000,1,110245,100,2418,2407.89,202262.76,2.41,2418,2.19,0,0,135755.4,11403453.6,135.76,11024.5,0.1,10,5,0.01,0,0,10.11,110617
261,BUY_A,ST_FLIP_RED,2025-11-03T16:00:00,2025-11-03T18:00:00,long,107827,107827,1000,1,107827,100,0,-10.11,-849.24,-0.01,0,0,0,0,135745.29,11402604.36,135.75,10782.7,0.1,10,5,0.01,0,0,10.11,107455
262,SELL_A,ST_FLIP_GREEN,2025-11-03T18:00:00,2025-11-03T22:00:00,short,107455,107083,1000,1,107455,100,372,361.89,30398.76,0.36,372,0.35,0,0,136107.18,11433003.12,136.11,10745.5,0.1,10,5,0.01,0,0,10.11,107827
263,BUY_A,ST_FLIP_RED,2025-11-03T22:00:00,2025-11-04T00:00:00,long,107083,106711,1000,1,107083,100,-372,-382.11,-32097.24,-0.38,0,0,372,0.35,135725.07,11400905.88,135.73,10708.3,0.1,10,5,0.01,0,0,10.11,106711
264,SELL_A,ST_FLIP_GREEN,2025-11-04T02:00:00,2025-11-04T06:00:00,short,106339,106525,1000,1,106339,100,-186,-196.11,-16473.24,-0.2,0,0,186,0.17,135528.96,11384432.64,135.53,10633.9,0.1,10,5,0.01,0,0,10.11,106711
265,BUY_A,ST_FLIP_RED,2025-11-04T06:00:00,2025-11-04T10:00:00,long,106525,106525,1000,1,106525,100,0,-10.11,-849.24,-0.01,0,0,0,0,135518.85,11383583.4,135.52,10652.5,0.1,10,5,0.01,0,0,10.11,106153
266,SELL_A,ST_FLIP_GREEN,2025-11-04T10:00:00,2025-11-05T02:00:00,short,106339,101131,1000,1,106339,100,5208,5197.89,436622.76,5.2,5208,4.9,0,0,140716.74,11820206.16,140.72,10633.9,0.1,10,5,0.01,0,0,10.11,106711
267,BUY_B,ST_FLIP_RED,2025-11-05T02:00:00,2025-11-06T02:00:00,long,101131,103363,1000,1,101131,100,2232,2221.89,186638.76,2.22,2232,2.21,0,0,142938.63,12006844.92,142.94,10113.1,0.1,10,5,0.01,0,0,10.11,100759
268,SELL_A,ST_FLIP_GREEN,2025-11-06T02:00:00,2025-11-06T08:00:00,short,103363,103549,1000,1,103363,100,-186,-196.11,-16473.24,-0.2,0,0,186,0.18,142742.52,11990371.68,142.74,10336.3,0.1,10,5,0.01,0,0,10.11,103735
269,SELL_B,ST_FLIP_GREEN,2025-11-06T12:00:00,2025-11-07T08:00:00,short,103177,101503,1000,1,103177,100,1674,1663.89,139766.76,1.66,1674,1.62,0,0,144406.41,12130138.44,144.41,10317.7,0.1,10,5,0.01,0,0,10.11,103549
270,BUY_A,ST_FLIP_RED,2025-11-07T08:00:00,2025-11-07T14:00:00,long,101503,101503,1000,1,101503,100,0,-10.11,-849.24,-0.01,0,0,0,0,144396.3,12129289.2,144.4,10150.3,0.1,10,5,0.01,0,0,10.11,101131
271,SELL_A,ST_FLIP_GREEN,2025-11-07T14:00:00,2025-11-07T20:00:00,short,101131,100573,1000,1,101131,100,558,547.89,46022.76,0.55,558,0.55,0,0,144944.19,12175311.96,144.94,10113.1,0.1,10,5,0.01,0,0,10.11,101503
272,BUY_A,ST_FLIP_RED,2025-11-07T20:00:00,2025-11-08T04:00:00,long,100573,103177,1000,1,100573,100,2604,2593.89,217886.76,2.59,2604,2.59,0,0,147538.08,12393198.72,147.54,10057.3,0.1,10,5,0.01,0,0,10.11,100201
273,SELL_B,ST_FLIP_GREEN,2025-11-08T04:00:00,2025-11-09T00:00:00,short,103177,102247,1000,1,103177,100,930,919.89,77270.76,0.92,930,0.9,0,0,148457.97,12470469.48,148.46,10317.7,0.1,10,5,0.01,0,0,10.11,103549
274,SELL_B,ST_FLIP_GREEN,2025-11-09T04:00:00,2025-11-09T18:00:00,short,101689,102433,1000,1,101689,100,-744,-754.11,-63345.24,-0.75,0,0,744,0.73,147703.86,12407124.24,147.7,10168.9,0.1,10,5,0.01,0,0,10.11,102061
275,BUY_B,ST_FLIP_RED,2025-11-09T18:00:00,2025-11-10T20:00:00,long,102433,105595,1000,1,102433,100,3162,3151.89,264758.76,3.15,3162,3.09,0,0,150855.75,12671883,150.86,10243.3,0.1,10,5,0.01,0,0,10.11,102061
276,SELL_B,ST_FLIP_GREEN,2025-11-10T20:00:00,2025-11-10T22:00:00,short,105595,105595,1000,1,105595,100,0,-10.11,-849.24,-0.01,0,0,0,0,150845.64,12671033.76,150.85,10559.5,0.1,10,5,0.01,0,0,10.11,105967
277,SELL_B,ST_FLIP_GREEN,2025-11-11T02:00:00,2025-11-11T06:00:00,short,105409,105967,1000,1,105409,100,-558,-568.11,-47721.24,-0.57,0,0,558,0.53,150277.53,12623312.52,150.28,10540.9,0.1,10,5,0.01,0,0,10.11,105781
278,BUY_A,ST_FLIP_RED,2025-11-11T06:00:00,2025-11-11T08:00:00,long,106153,105781,1000,1,106153,100,-372,-382.11,-32097.24,-0.38,0,0,372,0.35,149895.42,12591215.28,149.9,10615.3,0.1,10,5,0.01,0,0,10.11,105781
279,SELL_B,ST_FLIP_GREEN,2025-11-11T08:00:00,2025-11-12T10:00:00,short,105781,103549,1000,1,105781,100,2232,2221.89,186638.76,2.22,2232,2.11,0,0,152117.31,12777854.04,152.12,10578.1,0.1,10,5,0.01,0,0,10.11,106153
280,BUY_A,ST_FLIP_RED,2025-11-12T10:00:00,2025-11-12T20:00:00,long,103549,104293,1000,1,103549,100,744,733.89,61646.76,0.73,744,0.72,0,0,152851.2,12839500.8,152.85,10354.9,0.1,10,5,0.01,0,0,10.11,103177
281,SELL_A,ST_FLIP_GREEN,2025-11-12T20:00:00,2025-11-13T06:00:00,short,104107,102061,1000,1,104107,100,2046,2035.89,171014.76,2.04,2046,1.97,0,0,154887.09,13010515.56,154.89,10410.7,0.1,10,5,0.01,0,0,10.11,104479
282,BUY_B,ST_FLIP_RED,2025-11-13T06:00:00,2025-11-13T14:00:00,long,102061,102991,1000,1,102061,100,930,919.89,77270.76,0.92,930,0.91,0,0,155806.98,13087786.32,155.81,10206.1,0.1,10,5,0.01,0,0,10.11,101689
283,SELL_A,ST_FLIP_GREEN,2025-11-13T18:00:00,2025-11-14T02:00:00,short,102805,99085,1000,1,102805,100,3720,3709.89,311630.76,3.71,3720,3.62,0,0,159516.87,13399417.08,159.52,10280.5,0.1,10,5,0.01,0,0,10.11,103177
284,BUY_B,ST_FLIP_RED,2025-11-14T02:00:00,2025-11-14T08:00:00,long,99085,99085,1000,1,99085,100,0,-10.11,-849.24,-0.01,0,0,0,0,159506.76,13398567.84,159.51,9908.5,0.1,10,5,0.01,0,0,10.11,98713
285,SELL_A,ST_FLIP_GREEN,2025-11-14T10:00:00,2025-11-14T20:00:00,short,98527,96109,1000,1,98527,100,2418,2407.89,202262.76,2.41,2418,2.45,0,0,161914.65,13600830.6,161.91,9852.7,0.1,10,5,0.01,0,0,10.11,98899
286,BUY_B,ST_FLIP_RED,2025-11-14T20:00:00,2025-11-14T22:00:00,long,96109,96481,1000,1,96109,100,372,361.89,30398.76,0.36,372,0.39,0,0,162276.54,13631229.36,162.28,9610.9,0.1,10,5,0.01,0,0,10.11,95737
287,SELL_A,ST_FLIP_GREEN,2025-11-14T22:00:00,2025-11-15T06:00:00,short,96109,95551,1000,1,96109,100,558,547.89,46022.76,0.55,558,0.58,0,0,162824.43,13677252.12,162.82,9610.9,0.1,10,5,0.01,0,0,10.11,96481
288,BUY_A,ST_FLIP_RED,2025-11-15T06:00:00,2025-11-15T14:00:00,long,95551,95737,1000,1,95551,100,186,175.89,14774.76,0.18,186,0.19,0,0,163000.32,13692026.88,163,9555.1,0.1,10,5,0.01,0,0,10.11,95179
289,SELL_A,ST_FLIP_GREEN,2025-11-16T04:00:00,2025-11-16T08:00:00,short,95551,95923,1000,1,95551,100,-372,-382.11,-32097.24,-0.38,0,0,372,0.39,162618.21,13659929.64,162.62,9555.1,0.1,10,5,0.01,0,0,10.11,95923
290,BUY_A,ST_FLIP_RED,2025-11-16T08:00:00,2025-11-16T16:00:00,long,95923,95737,1000,1,95923,100,-186,-196.11,-16473.24,-0.2,0,0,186,0.19,162422.1,13643456.4,162.42,9592.3,0.1,10,5,0.01,0,0,10.11,95551
291,SELL_A,ST_FLIP_GREEN,2025-11-16T18:00:00,2025-11-16T22:00:00,short,95551,94993,1000,1,95551,100,558,547.89,46022.76,0.55,558,0.58,0,0,162969.99,13689479.16,162.97,9555.1,0.1,10,5,0.01,0,0,10.11,95923
292,BUY_A,ST_FLIP_RED,2025-11-16T22:00:00,2025-11-17T00:00:00,long,94993,94435,1000,1,94993,100,-558,-568.11,-47721.24,-0.57,0,0,558,0.59,162401.88,13641757.92,162.4,9499.3,0.1,10,5,0.01,0,0,10.11,94621
293,SELL_A,ST_FLIP_GREEN,2025-11-17T00:00:00,2025-11-17T04:00:00,short,94435,94249,1000,1,94435,100,186,175.89,14774.76,0.18,186,0.2,0,0,162577.77,13656532.68,162.58,9443.5,0.1,10,5,0.01,0,0,10.11,94807
294,BUY_A,ST_FLIP_RED,2025-11-17T04:00:00,2025-11-17T18:00:00,long,94249,95179,1000,1,94249,100,930,919.89,77270.76,0.92,930,0.99,0,0,163497.66,13733803.44,163.5,9424.9,0.1,10,5,0.01,0,0,10.11,93877
295,SELL_A,ST_FLIP_GREEN,2025-11-17T18:00:00,2025-11-18T12:00:00,short,94993,90529,1000,1,94993,100,4464,4453.89,374126.76,4.45,4464,4.7,0,0,167951.55,14107930.2,167.95,9499.3,0.1,10,5,0.01,0,0,10.11,95365
296,BUY_B,ST_FLIP_RED,2025-11-18T12:00:00,2025-11-19T00:00:00,long,90529,92947,1000,1,90529,100,2418,2407.89,202262.76,2.41,2418,2.67,0,0,170359.44,14310192.96,170.36,9052.9,0.1,10,5,0.01,0,0,10.11,90157
297,SELL_A,ST_FLIP_GREEN,2025-11-19T00:00:00,2025-11-19T12:00:00,short,92947,91459,1000,1,92947,100,1488,1477.89,124142.76,1.48,1488,1.6,0,0,171837.33,14434335.72,171.84,9294.7,0.1,10,5,0.01,0,0,10.11,93319
298,BUY_A,ST_FLIP_RED,2025-11-19T12:00:00,2025-11-19T14:00:00,long,91459,91459,1000,1,91459,100,0,-10.11,-849.24,-0.01,0,0,0,0,171827.22,14433486.48,171.83,9145.9,0.1,10,5,0.01,0,0,10.11,91087
299,SELL_A,ST_FLIP_GREEN,2025-11-19T18:00:00,2025-11-20T02:00:00,short,91273,89599,1000,1,91273,100,1674,1663.89,139766.76,1.66,1674,1.83,0,0,173491.11,14573253.24,173.49,9127.3,0.1,10,5,0.01,0,0,10.11,91645
300,BUY_B,ST_FLIP_RED,2025-11-20T02:00:00,2025-11-20T14:00:00,long,89599,91831,1000,1,89599,100,2232,2221.89,186638.76,2.22,2232,2.49,0,0,175713,14759892,175.71,8959.9,0.1,10,5,0.01,0,0,10.11,89227
301,SELL_A,ST_FLIP_GREEN,2025-11-20T14:00:00,2025-11-21T02:00:00,short,91831,87553,1000,1,91831,100,4278,4267.89,358502.76,4.27,4278,4.66,0,0,179980.89,15118394.76,179.98,9183.1,0.1,10,5,0.01,0,0,10.11,92203
302,BUY_B,ST_FLIP_RED,2025-11-21T02:00:00,2025-11-21T04:00:00,long,87553,87553,1000,1,87553,100,0,-10.11,-849.24,-0.01,0,0,0,0,179970.78,15117545.52,179.97,8755.3,0.1,10,5,0.01,0,0,10.11,87181
303,SELL_A,ST_FLIP_GREEN,2025-11-21T06:00:00,2025-11-21T18:00:00,short,86995,81601,1000,1,86995,100,5394,5383.89,452246.76,5.38,5394,6.2,0,0,185354.67,15569792.28,185.35,8699.5,0.1,10,5,0.01,0,0,10.11,87367
304,BUY_B,ST_FLIP_RED,2025-11-21T18:00:00,2025-11-21T20:00:00,long,81601,83275,1000,1,81601,100,1674,1663.89,139766.76,1.66,1674,2.05,0,0,187018.56,15709559.04,187.02,8160.1,0.1,10,5,0.01,0,0,10.11,81229
305,SELL_A,ST_FLIP_GREEN,2025-11-21T20:00:00,2025-11-21T22:00:00,short,83275,83647,1000,1,83275,100,-372,-382.11,-32097.24,-0.38,0,0,372,0.45,186636.45,15677461.8,186.64,8327.5,0.1,10,5,0.01,0,0,10.11,83647
306,BUY_A,ST_FLIP_RED,2025-11-21T22:00:00,2025-11-22T00:00:00,long,83833,83647,1000,1,83833,100,-186,-196.11,-16473.24,-0.2,0,0,186,0.22,186440.34,15660988.56,186.44,8383.3,0.1,10,5,0.01,0,0,10.11,83461
307,SELL_A,ST_FLIP_GREEN,2025-11-22T00:00:00,2025-11-22T02:00:00,short,83647,84019,1000,1,83647,100,-372,-382.11,-32097.24,-0.38,0,0,372,0.44,186058.23,15628891.32,186.06,8364.7,0.1,10,5,0.01,0,0,10.11,84019
308,BUY_A,ST_FLIP_RED,2025-11-22T02:00:00,2025-11-22T08:00:00,long,84205,84391,1000,1,84205,100,186,175.89,14774.76,0.18,186,0.22,0,0,186234.12,15643666.08,186.23,8420.5,0.1,10,5,0.01,0,0,10.11,83833
309,SELL_A,ST_FLIP_GREEN,2025-11-22T08:00:00,2025-11-22T10:00:00,short,84391,84391,1000,1,84391,100,0,-10.11,-849.24,-0.01,0,0,0,0,186224.01,15642816.84,186.22,8439.1,0.1,10,5,0.01,0,0,10.11,84763
310,BUY_A,ST_FLIP_RED,2025-11-22T10:00:00,2025-11-22T12:00:00,long,84577,84019,1000,1,84577,100,-558,-568.11,-47721.24,-0.57,0,0,558,0.66,185655.9,15595095.6,185.66,8457.7,0.1,10,5,0.01,0,0,10.11,84205
311,SELL_B,ST_FLIP_GREEN,2025-11-22T12:00:00,2025-11-22T18:00:00,short,84019,84205,1000,1,84019,100,-186,-196.11,-16473.24,-0.2,0,0,186,0.22,185459.79,15578622.36,185.46,8401.9,0.1,10,5,0.01,0,0,10.11,84391
312,BUY_A,ST_FLIP_RED,2025-11-22T18:00:00,2025-11-23T12:00:00,long,84391,85879,1000,1,84391,100,1488,1477.89,124142.76,1.48,1488,1.76,0,0,186937.68,15702765.12,186.94,8439.1,0.1,10,5,0.01,0,0,10.11,84019
313,SELL_A,ST_FLIP_GREEN,2025-11-23T12:00:00,2025-11-23T16:00:00,short,85879,86437,1000,1,85879,100,-558,-568.11,-47721.24,-0.57,0,0,558,0.65,186369.57,15655043.88,186.37,8587.9,0.1,10,5,0.01,0,0,10.11,86251
314,BUY_A,ST_FLIP_RED,2025-11-23T16:00:00,2025-11-24T04:00:00,long,86809,87181,1000,1,86809,100,372,361.89,30398.76,0.36,372,0.43,0,0,186731.46,15685442.64,186.73,8680.9,0.1,10,5,0.01,0,0,10.11,86437
315,SELL_B,ST_FLIP_GREEN,2025-11-24T04:00:00,2025-11-24T06:00:00,short,87181,86809,1000,1,87181,100,372,361.89,30398.76,0.36,372,0.43,0,0,187093.35,15715841.4,187.09,8718.1,0.1,10,5,0.01,0,0,10.11,87553
316,BUY_A,ST_FLIP_RED,2025-11-24T06:00:00,2025-11-24T08:00:00,long,87181,87181,1000,1,87181,100,0,-10.11,-849.24,-0.01,0,0,0,0,187083.24,15714992.16,187.08,8718.1,0.1,10,5,0.01,0,0,10.11,86809
317,SELL_A,ST_FLIP_GREEN,2025-11-24T08:00:00,2025-11-24T10:00:00,short,87181,86995,1000,1,87181,100,186,175.89,14774.76,0.18,186,0.21,0,0,187259.13,15729766.92,187.26,8718.1,0.1,10,5,0.01,0,0,10.11,87553
318,BUY_A,ST_FLIP_RED,2025-11-24T10:00:00,2025-11-24T12:00:00,long,87181,86623,1000,1,87181,100,-558,-568.11,-47721.24,-0.57,0,0,558,0.64,186691.02,15682045.68,186.69,8718.1,0.1,10,5,0.01,0,0,10.11,86809
319,SELL_B,ST_FLIP_GREEN,2025-11-24T12:00:00,2025-11-24T20:00:00,short,86623,86437,1000,1,86623,100,186,175.89,14774.76,0.18,186,0.21,0,0,186866.91,15696820.44,186.87,8662.3,0.1,10,5,0.01,0,0,10.11,86995
320,BUY_A,ST_FLIP_RED,2025-11-24T20:00:00,2025-11-25T04:00:00,long,86437,88111,1000,1,86437,100,1674,1663.89,139766.76,1.66,1674,1.94,0,0,188530.8,15836587.2,188.53,8643.7,0.1,10,5,0.01,0,0,10.11,86065
321,SELL_A,ST_FLIP_GREEN,2025-11-25T04:00:00,2025-11-25T22:00:00,short,88111,87739,1000,1,88111,100,372,361.89,30398.76,0.36,372,0.42,0,0,188892.69,15866985.96,188.89,8811.1,0.1,10,5,0.01,0,0,10.11,88483
322,SELL_B,ST_FLIP_GREEN,2025-11-26T00:00:00,2025-11-26T04:00:00,short,87181,87553,1000,1,87181,100,-372,-382.11,-32097.24,-0.38,0,0,372,0.43,188510.58,15834888.72,188.51,8718.1,0.1,10,5,0.01,0,0,10.11,87553
323,BUY_A,ST_FLIP_RED,2025-11-26T04:00:00,2025-11-26T08:00:00,long,87553,87181,1000,1,87553,100,-372,-382.11,-32097.24,-0.38,0,0,372,0.42,188128.47,15802791.48,188.13,8755.3,0.1,10,5,0.01,0,0,10.11,87181
324,SELL_A,ST_FLIP_GREEN,2025-11-26T08:00:00,2025-11-26T18:00:00,short,87181,87181,1000,1,87181,100,0,-10.11,-849.24,-0.01,0,0,0,0,188118.36,15801942.24,188.12,8718.1,0.1,10,5,0.01,0,0,10.11,87553
325,BUY_A,ST_FLIP_RED,2025-11-26T18:00:00,2025-11-27T18:00:00,long,87181,90901,1000,1,87181,100,3720,3709.89,311630.76,3.71,3720,4.27,0,0,191828.25,16113573,191.83,8718.1,0.1,10,5,0.01,0,0,10.11,86809
326,SELL_B,ST_FLIP_GREEN,2025-11-27T18:00:00,2025-11-27T22:00:00,short,90901,91459,1000,1,90901,100,-558,-568.11,-47721.24,-0.57,0,0,558,0.61,191260.14,16065851.76,191.26,9090.1,0.1,10,5,0.01,0,0,10.11,91273
327,SELL_B,ST_FLIP_GREEN,2025-11-28T06:00:00,2025-11-28T08:00:00,short,90715,91087,1000,1,90715,100,-372,-382.11,-32097.24,-0.38,0,0,372,0.41,190878.03,16033754.52,190.88,9071.5,0.1,10,5,0.01,0,0,10.11,91087
328,BUY_A,ST_FLIP_RED,2025-11-28T08:00:00,2025-11-28T20:00:00,long,91459,92203,1000,1,91459,100,744,733.89,61646.76,0.73,744,0.81,0,0,191611.92,16095401.28,191.61,9145.9,0.1,10,5,0.01,0,0,10.11,91087
329,SELL_A,ST_FLIP_GREEN,2025-11-28T20:00:00,2025-11-30T04:00:00,short,92203,90901,1000,1,92203,100,1302,1291.89,108518.76,1.29,1302,1.41,0,0,192903.81,16203920.04,192.9,9220.3,0.1,10,5,0.01,0,0,10.11,92575
330,BUY_A,ST_FLIP_RED,2025-11-30T12:00:00,2025-12-01T02:00:00,long,91087,91087,1000,1,91087,100,0,-10.11,-849.24,-0.01,0,0,0,0,192893.7,16203070.8,192.89,9108.7,0.1,10,5,0.01,0,0,10.11,90715
331,SELL_A,ST_FLIP_GREEN,2025-12-01T04:00:00,2025-12-01T12:00:00,short,90901,86437,1000,1,90901,100,4464,4453.89,374126.76,4.45,4464,4.91,0,0,197347.59,16577197.56,197.35,9090.1,0.1,10,5,0.01,0,0,10.11,91273
332,BUY_B,ST_FLIP_RED,2025-12-01T12:00:00,2025-12-01T16:00:00,long,86437,86065,1000,1,86437,100,-372,-382.11,-32097.24,-0.38,0,0,372,0.43,196965.48,16545100.32,196.97,8643.7,0.1,10,5,0.01,0,0,10.11,86065
333,BUY_B,ST_FLIP_RED,2025-12-01T18:00:00,2025-12-01T20:00:00,long,86251,85507,1000,1,86251,100,-744,-754.11,-63345.24,-0.75,0,0,744,0.86,196211.37,16481755.08,196.21,8625.1,0.1,10,5,0.01,0,0,10.11,85879
334,SELL_A,ST_FLIP_GREEN,2025-12-01T20:00:00,2025-12-01T22:00:00,short,85321,84949,1000,1,85321,100,372,361.89,30398.76,0.36,372,0.44,0,0,196573.26,16512153.84,196.57,8532.1,0.1,10,5,0.01,0,0,10.11,85693
335,BUY_B,ST_FLIP_RED,2025-12-01T22:00:00,2025-12-03T00:00:00,long,84949,91273,1000,1,84949,100,6324,6313.89,530366.76,6.31,6324,7.44,0,0,202887.15,17042520.6,202.89,8494.9,0.1,10,5,0.01,0,0,10.11,84577
336,SELL_B,ST_FLIP_GREEN,2025-12-03T00:00:00,2025-12-03T02:00:00,short,91273,91459,1000,1,91273,100,-186,-196.11,-16473.24,-0.2,0,0,186,0.2,202691.04,17026047.36,202.69,9127.3,0.1,10,5,0.01,0,0,10.11,91645
337,SELL_B,ST_FLIP_GREEN,2025-12-03T04:00:00,2025-12-03T06:00:00,short,91087,91831,1000,1,91087,100,-744,-754.11,-63345.24,-0.75,0,0,744,0.82,201936.93,16962702.12,201.94,9108.7,0.1,10,5,0.01,0,0,10.11,91459
338,BUY_A,ST_FLIP_RED,2025-12-03T06:00:00,2025-12-03T12:00:00,long,92017,93319,1000,1,92017,100,1302,1291.89,108518.76,1.29,1302,1.41,0,0,203228.82,17071220.88,203.23,9201.7,0.1,10,5,0.01,0,0,10.11,91645
339,SELL_B,ST_FLIP_GREEN,2025-12-03T12:00:00,2025-12-03T14:00:00,short,93319,93319,1000,1,93319,100,0,-10.11,-849.24,-0.01,0,0,0,0,203218.71,17070371.64,203.22,9331.9,0.1,10,5,0.01,0,0,10.11,93691
340,SELL_B,ST_FLIP_GREEN,2025-12-03T16:00:00,2025-12-03T22:00:00,short,92761,92947,1000,1,92761,100,-186,-196.11,-16473.24,-0.2,0,0,186,0.2,203022.6,17053898.4,203.02,9276.1,0.1,10,5,0.01,0,0,10.11,93133
341,BUY_A,ST_FLIP_RED,2025-12-03T22:00:00,2025-12-04T04:00:00,long,93133,92761,1000,1,93133,100,-372,-382.11,-32097.24,-0.38,0,0,372,0.4,202640.49,17021801.16,202.64,9313.3,0.1,10,5,0.01,0,0,10.11,92761
342,SELL_A,ST_FLIP_GREEN,2025-12-04T04:00:00,2025-12-04T06:00:00,short,92761,93505,1000,1,92761,100,-744,-754.11,-63345.24,-0.75,0,0,744,0.8,201886.38,16958455.92,201.89,9276.1,0.1,10,5,0.01,0,0,10.11,93133
343,BUY_B,ST_FLIP_RED,2025-12-04T06:00:00,2025-12-04T08:00:00,long,93505,93319,1000,1,93505,100,-186,-196.11,-16473.24,-0.2,0,0,186,0.2,201690.27,16941982.68,201.69,9350.5,0.1,10,5,0.01,0,0,10.11,93133
344,SELL_A,ST_FLIP_GREEN,2025-12-04T08:00:00,2025-12-05T06:00:00,short,93319,92575,1000,1,93319,100,744,733.89,61646.76,0.73,744,0.8,0,0,202424.16,17003629.44,202.42,9331.9,0.1,10,5,0.01,0,0,10.11,93691
345,SELL_B,ST_FLIP_GREEN,2025-12-05T08:00:00,2025-12-06T00:00:00,short,92017,89599,1000,1,92017,100,2418,2407.89,202262.76,2.41,2418,2.63,0,0,204832.05,17205892.2,204.83,9201.7,0.1,10,5,0.01,0,0,10.11,92389
346,BUY_B,ST_FLIP_RED,2025-12-06T00:00:00,2025-12-06T02:00:00,long,89599,89041,1000,1,89599,100,-558,-568.11,-47721.24,-0.57,0,0,558,0.62,204263.94,17158170.96,204.26,8959.9,0.1,10,5,0.01,0,0,10.11,89227
347,BUY_B,ST_FLIP_RED,2025-12-06T18:00:00,2025-12-07T18:00:00,long,89785,89041,1000,1,89785,100,-744,-754.11,-63345.24,-0.75,0,0,744,0.83,203509.83,17094825.72,203.51,8978.5,0.1,10,5,0.01,0,0,10.11,89413
348,SELL_A,ST_FLIP_GREEN,2025-12-07T18:00:00,2025-12-07T20:00:00,short,89041,88483,1000,1,89041,100,558,547.89,46022.76,0.55,558,0.63,0,0,204057.72,17140848.48,204.06,8904.1,0.1,10,5,0.01,0,0,10.11,89413
349,BUY_A,ST_FLIP_RED,2025-12-07T20:00:00,2025-12-08T02:00:00,long,88483,90901,1000,1,88483,100,2418,2407.89,202262.76,2.41,2418,2.73,0,0,206465.61,17343111.24,206.47,8848.3,0.1,10,5,0.01,0,0,10.11,88111
350,SELL_A,ST_FLIP_GREEN,2025-12-08T02:00:00,2025-12-08T04:00:00,short,90901,90157,1000,1,90901,100,744,733.89,61646.76,0.73,744,0.82,0,0,207199.5,17404758,207.2,9090.1,0.1,10,5,0.01,0,0,10.11,91273
351,BUY_A,ST_FLIP_RED,2025-12-08T04:00:00,2025-12-08T18:00:00,long,90343,91273,1000,1,90343,100,930,919.89,77270.76,0.92,930,1.03,0,0,208119.39,17482028.76,208.12,9034.3,0.1,10,5,0.01,0,0,10.11,89971
352,SELL_A,ST_FLIP_GREEN,2025-12-08T18:00:00,2025-12-09T02:00:00,short,91273,90715,1000,1,91273,100,558,547.89,46022.76,0.55,558,0.61,0,0,208667.28,17528051.52,208.67,9127.3,0.1,10,5,0.01,0,0,10.11,91645
353,BUY_A,ST_FLIP_RED,2025-12-09T02:00:00,2025-12-09T04:00:00,long,90901,90529,1000,1,90901,100,-372,-382.11,-32097.24,-0.38,0,0,372,0.41,208285.17,17495954.28,208.29,9090.1,0.1,10,5,0.01,0,0,10.11,90529
354,SELL_A,ST_FLIP_GREEN,2025-12-09T04:00:00,2025-12-09T12:00:00,short,90529,90529,1000,1,90529,100,0,-10.11,-849.24,-0.01,0,0,0,0,208275.06,17495105.04,208.28,9052.9,0.1,10,5,0.01,0,0,10.11,90901
355,BUY_A,ST_FLIP_RED,2025-12-09T12:00:00,2025-12-10T00:00:00,long,90529,93505,1000,1,90529,100,2976,2965.89,249134.76,2.97,2976,3.29,0,0,211240.95,17744239.8,211.24,9052.9,0.1,10,5,0.01,0,0,10.11,90157
356,SELL_B,ST_FLIP_GREEN,2025-12-10T00:00:00,2025-12-10T20:00:00,short,93505,92575,1000,1,93505,100,930,919.89,77270.76,0.92,930,0.99,0,0,212160.84,17821510.56,212.16,9350.5,0.1,10,5,0.01,0,0,10.11,93877
357,BUY_A,ST_FLIP_RED,2025-12-11T00:00:00,2025-12-11T02:00:00,long,92761,92947,1000,1,92761,100,186,175.89,14774.76,0.18,186,0.2,0,0,212336.73,17836285.32,212.34,9276.1,0.1,10,5,0.01,0,0,10.11,92389
358,SELL_A,ST_FLIP_GREEN,2025-12-11T02:00:00,2025-12-11T22:00:00,short,92761,90157,1000,1,92761,100,2604,2593.89,217886.76,2.59,2604,2.81,0,0,214930.62,18054172.08,214.93,9276.1,0.1,10,5,0.01,0,0,10.11,93133
359,BUY_B,ST_FLIP_RED,2025-12-11T22:00:00,2025-12-12T20:00:00,long,90157,91831,1000,1,90157,100,1674,1663.89,139766.76,1.66,1674,1.86,0,0,216594.51,18193938.84,216.59,9015.7,0.1,10,5,0.01,0,0,10.11,89785
360,SELL_A,ST_FLIP_GREEN,2025-12-12T20:00:00,2025-12-15T06:00:00,short,91831,89041,1000,1,91831,100,2790,2779.89,233510.76,2.78,2790,3.04,0,0,219374.4,18427449.6,219.37,9183.1,0.1,10,5,0.01,0,0,10.11,92203
361,BUY_B,ST_FLIP_RED,2025-12-15T06:00:00,2025-12-15T08:00:00,long,89041,89227,1000,1,89041,100,186,175.89,14774.76,0.18,186,0.21,0,0,219550.29,18442224.36,219.55,8904.1,0.1,10,5,0.01,0,0,10.11,88669
362,BUY_B,ST_FLIP_RED,2025-12-15T12:00:00,2025-12-15T16:00:00,long,89785,89413,1000,1,89785,100,-372,-382.11,-32097.24,-0.38,0,0,372,0.41,219168.18,18410127.12,219.17,8978.5,0.1,10,5,0.01,0,0,10.11,89413
363,SELL_A,ST_FLIP_GREEN,2025-12-15T20:00:00,2025-12-16T04:00:00,short,89227,86251,1000,1,89227,100,2976,2965.89,249134.76,2.97,2976,3.34,0,0,222134.07,18659261.88,222.13,8922.7,0.1,10,5,0.01,0,0,10.11,89599
364,BUY_B,ST_FLIP_RED,2025-12-16T04:00:00,2025-12-16T08:00:00,long,86251,85879,1000,1,86251,100,-372,-382.11,-32097.24,-0.38,0,0,372,0.43,221751.96,18627164.64,221.75,8625.1,0.1,10,5,0.01,0,0,10.11,85879
365,BUY_B,ST_FLIP_RED,2025-12-16T10:00:00,2025-12-16T22:00:00,long,86065,87181,1000,1,86065,100,1116,1105.89,92894.76,1.11,1116,1.3,0,0,222857.85,18720059.4,222.86,8606.5,0.1,10,5,0.01,0,0,10.11,85693
366,BUY_B,ST_FLIP_RED,2025-12-17T02:00:00,2025-12-17T04:00:00,long,87739,87367,1000,1,87739,100,-372,-382.11,-32097.24,-0.38,0,0,372,0.42,222475.74,18687962.16,222.48,8773.9,0.1,10,5,0.01,0,0,10.11,87367
367,SELL_B,ST_FLIP_GREEN,2025-12-17T04:00:00,2025-12-17T16:00:00,short,87367,87181,1000,1,87367,100,186,175.89,14774.76,0.18,186,0.21,0,0,222651.63,18702736.92,222.65,8736.7,0.1,10,5,0.01,0,0,10.11,87739
368,BUY_A,ST_FLIP_RED,2025-12-17T18:00:00,2025-12-17T20:00:00,long,87367,86995,1000,1,87367,100,-372,-382.11,-32097.24,-0.38,0,0,372,0.43,222269.52,18670639.68,222.27,8736.7,0.1,10,5,0.01,0,0,10.11,86995
369,SELL_A,ST_FLIP_GREEN,2025-12-17T20:00:00,2025-12-18T08:00:00,short,86995,86809,1000,1,86995,100,186,175.89,14774.76,0.18,186,0.21,0,0,222445.41,18685414.44,222.45,8699.5,0.1,10,5,0.01,0,0,10.11,87367
370,BUY_A,ST_FLIP_RED,2025-12-18T08:00:00,2025-12-18T10:00:00,long,86809,86251,1000,1,86809,100,-558,-568.11,-47721.24,-0.57,0,0,558,0.64,221877.3,18637693.2,221.88,8680.9,0.1,10,5,0.01,0,0,10.11,86437
371,SELL_B,ST_FLIP_GREEN,2025-12-18T10:00:00,2025-12-18T12:00:00,short,86251,86995,1000,1,86251,100,-744,-754.11,-63345.24,-0.75,0,0,744,0.86,221123.19,18574347.96,221.12,8625.1,0.1,10,5,0.01,0,0,10.11,86623
372,BUY_B,ST_FLIP_RED,2025-12-18T12:00:00,2025-12-18T20:00:00,long,86995,87925,1000,1,86995,100,930,919.89,77270.76,0.92,930,1.07,0,0,222043.08,18651618.72,222.04,8699.5,0.1,10,5,0.01,0,0,10.11,86623
373,SELL_A,ST_FLIP_GREEN,2025-12-18T20:00:00,2025-12-19T02:00:00,short,87925,85507,1000,1,87925,100,2418,2407.89,202262.76,2.41,2418,2.75,0,0,224450.97,18853881.48,224.45,8792.5,0.1,10,5,0.01,0,0,10.11,88297
374,BUY_A,ST_FLIP_RED,2025-12-19T02:00:00,2025-12-19T22:00:00,long,85507,87739,1000,1,85507,100,2232,2221.89,186638.76,2.22,2232,2.61,0,0,226672.86,19040520.24,226.67,8550.7,0.1,10,5,0.01,0,0,10.11,85135
375,SELL_A,ST_FLIP_GREEN,2025-12-19T22:00:00,2025-12-20T00:00:00,short,87739,87739,1000,1,87739,100,0,-10.11,-849.24,-0.01,0,0,0,0,226662.75,19039671,226.66,8773.9,0.1,10,5,0.01,0,0,10.11,88111
376,BUY_A,ST_FLIP_RED,2025-12-20T00:00:00,2025-12-21T18:00:00,long,88111,88111,1000,1,88111,100,0,-10.11,-849.24,-0.01,0,0,0,0,226652.64,19038821.76,226.65,8811.1,0.1,10,5,0.01,0,0,10.11,87739
377,SELL_A,ST_FLIP_GREEN,2025-12-21T18:00:00,2025-12-21T20:00:00,short,88111,88297,1000,1,88111,100,-186,-196.11,-16473.24,-0.2,0,0,186,0.21,226456.53,19022348.52,226.46,8811.1,0.1,10,5,0.01,0,0,10.11,88483
378,BUY_A,ST_FLIP_RED,2025-12-22T04:00:00,2025-12-22T06:00:00,long,88483,88297,1000,1,88483,100,-186,-196.11,-16473.24,-0.2,0,0,186,0.21,226260.42,19005875.28,226.26,8848.3,0.1,10,5,0.01,0,0,10.11,88111
379,SELL_A,ST_FLIP_GREEN,2025-12-22T06:00:00,2025-12-22T08:00:00,short,88297,88669,1000,1,88297,100,-372,-382.11,-32097.24,-0.38,0,0,372,0.42,225878.31,18973778.04,225.88,8829.7,0.1,10,5,0.01,0,0,10.11,88669
380,BUY_A,ST_FLIP_RED,2025-12-22T08:00:00,2025-12-22T22:00:00,long,88855,89599,1000,1,88855,100,744,733.89,61646.76,0.73,744,0.84,0,0,226612.2,19035424.8,226.61,8885.5,0.1,10,5,0.01,0,0,10.11,88483
381,SELL_A,ST_FLIP_GREEN,2025-12-22T22:00:00,2025-12-23T04:00:00,short,89599,88669,1000,1,89599,100,930,919.89,77270.76,0.92,930,1.04,0,0,227532.09,19112695.56,227.53,8959.9,0.1,10,5,0.01,0,0,10.11,89971
382,SELL_B,ST_FLIP_GREEN,2025-12-23T08:00:00,2025-12-23T12:00:00,short,88111,87739,1000,1,88111,100,372,361.89,30398.76,0.36,372,0.42,0,0,227893.98,19143094.32,227.89,8811.1,0.1,10,5,0.01,0,0,10.11,88483
383,BUY_A,ST_FLIP_RED,2025-12-23T12:00:00,2025-12-24T04:00:00,long,87739,87181,1000,1,87739,100,-558,-568.11,-47721.24,-0.57,0,0,558,0.64,227325.87,19095373.08,227.33,8773.9,0.1,10,5,0.01,0,0,10.11,87367
384,SELL_A,ST_FLIP_GREEN,2025-12-24T10:00:00,2025-12-24T22:00:00,short,86995,87553,1000,1,86995,100,-558,-568.11,-47721.24,-0.57,0,0,558,0.64,226757.76,19047651.84,226.76,8699.5,0.1,10,5,0.01,0,0,10.11,87367
385,BUY_B,ST_FLIP_RED,2025-12-24T22:00:00,2025-12-26T00:00:00,long,87553,87739,1000,1,87553,100,186,175.89,14774.76,0.18,186,0.21,0,0,226933.65,19062426.6,226.93,8755.3,0.1,10,5,0.01,0,0,10.11,87181
386,SELL_A,ST_FLIP_GREEN,2025-12-26T00:00:00,2025-12-26T06:00:00,short,87553,87739,1000,1,87553,100,-186,-196.11,-16473.24,-0.2,0,0,186,0.21,226737.54,19045953.36,226.74,8755.3,0.1,10,5,0.01,0,0,10.11,87925
387,BUY_A,ST_FLIP_RED,2025-12-26T06:00:00,2025-12-26T20:00:00,long,87739,88483,1000,1,87739,100,744,733.89,61646.76,0.73,744,0.85,0,0,227471.43,19107600.12,227.47,8773.9,0.1,10,5,0.01,0,0,10.11,87367
388,SELL_A,ST_FLIP_GREEN,2025-12-26T20:00:00,2025-12-27T00:00:00,short,88483,87739,1000,1,88483,100,744,733.89,61646.76,0.73,744,0.84,0,0,228205.32,19169246.88,228.21,8848.3,0.1,10,5,0.01,0,0,10.11,88855
389,SELL_B,ST_FLIP_GREEN,2025-12-27T04:00:00,2025-12-28T14:00:00,short,87181,87925,1000,1,87181,100,-744,-754.11,-63345.24,-0.75,0,0,744,0.85,227451.21,19105901.64,227.45,8718.1,0.1,10,5,0.01,0,0,10.11,87553
390,BUY_B,ST_FLIP_RED,2025-12-28T14:00:00,2025-12-29T14:00:00,long,87925,89413,1000,1,87925,100,1488,1477.89,124142.76,1.48,1488,1.69,0,0,228929.1,19230044.4,228.93,8792.5,0.1,10,5,0.01,0,0,10.11,87553
391,SELL_A,ST_FLIP_GREEN,2025-12-29T14:00:00,2025-12-30T12:00:00,short,89413,87925,1000,1,89413,100,1488,1477.89,124142.76,1.48,1488,1.66,0,0,230406.99,19354187.16,230.41,8941.3,0.1,10,5,0.01,0,0,10.11,89785
392,BUY_A,ST_FLIP_RED,2025-12-30T12:00:00,2025-12-30T22:00:00,long,87925,88483,1000,1,87925,100,558,547.89,46022.76,0.55,558,0.63,0,0,230954.88,19400209.92,230.95,8792.5,0.1,10,5,0.01,0,0,10.11,87553
393,SELL_A,ST_FLIP_GREEN,2025-12-30T22:00:00,2025-12-31T06:00:00,short,88297,88669,1000,1,88297,100,-372,-382.11,-32097.24,-0.38,0,0,372,0.42,230572.77,19368112.68,230.57,8829.7,0.1,10,5,0.01,0,0,10.11,88669
394,BUY_A,ST_FLIP_RED,2025-12-31T06:00:00,2025-12-31T20:00:00,long,88669,88297,1000,1,88669,100,-372,-382.11,-32097.24,-0.38,0,0,372,0.42,230190.66,19336015.44,230.19,8866.9,0.1,10,5,0.01,0,0,10.11,88297
395,SELL_A,ST_FLIP_GREEN,2025-12-31T20:00:00,2026-01-01T06:00:00,short,88297,88111,1000,1,88297,100,186,175.89,14774.76,0.18,186,0.21,0,0,230366.55,19350790.2,230.37,8829.7,0.1,10,5,0.01,0,0,10.11,88669
396,BUY_A,ST_FLIP_RED,2026-01-01T06:00:00,2026-01-01T08:00:00,long,88111,87553,1000,1,88111,100,-558,-568.11,-47721.24,-0.57,0,0,558,0.63,229798.44,19303068.96,229.8,8811.1,0.1,10,5,0.01,0,0,10.11,87739
397,SELL_B,ST_FLIP_GREEN,2026-01-01T08:00:00,2026-01-02T00:00:00,short,87553,88297,1000,1,87553,100,-744,-754.11,-63345.24,-0.75,0,0,744,0.85,229044.33,19239723.72,229.04,8755.3,0.1,10,5,0.01,0,0,10.11,87925
398,BUY_B,ST_FLIP_RED,2026-01-02T00:00:00,2026-01-02T18:00:00,long,88297,88855,1000,1,88297,100,558,547.89,46022.76,0.55,558,0.63,0,0,229592.22,19285746.48,229.59,8829.7,0.1,10,5,0.01,0,0,10.11,87925
399,SELL_A,ST_FLIP_GREEN,2026-01-02T18:00:00,2026-01-02T20:00:00,short,88855,89413,1000,1,88855,100,-558,-568.11,-47721.24,-0.57,0,0,558,0.63,229024.11,19238025.24,229.02,8885.5,0.1,10,5,0.01,0,0,10.11,89227
400,BUY_B,ST_FLIP_RED,2026-01-02T20:00:00,2026-01-03T12:00:00,long,89413,89599,1000,1,89413,100,186,175.89,14774.76,0.18,186,0.21,0,0,229200,19252800,229.2,8941.3,0.1,10,5,0.01,0,0,10.11,89041
401,SELL_A,ST_FLIP_GREEN,2026-01-03T12:00:00,2026-01-03T18:00:00,short,89599,90157,1000,1,89599,100,-558,-568.11,-47721.24,-0.57,0,0,558,0.62,228631.89,19205078.76,228.63,8959.9,0.1,10,5,0.01,0,0,10.11,89971
402,BUY_A,ST_FLIP_RED,2026-01-03T18:00:00,2026-01-06T02:00:00,long,90343,94063,1000,1,90343,100,3720,3709.89,311630.76,3.71,3720,4.12,0,0,232341.78,19516709.52,232.34,9034.3,0.1,10,5,0.01,0,0,10.11,89971
403,SELL_B,ST_FLIP_GREEN,2026-01-06T02:00:00,2026-01-06T16:00:00,short,94063,93877,1000,1,94063,100,186,175.89,14774.76,0.18,186,0.2,0,0,232517.67,19531484.28,232.52,9406.3,0.1,10,5,0.01,0,0,10.11,94435
404,SELL_B,ST_FLIP_GREEN,2026-01-06T20:00:00,2026-01-07T00:00:00,short,93691,92575,1000,1,93691,100,1116,1105.89,92894.76,1.11,1116,1.19,0,0,233623.56,19624379.04,233.62,9369.1,0.1,10,5,0.01,0,0,10.11,94063
405,BUY_A,ST_FLIP_RED,2026-01-07T00:00:00,2026-01-07T06:00:00,long,92575,92761,1000,1,92575,100,186,175.89,14774.76,0.18,186,0.2,0,0,233799.45,19639153.8,233.8,9257.5,0.1,10,5,0.01,0,0,10.11,92203
406,SELL_A,ST_FLIP_GREEN,2026-01-07T06:00:00,2026-01-08T20:00:00,short,92575,90343,1000,1,92575,100,2232,2221.89,186638.76,2.22,2232,2.41,0,0,236021.34,19825792.56,236.02,9257.5,0.1,10,5,0.01,0,0,10.11,92947
407,BUY_B,ST_FLIP_RED,2026-01-08T20:00:00,2026-01-09T00:00:00,long,90343,90529,1000,1,90343,100,186,175.89,14774.76,0.18,186,0.21,0,0,236197.23,19840567.32,236.2,9034.3,0.1,10,5,0.01,0,0,10.11,89971
408,BUY_B,ST_FLIP_RED,2026-01-09T02:00:00,2026-01-09T12:00:00,long,91087,90715,1000,1,91087,100,-372,-382.11,-32097.24,-0.38,0,0,372,0.41,235815.12,19808470.08,235.82,9108.7,0.1,10,5,0.01,0,0,10.11,90715
409,SELL_A,ST_FLIP_GREEN,2026-01-09T12:00:00,2026-01-09T20:00:00,short,90529,90901,1000,1,90529,100,-372,-382.11,-32097.24,-0.38,0,0,372,0.41,235433.01,19776372.84,235.43,9052.9,0.1,10,5,0.01,0,0,10.11,90901
410,BUY_A,ST_FLIP_RED,2026-01-09T20:00:00,2026-01-09T22:00:00,long,90901,90901,1000,1,90901,100,0,-10.11,-849.24,-0.01,0,0,0,0,235422.9,19775523.6,235.42,9090.1,0.1,10,5,0.01,0,0,10.11,90529
411,SELL_A,ST_FLIP_GREEN,2026-01-09T22:00:00,2026-01-11T18:00:00,short,90715,91087,1000,1,90715,100,-372,-382.11,-32097.24,-0.38,0,0,372,0.41,235040.79,19743426.36,235.04,9071.5,0.1,10,5,0.01,0,0,10.11,91087
412,BUY_A,ST_FLIP_RED,2026-01-11T18:00:00,2026-01-12T00:00:00,long,91087,90343,1000,1,91087,100,-744,-754.11,-63345.24,-0.75,0,0,744,0.82,234286.68,19680081.12,234.29,9108.7,0.1,10,5,0.01,0,0,10.11,90715
413,SELL_B,ST_FLIP_GREEN,2026-01-12T00:00:00,2026-01-12T04:00:00,short,90343,91087,1000,1,90343,100,-744,-754.11,-63345.24,-0.75,0,0,744,0.82,233532.57,19616735.88,233.53,9034.3,0.1,10,5,0.01,0,0,10.11,90715
414,BUY_B,ST_FLIP_RED,2026-01-12T04:00:00,2026-01-12T12:00:00,long,91087,91273,1000,1,91087,100,186,175.89,14774.76,0.18,186,0.2,0,0,233708.46,19631510.64,233.71,9108.7,0.1,10,5,0.01,0,0,10.11,90715
415,SELL_A,ST_FLIP_GREEN,2026-01-12T14:00:00,2026-01-12T20:00:00,short,91087,90901,1000,1,91087,100,186,175.89,14774.76,0.18,186,0.2,0,0,233884.35,19646285.4,233.88,9108.7,0.1,10,5,0.01,0,0,10.11,91459
416,BUY_A,ST_FLIP_RED,2026-01-12T20:00:00,2026-01-13T00:00:00,long,91087,91645,1000,1,91087,100,558,547.89,46022.76,0.55,558,0.61,0,0,234432.24,19692308.16,234.43,9108.7,0.1,10,5,0.01,0,0,10.11,90715
417,SELL_A,ST_FLIP_GREEN,2026-01-13T00:00:00,2026-01-13T10:00:00,short,91645,91831,1000,1,91645,100,-186,-196.11,-16473.24,-0.2,0,0,186,0.2,234236.13,19675834.92,234.24,9164.5,0.1,10,5,0.01,0,0,10.11,92017
418,BUY_A,ST_FLIP_RED,2026-01-13T10:00:00,2026-01-14T10:00:00,long,92017,94807,1000,1,92017,100,2790,2779.89,233510.76,2.78,2790,3.03,0,0,237016.02,19909345.68,237.02,9201.7,0.1,10,5,0.01,0,0,10.11,91645
419,SELL_B,ST_FLIP_GREEN,2026-01-14T10:00:00,2026-01-14T12:00:00,short,94807,95179,1000,1,94807,100,-372,-382.11,-32097.24,-0.38,0,0,372,0.39,236633.91,19877248.44,236.63,9480.7,0.1,10,5,0.01,0,0,10.11,95179
420,BUY_A,ST_FLIP_RED,2026-01-14T20:00:00,2026-01-15T04:00:00,long,95737,96667,1000,1,95737,100,930,919.89,77270.76,0.92,930,0.97,0,0,237553.8,19954519.2,237.55,9573.7,0.1,10,5,0.01,0,0,10.11,95365
421,SELL_B,ST_FLIP_GREEN,2026-01-15T04:00:00,2026-01-15T14:00:00,short,96667,96853,1000,1,96667,100,-186,-196.11,-16473.24,-0.2,0,0,186,0.19,237357.69,19938045.96,237.36,9666.7,0.1,10,5,0.01,0,0,10.11,97039
422,SELL_B,ST_FLIP_GREEN,2026-01-15T20:00:00,2026-01-16T02:00:00,short,96295,95737,1000,1,96295,100,558,547.89,46022.76,0.55,558,0.58,0,0,237905.58,19984068.72,237.91,9629.5,0.1,10,5,0.01,0,0,10.11,96667
423,SELL_B,ST_FLIP_GREEN,2026-01-16T20:00:00,2026-01-17T02:00:00,short,95179,95365,1000,1,95179,100,-186,-196.11,-16473.24,-0.2,0,0,186,0.2,237709.47,19967595.48,237.71,9517.9,0.1,10,5,0.01,0,0,10.11,95551
424,BUY_A,ST_FLIP_RED,2026-01-17T02:00:00,2026-01-19T04:00:00,long,95365,94621,1000,1,95365,100,-744,-754.11,-63345.24,-0.75,0,0,744,0.78,236955.36,19904250.24,236.96,9536.5,0.1,10,5,0.01,0,0,10.11,94993
425,SELL_A,ST_FLIP_GREEN,2026-01-19T04:00:00,2026-01-19T14:00:00,short,94621,93133,1000,1,94621,100,1488,1477.89,124142.76,1.48,1488,1.57,0,0,238433.25,20028393,238.43,9462.1,0.1,10,5,0.01,0,0,10.11,94993
426,BUY_A,ST_FLIP_RED,2026-01-19T14:00:00,2026-01-20T04:00:00,long,93133,92575,1000,1,93133,100,-558,-568.11,-47721.24,-0.57,0,0,558,0.6,237865.14,19980671.76,237.87,9313.3,0.1,10,5,0.01,0,0,10.11,92761
427,SELL_A,ST_FLIP_GREEN,2026-01-20T10:00:00,2026-01-21T06:00:00,short,92203,89227,1000,1,92203,100,2976,2965.89,249134.76,2.97,2976,3.23,0,0,240831.03,20229806.52,240.83,9220.3,0.1,10,5,0.01,0,0,10.11,92575
428,BUY_B,ST_FLIP_RED,2026-01-21T06:00:00,2026-01-21T12:00:00,long,89227,89227,1000,1,89227,100,0,-10.11,-849.24,-0.01,0,0,0,0,240820.92,20228957.28,240.82,8922.7,0.1,10,5,0.01,0,0,10.11,88855
429,SELL_A,ST_FLIP_GREEN,2026-01-21T16:00:00,2026-01-21T18:00:00,short,88669,89041,1000,1,88669,100,-372,-382.11,-32097.24,-0.38,0,0,372,0.42,240438.81,20196860.04,240.44,8866.9,0.1,10,5,0.01,0,0,10.11,89041
430,BUY_B,ST_FLIP_RED,2026-01-21T18:00:00,2026-01-21T22:00:00,long,89041,89041,1000,1,89041,100,0,-10.11,-849.24,-0.01,0,0,0,0,240428.7,20196010.8,240.43,8904.1,0.1,10,5,0.01,0,0,10.11,88669
431,SELL_A,ST_FLIP_GREEN,2026-01-21T22:00:00,2026-01-22T00:00:00,short,88855,88483,1000,1,88855,100,372,361.89,30398.76,0.36,372,0.42,0,0,240790.59,20226409.56,240.79,8885.5,0.1,10,5,0.01,0,0,10.11,89227
432,BUY_A,ST_FLIP_RED,2026-01-22T00:00:00,2026-01-22T18:00:00,long,88483,89599,1000,1,88483,100,1116,1105.89,92894.76,1.11,1116,1.26,0,0,241896.48,20319304.32,241.9,8848.3,0.1,10,5,0.01,0,0,10.11,88111
433,SELL_A,ST_FLIP_GREEN,2026-01-22T18:00:00,2026-01-22T22:00:00,short,89599,89599,1000,1,89599,100,0,-10.11,-849.24,-0.01,0,0,0,0,241886.37,20318455.08,241.89,8959.9,0.1,10,5,0.01,0,0,10.11,89971
434,BUY_A,ST_FLIP_RED,2026-01-23T08:00:00,2026-01-23T12:00:00,long,89785,89227,1000,1,89785,100,-558,-568.11,-47721.24,-0.57,0,0,558,0.62,241318.26,20270733.84,241.32,8978.5,0.1,10,5,0.01,0,0,10.11,89413
435,SELL_B,ST_FLIP_GREEN,2026-01-23T12:00:00,2026-01-23T22:00:00,short,89227,89971,1000,1,89227,100,-744,-754.11,-63345.24,-0.75,0,0,744,0.83,240564.15,20207388.6,240.56,8922.7,0.1,10,5,0.01,0,0,10.11,89599
436,BUY_B,ST_FLIP_RED,2026-01-23T22:00:00,2026-01-24T00:00:00,long,89971,90157,1000,1,89971,100,186,175.89,14774.76,0.18,186,0.21,0,0,240740.04,20222163.36,240.74,8997.1,0.1,10,5,0.01,0,0,10.11,89599
437,SELL_A,ST_FLIP_GREEN,2026-01-24T00:00:00,2026-01-26T04:00:00,short,90157,86995,1000,1,90157,100,3162,3151.89,264758.76,3.15,3162,3.51,0,0,243891.93,20486922.12,243.89,9015.7,0.1,10,5,0.01,0,0,10.11,90529
438,BUY_B,ST_FLIP_RED,2026-01-26T04:00:00,2026-01-26T18:00:00,long,86995,87553,1000,1,86995,100,558,547.89,46022.76,0.55,558,0.64,0,0,244439.82,20532944.88,244.44,8699.5,0.1,10,5,0.01,0,0,10.11,86623
439,BUY_B,ST_FLIP_RED,2026-01-26T22:00:00,2026-01-27T12:00:00,long,88111,88111,1000,1,88111,100,0,-10.11,-849.24,-0.01,0,0,0,0,244429.71,20532095.64,244.43,8811.1,0.1,10,5,0.01,0,0,10.11,87739
440,SELL_A,ST_FLIP_GREEN,2026-01-27T12:00:00,2026-01-28T00:00:00,short,88111,88483,1000,1,88111,100,-372,-382.11,-32097.24,-0.38,0,0,372,0.42,244047.6,20499998.4,244.05,8811.1,0.1,10,5,0.01,0,0,10.11,88483
441,BUY_A,ST_FLIP_RED,2026-01-28T00:00:00,2026-01-29T02:00:00,long,88483,89413,1000,1,88483,100,930,919.89,77270.76,0.92,930,1.05,0,0,244967.49,20577269.16,244.97,8848.3,0.1,10,5,0.01,0,0,10.11,88111
442,SELL_A,ST_FLIP_GREEN,2026-01-29T02:00:00,2026-01-30T02:00:00,short,89413,84577,1000,1,89413,100,4836,4825.89,405374.76,4.83,4836,5.41,0,0,249793.38,20982643.92,249.79,8941.3,0.1,10,5,0.01,0,0,10.11,89785
443,BUY_B,ST_FLIP_RED,2026-01-30T02:00:00,2026-01-30T06:00:00,long,84577,84019,1000,1,84577,100,-558,-568.11,-47721.24,-0.57,0,0,558,0.66,249225.27,20934922.68,249.23,8457.7,0.1,10,5,0.01,0,0,10.11,84205
444,SELL_A,ST_FLIP_GREEN,2026-01-30T06:00:00,2026-01-30T08:00:00,short,83275,81973,1000,1,83275,100,1302,1291.89,108518.76,1.29,1302,1.56,0,0,250517.16,21043441.44,250.52,8327.5,0.1,10,5,0.01,0,0,10.11,83647
445,BUY_B,ST_FLIP_RED,2026-01-30T08:00:00,2026-01-30T10:00:00,long,81973,82531,1000,1,81973,100,558,547.89,46022.76,0.55,558,0.68,0,0,251065.05,21089464.2,251.07,8197.3,0.1,10,5,0.01,0,0,10.11,81601
446,BUY_B,ST_FLIP_RED,2026-01-30T18:00:00,2026-01-30T22:00:00,long,82903,82531,1000,1,82903,100,-372,-382.11,-32097.24,-0.38,0,0,372,0.45,250682.94,21057366.96,250.68,8290.3,0.1,10,5,0.01,0,0,10.11,82531
447,SELL_A,ST_FLIP_GREEN,2026-01-30T22:00:00,2026-01-31T00:00:00,short,82531,82903,1000,1,82531,100,-372,-382.11,-32097.24,-0.38,0,0,372,0.45,250300.83,21025269.72,250.3,8253.1,0.1,10,5,0.01,0,0,10.11,82903
448,BUY_A,ST_FLIP_RED,2026-01-31T00:00:00,2026-01-31T10:00:00,long,82903,83461,1000,1,82903,100,558,547.89,46022.76,0.55,558,0.67,0,0,250848.72,21071292.48,250.85,8290.3,0.1,10,5,0.01,0,0,10.11,82531
449,SELL_A,ST_FLIP_GREEN,2026-01-31T10:00:00,2026-02-01T02:00:00,short,83461,78067,1000,1,83461,100,5394,5383.89,452246.76,5.38,5394,6.46,0,0,256232.61,21523539.24,256.23,8346.1,0.1,10,5,0.01,0,0,10.11,83833
450,BUY_B,ST_FLIP_RED,2026-02-01T02:00:00,2026-02-01T06:00:00,long,78067,78439,1000,1,78067,100,372,361.89,30398.76,0.36,372,0.48,0,0,256594.5,21553938,256.59,7806.7,0.1,10,5,0.01,0,0,10.11,77695
451,BUY_B,ST_FLIP_RED,2026-02-01T08:00:00,2026-02-01T16:00:00,long,78997,78253,1000,1,78997,100,-744,-754.11,-63345.24,-0.75,0,0,744,0.94,255840.39,21490592.76,255.84,7899.7,0.1,10,5,0.01,0,0,10.11,78625
452,SELL_B,ST_FLIP_GREEN,2026-02-01T16:00:00,2026-02-01T22:00:00,short,78253,78253,1000,1,78253,100,0,-10.11,-849.24,-0.01,0,0,0,0,255830.28,21489743.52,255.83,7825.3,0.1,10,5,0.01,0,0,10.11,78625
453,BUY_A,ST_FLIP_RED,2026-02-01T22:00:00,2026-02-02T00:00:00,long,78253,77509,1000,1,78253,100,-744,-754.11,-63345.24,-0.75,0,0,744,0.95,255076.17,21426398.28,255.08,7825.3,0.1,10,5,0.01,0,0,10.11,77881
454,SELL_B,ST_FLIP_GREEN,2026-02-02T00:00:00,2026-02-02T02:00:00,short,77509,77137,1000,1,77509,100,372,361.89,30398.76,0.36,372,0.48,0,0,255438.06,21456797.04,255.44,7750.9,0.1,10,5,0.01,0,0,10.11,77881
455,BUY_A,ST_FLIP_RED,2026-02-02T02:00:00,2026-02-02T06:00:00,long,77137,77323,1000,1,77137,100,186,175.89,14774.76,0.18,186,0.24,0,0,255613.95,21471571.8,255.61,7713.7,0.1,10,5,0.01,0,0,10.11,76765
456,SELL_A,ST_FLIP_GREEN,2026-02-02T06:00:00,2026-02-02T12:00:00,short,77137,76393,1000,1,77137,100,744,733.89,61646.76,0.73,744,0.96,0,0,256347.84,21533218.56,256.35,7713.7,0.1,10,5,0.01,0,0,10.11,77509
457,BUY_A,ST_FLIP_RED,2026-02-02T12:00:00,2026-02-02T22:00:00,long,76393,78439,1000,1,76393,100,2046,2035.89,171014.76,2.04,2046,2.68,0,0,258383.73,21704233.32,258.38,7639.3,0.1,10,5,0.01,0,0,10.11,76021
458,SELL_A,ST_FLIP_GREEN,2026-02-02T22:00:00,2026-02-03T02:00:00,short,78439,78811,1000,1,78439,100,-372,-382.11,-32097.24,-0.38,0,0,372,0.47,258001.62,21672136.08,258,7843.9,0.1,10,5,0.01,0,0,10.11,78811
459,SELL_B,ST_FLIP_GREEN,2026-02-03T14:00:00,2026-02-04T00:00:00,short,78253,74719,1000,1,78253,100,3534,3523.89,296006.76,3.52,3534,4.52,0,0,261525.51,21968142.84,261.53,7825.3,0.1,10,5,0.01,0,0,10.11,78625
460,BUY_B,ST_FLIP_RED,2026-02-04T00:00:00,2026-02-04T18:00:00,long,74719,75835,1000,1,74719,100,1116,1105.89,92894.76,1.11,1116,1.49,0,0,262631.4,22061037.6,262.63,7471.9,0.1,10,5,0.01,0,0,10.11,74347
461,SELL_A,ST_FLIP_GREEN,2026-02-04T18:00:00,2026-02-05T12:00:00,short,75649,71185,1000,1,75649,100,4464,4453.89,374126.76,4.45,4464,5.9,0,0,267085.29,22435164.36,267.09,7564.9,0.1,10,5,0.01,0,0,10.11,76021
462,BUY_B,ST_FLIP_RED,2026-02-05T12:00:00,2026-02-05T16:00:00,long,71185,70999,1000,1,71185,100,-186,-196.11,-16473.24,-0.2,0,0,186,0.26,266889.18,22418691.12,266.89,7118.5,0.1,10,5,0.01,0,0,10.11,70813
463,SELL_A,ST_FLIP_GREEN,2026-02-05T16:00:00,2026-02-05T18:00:00,short,70441,70069,1000,1,70441,100,372,361.89,30398.76,0.36,372,0.53,0,0,267251.07,22449089.88,267.25,7044.1,0.1,10,5,0.01,0,0,10.11,70813
464,BUY_B,ST_FLIP_RED,2026-02-05T18:00:00,2026-02-05T20:00:00,long,70069,69697,1000,1,70069,100,-372,-382.11,-32097.24,-0.38,0,0,372,0.53,266868.96,22416992.64,266.87,7006.9,0.1,10,5,0.01,0,0,10.11,69697
465,SELL_A,ST_FLIP_GREEN,2026-02-05T20:00:00,2026-02-06T06:00:00,short,69325,61885,1000,1,69325,100,7440,7429.89,624110.76,7.43,7440,10.73,0,0,274298.85,23041103.4,274.3,6932.5,0.1,10,5,0.01,0,0,10.11,69697
466,BUY_B,ST_FLIP_RED,2026-02-06T06:00:00,2026-02-06T12:00:00,long,61885,65233,1000,1,61885,100,3348,3337.89,280382.76,3.34,3348,5.41,0,0,277636.74,23321486.16,277.64,6188.5,0.1,10,5,0.01,0,0,10.11,61513
467,SELL_B,ST_FLIP_GREEN,2026-02-06T12:00:00,2026-02-06T14:00:00,short,65233,65233,1000,1,65233,100,0,-10.11,-849.24,-0.01,0,0,0,0,277626.63,23320636.92,277.63,6523.3,0.1,10,5,0.01,0,0,10.11,65605
468,BUY_A,ST_FLIP_RED,2026-02-06T14:00:00,2026-02-07T04:00:00,long,65605,70069,1000,1,65605,100,4464,4453.89,374126.76,4.45,4464,6.8,0,0,282080.52,23694763.68,282.08,6560.5,0.1,10,5,0.01,0,0,10.11,65233
469,SELL_B,ST_FLIP_GREEN,2026-02-07T04:00:00,2026-02-07T08:00:00,short,70069,70627,1000,1,70069,100,-558,-568.11,-47721.24,-0.57,0,0,558,0.8,281512.41,23647042.44,281.51,7006.9,0.1,10,5,0.01,0,0,10.11,70441
470,SELL_B,ST_FLIP_GREEN,2026-02-07T10:00:00,2026-02-07T16:00:00,short,70627,68581,1000,1,70627,100,2046,2035.89,171014.76,2.04,2046,2.9,0,0,283548.3,23818057.2,283.55,7062.7,0.1,10,5,0.01,0,0,10.11,70999
471,BUY_A,ST_FLIP_RED,2026-02-07T16:00:00,2026-02-07T18:00:00,long,68581,68767,1000,1,68581,100,186,175.89,14774.76,0.18,186,0.27,0,0,283724.19,23832831.96,283.72,6858.1,0.1,10,5,0.01,0,0,10.11,68209
472,BUY_B,ST_FLIP_RED,2026-02-07T20:00:00,2026-02-08T04:00:00,long,69325,68953,1000,1,69325,100,-372,-382.11,-32097.24,-0.38,0,0,372,0.54,283342.08,23800734.72,283.34,6932.5,0.1,10,5,0.01,0,0,10.11,68953
473,BUY_B,ST_FLIP_RED,2026-02-08T12:00:00,2026-02-09T04:00:00,long,69697,70627,1000,1,69697,100,930,919.89,77270.76,0.92,930,1.33,0,0,284261.97,23878005.48,284.26,6969.7,0.1,10,5,0.01,0,0,10.11,69325
474,SELL_A,ST_FLIP_GREEN,2026-02-09T04:00:00,2026-02-09T08:00:00,short,70627,70999,1000,1,70627,100,-372,-382.11,-32097.24,-0.38,0,0,372,0.53,283879.86,23845908.24,283.88,7062.7,0.1,10,5,0.01,0,0,10.11,70999
475,BUY_A,ST_FLIP_RED,2026-02-09T08:00:00,2026-02-09T10:00:00,long,71371,70813,1000,1,71371,100,-558,-568.11,-47721.24,-0.57,0,0,558,0.78,283311.75,23798187,283.31,7137.1,0.1,10,5,0.01,0,0,10.11,70999
476,SELL_B,ST_FLIP_GREEN,2026-02-09T10:00:00,2026-02-09T20:00:00,short,70813,69697,1000,1,70813,100,1116,1105.89,92894.76,1.11,1116,1.58,0,0,284417.64,23891081.76,284.42,7081.3,0.1,10,5,0.01,0,0,10.11,71185
477,BUY_A,ST_FLIP_RED,2026-02-09T20:00:00,2026-02-10T04:00:00,long,69697,69883,1000,1,69697,100,186,175.89,14774.76,0.18,186,0.27,0,0,284593.53,23905856.52,284.59,6969.7,0.1,10,5,0.01,0,0,10.11,69325
478,SELL_A,ST_FLIP_GREEN,2026-02-10T10:00:00,2026-02-10T18:00:00,short,69697,69325,1000,1,69697,100,372,361.89,30398.76,0.36,372,0.53,0,0,284955.42,23936255.28,284.96,6969.7,0.1,10,5,0.01,0,0,10.11,70069
479,BUY_A,ST_FLIP_RED,2026-02-10T18:00:00,2026-02-10T22:00:00,long,69325,68767,1000,1,69325,100,-558,-568.11,-47721.24,-0.57,0,0,558,0.8,284387.31,23888534.04,284.39,6932.5,0.1,10,5,0.01,0,0,10.11,68953
480,SELL_A,ST_FLIP_GREEN,2026-02-10T22:00:00,2026-02-11T18:00:00,short,68767,67465,1000,1,68767,100,1302,1291.89,108518.76,1.29,1302,1.89,0,0,285679.2,23997052.8,285.68,6876.7,0.1,10,5,0.01,0,0,10.11,69139
481,BUY_A,ST_FLIP_RED,2026-02-11T18:00:00,2026-02-11T20:00:00,long,67465,67465,1000,1,67465,100,0,-10.11,-849.24,-0.01,0,0,0,0,285669.09,23996203.56,285.67,6746.5,0.1,10,5,0.01,0,0,10.11,67093
482,SELL_A,ST_FLIP_GREEN,2026-02-11T20:00:00,2026-02-12T00:00:00,short,67093,67093,1000,1,67093,100,0,-10.11,-849.24,-0.01,0,0,0,0,285658.98,23995354.32,285.66,6709.3,0.1,10,5,0.01,0,0,10.11,67465
483,BUY_A,ST_FLIP_RED,2026-02-12T00:00:00,2026-02-12T12:00:00,long,67093,66907,1000,1,67093,100,-186,-196.11,-16473.24,-0.2,0,0,186,0.28,285462.87,23978881.08,285.46,6709.3,0.1,10,5,0.01,0,0,10.11,66721
484,SELL_A,ST_FLIP_GREEN,2026-02-12T12:00:00,2026-02-12T14:00:00,short,66721,67279,1000,1,66721,100,-558,-568.11,-47721.24,-0.57,0,0,558,0.84,284894.76,23931159.84,284.89,6672.1,0.1,10,5,0.01,0,0,10.11,67093
485,BUY_B,ST_FLIP_RED,2026-02-12T14:00:00,2026-02-12T20:00:00,long,67279,67279,1000,1,67279,100,0,-10.11,-849.24,-0.01,0,0,0,0,284884.65,23930310.6,284.88,6727.9,0.1,10,5,0.01,0,0,10.11,66907
486,SELL_A,ST_FLIP_GREEN,2026-02-12T20:00:00,2026-02-13T02:00:00,short,67093,65977,1000,1,67093,100,1116,1105.89,92894.76,1.11,1116,1.66,0,0,285990.54,24023205.36,285.99,6709.3,0.1,10,5,0.01,0,0,10.11,67465
487,BUY_A,ST_FLIP_RED,2026-02-13T02:00:00,2026-02-14T18:00:00,long,65977,69697,1000,1,65977,100,3720,3709.89,311630.76,3.71,3720,5.64,0,0,289700.43,24334836.12,289.7,6597.7,0.1,10,5,0.01,0,0,10.11,65605
488,SELL_B,ST_FLIP_GREEN,2026-02-14T18:00:00,2026-02-14T22:00:00,short,69697,69883,1000,1,69697,100,-186,-196.11,-16473.24,-0.2,0,0,186,0.27,289504.32,24318362.88,289.5,6969.7,0.1,10,5,0.01,0,0,10.11,70069
489,SELL_B,ST_FLIP_GREEN,2026-02-15T06:00:00,2026-02-15T08:00:00,short,69325,70069,1000,1,69325,100,-744,-754.11,-63345.24,-0.75,0,0,744,1.07,288750.21,24255017.64,288.75,6932.5,0.1,10,5,0.01,0,0,10.11,69697
490,BUY_A,ST_FLIP_RED,2026-02-15T08:00:00,2026-02-15T18:00:00,long,70255,69883,1000,1,70255,100,-372,-382.11,-32097.24,-0.38,0,0,372,0.53,288368.1,24222920.4,288.37,7025.5,0.1,10,5,0.01,0,0,10.11,69883
491,SELL_B,ST_FLIP_GREEN,2026-02-15T18:00:00,2026-02-16T02:00:00,short,69883,69139,1000,1,69883,100,744,733.89,61646.76,0.73,744,1.06,0,0,289101.99,24284567.16,289.1,6988.3,0.1,10,5,0.01,0,0,10.11,70255
492,SELL_B,ST_FLIP_GREEN,2026-02-16T06:00:00,2026-02-16T08:00:00,short,68581,68767,1000,1,68581,100,-186,-196.11,-16473.24,-0.2,0,0,186,0.27,288905.88,24268093.92,288.91,6858.1,0.1,10,5,0.01,0,0,10.11,68953
493,BUY_A,ST_FLIP_RED,2026-02-16T08:00:00,2026-02-16T18:00:00,long,68767,68767,1000,1,68767,100,0,-10.11,-849.24,-0.01,0,0,0,0,288895.77,24267244.68,288.9,6876.7,0.1,10,5,0.01,0,0,10.11,68395
494,SELL_A,ST_FLIP_GREEN,2026-02-16T18:00:00,2026-02-17T02:00:00,short,68581,68395,1000,1,68581,100,186,175.89,14774.76,0.18,186,0.27,0,0,289071.66,24282019.44,289.07,6858.1,0.1,10,5,0.01,0,0,10.11,68953
495,BUY_A,ST_FLIP_RED,2026-02-17T02:00:00,2026-02-17T08:00:00,long,68395,68395,1000,1,68395,100,0,-10.11,-849.24,-0.01,0,0,0,0,289061.55,24281170.2,289.06,6839.5,0.1,10,5,0.01,0,0,10.11,68023
496,SELL_A,ST_FLIP_GREEN,2026-02-17T14:00:00,2026-02-18T10:00:00,short,68209,67837,1000,1,68209,100,372,361.89,30398.76,0.36,372,0.55,0,0,289423.44,24311568.96,289.42,6820.9,0.1,10,5,0.01,0,0,10.11,68581
497,BUY_A,ST_FLIP_RED,2026-02-18T10:00:00,2026-02-18T16:00:00,long,67837,67651,1000,1,67837,100,-186,-196.11,-16473.24,-0.2,0,0,186,0.27,289227.33,24295095.72,289.23,6783.7,0.1,10,5,0.01,0,0,10.11,67465
498,SELL_A,ST_FLIP_GREEN,2026-02-18T16:00:00,2026-02-19T06:00:00,short,67465,66907,1000,1,67465,100,558,547.89,46022.76,0.55,558,0.83,0,0,289775.22,24341118.48,289.78,6746.5,0.1,10,5,0.01,0,0,10.11,67837
499,BUY_A,ST_FLIP_RED,2026-02-19T06:00:00,2026-02-19T16:00:00,long,66907,66535,1000,1,66907,100,-372,-382.11,-32097.24,-0.38,0,0,372,0.56,289393.11,24309021.24,289.39,6690.7,0.1,10,5,0.01,0,0,10.11,66535
500,SELL_A,ST_FLIP_GREEN,2026-02-19T18:00:00,2026-02-19T22:00:00,short,66349,66535,1000,1,66349,100,-186,-196.11,-16473.24,-0.2,0,0,186,0.28,289197,24292548,289.2,6634.9,0.1,10,5,0.01,0,0,10.11,66721
501,BUY_B,ST_FLIP_RED,2026-02-19T22:00:00,2026-02-20T16:00:00,long,66535,67651,1000,1,66535,100,1116,1105.89,92894.76,1.11,1116,1.68,0,0,290302.89,24385442.76,290.3,6653.5,0.1,10,5,0.01,0,0,10.11,66163
502,SELL_A,ST_FLIP_GREEN,2026-02-20T16:00:00,2026-02-20T22:00:00,short,67651,67651,1000,1,67651,100,0,-10.11,-849.24,-0.01,0,0,0,0,290292.78,24384593.52,290.29,6765.1,0.1,10,5,0.01,0,0,10.11,68023
503,BUY_A,ST_FLIP_RED,2026-02-21T02:00:00,2026-02-22T04:00:00,long,67837,67837,1000,1,67837,100,0,-10.11,-849.24,-0.01,0,0,0,0,290282.67,24383744.28,290.28,6783.7,0.1,10,5,0.01,0,0,10.11,67465
504,SELL_A,ST_FLIP_GREEN,2026-02-22T04:00:00,2026-02-22T10:00:00,short,67837,68209,1000,1,67837,100,-372,-382.11,-32097.24,-0.38,0,0,372,0.55,289900.56,24351647.04,289.9,6783.7,0.1,10,5,0.01,0,0,10.11,68209
505,SELL_B,ST_FLIP_GREEN,2026-02-22T18:00:00,2026-02-23T10:00:00,short,67465,65419,1000,1,67465,100,2046,2035.89,171014.76,2.04,2046,3.03,0,0,291936.45,24522661.8,291.94,6746.5,0.1,10,5,0.01,0,0,10.11,67837
506,BUY_B,ST_FLIP_RED,2026-02-23T10:00:00,2026-02-23T20:00:00,long,65419,65605,1000,1,65419,100,186,175.89,14774.76,0.18,186,0.28,0,0,292112.34,24537436.56,292.11,6541.9,0.1,10,5,0.01,0,0,10.11,65047
507,SELL_A,ST_FLIP_GREEN,2026-02-23T22:00:00,2026-02-24T02:00:00,short,65233,64675,1000,1,65233,100,558,547.89,46022.76,0.55,558,0.86,0,0,292660.23,24583459.32,292.66,6523.3,0.1,10,5,0.01,0,0,10.11,65605
508,BUY_A,ST_FLIP_RED,2026-02-24T02:00:00,2026-02-24T06:00:00,long,64675,64489,1000,1,64675,100,-186,-196.11,-16473.24,-0.2,0,0,186,0.29,292464.12,24566986.08,292.46,6467.5,0.1,10,5,0.01,0,0,10.11,64303
509,SELL_A,ST_FLIP_GREEN,2026-02-24T06:00:00,2026-02-24T20:00:00,short,64117,63559,1000,1,64117,100,558,547.89,46022.76,0.55,558,0.87,0,0,293012.01,24613008.84,293.01,6411.7,0.1,10,5,0.01,0,0,10.11,64489
510,BUY_A,ST_FLIP_RED,2026-02-24T20:00:00,2026-02-25T08:00:00,long,63559,65419,1000,1,63559,100,1860,1849.89,155390.76,1.85,1860,2.93,0,0,294861.9,24768399.6,294.86,6355.9,0.1,10,5,0.01,0,0,10.11,63187
511,SELL_A,ST_FLIP_GREEN,2026-02-25T08:00:00,2026-02-25T16:00:00,short,65419,65605,1000,1,65419,100,-186,-196.11,-16473.24,-0.2,0,0,186,0.28,294665.79,24751926.36,294.67,6541.9,0.1,10,5,0.01,0,0,10.11,65791
512,BUY_A,ST_FLIP_RED,2026-02-25T18:00:00,2026-02-26T04:00:00,long,65977,68581,1000,1,65977,100,2604,2593.89,217886.76,2.59,2604,3.95,0,0,297259.68,24969813.12,297.26,6597.7,0.1,10,5,0.01,0,0,10.11,65605
513,SELL_B,ST_FLIP_GREEN,2026-02-26T04:00:00,2026-02-26T08:00:00,short,68581,68581,1000,1,68581,100,0,-10.11,-849.24,-0.01,0,0,0,0,297249.57,24968963.88,297.25,6858.1,0.1,10,5,0.01,0,0,10.11,68953
514,SELL_B,ST_FLIP_GREEN,2026-02-26T12:00:00,2026-02-26T14:00:00,short,68023,68395,1000,1,68023,100,-372,-382.11,-32097.24,-0.38,0,0,372,0.55,296867.46,24936866.64,296.87,6802.3,0.1,10,5,0.01,0,0,10.11,68395
515,SELL_B,ST_FLIP_GREEN,2026-02-26T20:00:00,2026-02-27T00:00:00,short,67651,67465,1000,1,67651,100,186,175.89,14774.76,0.18,186,0.27,0,0,297043.35,24951641.4,297.04,6765.1,0.1,10,5,0.01,0,0,10.11,68023
516,BUY_A,ST_FLIP_RED,2026-02-27T00:00:00,2026-02-27T04:00:00,long,67465,67093,1000,1,67465,100,-372,-382.11,-32097.24,-0.38,0,0,372,0.55,296661.24,24919544.16,296.66,6746.5,0.1,10,5,0.01,0,0,10.11,67093
517,SELL_A,ST_FLIP_GREEN,2026-02-27T04:00:00,2026-02-27T08:00:00,short,67093,67837,1000,1,67093,100,-744,-754.11,-63345.24,-0.75,0,0,744,1.11,295907.13,24856198.92,295.91,6709.3,0.1,10,5,0.01,0,0,10.11,67465
518,BUY_B,ST_FLIP_RED,2026-02-27T08:00:00,2026-02-27T10:00:00,long,67837,67465,1000,1,67837,100,-372,-382.11,-32097.24,-0.38,0,0,372,0.55,295525.02,24824101.68,295.53,6783.7,0.1,10,5,0.01,0,0,10.11,67465
519,SELL_A,ST_FLIP_GREEN,2026-02-27T14:00:00,2026-02-28T18:00:00,short,67465,64303,1000,1,67465,100,3162,3151.89,264758.76,3.15,3162,4.69,0,0,298676.91,25088860.44,298.68,6746.5,0.1,10,5,0.01,0,0,10.11,67837
520,BUY_B,ST_FLIP_RED,2026-02-28T18:00:00,2026-03-01T10:00:00,long,64303,67093,1000,1,64303,100,2790,2779.89,233510.76,2.78,2790,4.34,0,0,301456.8,25322371.2,301.46,6430.3,0.1,10,5,0.01,0,0,10.11,63931
521,SELL_B,ST_FLIP_GREEN,2026-03-01T10:00:00,2026-03-01T20:00:00,short,67093,67093,1000,1,67093,100,0,-10.11,-849.24,-0.01,0,0,0,0,301446.69,25321521.96,301.45,6709.3,0.1,10,5,0.01,0,0,10.11,67465
522,SELL_B,ST_FLIP_GREEN,2026-03-01T22:00:00,2026-03-02T02:00:00,short,66535,65977,1000,1,66535,100,558,547.89,46022.76,0.55,558,0.84,0,0,301994.58,25367544.72,301.99,6653.5,0.1,10,5,0.01,0,0,10.11,66907
523,BUY_A,ST_FLIP_RED,2026-03-02T08:00:00,2026-03-02T10:00:00,long,66163,66349,1000,1,66163,100,186,175.89,14774.76,0.18,186,0.28,0,0,302170.47,25382319.48,302.17,6616.3,0.1,10,5,0.01,0,0,10.11,65791
524,SELL_A,ST_FLIP_GREEN,2026-03-02T10:00:00,2026-03-02T14:00:00,short,66163,66349,1000,1,66163,100,-186,-196.11,-16473.24,-0.2,0,0,186,0.28,301974.36,25365846.24,301.97,6616.3,0.1,10,5,0.01,0,0,10.11,66535
525,BUY_A,ST_FLIP_RED,2026-03-02T14:00:00,2026-03-02T18:00:00,long,66349,65791,1000,1,66349,100,-558,-568.11,-47721.24,-0.57,0,0,558,0.84,301406.25,25318125,301.41,6634.9,0.1,10,5,0.01,0,0,10.11,65977
526,SELL_B,ST_FLIP_GREEN,2026-03-02T18:00:00,2026-03-02T20:00:00,short,65791,65977,1000,1,65791,100,-186,-196.11,-16473.24,-0.2,0,0,186,0.28,301210.14,25301651.76,301.21,6579.1,0.1,10,5,0.01,0,0,10.11,66163
527,BUY_A,ST_FLIP_RED,2026-03-02T20:00:00,2026-03-02T22:00:00,long,65977,68953,1000,1,65977,100,2976,2965.89,249134.76,2.97,2976,4.51,0,0,304176.03,25550786.52,304.18,6597.7,0.1,10,5,0.01,0,0,10.11,65605
528,SELL_B,ST_FLIP_GREEN,2026-03-02T22:00:00,2026-03-03T02:00:00,short,68953,69511,1000,1,68953,100,-558,-568.11,-47721.24,-0.57,0,0,558,0.81,303607.92,25503065.28,303.61,6895.3,0.1,10,5,0.01,0,0,10.11,69325
529,SELL_B,ST_FLIP_GREEN,2026-03-03T04:00:00,2026-03-03T16:00:00,short,68767,67093,1000,1,68767,100,1674,1663.89,139766.76,1.66,1674,2.43,0,0,305271.81,25642832.04,305.27,6876.7,0.1,10,5,0.01,0,0,10.11,69139
530,BUY_A,ST_FLIP_RED,2026-03-03T16:00:00,2026-03-03T18:00:00,long,67093,67093,1000,1,67093,100,0,-10.11,-849.24,-0.01,0,0,0,0,305261.7,25641982.8,305.26,6709.3,0.1,10,5,0.01,0,0,10.11,66721
531,BUY_B,ST_FLIP_RED,2026-03-03T20:00:00,2026-03-03T22:00:00,long,67465,68395,1000,1,67465,100,930,919.89,77270.76,0.92,930,1.38,0,0,306181.59,25719253.56,306.18,6746.5,0.1,10,5,0.01,0,0,10.11,67093
532,SELL_A,ST_FLIP_GREEN,2026-03-03T22:00:00,2026-03-04T10:00:00,short,68395,68209,1000,1,68395,100,186,175.89,14774.76,0.18,186,0.27,0,0,306357.48,25734028.32,306.36,6839.5,0.1,10,5,0.01,0,0,10.11,68767
533,BUY_A,ST_FLIP_RED,2026-03-04T12:00:00,2026-03-04T16:00:00,long,68395,70813,1000,1,68395,100,2418,2407.89,202262.76,2.41,2418,3.54,0,0,308765.37,25936291.08,308.77,6839.5,0.1,10,5,0.01,0,0,10.11,68023
534,SELL_B,ST_FLIP_GREEN,2026-03-04T16:00:00,2026-03-04T18:00:00,short,70813,70999,1000,1,70813,100,-186,-196.11,-16473.24,-0.2,0,0,186,0.26,308569.26,25919817.84,308.57,7081.3,0.1,10,5,0.01,0,0,10.11,71185
535,BUY_A,ST_FLIP_RED,2026-03-04T18:00:00,2026-03-05T04:00:00,long,71557,72859,1000,1,71557,100,1302,1291.89,108518.76,1.29,1302,1.82,0,0,309861.15,26028336.6,309.86,7155.7,0.1,10,5,0.01,0,0,10.11,71185
536,SELL_B,ST_FLIP_GREEN,2026-03-05T04:00:00,2026-03-05T14:00:00,short,72859,72487,1000,1,72859,100,372,361.89,30398.76,0.36,372,0.51,0,0,310223.04,26058735.36,310.22,7285.9,0.1,10,5,0.01,0,0,10.11,73231
537,BUY_A,ST_FLIP_RED,2026-03-05T14:00:00,2026-03-05T16:00:00,long,72859,72673,1000,1,72859,100,-186,-196.11,-16473.24,-0.2,0,0,186,0.26,310026.93,26042262.12,310.03,7285.9,0.1,10,5,0.01,0,0,10.11,72487
538,SELL_A,ST_FLIP_GREEN,2026-03-05T16:00:00,2026-03-06T06:00:00,short,72673,71371,1000,1,72673,100,1302,1291.89,108518.76,1.29,1302,1.79,0,0,311318.82,26150780.88,311.32,7267.3,0.1,10,5,0.01,0,0,10.11,73045
539,BUY_A,ST_FLIP_RED,2026-03-06T06:00:00,2026-03-06T08:00:00,long,71371,70813,1000,1,71371,100,-558,-568.11,-47721.24,-0.57,0,0,558,0.78,310750.71,26103059.64,310.75,7137.1,0.1,10,5,0.01,0,0,10.11,70999
540,SELL_A,ST_FLIP_GREEN,2026-03-06T10:00:00,2026-03-06T12:00:00,short,70627,70999,1000,1,70627,100,-372,-382.11,-32097.24,-0.38,0,0,372,0.53,310368.6,26070962.4,310.37,7062.7,0.1,10,5,0.01,0,0,10.11,70999
541,BUY_B,ST_FLIP_RED,2026-03-06T12:00:00,2026-03-06T16:00:00,long,70999,70255,1000,1,70999,100,-744,-754.11,-63345.24,-0.75,0,0,744,1.05,309614.49,26007617.16,309.61,7099.9,0.1,10,5,0.01,0,0,10.11,70627
542,SELL_A,ST_FLIP_GREEN,2026-03-06T16:00:00,2026-03-07T02:00:00,short,70255,68395,1000,1,70255,100,1860,1849.89,155390.76,1.85,1860,2.65,0,0,311464.38,26163007.92,311.46,7025.5,0.1,10,5,0.01,0,0,10.11,70627
543,BUY_B,ST_FLIP_RED,2026-03-07T02:00:00,2026-03-07T08:00:00,long,68395,67837,1000,1,68395,100,-558,-568.11,-47721.24,-0.57,0,0,558,0.82,310896.27,26115286.68,310.9,6839.5,0.1,10,5,0.01,0,0,10.11,68023
544,SELL_A,ST_FLIP_GREEN,2026-03-08T00:00:00,2026-03-08T14:00:00,short,67279,67651,1000,1,67279,100,-372,-382.11,-32097.24,-0.38,0,0,372,0.55,310514.16,26083189.44,310.51,6727.9,0.1,10,5,0.01,0,0,10.11,67651
545,BUY_B,ST_FLIP_RED,2026-03-08T14:00:00,2026-03-08T16:00:00,long,67651,67651,1000,1,67651,100,0,-10.11,-849.24,-0.01,0,0,0,0,310504.05,26082340.2,310.5,6765.1,0.1,10,5,0.01,0,0,10.11,67279
546,SELL_A,ST_FLIP_GREEN,2026-03-08T16:00:00,2026-03-09T08:00:00,short,67279,66535,1000,1,67279,100,744,733.89,61646.76,0.73,744,1.11,0,0,311237.94,26143986.96,311.24,6727.9,0.1,10,5,0.01,0,0,10.11,67651
547,BUY_A,ST_FLIP_RED,2026-03-09T08:00:00,2026-03-09T22:00:00,long,66535,68395,1000,1,66535,100,1860,1849.89,155390.76,1.85,1860,2.8,0,0,313087.83,26299377.72,313.09,6653.5,0.1,10,5,0.01,0,0,10.11,66163
548,SELL_A,ST_FLIP_GREEN,2026-03-09T22:00:00,2026-03-10T00:00:00,short,68395,68953,1000,1,68395,100,-558,-568.11,-47721.24,-0.57,0,0,558,0.82,312519.72,26251656.48,312.52,6839.5,0.1,10,5,0.01,0,0,10.11,68767
549,BUY_A,ST_FLIP_RED,2026-03-10T06:00:00,2026-03-10T16:00:00,long,69139,70255,1000,1,69139,100,1116,1105.89,92894.76,1.11,1116,1.61,0,0,313625.61,26344551.24,313.63,6913.9,0.1,10,5,0.01,0,0,10.11,68767
550,SELL_B,ST_FLIP_GREEN,2026-03-10T16:00:00,2026-03-10T20:00:00,short,70255,70441,1000,1,70255,100,-186,-196.11,-16473.24,-0.2,0,0,186,0.26,313429.5,26328078,313.43,7025.5,0.1,10,5,0.01,0,0,10.11,70627
551,BUY_A,ST_FLIP_RED,2026-03-10T20:00:00,2026-03-10T22:00:00,long,70813,70813,1000,1,70813,100,0,-10.11,-849.24,-0.01,0,0,0,0,313419.39,26327228.76,313.42,7081.3,0.1,10,5,0.01,0,0,10.11,70441
552,SELL_B,ST_FLIP_GREEN,2026-03-10T22:00:00,2026-03-11T18:00:00,short,70813,70069,1000,1,70813,100,744,733.89,61646.76,0.73,744,1.05,0,0,314153.28,26388875.52,314.15,7081.3,0.1,10,5,0.01,0,0,10.11,71185
553,BUY_A,ST_FLIP_RED,2026-03-11T18:00:00,2026-03-12T04:00:00,long,70255,70069,1000,1,70255,100,-186,-196.11,-16473.24,-0.2,0,0,186,0.26,313957.17,26372402.28,313.96,7025.5,0.1,10,5,0.01,0,0,10.11,69883
554,SELL_A,ST_FLIP_GREEN,2026-03-12T06:00:00,2026-03-12T14:00:00,short,69883,70069,1000,1,69883,100,-186,-196.11,-16473.24,-0.2,0,0,186,0.27,313761.06,26355929.04,313.76,6988.3,0.1,10,5,0.01,0,0,10.11,70255
555,BUY_A,ST_FLIP_RED,2026-03-12T14:00:00,2026-03-13T20:00:00,long,70069,73045,1000,1,70069,100,2976,2965.89,249134.76,2.97,2976,4.25,0,0,316726.95,26605063.8,316.73,7006.9,0.1,10,5,0.01,0,0,10.11,69697
556,SELL_B,ST_FLIP_GREEN,2026-03-13T20:00:00,2026-03-15T04:00:00,short,73045,70999,1000,1,73045,100,2046,2035.89,171014.76,2.04,2046,2.8,0,0,318762.84,26776078.56,318.76,7304.5,0.1,10,5,0.01,0,0,10.11,73417
557,BUY_A,ST_FLIP_RED,2026-03-15T04:00:00,2026-03-16T20:00:00,long,70999,73231,1000,1,70999,100,2232,2221.89,186638.76,2.22,2232,3.14,0,0,320984.73,26962717.32,320.98,7099.9,0.1,10,5,0.01,0,0,10.11,70627
558,SELL_A,ST_FLIP_GREEN,2026-03-16T20:00:00,2026-03-16T22:00:00,short,73231,73789,1000,1,73231,100,-558,-568.11,-47721.24,-0.57,0,0,558,0.76,320416.62,26914996.08,320.42,7323.1,0.1,10,5,0.01,0,0,10.11,73603
559,BUY_A,ST_FLIP_RED,2026-03-16T22:00:00,2026-03-17T00:00:00,long,74161,73789,1000,1,74161,100,-372,-382.11,-32097.24,-0.38,0,0,372,0.5,320034.51,26882898.84,320.03,7416.1,0.1,10,5,0.01,0,0,10.11,73789
560,SELL_B,ST_FLIP_GREEN,2026-03-17T00:00:00,2026-03-17T02:00:00,short,73789,74347,1000,1,73789,100,-558,-568.11,-47721.24,-0.57,0,0,558,0.76,319466.4,26835177.6,319.47,7378.9,0.1,10,5,0.01,0,0,10.11,74161
561,BUY_A,ST_FLIP_RED,2026-03-17T02:00:00,2026-03-17T08:00:00,long,74719,74533,1000,1,74719,100,-186,-196.11,-16473.24,-0.2,0,0,186,0.25,319270.29,26818704.36,319.27,7471.9,0.1,10,5,0.01,0,0,10.11,74347
562,SELL_B,ST_FLIP_GREEN,2026-03-17T08:00:00,2026-03-17T20:00:00,short,74533,74347,1000,1,74533,100,186,175.89,14774.76,0.18,186,0.25,0,0,319446.18,26833479.12,319.45,7453.3,0.1,10,5,0.01,0,0,10.11,74905
563,SELL_B,ST_FLIP_GREEN,2026-03-18T04:00:00,2026-03-18T06:00:00,short,73975,74161,1000,1,73975,100,-186,-196.11,-16473.24,-0.2,0,0,186,0.25,319250.07,26817005.88,319.25,7397.5,0.1,10,5,0.01,0,0,10.11,74347
564,BUY_A,ST_FLIP_RED,2026-03-18T06:00:00,2026-03-18T16:00:00,long,74347,73789,1000,1,74347,100,-558,-568.11,-47721.24,-0.57,0,0,558,0.75,318681.96,26769284.64,318.68,7434.7,0.1,10,5,0.01,0,0,10.11,73975
565,SELL_A,ST_FLIP_GREEN,2026-03-18T16:00:00,2026-03-20T00:00:00,short,73789,69883,1000,1,73789,100,3906,3895.89,327254.76,3.9,3906,5.29,0,0,322577.85,27096539.4,322.58,7378.9,0.1,10,5,0.01,0,0,10.11,74161
566,BUY_B,ST_FLIP_RED,2026-03-20T00:00:00,2026-03-20T14:00:00,long,69883,70627,1000,1,69883,100,744,733.89,61646.76,0.73,744,1.06,0,0,323311.74,27158186.16,323.31,6988.3,0.1,10,5,0.01,0,0,10.11,69511
567,SELL_A,ST_FLIP_GREEN,2026-03-20T14:00:00,2026-03-21T02:00:00,short,70255,70255,1000,1,70255,100,0,-10.11,-849.24,-0.01,0,0,0,0,323301.63,27157336.92,323.3,7025.5,0.1,10,5,0.01,0,0,10.11,70627
568,BUY_A,ST_FLIP_RED,2026-03-21T02:00:00,2026-03-21T20:00:00,long,70255,70255,1000,1,70255,100,0,-10.11,-849.24,-0.01,0,0,0,0,323291.52,27156487.68,323.29,7025.5,0.1,10,5,0.01,0,0,10.11,69883
569,SELL_A,ST_FLIP_GREEN,2026-03-22T04:00:00,2026-03-23T10:00:00,short,70069,68581,1000,1,70069,100,1488,1477.89,124142.76,1.48,1488,2.12,0,0,324769.41,27280630.44,324.77,7006.9,0.1,10,5,0.01,0,0,10.11,70441
570,BUY_A,ST_FLIP_RED,2026-03-23T10:00:00,2026-03-23T20:00:00,long,68581,70627,1000,1,68581,100,2046,2035.89,171014.76,2.04,2046,2.98,0,0,326805.3,27451645.2,326.81,6858.1,0.1,10,5,0.01,0,0,10.11,68209
571,SELL_A,ST_FLIP_GREEN,2026-03-23T20:00:00,2026-03-23T22:00:00,short,70627,70627,1000,1,70627,100,0,-10.11,-849.24,-0.01,0,0,0,0,326795.19,27450795.96,326.8,7062.7,0.1,10,5,0.01,0,0,10.11,70999
572,BUY_A,ST_FLIP_RED,2026-03-23T22:00:00,2026-03-24T02:00:00,long,70999,70441,1000,1,70999,100,-558,-568.11,-47721.24,-0.57,0,0,558,0.79,326227.08,27403074.72,326.23,7099.9,0.1,10,5,0.01,0,0,10.11,70627
573,SELL_B,ST_FLIP_GREEN,2026-03-24T02:00:00,2026-03-24T12:00:00,short,70441,70999,1000,1,70441,100,-558,-568.11,-47721.24,-0.57,0,0,558,0.79,325658.97,27355353.48,325.66,7044.1,0.1,10,5,0.01,0,0,10.11,70813
574,BUY_A,ST_FLIP_RED,2026-03-24T12:00:00,2026-03-24T18:00:00,long,70999,70255,1000,1,70999,100,-744,-754.11,-63345.24,-0.75,0,0,744,1.05,324904.86,27292008.24,324.9,7099.9,0.1,10,5,0.01,0,0,10.11,70627
575,SELL_B,ST_FLIP_GREEN,2026-03-24T18:00:00,2026-03-25T00:00:00,short,70255,70069,1000,1,70255,100,186,175.89,14774.76,0.18,186,0.26,0,0,325080.75,27306783,325.08,7025.5,0.1,10,5,0.01,0,0,10.11,70627
576,BUY_A,ST_FLIP_RED,2026-03-25T04:00:00,2026-03-25T22:00:00,long,70255,70813,1000,1,70255,100,558,547.89,46022.76,0.55,558,0.79,0,0,325628.64,27352805.76,325.63,7025.5,0.1,10,5,0.01,0,0,10.11,69883
577,BUY_B,ST_FLIP_RED,2026-03-26T04:00:00,2026-03-26T10:00:00,long,71371,70627,1000,1,71371,100,-744,-754.11,-63345.24,-0.75,0,0,744,1.04,324874.53,27289460.52,324.87,7137.1,0.1,10,5,0.01,0,0,10.11,70999
578,SELL_B,ST_FLIP_GREEN,2026-03-26T10:00:00,2026-03-27T00:00:00,short,70627,68767,1000,1,70627,100,1860,1849.89,155390.76,1.85,1860,2.63,0,0,326724.42,27444851.28,326.72,7062.7,0.1,10,5,0.01,0,0,10.11,70999
579,BUY_A,ST_FLIP_RED,2026-03-27T00:00:00,2026-03-27T02:00:00,long,68767,68767,1000,1,68767,100,0,-10.11,-849.24,-0.01,0,0,0,0,326714.31,27444002.04,326.71,6876.7,0.1,10,5,0.01,0,0,10.11,68395
580,BUY_B,ST_FLIP_RED,2026-03-27T06:00:00,2026-03-27T08:00:00,long,69139,68395,1000,1,69139,100,-744,-754.11,-63345.24,-0.75,0,0,744,1.08,325960.2,27380656.8,325.96,6913.9,0.1,10,5,0.01,0,0,10.11,68767
581,SELL_A,ST_FLIP_GREEN,2026-03-27T08:00:00,2026-03-28T04:00:00,short,68395,66349,1000,1,68395,100,2046,2035.89,171014.76,2.04,2046,2.99,0,0,327996.09,27551671.56,328,6839.5,0.1,10,5,0.01,0,0,10.11,68767
582,BUY_B,ST_FLIP_RED,2026-03-28T04:00:00,2026-03-29T04:00:00,long,66349,66349,1000,1,66349,100,0,-10.11,-849.24,-0.01,0,0,0,0,327985.98,27550822.32,327.99,6634.9,0.1,10,5,0.01,0,0,10.11,65977
583,BUY_B,ST_FLIP_RED,2026-03-29T08:00:00,2026-03-30T22:00:00,long,66907,67093,1000,1,66907,100,186,175.89,14774.76,0.18,186,0.28,0,0,328161.87,27565597.08,328.16,6690.7,0.1,10,5,0.01,0,0,10.11,66535
584,SELL_A,ST_FLIP_GREEN,2026-03-30T22:00:00,2026-03-31T06:00:00,short,66907,67093,1000,1,66907,100,-186,-196.11,-16473.24,-0.2,0,0,186,0.28,327965.76,27549123.84,327.97,6690.7,0.1,10,5,0.01,0,0,10.11,67279
585,BUY_A,ST_FLIP_RED,2026-03-31T06:00:00,2026-03-31T08:00:00,long,67279,67465,1000,1,67279,100,186,175.89,14774.76,0.18,186,0.28,0,0,328141.65,27563898.6,328.14,6727.9,0.1,10,5,0.01,0,0,10.11,66907
586,SELL_A,ST_FLIP_GREEN,2026-03-31T08:00:00,2026-03-31T18:00:00,short,67465,67093,1000,1,67465,100,372,361.89,30398.76,0.36,372,0.55,0,0,328503.54,27594297.36,328.5,6746.5,0.1,10,5,0.01,0,0,10.11,67837
587,BUY_A,ST_FLIP_RED,2026-03-31T18:00:00,2026-03-31T20:00:00,long,67279,67279,1000,1,67279,100,0,-10.11,-849.24,-0.01,0,0,0,0,328493.43,27593448.12,328.49,6727.9,0.1,10,5,0.01,0,0,10.11,66907
588,SELL_A,ST_FLIP_GREEN,2026-03-31T20:00:00,2026-03-31T22:00:00,short,67093,67465,1000,1,67093,100,-372,-382.11,-32097.24,-0.38,0,0,372,0.55,328111.32,27561350.88,328.11,6709.3,0.1,10,5,0.01,0,0,10.11,67465
589,BUY_A,ST_FLIP_RED,2026-03-31T22:00:00,2026-04-01T06:00:00,long,67465,67465,1000,1,67465,100,0,-10.11,-849.24,-0.01,0,0,0,0,328101.21,27560501.64,328.1,6746.5,0.1,10,5,0.01,0,0,10.11,67093
590,SELL_A,ST_FLIP_GREEN,2026-04-01T06:00:00,2026-04-01T08:00:00,short,67465,68023,1000,1,67465,100,-558,-568.11,-47721.24,-0.57,0,0,558,0.83,327533.1,27512780.4,327.53,6746.5,0.1,10,5,0.01,0,0,10.11,67837
591,BUY_B,ST_FLIP_RED,2026-04-01T08:00:00,2026-04-01T22:00:00,long,68023,68209,1000,1,68023,100,186,175.89,14774.76,0.18,186,0.27,0,0,327708.99,27527555.16,327.71,6802.3,0.1,10,5,0.01,0,0,10.11,67651
592,SELL_A,ST_FLIP_GREEN,2026-04-01T22:00:00,2026-04-02T20:00:00,short,68209,66721,1000,1,68209,100,1488,1477.89,124142.76,1.48,1488,2.18,0,0,329186.88,27651697.92,329.19,6820.9,0.1,10,5,0.01,0,0,10.11,68581
593,BUY_A,ST_FLIP_RED,2026-04-02T20:00:00,2026-04-03T06:00:00,long,66721,66349,1000,1,66721,100,-372,-382.11,-32097.24,-0.38,0,0,372,0.56,328804.77,27619600.68,328.8,6672.1,0.1,10,5,0.01,0,0,10.11,66349
594,BUY_B,ST_FLIP_RED,2026-04-03T12:00:00,2026-04-05T10:00:00,long,66907,66721,1000,1,66907,100,-186,-196.11,-16473.24,-0.2,0,0,186,0.28,328608.66,27603127.44,328.61,6690.7,0.1,10,5,0.01,0,0,10.11,66535
595,BUY_B,ST_FLIP_RED,2026-04-05T20:00:00,2026-04-07T02:00:00,long,67465,69325,1000,1,67465,100,1860,1849.89,155390.76,1.85,1860,2.76,0,0,330458.55,27758518.2,330.46,6746.5,0.1,10,5,0.01,0,0,10.11,67093
596,SELL_B,ST_FLIP_GREEN,2026-04-07T02:00:00,2026-04-07T22:00:00,short,69325,68767,1000,1,69325,100,558,547.89,46022.76,0.55,558,0.8,0,0,331006.44,27804540.96,331.01,6932.5,0.1,10,5,0.01,0,0,10.11,69697
597,BUY_A,ST_FLIP_RED,2026-04-08T00:00:00,2026-04-08T20:00:00,long,68953,71185,1000,1,68953,100,2232,2221.89,186638.76,2.22,2232,3.24,0,0,333228.33,27991179.72,333.23,6895.3,0.1,10,5,0.01,0,0,10.11,68581
598,SELL_B,ST_FLIP_GREEN,2026-04-08T20:00:00,2026-04-09T20:00:00,short,71185,71185,1000,1,71185,100,0,-10.11,-849.24,-0.01,0,0,0,0,333218.22,27990330.48,333.22,7118.5,0.1,10,5,0.01,0,0,10.11,71557
599,BUY_A,ST_FLIP_RED,2026-04-09T20:00:00,2026-04-10T04:00:00,long,71557,71929,1000,1,71557,100,372,361.89,30398.76,0.36,372,0.52,0,0,333580.11,28020729.24,333.58,7155.7,0.1,10,5,0.01,0,0,10.11,71185
600,SELL_A,ST_FLIP_GREEN,2026-04-10T04:00:00,2026-04-10T06:00:00,short,71929,72301,1000,1,71929,100,-372,-382.11,-32097.24,-0.38,0,0,372,0.52,333198,27988632,333.2,7192.9,0.1,10,5,0.01,0,0,10.11,72301
601,BUY_A,ST_FLIP_RED,2026-04-10T18:00:00,2026-04-11T10:00:00,long,72487,72487,1000,1,72487,100,0,-10.11,-849.24,-0.01,0,0,0,0,333187.89,27987782.76,333.19,7248.7,0.1,10,5,0.01,0,0,10.11,72115
602,SELL_A,ST_FLIP_GREEN,2026-04-11T10:00:00,2026-04-11T22:00:00,short,72487,73231,1000,1,72487,100,-744,-754.11,-63345.24,-0.75,0,0,744,1.03,332433.78,27924437.52,332.43,7248.7,0.1,10,5,0.01,0,0,10.11,72859
603,BUY_B,ST_FLIP_RED,2026-04-11T22:00:00,2026-04-12T06:00:00,long,73231,72859,1000,1,73231,100,-372,-382.11,-32097.24,-0.38,0,0,372,0.51,332051.67,27892340.28,332.05,7323.1,0.1,10,5,0.01,0,0,10.11,72859
604,SELL_B,ST_FLIP_GREEN,2026-04-12T06:00:00,2026-04-13T06:00:00,short,72859,71371,1000,1,72859,100,1488,1477.89,124142.76,1.48,1488,2.04,0,0,333529.56,28016483.04,333.53,7285.9,0.1,10,5,0.01,0,0,10.11,73231
605,BUY_A,ST_FLIP_RED,2026-04-13T06:00:00,2026-04-13T10:00:00,long,71371,70813,1000,1,71371,100,-558,-568.11,-47721.24,-0.57,0,0,558,0.78,332961.45,27968761.8,332.96,7137.1,0.1,10,5,0.01,0,0,10.11,70999
606,BUY_B,ST_FLIP_RED,2026-04-13T18:00:00,2026-04-14T20:00:00,long,71557,75091,1000,1,71557,100,3534,3523.89,296006.76,3.52,3534,4.94,0,0,336485.34,28264768.56,336.49,7155.7,0.1,10,5,0.01,0,0,10.11,71185
607,SELL_B,ST_FLIP_GREEN,2026-04-14T20:00:00,2026-04-15T04:00:00,short,75091,74533,1000,1,75091,100,558,547.89,46022.76,0.55,558,0.74,0,0,337033.23,28310791.32,337.03,7509.1,0.1,10,5,0.01,0,0,10.11,75463
608,SELL_B,ST_FLIP_GREEN,2026-04-15T06:00:00,2026-04-15T18:00:00,short,74161,74533,1000,1,74161,100,-372,-382.11,-32097.24,-0.38,0,0,372,0.5,336651.12,28278694.08,336.65,7416.1,0.1,10,5,0.01,0,0,10.11,74533
609,BUY_A,ST_FLIP_RED,2026-04-15T18:00:00,2026-04-16T14:00:00,long,74533,74347,1000,1,74533,100,-186,-196.11,-16473.24,-0.2,0,0,186,0.25,336455.01,28262220.84,336.46,7453.3,0.1,10,5,0.01,0,0,10.11,74161
610,SELL_A,ST_FLIP_GREEN,2026-04-16T14:00:00,2026-04-16T20:00:00,short,74347,74347,1000,1,74347,100,0,-10.11,-849.24,-0.01,0,0,0,0,336444.9,28261371.6,336.44,7434.7,0.1,10,5,0.01,0,0,10.11,74719
611,BUY_A,ST_FLIP_RED,2026-04-16T20:00:00,2026-04-17T06:00:00,long,74533,74533,1000,1,74533,100,0,-10.11,-849.24,-0.01,0,0,0,0,336434.79,28260522.36,336.43,7453.3,0.1,10,5,0.01,0,0,10.11,74161
612,BUY_B,ST_FLIP_RED,2026-04-17T12:00:00,2026-04-17T22:00:00,long,75091,77509,1000,1,75091,100,2418,2407.89,202262.76,2.41,2418,3.22,0,0,338842.68,28462785.12,338.84,7509.1,0.1,10,5,0.01,0,0,10.11,74719
613,SELL_B,ST_FLIP_GREEN,2026-04-17T22:00:00,2026-04-19T16:00:00,short,77509,75649,1000,1,77509,100,1860,1849.89,155390.76,1.85,1860,2.4,0,0,340692.57,28618175.88,340.69,7750.9,0.1,10,5,0.01,0,0,10.11,77881
614,BUY_A,ST_FLIP_RED,2026-04-19T16:00:00,2026-04-19T22:00:00,long,75649,75277,1000,1,75649,100,-372,-382.11,-32097.24,-0.38,0,0,372,0.49,340310.46,28586078.64,340.31,7564.9,0.1,10,5,0.01,0,0,10.11,75277
615,SELL_A,ST_FLIP_GREEN,2026-04-19T22:00:00,2026-04-20T06:00:00,short,75091,74533,1000,1,75091,100,558,547.89,46022.76,0.55,558,0.74,0,0,340858.35,28632101.4,340.86,7509.1,0.1,10,5,0.01,0,0,10.11,75463
616,BUY_A,ST_FLIP_RED,2026-04-20T06:00:00,2026-04-21T06:00:00,long,74533,75649,1000,1,74533,100,1116,1105.89,92894.76,1.11,1116,1.5,0,0,341964.24,28724996.16,341.96,7453.3,0.1,10,5,0.01,0,0,10.11,74161
617,BUY_B,ST_FLIP_RED,2026-04-21T12:00:00,2026-04-21T20:00:00,long,76207,75835,1000,1,76207,100,-372,-382.11,-32097.24,-0.38,0,0,372,0.49,341582.13,28692898.92,341.58,7620.7,0.1,10,5,0.01,0,0,10.11,75835
618,SELL_B,ST_FLIP_GREEN,2026-04-21T20:00:00,2026-04-22T04:00:00,short,75835,76021,1000,1,75835,100,-186,-196.11,-16473.24,-0.2,0,0,186,0.25,341386.02,28676425.68,341.39,7583.5,0.1,10,5,0.01,0,0,10.11,76207
619,BUY_A,ST_FLIP_RED,2026-04-22T04:00:00,2026-04-23T04:00:00,long,76207,78253,1000,1,76207,100,2046,2035.89,171014.76,2.04,2046,2.68,0,0,343421.91,28847440.44,343.42,7620.7,0.1,10,5,0.01,0,0,10.11,75835
620,SELL_B,ST_FLIP_GREEN,2026-04-23T04:00:00,2026-04-23T20:00:00,short,78253,78067,1000,1,78253,100,186,175.89,14774.76,0.18,186,0.24,0,0,343597.8,28862215.2,343.6,7825.3,0.1,10,5,0.01,0,0,10.11,78625
621,SELL_B,ST_FLIP_GREEN,2026-04-23T22:00:00,2026-04-24T16:00:00,short,77695,78253,1000,1,77695,100,-558,-568.11,-47721.24,-0.57,0,0,558,0.72,343029.69,28814493.96,343.03,7769.5,0.1,10,5,0.01,0,0,10.11,78067
622,BUY_A,ST_FLIP_RED,2026-04-24T16:00:00,2026-04-24T18:00:00,long,78253,77509,1000,1,78253,100,-744,-754.11,-63345.24,-0.75,0,0,744,0.95,342275.58,28751148.72,342.28,7825.3,0.1,10,5,0.01,0,0,10.11,77881
623,SELL_B,ST_FLIP_GREEN,2026-04-24T18:00:00,2026-04-25T14:00:00,short,77509,77881,1000,1,77509,100,-372,-382.11,-32097.24,-0.38,0,0,372,0.48,341893.47,28719051.48,341.89,7750.9,0.1,10,5,0.01,0,0,10.11,77881
624,BUY_A,ST_FLIP_RED,2026-04-25T14:00:00,2026-04-27T10:00:00,long,77881,78439,1000,1,77881,100,558,547.89,46022.76,0.55,558,0.72,0,0,342441.36,28765074.24,342.44,7788.1,0.1,10,5,0.01,0,0,10.11,77509
625,SELL_A,ST_FLIP_GREEN,2026-04-27T10:00:00,2026-04-28T04:00:00,short,78439,77323,1000,1,78439,100,1116,1105.89,92894.76,1.11,1116,1.42,0,0,343547.25,28857969,343.55,7843.9,0.1,10,5,0.01,0,0,10.11,78811
626,BUY_A,ST_FLIP_RED,2026-04-28T04:00:00,2026-04-28T08:00:00,long,77323,76765,1000,1,77323,100,-558,-568.11,-47721.24,-0.57,0,0,558,0.72,342979.14,28810247.76,342.98,7732.3,0.1,10,5,0.01,0,0,10.11,76951
627,SELL_A,ST_FLIP_GREEN,2026-04-28T08:00:00,2026-04-29T00:00:00,short,76765,76393,1000,1,76765,100,372,361.89,30398.76,0.36,372,0.48,0,0,343341.03,28840646.52,343.34,7676.5,0.1,10,5,0.01,0,0,10.11,77137
628,BUY_A,ST_FLIP_RED,2026-04-29T00:00:00,2026-04-29T16:00:00,long,76393,77137,1000,1,76393,100,744,733.89,61646.76,0.73,744,0.97,0,0,344074.92,28902293.28,344.07,7639.3,0.1,10,5,0.01,0,0,10.11,76021
629,SELL_A,ST_FLIP_GREEN,2026-04-29T16:00:00,2026-04-30T02:00:00,short,76951,75835,1000,1,76951,100,1116,1105.89,92894.76,1.11,1116,1.45,0,0,345180.81,28995188.04,345.18,7695.1,0.1,10,5,0.01,0,0,10.11,77323
630,BUY_A,ST_FLIP_RED,2026-04-30T02:00:00,2026-04-30T08:00:00,long,75835,75463,1000,1,75835,100,-372,-382.11,-32097.24,-0.38,0,0,372,0.49,344798.7,28963090.8,344.8,7583.5,0.1,10,5,0.01,0,0,10.11,75463
631,BUY_B,ST_FLIP_RED,2026-04-30T12:00:00,2026-05-04T04:00:00,long,76021,78439,1000,1,76021,100,2418,2407.89,202262.76,2.41,2418,3.18,0,0,347206.59,29165353.56,347.21,7602.1,0.1,10,5,0.01,0,0,10.11,75649
632,SELL_B,ST_FLIP_GREEN,2026-05-04T04:00:00,2026-05-04T06:00:00,short,78439,78811,1000,1,78439,100,-372,-382.11,-32097.24,-0.38,0,0,372,0.47,346824.48,29133256.32,346.82,7843.9,0.1,10,5,0.01,0,0,10.11,78811
633,BUY_A,ST_FLIP_RED,2026-05-04T06:00:00,2026-05-04T10:00:00,long,79369,79741,1000,1,79369,100,372,361.89,30398.76,0.36,372,0.47,0,0,347186.37,29163655.08,347.19,7936.9,0.1,10,5,0.01,0,0,10.11,78997
634,SELL_B,ST_FLIP_GREEN,2026-05-04T10:00:00,2026-05-04T18:00:00,short,79741,79183,1000,1,79741,100,558,547.89,46022.76,0.55,558,0.7,0,0,347734.26,29209677.84,347.73,7974.1,0.1,10,5,0.01,0,0,10.11,80113
635,BUY_A,ST_FLIP_RED,2026-05-04T18:00:00,2026-05-06T04:00:00,long,79369,80857,1000,1,79369,100,1488,1477.89,124142.76,1.48,1488,1.87,0,0,349212.15,29333820.6,349.21,7936.9,0.1,10,5,0.01,0,0,10.11,78997
636,SELL_A,ST_FLIP_GREEN,2026-05-06T04:00:00,2026-05-06T08:00:00,short,80857,81415,1000,1,80857,100,-558,-568.11,-47721.24,-0.57,0,0,558,0.69,348644.04,29286099.36,348.64,8085.7,0.1,10,5,0.01,0,0,10.11,81229
637,BUY_A,ST_FLIP_RED,2026-05-06T14:00:00,2026-05-06T18:00:00,long,81787,81787,1000,1,81787,100,0,-10.11,-849.24,-0.01,0,0,0,0,348633.93,29285250.12,348.63,8178.7,0.1,10,5,0.01,0,0,10.11,81415
638,SELL_B,ST_FLIP_GREEN,2026-05-06T18:00:00,2026-05-08T16:00:00,short,81787,80113,1000,1,81787,100,1674,1663.89,139766.76,1.66,1674,2.05,0,0,350297.82,29425016.88,350.3,8178.7,0.1,10,5,0.01,0,0,10.11,82159
639,BUY_A,ST_FLIP_RED,2026-05-08T16:00:00,2026-05-08T20:00:00,long,80113,79741,1000,1,80113,100,-372,-382.11,-32097.24,-0.38,0,0,372,0.46,349915.71,29392919.64,349.92,8011.3,0.1,10,5,0.01,0,0,10.11,79741
640,BUY_B,ST_FLIP_RED,2026-05-08T22:00:00,2026-05-11T06:00:00,long,80299,81043,1000,1,80299,100,744,733.89,61646.76,0.73,744,0.93,0,0,350649.6,29454566.4,350.65,8029.9,0.1,10,5,0.01,0,0,10.11,79927
641,SELL_A,ST_FLIP_GREEN,2026-05-11T08:00:00,2026-05-11T14:00:00,short,80857,81229,1000,1,80857,100,-372,-382.11,-32097.24,-0.38,0,0,372,0.46,350267.49,29422469.16,350.27,8085.7,0.1,10,5,0.01,0,0,10.11,81229
642,SELL_B,ST_FLIP_GREEN,2026-05-11T18:00:00,2026-05-11T20:00:00,short,80671,81415,1000,1,80671,100,-744,-754.11,-63345.24,-0.75,0,0,744,0.92,349513.38,29359123.92,349.51,8067.1,0.1,10,5,0.01,0,0,10.11,81043
643,BUY_B,ST_FLIP_RED,2026-05-11T20:00:00,2026-05-12T04:00:00,long,81415,81415,1000,1,81415,100,0,-10.11,-849.24,-0.01,0,0,0,0,349503.27,29358274.68,349.5,8141.5,0.1,10,5,0.01,0,0,10.11,81043
644,SELL_A,ST_FLIP_GREEN,2026-05-12T04:00:00,2026-05-13T00:00:00,short,81415,80857,1000,1,81415,100,558,547.89,46022.76,0.55,558,0.69,0,0,350051.16,29404297.44,350.05,8141.5,0.1,10,5,0.01,0,0,10.11,81787
645,BUY_A,ST_FLIP_RED,2026-05-13T06:00:00,2026-05-13T16:00:00,long,81043,80485,1000,1,81043,100,-558,-568.11,-47721.24,-0.57,0,0,558,0.69,349483.05,29356576.2,349.48,8104.3,0.1,10,5,0.01,0,0,10.11,80671
646,SELL_A,ST_FLIP_GREEN,2026-05-13T16:00:00,2026-05-13T22:00:00,short,80485,79741,1000,1,80485,100,744,733.89,61646.76,0.73,744,0.92,0,0,350216.94,29418222.96,350.22,8048.5,0.1,10,5,0.01,0,0,10.11,80857
647,BUY_A,ST_FLIP_RED,2026-05-13T22:00:00,2026-05-14T02:00:00,long,79741,79183,1000,1,79741,100,-558,-568.11,-47721.24,-0.57,0,0,558,0.7,349648.83,29370501.72,349.65,7974.1,0.1,10,5,0.01,0,0,10.11,79369
648,BUY_B,ST_FLIP_RED,2026-05-14T10:00:00,2026-05-15T00:00:00,long,79927,81229,1000,1,79927,100,1302,1291.89,108518.76,1.29,1302,1.63,0,0,350940.72,29479020.48,350.94,7992.7,0.1,10,5,0.01,0,0,10.11,79555
649,SELL_A,ST_FLIP_GREEN,2026-05-15T00:00:00,2026-05-17T14:00:00,short,81229,78439,1000,1,81229,100,2790,2779.89,233510.76,2.78,2790,3.43,0,0,353720.61,29712531.24,353.72,8122.9,0.1,10,5,0.01,0,0,10.11,81601
650,BUY_B,ST_FLIP_RED,2026-05-17T14:00:00,2026-05-17T18:00:00,long,78439,78067,1000,1,78439,100,-372,-382.11,-32097.24,-0.38,0,0,372,0.47,353338.5,29680434,353.34,7843.9,0.1,10,5,0.01,0,0,10.11,78067
651,BUY_B,ST_FLIP_RED,2026-05-18T00:00:00,2026-05-18T04:00:00,long,78439,77695,1000,1,78439,100,-744,-754.11,-63345.24,-0.75,0,0,744,0.95,352584.39,29617088.76,352.58,7843.9,0.1,10,5,0.01,0,0,10.11,78067
652,SELL_A,ST_FLIP_GREEN,2026-05-18T04:00:00,2026-05-18T16:00:00,short,77509,77323,1000,1,77509,100,186,175.89,14774.76,0.18,186,0.24,0,0,352760.28,29631863.52,352.76,7750.9,0.1,10,5,0.01,0,0,10.11,77881
653,BUY_A,ST_FLIP_RED,2026-05-18T16:00:00,2026-05-18T18:00:00,long,77323,76765,1000,1,77323,100,-558,-568.11,-47721.24,-0.57,0,0,558,0.72,352192.17,29584142.28,352.19,7732.3,0.1,10,5,0.01,0,0,10.11,76951
654,SELL_A,ST_FLIP_GREEN,2026-05-18T18:00:00,2026-05-19T00:00:00,short,76579,76951,1000,1,76579,100,-372,-382.11,-32097.24,-0.38,0,0,372,0.49,351810.06,29552045.04,351.81,7657.9,0.1,10,5,0.01,0,0,10.11,76951
655,BUY_B,ST_FLIP_RED,2026-05-19T00:00:00,2026-05-19T08:00:00,long,76951,76579,1000,1,76951,100,-372,-382.11,-32097.24,-0.38,0,0,372,0.48,351427.95,29519947.8,351.43,7695.1,0.1,10,5,0.01,0,0,10.11,76579
656,SELL_A,ST_FLIP_GREEN,2026-05-19T18:00:00,2026-05-20T10:00:00,short,76393,77137,1000,1,76393,100,-744,-754.11,-63345.24,-0.75,0,0,744,0.97,350673.84,29456602.56,350.67,7639.3,0.1,10,5,0.01,0,0,10.11,76765
657,BUY_B,ST_FLIP_RED,2026-05-20T10:00:00,2026-05-20T20:00:00,long,77137,76951,1000,1,77137,100,-186,-196.11,-16473.24,-0.2,0,0,186,0.24,350477.73,29440129.32,350.48,7713.7,0.1,10,5,0.01,0,0,10.11,76765
658,BUY_B,ST_FLIP_RED,2026-05-21T04:00:00,2026-05-21T14:00:00,long,77695,77323,1000,1,77695,100,-372,-382.11,-32097.24,-0.38,0,0,372,0.48,350095.62,29408032.08,350.1,7769.5,0.1,10,5,0.01,0,0,10.11,77323
659,SELL_A,ST_FLIP_GREEN,2026-05-21T14:00:00,2026-05-21T22:00:00,short,77323,77695,1000,1,77323,100,-372,-382.11,-32097.24,-0.38,0,0,372,0.48,349713.51,29375934.84,349.71,7732.3,0.1,10,5,0.01,0,0,10.11,77695
660,BUY_A,ST_FLIP_RED,2026-05-21T22:00:00,2026-05-22T18:00:00,long,77695,77137,1000,1,77695,100,-558,-568.11,-47721.24,-0.57,0,0,558,0.72,349145.4,29328213.6,349.15,7769.5,0.1,10,5,0.01,0,0,10.11,77323
661,SELL_B,ST_FLIP_GREEN,2026-05-22T18:00:00,2026-05-23T18:00:00,short,77137,75277,1000,1,77137,100,1860,1849.89,155390.76,1.85,1860,2.41,0,0,350995.29,29483604.36,351,7713.7,0.1,10,5,0.01,0,0,10.11,77509
662,BUY_A,ST_FLIP_RED,2026-05-23T18:00:00,2026-05-24T18:00:00,long,75277,76579,1000,1,75277,100,1302,1291.89,108518.76,1.29,1302,1.73,0,0,352287.18,29592123.12,352.29,7527.7,0.1,10,5,0.01,0,0,10.11,74905
663,SELL_A,ST_FLIP_GREEN,2026-05-24T18:00:00,2026-05-24T22:00:00,short,76393,76765,1000,1,76393,100,-372,-382.11,-32097.24,-0.38,0,0,372,0.49,351905.07,29560025.88,351.91,7639.3,0.1,10,5,0.01,0,0,10.11,76765
664,BUY_A,ST_FLIP_RED,2026-05-25T04:00:00,2026-05-26T04:00:00,long,76951,76951,1000,1,76951,100,0,-10.11,-849.24,-0.01,0,0,0,0,351894.96,29559176.64,351.89,7695.1,0.1,10,5,0.01,0,0,10.11,76579
665,SELL_A,ST_FLIP_GREEN,2026-05-26T04:00:00,2026-05-26T14:00:00,short,76951,77323,1000,1,76951,100,-372,-382.11,-32097.24,-0.38,0,0,372,0.48,351512.85,29527079.4,351.51,7695.1,0.1,10,5,0.01,0,0,10.11,77323
666,BUY_A,ST_FLIP_RED,2026-05-26T18:00:00,2026-05-26T20:00:00,long,77509,77323,1000,1,77509,100,-186,-196.11,-16473.24,-0.2,0,0,186,0.24,351316.74,29510606.16,351.32,7750.9,0.1,10,5,0.01,0,0,10.11,77137
667,SELL_A,ST_FLIP_GREEN,2026-05-26T20:00:00,2026-05-28T22:00:00,short,77323,73603,1000,1,77323,100,3720,3709.89,311630.76,3.71,3720,4.81,0,0,355026.63,29822236.92,355.03,7732.3,0.1,10,5,0.01,0,0,10.11,77695
668,BUY_B,ST_FLIP_RED,2026-05-28T22:00:00,2026-05-29T18:00:00,long,73603,73045,1000,1,73603,100,-558,-568.11,-47721.24,-0.57,0,0,558,0.76,354458.52,29774515.68,354.46,7360.3,0.1,10,5,0.01,0,0,10.11,73231
669,BUY_B,ST_FLIP_RED,2026-05-29T20:00:00,2026-05-30T08:00:00,long,73231,73231,1000,1,73231,100,0,-10.11,-849.24,-0.01,0,0,0,0,354448.41,29773666.44,354.45,7323.1,0.1,10,5,0.01,0,0,10.11,72859
670,BUY_B,ST_FLIP_RED,2026-05-30T14:00:00,2026-05-31T14:00:00,long,73789,73603,1000,1,73789,100,-186,-196.11,-16473.24,-0.2,0,0,186,0.25,354252.3,29757193.2,354.25,7378.9,0.1,10,5,0.01,0,0,10.11,73417
671,SELL_A,ST_FLIP_GREEN,2026-06-01T08:00:00,2026-06-02T00:00:00,short,73417,71743,1000,1,73417,100,1674,1663.89,139766.76,1.66,1674,2.28,0,0,355916.19,29896959.96,355.92,7341.7,0.1,10,5,0.01,0,0,10.11,73789
672,BUY_A,ST_FLIP_RED,2026-06-02T00:00:00,2026-06-02T02:00:00,long,71743,71185,1000,1,71743,100,-558,-568.11,-47721.24,-0.57,0,0,558,0.78,355348.08,29849238.72,355.35,7174.3,0.1,10,5,0.01,0,0,10.11,71371
673,SELL_A,ST_FLIP_GREEN,2026-06-02T06:00:00,2026-06-03T10:00:00,short,70813,67279,1000,1,70813,100,3534,3523.89,296006.76,3.52,3534,4.99,0,0,358871.97,30145245.48,358.87,7081.3,0.1,10,5,0.01,0,0,10.11,71185
674,BUY_B,ST_FLIP_RED,2026-06-03T10:00:00,2026-06-03T18:00:00,long,67279,66721,1000,1,67279,100,-558,-568.11,-47721.24,-0.57,0,0,558,0.83,358303.86,30097524.24,358.3,6727.9,0.1,10,5,0.01,0,0,10.11,66907
675,SELL_A,ST_FLIP_GREEN,2026-06-03T20:00:00,2026-06-04T08:00:00,short,65977,63559,1000,1,65977,100,2418,2407.89,202262.76,2.41,2418,3.66,0,0,360711.75,30299787,360.71,6597.7,0.1,10,5,0.01,0,0,10.11,66349
676,BUY_B,ST_FLIP_RED,2026-06-04T08:00:00,2026-06-04T10:00:00,long,63559,64117,1000,1,63559,100,558,547.89,46022.76,0.55,558,0.88,0,0,361259.64,30345809.76,361.26,6355.9,0.1,10,5,0.01,0,0,10.11,63187
677,SELL_A,ST_FLIP_GREEN,2026-06-04T12:00:00,2026-06-04T16:00:00,short,63745,63187,1000,1,63745,100,558,547.89,46022.76,0.55,558,0.88,0,0,361807.53,30391832.52,361.81,6374.5,0.1,10,5,0.01,0,0,10.11,64117
678,BUY_A,ST_FLIP_RED,2026-06-04T16:00:00,2026-06-05T00:00:00,long,63187,63373,1000,1,63187,100,186,175.89,14774.76,0.18,186,0.29,0,0,361983.42,30406607.28,361.98,6318.7,0.1,10,5,0.01,0,0,10.11,62815
679,SELL_A,ST_FLIP_GREEN,2026-06-05T00:00:00,2026-06-05T04:00:00,short,63187,63745,1000,1,63187,100,-558,-568.11,-47721.24,-0.57,0,0,558,0.88,361415.31,30358886.04,361.42,6318.7,0.1,10,5,0.01,0,0,10.11,63559
680,BUY_B,ST_FLIP_RED,2026-06-05T04:00:00,2026-06-05T06:00:00,long,63745,63373,1000,1,63745,100,-372,-382.11,-32097.24,-0.38,0,0,372,0.58,361033.2,30326788.8,361.03,6374.5,0.1,10,5,0.01,0,0,10.11,63373
681,SELL_A,ST_FLIP_GREEN,2026-06-05T06:00:00,2026-06-05T08:00:00,short,63373,63187,1000,1,63373,100,186,175.89,14774.76,0.18,186,0.29,0,0,361209.09,30341563.56,361.21,6337.3,0.1,10,5,0.01,0,0,10.11,63745
682,BUY_A,ST_FLIP_RED,2026-06-05T08:00:00,2026-06-05T10:00:00,long,63187,62815,1000,1,63187,100,-372,-382.11,-32097.24,-0.38,0,0,372,0.59,360826.98,30309466.32,360.83,6318.7,0.1,10,5,0.01,0,0,10.11,62815
683,SELL_A,ST_FLIP_GREEN,2026-06-05T10:00:00,2026-06-05T12:00:00,short,62815,62071,1000,1,62815,100,744,733.89,61646.76,0.73,744,1.18,0,0,361560.87,30371113.08,361.56,6281.5,0.1,10,5,0.01,0,0,10.11,63187
684,BUY_A,ST_FLIP_RED,2026-06-05T12:00:00,2026-06-05T16:00:00,long,62071,62257,1000,1,62071,100,186,175.89,14774.76,0.18,186,0.3,0,0,361736.76,30385887.84,361.74,6207.1,0.1,10,5,0.01,0,0,10.11,61699
685,SELL_A,ST_FLIP_GREEN,2026-06-05T16:00:00,2026-06-05T20:00:00,short,62071,60955,1000,1,62071,100,1116,1105.89,92894.76,1.11,1116,1.8,0,0,362842.65,30478782.6,362.84,6207.1,0.1,10,5,0.01,0,0,10.11,62443
686,BUY_A,ST_FLIP_RED,2026-06-05T20:00:00,2026-06-05T22:00:00,long,60955,60397,1000,1,60955,100,-558,-568.11,-47721.24,-0.57,0,0,558,0.92,362274.54,30431061.36,362.27,6095.5,0.1,10,5,0.01,0,0,10.11,60583
687,SELL_A,ST_FLIP_GREEN,2026-06-05T22:00:00,2026-06-06T00:00:00,short,60211,60583,1000,1,60211,100,-372,-382.11,-32097.24,-0.38,0,0,372,0.62,361892.43,30398964.12,361.89,6021.1,0.1,10,5,0.01,0,0,10.11,60583
688,BUY_B,ST_FLIP_RED,2026-06-06T00:00:00,2026-06-06T06:00:00,long,60583,60769,1000,1,60583,100,186,175.89,14774.76,0.18,186,0.31,0,0,362068.32,30413738.88,362.07,6058.3,0.1,10,5,0.01,0,0,10.11,60211
689,SELL_A,ST_FLIP_GREEN,2026-06-06T08:00:00,2026-06-06T10:00:00,short,60583,60583,1000,1,60583,100,0,-10.11,-849.24,-0.01,0,0,0,0,362058.21,30412889.64,362.06,6058.3,0.1,10,5,0.01,0,0,10.11,60955
690,BUY_A,ST_FLIP_RED,2026-06-06T10:00:00,2026-06-06T14:00:00,long,60583,60769,1000,1,60583,100,186,175.89,14774.76,0.18,186,0.31,0,0,362234.1,30427664.4,362.23,6058.3,0.1,10,5,0.01,0,0,10.11,60211
691,SELL_A,ST_FLIP_GREEN,2026-06-06T14:00:00,2026-06-06T18:00:00,short,60583,60955,1000,1,60583,100,-372,-382.11,-32097.24,-0.38,0,0,372,0.61,361851.99,30395567.16,361.85,6058.3,0.1,10,5,0.01,0,0,10.11,60955
692,BUY_A,ST_FLIP_RED,2026-06-06T18:00:00,2026-06-07T00:00:00,long,60955,60397,1000,1,60955,100,-558,-568.11,-47721.24,-0.57,0,0,558,0.92,361283.88,30347845.92,361.28,6095.5,0.1,10,5,0.01,0,0,10.11,60583
693,SELL_B,ST_FLIP_GREEN,2026-06-07T00:00:00,2026-06-07T06:00:00,short,60397,61141,1000,1,60397,100,-744,-754.11,-63345.24,-0.75,0,0,744,1.23,360529.77,30284500.68,360.53,6039.7,0.1,10,5,0.01,0,0,10.11,60769
694,BUY_B,ST_FLIP_RED,2026-06-07T06:00:00,2026-06-07T16:00:00,long,61141,61885,1000,1,61141,100,744,733.89,61646.76,0.73,744,1.22,0,0,361263.66,30346147.44,361.26,6114.1,0.1,10,5,0.01,0,0,10.11,60769
695,SELL_A,ST_FLIP_GREEN,2026-06-07T16:00:00,2026-06-08T02:00:00,short,61885,62443,1000,1,61885,100,-558,-568.11,-47721.24,-0.57,0,0,558,0.9,360695.55,30298426.2,360.7,6188.5,0.1,10,5,0.01,0,0,10.11,62257
696,BUY_A,ST_FLIP_RED,2026-06-08T02:00:00,2026-06-08T08:00:00,long,62443,62815,1000,1,62443,100,372,361.89,30398.76,0.36,372,0.6,0,0,361057.44,30328824.96,361.06,6244.3,0.1,10,5,0.01,0,0,10.11,62071
697,SELL_A,ST_FLIP_GREEN,2026-06-08T08:00:00,2026-06-08T18:00:00,short,62815,63373,1000,1,62815,100,-558,-568.11,-47721.24,-0.57,0,0,558,0.89,360489.33,30281103.72,360.49,6281.5,0.1,10,5,0.01,0,0,10.11,63187
698,BUY_A,ST_FLIP_RED,2026-06-08T18:00:00,2026-06-09T00:00:00,long,63559,63187,1000,1,63559,100,-372,-382.11,-32097.24,-0.38,0,0,372,0.59,360107.22,30249006.48,360.11,6355.9,0.1,10,5,0.01,0,0,10.11,63187
699,SELL_B,ST_FLIP_GREEN,2026-06-09T00:00:00,2026-06-09T10:00:00,short,63187,63373,1000,1,63187,100,-186,-196.11,-16473.24,-0.2,0,0,186,0.29,359911.11,30232533.24,359.91,6318.7,0.1,10,5,0.01,0,0,10.11,63559
700,SELL_B,ST_FLIP_GREEN,2026-06-09T12:00:00,2026-06-09T22:00:00,short,63001,61699,1000,1,63001,100,1302,1291.89,108518.76,1.29,1302,2.07,0,0,361203,30341052,361.2,6300.1,0.1,10,5,0.01,0,0,10.11,63373
701,BUY_A,ST_FLIP_RED,2026-06-09T22:00:00,2026-06-10T06:00:00,long,61699,61327,1000,1,61699,100,-372,-382.11,-32097.24,-0.38,0,0,372,0.6,360820.89,30308954.76,360.82,6169.9,0.1,10,5,0.01,0,0,10.11,61327
702,BUY_B,ST_FLIP_RED,2026-06-10T18:00:00,2026-06-11T02:00:00,long,62071,61699,1000,1,62071,100,-372,-382.11,-32097.24,-0.38,0,0,372,0.6,360438.78,30276857.52,360.44,6207.1,0.1,10,5,0.01,0,0,10.11,61699
703,SELL_A,ST_FLIP_GREEN,2026-06-11T02:00:00,2026-06-11T04:00:00,short,61513,61699,1000,1,61513,100,-186,-196.11,-16473.24,-0.2,0,0,186,0.3,360242.67,30260384.28,360.24,6151.3,0.1,10,5,0.01,0,0,10.11,61885
704,BUY_A,ST_FLIP_RED,2026-06-11T04:00:00,2026-06-12T10:00:00,long,61699,63187,1000,1,61699,100,1488,1477.89,124142.76,1.48,1488,2.41,0,0,361720.56,30384527.04,361.72,6169.9,0.1,10,5,0.01,0,0,10.11,61327
705,SELL_A,ST_FLIP_GREEN,2026-06-12T10:00:00,2026-06-12T12:00:00,short,63187,63559,1000,1,63187,100,-372,-382.11,-32097.24,-0.38,0,0,372,0.59,361338.45,30352429.8,361.34,6318.7,0.1,10,5,0.01,0,0,10.11,63559
706,BUY_A,ST_FLIP_RED,2026-06-13T16:00:00,2026-06-14T20:00:00,long,63931,63931,1000,1,63931,100,0,-10.11,-849.24,-0.01,0,0,0,0,361328.34,30351580.56,361.33,6393.1,0.1,10,5,0.01,0,0,10.11,63559
707,SELL_A,ST_FLIP_GREEN,2026-06-14T20:00:00,2026-06-15T02:00:00,short,63931,64303,1000,1,63931,100,-372,-382.11,-32097.24,-0.38,0,0,372,0.58,360946.23,30319483.32,360.95,6393.1,0.1,10,5,0.01,0,0,10.11,64303
708,BUY_A,ST_FLIP_RED,2026-06-15T02:00:00,2026-06-16T00:00:00,long,64675,66535,1000,1,64675,100,1860,1849.89,155390.76,1.85,1860,2.88,0,0,362796.12,30474874.08,362.8,6467.5,0.1,10,5,0.01,0,0,10.11,64303
709,SELL_B,ST_FLIP_GREEN,2026-06-16T00:00:00,2026-06-16T10:00:00,short,66535,66349,1000,1,66535,100,186,175.89,14774.76,0.18,186,0.28,0,0,362972.01,30489648.84,362.97,6653.5,0.1,10,5,0.01,0,0,10.11,66907
710,SELL_B,ST_FLIP_GREEN,2026-06-16T18:00:00,2026-06-16T22:00:00,short,65977,65977,1000,1,65977,100,0,-10.11,-849.24,-0.01,0,0,0,0,362961.9,30488799.6,362.96,6597.7,0.1,10,5,0.01,0,0,10.11,66349
711,SELL_B,ST_FLIP_GREEN,2026-06-17T12:00:00,2026-06-17T18:00:00,short,65419,65233,1000,1,65419,100,186,175.89,14774.76,0.18,186,0.28,0,0,363137.79,30503574.36,363.14,6541.9,0.1,10,5,0.01,0,0,10.11,65791
712,BUY_A,ST_FLIP_RED,2026-06-17T18:00:00,2026-06-17T22:00:00,long,65233,65605,1000,1,65233,100,372,361.89,30398.76,0.36,372,0.57,0,0,363499.68,30533973.12,363.5,6523.3,0.1,10,5,0.01,0,0,10.11,64861
713,SELL_A,ST_FLIP_GREEN,2026-06-17T22:00:00,2026-06-18T12:00:00,short,65419,64489,1000,1,65419,100,930,919.89,77270.76,0.92,930,1.42,0,0,364419.57,30611243.88,364.42,6541.9,0.1,10,5,0.01,0,0,10.11,65791
714,BUY_A,ST_FLIP_RED,2026-06-18T12:00:00,2026-06-18T14:00:00,long,64489,64117,1000,1,64489,100,-372,-382.11,-32097.24,-0.38,0,0,372,0.58,364037.46,30579146.64,364.04,6448.9,0.1,10,5,0.01,0,0,10.11,64117
715,SELL_A,ST_FLIP_GREEN,2026-06-18T14:00:00,2026-06-19T00:00:00,short,63931,63187,1000,1,63931,100,744,733.89,61646.76,0.73,744,1.16,0,0,364771.35,30640793.4,364.77,6393.1,0.1,10,5,0.01,0,0,10.11,64303
716,BUY_A,ST_FLIP_RED,2026-06-19T00:00:00,2026-06-19T02:00:00,long,63187,62629,1000,1,63187,100,-558,-568.11,-47721.24,-0.57,0,0,558,0.88,364203.24,30593072.16,364.2,6318.7,0.1,10,5,0.01,0,0,10.11,62815
717,BUY_B,ST_FLIP_RED,2026-06-19T18:00:00,2026-06-21T12:00:00,long,63373,63931,1000,1,63373,100,558,547.89,46022.76,0.55,558,0.88,0,0,364751.13,30639094.92,364.75,6337.3,0.1,10,5,0.01,0,0,10.11,63001
718,SELL_A,ST_FLIP_GREEN,2026-06-22T02:00:00,2026-06-22T06:00:00,short,63745,64303,1000,1,63745,100,-558,-568.11,-47721.24,-0.57,0,0,558,0.88,364183.02,30591373.68,364.18,6374.5,0.1,10,5,0.01,0,0,10.11,64117
719,BUY_A,ST_FLIP_RED,2026-06-22T06:00:00,2026-06-22T08:00:00,long,64303,64117,1000,1,64303,100,-186,-196.11,-16473.24,-0.2,0,0,186,0.29,363986.91,30574900.44,363.99,6430.3,0.1,10,5,0.01,0,0,10.11,63931
720,SELL_A,ST_FLIP_GREEN,2026-06-22T08:00:00,2026-06-22T16:00:00,short,64117,64489,1000,1,64117,100,-372,-382.11,-32097.24,-0.38,0,0,372,0.58,363604.8,30542803.2,363.6,6411.7,0.1,10,5,0.01,0,0,10.11,64489
721,BUY_A,ST_FLIP_RED,2026-06-22T16:00:00,2026-06-22T20:00:00,long,64675,64489,1000,1,64675,100,-186,-196.11,-16473.24,-0.2,0,0,186,0.29,363408.69,30526329.96,363.41,6467.5,0.1,10,5,0.01,0,0,10.11,64303
722,SELL_A,ST_FLIP_GREEN,2026-06-22T20:00:00,2026-06-23T18:00:00,short,64489,62629,1000,1,64489,100,1860,1849.89,155390.76,1.85,1860,2.88,0,0,365258.58,30681720.72,365.26,6448.9,0.1,10,5,0.01,0,0,10.11,64861
723,BUY_A,ST_FLIP_RED,2026-06-23T18:00:00,2026-06-24T18:00:00,long,62629,62257,1000,1,62629,100,-372,-382.11,-32097.24,-0.38,0,0,372,0.59,364876.47,30649623.48,364.88,6262.9,0.1,10,5,0.01,0,0,10.11,62257
724,SELL_A,ST_FLIP_GREEN,2026-06-24T18:00:00,2026-06-25T00:00:00,short,61885,60397,1000,1,61885,100,1488,1477.89,124142.76,1.48,1488,2.4,0,0,366354.36,30773766.24,366.35,6188.5,0.1,10,5,0.01,0,0,10.11,62257
725,BUY_B,ST_FLIP_RED,2026-06-25T00:00:00,2026-06-25T16:00:00,long,60397,61141,1000,1,60397,100,744,733.89,61646.76,0.73,744,1.23,0,0,367088.25,30835413,367.09,6039.7,0.1,10,5,0.01,0,0,10.11,60025
726,SELL_A,ST_FLIP_GREEN,2026-06-25T16:00:00,2026-06-26T08:00:00,short,60955,59467,1000,1,60955,100,1488,1477.89,124142.76,1.48,1488,2.44,0,0,368566.14,30959555.76,368.57,6095.5,0.1,10,5,0.01,0,0,10.11,61327
727,BUY_A,ST_FLIP_RED,2026-06-26T08:00:00,2026-06-26T14:00:00,long,59467,59653,1000,1,59467,100,186,175.89,14774.76,0.18,186,0.31,0,0,368742.03,30974330.52,368.74,5946.7,0.1,10,5,0.01,0,0,10.11,59095
728,BUY_B,ST_FLIP_RED,2026-06-26T18:00:00,2026-06-28T02:00:00,long,60211,60025,1000,1,60211,100,-186,-196.11,-16473.24,-0.2,0,0,186,0.31,368545.92,30957857.28,368.55,6021.1,0.1,10,5,0.01,0,0,10.11,59839
729,SELL_A,ST_FLIP_GREEN,2026-06-28T02:00:00,2026-06-29T08:00:00,short,60025,59839,1000,1,60025,100,186,175.89,14774.76,0.18,186,0.31,0,0,368721.81,30972632.04,368.72,6002.5,0.1,10,5,0.01,0,0,10.11,60397
730,BUY_A,ST_FLIP_RED,2026-06-29T08:00:00,2026-06-29T18:00:00,long,60025,59839,1000,1,60025,100,-186,-196.11,-16473.24,-0.2,0,0,186,0.31,368525.7,30956158.8,368.53,6002.5,0.1,10,5,0.01,0,0,10.11,59653
731,SELL_A,ST_FLIP_GREEN,2026-06-29T18:00:00,2026-06-29T22:00:00,short,59653,60025,1000,1,59653,100,-372,-382.11,-32097.24,-0.38,0,0,372,0.62,368143.59,30924061.56,368.14,5965.3,0.1,10,5,0.01,0,0,10.11,60025
732,BUY_A,ST_FLIP_RED,2026-06-29T22:00:00,2026-06-30T04:00:00,long,60025,59839,1000,1,60025,100,-186,-196.11,-16473.24,-0.2,0,0,186,0.31,367947.48,30907588.32,367.95,6002.5,0.1,10,5,0.01,0,0,10.11,59653
733,SELL_A,ST_FLIP_GREEN,2026-06-30T04:00:00,2026-07-01T00:00:00,short,59839,58909,1000,1,59839,100,930,919.89,77270.76,0.92,930,1.55,0,0,368867.37,30984859.08,368.87,5983.9,0.1,10,5,0.01,0,0,10.11,60211
734,BUY_A,ST_FLIP_RED,2026-07-01T00:00:00,2026-07-01T04:00:00,long,58909,58351,1000,1,58909,100,-558,-568.11,-47721.24,-0.57,0,0,558,0.95,368299.26,30937137.84,368.3,5890.9,0.1,10,5,0.01,0,0,10.11,58537
735,SELL_A,ST_FLIP_GREEN,2026-07-01T04:00:00,2026-07-01T06:00:00,short,58351,59095,1000,1,58351,100,-744,-754.11,-63345.24,-0.75,0,0,744,1.28,367545.15,30873792.6,367.55,5835.1,0.1,10,5,0.01,0,0,10.11,58723
