trade_number,entry_type,exit_type,entry_datetime,exit_datetime,direction,entry_price,exit_price,size_qty,actual_quantity,size_value,lot_notional_usd,gross_pnl,net_pnl,net_pnl_inr,net_pnl_pct,favorable_excursion,favorable_excursion_pct,adverse_excursion,adverse_excursion_pct,cumulative_pnl,cumulative_pnl_inr,cumulative_pnl_pct,margin_required,taker_fees_usd,slippage_usd,slippage_applied,funding_usd,insurance_usd,tax_usd,total_charges_usd,stop_loss
1,SELL_B,ST_FLIP_GREEN,2025-07-04T08:00:00,2025-07-05T02:00:00,short,109261,108109,100,0.1,10926.1,100.0,115.2,105.09,8827.56,0.11,1152,1.05,0,0.0,105.09,8827.56,0.11,1092.61,0.1,10,5.0,0.01,0,0.0,10.11,109645
2,BUY_B,ST_FLIP_RED,2025-07-05T02:00:00,2025-07-06T14:00:00,long,108109,107725,100,0.1,10810.9,100.0,-38.4,-48.51,-4074.84,-0.05,0,0.0,384,0.36,56.58,4752.72,0.06,1081.09,0.1,10,5.0,0.01,0,0.0,10.11,107725
3,BUY_B,ST_FLIP_RED,2025-07-06T18:00:00,2025-07-07T12:00:00,long,108301,108685,100,0.1,10830.1,100.0,38.4,28.29,2376.36,0.03,384,0.35,0,0.0,84.87,7129.08,0.08,1083.01,0.1,10,5.0,0.01,0,0.0,10.11,107917
4,SELL_A,ST_FLIP_GREEN,2025-07-07T16:00:00,2025-07-08T00:00:00,short,108493,108109,100,0.1,10849.3,100.0,38.4,28.29,2376.36,0.03,384,0.35,0,0.0,113.16,9505.44,0.11,1084.93,0.1,10,5.0,0.01,0,0.0,10.11,108877
5,BUY_A,ST_FLIP_RED,2025-07-08T00:00:00,2025-07-08T06:00:00,long,108109,107725,100,0.1,10810.9,100.0,-38.4,-48.51,-4074.84,-0.05,0,0.0,384,0.36,64.65,5430.6,0.06,1081.09,0.1,10,5.0,0.01,0,0.0,10.11,107725
6,SELL_A,ST_FLIP_GREEN,2025-07-08T06:00:00,2025-07-08T16:00:00,short,107725,108493,100,0.1,10772.5,100.0,-76.8,-86.91,-7300.44,-0.09,0,0.0,768,0.71,-22.26,-1869.84,-0.02,1077.25,0.1,10,5.0,0.01,0,0.0,10.11,108109
7,BUY_B,ST_FLIP_RED,2025-07-08T16:00:00,2025-07-09T08:00:00,long,108493,108301,100,0.1,10849.3,100.0,-19.2,-29.31,-2462.04,-0.03,0,0.0,192,0.18,-51.57,-4331.88,-0.05,1084.93,0.1,10,5.0,0.01,0,0.0,10.11,108109
8,BUY_B,ST_FLIP_RED,2025-07-09T16:00:00,2025-07-09T18:00:00,long,109069,108877,100,0.1,10906.9,100.0,-19.2,-29.31,-2462.04,-0.03,0,0.0,192,0.18,-80.88,-6793.92,-0.08,1090.69,0.1,10,5.0,0.01,0,0.0,10.11,108685
9,SELL_A,ST_FLIP_GREEN,2025-07-09T18:00:00,2025-07-09T20:00:00,short,108877,109261,100,0.1,10887.7,100.0,-38.4,-48.51,-4074.84,-0.05,0,0.0,384,0.35,-129.39,-10868.76,-0.13,1088.77,0.1,10,5.0,0.01,0,0.0,10.11,109261
10,BUY_A,ST_FLIP_RED,2025-07-09T22:00:00,2025-07-11T20:00:00,long,109453,117517,100,0.1,10945.3,100.0,806.4,796.29,66888.36,0.8,8064,7.37,0,0.0,666.9,56019.6,0.67,1094.53,0.1,10,5.0,0.01,0,0.0,10.11,109069
11,SELL_B,ST_FLIP_GREEN,2025-07-11T20:00:00,2025-07-12T00:00:00,short,117517,117709,100,0.1,11751.7,100.0,-19.2,-29.31,-2462.04,-0.03,0,0.0,192,0.16,637.59,53557.56,0.64,1175.17,0.1,10,5.0,0.01,0,0.0,10.11,117901
12,SELL_B,ST_FLIP_GREEN,2025-07-12T02:00:00,2025-07-12T06:00:00,short,117517,117709,100,0.1,11751.7,100.0,-19.2,-29.31,-2462.04,-0.03,0,0.0,192,0.16,608.28,51095.52,0.61,1175.17,0.1,10,5.0,0.01,0,0.0,10.11,117901
13,SELL_B,ST_FLIP_GREEN,2025-07-12T20:00:00,2025-07-13T08:00:00,short,117325,117709,100,0.1,11732.5,100.0,-38.4,-48.51,-4074.84,-0.05,0,0.0,384,0.33,559.77,47020.68,0.56,1173.25,0.1,10,5.0,0.01,0,0.0,10.11,117709
14,BUY_A,ST_FLIP_RED,2025-07-13T08:00:00,2025-07-14T02:00:00,long,117901,118477,100,0.1,11790.1,100.0,57.6,47.49,3989.16,0.05,576,0.49,0,0.0,607.26,51009.84,0.61,1179.01,0.1,10,5.0,0.01,0,0.0,10.11,117517
15,SELL_A,ST_FLIP_GREEN,2025-07-14T02:00:00,2025-07-14T04:00:00,short,118477,118861,100,0.1,11847.7,100.0,-38.4,-48.51,-4074.84,-0.05,0,0.0,384,0.32,558.75,46935.0,0.56,1184.77,0.1,10,5.0,0.01,0,0.0,10.11,118861
16,BUY_A,ST_FLIP_RED,2025-07-14T04:00:00,2025-07-14T16:00:00,long,119053,121741,100,0.1,11905.3,100.0,268.8,258.69,21729.96,0.26,2688,2.26,0,0.0,817.44,68664.96,0.82,1190.53,0.1,10,5.0,0.01,0,0.0,10.11,118669
17,SELL_B,ST_FLIP_GREEN,2025-07-14T16:00:00,2025-07-15T18:00:00,short,121741,117517,100,0.1,12174.1,100.0,422.4,412.29,34632.36,0.41,4224,3.47,0,0.0,1229.73,103297.32,1.23,1217.41,0.1,10,5.0,0.01,0,0.0,10.11,122125
18,BUY_B,ST_FLIP_RED,2025-07-15T18:00:00,2025-07-15T20:00:00,long,117517,117133,100,0.1,11751.7,100.0,-38.4,-48.51,-4074.84,-0.05,0,0.0,384,0.33,1181.22,99222.48,1.18,1175.17,0.1,10,5.0,0.01,0,0.0,10.11,117133
19,SELL_A,ST_FLIP_GREEN,2025-07-16T00:00:00,2025-07-16T02:00:00,short,116557,117133,100,0.1,11655.7,100.0,-57.6,-67.71,-5687.64,-0.07,0,0.0,576,0.49,1113.51,93534.84,1.11,1165.57,0.1,10,5.0,0.01,0,0.0,10.11,116941
20,BUY_B,ST_FLIP_RED,2025-07-16T02:00:00,2025-07-16T18:00:00,long,117133,118477,100,0.1,11713.3,100.0,134.4,124.29,10440.36,0.12,1344,1.15,0,0.0,1237.8,103975.2,1.24,1171.33,0.1,10,5.0,0.01,0,0.0,10.11,116749
21,SELL_A,ST_FLIP_GREEN,2025-07-16T18:00:00,2025-07-16T20:00:00,short,118477,118861,100,0.1,11847.7,100.0,-38.4,-48.51,-4074.84,-0.05,0,0.0,384,0.32,1189.29,99900.36,1.19,1184.77,0.1,10,5.0,0.01,0,0.0,10.11,118861
22,BUY_A,ST_FLIP_RED,2025-07-16T20:00:00,2025-07-17T04:00:00,long,119053,118861,100,0.1,11905.3,100.0,-19.2,-29.31,-2462.04,-0.03,0,0.0,192,0.16,1159.98,97438.32,1.16,1190.53,0.1,10,5.0,0.01,0,0.0,10.11,118669
23,SELL_A,ST_FLIP_GREEN,2025-07-17T04:00:00,2025-07-17T18:00:00,short,118861,118093,100,0.1,11886.1,100.0,76.8,66.69,5601.96,0.07,768,0.65,0,0.0,1226.67,103040.28,1.23,1188.61,0.1,10,5.0,0.01,0,0.0,10.11,119245
24,BUY_A,ST_FLIP_RED,2025-07-17T18:00:00,2025-07-18T00:00:00,long,118285,119053,100,0.1,11828.5,100.0,76.8,66.69,5601.96,0.07,768,0.65,0,0.0,1293.36,108642.24,1.29,1182.85,0.1,10,5.0,0.01,0,0.0,10.11,117901
25,SELL_A,ST_FLIP_GREEN,2025-07-18T00:00:00,2025-07-18T02:00:00,short,119053,119437,100,0.1,11905.3,100.0,-38.4,-48.51,-4074.84,-0.05,0,0.0,384,0.32,1244.85,104567.4,1.24,1190.53,0.1,10,5.0,0.01,0,0.0,10.11,119437
26,BUY_A,ST_FLIP_RED,2025-07-18T02:00:00,2025-07-18T04:00:00,long,119629,119629,100,0.1,11962.9,100.0,0.0,-10.11,-849.24,-0.01,0,0.0,0,0.0,1234.74,103718.16,1.23,1196.29,0.1,10,5.0,0.01,0,0.0,10.11,119245
27,SELL_A,ST_FLIP_GREEN,2025-07-18T04:00:00,2025-07-18T06:00:00,short,119629,120013,100,0.1,11962.9,100.0,-38.4,-48.51,-4074.84,-0.05,0,0.0,384,0.32,1186.23,99643.32,1.19,1196.29,0.1,10,5.0,0.01,0,0.0,10.11,120013
28,BUY_A,ST_FLIP_RED,2025-07-18T06:00:00,2025-07-18T12:00:00,long,120205,119821,100,0.1,12020.5,100.0,-38.4,-48.51,-4074.84,-0.05,0,0.0,384,0.32,1137.72,95568.48,1.14,1202.05,0.1,10,5.0,0.01,0,0.0,10.11,119821
29,SELL_B,ST_FLIP_GREEN,2025-07-18T12:00:00,2025-07-19T02:00:00,short,119821,117709,100,0.1,11982.1,100.0,211.2,201.09,16891.56,0.2,2112,1.76,0,0.0,1338.81,112460.04,1.34,1198.21,0.1,10,5.0,0.01,0,0.0,10.11,120205
30,BUY_A,ST_FLIP_RED,2025-07-19T02:00:00,2025-07-19T18:00:00,long,117709,117709,100,0.1,11770.9,100.0,0.0,-10.11,-849.24,-0.01,0,0.0,0,0.0,1328.7,111610.8,1.33,1177.09,0.1,10,5.0,0.01,0,0.0,10.11,117325
31,BUY_B,ST_FLIP_RED,2025-07-19T20:00:00,2025-07-20T02:00:00,long,118285,117517,100,0.1,11828.5,100.0,-76.8,-86.91,-7300.44,-0.09,0,0.0,768,0.65,1241.79,104310.36,1.24,1182.85,0.1,10,5.0,0.01,0,0.0,10.11,117901
32,SELL_A,ST_FLIP_GREEN,2025-07-20T02:00:00,2025-07-20T18:00:00,short,117517,118285,100,0.1,11751.7,100.0,-76.8,-86.91,-7300.44,-0.09,0,0.0,768,0.65,1154.88,97009.92,1.15,1175.17,0.1,10,5.0,0.01,0,0.0,10.11,117901
33,BUY_B,ST_FLIP_RED,2025-07-20T18:00:00,2025-07-21T00:00:00,long,118285,117901,100,0.1,11828.5,100.0,-38.4,-48.51,-4074.84,-0.05,0,0.0,384,0.32,1106.37,92935.08,1.11,1182.85,0.1,10,5.0,0.01,0,0.0,10.11,117901
34,SELL_A,ST_FLIP_GREEN,2025-07-21T02:00:00,2025-07-21T06:00:00,short,117709,117517,100,0.1,11770.9,100.0,19.2,9.09,763.56,0.01,192,0.16,0,0.0,1115.46,93698.64,1.12,1177.09,0.1,10,5.0,0.01,0,0.0,10.11,118093
35,BUY_A,ST_FLIP_RED,2025-07-21T06:00:00,2025-07-21T14:00:00,long,117517,118669,100,0.1,11751.7,100.0,115.2,105.09,8827.56,0.11,1152,0.98,0,0.0,1220.55,102526.2,1.22,1175.17,0.1,10,5.0,0.01,0,0.0,10.11,117133
36,SELL_A,ST_FLIP_GREEN,2025-07-21T14:00:00,2025-07-21T18:00:00,short,118669,119053,100,0.1,11866.9,100.0,-38.4,-48.51,-4074.84,-0.05,0,0.0,384,0.32,1172.04,98451.36,1.17,1186.69,0.1,10,5.0,0.01,0,0.0,10.11,119053
37,SELL_B,ST_FLIP_GREEN,2025-07-21T20:00:00,2025-07-22T06:00:00,short,118285,117709,100,0.1,11828.5,100.0,57.6,47.49,3989.16,0.05,576,0.49,0,0.0,1219.53,102440.52,1.22,1182.85,0.1,10,5.0,0.01,0,0.0,10.11,118669
38,BUY_A,ST_FLIP_RED,2025-07-22T06:00:00,2025-07-22T08:00:00,long,117709,117133,100,0.1,11770.9,100.0,-57.6,-67.71,-5687.64,-0.07,0,0.0,576,0.49,1151.82,96752.88,1.15,1177.09,0.1,10,5.0,0.01,0,0.0,10.11,117325
39,SELL_B,ST_FLIP_GREEN,2025-07-22T08:00:00,2025-07-22T10:00:00,short,117133,117325,100,0.1,11713.3,100.0,-19.2,-29.31,-2462.04,-0.03,0,0.0,192,0.16,1122.51,94290.84,1.12,1171.33,0.1,10,5.0,0.01,0,0.0,10.11,117517
40,BUY_A,ST_FLIP_RED,2025-07-22T10:00:00,2025-07-22T18:00:00,long,117325,118477,100,0.1,11732.5,100.0,115.2,105.09,8827.56,0.11,1152,0.98,0,0.0,1227.6,103118.4,1.23,1173.25,0.1,10,5.0,0.01,0,0.0,10.11,116941
41,SELL_A,ST_FLIP_GREEN,2025-07-22T18:00:00,2025-07-22T20:00:00,short,118477,118861,100,0.1,11847.7,100.0,-38.4,-48.51,-4074.84,-0.05,0,0.0,384,0.32,1179.09,99043.56,1.18,1184.77,0.1,10,5.0,0.01,0,0.0,10.11,118861
42,BUY_A,ST_FLIP_RED,2025-07-22T20:00:00,2025-07-23T06:00:00,long,119053,119245,100,0.1,11905.3,100.0,19.2,9.09,763.56,0.01,192,0.16,0,0.0,1188.18,99807.12,1.19,1190.53,0.1,10,5.0,0.01,0,0.0,10.11,118669
43,SELL_A,ST_FLIP_GREEN,2025-07-23T06:00:00,2025-07-24T02:00:00,short,119245,118477,100,0.1,11924.5,100.0,76.8,66.69,5601.96,0.07,768,0.64,0,0.0,1254.87,105409.08,1.25,1192.45,0.1,10,5.0,0.01,0,0.0,10.11,119629
44,BUY_A,ST_FLIP_RED,2025-07-24T02:00:00,2025-07-24T08:00:00,long,118669,118285,100,0.1,11866.9,100.0,-38.4,-48.51,-4074.84,-0.05,0,0.0,384,0.32,1206.36,101334.24,1.21,1186.69,0.1,10,5.0,0.01,0,0.0,10.11,118285
45,SELL_A,ST_FLIP_GREEN,2025-07-24T08:00:00,2025-07-24T12:00:00,short,118285,118477,100,0.1,11828.5,100.0,-19.2,-29.31,-2462.04,-0.03,0,0.0,192,0.16,1177.05,98872.2,1.18,1182.85,0.1,10,5.0,0.01,0,0.0,10.11,118669
46,BUY_A,ST_FLIP_RED,2025-07-24T12:00:00,2025-07-24T14:00:00,long,118477,118093,100,0.1,11847.7,100.0,-38.4,-48.51,-4074.84,-0.05,0,0.0,384,0.32,1128.54,94797.36,1.13,1184.77,0.1,10,5.0,0.01,0,0.0,10.11,118093
47,SELL_A,ST_FLIP_GREEN,2025-07-24T14:00:00,2025-07-24T22:00:00,short,118093,118861,100,0.1,11809.3,100.0,-76.8,-86.91,-7300.44,-0.09,0,0.0,768,0.65,1041.63,87496.92,1.04,1180.93,0.1,10,5.0,0.01,0,0.0,10.11,118477
48,BUY_B,ST_FLIP_RED,2025-07-24T22:00:00,2025-07-25T02:00:00,long,118861,118669,100,0.1,11886.1,100.0,-19.2,-29.31,-2462.04,-0.03,0,0.0,192,0.16,1012.32,85034.88,1.01,1188.61,0.1,10,5.0,0.01,0,0.0,10.11,118477
49,SELL_A,ST_FLIP_GREEN,2025-07-25T02:00:00,2025-07-25T14:00:00,short,118669,115981,100,0.1,11866.9,100.0,268.8,258.69,21729.96,0.26,2688,2.27,0,0.0,1271.01,106764.84,1.27,1186.69,0.1,10,5.0,0.01,0,0.0,10.11,119053
50,BUY_B,ST_FLIP_RED,2025-07-25T14:00:00,2025-07-25T18:00:00,long,115981,115597,100,0.1,11598.1,100.0,-38.4,-48.51,-4074.84,-0.05,0,0.0,384,0.33,1222.5,102690.0,1.22,1159.81,0.1,10,5.0,0.01,0,0.0,10.11,115597
51,BUY_B,ST_FLIP_RED,2025-07-25T22:00:00,2025-07-28T08:00:00,long,115981,119053,100,0.1,11598.1,100.0,307.2,297.09,24955.56,0.3,3072,2.65,0,0.0,1519.59,127645.56,1.52,1159.81,0.1,10,5.0,0.01,0,0.0,10.11,115597
52,SELL_B,ST_FLIP_GREEN,2025-07-28T08:00:00,2025-07-28T10:00:00,short,119053,119629,100,0.1,11905.3,100.0,-57.6,-67.71,-5687.64,-0.07,0,0.0,576,0.48,1451.88,121957.92,1.45,1190.53,0.1,10,5.0,0.01,0,0.0,10.11,119437
53,SELL_B,ST_FLIP_GREEN,2025-07-28T12:00:00,2025-07-29T02:00:00,short,118861,118093,100,0.1,11886.1,100.0,76.8,66.69,5601.96,0.07,768,0.65,0,0.0,1518.57,127559.88,1.52,1188.61,0.1,10,5.0,0.01,0,0.0,10.11,119245
54,BUY_A,ST_FLIP_RED,2025-07-29T02:00:00,2025-07-29T06:00:00,long,118285,117709,100,0.1,11828.5,100.0,-57.6,-67.71,-5687.64,-0.07,0,0.0,576,0.49,1450.86,121872.24,1.45,1182.85,0.1,10,5.0,0.01,0,0.0,10.11,117901
55,SELL_A,ST_FLIP_GREEN,2025-07-29T06:00:00,2025-07-29T08:00:00,short,117709,118477,100,0.1,11770.9,100.0,-76.8,-86.91,-7300.44,-0.09,0,0.0,768,0.65,1363.95,114571.8,1.36,1177.09,0.1,10,5.0,0.01,0,0.0,10.11,118093
56,BUY_B,ST_FLIP_RED,2025-07-29T08:00:00,2025-07-29T18:00:00,long,118477,118285,100,0.1,11847.7,100.0,-19.2,-29.31,-2462.04,-0.03,0,0.0,192,0.16,1334.64,112109.76,1.33,1184.77,0.1,10,5.0,0.01,0,0.0,10.11,118093
57,SELL_A,ST_FLIP_GREEN,2025-07-29T18:00:00,2025-07-30T06:00:00,short,118093,117901,100,0.1,11809.3,100.0,19.2,9.09,763.56,0.01,192,0.16,0,0.0,1343.73,112873.32,1.34,1180.93,0.1,10,5.0,0.01,0,0.0,10.11,118477
58,BUY_A,ST_FLIP_RED,2025-07-30T06:00:00,2025-07-30T16:00:00,long,117901,117709,100,0.1,11790.1,100.0,-19.2,-29.31,-2462.04,-0.03,0,0.0,192,0.16,1314.42,110411.28,1.31,1179.01,0.1,10,5.0,0.01,0,0.0,10.11,117517
59,SELL_A,ST_FLIP_GREEN,2025-07-30T16:00:00,2025-07-31T04:00:00,short,117517,117709,100,0.1,11751.7,100.0,-19.2,-29.31,-2462.04,-0.03,0,0.0,192,0.16,1285.11,107949.24,1.29,1175.17,0.1,10,5.0,0.01,0,0.0,10.11,117901
60,BUY_A,ST_FLIP_RED,2025-07-31T04:00:00,2025-07-31T18:00:00,long,117709,117901,100,0.1,11770.9,100.0,19.2,9.09,763.56,0.01,192,0.16,0,0.0,1294.2,108712.8,1.29,1177.09,0.1,10,5.0,0.01,0,0.0,10.11,117325
61,BUY_B,ST_FLIP_RED,2025-07-31T20:00:00,2025-07-31T22:00:00,long,118477,118093,100,0.1,11847.7,100.0,-38.4,-48.51,-4074.84,-0.05,0,0.0,384,0.32,1245.69,104637.96,1.25,1184.77,0.1,10,5.0,0.01,0,0.0,10.11,118093
62,SELL_A,ST_FLIP_GREEN,2025-07-31T22:00:00,2025-08-01T14:00:00,short,118093,115021,100,0.1,11809.3,100.0,307.2,297.09,24955.56,0.3,3072,2.6,0,0.0,1542.78,129593.52,1.54,1180.93,0.1,10,5.0,0.01,0,0.0,10.11,118477
63,BUY_B,ST_FLIP_RED,2025-08-01T14:00:00,2025-08-01T22:00:00,long,115021,115021,100,0.1,11502.1,100.0,0.0,-10.11,-849.24,-0.01,0,0.0,0,0.0,1532.67,128744.28,1.53,1150.21,0.1,10,5.0,0.01,0,0.0,10.11,114637
64,SELL_A,ST_FLIP_GREEN,2025-08-01T22:00:00,2025-08-02T08:00:00,short,114637,114061,100,0.1,11463.7,100.0,57.6,47.49,3989.16,0.05,576,0.5,0,0.0,1580.16,132733.44,1.58,1146.37,0.1,10,5.0,0.01,0,0.0,10.11,115021
65,BUY_A,ST_FLIP_RED,2025-08-02T08:00:00,2025-08-02T10:00:00,long,114061,113485,100,0.1,11406.1,100.0,-57.6,-67.71,-5687.64,-0.07,0,0.0,576,0.5,1512.45,127045.8,1.51,1140.61,0.1,10,5.0,0.01,0,0.0,10.11,113677
66,SELL_A,ST_FLIP_GREEN,2025-08-02T20:00:00,2025-08-03T06:00:00,short,113101,113101,100,0.1,11310.1,100.0,0.0,-10.11,-849.24,-0.01,0,0.0,0,0.0,1502.34,126196.56,1.5,1131.01,0.1,10,5.0,0.01,0,0.0,10.11,113485
67,BUY_B,ST_FLIP_RED,2025-08-03T06:00:00,2025-08-04T10:00:00,long,113101,114061,100,0.1,11310.1,100.0,96.0,85.89,7214.76,0.09,960,0.85,0,0.0,1588.23,133411.32,1.59,1131.01,0.1,10,5.0,0.01,0,0.0,10.11,112717
68,BUY_B,ST_FLIP_RED,2025-08-04T18:00:00,2025-08-04T20:00:00,long,114637,114829,100,0.1,11463.7,100.0,19.2,9.09,763.56,0.01,192,0.17,0,0.0,1597.32,134174.88,1.6,1146.37,0.1,10,5.0,0.01,0,0.0,10.11,114253
69,SELL_A,ST_FLIP_GREEN,2025-08-04T20:00:00,2025-08-04T22:00:00,short,114829,115405,100,0.1,11482.9,100.0,-57.6,-67.71,-5687.64,-0.07,0,0.0,576,0.5,1529.61,128487.24,1.53,1148.29,0.1,10,5.0,0.01,0,0.0,10.11,115213
70,BUY_A,ST_FLIP_RED,2025-08-04T22:00:00,2025-08-05T00:00:00,long,115405,114637,100,0.1,11540.5,100.0,-76.8,-86.91,-7300.44,-0.09,0,0.0,768,0.67,1442.7,121186.8,1.44,1154.05,0.1,10,5.0,0.01,0,0.0,10.11,115021
71,SELL_B,ST_FLIP_GREEN,2025-08-05T00:00:00,2025-08-05T14:00:00,short,114637,114829,100,0.1,11463.7,100.0,-19.2,-29.31,-2462.04,-0.03,0,0.0,192,0.17,1413.39,118724.76,1.41,1146.37,0.1,10,5.0,0.01,0,0.0,10.11,115021
72,BUY_A,ST_FLIP_RED,2025-08-05T14:00:00,2025-08-05T18:00:00,long,115021,114253,100,0.1,11502.1,100.0,-76.8,-86.91,-7300.44,-0.09,0,0.0,768,0.67,1326.48,111424.32,1.33,1150.21,0.1,10,5.0,0.01,0,0.0,10.11,114637
73,SELL_B,ST_FLIP_GREEN,2025-08-05T18:00:00,2025-08-06T00:00:00,short,114253,113869,100,0.1,11425.3,100.0,38.4,28.29,2376.36,0.03,384,0.34,0,0.0,1354.77,113800.68,1.35,1142.53,0.1,10,5.0,0.01,0,0.0,10.11,114637
74,BUY_A,ST_FLIP_RED,2025-08-06T00:00:00,2025-08-06T06:00:00,long,113869,113485,100,0.1,11386.9,100.0,-38.4,-48.51,-4074.84,-0.05,0,0.0,384,0.34,1306.26,109725.84,1.31,1138.69,0.1,10,5.0,0.01,0,0.0,10.11,113485
75,BUY_B,ST_FLIP_RED,2025-08-06T20:00:00,2025-08-07T06:00:00,long,114253,114637,100,0.1,11425.3,100.0,38.4,28.29,2376.36,0.03,384,0.34,0,0.0,1334.55,112102.2,1.33,1142.53,0.1,10,5.0,0.01,0,0.0,10.11,113869
76,BUY_B,ST_FLIP_RED,2025-08-07T12:00:00,2025-08-08T06:00:00,long,115213,116749,100,0.1,11521.3,100.0,153.6,143.49,12053.16,0.14,1536,1.33,0,0.0,1478.04,124155.36,1.48,1152.13,0.1,10,5.0,0.01,0,0.0,10.11,114829
77,SELL_B,ST_FLIP_GREEN,2025-08-08T06:00:00,2025-08-08T22:00:00,short,116749,116749,100,0.1,11674.9,100.0,0.0,-10.11,-849.24,-0.01,0,0.0,0,0.0,1467.93,123306.12,1.47,1167.49,0.1,10,5.0,0.01,0,0.0,10.11,117133
78,BUY_A,ST_FLIP_RED,2025-08-09T14:00:00,2025-08-09T16:00:00,long,117133,117133,100,0.1,11713.3,100.0,0.0,-10.11,-849.24,-0.01,0,0.0,0,0.0,1457.82,122456.88,1.46,1171.33,0.1,10,5.0,0.01,0,0.0,10.11,116749
79,SELL_A,ST_FLIP_GREEN,2025-08-09T16:00:00,2025-08-10T08:00:00,short,117133,117133,100,0.1,11713.3,100.0,0.0,-10.11,-849.24,-0.01,0,0.0,0,0.0,1447.71,121607.64,1.45,1171.33,0.1,10,5.0,0.01,0,0.0,10.11,117517
80,BUY_A,ST_FLIP_RED,2025-08-10T08:00:00,2025-08-10T10:00:00,long,117325,118093,100,0.1,11732.5,100.0,76.8,66.69,5601.96,0.07,768,0.65,0,0.0,1514.4,127209.6,1.51,1173.25,0.1,10,5.0,0.01,0,0.0,10.11,116941
81,SELL_A,ST_FLIP_GREEN,2025-08-10T10:00:00,2025-08-10T12:00:00,short,118093,118285,100,0.1,11809.3,100.0,-19.2,-29.31,-2462.04,-0.03,0,0.0,192,0.16,1485.09,124747.56,1.49,1180.93,0.1,10,5.0,0.01,0,0.0,10.11,118477
82,BUY_A,ST_FLIP_RED,2025-08-10T18:00:00,2025-08-11T00:00:00,long,118669,118093,100,0.1,11866.9,100.0,-57.6,-67.71,-5687.64,-0.07,0,0.0,576,0.49,1417.38,119059.92,1.42,1186.69,0.1,10,5.0,0.01,0,0.0,10.11,118285
83,SELL_B,ST_FLIP_GREEN,2025-08-11T00:00:00,2025-08-11T02:00:00,short,118093,118861,100,0.1,11809.3,100.0,-76.8,-86.91,-7300.44,-0.09,0,0.0,768,0.65,1330.47,111759.48,1.33,1180.93,0.1,10,5.0,0.01,0,0.0,10.11,118477
84,BUY_B,ST_FLIP_RED,2025-08-11T02:00:00,2025-08-11T14:00:00,long,118861,121357,100,0.1,11886.1,100.0,249.6,239.49,20117.16,0.24,2496,2.1,0,0.0,1569.96,131876.64,1.57,1188.61,0.1,10,5.0,0.01,0,0.0,10.11,118477
85,SELL_B,ST_FLIP_GREEN,2025-08-11T14:00:00,2025-08-11T20:00:00,short,121357,120589,100,0.1,12135.7,100.0,76.8,66.69,5601.96,0.07,768,0.63,0,0.0,1636.65,137478.6,1.64,1213.57,0.1,10,5.0,0.01,0,0.0,10.11,121741
86,SELL_B,ST_FLIP_GREEN,2025-08-11T22:00:00,2025-08-12T06:00:00,short,120013,119245,100,0.1,12001.3,100.0,76.8,66.69,5601.96,0.07,768,0.64,0,0.0,1703.34,143080.56,1.7,1200.13,0.1,10,5.0,0.01,0,0.0,10.11,120397
87,BUY_A,ST_FLIP_RED,2025-08-12T06:00:00,2025-08-12T12:00:00,long,119245,118669,100,0.1,11924.5,100.0,-57.6,-67.71,-5687.64,-0.07,0,0.0,576,0.48,1635.63,137392.92,1.64,1192.45,0.1,10,5.0,0.01,0,0.0,10.11,118861
88,SELL_A,ST_FLIP_GREEN,2025-08-12T16:00:00,2025-08-12T18:00:00,short,118477,119053,100,0.1,11847.7,100.0,-57.6,-67.71,-5687.64,-0.07,0,0.0,576,0.49,1567.92,131705.28,1.57,1184.77,0.1,10,5.0,0.01,0,0.0,10.11,118861
89,BUY_B,ST_FLIP_RED,2025-08-12T18:00:00,2025-08-13T06:00:00,long,119053,119245,100,0.1,11905.3,100.0,19.2,9.09,763.56,0.01,192,0.16,0,0.0,1577.01,132468.84,1.58,1190.53,0.1,10,5.0,0.01,0,0.0,10.11,118669
90,BUY_B,ST_FLIP_RED,2025-08-13T12:00:00,2025-08-14T06:00:00,long,119821,123661,100,0.1,11982.1,100.0,384.0,373.89,31406.76,0.37,3840,3.2,0,0.0,1950.9,163875.6,1.95,1198.21,0.1,10,5.0,0.01,0,0.0,10.11,119437
91,SELL_B,ST_FLIP_GREEN,2025-08-14T06:00:00,2025-08-15T00:00:00,short,123661,118285,100,0.1,12366.1,100.0,537.6,527.49,44309.16,0.53,5376,4.35,0,0.0,2478.39,208184.76,2.48,1236.61,0.1,10,5.0,0.01,0,0.0,10.11,124045
92,BUY_B,ST_FLIP_RED,2025-08-15T00:00:00,2025-08-15T16:00:00,long,118285,118477,100,0.1,11828.5,100.0,19.2,9.09,763.56,0.01,192,0.16,0,0.0,2487.48,208948.32,2.49,1182.85,0.1,10,5.0,0.01,0,0.0,10.11,117901
93,SELL_A,ST_FLIP_GREEN,2025-08-15T18:00:00,2025-08-16T06:00:00,short,117901,117709,100,0.1,11790.1,100.0,19.2,9.09,763.56,0.01,192,0.16,0,0.0,2496.57,209711.88,2.5,1179.01,0.1,10,5.0,0.01,0,0.0,10.11,118285
94,BUY_A,ST_FLIP_RED,2025-08-16T06:00:00,2025-08-16T14:00:00,long,117709,117133,100,0.1,11770.9,100.0,-57.6,-67.71,-5687.64,-0.07,0,0.0,576,0.49,2428.86,204024.24,2.43,1177.09,0.1,10,5.0,0.01,0,0.0,10.11,117325
95,BUY_B,ST_FLIP_RED,2025-08-16T18:00:00,2025-08-18T04:00:00,long,117901,117325,100,0.1,11790.1,100.0,-57.6,-67.71,-5687.64,-0.07,0,0.0,576,0.49,2361.15,198336.6,2.36,1179.01,0.1,10,5.0,0.01,0,0.0,10.11,117517
96,SELL_A,ST_FLIP_GREEN,2025-08-18T04:00:00,2025-08-18T20:00:00,short,117325,115597,100,0.1,11732.5,100.0,172.8,162.69,13665.96,0.16,1728,1.47,0,0.0,2523.84,212002.56,2.52,1173.25,0.1,10,5.0,0.01,0,0.0,10.11,117709
97,BUY_A,ST_FLIP_RED,2025-08-18T20:00:00,2025-08-19T04:00:00,long,115597,116173,100,0.1,11559.7,100.0,57.6,47.49,3989.16,0.05,576,0.5,0,0.0,2571.33,215991.72,2.57,1155.97,0.1,10,5.0,0.01,0,0.0,10.11,115213
98,SELL_A,ST_FLIP_GREEN,2025-08-19T04:00:00,2025-08-19T14:00:00,short,115981,115597,100,0.1,11598.1,100.0,38.4,28.29,2376.36,0.03,384,0.33,0,0.0,2599.62,218368.08,2.6,1159.81,0.1,10,5.0,0.01,0,0.0,10.11,116365
99,BUY_A,ST_FLIP_RED,2025-08-19T14:00:00,2025-08-19T18:00:00,long,115597,115021,100,0.1,11559.7,100.0,-57.6,-67.71,-5687.64,-0.07,0,0.0,576,0.5,2531.91,212680.44,2.53,1155.97,0.1,10,5.0,0.01,0,0.0,10.11,115213
100,SELL_A,ST_FLIP_GREEN,2025-08-19T18:00:00,2025-08-20T08:00:00,short,115021,113677,100,0.1,11502.1,100.0,134.4,124.29,10440.36,0.12,1344,1.17,0,0.0,2656.2,223120.8,2.66,1150.21,0.1,10,5.0,0.01,0,0.0,10.11,115405
101,BUY_B,ST_FLIP_RED,2025-08-20T08:00:00,2025-08-20T18:00:00,long,113677,113101,100,0.1,11367.7,100.0,-57.6,-67.71,-5687.64,-0.07,0,0.0,576,0.51,2588.49,217433.16,2.59,1136.77,0.1,10,5.0,0.01,0,0.0,10.11,113293
102,BUY_B,ST_FLIP_RED,2025-08-20T20:00:00,2025-08-20T22:00:00,long,113869,113677,100,0.1,11386.9,100.0,-19.2,-29.31,-2462.04,-0.03,0,0.0,192,0.17,2559.18,214971.12,2.56,1138.69,0.1,10,5.0,0.01,0,0.0,10.11,113485
103,SELL_A,ST_FLIP_GREEN,2025-08-20T22:00:00,2025-08-21T00:00:00,short,113293,113677,100,0.1,11329.3,100.0,-38.4,-48.51,-4074.84,-0.05,0,0.0,384,0.34,2510.67,210896.28,2.51,1132.93,0.1,10,5.0,0.01,0,0.0,10.11,113677
104,BUY_A,ST_FLIP_RED,2025-08-21T00:00:00,2025-08-21T10:00:00,long,113677,113677,100,0.1,11367.7,100.0,0.0,-10.11,-849.24,-0.01,0,0.0,0,0.0,2500.56,210047.04,2.5,1136.77,0.1,10,5.0,0.01,0,0.0,10.11,113293
105,SELL_A,ST_FLIP_GREEN,2025-08-21T10:00:00,2025-08-21T18:00:00,short,113485,113869,100,0.1,11348.5,100.0,-38.4,-48.51,-4074.84,-0.05,0,0.0,384,0.34,2452.05,205972.2,2.45,1134.85,0.1,10,5.0,0.01,0,0.0,10.11,113869
106,BUY_A,ST_FLIP_RED,2025-08-21T18:00:00,2025-08-21T20:00:00,long,113869,113101,100,0.1,11386.9,100.0,-76.8,-86.91,-7300.44,-0.09,0,0.0,768,0.67,2365.14,198671.76,2.37,1138.69,0.1,10,5.0,0.01,0,0.0,10.11,113485
107,SELL_B,ST_FLIP_GREEN,2025-08-21T20:00:00,2025-08-22T06:00:00,short,113101,113101,100,0.1,11310.1,100.0,0.0,-10.11,-849.24,-0.01,0,0.0,0,0.0,2355.03,197822.52,2.36,1131.01,0.1,10,5.0,0.01,0,0.0,10.11,113485
108,BUY_A,ST_FLIP_RED,2025-08-22T06:00:00,2025-08-22T08:00:00,long,113101,112909,100,0.1,11310.1,100.0,-19.2,-29.31,-2462.04,-0.03,0,0.0,192,0.17,2325.72,195360.48,2.33,1131.01,0.1,10,5.0,0.01,0,0.0,10.11,112717
109,SELL_A,ST_FLIP_GREEN,2025-08-22T14:00:00,2025-08-22T18:00:00,short,112717,112717,100,0.1,11271.7,100.0,0.0,-10.11,-849.24,-0.01,0,0.0,0,0.0,2315.61,194511.24,2.32,1127.17,0.1,10,5.0,0.01,0,0.0,10.11,113101
110,BUY_A,ST_FLIP_RED,2025-08-22T18:00:00,2025-08-23T06:00:00,long,112717,116365,100,0.1,11271.7,100.0,364.8,354.69,29793.96,0.35,3648,3.24,0,0.0,2670.3,224305.2,2.67,1127.17,0.1,10,5.0,0.01,0,0.0,10.11,112333
111,SELL_B,ST_FLIP_GREEN,2025-08-23T06:00:00,2025-08-24T06:00:00,short,116365,115597,100,0.1,11636.5,100.0,76.8,66.69,5601.96,0.07,768,0.66,0,0.0,2736.99,229907.16,2.74,1163.65,0.1,10,5.0,0.01,0,0.0,10.11,116749
112,SELL_B,ST_FLIP_GREEN,2025-08-24T10:00:00,2025-08-25T06:00:00,short,115021,113293,100,0.1,11502.1,100.0,172.8,162.69,13665.96,0.16,1728,1.5,0,0.0,2899.68,243573.12,2.9,1150.21,0.1,10,5.0,0.01,0,0.0,10.11,115405
113,BUY_B,ST_FLIP_RED,2025-08-25T06:00:00,2025-08-25T08:00:00,long,113293,112909,100,0.1,11329.3,100.0,-38.4,-48.51,-4074.84,-0.05,0,0.0,384,0.34,2851.17,239498.28,2.85,1132.93,0.1,10,5.0,0.01,0,0.0,10.11,112909
114,SELL_A,ST_FLIP_GREEN,2025-08-25T08:00:00,2025-08-25T18:00:00,short,112525,111949,100,0.1,11252.5,100.0,57.6,47.49,3989.16,0.05,576,0.51,0,0.0,2898.66,243487.44,2.9,1125.25,0.1,10,5.0,0.01,0,0.0,10.11,112909
115,BUY_B,ST_FLIP_RED,2025-08-25T18:00:00,2025-08-26T00:00:00,long,111949,111949,100,0.1,11194.9,100.0,0.0,-10.11,-849.24,-0.01,0,0.0,0,0.0,2888.55,242638.2,2.89,1119.49,0.1,10,5.0,0.01,0,0.0,10.11,111565
116,SELL_A,ST_FLIP_GREEN,2025-08-26T00:00:00,2025-08-26T08:00:00,short,111565,110221,100,0.1,11156.5,100.0,134.4,124.29,10440.36,0.12,1344,1.2,0,0.0,3012.84,253078.56,3.01,1115.65,0.1,10,5.0,0.01,0,0.0,10.11,111949
117,BUY_B,ST_FLIP_RED,2025-08-26T08:00:00,2025-08-26T16:00:00,long,110221,109645,100,0.1,11022.1,100.0,-57.6,-67.71,-5687.64,-0.07,0,0.0,576,0.52,2945.13,247390.92,2.95,1102.21,0.1,10,5.0,0.01,0,0.0,10.11,109837
118,BUY_B,ST_FLIP_RED,2025-08-26T22:00:00,2025-08-27T12:00:00,long,110413,110989,100,0.1,11041.3,100.0,57.6,47.49,3989.16,0.05,576,0.52,0,0.0,2992.62,251380.08,2.99,1104.13,0.1,10,5.0,0.01,0,0.0,10.11,110029
119,SELL_A,ST_FLIP_GREEN,2025-08-27T12:00:00,2025-08-27T14:00:00,short,110797,110989,100,0.1,11079.7,100.0,-19.2,-29.31,-2462.04,-0.03,0,0.0,192,0.17,2963.31,248918.04,2.96,1107.97,0.1,10,5.0,0.01,0,0.0,10.11,111181
120,BUY_A,ST_FLIP_RED,2025-08-27T14:00:00,2025-08-28T02:00:00,long,111181,111757,100,0.1,11118.1,100.0,57.6,47.49,3989.16,0.05,576,0.52,0,0.0,3010.8,252907.2,3.01,1111.81,0.1,10,5.0,0.01,0,0.0,10.11,110797
121,SELL_A,ST_FLIP_GREEN,2025-08-28T02:00:00,2025-08-28T06:00:00,short,111757,111757,100,0.1,11175.7,100.0,0.0,-10.11,-849.24,-0.01,0,0.0,0,0.0,3000.69,252057.96,3.0,1117.57,0.1,10,5.0,0.01,0,0.0,10.11,112141
122,BUY_A,ST_FLIP_RED,2025-08-28T08:00:00,2025-08-29T00:00:00,long,111949,112333,100,0.1,11194.9,100.0,38.4,28.29,2376.36,0.03,384,0.34,0,0.0,3028.98,254434.32,3.03,1119.49,0.1,10,5.0,0.01,0,0.0,10.11,111565
123,SELL_A,ST_FLIP_GREEN,2025-08-29T00:00:00,2025-08-29T02:00:00,short,112333,112525,100,0.1,11233.3,100.0,-19.2,-29.31,-2462.04,-0.03,0,0.0,192,0.17,2999.67,251972.28,3.0,1123.33,0.1,10,5.0,0.01,0,0.0,10.11,112717
124,SELL_B,ST_FLIP_GREEN,2025-08-29T06:00:00,2025-08-30T08:00:00,short,111949,108493,100,0.1,11194.9,100.0,345.6,335.49,28181.16,0.34,3456,3.09,0,0.0,3335.16,280153.44,3.34,1119.49,0.1,10,5.0,0.01,0,0.0,10.11,112333
125,BUY_B,ST_FLIP_RED,2025-08-30T08:00:00,2025-08-30T10:00:00,long,108493,108109,100,0.1,10849.3,100.0,-38.4,-48.51,-4074.84,-0.05,0,0.0,384,0.35,3286.65,276078.6,3.29,1084.93,0.1,10,5.0,0.01,0,0.0,10.11,108109
126,BUY_B,ST_FLIP_RED,2025-08-30T12:00:00,2025-08-31T08:00:00,long,108685,108685,100,0.1,10868.5,100.0,0.0,-10.11,-849.24,-0.01,0,0.0,0,0.0,3276.54,275229.36,3.28,1086.85,0.1,10,5.0,0.01,0,0.0,10.11,108301
127,SELL_A,ST_FLIP_GREEN,2025-08-31T14:00:00,2025-08-31T22:00:00,short,108493,109069,100,0.1,10849.3,100.0,-57.6,-67.71,-5687.64,-0.07,0,0.0,576,0.53,3208.83,269541.72,3.21,1084.93,0.1,10,5.0,0.01,0,0.0,10.11,108877
128,BUY_B,ST_FLIP_RED,2025-08-31T22:00:00,2025-09-01T04:00:00,long,109069,108301,100,0.1,10906.9,100.0,-76.8,-86.91,-7300.44,-0.09,0,0.0,768,0.7,3121.92,262241.28,3.12,1090.69,0.1,10,5.0,0.01,0,0.0,10.11,108685
129,SELL_B,ST_FLIP_GREEN,2025-09-01T04:00:00,2025-09-01T12:00:00,short,108301,108109,100,0.1,10830.1,100.0,19.2,9.09,763.56,0.01,192,0.18,0,0.0,3131.01,263004.84,3.13,1083.01,0.1,10,5.0,0.01,0,0.0,10.11,108685
130,BUY_A,ST_FLIP_RED,2025-09-01T12:00:00,2025-09-01T14:00:00,long,108109,108877,100,0.1,10810.9,100.0,76.8,66.69,5601.96,0.07,768,0.71,0,0.0,3197.7,268606.8,3.2,1081.09,0.1,10,5.0,0.01,0,0.0,10.11,107725
131,SELL_A,ST_FLIP_GREEN,2025-09-01T14:00:00,2025-09-01T22:00:00,short,108685,109261,100,0.1,10868.5,100.0,-57.6,-67.71,-5687.64,-0.07,0,0.0,576,0.53,3129.99,262919.16,3.13,1086.85,0.1,10,5.0,0.01,0,0.0,10.11,109069
132,BUY_A,ST_FLIP_RED,2025-09-01T22:00:00,2025-09-02T02:00:00,long,109261,108493,100,0.1,10926.1,100.0,-76.8,-86.91,-7300.44,-0.09,0,0.0,768,0.7,3043.08,255618.72,3.04,1092.61,0.1,10,5.0,0.01,0,0.0,10.11,108877
133,SELL_B,ST_FLIP_GREEN,2025-09-02T02:00:00,2025-09-02T04:00:00,short,108493,108493,100,0.1,10849.3,100.0,0.0,-10.11,-849.24,-0.01,0,0.0,0,0.0,3032.97,254769.48,3.03,1084.93,0.1,10,5.0,0.01,0,0.0,10.11,108877
134,BUY_A,ST_FLIP_RED,2025-09-02T04:00:00,2025-09-02T16:00:00,long,108685,109645,100,0.1,10868.5,100.0,96.0,85.89,7214.76,0.09,960,0.88,0,0.0,3118.86,261984.24,3.12,1086.85,0.1,10,5.0,0.01,0,0.0,10.11,108301
135,SELL_A,ST_FLIP_GREEN,2025-09-02T16:00:00,2025-09-02T18:00:00,short,109645,109837,100,0.1,10964.5,100.0,-19.2,-29.31,-2462.04,-0.03,0,0.0,192,0.18,3089.55,259522.2,3.09,1096.45,0.1,10,5.0,0.01,0,0.0,10.11,110029
136,BUY_A,ST_FLIP_RED,2025-09-02T18:00:00,2025-09-02T20:00:00,long,110029,110989,100,0.1,11002.9,100.0,96.0,85.89,7214.76,0.09,960,0.87,0,0.0,3175.44,266736.96,3.18,1100.29,0.1,10,5.0,0.01,0,0.0,10.11,109645
137,SELL_A,ST_FLIP_GREEN,2025-09-02T20:00:00,2025-09-03T00:00:00,short,110989,110989,100,0.1,11098.9,100.0,0.0,-10.11,-849.24,-0.01,0,0.0,0,0.0,3165.33,265887.72,3.17,1109.89,0.1,10,5.0,0.01,0,0.0,10.11,111373
138,BUY_A,ST_FLIP_RED,2025-09-03T00:00:00,2025-09-03T08:00:00,long,111373,110989,100,0.1,11137.3,100.0,-38.4,-48.51,-4074.84,-0.05,0,0.0,384,0.34,3116.82,261812.88,3.12,1113.73,0.1,10,5.0,0.01,0,0.0,10.11,110989
139,SELL_A,ST_FLIP_GREEN,2025-09-03T08:00:00,2025-09-03T14:00:00,short,110989,111373,100,0.1,11098.9,100.0,-38.4,-48.51,-4074.84,-0.05,0,0.0,384,0.35,3068.31,257738.04,3.07,1109.89,0.1,10,5.0,0.01,0,0.0,10.11,111373
140,BUY_A,ST_FLIP_RED,2025-09-03T14:00:00,2025-09-04T06:00:00,long,111565,111373,100,0.1,11156.5,100.0,-19.2,-29.31,-2462.04,-0.03,0,0.0,192,0.17,3039.0,255276.0,3.04,1115.65,0.1,10,5.0,0.01,0,0.0,10.11,111181
141,SELL_A,ST_FLIP_GREEN,2025-09-04T06:00:00,2025-09-04T22:00:00,short,111373,110029,100,0.1,11137.3,100.0,134.4,124.29,10440.36,0.12,1344,1.21,0,0.0,3163.29,265716.36,3.16,1113.73,0.1,10,5.0,0.01,0,0.0,10.11,111757
142,BUY_A,ST_FLIP_RED,2025-09-04T22:00:00,2025-09-05T18:00:00,long,110029,111949,100,0.1,11002.9,100.0,192.0,181.89,15278.76,0.18,1920,1.74,0,0.0,3345.18,280995.12,3.35,1100.29,0.1,10,5.0,0.01,0,0.0,10.11,109645
143,SELL_A,ST_FLIP_GREEN,2025-09-05T18:00:00,2025-09-06T00:00:00,short,111949,111373,100,0.1,11194.9,100.0,57.6,47.49,3989.16,0.05,576,0.51,0,0.0,3392.67,284984.28,3.39,1119.49,0.1,10,5.0,0.01,0,0.0,10.11,112333
144,SELL_B,ST_FLIP_GREEN,2025-09-06T02:00:00,2025-09-07T12:00:00,short,110797,110797,100,0.1,11079.7,100.0,0.0,-10.11,-849.24,-0.01,0,0.0,0,0.0,3382.56,284135.04,3.38,1107.97,0.1,10,5.0,0.01,0,0.0,10.11,111181
145,BUY_A,ST_FLIP_RED,2025-09-07T12:00:00,2025-09-07T22:00:00,long,110797,110797,100,0.1,11079.7,100.0,0.0,-10.11,-849.24,-0.01,0,0.0,0,0.0,3372.45,283285.8,3.37,1107.97,0.1,10,5.0,0.01,0,0.0,10.11,110413
146,BUY_B,ST_FLIP_RED,2025-09-08T02:00:00,2025-09-09T00:00:00,long,111373,111949,100,0.1,11137.3,100.0,57.6,47.49,3989.16,0.05,576,0.52,0,0.0,3419.94,287274.96,3.42,1113.73,0.1,10,5.0,0.01,0,0.0,10.11,110989
147,SELL_A,ST_FLIP_GREEN,2025-09-09T00:00:00,2025-09-09T08:00:00,short,111949,111949,100,0.1,11194.9,100.0,0.0,-10.11,-849.24,-0.01,0,0.0,0,0.0,3409.83,286425.72,3.41,1119.49,0.1,10,5.0,0.01,0,0.0,10.11,112333
148,BUY_A,ST_FLIP_RED,2025-09-09T10:00:00,2025-09-09T18:00:00,long,112141,112333,100,0.1,11214.1,100.0,19.2,9.09,763.56,0.01,192,0.17,0,0.0,3418.92,287189.28,3.42,1121.41,0.1,10,5.0,0.01,0,0.0,10.11,111757
149,SELL_A,ST_FLIP_GREEN,2025-09-09T18:00:00,2025-09-10T02:00:00,short,112333,111565,100,0.1,11233.3,100.0,76.8,66.69,5601.96,0.07,768,0.68,0,0.0,3485.61,292791.24,3.49,1123.33,0.1,10,5.0,0.01,0,0.0,10.11,112717
150,SELL_B,ST_FLIP_GREEN,2025-09-10T04:00:00,2025-09-10T12:00:00,short,110989,111757,100,0.1,11098.9,100.0,-76.8,-86.91,-7300.44,-0.09,0,0.0,768,0.69,3398.7,285490.8,3.4,1109.89,0.1,10,5.0,0.01,0,0.0,10.11,111373
151,BUY_B,ST_FLIP_RED,2025-09-10T12:00:00,2025-09-10T22:00:00,long,111757,113293,100,0.1,11175.7,100.0,153.6,143.49,12053.16,0.14,1536,1.37,0,0.0,3542.19,297543.96,3.54,1117.57,0.1,10,5.0,0.01,0,0.0,10.11,111373
152,SELL_A,ST_FLIP_GREEN,2025-09-10T22:00:00,2025-09-11T00:00:00,short,113293,113869,100,0.1,11329.3,100.0,-57.6,-67.71,-5687.64,-0.07,0,0.0,576,0.51,3474.48,291856.32,3.47,1132.93,0.1,10,5.0,0.01,0,0.0,10.11,113677
153,BUY_A,ST_FLIP_RED,2025-09-11T08:00:00,2025-09-12T12:00:00,long,114061,115021,100,0.1,11406.1,100.0,96.0,85.89,7214.76,0.09,960,0.84,0,0.0,3560.37,299071.08,3.56,1140.61,0.1,10,5.0,0.01,0,0.0,10.11,113677
154,SELL_B,ST_FLIP_GREEN,2025-09-12T12:00:00,2025-09-12T22:00:00,short,115021,115597,100,0.1,11502.1,100.0,-57.6,-67.71,-5687.64,-0.07,0,0.0,576,0.5,3492.66,293383.44,3.49,1150.21,0.1,10,5.0,0.01,0,0.0,10.11,115405
155,BUY_A,ST_FLIP_RED,2025-09-12T22:00:00,2025-09-13T08:00:00,long,115981,115597,100,0.1,11598.1,100.0,-38.4,-48.51,-4074.84,-0.05,0,0.0,384,0.33,3444.15,289308.6,3.44,1159.81,0.1,10,5.0,0.01,0,0.0,10.11,115597
156,SELL_B,ST_FLIP_GREEN,2025-09-13T08:00:00,2025-09-15T08:00:00,short,115597,115789,100,0.1,11559.7,100.0,-19.2,-29.31,-2462.04,-0.03,0,0.0,192,0.17,3414.84,286846.56,3.41,1155.97,0.1,10,5.0,0.01,0,0.0,10.11,115981
157,BUY_A,ST_FLIP_RED,2025-09-15T10:00:00,2025-09-15T12:00:00,long,116173,115789,100,0.1,11617.3,100.0,-38.4,-48.51,-4074.84,-0.05,0,0.0,384,0.33,3366.33,282771.72,3.37,1161.73,0.1,10,5.0,0.01,0,0.0,10.11,115789
158,SELL_B,ST_FLIP_GREEN,2025-09-15T12:00:00,2025-09-16T00:00:00,short,115789,115405,100,0.1,11578.9,100.0,38.4,28.29,2376.36,0.03,384,0.33,0,0.0,3394.62,285148.08,3.39,1157.89,0.1,10,5.0,0.01,0,0.0,10.11,116173
159,SELL_B,ST_FLIP_GREEN,2025-09-16T04:00:00,2025-09-16T10:00:00,short,114829,115597,100,0.1,11482.9,100.0,-76.8,-86.91,-7300.44,-0.09,0,0.0,768,0.67,3307.71,277847.64,3.31,1148.29,0.1,10,5.0,0.01,0,0.0,10.11,115213
160,BUY_B,ST_FLIP_RED,2025-09-16T10:00:00,2025-09-16T18:00:00,long,115597,114829,100,0.1,11559.7,100.0,-76.8,-86.91,-7300.44,-0.09,0,0.0,768,0.66,3220.8,270547.2,3.22,1155.97,0.1,10,5.0,0.01,0,0.0,10.11,115213
161,SELL_B,ST_FLIP_GREEN,2025-09-16T18:00:00,2025-09-16T20:00:00,short,114829,115597,100,0.1,11482.9,100.0,-76.8,-86.91,-7300.44,-0.09,0,0.0,768,0.67,3133.89,263246.76,3.13,1148.29,0.1,10,5.0,0.01,0,0.0,10.11,115213
162,BUY_B,ST_FLIP_RED,2025-09-16T20:00:00,2025-09-17T08:00:00,long,115597,116173,100,0.1,11559.7,100.0,57.6,47.49,3989.16,0.05,576,0.5,0,0.0,3181.38,267235.92,3.18,1155.97,0.1,10,5.0,0.01,0,0.0,10.11,115213
163,SELL_A,ST_FLIP_GREEN,2025-09-17T08:00:00,2025-09-17T10:00:00,short,116173,116749,100,0.1,11617.3,100.0,-57.6,-67.71,-5687.64,-0.07,0,0.0,576,0.5,3113.67,261548.28,3.11,1161.73,0.1,10,5.0,0.01,0,0.0,10.11,116557
164,BUY_A,ST_FLIP_RED,2025-09-17T10:00:00,2025-09-17T14:00:00,long,116749,116557,100,0.1,11674.9,100.0,-19.2,-29.31,-2462.04,-0.03,0,0.0,192,0.16,3084.36,259086.24,3.08,1167.49,0.1,10,5.0,0.01,0,0.0,10.11,116365
165,SELL_B,ST_FLIP_GREEN,2025-09-17T14:00:00,2025-09-18T02:00:00,short,116557,116365,100,0.1,11655.7,100.0,19.2,9.09,763.56,0.01,192,0.16,0,0.0,3093.45,259849.8,3.09,1165.57,0.1,10,5.0,0.01,0,0.0,10.11,116941
166,BUY_A,ST_FLIP_RED,2025-09-18T08:00:00,2025-09-18T10:00:00,long,116557,116749,100,0.1,11655.7,100.0,19.2,9.09,763.56,0.01,192,0.16,0,0.0,3102.54,260613.36,3.1,1165.57,0.1,10,5.0,0.01,0,0.0,10.11,116173
167,SELL_A,ST_FLIP_GREEN,2025-09-18T10:00:00,2025-09-18T12:00:00,short,116749,117325,100,0.1,11674.9,100.0,-57.6,-67.71,-5687.64,-0.07,0,0.0,576,0.49,3034.83,254925.72,3.03,1167.49,0.1,10,5.0,0.01,0,0.0,10.11,117133
168,BUY_B,ST_FLIP_RED,2025-09-18T12:00:00,2025-09-19T02:00:00,long,117325,117133,100,0.1,11732.5,100.0,-19.2,-29.31,-2462.04,-0.03,0,0.0,192,0.16,3005.52,252463.68,3.01,1173.25,0.1,10,5.0,0.01,0,0.0,10.11,116941
169,SELL_A,ST_FLIP_GREEN,2025-09-19T02:00:00,2025-09-20T18:00:00,short,117133,115981,100,0.1,11713.3,100.0,115.2,105.09,8827.56,0.11,1152,0.98,0,0.0,3110.61,261291.24,3.11,1171.33,0.1,10,5.0,0.01,0,0.0,10.11,117517
170,BUY_A,ST_FLIP_RED,2025-09-20T18:00:00,2025-09-21T04:00:00,long,115981,115405,100,0.1,11598.1,100.0,-57.6,-67.71,-5687.64,-0.07,0,0.0,576,0.5,3042.9,255603.6,3.04,1159.81,0.1,10,5.0,0.01,0,0.0,10.11,115597
171,SELL_A,ST_FLIP_GREEN,2025-09-21T04:00:00,2025-09-22T18:00:00,short,115405,113101,100,0.1,11540.5,100.0,230.4,220.29,18504.36,0.22,2304,2.0,0,0.0,3263.19,274107.96,3.26,1154.05,0.1,10,5.0,0.01,0,0.0,10.11,115789
172,BUY_B,ST_FLIP_RED,2025-09-22T18:00:00,2025-09-22T20:00:00,long,113101,112909,100,0.1,11310.1,100.0,-19.2,-29.31,-2462.04,-0.03,0,0.0,192,0.17,3233.88,271645.92,3.23,1131.01,0.1,10,5.0,0.01,0,0.0,10.11,112717
173,SELL_A,ST_FLIP_GREEN,2025-09-23T00:00:00,2025-09-23T10:00:00,short,112333,112717,100,0.1,11233.3,100.0,-38.4,-48.51,-4074.84,-0.05,0,0.0,384,0.34,3185.37,267571.08,3.19,1123.33,0.1,10,5.0,0.01,0,0.0,10.11,112717
174,BUY_B,ST_FLIP_RED,2025-09-23T10:00:00,2025-09-23T22:00:00,long,112717,112333,100,0.1,11271.7,100.0,-38.4,-48.51,-4074.84,-0.05,0,0.0,384,0.34,3136.86,263496.24,3.14,1127.17,0.1,10,5.0,0.01,0,0.0,10.11,112333
175,SELL_A,ST_FLIP_GREEN,2025-09-23T22:00:00,2025-09-24T04:00:00,short,111949,112333,100,0.1,11194.9,100.0,-38.4,-48.51,-4074.84,-0.05,0,0.0,384,0.34,3088.35,259421.4,3.09,1119.49,0.1,10,5.0,0.01,0,0.0,10.11,112333
176,BUY_B,ST_FLIP_RED,2025-09-24T04:00:00,2025-09-25T04:00:00,long,112333,112909,100,0.1,11233.3,100.0,57.6,47.49,3989.16,0.05,576,0.51,0,0.0,3135.84,263410.56,3.14,1123.33,0.1,10,5.0,0.01,0,0.0,10.11,111949
177,SELL_A,ST_FLIP_GREEN,2025-09-25T06:00:00,2025-09-26T20:00:00,short,112717,109645,100,0.1,11271.7,100.0,307.2,297.09,24955.56,0.3,3072,2.73,0,0.0,3432.93,288366.12,3.43,1127.17,0.1,10,5.0,0.01,0,0.0,10.11,113101
178,BUY_B,ST_FLIP_RED,2025-09-26T20:00:00,2025-09-27T00:00:00,long,109645,109453,100,0.1,10964.5,100.0,-19.2,-29.31,-2462.04,-0.03,0,0.0,192,0.18,3403.62,285904.08,3.4,1096.45,0.1,10,5.0,0.01,0,0.0,10.11,109261
179,BUY_B,ST_FLIP_RED,2025-09-27T02:00:00,2025-09-29T10:00:00,long,109645,111565,100,0.1,10964.5,100.0,192.0,181.89,15278.76,0.18,1920,1.75,0,0.0,3585.51,301182.84,3.59,1096.45,0.1,10,5.0,0.01,0,0.0,10.11,109261
180,SELL_A,ST_FLIP_GREEN,2025-09-29T10:00:00,2025-09-29T12:00:00,short,111565,112141,100,0.1,11156.5,100.0,-57.6,-67.71,-5687.64,-0.07,0,0.0,576,0.52,3517.8,295495.2,3.52,1115.65,0.1,10,5.0,0.01,0,0.0,10.11,111949
181,BUY_A,ST_FLIP_RED,2025-09-29T18:00:00,2025-09-30T12:00:00,long,112525,113677,100,0.1,11252.5,100.0,115.2,105.09,8827.56,0.11,1152,1.02,0,0.0,3622.89,304322.76,3.62,1125.25,0.1,10,5.0,0.01,0,0.0,10.11,112141
182,SELL_B,ST_FLIP_GREEN,2025-09-30T12:00:00,2025-09-30T22:00:00,short,113677,113485,100,0.1,11367.7,100.0,19.2,9.09,763.56,0.01,192,0.17,0,0.0,3631.98,305086.32,3.63,1136.77,0.1,10,5.0,0.01,0,0.0,10.11,114061
183,BUY_A,ST_FLIP_RED,2025-10-01T00:00:00,2025-10-01T22:00:00,long,113869,117133,100,0.1,11386.9,100.0,326.4,316.29,26568.36,0.32,3264,2.87,0,0.0,3948.27,331654.68,3.95,1138.69,0.1,10,5.0,0.01,0,0.0,10.11,113485
184,SELL_B,ST_FLIP_GREEN,2025-10-01T22:00:00,2025-10-02T00:00:00,short,117133,117517,100,0.1,11713.3,100.0,-38.4,-48.51,-4074.84,-0.05,0,0.0,384,0.33,3899.76,327579.84,3.9,1171.33,0.1,10,5.0,0.01,0,0.0,10.11,117517
185,BUY_A,ST_FLIP_RED,2025-10-02T04:00:00,2025-10-02T10:00:00,long,118093,118285,100,0.1,11809.3,100.0,19.2,9.09,763.56,0.01,192,0.16,0,0.0,3908.85,328343.4,3.91,1180.93,0.1,10,5.0,0.01,0,0.0,10.11,117709
186,SELL_B,ST_FLIP_GREEN,2025-10-02T10:00:00,2025-10-02T16:00:00,short,118285,118861,100,0.1,11828.5,100.0,-57.6,-67.71,-5687.64,-0.07,0,0.0,576,0.49,3841.14,322655.76,3.84,1182.85,0.1,10,5.0,0.01,0,0.0,10.11,118669
187,BUY_A,ST_FLIP_RED,2025-10-02T16:00:00,2025-10-03T06:00:00,long,119245,119821,100,0.1,11924.5,100.0,57.6,47.49,3989.16,0.05,576,0.48,0,0.0,3888.63,326644.92,3.89,1192.45,0.1,10,5.0,0.01,0,0.0,10.11,118861
188,SELL_B,ST_FLIP_GREEN,2025-10-03T06:00:00,2025-10-03T14:00:00,short,119821,120397,100,0.1,11982.1,100.0,-57.6,-67.71,-5687.64,-0.07,0,0.0,576,0.48,3820.92,320957.28,3.82,1198.21,0.1,10,5.0,0.01,0,0.0,10.11,120205
189,SELL_B,ST_FLIP_GREEN,2025-10-03T16:00:00,2025-10-03T20:00:00,short,120013,120781,100,0.1,12001.3,100.0,-76.8,-86.91,-7300.44,-0.09,0,0.0,768,0.64,3734.01,313656.84,3.73,1200.13,0.1,10,5.0,0.01,0,0.0,10.11,120397
190,BUY_A,ST_FLIP_RED,2025-10-03T20:00:00,2025-10-03T22:00:00,long,120973,122893,100,0.1,12097.3,100.0,192.0,181.89,15278.76,0.18,1920,1.59,0,0.0,3915.9,328935.6,3.92,1209.73,0.1,10,5.0,0.01,0,0.0,10.11,120589
191,SELL_B,ST_FLIP_GREEN,2025-10-03T22:00:00,2025-10-04T10:00:00,short,122893,122509,100,0.1,12289.3,100.0,38.4,28.29,2376.36,0.03,384,0.31,0,0.0,3944.19,331311.96,3.94,1228.93,0.1,10,5.0,0.01,0,0.0,10.11,123277
192,SELL_B,ST_FLIP_GREEN,2025-10-04T16:00:00,2025-10-05T02:00:00,short,121933,122317,100,0.1,12193.3,100.0,-38.4,-48.51,-4074.84,-0.05,0,0.0,384,0.31,3895.68,327237.12,3.9,1219.33,0.1,10,5.0,0.01,0,0.0,10.11,122317
193,BUY_A,ST_FLIP_RED,2025-10-05T06:00:00,2025-10-05T14:00:00,long,122509,124237,100,0.1,12250.9,100.0,172.8,162.69,13665.96,0.16,1728,1.41,0,0.0,4058.37,340903.08,4.06,1225.09,0.1,10,5.0,0.01,0,0.0,10.11,122125
194,SELL_A,ST_FLIP_GREEN,2025-10-05T14:00:00,2025-10-06T02:00:00,short,124237,123277,100,0.1,12423.7,100.0,96.0,85.89,7214.76,0.09,960,0.77,0,0.0,4144.26,348117.84,4.14,1242.37,0.1,10,5.0,0.01,0,0.0,10.11,124621
195,BUY_A,ST_FLIP_RED,2025-10-06T04:00:00,2025-10-07T06:00:00,long,123469,124429,100,0.1,12346.9,100.0,96.0,85.89,7214.76,0.09,960,0.78,0,0.0,4230.15,355332.6,4.23,1234.69,0.1,10,5.0,0.01,0,0.0,10.11,123085
196,SELL_A,ST_FLIP_GREEN,2025-10-07T06:00:00,2025-10-07T14:00:00,short,124429,124237,100,0.1,12442.9,100.0,19.2,9.09,763.56,0.01,192,0.15,0,0.0,4239.24,356096.16,4.24,1244.29,0.1,10,5.0,0.01,0,0.0,10.11,124813
197,SELL_B,ST_FLIP_GREEN,2025-10-07T18:00:00,2025-10-08T00:00:00,short,123661,121357,100,0.1,12366.1,100.0,230.4,220.29,18504.36,0.22,2304,1.86,0,0.0,4459.53,374600.52,4.46,1236.61,0.1,10,5.0,0.01,0,0.0,10.11,124045
198,BUY_B,ST_FLIP_RED,2025-10-08T00:00:00,2025-10-08T02:00:00,long,121357,121741,100,0.1,12135.7,100.0,38.4,28.29,2376.36,0.03,384,0.32,0,0.0,4487.82,376976.88,4.49,1213.57,0.1,10,5.0,0.01,0,0.0,10.11,120973
199,BUY_B,ST_FLIP_RED,2025-10-08T06:00:00,2025-10-08T08:00:00,long,122317,121549,100,0.1,12231.7,100.0,-76.8,-86.91,-7300.44,-0.09,0,0.0,768,0.63,4400.91,369676.44,4.4,1223.17,0.1,10,5.0,0.01,0,0.0,10.11,121933
200,SELL_A,ST_FLIP_GREEN,2025-10-08T08:00:00,2025-10-08T12:00:00,short,121549,121933,100,0.1,12154.9,100.0,-38.4,-48.51,-4074.84,-0.05,0,0.0,384,0.32,4352.4,365601.6,4.35,1215.49,0.1,10,5.0,0.01,0,0.0,10.11,121933
201,BUY_A,ST_FLIP_RED,2025-10-08T12:00:00,2025-10-09T04:00:00,long,121933,122893,100,0.1,12193.3,100.0,96.0,85.89,7214.76,0.09,960,0.79,0,0.0,4438.29,372816.36,4.44,1219.33,0.1,10,5.0,0.01,0,0.0,10.11,121549
202,SELL_A,ST_FLIP_GREEN,2025-10-09T04:00:00,2025-10-09T14:00:00,short,122893,121741,100,0.1,12289.3,100.0,115.2,105.09,8827.56,0.11,1152,0.94,0,0.0,4543.38,381643.92,4.54,1228.93,0.1,10,5.0,0.01,0,0.0,10.11,123277
203,BUY_A,ST_FLIP_RED,2025-10-09T14:00:00,2025-10-09T18:00:00,long,121741,122317,100,0.1,12174.1,100.0,57.6,47.49,3989.16,0.05,576,0.47,0,0.0,4590.87,385633.08,4.59,1217.41,0.1,10,5.0,0.01,0,0.0,10.11,121357
204,SELL_A,ST_FLIP_GREEN,2025-10-09T18:00:00,2025-10-10T02:00:00,short,122125,121357,100,0.1,12212.5,100.0,76.8,66.69,5601.96,0.07,768,0.63,0,0.0,4657.56,391235.04,4.66,1221.25,0.1,10,5.0,0.01,0,0.0,10.11,122509
205,BUY_A,ST_FLIP_RED,2025-10-10T02:00:00,2025-10-10T06:00:00,long,121357,121165,100,0.1,12135.7,100.0,-19.2,-29.31,-2462.04,-0.03,0,0.0,192,0.16,4628.25,388773.0,4.63,1213.57,0.1,10,5.0,0.01,0,0.0,10.11,120973
206,SELL_A,ST_FLIP_GREEN,2025-10-10T20:00:00,2025-10-11T14:00:00,short,120973,111565,100,0.1,12097.3,100.0,940.8,930.69,78177.96,0.93,9408,7.78,0,0.0,5558.94,466950.96,5.56,1209.73,0.1,10,5.0,0.01,0,0.0,10.11,121357
207,BUY_B,ST_FLIP_RED,2025-10-11T14:00:00,2025-10-11T20:00:00,long,111565,111757,100,0.1,11156.5,100.0,19.2,9.09,763.56,0.01,192,0.17,0,0.0,5568.03,467714.52,5.57,1115.65,0.1,10,5.0,0.01,0,0.0,10.11,111181
208,SELL_A,ST_FLIP_GREEN,2025-10-12T00:00:00,2025-10-12T06:00:00,short,111181,110605,100,0.1,11118.1,100.0,57.6,47.49,3989.16,0.05,576,0.52,0,0.0,5615.52,471703.68,5.62,1111.81,0.1,10,5.0,0.01,0,0.0,10.11,111565
209,BUY_A,ST_FLIP_RED,2025-10-12T06:00:00,2025-10-13T08:00:00,long,110605,114445,100,0.1,11060.5,100.0,384.0,373.89,31406.76,0.37,3840,3.47,0,0.0,5989.41,503110.44,5.99,1106.05,0.1,10,5.0,0.01,0,0.0,10.11,110221
210,SELL_B,ST_FLIP_GREEN,2025-10-13T08:00:00,2025-10-13T10:00:00,short,114445,115021,100,0.1,11444.5,100.0,-57.6,-67.71,-5687.64,-0.07,0,0.0,576,0.5,5921.7,497422.8,5.92,1144.45,0.1,10,5.0,0.01,0,0.0,10.11,114829
211,SELL_B,ST_FLIP_GREEN,2025-10-13T16:00:00,2025-10-13T22:00:00,short,114637,114829,100,0.1,11463.7,100.0,-19.2,-29.31,-2462.04,-0.03,0,0.0,192,0.17,5892.39,494960.76,5.89,1146.37,0.1,10,5.0,0.01,0,0.0,10.11,115021
212,BUY_A,ST_FLIP_RED,2025-10-13T22:00:00,2025-10-14T06:00:00,long,115213,114829,100,0.1,11521.3,100.0,-38.4,-48.51,-4074.84,-0.05,0,0.0,384,0.33,5843.88,490885.92,5.84,1152.13,0.1,10,5.0,0.01,0,0.0,10.11,114829
213,SELL_B,ST_FLIP_GREEN,2025-10-14T06:00:00,2025-10-14T16:00:00,short,114829,110989,100,0.1,11482.9,100.0,384.0,373.89,31406.76,0.37,3840,3.34,0,0.0,6217.77,522292.68,6.22,1148.29,0.1,10,5.0,0.01,0,0.0,10.11,115213
214,BUY_B,ST_FLIP_RED,2025-10-14T16:00:00,2025-10-15T08:00:00,long,110989,112909,100,0.1,11098.9,100.0,192.0,181.89,15278.76,0.18,1920,1.73,0,0.0,6399.66,537571.44,6.4,1109.89,0.1,10,5.0,0.01,0,0.0,10.11,110605
215,SELL_A,ST_FLIP_GREEN,2025-10-15T08:00:00,2025-10-15T12:00:00,short,112909,112525,100,0.1,11290.9,100.0,38.4,28.29,2376.36,0.03,384,0.34,0,0.0,6427.95,539947.8,6.43,1129.09,0.1,10,5.0,0.01,0,0.0,10.11,113293
216,BUY_A,ST_FLIP_RED,2025-10-15T12:00:00,2025-10-15T14:00:00,long,112717,112525,100,0.1,11271.7,100.0,-19.2,-29.31,-2462.04,-0.03,0,0.0,192,0.17,6398.64,537485.76,6.4,1127.17,0.1,10,5.0,0.01,0,0.0,10.11,112333
217,SELL_A,ST_FLIP_GREEN,2025-10-15T14:00:00,2025-10-16T06:00:00,short,112525,111373,100,0.1,11252.5,100.0,115.2,105.09,8827.56,0.11,1152,1.02,0,0.0,6503.73,546313.32,6.5,1125.25,0.1,10,5.0,0.01,0,0.0,10.11,112909
218,BUY_A,ST_FLIP_RED,2025-10-16T06:00:00,2025-10-16T12:00:00,long,111373,110797,100,0.1,11137.3,100.0,-57.6,-67.71,-5687.64,-0.07,0,0.0,576,0.52,6436.02,540625.68,6.44,1113.73,0.1,10,5.0,0.01,0,0.0,10.11,110989
219,SELL_A,ST_FLIP_GREEN,2025-10-16T12:00:00,2025-10-16T14:00:00,short,110605,110989,100,0.1,11060.5,100.0,-38.4,-48.51,-4074.84,-0.05,0,0.0,384,0.35,6387.51,536550.84,6.39,1106.05,0.1,10,5.0,0.01,0,0.0,10.11,110989
220,BUY_B,ST_FLIP_RED,2025-10-16T14:00:00,2025-10-16T18:00:00,long,110989,110797,100,0.1,11098.9,100.0,-19.2,-29.31,-2462.04,-0.03,0,0.0,192,0.17,6358.2,534088.8,6.36,1109.89,0.1,10,5.0,0.01,0,0.0,10.11,110605
221,SELL_A,ST_FLIP_GREEN,2025-10-16T18:00:00,2025-10-17T04:00:00,short,110605,108493,100,0.1,11060.5,100.0,211.2,201.09,16891.56,0.2,2112,1.91,0,0.0,6559.29,550980.36,6.56,1106.05,0.1,10,5.0,0.01,0,0.0,10.11,110989
222,BUY_B,ST_FLIP_RED,2025-10-17T04:00:00,2025-10-17T10:00:00,long,108493,108301,100,0.1,10849.3,100.0,-19.2,-29.31,-2462.04,-0.03,0,0.0,192,0.18,6529.98,548518.32,6.53,1084.93,0.1,10,5.0,0.01,0,0.0,10.11,108109
223,SELL_A,ST_FLIP_GREEN,2025-10-17T10:00:00,2025-10-17T16:00:00,short,107725,104653,100,0.1,10772.5,100.0,307.2,297.09,24955.56,0.3,3072,2.85,0,0.0,6827.07,573473.88,6.83,1077.25,0.1,10,5.0,0.01,0,0.0,10.11,108109
224,BUY_B,ST_FLIP_RED,2025-10-17T16:00:00,2025-10-17T18:00:00,long,104653,105037,100,0.1,10465.3,100.0,38.4,28.29,2376.36,0.03,384,0.37,0,0.0,6855.36,575850.24,6.86,1046.53,0.1,10,5.0,0.01,0,0.0,10.11,104269
225,BUY_B,ST_FLIP_RED,2025-10-17T20:00:00,2025-10-19T10:00:00,long,105421,106573,100,0.1,10542.1,100.0,115.2,105.09,8827.56,0.11,1152,1.09,0,0.0,6960.45,584677.8,6.96,1054.21,0.1,10,5.0,0.01,0,0.0,10.11,105037
226,SELL_A,ST_FLIP_GREEN,2025-10-19T10:00:00,2025-10-19T14:00:00,short,106573,107149,100,0.1,10657.3,100.0,-57.6,-67.71,-5687.64,-0.07,0,0.0,576,0.54,6892.74,578990.16,6.89,1065.73,0.1,10,5.0,0.01,0,0.0,10.11,106957
227,BUY_A,ST_FLIP_RED,2025-10-19T14:00:00,2025-10-19T16:00:00,long,107341,107341,100,0.1,10734.1,100.0,0.0,-10.11,-849.24,-0.01,0,0.0,0,0.0,6882.63,578140.92,6.88,1073.41,0.1,10,5.0,0.01,0,0.0,10.11,106957
228,SELL_B,ST_FLIP_GREEN,2025-10-19T16:00:00,2025-10-19T18:00:00,short,107341,107917,100,0.1,10734.1,100.0,-57.6,-67.71,-5687.64,-0.07,0,0.0,576,0.54,6814.92,572453.28,6.81,1073.41,0.1,10,5.0,0.01,0,0.0,10.11,107725
229,BUY_A,ST_FLIP_RED,2025-10-19T18:00:00,2025-10-20T04:00:00,long,108109,108493,100,0.1,10810.9,100.0,38.4,28.29,2376.36,0.03,384,0.36,0,0.0,6843.21,574829.64,6.84,1081.09,0.1,10,5.0,0.01,0,0.0,10.11,107725
230,SELL_B,ST_FLIP_GREEN,2025-10-20T04:00:00,2025-10-20T06:00:00,short,108493,108109,100,0.1,10849.3,100.0,38.4,28.29,2376.36,0.03,384,0.35,0,0.0,6871.5,577206.0,6.87,1084.93,0.1,10,5.0,0.01,0,0.0,10.11,108877
231,BUY_A,ST_FLIP_RED,2025-10-20T06:00:00,2025-10-20T22:00:00,long,108493,110605,100,0.1,10849.3,100.0,211.2,201.09,16891.56,0.2,2112,1.95,0,0.0,7072.59,594097.56,7.07,1084.93,0.1,10,5.0,0.01,0,0.0,10.11,108109
232,SELL_B,ST_FLIP_GREEN,2025-10-20T22:00:00,2025-10-21T16:00:00,short,110605,108301,100,0.1,11060.5,100.0,230.4,220.29,18504.36,0.22,2304,2.08,0,0.0,7292.88,612601.92,7.29,1106.05,0.1,10,5.0,0.01,0,0.0,10.11,110989
233,BUY_A,ST_FLIP_RED,2025-10-21T16:00:00,2025-10-21T22:00:00,long,108301,112909,100,0.1,10830.1,100.0,460.8,450.69,37857.96,0.45,4608,4.25,0,0.0,7743.57,650459.88,7.74,1083.01,0.1,10,5.0,0.01,0,0.0,10.11,107917
234,SELL_B,ST_FLIP_GREEN,2025-10-21T22:00:00,2025-10-22T06:00:00,short,112909,108685,100,0.1,11290.9,100.0,422.4,412.29,34632.36,0.41,4224,3.74,0,0.0,8155.86,685092.24,8.16,1129.09,0.1,10,5.0,0.01,0,0.0,10.11,113293
235,BUY_B,ST_FLIP_RED,2025-10-22T06:00:00,2025-10-22T10:00:00,long,108685,108109,100,0.1,10868.5,100.0,-57.6,-67.71,-5687.64,-0.07,0,0.0,576,0.53,8088.15,679404.6,8.09,1086.85,0.1,10,5.0,0.01,0,0.0,10.11,108301
236,BUY_B,ST_FLIP_RED,2025-10-22T20:00:00,2025-10-22T22:00:00,long,108493,108109,100,0.1,10849.3,100.0,-38.4,-48.51,-4074.84,-0.05,0,0.0,384,0.35,8039.64,675329.76,8.04,1084.93,0.1,10,5.0,0.01,0,0.0,10.11,108109
237,SELL_A,ST_FLIP_GREEN,2025-10-23T00:00:00,2025-10-23T04:00:00,short,107725,107725,100,0.1,10772.5,100.0,0.0,-10.11,-849.24,-0.01,0,0.0,0,0.0,8029.53,674480.52,8.03,1077.25,0.1,10,5.0,0.01,0,0.0,10.11,108109
238,BUY_B,ST_FLIP_RED,2025-10-23T04:00:00,2025-10-23T16:00:00,long,107725,109069,100,0.1,10772.5,100.0,134.4,124.29,10440.36,0.12,1344,1.25,0,0.0,8153.82,684920.88,8.15,1077.25,0.1,10,5.0,0.01,0,0.0,10.11,107341
239,SELL_A,ST_FLIP_GREEN,2025-10-23T16:00:00,2025-10-23T20:00:00,short,109069,109645,100,0.1,10906.9,100.0,-57.6,-67.71,-5687.64,-0.07,0,0.0,576,0.53,8086.11,679233.24,8.09,1090.69,0.1,10,5.0,0.01,0,0.0,10.11,109453
240,BUY_A,ST_FLIP_RED,2025-10-23T20:00:00,2025-10-24T00:00:00,long,109645,109837,100,0.1,10964.5,100.0,19.2,9.09,763.56,0.01,192,0.18,0,0.0,8095.2,679996.8,8.1,1096.45,0.1,10,5.0,0.01,0,0.0,10.11,109261
241,SELL_A,ST_FLIP_GREEN,2025-10-24T00:00:00,2025-10-24T06:00:00,short,109837,110413,100,0.1,10983.7,100.0,-57.6,-67.71,-5687.64,-0.07,0,0.0,576,0.52,8027.49,674309.16,8.03,1098.37,0.1,10,5.0,0.01,0,0.0,10.11,110221
242,BUY_A,ST_FLIP_RED,2025-10-24T08:00:00,2025-10-24T12:00:00,long,110605,110605,100,0.1,11060.5,100.0,0.0,-10.11,-849.24,-0.01,0,0.0,0,0.0,8017.38,673459.92,8.02,1106.05,0.1,10,5.0,0.01,0,0.0,10.11,110221
243,SELL_B,ST_FLIP_GREEN,2025-10-24T12:00:00,2025-10-24T14:00:00,short,110605,111181,100,0.1,11060.5,100.0,-57.6,-67.71,-5687.64,-0.07,0,0.0,576,0.52,7949.67,667772.28,7.95,1106.05,0.1,10,5.0,0.01,0,0.0,10.11,110989
244,SELL_B,ST_FLIP_GREEN,2025-10-24T18:00:00,2025-10-24T20:00:00,short,110413,110413,100,0.1,11041.3,100.0,0.0,-10.11,-849.24,-0.01,0,0.0,0,0.0,7939.56,666923.04,7.94,1104.13,0.1,10,5.0,0.01,0,0.0,10.11,110797
245,BUY_A,ST_FLIP_RED,2025-10-25T00:00:00,2025-10-25T20:00:00,long,110605,110989,100,0.1,11060.5,100.0,38.4,28.29,2376.36,0.03,384,0.35,0,0.0,7967.85,669299.4,7.97,1106.05,0.1,10,5.0,0.01,0,0.0,10.11,110221
246,SELL_A,ST_FLIP_GREEN,2025-10-25T20:00:00,2025-10-25T22:00:00,short,110989,111565,100,0.1,11098.9,100.0,-57.6,-67.71,-5687.64,-0.07,0,0.0,576,0.52,7900.14,663611.76,7.9,1109.89,0.1,10,5.0,0.01,0,0.0,10.11,111373
247,BUY_A,ST_FLIP_RED,2025-10-25T22:00:00,2025-10-26T08:00:00,long,111565,111181,100,0.1,11156.5,100.0,-38.4,-48.51,-4074.84,-0.05,0,0.0,384,0.34,7851.63,659536.92,7.85,1115.65,0.1,10,5.0,0.01,0,0.0,10.11,111181
248,SELL_B,ST_FLIP_GREEN,2025-10-26T08:00:00,2025-10-26T14:00:00,short,111181,111949,100,0.1,11118.1,100.0,-76.8,-86.91,-7300.44,-0.09,0,0.0,768,0.69,7764.72,652236.48,7.76,1111.81,0.1,10,5.0,0.01,0,0.0,10.11,111565
249,BUY_A,ST_FLIP_RED,2025-10-26T14:00:00,2025-10-27T12:00:00,long,111949,115021,100,0.1,11194.9,100.0,307.2,297.09,24955.56,0.3,3072,2.74,0,0.0,8061.81,677192.04,8.06,1119.49,0.1,10,5.0,0.01,0,0.0,10.11,111565
250,SELL_B,ST_FLIP_GREEN,2025-10-27T12:00:00,2025-10-27T14:00:00,short,115021,115597,100,0.1,11502.1,100.0,-57.6,-67.71,-5687.64,-0.07,0,0.0,576,0.5,7994.1,671504.4,7.99,1150.21,0.1,10,5.0,0.01,0,0.0,10.11,115405
251,SELL_B,ST_FLIP_GREEN,2025-10-27T18:00:00,2025-10-28T12:00:00,short,114829,114445,100,0.1,11482.9,100.0,38.4,28.29,2376.36,0.03,384,0.33,0,0.0,8022.39,673880.76,8.02,1148.29,0.1,10,5.0,0.01,0,0.0,10.11,115213
252,BUY_A,ST_FLIP_RED,2025-10-28T18:00:00,2025-10-28T20:00:00,long,114637,115213,100,0.1,11463.7,100.0,57.6,47.49,3989.16,0.05,576,0.5,0,0.0,8069.88,677869.92,8.07,1146.37,0.1,10,5.0,0.01,0,0.0,10.11,114253
253,SELL_A,ST_FLIP_GREEN,2025-10-28T20:00:00,2025-10-29T02:00:00,short,115213,113101,100,0.1,11521.3,100.0,211.2,201.09,16891.56,0.2,2112,1.83,0,0.0,8270.97,694761.48,8.27,1152.13,0.1,10,5.0,0.01,0,0.0,10.11,115597
254,BUY_A,ST_FLIP_RED,2025-10-29T02:00:00,2025-10-29T04:00:00,long,113101,112525,100,0.1,11310.1,100.0,-57.6,-67.71,-5687.64,-0.07,0,0.0,576,0.51,8203.26,689073.84,8.2,1131.01,0.1,10,5.0,0.01,0,0.0,10.11,112717
255,SELL_A,ST_FLIP_GREEN,2025-10-29T18:00:00,2025-10-30T06:00:00,short,112141,110989,100,0.1,11214.1,100.0,115.2,105.09,8827.56,0.11,1152,1.03,0,0.0,8308.35,697901.4,8.31,1121.41,0.1,10,5.0,0.01,0,0.0,10.11,112525
256,BUY_B,ST_FLIP_RED,2025-10-30T06:00:00,2025-10-30T08:00:00,long,110989,110413,100,0.1,11098.9,100.0,-57.6,-67.71,-5687.64,-0.07,0,0.0,576,0.52,8240.64,692213.76,8.24,1109.89,0.1,10,5.0,0.01,0,0.0,10.11,110605
257,SELL_A,ST_FLIP_GREEN,2025-10-30T08:00:00,2025-10-30T10:00:00,short,110029,108877,100,0.1,11002.9,100.0,115.2,105.09,8827.56,0.11,1152,1.05,0,0.0,8345.73,701041.32,8.35,1100.29,0.1,10,5.0,0.01,0,0.0,10.11,110413
258,BUY_B,ST_FLIP_RED,2025-10-30T10:00:00,2025-10-30T14:00:00,long,108877,110029,100,0.1,10887.7,100.0,115.2,105.09,8827.56,0.11,1152,1.06,0,0.0,8450.82,709868.88,8.45,1088.77,0.1,10,5.0,0.01,0,0.0,10.11,108493
259,SELL_A,ST_FLIP_GREEN,2025-10-30T16:00:00,2025-10-31T02:00:00,short,109837,107725,100,0.1,10983.7,100.0,211.2,201.09,16891.56,0.2,2112,1.92,0,0.0,8651.91,726760.44,8.65,1098.37,0.1,10,5.0,0.01,0,0.0,10.11,110221
260,BUY_B,ST_FLIP_RED,2025-10-31T02:00:00,2025-10-31T22:00:00,long,107725,109453,100,0.1,10772.5,100.0,172.8,162.69,13665.96,0.16,1728,1.6,0,0.0,8814.6,740426.4,8.81,1077.25,0.1,10,5.0,0.01,0,0.0,10.11,107341
261,SELL_A,ST_FLIP_GREEN,2025-10-31T22:00:00,2025-11-01T00:00:00,short,109453,109645,100,0.1,10945.3,100.0,-19.2,-29.31,-2462.04,-0.03,0,0.0,192,0.18,8785.29,737964.36,8.79,1094.53,0.1,10,5.0,0.01,0,0.0,10.11,109837
262,BUY_A,ST_FLIP_RED,2025-11-01T00:00:00,2025-11-02T18:00:00,long,109837,110221,100,0.1,10983.7,100.0,38.4,28.29,2376.36,0.03,384,0.35,0,0.0,8813.58,740340.72,8.81,1098.37,0.1,10,5.0,0.01,0,0.0,10.11,109453
263,SELL_A,ST_FLIP_GREEN,2025-11-02T18:00:00,2025-11-03T16:00:00,short,110221,107917,100,0.1,11022.1,100.0,230.4,220.29,18504.36,0.22,2304,2.09,0,0.0,9033.87,758845.08,9.03,1102.21,0.1,10,5.0,0.01,0,0.0,10.11,110605
264,BUY_A,ST_FLIP_RED,2025-11-03T16:00:00,2025-11-03T18:00:00,long,107917,107725,100,0.1,10791.7,100.0,-19.2,-29.31,-2462.04,-0.03,0,0.0,192,0.18,9004.56,756383.04,9.0,1079.17,0.1,10,5.0,0.01,0,0.0,10.11,107533
265,SELL_A,ST_FLIP_GREEN,2025-11-03T18:00:00,2025-11-03T22:00:00,short,107341,106957,100,0.1,10734.1,100.0,38.4,28.29,2376.36,0.03,384,0.36,0,0.0,9032.85,758759.4,9.03,1073.41,0.1,10,5.0,0.01,0,0.0,10.11,107725
266,BUY_A,ST_FLIP_RED,2025-11-03T22:00:00,2025-11-04T00:00:00,long,106957,106765,100,0.1,10695.7,100.0,-19.2,-29.31,-2462.04,-0.03,0,0.0,192,0.18,9003.54,756297.36,9.0,1069.57,0.1,10,5.0,0.01,0,0.0,10.11,106573
267,SELL_A,ST_FLIP_GREEN,2025-11-04T02:00:00,2025-11-04T06:00:00,short,106381,106573,100,0.1,10638.1,100.0,-19.2,-29.31,-2462.04,-0.03,0,0.0,192,0.18,8974.23,753835.32,8.97,1063.81,0.1,10,5.0,0.01,0,0.0,10.11,106765
268,BUY_A,ST_FLIP_RED,2025-11-04T06:00:00,2025-11-04T10:00:00,long,106573,106381,100,0.1,10657.3,100.0,-19.2,-29.31,-2462.04,-0.03,0,0.0,192,0.18,8944.92,751373.28,8.94,1065.73,0.1,10,5.0,0.01,0,0.0,10.11,106189
269,SELL_A,ST_FLIP_GREEN,2025-11-04T10:00:00,2025-11-05T02:00:00,short,106189,101197,100,0.1,10618.9,100.0,499.2,489.09,41083.56,0.49,4992,4.7,0,0.0,9434.01,792456.84,9.43,1061.89,0.1,10,5.0,0.01,0,0.0,10.11,106573
270,BUY_B,ST_FLIP_RED,2025-11-05T02:00:00,2025-11-06T02:00:00,long,101197,103309,100,0.1,10119.7,100.0,211.2,201.09,16891.56,0.2,2112,2.09,0,0.0,9635.1,809348.4,9.64,1011.97,0.1,10,5.0,0.01,0,0.0,10.11,100813
271,SELL_A,ST_FLIP_GREEN,2025-11-06T02:00:00,2025-11-06T08:00:00,short,103309,103501,100,0.1,10330.9,100.0,-19.2,-29.31,-2462.04,-0.03,0,0.0,192,0.19,9605.79,806886.36,9.61,1033.09,0.1,10,5.0,0.01,0,0.0,10.11,103693
272,BUY_A,ST_FLIP_RED,2025-11-06T08:00:00,2025-11-06T10:00:00,long,103885,103309,100,0.1,10388.5,100.0,-57.6,-67.71,-5687.64,-0.07,0,0.0,576,0.55,9538.08,801198.72,9.54,1038.85,0.1,10,5.0,0.01,0,0.0,10.11,103501
273,SELL_B,ST_FLIP_GREEN,2025-11-06T10:00:00,2025-11-07T08:00:00,short,103309,101581,100,0.1,10330.9,100.0,172.8,162.69,13665.96,0.16,1728,1.67,0,0.0,9700.77,814864.68,9.7,1033.09,0.1,10,5.0,0.01,0,0.0,10.11,103693
274,BUY_A,ST_FLIP_RED,2025-11-07T08:00:00,2025-11-07T12:00:00,long,101581,101581,100,0.1,10158.1,100.0,0.0,-10.11,-849.24,-0.01,0,0.0,0,0.0,9690.66,814015.44,9.69,1015.81,0.1,10,5.0,0.01,0,0.0,10.11,101197
275,SELL_A,ST_FLIP_GREEN,2025-11-07T14:00:00,2025-11-07T20:00:00,short,101197,100621,100,0.1,10119.7,100.0,57.6,47.49,3989.16,0.05,576,0.57,0,0.0,9738.15,818004.6,9.74,1011.97,0.1,10,5.0,0.01,0,0.0,10.11,101581
276,BUY_A,ST_FLIP_RED,2025-11-07T20:00:00,2025-11-08T04:00:00,long,100621,103309,100,0.1,10062.1,100.0,268.8,258.69,21729.96,0.26,2688,2.67,0,0.0,9996.84,839734.56,10.0,1006.21,0.1,10,5.0,0.01,0,0.0,10.11,100237
277,SELL_B,ST_FLIP_GREEN,2025-11-08T04:00:00,2025-11-09T02:00:00,short,103309,102349,100,0.1,10330.9,100.0,96.0,85.89,7214.76,0.09,960,0.93,0,0.0,10082.73,846949.32,10.08,1033.09,0.1,10,5.0,0.01,0,0.0,10.11,103693
278,SELL_B,ST_FLIP_GREEN,2025-11-09T04:00:00,2025-11-09T08:00:00,short,101773,102157,100,0.1,10177.3,100.0,-38.4,-48.51,-4074.84,-0.05,0,0.0,384,0.38,10034.22,842874.48,10.03,1017.73,0.1,10,5.0,0.01,0,0.0,10.11,102157
279,BUY_A,ST_FLIP_RED,2025-11-09T08:00:00,2025-11-10T20:00:00,long,102157,105613,100,0.1,10215.7,100.0,345.6,335.49,28181.16,0.34,3456,3.38,0,0.0,10369.71,871055.64,10.37,1021.57,0.1,10,5.0,0.01,0,0.0,10.11,101773
280,SELL_B,ST_FLIP_GREEN,2025-11-10T20:00:00,2025-11-10T22:00:00,short,105613,105613,100,0.1,10561.3,100.0,0.0,-10.11,-849.24,-0.01,0,0.0,0,0.0,10359.6,870206.4,10.36,1056.13,0.1,10,5.0,0.01,0,0.0,10.11,105997
281,SELL_B,ST_FLIP_GREEN,2025-11-11T02:00:00,2025-11-11T06:00:00,short,105421,105997,100,0.1,10542.1,100.0,-57.6,-67.71,-5687.64,-0.07,0,0.0,576,0.55,10291.89,864518.76,10.29,1054.21,0.1,10,5.0,0.01,0,0.0,10.11,105805
282,BUY_A,ST_FLIP_RED,2025-11-11T06:00:00,2025-11-11T08:00:00,long,106189,105805,100,0.1,10618.9,100.0,-38.4,-48.51,-4074.84,-0.05,0,0.0,384,0.36,10243.38,860443.92,10.24,1061.89,0.1,10,5.0,0.01,0,0.0,10.11,105805
283,SELL_B,ST_FLIP_GREEN,2025-11-11T08:00:00,2025-11-12T10:00:00,short,105805,103501,100,0.1,10580.5,100.0,230.4,220.29,18504.36,0.22,2304,2.18,0,0.0,10463.67,878948.28,10.46,1058.05,0.1,10,5.0,0.01,0,0.0,10.11,106189
284,BUY_A,ST_FLIP_RED,2025-11-12T10:00:00,2025-11-12T20:00:00,long,103501,104269,100,0.1,10350.1,100.0,76.8,66.69,5601.96,0.07,768,0.74,0,0.0,10530.36,884550.24,10.53,1035.01,0.1,10,5.0,0.01,0,0.0,10.11,103117
285,SELL_A,ST_FLIP_GREEN,2025-11-12T20:00:00,2025-11-13T08:00:00,short,104077,102157,100,0.1,10407.7,100.0,192.0,181.89,15278.76,0.18,1920,1.84,0,0.0,10712.25,899829.0,10.71,1040.77,0.1,10,5.0,0.01,0,0.0,10.11,104461
286,BUY_A,ST_FLIP_RED,2025-11-13T08:00:00,2025-11-13T14:00:00,long,102157,102925,100,0.1,10215.7,100.0,76.8,66.69,5601.96,0.07,768,0.75,0,0.0,10778.94,905430.96,10.78,1021.57,0.1,10,5.0,0.01,0,0.0,10.11,101773
287,SELL_A,ST_FLIP_GREEN,2025-11-13T18:00:00,2025-11-14T02:00:00,short,102733,99085,100,0.1,10273.3,100.0,364.8,354.69,29793.96,0.35,3648,3.55,0,0.0,11133.63,935224.92,11.13,1027.33,0.1,10,5.0,0.01,0,0.0,10.11,103117
288,BUY_B,ST_FLIP_RED,2025-11-14T02:00:00,2025-11-14T08:00:00,long,99085,99085,100,0.1,9908.5,100.0,0.0,-10.11,-849.24,-0.01,0,0.0,0,0.0,11123.52,934375.68,11.12,990.85,0.1,10,5.0,0.01,0,0.0,10.11,98701
289,SELL_A,ST_FLIP_GREEN,2025-11-14T10:00:00,2025-11-14T20:00:00,short,98509,96013,100,0.1,9850.9,100.0,249.6,239.49,20117.16,0.24,2496,2.53,0,0.0,11363.01,954492.84,11.36,985.09,0.1,10,5.0,0.01,0,0.0,10.11,98893
290,BUY_B,ST_FLIP_RED,2025-11-14T20:00:00,2025-11-14T22:00:00,long,96013,96397,100,0.1,9601.3,100.0,38.4,28.29,2376.36,0.03,384,0.4,0,0.0,11391.3,956869.2,11.39,960.13,0.1,10,5.0,0.01,0,0.0,10.11,95629
291,SELL_A,ST_FLIP_GREEN,2025-11-14T22:00:00,2025-11-15T06:00:00,short,96013,95629,100,0.1,9601.3,100.0,38.4,28.29,2376.36,0.03,384,0.4,0,0.0,11419.59,959245.56,11.42,960.13,0.1,10,5.0,0.01,0,0.0,10.11,96397
292,BUY_A,ST_FLIP_RED,2025-11-15T06:00:00,2025-11-15T16:00:00,long,95629,95629,100,0.1,9562.9,100.0,0.0,-10.11,-849.24,-0.01,0,0.0,0,0.0,11409.48,958396.32,11.41,956.29,0.1,10,5.0,0.01,0,0.0,10.11,95245
293,BUY_B,ST_FLIP_RED,2025-11-15T18:00:00,2025-11-16T04:00:00,long,96205,95437,100,0.1,9620.5,100.0,-76.8,-86.91,-7300.44,-0.09,0,0.0,768,0.8,11322.57,951095.88,11.32,962.05,0.1,10,5.0,0.01,0,0.0,10.11,95821
294,SELL_B,ST_FLIP_GREEN,2025-11-16T04:00:00,2025-11-16T14:00:00,short,95437,96013,100,0.1,9543.7,100.0,-57.6,-67.71,-5687.64,-0.07,0,0.0,576,0.6,11254.86,945408.24,11.25,954.37,0.1,10,5.0,0.01,0,0.0,10.11,95821
295,BUY_B,ST_FLIP_RED,2025-11-16T14:00:00,2025-11-16T16:00:00,long,96013,95821,100,0.1,9601.3,100.0,-19.2,-29.31,-2462.04,-0.03,0,0.0,192,0.2,11225.55,942946.2,11.23,960.13,0.1,10,5.0,0.01,0,0.0,10.11,95629
296,SELL_A,ST_FLIP_GREEN,2025-11-16T16:00:00,2025-11-16T22:00:00,short,95629,94861,100,0.1,9562.9,100.0,76.8,66.69,5601.96,0.07,768,0.8,0,0.0,11292.24,948548.16,11.29,956.29,0.1,10,5.0,0.01,0,0.0,10.11,96013
297,BUY_A,ST_FLIP_RED,2025-11-16T22:00:00,2025-11-17T02:00:00,long,94861,94285,100,0.1,9486.1,100.0,-57.6,-67.71,-5687.64,-0.07,0,0.0,576,0.61,11224.53,942860.52,11.22,948.61,0.1,10,5.0,0.01,0,0.0,10.11,94477
298,SELL_A,ST_FLIP_GREEN,2025-11-17T02:00:00,2025-11-17T04:00:00,short,94285,94093,100,0.1,9428.5,100.0,19.2,9.09,763.56,0.01,192,0.2,0,0.0,11233.62,943624.08,11.23,942.85,0.1,10,5.0,0.01,0,0.0,10.11,94669
299,BUY_A,ST_FLIP_RED,2025-11-17T04:00:00,2025-11-17T18:00:00,long,94093,95053,100,0.1,9409.3,100.0,96.0,85.89,7214.76,0.09,960,1.02,0,0.0,11319.51,950838.84,11.32,940.93,0.1,10,5.0,0.01,0,0.0,10.11,93709
300,SELL_A,ST_FLIP_GREEN,2025-11-17T18:00:00,2025-11-18T12:00:00,short,94861,90637,100,0.1,9486.1,100.0,422.4,412.29,34632.36,0.41,4224,4.45,0,0.0,11731.8,985471.2,11.73,948.61,0.1,10,5.0,0.01,0,0.0,10.11,95245
301,BUY_B,ST_FLIP_RED,2025-11-18T12:00:00,2025-11-19T00:00:00,long,90637,92941,100,0.1,9063.7,100.0,230.4,220.29,18504.36,0.22,2304,2.54,0,0.0,11952.09,1003975.56,11.95,906.37,0.1,10,5.0,0.01,0,0.0,10.11,90253
302,SELL_A,ST_FLIP_GREEN,2025-11-19T00:00:00,2025-11-19T12:00:00,short,92941,91405,100,0.1,9294.1,100.0,153.6,143.49,12053.16,0.14,1536,1.65,0,0.0,12095.58,1016028.72,12.1,929.41,0.1,10,5.0,0.01,0,0.0,10.11,93325
303,BUY_A,ST_FLIP_RED,2025-11-19T12:00:00,2025-11-19T14:00:00,long,91405,91405,100,0.1,9140.5,100.0,0.0,-10.11,-849.24,-0.01,0,0.0,0,0.0,12085.47,1015179.48,12.09,914.05,0.1,10,5.0,0.01,0,0.0,10.11,91021
304,SELL_A,ST_FLIP_GREEN,2025-11-19T18:00:00,2025-11-20T02:00:00,short,91213,89677,100,0.1,9121.3,100.0,153.6,143.49,12053.16,0.14,1536,1.68,0,0.0,12228.96,1027232.64,12.23,912.13,0.1,10,5.0,0.01,0,0.0,10.11,91597
305,BUY_A,ST_FLIP_RED,2025-11-20T02:00:00,2025-11-20T14:00:00,long,89677,91789,100,0.1,8967.7,100.0,211.2,201.09,16891.56,0.2,2112,2.36,0,0.0,12430.05,1044124.2,12.43,896.77,0.1,10,5.0,0.01,0,0.0,10.11,89293
306,SELL_A,ST_FLIP_GREEN,2025-11-20T14:00:00,2025-11-21T02:00:00,short,91789,87565,100,0.1,9178.9,100.0,422.4,412.29,34632.36,0.41,4224,4.6,0,0.0,12842.34,1078756.56,12.84,917.89,0.1,10,5.0,0.01,0,0.0,10.11,92173
307,BUY_B,ST_FLIP_RED,2025-11-21T02:00:00,2025-11-21T04:00:00,long,87565,87565,100,0.1,8756.5,100.0,0.0,-10.11,-849.24,-0.01,0,0.0,0,0.0,12832.23,1077907.32,12.83,875.65,0.1,10,5.0,0.01,0,0.0,10.11,87181
308,SELL_A,ST_FLIP_GREEN,2025-11-21T06:00:00,2025-11-21T18:00:00,short,86989,81613,100,0.1,8698.9,100.0,537.6,527.49,44309.16,0.53,5376,6.18,0,0.0,13359.72,1122216.48,13.36,869.89,0.1,10,5.0,0.01,0,0.0,10.11,87373
309,BUY_B,ST_FLIP_RED,2025-11-21T18:00:00,2025-11-21T20:00:00,long,81613,83149,100,0.1,8161.3,100.0,153.6,143.49,12053.16,0.14,1536,1.88,0,0.0,13503.21,1134269.64,13.5,816.13,0.1,10,5.0,0.01,0,0.0,10.11,81229
310,BUY_B,ST_FLIP_RED,2025-11-21T22:00:00,2025-11-22T00:00:00,long,83725,83533,100,0.1,8372.5,100.0,-19.2,-29.31,-2462.04,-0.03,0,0.0,192,0.23,13473.9,1131807.6,13.47,837.25,0.1,10,5.0,0.01,0,0.0,10.11,83341
311,SELL_A,ST_FLIP_GREEN,2025-11-22T00:00:00,2025-11-22T02:00:00,short,83533,83917,100,0.1,8353.3,100.0,-38.4,-48.51,-4074.84,-0.05,0,0.0,384,0.46,13425.39,1127732.76,13.43,835.33,0.1,10,5.0,0.01,0,0.0,10.11,83917
312,BUY_A,ST_FLIP_RED,2025-11-22T02:00:00,2025-11-22T08:00:00,long,84109,84301,100,0.1,8410.9,100.0,19.2,9.09,763.56,0.01,192,0.23,0,0.0,13434.48,1128496.32,13.43,841.09,0.1,10,5.0,0.01,0,0.0,10.11,83725
313,SELL_A,ST_FLIP_GREEN,2025-11-22T08:00:00,2025-11-22T10:00:00,short,84301,84493,100,0.1,8430.1,100.0,-19.2,-29.31,-2462.04,-0.03,0,0.0,192,0.23,13405.17,1126034.28,13.41,843.01,0.1,10,5.0,0.01,0,0.0,10.11,84685
314,SELL_B,ST_FLIP_GREEN,2025-11-22T14:00:00,2025-11-22T18:00:00,short,83725,84109,100,0.1,8372.5,100.0,-38.4,-48.51,-4074.84,-0.05,0,0.0,384,0.46,13356.66,1121959.44,13.36,837.25,0.1,10,5.0,0.01,0,0.0,10.11,84109
315,BUY_A,ST_FLIP_RED,2025-11-22T18:00:00,2025-11-23T12:00:00,long,84301,85837,100,0.1,8430.1,100.0,153.6,143.49,12053.16,0.14,1536,1.82,0,0.0,13500.15,1134012.6,13.5,843.01,0.1,10,5.0,0.01,0,0.0,10.11,83917
316,SELL_A,ST_FLIP_GREEN,2025-11-23T12:00:00,2025-11-23T16:00:00,short,85837,86413,100,0.1,8583.7,100.0,-57.6,-67.71,-5687.64,-0.07,0,0.0,576,0.67,13432.44,1128324.96,13.43,858.37,0.1,10,5.0,0.01,0,0.0,10.11,86221
317,BUY_A,ST_FLIP_RED,2025-11-23T16:00:00,2025-11-24T04:00:00,long,86797,87181,100,0.1,8679.7,100.0,38.4,28.29,2376.36,0.03,384,0.44,0,0.0,13460.73,1130701.32,13.46,867.97,0.1,10,5.0,0.01,0,0.0,10.11,86413
318,SELL_B,ST_FLIP_GREEN,2025-11-24T04:00:00,2025-11-24T06:00:00,short,87181,86989,100,0.1,8718.1,100.0,19.2,9.09,763.56,0.01,192,0.22,0,0.0,13469.82,1131464.88,13.47,871.81,0.1,10,5.0,0.01,0,0.0,10.11,87565
319,BUY_A,ST_FLIP_RED,2025-11-24T06:00:00,2025-11-24T08:00:00,long,87373,87181,100,0.1,8737.3,100.0,-19.2,-29.31,-2462.04,-0.03,0,0.0,192,0.22,13440.51,1129002.84,13.44,873.73,0.1,10,5.0,0.01,0,0.0,10.11,86989
320,SELL_A,ST_FLIP_GREEN,2025-11-24T08:00:00,2025-11-24T10:00:00,short,87181,86989,100,0.1,8718.1,100.0,19.2,9.09,763.56,0.01,192,0.22,0,0.0,13449.6,1129766.4,13.45,871.81,0.1,10,5.0,0.01,0,0.0,10.11,87565
321,BUY_A,ST_FLIP_RED,2025-11-24T10:00:00,2025-11-24T12:00:00,long,87181,86605,100,0.1,8718.1,100.0,-57.6,-67.71,-5687.64,-0.07,0,0.0,576,0.66,13381.89,1124078.76,13.38,871.81,0.1,10,5.0,0.01,0,0.0,10.11,86797
322,SELL_B,ST_FLIP_GREEN,2025-11-24T12:00:00,2025-11-24T20:00:00,short,86605,86413,100,0.1,8660.5,100.0,19.2,9.09,763.56,0.01,192,0.22,0,0.0,13390.98,1124842.32,13.39,866.05,0.1,10,5.0,0.01,0,0.0,10.11,86989
323,BUY_A,ST_FLIP_RED,2025-11-24T20:00:00,2025-11-25T04:00:00,long,86413,88141,100,0.1,8641.3,100.0,172.8,162.69,13665.96,0.16,1728,2.0,0,0.0,13553.67,1138508.28,13.55,864.13,0.1,10,5.0,0.01,0,0.0,10.11,86029
324,SELL_A,ST_FLIP_GREEN,2025-11-25T04:00:00,2025-11-25T22:00:00,short,88141,87757,100,0.1,8814.1,100.0,38.4,28.29,2376.36,0.03,384,0.44,0,0.0,13581.96,1140884.64,13.58,881.41,0.1,10,5.0,0.01,0,0.0,10.11,88525
325,SELL_B,ST_FLIP_GREEN,2025-11-26T00:00:00,2025-11-26T04:00:00,short,87181,87565,100,0.1,8718.1,100.0,-38.4,-48.51,-4074.84,-0.05,0,0.0,384,0.44,13533.45,1136809.8,13.53,871.81,0.1,10,5.0,0.01,0,0.0,10.11,87565
326,BUY_A,ST_FLIP_RED,2025-11-26T04:00:00,2025-11-26T08:00:00,long,87565,87181,100,0.1,8756.5,100.0,-38.4,-48.51,-4074.84,-0.05,0,0.0,384,0.44,13484.94,1132734.96,13.48,875.65,0.1,10,5.0,0.01,0,0.0,10.11,87181
327,SELL_A,ST_FLIP_GREEN,2025-11-26T08:00:00,2025-11-26T18:00:00,short,87181,87181,100,0.1,8718.1,100.0,0.0,-10.11,-849.24,-0.01,0,0.0,0,0.0,13474.83,1131885.72,13.47,871.81,0.1,10,5.0,0.01,0,0.0,10.11,87565
328,BUY_A,ST_FLIP_RED,2025-11-26T18:00:00,2025-11-27T18:00:00,long,87181,91021,100,0.1,8718.1,100.0,384.0,373.89,31406.76,0.37,3840,4.4,0,0.0,13848.72,1163292.48,13.85,871.81,0.1,10,5.0,0.01,0,0.0,10.11,86797
329,SELL_B,ST_FLIP_GREEN,2025-11-27T18:00:00,2025-11-27T22:00:00,short,91021,91405,100,0.1,9102.1,100.0,-38.4,-48.51,-4074.84,-0.05,0,0.0,384,0.42,13800.21,1159217.64,13.8,910.21,0.1,10,5.0,0.01,0,0.0,10.11,91405
330,SELL_B,ST_FLIP_GREEN,2025-11-28T06:00:00,2025-11-28T08:00:00,short,90829,91405,100,0.1,9082.9,100.0,-57.6,-67.71,-5687.64,-0.07,0,0.0,576,0.63,13732.5,1153530.0,13.73,908.29,0.1,10,5.0,0.01,0,0.0,10.11,91213
331,BUY_A,ST_FLIP_RED,2025-11-28T18:00:00,2025-11-28T20:00:00,long,91597,92173,100,0.1,9159.7,100.0,57.6,47.49,3989.16,0.05,576,0.63,0,0.0,13779.99,1157519.16,13.78,915.97,0.1,10,5.0,0.01,0,0.0,10.11,91213
332,SELL_A,ST_FLIP_GREEN,2025-11-28T20:00:00,2025-11-30T04:00:00,short,92173,91021,100,0.1,9217.3,100.0,115.2,105.09,8827.56,0.11,1152,1.25,0,0.0,13885.08,1166346.72,13.89,921.73,0.1,10,5.0,0.01,0,0.0,10.11,92557
333,BUY_A,ST_FLIP_RED,2025-11-30T14:00:00,2025-12-01T02:00:00,long,91213,91021,100,0.1,9121.3,100.0,-19.2,-29.31,-2462.04,-0.03,0,0.0,192,0.21,13855.77,1163884.68,13.86,912.13,0.1,10,5.0,0.01,0,0.0,10.11,90829
334,SELL_A,ST_FLIP_GREEN,2025-12-01T04:00:00,2025-12-01T12:00:00,short,90829,86413,100,0.1,9082.9,100.0,441.6,431.49,36245.16,0.43,4416,4.86,0,0.0,14287.26,1200129.84,14.29,908.29,0.1,10,5.0,0.01,0,0.0,10.11,91213
335,BUY_B,ST_FLIP_RED,2025-12-01T12:00:00,2025-12-01T16:00:00,long,86413,86221,100,0.1,8641.3,100.0,-19.2,-29.31,-2462.04,-0.03,0,0.0,192,0.22,14257.95,1197667.8,14.26,864.13,0.1,10,5.0,0.01,0,0.0,10.11,86029
336,SELL_A,ST_FLIP_GREEN,2025-12-01T16:00:00,2025-12-01T18:00:00,short,85645,86221,100,0.1,8564.5,100.0,-57.6,-67.71,-5687.64,-0.07,0,0.0,576,0.67,14190.24,1191980.16,14.19,856.45,0.1,10,5.0,0.01,0,0.0,10.11,86029
337,BUY_B,ST_FLIP_RED,2025-12-01T18:00:00,2025-12-01T20:00:00,long,86221,85645,100,0.1,8622.1,100.0,-57.6,-67.71,-5687.64,-0.07,0,0.0,576,0.67,14122.53,1186292.52,14.12,862.21,0.1,10,5.0,0.01,0,0.0,10.11,85837
338,SELL_A,ST_FLIP_GREEN,2025-12-01T20:00:00,2025-12-01T22:00:00,short,85261,85069,100,0.1,8526.1,100.0,19.2,9.09,763.56,0.01,192,0.23,0,0.0,14131.62,1187056.08,14.13,852.61,0.1,10,5.0,0.01,0,0.0,10.11,85645
339,BUY_A,ST_FLIP_RED,2025-12-01T22:00:00,2025-12-02T12:00:00,long,85069,86413,100,0.1,8506.9,100.0,134.4,124.29,10440.36,0.12,1344,1.58,0,0.0,14255.91,1197496.44,14.26,850.69,0.1,10,5.0,0.01,0,0.0,10.11,84685
340,SELL_A,ST_FLIP_GREEN,2025-12-02T12:00:00,2025-12-02T16:00:00,short,86413,86989,100,0.1,8641.3,100.0,-57.6,-67.71,-5687.64,-0.07,0,0.0,576,0.67,14188.2,1191808.8,14.19,864.13,0.1,10,5.0,0.01,0,0.0,10.11,86797
341,BUY_B,ST_FLIP_RED,2025-12-02T16:00:00,2025-12-03T00:00:00,long,86989,91213,100,0.1,8698.9,100.0,422.4,412.29,34632.36,0.41,4224,4.86,0,0.0,14600.49,1226441.16,14.6,869.89,0.1,10,5.0,0.01,0,0.0,10.11,86605
342,SELL_B,ST_FLIP_GREEN,2025-12-03T00:00:00,2025-12-03T02:00:00,short,91213,91405,100,0.1,9121.3,100.0,-19.2,-29.31,-2462.04,-0.03,0,0.0,192,0.21,14571.18,1223979.12,14.57,912.13,0.1,10,5.0,0.01,0,0.0,10.11,91597
343,SELL_B,ST_FLIP_GREEN,2025-12-03T04:00:00,2025-12-03T06:00:00,short,91021,91789,100,0.1,9102.1,100.0,-76.8,-86.91,-7300.44,-0.09,0,0.0,768,0.84,14484.27,1216678.68,14.48,910.21,0.1,10,5.0,0.01,0,0.0,10.11,91405
344,BUY_A,ST_FLIP_RED,2025-12-03T06:00:00,2025-12-03T12:00:00,long,91981,93133,100,0.1,9198.1,100.0,115.2,105.09,8827.56,0.11,1152,1.25,0,0.0,14589.36,1225506.24,14.59,919.81,0.1,10,5.0,0.01,0,0.0,10.11,91597
345,SELL_B,ST_FLIP_GREEN,2025-12-03T12:00:00,2025-12-03T14:00:00,short,93133,93325,100,0.1,9313.3,100.0,-19.2,-29.31,-2462.04,-0.03,0,0.0,192,0.21,14560.05,1223044.2,14.56,931.33,0.1,10,5.0,0.01,0,0.0,10.11,93517
346,SELL_B,ST_FLIP_GREEN,2025-12-03T16:00:00,2025-12-03T22:00:00,short,92749,92941,100,0.1,9274.9,100.0,-19.2,-29.31,-2462.04,-0.03,0,0.0,192,0.21,14530.74,1220582.16,14.53,927.49,0.1,10,5.0,0.01,0,0.0,10.11,93133
347,BUY_A,ST_FLIP_RED,2025-12-03T22:00:00,2025-12-04T04:00:00,long,93133,92749,100,0.1,9313.3,100.0,-38.4,-48.51,-4074.84,-0.05,0,0.0,384,0.41,14482.23,1216507.32,14.48,931.33,0.1,10,5.0,0.01,0,0.0,10.11,92749
348,SELL_A,ST_FLIP_GREEN,2025-12-04T04:00:00,2025-12-04T06:00:00,short,92749,93517,100,0.1,9274.9,100.0,-76.8,-86.91,-7300.44,-0.09,0,0.0,768,0.83,14395.32,1209206.88,14.4,927.49,0.1,10,5.0,0.01,0,0.0,10.11,93133
349,BUY_B,ST_FLIP_RED,2025-12-04T06:00:00,2025-12-04T08:00:00,long,93517,93325,100,0.1,9351.7,100.0,-19.2,-29.31,-2462.04,-0.03,0,0.0,192,0.21,14366.01,1206744.84,14.37,935.17,0.1,10,5.0,0.01,0,0.0,10.11,93133
350,SELL_A,ST_FLIP_GREEN,2025-12-04T08:00:00,2025-12-05T06:00:00,short,93325,92557,100,0.1,9332.5,100.0,76.8,66.69,5601.96,0.07,768,0.82,0,0.0,14432.7,1212346.8,14.43,933.25,0.1,10,5.0,0.01,0,0.0,10.11,93709
351,SELL_B,ST_FLIP_GREEN,2025-12-05T08:00:00,2025-12-06T00:00:00,short,91981,89677,100,0.1,9198.1,100.0,230.4,220.29,18504.36,0.22,2304,2.5,0,0.0,14652.99,1230851.16,14.65,919.81,0.1,10,5.0,0.01,0,0.0,10.11,92365
352,BUY_B,ST_FLIP_RED,2025-12-06T00:00:00,2025-12-06T02:00:00,long,89677,89101,100,0.1,8967.7,100.0,-57.6,-67.71,-5687.64,-0.07,0,0.0,576,0.64,14585.28,1225163.52,14.59,896.77,0.1,10,5.0,0.01,0,0.0,10.11,89293
353,BUY_B,ST_FLIP_RED,2025-12-06T18:00:00,2025-12-07T18:00:00,long,89869,89101,100,0.1,8986.9,100.0,-76.8,-86.91,-7300.44,-0.09,0,0.0,768,0.85,14498.37,1217863.08,14.5,898.69,0.1,10,5.0,0.01,0,0.0,10.11,89485
354,SELL_A,ST_FLIP_GREEN,2025-12-07T18:00:00,2025-12-07T20:00:00,short,88909,88525,100,0.1,8890.9,100.0,38.4,28.29,2376.36,0.03,384,0.43,0,0.0,14526.66,1220239.44,14.53,889.09,0.1,10,5.0,0.01,0,0.0,10.11,89293
355,BUY_A,ST_FLIP_RED,2025-12-07T20:00:00,2025-12-08T02:00:00,long,88525,90829,100,0.1,8852.5,100.0,230.4,220.29,18504.36,0.22,2304,2.6,0,0.0,14746.95,1238743.8,14.75,885.25,0.1,10,5.0,0.01,0,0.0,10.11,88141
356,SELL_A,ST_FLIP_GREEN,2025-12-08T02:00:00,2025-12-08T04:00:00,short,90829,90061,100,0.1,9082.9,100.0,76.8,66.69,5601.96,0.07,768,0.85,0,0.0,14813.64,1244345.76,14.81,908.29,0.1,10,5.0,0.01,0,0.0,10.11,91213
357,BUY_A,ST_FLIP_RED,2025-12-08T04:00:00,2025-12-08T18:00:00,long,90253,91405,100,0.1,9025.3,100.0,115.2,105.09,8827.56,0.11,1152,1.28,0,0.0,14918.73,1253173.32,14.92,902.53,0.1,10,5.0,0.01,0,0.0,10.11,89869
358,SELL_A,ST_FLIP_GREEN,2025-12-08T18:00:00,2025-12-09T02:00:00,short,91405,90829,100,0.1,9140.5,100.0,57.6,47.49,3989.16,0.05,576,0.63,0,0.0,14966.22,1257162.48,14.97,914.05,0.1,10,5.0,0.01,0,0.0,10.11,91789
359,BUY_A,ST_FLIP_RED,2025-12-09T02:00:00,2025-12-09T06:00:00,long,91021,90445,100,0.1,9102.1,100.0,-57.6,-67.71,-5687.64,-0.07,0,0.0,576,0.63,14898.51,1251474.84,14.9,910.21,0.1,10,5.0,0.01,0,0.0,10.11,90637
360,SELL_B,ST_FLIP_GREEN,2025-12-09T06:00:00,2025-12-09T12:00:00,short,90445,90445,100,0.1,9044.5,100.0,0.0,-10.11,-849.24,-0.01,0,0.0,0,0.0,14888.4,1250625.6,14.89,904.45,0.1,10,5.0,0.01,0,0.0,10.11,90829
361,BUY_A,ST_FLIP_RED,2025-12-09T12:00:00,2025-12-09T14:00:00,long,90445,90061,100,0.1,9044.5,100.0,-38.4,-48.51,-4074.84,-0.05,0,0.0,384,0.42,14839.89,1246550.76,14.84,904.45,0.1,10,5.0,0.01,0,0.0,10.11,90061
362,SELL_A,ST_FLIP_GREEN,2025-12-09T14:00:00,2025-12-09T20:00:00,short,90061,90829,100,0.1,9006.1,100.0,-76.8,-86.91,-7300.44,-0.09,0,0.0,768,0.85,14752.98,1239250.32,14.75,900.61,0.1,10,5.0,0.01,0,0.0,10.11,90445
363,BUY_B,ST_FLIP_RED,2025-12-09T20:00:00,2025-12-10T00:00:00,long,90829,93325,100,0.1,9082.9,100.0,249.6,239.49,20117.16,0.24,2496,2.75,0,0.0,14992.47,1259367.48,14.99,908.29,0.1,10,5.0,0.01,0,0.0,10.11,90445
364,SELL_B,ST_FLIP_GREEN,2025-12-10T00:00:00,2025-12-10T20:00:00,short,93325,92557,100,0.1,9332.5,100.0,76.8,66.69,5601.96,0.07,768,0.82,0,0.0,15059.16,1264969.44,15.06,933.25,0.1,10,5.0,0.01,0,0.0,10.11,93709
365,BUY_A,ST_FLIP_RED,2025-12-11T00:00:00,2025-12-11T02:00:00,long,92749,92941,100,0.1,9274.9,100.0,19.2,9.09,763.56,0.01,192,0.21,0,0.0,15068.25,1265733.0,15.07,927.49,0.1,10,5.0,0.01,0,0.0,10.11,92365
366,SELL_A,ST_FLIP_GREEN,2025-12-11T02:00:00,2025-12-11T22:00:00,short,92941,90253,100,0.1,9294.1,100.0,268.8,258.69,21729.96,0.26,2688,2.89,0,0.0,15326.94,1287462.96,15.33,929.41,0.1,10,5.0,0.01,0,0.0,10.11,93325
367,BUY_B,ST_FLIP_RED,2025-12-11T22:00:00,2025-12-12T16:00:00,long,90253,91981,100,0.1,9025.3,100.0,172.8,162.69,13665.96,0.16,1728,1.91,0,0.0,15489.63,1301128.92,15.49,902.53,0.1,10,5.0,0.01,0,0.0,10.11,89869
368,SELL_A,ST_FLIP_GREEN,2025-12-12T16:00:00,2025-12-13T12:00:00,short,91981,90637,100,0.1,9198.1,100.0,134.4,124.29,10440.36,0.12,1344,1.46,0,0.0,15613.92,1311569.28,15.61,919.81,0.1,10,5.0,0.01,0,0.0,10.11,92365
369,BUY_A,ST_FLIP_RED,2025-12-13T12:00:00,2025-12-13T18:00:00,long,90637,90061,100,0.1,9063.7,100.0,-57.6,-67.71,-5687.64,-0.07,0,0.0,576,0.64,15546.21,1305881.64,15.55,906.37,0.1,10,5.0,0.01,0,0.0,10.11,90253
370,SELL_A,ST_FLIP_GREEN,2025-12-13T18:00:00,2025-12-14T04:00:00,short,90061,90445,100,0.1,9006.1,100.0,-38.4,-48.51,-4074.84,-0.05,0,0.0,384,0.43,15497.7,1301806.8,15.5,900.61,0.1,10,5.0,0.01,0,0.0,10.11,90445
371,BUY_B,ST_FLIP_RED,2025-12-14T04:00:00,2025-12-14T16:00:00,long,90445,89677,100,0.1,9044.5,100.0,-76.8,-86.91,-7300.44,-0.09,0,0.0,768,0.85,15410.79,1294506.36,15.41,904.45,0.1,10,5.0,0.01,0,0.0,10.11,90061
372,SELL_A,ST_FLIP_GREEN,2025-12-14T16:00:00,2025-12-15T06:00:00,short,89677,89101,100,0.1,8967.7,100.0,57.6,47.49,3989.16,0.05,576,0.64,0,0.0,15458.28,1298495.52,15.46,896.77,0.1,10,5.0,0.01,0,0.0,10.11,90061
373,BUY_A,ST_FLIP_RED,2025-12-15T06:00:00,2025-12-15T20:00:00,long,89101,89101,100,0.1,8910.1,100.0,0.0,-10.11,-849.24,-0.01,0,0.0,0,0.0,15448.17,1297646.28,15.45,891.01,0.1,10,5.0,0.01,0,0.0,10.11,88717
374,SELL_A,ST_FLIP_GREEN,2025-12-15T20:00:00,2025-12-16T04:00:00,short,88717,86221,100,0.1,8871.7,100.0,249.6,239.49,20117.16,0.24,2496,2.81,0,0.0,15687.66,1317763.44,15.69,887.17,0.1,10,5.0,0.01,0,0.0,10.11,89101
375,BUY_B,ST_FLIP_RED,2025-12-16T04:00:00,2025-12-16T08:00:00,long,86221,85837,100,0.1,8622.1,100.0,-38.4,-48.51,-4074.84,-0.05,0,0.0,384,0.45,15639.15,1313688.6,15.64,862.21,0.1,10,5.0,0.01,0,0.0,10.11,85837
376,BUY_B,ST_FLIP_RED,2025-12-16T10:00:00,2025-12-16T22:00:00,long,86029,87181,100,0.1,8602.9,100.0,115.2,105.09,8827.56,0.11,1152,1.34,0,0.0,15744.24,1322516.16,15.74,860.29,0.1,10,5.0,0.01,0,0.0,10.11,85645
377,BUY_B,ST_FLIP_RED,2025-12-17T02:00:00,2025-12-17T04:00:00,long,87757,87373,100,0.1,8775.7,100.0,-38.4,-48.51,-4074.84,-0.05,0,0.0,384,0.44,15695.73,1318441.32,15.7,877.57,0.1,10,5.0,0.01,0,0.0,10.11,87373
378,SELL_B,ST_FLIP_GREEN,2025-12-17T04:00:00,2025-12-17T16:00:00,short,87373,87181,100,0.1,8737.3,100.0,19.2,9.09,763.56,0.01,192,0.22,0,0.0,15704.82,1319204.88,15.7,873.73,0.1,10,5.0,0.01,0,0.0,10.11,87757
379,BUY_A,ST_FLIP_RED,2025-12-17T18:00:00,2025-12-17T20:00:00,long,87373,86989,100,0.1,8737.3,100.0,-38.4,-48.51,-4074.84,-0.05,0,0.0,384,0.44,15656.31,1315130.04,15.66,873.73,0.1,10,5.0,0.01,0,0.0,10.11,86989
380,SELL_A,ST_FLIP_GREEN,2025-12-17T20:00:00,2025-12-18T08:00:00,short,86989,86797,100,0.1,8698.9,100.0,19.2,9.09,763.56,0.01,192,0.22,0,0.0,15665.4,1315893.6,15.67,869.89,0.1,10,5.0,0.01,0,0.0,10.11,87373
381,BUY_A,ST_FLIP_RED,2025-12-18T08:00:00,2025-12-18T10:00:00,long,86797,86413,100,0.1,8679.7,100.0,-38.4,-48.51,-4074.84,-0.05,0,0.0,384,0.44,15616.89,1311818.76,15.62,867.97,0.1,10,5.0,0.01,0,0.0,10.11,86413
382,SELL_A,ST_FLIP_GREEN,2025-12-18T10:00:00,2025-12-18T14:00:00,short,86413,87181,100,0.1,8641.3,100.0,-76.8,-86.91,-7300.44,-0.09,0,0.0,768,0.89,15529.98,1304518.32,15.53,864.13,0.1,10,5.0,0.01,0,0.0,10.11,86797
383,BUY_B,ST_FLIP_RED,2025-12-18T14:00:00,2025-12-18T22:00:00,long,87181,87757,100,0.1,8718.1,100.0,57.6,47.49,3989.16,0.05,576,0.66,0,0.0,15577.47,1308507.48,15.58,871.81,0.1,10,5.0,0.01,0,0.0,10.11,86797
384,SELL_A,ST_FLIP_GREEN,2025-12-18T22:00:00,2025-12-19T02:00:00,short,87757,85645,100,0.1,8775.7,100.0,211.2,201.09,16891.56,0.2,2112,2.41,0,0.0,15778.56,1325399.04,15.78,877.57,0.1,10,5.0,0.01,0,0.0,10.11,88141
385,BUY_A,ST_FLIP_RED,2025-12-19T02:00:00,2025-12-19T22:00:00,long,85645,87757,100,0.1,8564.5,100.0,211.2,201.09,16891.56,0.2,2112,2.47,0,0.0,15979.65,1342290.6,15.98,856.45,0.1,10,5.0,0.01,0,0.0,10.11,85261
386,SELL_A,ST_FLIP_GREEN,2025-12-19T22:00:00,2025-12-20T00:00:00,short,87757,87757,100,0.1,8775.7,100.0,0.0,-10.11,-849.24,-0.01,0,0.0,0,0.0,15969.54,1341441.36,15.97,877.57,0.1,10,5.0,0.01,0,0.0,10.11,88141
387,BUY_A,ST_FLIP_RED,2025-12-20T00:00:00,2025-12-21T06:00:00,long,88141,87757,100,0.1,8814.1,100.0,-38.4,-48.51,-4074.84,-0.05,0,0.0,384,0.44,15921.03,1337366.52,15.92,881.41,0.1,10,5.0,0.01,0,0.0,10.11,87757
388,SELL_A,ST_FLIP_GREEN,2025-12-21T06:00:00,2025-12-21T12:00:00,short,87757,88333,100,0.1,8775.7,100.0,-57.6,-67.71,-5687.64,-0.07,0,0.0,576,0.66,15853.32,1331678.88,15.85,877.57,0.1,10,5.0,0.01,0,0.0,10.11,88141
389,BUY_A,ST_FLIP_RED,2025-12-21T12:00:00,2025-12-21T18:00:00,long,88333,88141,100,0.1,8833.3,100.0,-19.2,-29.31,-2462.04,-0.03,0,0.0,192,0.22,15824.01,1329216.84,15.82,883.33,0.1,10,5.0,0.01,0,0.0,10.11,87949
390,SELL_A,ST_FLIP_GREEN,2025-12-21T18:00:00,2025-12-21T20:00:00,short,88141,88333,100,0.1,8814.1,100.0,-19.2,-29.31,-2462.04,-0.03,0,0.0,192,0.22,15794.7,1326754.8,15.79,881.41,0.1,10,5.0,0.01,0,0.0,10.11,88525
391,BUY_A,ST_FLIP_RED,2025-12-22T04:00:00,2025-12-22T06:00:00,long,88525,88333,100,0.1,8852.5,100.0,-19.2,-29.31,-2462.04,-0.03,0,0.0,192,0.22,15765.39,1324292.76,15.77,885.25,0.1,10,5.0,0.01,0,0.0,10.11,88141
392,SELL_A,ST_FLIP_GREEN,2025-12-22T06:00:00,2025-12-22T08:00:00,short,88333,88717,100,0.1,8833.3,100.0,-38.4,-48.51,-4074.84,-0.05,0,0.0,384,0.43,15716.88,1320217.92,15.72,883.33,0.1,10,5.0,0.01,0,0.0,10.11,88717
393,BUY_A,ST_FLIP_RED,2025-12-22T08:00:00,2025-12-22T22:00:00,long,88909,89677,100,0.1,8890.9,100.0,76.8,66.69,5601.96,0.07,768,0.86,0,0.0,15783.57,1325819.88,15.78,889.09,0.1,10,5.0,0.01,0,0.0,10.11,88525
394,SELL_A,ST_FLIP_GREEN,2025-12-22T22:00:00,2025-12-23T04:00:00,short,89677,88717,100,0.1,8967.7,100.0,96.0,85.89,7214.76,0.09,960,1.07,0,0.0,15869.46,1333034.64,15.87,896.77,0.1,10,5.0,0.01,0,0.0,10.11,90061
395,SELL_B,ST_FLIP_GREEN,2025-12-23T08:00:00,2025-12-23T12:00:00,short,88141,87757,100,0.1,8814.1,100.0,38.4,28.29,2376.36,0.03,384,0.44,0,0.0,15897.75,1335411.0,15.9,881.41,0.1,10,5.0,0.01,0,0.0,10.11,88525
396,BUY_A,ST_FLIP_RED,2025-12-23T12:00:00,2025-12-24T04:00:00,long,87757,87181,100,0.1,8775.7,100.0,-57.6,-67.71,-5687.64,-0.07,0,0.0,576,0.66,15830.04,1329723.36,15.83,877.57,0.1,10,5.0,0.01,0,0.0,10.11,87373
397,SELL_A,ST_FLIP_GREEN,2025-12-24T10:00:00,2025-12-24T22:00:00,short,86989,87565,100,0.1,8698.9,100.0,-57.6,-67.71,-5687.64,-0.07,0,0.0,576,0.66,15762.33,1324035.72,15.76,869.89,0.1,10,5.0,0.01,0,0.0,10.11,87373
398,BUY_B,ST_FLIP_RED,2025-12-24T22:00:00,2025-12-26T00:00:00,long,87565,87757,100,0.1,8756.5,100.0,19.2,9.09,763.56,0.01,192,0.22,0,0.0,15771.42,1324799.28,15.77,875.65,0.1,10,5.0,0.01,0,0.0,10.11,87181
399,SELL_A,ST_FLIP_GREEN,2025-12-26T00:00:00,2025-12-26T06:00:00,short,87565,87757,100,0.1,8756.5,100.0,-19.2,-29.31,-2462.04,-0.03,0,0.0,192,0.22,15742.11,1322337.24,15.74,875.65,0.1,10,5.0,0.01,0,0.0,10.11,87949
400,BUY_A,ST_FLIP_RED,2025-12-26T06:00:00,2025-12-26T08:00:00,long,87757,88525,100,0.1,8775.7,100.0,76.8,66.69,5601.96,0.07,768,0.88,0,0.0,15808.8,1327939.2,15.81,877.57,0.1,10,5.0,0.01,0,0.0,10.11,87373
401,SELL_A,ST_FLIP_GREEN,2025-12-26T08:00:00,2025-12-26T10:00:00,short,88525,89101,100,0.1,8852.5,100.0,-57.6,-67.71,-5687.64,-0.07,0,0.0,576,0.65,15741.09,1322251.56,15.74,885.25,0.1,10,5.0,0.01,0,0.0,10.11,88909
402,BUY_A,ST_FLIP_RED,2025-12-26T10:00:00,2025-12-26T20:00:00,long,89101,88333,100,0.1,8910.1,100.0,-76.8,-86.91,-7300.44,-0.09,0,0.0,768,0.86,15654.18,1314951.12,15.65,891.01,0.1,10,5.0,0.01,0,0.0,10.11,88717
403,SELL_B,ST_FLIP_GREEN,2025-12-26T20:00:00,2025-12-27T00:00:00,short,88333,87757,100,0.1,8833.3,100.0,57.6,47.49,3989.16,0.05,576,0.65,0,0.0,15701.67,1318940.28,15.7,883.33,0.1,10,5.0,0.01,0,0.0,10.11,88717
404,BUY_A,ST_FLIP_RED,2025-12-27T00:00:00,2025-12-27T04:00:00,long,87757,87181,100,0.1,8775.7,100.0,-57.6,-67.71,-5687.64,-0.07,0,0.0,576,0.66,15633.96,1313252.64,15.63,877.57,0.1,10,5.0,0.01,0,0.0,10.11,87373
405,SELL_B,ST_FLIP_GREEN,2025-12-27T04:00:00,2025-12-28T18:00:00,short,87181,87949,100,0.1,8718.1,100.0,-76.8,-86.91,-7300.44,-0.09,0,0.0,768,0.88,15547.05,1305952.2,15.55,871.81,0.1,10,5.0,0.01,0,0.0,10.11,87565
406,BUY_B,ST_FLIP_RED,2025-12-28T18:00:00,2025-12-29T14:00:00,long,87949,89485,100,0.1,8794.9,100.0,153.6,143.49,12053.16,0.14,1536,1.75,0,0.0,15690.54,1318005.36,15.69,879.49,0.1,10,5.0,0.01,0,0.0,10.11,87565
407,SELL_A,ST_FLIP_GREEN,2025-12-29T14:00:00,2025-12-30T12:00:00,short,89485,87949,100,0.1,8948.5,100.0,153.6,143.49,12053.16,0.14,1536,1.72,0,0.0,15834.03,1330058.52,15.83,894.85,0.1,10,5.0,0.01,0,0.0,10.11,89869
408,BUY_A,ST_FLIP_RED,2025-12-30T12:00:00,2025-12-30T22:00:00,long,87949,88525,100,0.1,8794.9,100.0,57.6,47.49,3989.16,0.05,576,0.65,0,0.0,15881.52,1334047.68,15.88,879.49,0.1,10,5.0,0.01,0,0.0,10.11,87565
409,SELL_A,ST_FLIP_GREEN,2025-12-30T22:00:00,2025-12-31T06:00:00,short,88333,88717,100,0.1,8833.3,100.0,-38.4,-48.51,-4074.84,-0.05,0,0.0,384,0.43,15833.01,1329972.84,15.83,883.33,0.1,10,5.0,0.01,0,0.0,10.11,88717
410,BUY_A,ST_FLIP_RED,2025-12-31T06:00:00,2025-12-31T20:00:00,long,88717,88333,100,0.1,8871.7,100.0,-38.4,-48.51,-4074.84,-0.05,0,0.0,384,0.43,15784.5,1325898.0,15.78,887.17,0.1,10,5.0,0.01,0,0.0,10.11,88333
411,SELL_A,ST_FLIP_GREEN,2025-12-31T20:00:00,2026-01-01T16:00:00,short,88333,88141,100,0.1,8833.3,100.0,19.2,9.09,763.56,0.01,192,0.22,0,0.0,15793.59,1326661.56,15.79,883.33,0.1,10,5.0,0.01,0,0.0,10.11,88717
412,BUY_A,ST_FLIP_RED,2026-01-01T16:00:00,2026-01-02T18:00:00,long,88141,88909,100,0.1,8814.1,100.0,76.8,66.69,5601.96,0.07,768,0.87,0,0.0,15860.28,1332263.52,15.86,881.41,0.1,10,5.0,0.01,0,0.0,10.11,87757
413,SELL_A,ST_FLIP_GREEN,2026-01-02T18:00:00,2026-01-02T20:00:00,short,88909,89293,100,0.1,8890.9,100.0,-38.4,-48.51,-4074.84,-0.05,0,0.0,384,0.43,15811.77,1328188.68,15.81,889.09,0.1,10,5.0,0.01,0,0.0,10.11,89293
414,BUY_A,ST_FLIP_RED,2026-01-02T20:00:00,2026-01-03T00:00:00,long,89293,89677,100,0.1,8929.3,100.0,38.4,28.29,2376.36,0.03,384,0.43,0,0.0,15840.06,1330565.04,15.84,892.93,0.1,10,5.0,0.01,0,0.0,10.11,88909
415,SELL_A,ST_FLIP_GREEN,2026-01-03T00:00:00,2026-01-03T02:00:00,short,89677,90253,100,0.1,8967.7,100.0,-57.6,-67.71,-5687.64,-0.07,0,0.0,576,0.64,15772.35,1324877.4,15.77,896.77,0.1,10,5.0,0.01,0,0.0,10.11,90061
416,BUY_A,ST_FLIP_RED,2026-01-04T02:00:00,2026-01-06T02:00:00,long,90445,94093,100,0.1,9044.5,100.0,364.8,354.69,29793.96,0.35,3648,4.03,0,0.0,16127.04,1354671.36,16.13,904.45,0.1,10,5.0,0.01,0,0.0,10.11,90061
417,SELL_B,ST_FLIP_GREEN,2026-01-06T02:00:00,2026-01-06T16:00:00,short,94093,93901,100,0.1,9409.3,100.0,19.2,9.09,763.56,0.01,192,0.2,0,0.0,16136.13,1355434.92,16.14,940.93,0.1,10,5.0,0.01,0,0.0,10.11,94477
418,BUY_A,ST_FLIP_RED,2026-01-06T18:00:00,2026-01-06T20:00:00,long,94285,93709,100,0.1,9428.5,100.0,-57.6,-67.71,-5687.64,-0.07,0,0.0,576,0.61,16068.42,1349747.28,16.07,942.85,0.1,10,5.0,0.01,0,0.0,10.11,93901
419,SELL_B,ST_FLIP_GREEN,2026-01-06T20:00:00,2026-01-07T00:00:00,short,93709,92557,100,0.1,9370.9,100.0,115.2,105.09,8827.56,0.11,1152,1.23,0,0.0,16173.51,1358574.84,16.17,937.09,0.1,10,5.0,0.01,0,0.0,10.11,94093
420,BUY_A,ST_FLIP_RED,2026-01-07T00:00:00,2026-01-07T06:00:00,long,92557,92749,100,0.1,9255.7,100.0,19.2,9.09,763.56,0.01,192,0.21,0,0.0,16182.6,1359338.4,16.18,925.57,0.1,10,5.0,0.01,0,0.0,10.11,92173
421,SELL_A,ST_FLIP_GREEN,2026-01-07T06:00:00,2026-01-08T12:00:00,short,92557,90829,100,0.1,9255.7,100.0,172.8,162.69,13665.96,0.16,1728,1.87,0,0.0,16345.29,1373004.36,16.35,925.57,0.1,10,5.0,0.01,0,0.0,10.11,92941
422,BUY_A,ST_FLIP_RED,2026-01-08T12:00:00,2026-01-08T14:00:00,long,90829,90253,100,0.1,9082.9,100.0,-57.6,-67.71,-5687.64,-0.07,0,0.0,576,0.63,16277.58,1367316.72,16.28,908.29,0.1,10,5.0,0.01,0,0.0,10.11,90445
423,SELL_A,ST_FLIP_GREEN,2026-01-08T18:00:00,2026-01-08T20:00:00,short,89869,90253,100,0.1,8986.9,100.0,-38.4,-48.51,-4074.84,-0.05,0,0.0,384,0.43,16229.07,1363241.88,16.23,898.69,0.1,10,5.0,0.01,0,0.0,10.11,90253
424,BUY_B,ST_FLIP_RED,2026-01-08T20:00:00,2026-01-09T00:00:00,long,90253,90637,100,0.1,9025.3,100.0,38.4,28.29,2376.36,0.03,384,0.43,0,0.0,16257.36,1365618.24,16.26,902.53,0.1,10,5.0,0.01,0,0.0,10.11,89869
425,SELL_A,ST_FLIP_GREEN,2026-01-09T00:00:00,2026-01-09T02:00:00,short,90445,91021,100,0.1,9044.5,100.0,-57.6,-67.71,-5687.64,-0.07,0,0.0,576,0.64,16189.65,1359930.6,16.19,904.45,0.1,10,5.0,0.01,0,0.0,10.11,90829
426,BUY_B,ST_FLIP_RED,2026-01-09T02:00:00,2026-01-09T10:00:00,long,91021,90829,100,0.1,9102.1,100.0,-19.2,-29.31,-2462.04,-0.03,0,0.0,192,0.21,16160.34,1357468.56,16.16,910.21,0.1,10,5.0,0.01,0,0.0,10.11,90637
427,SELL_A,ST_FLIP_GREEN,2026-01-09T10:00:00,2026-01-09T20:00:00,short,90829,91021,100,0.1,9082.9,100.0,-19.2,-29.31,-2462.04,-0.03,0,0.0,192,0.21,16131.03,1355006.52,16.13,908.29,0.1,10,5.0,0.01,0,0.0,10.11,91213
428,BUY_A,ST_FLIP_RED,2026-01-09T20:00:00,2026-01-09T22:00:00,long,91021,90829,100,0.1,9102.1,100.0,-19.2,-29.31,-2462.04,-0.03,0,0.0,192,0.21,16101.72,1352544.48,16.1,910.21,0.1,10,5.0,0.01,0,0.0,10.11,90637
429,SELL_A,ST_FLIP_GREEN,2026-01-09T22:00:00,2026-01-11T16:00:00,short,90829,91021,100,0.1,9082.9,100.0,-19.2,-29.31,-2462.04,-0.03,0,0.0,192,0.21,16072.41,1350082.44,16.07,908.29,0.1,10,5.0,0.01,0,0.0,10.11,91213
430,BUY_A,ST_FLIP_RED,2026-01-11T16:00:00,2026-01-12T12:00:00,long,91021,91405,100,0.1,9102.1,100.0,38.4,28.29,2376.36,0.03,384,0.42,0,0.0,16100.7,1352458.8,16.1,910.21,0.1,10,5.0,0.01,0,0.0,10.11,90637
431,SELL_A,ST_FLIP_GREEN,2026-01-12T12:00:00,2026-01-12T20:00:00,short,91405,90829,100,0.1,9140.5,100.0,57.6,47.49,3989.16,0.05,576,0.63,0,0.0,16148.19,1356447.96,16.15,914.05,0.1,10,5.0,0.01,0,0.0,10.11,91789
432,BUY_A,ST_FLIP_RED,2026-01-12T20:00:00,2026-01-12T22:00:00,long,91021,91789,100,0.1,9102.1,100.0,76.8,66.69,5601.96,0.07,768,0.84,0,0.0,16214.88,1362049.92,16.21,910.21,0.1,10,5.0,0.01,0,0.0,10.11,90637
433,SELL_A,ST_FLIP_GREEN,2026-01-12T22:00:00,2026-01-13T10:00:00,short,91789,91981,100,0.1,9178.9,100.0,-19.2,-29.31,-2462.04,-0.03,0,0.0,192,0.21,16185.57,1359587.88,16.19,917.89,0.1,10,5.0,0.01,0,0.0,10.11,92173
434,BUY_A,ST_FLIP_RED,2026-01-13T14:00:00,2026-01-14T10:00:00,long,92173,94861,100,0.1,9217.3,100.0,268.8,258.69,21729.96,0.26,2688,2.92,0,0.0,16444.26,1381317.84,16.44,921.73,0.1,10,5.0,0.01,0,0.0,10.11,91789
435,SELL_B,ST_FLIP_GREEN,2026-01-14T10:00:00,2026-01-14T12:00:00,short,94861,95053,100,0.1,9486.1,100.0,-19.2,-29.31,-2462.04,-0.03,0,0.0,192,0.2,16414.95,1378855.8,16.41,948.61,0.1,10,5.0,0.01,0,0.0,10.11,95245
436,BUY_A,ST_FLIP_RED,2026-01-14T20:00:00,2026-01-15T04:00:00,long,95629,96589,100,0.1,9562.9,100.0,96.0,85.89,7214.76,0.09,960,1.0,0,0.0,16500.84,1386070.56,16.5,956.29,0.1,10,5.0,0.01,0,0.0,10.11,95245
437,SELL_B,ST_FLIP_GREEN,2026-01-15T04:00:00,2026-01-16T02:00:00,short,96589,95821,100,0.1,9658.9,100.0,76.8,66.69,5601.96,0.07,768,0.8,0,0.0,16567.53,1391672.52,16.57,965.89,0.1,10,5.0,0.01,0,0.0,10.11,96973
438,SELL_B,ST_FLIP_GREEN,2026-01-16T08:00:00,2026-01-16T22:00:00,short,95245,95245,100,0.1,9524.5,100.0,0.0,-10.11,-849.24,-0.01,0,0.0,0,0.0,16557.42,1390823.28,16.56,952.45,0.1,10,5.0,0.01,0,0.0,10.11,95629
439,BUY_A,ST_FLIP_RED,2026-01-16T22:00:00,2026-01-18T06:00:00,long,95245,94861,100,0.1,9524.5,100.0,-38.4,-48.51,-4074.84,-0.05,0,0.0,384,0.4,16508.91,1386748.44,16.51,952.45,0.1,10,5.0,0.01,0,0.0,10.11,94861
440,SELL_A,ST_FLIP_GREEN,2026-01-18T06:00:00,2026-01-19T14:00:00,short,94861,93133,100,0.1,9486.1,100.0,172.8,162.69,13665.96,0.16,1728,1.82,0,0.0,16671.6,1400414.4,16.67,948.61,0.1,10,5.0,0.01,0,0.0,10.11,95245
441,BUY_A,ST_FLIP_RED,2026-01-19T14:00:00,2026-01-20T04:00:00,long,93133,92557,100,0.1,9313.3,100.0,-57.6,-67.71,-5687.64,-0.07,0,0.0,576,0.62,16603.89,1394726.76,16.6,931.33,0.1,10,5.0,0.01,0,0.0,10.11,92749
442,SELL_A,ST_FLIP_GREEN,2026-01-20T10:00:00,2026-01-21T08:00:00,short,92173,89293,100,0.1,9217.3,100.0,288.0,277.89,23342.76,0.28,2880,3.12,0,0.0,16881.78,1418069.52,16.88,921.73,0.1,10,5.0,0.01,0,0.0,10.11,92557
443,BUY_B,ST_FLIP_RED,2026-01-21T08:00:00,2026-01-21T12:00:00,long,89293,89101,100,0.1,8929.3,100.0,-19.2,-29.31,-2462.04,-0.03,0,0.0,192,0.22,16852.47,1415607.48,16.85,892.93,0.1,10,5.0,0.01,0,0.0,10.11,88909
444,SELL_A,ST_FLIP_GREEN,2026-01-21T16:00:00,2026-01-21T18:00:00,short,88525,88909,100,0.1,8852.5,100.0,-38.4,-48.51,-4074.84,-0.05,0,0.0,384,0.43,16803.96,1411532.64,16.8,885.25,0.1,10,5.0,0.01,0,0.0,10.11,88909
445,BUY_B,ST_FLIP_RED,2026-01-21T18:00:00,2026-01-21T22:00:00,long,88909,89101,100,0.1,8890.9,100.0,19.2,9.09,763.56,0.01,192,0.22,0,0.0,16813.05,1412296.2,16.81,889.09,0.1,10,5.0,0.01,0,0.0,10.11,88525
446,SELL_A,ST_FLIP_GREEN,2026-01-21T22:00:00,2026-01-22T00:00:00,short,88717,88525,100,0.1,8871.7,100.0,19.2,9.09,763.56,0.01,192,0.22,0,0.0,16822.14,1413059.76,16.82,887.17,0.1,10,5.0,0.01,0,0.0,10.11,89101
447,BUY_A,ST_FLIP_RED,2026-01-22T00:00:00,2026-01-22T12:00:00,long,88525,89677,100,0.1,8852.5,100.0,115.2,105.09,8827.56,0.11,1152,1.3,0,0.0,16927.23,1421887.32,16.93,885.25,0.1,10,5.0,0.01,0,0.0,10.11,88141
448,SELL_A,ST_FLIP_GREEN,2026-01-22T12:00:00,2026-01-22T22:00:00,short,89677,89677,100,0.1,8967.7,100.0,0.0,-10.11,-849.24,-0.01,0,0.0,0,0.0,16917.12,1421038.08,16.92,896.77,0.1,10,5.0,0.01,0,0.0,10.11,90061
449,BUY_A,ST_FLIP_RED,2026-01-23T08:00:00,2026-01-23T10:00:00,long,89869,89293,100,0.1,8986.9,100.0,-57.6,-67.71,-5687.64,-0.07,0,0.0,576,0.64,16849.41,1415350.44,16.85,898.69,0.1,10,5.0,0.01,0,0.0,10.11,89485
450,SELL_B,ST_FLIP_GREEN,2026-01-23T10:00:00,2026-01-23T18:00:00,short,89293,89677,100,0.1,8929.3,100.0,-38.4,-48.51,-4074.84,-0.05,0,0.0,384,0.43,16800.9,1411275.6,16.8,892.93,0.1,10,5.0,0.01,0,0.0,10.11,89677
451,BUY_A,ST_FLIP_RED,2026-01-23T18:00:00,2026-01-24T00:00:00,long,89677,90253,100,0.1,8967.7,100.0,57.6,47.49,3989.16,0.05,576,0.64,0,0.0,16848.39,1415264.76,16.85,896.77,0.1,10,5.0,0.01,0,0.0,10.11,89293
452,SELL_A,ST_FLIP_GREEN,2026-01-24T00:00:00,2026-01-26T04:00:00,short,90253,86989,100,0.1,9025.3,100.0,326.4,316.29,26568.36,0.32,3264,3.62,0,0.0,17164.68,1441833.12,17.16,902.53,0.1,10,5.0,0.01,0,0.0,10.11,90637
453,BUY_B,ST_FLIP_RED,2026-01-26T04:00:00,2026-01-26T18:00:00,long,86989,87565,100,0.1,8698.9,100.0,57.6,47.49,3989.16,0.05,576,0.66,0,0.0,17212.17,1445822.28,17.21,869.89,0.1,10,5.0,0.01,0,0.0,10.11,86605
454,BUY_B,ST_FLIP_RED,2026-01-26T22:00:00,2026-01-27T12:00:00,long,88141,88141,100,0.1,8814.1,100.0,0.0,-10.11,-849.24,-0.01,0,0.0,0,0.0,17202.06,1444973.04,17.2,881.41,0.1,10,5.0,0.01,0,0.0,10.11,87757
455,SELL_A,ST_FLIP_GREEN,2026-01-27T12:00:00,2026-01-28T00:00:00,short,88141,88525,100,0.1,8814.1,100.0,-38.4,-48.51,-4074.84,-0.05,0,0.0,384,0.44,17153.55,1440898.2,17.15,881.41,0.1,10,5.0,0.01,0,0.0,10.11,88525
456,BUY_A,ST_FLIP_RED,2026-01-28T00:00:00,2026-01-29T02:00:00,long,88525,89293,100,0.1,8852.5,100.0,76.8,66.69,5601.96,0.07,768,0.87,0,0.0,17220.24,1446500.16,17.22,885.25,0.1,10,5.0,0.01,0,0.0,10.11,88141
457,SELL_A,ST_FLIP_GREEN,2026-01-29T02:00:00,2026-01-30T02:00:00,short,89293,84493,100,0.1,8929.3,100.0,480.0,469.89,39470.76,0.47,4800,5.38,0,0.0,17690.13,1485970.92,17.69,892.93,0.1,10,5.0,0.01,0,0.0,10.11,89677
458,BUY_B,ST_FLIP_RED,2026-01-30T02:00:00,2026-01-30T06:00:00,long,84493,83917,100,0.1,8449.3,100.0,-57.6,-67.71,-5687.64,-0.07,0,0.0,576,0.68,17622.42,1480283.28,17.62,844.93,0.1,10,5.0,0.01,0,0.0,10.11,84109
459,SELL_A,ST_FLIP_GREEN,2026-01-30T06:00:00,2026-01-30T08:00:00,short,83149,81997,100,0.1,8314.9,100.0,115.2,105.09,8827.56,0.11,1152,1.39,0,0.0,17727.51,1489110.84,17.73,831.49,0.1,10,5.0,0.01,0,0.0,10.11,83533
460,BUY_B,ST_FLIP_RED,2026-01-30T08:00:00,2026-01-30T10:00:00,long,81997,82573,100,0.1,8199.7,100.0,57.6,47.49,3989.16,0.05,576,0.7,0,0.0,17775.0,1493100.0,17.78,819.97,0.1,10,5.0,0.01,0,0.0,10.11,81613
461,BUY_B,ST_FLIP_RED,2026-01-30T18:00:00,2026-01-30T22:00:00,long,82957,82573,100,0.1,8295.7,100.0,-38.4,-48.51,-4074.84,-0.05,0,0.0,384,0.46,17726.49,1489025.16,17.73,829.57,0.1,10,5.0,0.01,0,0.0,10.11,82573
462,SELL_A,ST_FLIP_GREEN,2026-01-30T22:00:00,2026-01-31T00:00:00,short,82573,82957,100,0.1,8257.3,100.0,-38.4,-48.51,-4074.84,-0.05,0,0.0,384,0.47,17677.98,1484950.32,17.68,825.73,0.1,10,5.0,0.01,0,0.0,10.11,82957
463,BUY_A,ST_FLIP_RED,2026-01-31T00:00:00,2026-01-31T10:00:00,long,82957,83533,100,0.1,8295.7,100.0,57.6,47.49,3989.16,0.05,576,0.69,0,0.0,17725.47,1488939.48,17.73,829.57,0.1,10,5.0,0.01,0,0.0,10.11,82573
464,SELL_A,ST_FLIP_GREEN,2026-01-31T10:00:00,2026-02-01T02:00:00,short,83533,77965,100,0.1,8353.3,100.0,556.8,546.69,45921.96,0.55,5568,6.67,0,0.0,18272.16,1534861.44,18.27,835.33,0.1,10,5.0,0.01,0,0.0,10.11,83917
465,BUY_B,ST_FLIP_RED,2026-02-01T02:00:00,2026-02-01T12:00:00,long,77965,78349,100,0.1,7796.5,100.0,38.4,28.29,2376.36,0.03,384,0.49,0,0.0,18300.45,1537237.8,18.3,779.65,0.1,10,5.0,0.01,0,0.0,10.11,77581
466,BUY_B,ST_FLIP_RED,2026-02-01T14:00:00,2026-02-01T16:00:00,long,78925,78541,100,0.1,7892.5,100.0,-38.4,-48.51,-4074.84,-0.05,0,0.0,384,0.49,18251.94,1533162.96,18.25,789.25,0.1,10,5.0,0.01,0,0.0,10.11,78541
467,SELL_A,ST_FLIP_GREEN,2026-02-01T16:00:00,2026-02-01T22:00:00,short,78349,78157,100,0.1,7834.9,100.0,19.2,9.09,763.56,0.01,192,0.25,0,0.0,18261.03,1533926.52,18.26,783.49,0.1,10,5.0,0.01,0,0.0,10.11,78733
468,BUY_A,ST_FLIP_RED,2026-02-01T22:00:00,2026-02-02T00:00:00,long,78157,77581,100,0.1,7815.7,100.0,-57.6,-67.71,-5687.64,-0.07,0,0.0,576,0.74,18193.32,1528238.88,18.19,781.57,0.1,10,5.0,0.01,0,0.0,10.11,77773
469,SELL_A,ST_FLIP_GREEN,2026-02-02T00:00:00,2026-02-02T02:00:00,short,77581,77197,100,0.1,7758.1,100.0,38.4,28.29,2376.36,0.03,384,0.49,0,0.0,18221.61,1530615.24,18.22,775.81,0.1,10,5.0,0.01,0,0.0,10.11,77965
470,BUY_A,ST_FLIP_RED,2026-02-02T02:00:00,2026-02-02T06:00:00,long,77197,77197,100,0.1,7719.7,100.0,0.0,-10.11,-849.24,-0.01,0,0.0,0,0.0,18211.5,1529766.0,18.21,771.97,0.1,10,5.0,0.01,0,0.0,10.11,76813
471,SELL_A,ST_FLIP_GREEN,2026-02-02T06:00:00,2026-02-02T12:00:00,short,77005,76237,100,0.1,7700.5,100.0,76.8,66.69,5601.96,0.07,768,1.0,0,0.0,18278.19,1535367.96,18.28,770.05,0.1,10,5.0,0.01,0,0.0,10.11,77389
472,BUY_A,ST_FLIP_RED,2026-02-02T12:00:00,2026-02-02T22:00:00,long,76237,78541,100,0.1,7623.7,100.0,230.4,220.29,18504.36,0.22,2304,3.02,0,0.0,18498.48,1553872.32,18.5,762.37,0.1,10,5.0,0.01,0,0.0,10.11,75853
473,SELL_A,ST_FLIP_GREEN,2026-02-02T22:00:00,2026-02-03T04:00:00,short,78541,78925,100,0.1,7854.1,100.0,-38.4,-48.51,-4074.84,-0.05,0,0.0,384,0.49,18449.97,1549797.48,18.45,785.41,0.1,10,5.0,0.01,0,0.0,10.11,78925
474,SELL_B,ST_FLIP_GREEN,2026-02-03T08:00:00,2026-02-04T00:00:00,short,78349,74701,100,0.1,7834.9,100.0,364.8,354.69,29793.96,0.35,3648,4.66,0,0.0,18804.66,1579591.44,18.8,783.49,0.1,10,5.0,0.01,0,0.0,10.11,78733
475,BUY_B,ST_FLIP_RED,2026-02-04T00:00:00,2026-02-04T18:00:00,long,74701,75853,100,0.1,7470.1,100.0,115.2,105.09,8827.56,0.11,1152,1.54,0,0.0,18909.75,1588419.0,18.91,747.01,0.1,10,5.0,0.01,0,0.0,10.11,74317
476,SELL_A,ST_FLIP_GREEN,2026-02-04T18:00:00,2026-02-05T12:00:00,short,75661,71245,100,0.1,7566.1,100.0,441.6,431.49,36245.16,0.43,4416,5.84,0,0.0,19341.24,1624664.16,19.34,756.61,0.1,10,5.0,0.01,0,0.0,10.11,76045
477,BUY_B,ST_FLIP_RED,2026-02-05T12:00:00,2026-02-05T16:00:00,long,71245,71053,100,0.1,7124.5,100.0,-19.2,-29.31,-2462.04,-0.03,0,0.0,192,0.27,19311.93,1622202.12,19.31,712.45,0.1,10,5.0,0.01,0,0.0,10.11,70861
478,SELL_A,ST_FLIP_GREEN,2026-02-05T16:00:00,2026-02-05T18:00:00,short,70477,70093,100,0.1,7047.7,100.0,38.4,28.29,2376.36,0.03,384,0.54,0,0.0,19340.22,1624578.48,19.34,704.77,0.1,10,5.0,0.01,0,0.0,10.11,70861
479,BUY_B,ST_FLIP_RED,2026-02-05T18:00:00,2026-02-05T20:00:00,long,70093,69709,100,0.1,7009.3,100.0,-38.4,-48.51,-4074.84,-0.05,0,0.0,384,0.55,19291.71,1620503.64,19.29,700.93,0.1,10,5.0,0.01,0,0.0,10.11,69709
480,SELL_A,ST_FLIP_GREEN,2026-02-05T20:00:00,2026-02-06T06:00:00,short,69325,62029,100,0.1,6932.5,100.0,729.6,719.49,60437.16,0.72,7296,10.52,0,0.0,20011.2,1680940.8,20.01,693.25,0.1,10,5.0,0.01,0,0.0,10.11,69709
481,BUY_B,ST_FLIP_RED,2026-02-06T06:00:00,2026-02-06T12:00:00,long,62029,65101,100,0.1,6202.9,100.0,307.2,297.09,24955.56,0.3,3072,4.95,0,0.0,20308.29,1705896.36,20.31,620.29,0.1,10,5.0,0.01,0,0.0,10.11,61645
482,SELL_B,ST_FLIP_GREEN,2026-02-06T12:00:00,2026-02-06T14:00:00,short,65101,65293,100,0.1,6510.1,100.0,-19.2,-29.31,-2462.04,-0.03,0,0.0,192,0.29,20278.98,1703434.32,20.28,651.01,0.1,10,5.0,0.01,0,0.0,10.11,65485
483,BUY_A,ST_FLIP_RED,2026-02-06T14:00:00,2026-02-07T04:00:00,long,65677,70093,100,0.1,6567.7,100.0,441.6,431.49,36245.16,0.43,4416,6.72,0,0.0,20710.47,1739679.48,20.71,656.77,0.1,10,5.0,0.01,0,0.0,10.11,65293
484,SELL_B,ST_FLIP_GREEN,2026-02-07T04:00:00,2026-02-07T06:00:00,short,70093,70477,100,0.1,7009.3,100.0,-38.4,-48.51,-4074.84,-0.05,0,0.0,384,0.55,20661.96,1735604.64,20.66,700.93,0.1,10,5.0,0.01,0,0.0,10.11,70477
485,SELL_B,ST_FLIP_GREEN,2026-02-07T10:00:00,2026-02-07T16:00:00,short,70477,68557,100,0.1,7047.7,100.0,192.0,181.89,15278.76,0.18,1920,2.72,0,0.0,20843.85,1750883.4,20.84,704.77,0.1,10,5.0,0.01,0,0.0,10.11,70861
486,BUY_A,ST_FLIP_RED,2026-02-07T16:00:00,2026-02-07T18:00:00,long,68557,68749,100,0.1,6855.7,100.0,19.2,9.09,763.56,0.01,192,0.28,0,0.0,20852.94,1751646.96,20.85,685.57,0.1,10,5.0,0.01,0,0.0,10.11,68173
487,BUY_B,ST_FLIP_RED,2026-02-07T20:00:00,2026-02-08T04:00:00,long,69325,68941,100,0.1,6932.5,100.0,-38.4,-48.51,-4074.84,-0.05,0,0.0,384,0.55,20804.43,1747572.12,20.8,693.25,0.1,10,5.0,0.01,0,0.0,10.11,68941
488,BUY_B,ST_FLIP_RED,2026-02-08T12:00:00,2026-02-09T04:00:00,long,69709,70477,100,0.1,6970.9,100.0,76.8,66.69,5601.96,0.07,768,1.1,0,0.0,20871.12,1753174.08,20.87,697.09,0.1,10,5.0,0.01,0,0.0,10.11,69325
489,SELL_A,ST_FLIP_GREEN,2026-02-09T04:00:00,2026-02-09T08:00:00,short,70477,70861,100,0.1,7047.7,100.0,-38.4,-48.51,-4074.84,-0.05,0,0.0,384,0.54,20822.61,1749099.24,20.82,704.77,0.1,10,5.0,0.01,0,0.0,10.11,70861
490,BUY_A,ST_FLIP_RED,2026-02-09T08:00:00,2026-02-09T10:00:00,long,71053,70669,100,0.1,7105.3,100.0,-38.4,-48.51,-4074.84,-0.05,0,0.0,384,0.54,20774.1,1745024.4,20.77,710.53,0.1,10,5.0,0.01,0,0.0,10.11,70669
491,SELL_B,ST_FLIP_GREEN,2026-02-09T10:00:00,2026-02-09T20:00:00,short,70669,69709,100,0.1,7066.9,100.0,96.0,85.89,7214.76,0.09,960,1.36,0,0.0,20859.99,1752239.16,20.86,706.69,0.1,10,5.0,0.01,0,0.0,10.11,71053
492,BUY_A,ST_FLIP_RED,2026-02-09T22:00:00,2026-02-10T04:00:00,long,69901,69901,100,0.1,6990.1,100.0,0.0,-10.11,-849.24,-0.01,0,0.0,0,0.0,20849.88,1751389.92,20.85,699.01,0.1,10,5.0,0.01,0,0.0,10.11,69517
493,SELL_A,ST_FLIP_GREEN,2026-02-10T10:00:00,2026-02-10T18:00:00,short,69709,69325,100,0.1,6970.9,100.0,38.4,28.29,2376.36,0.03,384,0.55,0,0.0,20878.17,1753766.28,20.88,697.09,0.1,10,5.0,0.01,0,0.0,10.11,70093
494,BUY_A,ST_FLIP_RED,2026-02-10T18:00:00,2026-02-10T22:00:00,long,69325,68749,100,0.1,6932.5,100.0,-57.6,-67.71,-5687.64,-0.07,0,0.0,576,0.83,20810.46,1748078.64,20.81,693.25,0.1,10,5.0,0.01,0,0.0,10.11,68941
495,SELL_A,ST_FLIP_GREEN,2026-02-10T22:00:00,2026-02-11T18:00:00,short,68749,67597,100,0.1,6874.9,100.0,115.2,105.09,8827.56,0.11,1152,1.68,0,0.0,20915.55,1756906.2,20.92,687.49,0.1,10,5.0,0.01,0,0.0,10.11,69133
496,BUY_A,ST_FLIP_RED,2026-02-11T18:00:00,2026-02-11T20:00:00,long,67597,67597,100,0.1,6759.7,100.0,0.0,-10.11,-849.24,-0.01,0,0.0,0,0.0,20905.44,1756056.96,20.91,675.97,0.1,10,5.0,0.01,0,0.0,10.11,67213
497,SELL_A,ST_FLIP_GREEN,2026-02-11T20:00:00,2026-02-11T22:00:00,short,67213,67021,100,0.1,6721.3,100.0,19.2,9.09,763.56,0.01,192,0.29,0,0.0,20914.53,1756820.52,20.91,672.13,0.1,10,5.0,0.01,0,0.0,10.11,67597
498,BUY_A,ST_FLIP_RED,2026-02-11T22:00:00,2026-02-12T12:00:00,long,67021,66829,100,0.1,6702.1,100.0,-19.2,-29.31,-2462.04,-0.03,0,0.0,192,0.29,20885.22,1754358.48,20.89,670.21,0.1,10,5.0,0.01,0,0.0,10.11,66637
499,BUY_B,ST_FLIP_RED,2026-02-12T14:00:00,2026-02-12T20:00:00,long,67405,67213,100,0.1,6740.5,100.0,-19.2,-29.31,-2462.04,-0.03,0,0.0,192,0.28,20855.91,1751896.44,20.86,674.05,0.1,10,5.0,0.01,0,0.0,10.11,67021
500,SELL_A,ST_FLIP_GREEN,2026-02-12T20:00:00,2026-02-13T02:00:00,short,67021,65869,100,0.1,6702.1,100.0,115.2,105.09,8827.56,0.11,1152,1.72,0,0.0,20961.0,1760724.0,20.96,670.21,0.1,10,5.0,0.01,0,0.0,10.11,67405
501,BUY_A,ST_FLIP_RED,2026-02-13T02:00:00,2026-02-14T18:00:00,long,65869,69709,100,0.1,6586.9,100.0,384.0,373.89,31406.76,0.37,3840,5.83,0,0.0,21334.89,1792130.76,21.33,658.69,0.1,10,5.0,0.01,0,0.0,10.11,65485
502,SELL_B,ST_FLIP_GREEN,2026-02-14T18:00:00,2026-02-14T22:00:00,short,69709,69901,100,0.1,6970.9,100.0,-19.2,-29.31,-2462.04,-0.03,0,0.0,192,0.28,21305.58,1789668.72,21.31,697.09,0.1,10,5.0,0.01,0,0.0,10.11,70093
503,SELL_B,ST_FLIP_GREEN,2026-02-15T06:00:00,2026-02-15T08:00:00,short,69325,70093,100,0.1,6932.5,100.0,-76.8,-86.91,-7300.44,-0.09,0,0.0,768,1.11,21218.67,1782368.28,21.22,693.25,0.1,10,5.0,0.01,0,0.0,10.11,69709
504,BUY_A,ST_FLIP_RED,2026-02-15T08:00:00,2026-02-15T18:00:00,long,70285,69901,100,0.1,7028.5,100.0,-38.4,-48.51,-4074.84,-0.05,0,0.0,384,0.55,21170.16,1778293.44,21.17,702.85,0.1,10,5.0,0.01,0,0.0,10.11,69901
505,SELL_B,ST_FLIP_GREEN,2026-02-15T18:00:00,2026-02-16T02:00:00,short,69901,69133,100,0.1,6990.1,100.0,76.8,66.69,5601.96,0.07,768,1.1,0,0.0,21236.85,1783895.4,21.24,699.01,0.1,10,5.0,0.01,0,0.0,10.11,70285
506,SELL_B,ST_FLIP_GREEN,2026-02-16T06:00:00,2026-02-16T08:00:00,short,68557,68749,100,0.1,6855.7,100.0,-19.2,-29.31,-2462.04,-0.03,0,0.0,192,0.28,21207.54,1781433.36,21.21,685.57,0.1,10,5.0,0.01,0,0.0,10.11,68941
507,BUY_A,ST_FLIP_RED,2026-02-16T08:00:00,2026-02-16T18:00:00,long,68749,68749,100,0.1,6874.9,100.0,0.0,-10.11,-849.24,-0.01,0,0.0,0,0.0,21197.43,1780584.12,21.2,687.49,0.1,10,5.0,0.01,0,0.0,10.11,68365
508,SELL_A,ST_FLIP_GREEN,2026-02-16T18:00:00,2026-02-17T00:00:00,short,68557,68365,100,0.1,6855.7,100.0,19.2,9.09,763.56,0.01,192,0.28,0,0.0,21206.52,1781347.68,21.21,685.57,0.1,10,5.0,0.01,0,0.0,10.11,68941
509,BUY_A,ST_FLIP_RED,2026-02-17T00:00:00,2026-02-17T10:00:00,long,68365,68365,100,0.1,6836.5,100.0,0.0,-10.11,-849.24,-0.01,0,0.0,0,0.0,21196.41,1780498.44,21.2,683.65,0.1,10,5.0,0.01,0,0.0,10.11,67981
510,SELL_A,ST_FLIP_GREEN,2026-02-17T14:00:00,2026-02-18T08:00:00,short,68173,67789,100,0.1,6817.3,100.0,38.4,28.29,2376.36,0.03,384,0.56,0,0.0,21224.7,1782874.8,21.22,681.73,0.1,10,5.0,0.01,0,0.0,10.11,68557
511,BUY_A,ST_FLIP_RED,2026-02-18T08:00:00,2026-02-18T16:00:00,long,67789,67597,100,0.1,6778.9,100.0,-19.2,-29.31,-2462.04,-0.03,0,0.0,192,0.28,21195.39,1780412.76,21.2,677.89,0.1,10,5.0,0.01,0,0.0,10.11,67405
512,SELL_A,ST_FLIP_GREEN,2026-02-18T16:00:00,2026-02-19T06:00:00,short,67405,67021,100,0.1,6740.5,100.0,38.4,28.29,2376.36,0.03,384,0.57,0,0.0,21223.68,1782789.12,21.22,674.05,0.1,10,5.0,0.01,0,0.0,10.11,67789
513,BUY_A,ST_FLIP_RED,2026-02-19T06:00:00,2026-02-19T18:00:00,long,67021,66445,100,0.1,6702.1,100.0,-57.6,-67.71,-5687.64,-0.07,0,0.0,576,0.86,21155.97,1777101.48,21.16,670.21,0.1,10,5.0,0.01,0,0.0,10.11,66637
514,SELL_A,ST_FLIP_GREEN,2026-02-19T18:00:00,2026-02-19T22:00:00,short,66253,66445,100,0.1,6625.3,100.0,-19.2,-29.31,-2462.04,-0.03,0,0.0,192,0.29,21126.66,1774639.44,21.13,662.53,0.1,10,5.0,0.01,0,0.0,10.11,66637
515,BUY_B,ST_FLIP_RED,2026-02-19T22:00:00,2026-02-20T16:00:00,long,66445,67597,100,0.1,6644.5,100.0,115.2,105.09,8827.56,0.11,1152,1.73,0,0.0,21231.75,1783467.0,21.23,664.45,0.1,10,5.0,0.01,0,0.0,10.11,66061
516,SELL_A,ST_FLIP_GREEN,2026-02-20T16:00:00,2026-02-20T22:00:00,short,67405,67597,100,0.1,6740.5,100.0,-19.2,-29.31,-2462.04,-0.03,0,0.0,192,0.28,21202.44,1781004.96,21.2,674.05,0.1,10,5.0,0.01,0,0.0,10.11,67789
517,BUY_A,ST_FLIP_RED,2026-02-20T22:00:00,2026-02-22T04:00:00,long,67789,67789,100,0.1,6778.9,100.0,0.0,-10.11,-849.24,-0.01,0,0.0,0,0.0,21192.33,1780155.72,21.19,677.89,0.1,10,5.0,0.01,0,0.0,10.11,67405
518,SELL_A,ST_FLIP_GREEN,2026-02-22T04:00:00,2026-02-23T12:00:00,short,67789,65485,100,0.1,6778.9,100.0,230.4,220.29,18504.36,0.22,2304,3.4,0,0.0,21412.62,1798660.08,21.41,677.89,0.1,10,5.0,0.01,0,0.0,10.11,68173
519,BUY_A,ST_FLIP_RED,2026-02-23T12:00:00,2026-02-23T20:00:00,long,65485,65677,100,0.1,6548.5,100.0,19.2,9.09,763.56,0.01,192,0.29,0,0.0,21421.71,1799423.64,21.42,654.85,0.1,10,5.0,0.01,0,0.0,10.11,65101
520,SELL_A,ST_FLIP_GREEN,2026-02-23T22:00:00,2026-02-24T02:00:00,short,65293,64717,100,0.1,6529.3,100.0,57.6,47.49,3989.16,0.05,576,0.88,0,0.0,21469.2,1803412.8,21.47,652.93,0.1,10,5.0,0.01,0,0.0,10.11,65677
521,BUY_A,ST_FLIP_RED,2026-02-24T02:00:00,2026-02-24T06:00:00,long,64717,64525,100,0.1,6471.7,100.0,-19.2,-29.31,-2462.04,-0.03,0,0.0,192,0.3,21439.89,1800950.76,21.44,647.17,0.1,10,5.0,0.01,0,0.0,10.11,64333
522,SELL_A,ST_FLIP_GREEN,2026-02-24T06:00:00,2026-02-24T20:00:00,short,64141,63565,100,0.1,6414.1,100.0,57.6,47.49,3989.16,0.05,576,0.9,0,0.0,21487.38,1804939.92,21.49,641.41,0.1,10,5.0,0.01,0,0.0,10.11,64525
523,BUY_A,ST_FLIP_RED,2026-02-24T20:00:00,2026-02-25T04:00:00,long,63565,63757,100,0.1,6356.5,100.0,19.2,9.09,763.56,0.01,192,0.3,0,0.0,21496.47,1805703.48,21.5,635.65,0.1,10,5.0,0.01,0,0.0,10.11,63181
524,BUY_B,ST_FLIP_RED,2026-02-25T06:00:00,2026-02-25T08:00:00,long,64333,65677,100,0.1,6433.3,100.0,134.4,124.29,10440.36,0.12,1344,2.09,0,0.0,21620.76,1816143.84,21.62,643.33,0.1,10,5.0,0.01,0,0.0,10.11,63949
525,SELL_A,ST_FLIP_GREEN,2026-02-25T08:00:00,2026-02-25T16:00:00,short,65677,65677,100,0.1,6567.7,100.0,0.0,-10.11,-849.24,-0.01,0,0.0,0,0.0,21610.65,1815294.6,21.61,656.77,0.1,10,5.0,0.01,0,0.0,10.11,66061
526,BUY_A,ST_FLIP_RED,2026-02-25T18:00:00,2026-02-26T04:00:00,long,66061,68557,100,0.1,6606.1,100.0,249.6,239.49,20117.16,0.24,2496,3.78,0,0.0,21850.14,1835411.76,21.85,660.61,0.1,10,5.0,0.01,0,0.0,10.11,65677
527,SELL_B,ST_FLIP_GREEN,2026-02-26T04:00:00,2026-02-26T08:00:00,short,68557,68557,100,0.1,6855.7,100.0,0.0,-10.11,-849.24,-0.01,0,0.0,0,0.0,21840.03,1834562.52,21.84,685.57,0.1,10,5.0,0.01,0,0.0,10.11,68941
528,SELL_B,ST_FLIP_GREEN,2026-02-26T12:00:00,2026-02-27T00:00:00,short,67981,67597,100,0.1,6798.1,100.0,38.4,28.29,2376.36,0.03,384,0.56,0,0.0,21868.32,1836938.88,21.87,679.81,0.1,10,5.0,0.01,0,0.0,10.11,68365
529,BUY_A,ST_FLIP_RED,2026-02-27T08:00:00,2026-02-27T14:00:00,long,67789,67213,100,0.1,6778.9,100.0,-57.6,-67.71,-5687.64,-0.07,0,0.0,576,0.85,21800.61,1831251.24,21.8,677.89,0.1,10,5.0,0.01,0,0.0,10.11,67405
530,SELL_A,ST_FLIP_GREEN,2026-02-27T14:00:00,2026-02-28T06:00:00,short,67213,66061,100,0.1,6721.3,100.0,115.2,105.09,8827.56,0.11,1152,1.71,0,0.0,21905.7,1840078.8,21.91,672.13,0.1,10,5.0,0.01,0,0.0,10.11,67597
531,BUY_A,ST_FLIP_RED,2026-02-28T06:00:00,2026-02-28T08:00:00,long,66061,65485,100,0.1,6606.1,100.0,-57.6,-67.71,-5687.64,-0.07,0,0.0,576,0.87,21837.99,1834391.16,21.84,660.61,0.1,10,5.0,0.01,0,0.0,10.11,65677
532,SELL_A,ST_FLIP_GREEN,2026-02-28T10:00:00,2026-02-28T18:00:00,short,65293,64333,100,0.1,6529.3,100.0,96.0,85.89,7214.76,0.09,960,1.47,0,0.0,21923.88,1841605.92,21.92,652.93,0.1,10,5.0,0.01,0,0.0,10.11,65677
533,BUY_B,ST_FLIP_RED,2026-02-28T18:00:00,2026-03-01T10:00:00,long,64333,67021,100,0.1,6433.3,100.0,268.8,258.69,21729.96,0.26,2688,4.18,0,0.0,22182.57,1863335.88,22.18,643.33,0.1,10,5.0,0.01,0,0.0,10.11,63949
534,SELL_A,ST_FLIP_GREEN,2026-03-01T10:00:00,2026-03-01T18:00:00,short,67021,67021,100,0.1,6702.1,100.0,0.0,-10.11,-849.24,-0.01,0,0.0,0,0.0,22172.46,1862486.64,22.17,670.21,0.1,10,5.0,0.01,0,0.0,10.11,67405
535,SELL_B,ST_FLIP_GREEN,2026-03-01T22:00:00,2026-03-02T02:00:00,short,66445,65869,100,0.1,6644.5,100.0,57.6,47.49,3989.16,0.05,576,0.87,0,0.0,22219.95,1866475.8,22.22,664.45,0.1,10,5.0,0.01,0,0.0,10.11,66829
536,BUY_A,ST_FLIP_RED,2026-03-02T06:00:00,2026-03-02T10:00:00,long,66061,66253,100,0.1,6606.1,100.0,19.2,9.09,763.56,0.01,192,0.29,0,0.0,22229.04,1867239.36,22.23,660.61,0.1,10,5.0,0.01,0,0.0,10.11,65677
537,SELL_A,ST_FLIP_GREEN,2026-03-02T10:00:00,2026-03-02T20:00:00,short,66061,66253,100,0.1,6606.1,100.0,-19.2,-29.31,-2462.04,-0.03,0,0.0,192,0.29,22199.73,1864777.32,22.2,660.61,0.1,10,5.0,0.01,0,0.0,10.11,66445
538,BUY_A,ST_FLIP_RED,2026-03-02T20:00:00,2026-03-02T22:00:00,long,66253,68941,100,0.1,6625.3,100.0,268.8,258.69,21729.96,0.26,2688,4.06,0,0.0,22458.42,1886507.28,22.46,662.53,0.1,10,5.0,0.01,0,0.0,10.11,65869
539,SELL_B,ST_FLIP_GREEN,2026-03-02T22:00:00,2026-03-03T02:00:00,short,68941,69517,100,0.1,6894.1,100.0,-57.6,-67.71,-5687.64,-0.07,0,0.0,576,0.84,22390.71,1880819.64,22.39,689.41,0.1,10,5.0,0.01,0,0.0,10.11,69325
540,SELL_B,ST_FLIP_GREEN,2026-03-03T04:00:00,2026-03-03T16:00:00,short,68749,67213,100,0.1,6874.9,100.0,153.6,143.49,12053.16,0.14,1536,2.23,0,0.0,22534.2,1892872.8,22.53,687.49,0.1,10,5.0,0.01,0,0.0,10.11,69133
541,BUY_A,ST_FLIP_RED,2026-03-03T16:00:00,2026-03-03T18:00:00,long,67213,67021,100,0.1,6721.3,100.0,-19.2,-29.31,-2462.04,-0.03,0,0.0,192,0.29,22504.89,1890410.76,22.5,672.13,0.1,10,5.0,0.01,0,0.0,10.11,66829
542,BUY_B,ST_FLIP_RED,2026-03-03T20:00:00,2026-03-03T22:00:00,long,67597,68365,100,0.1,6759.7,100.0,76.8,66.69,5601.96,0.07,768,1.14,0,0.0,22571.58,1896012.72,22.57,675.97,0.1,10,5.0,0.01,0,0.0,10.11,67213
543,SELL_A,ST_FLIP_GREEN,2026-03-03T22:00:00,2026-03-04T10:00:00,short,68365,68173,100,0.1,6836.5,100.0,19.2,9.09,763.56,0.01,192,0.28,0,0.0,22580.67,1896776.28,22.58,683.65,0.1,10,5.0,0.01,0,0.0,10.11,68749
544,BUY_A,ST_FLIP_RED,2026-03-04T12:00:00,2026-03-04T16:00:00,long,68365,70861,100,0.1,6836.5,100.0,249.6,239.49,20117.16,0.24,2496,3.65,0,0.0,22820.16,1916893.44,22.82,683.65,0.1,10,5.0,0.01,0,0.0,10.11,67981
545,SELL_B,ST_FLIP_GREEN,2026-03-04T16:00:00,2026-03-04T18:00:00,short,70861,71053,100,0.1,7086.1,100.0,-19.2,-29.31,-2462.04,-0.03,0,0.0,192,0.27,22790.85,1914431.4,22.79,708.61,0.1,10,5.0,0.01,0,0.0,10.11,71245
546,BUY_A,ST_FLIP_RED,2026-03-04T18:00:00,2026-03-05T04:00:00,long,71629,72781,100,0.1,7162.9,100.0,115.2,105.09,8827.56,0.11,1152,1.61,0,0.0,22895.94,1923258.96,22.9,716.29,0.1,10,5.0,0.01,0,0.0,10.11,71245
547,SELL_B,ST_FLIP_GREEN,2026-03-05T04:00:00,2026-03-05T14:00:00,short,72781,72397,100,0.1,7278.1,100.0,38.4,28.29,2376.36,0.03,384,0.53,0,0.0,22924.23,1925635.32,22.92,727.81,0.1,10,5.0,0.01,0,0.0,10.11,73165
548,BUY_A,ST_FLIP_RED,2026-03-05T14:00:00,2026-03-05T18:00:00,long,72781,72589,100,0.1,7278.1,100.0,-19.2,-29.31,-2462.04,-0.03,0,0.0,192,0.26,22894.92,1923173.28,22.89,727.81,0.1,10,5.0,0.01,0,0.0,10.11,72397
549,SELL_A,ST_FLIP_GREEN,2026-03-05T18:00:00,2026-03-06T06:00:00,short,72589,71437,100,0.1,7258.9,100.0,115.2,105.09,8827.56,0.11,1152,1.59,0,0.0,23000.01,1932000.84,23.0,725.89,0.1,10,5.0,0.01,0,0.0,10.11,72973
550,BUY_A,ST_FLIP_RED,2026-03-06T06:00:00,2026-03-06T08:00:00,long,71437,70861,100,0.1,7143.7,100.0,-57.6,-67.71,-5687.64,-0.07,0,0.0,576,0.81,22932.3,1926313.2,22.93,714.37,0.1,10,5.0,0.01,0,0.0,10.11,71053
551,SELL_A,ST_FLIP_GREEN,2026-03-06T08:00:00,2026-03-06T12:00:00,short,70861,71053,100,0.1,7086.1,100.0,-19.2,-29.31,-2462.04,-0.03,0,0.0,192,0.27,22902.99,1923851.16,22.9,708.61,0.1,10,5.0,0.01,0,0.0,10.11,71245
552,BUY_B,ST_FLIP_RED,2026-03-06T12:00:00,2026-03-06T16:00:00,long,71053,70285,100,0.1,7105.3,100.0,-76.8,-86.91,-7300.44,-0.09,0,0.0,768,1.08,22816.08,1916550.72,22.82,710.53,0.1,10,5.0,0.01,0,0.0,10.11,70669
553,SELL_A,ST_FLIP_GREEN,2026-03-06T16:00:00,2026-03-08T14:00:00,short,70285,67597,100,0.1,7028.5,100.0,268.8,258.69,21729.96,0.26,2688,3.82,0,0.0,23074.77,1938280.68,23.07,702.85,0.1,10,5.0,0.01,0,0.0,10.11,70669
554,BUY_B,ST_FLIP_RED,2026-03-08T14:00:00,2026-03-08T16:00:00,long,67597,67597,100,0.1,6759.7,100.0,0.0,-10.11,-849.24,-0.01,0,0.0,0,0.0,23064.66,1937431.44,23.06,675.97,0.1,10,5.0,0.01,0,0.0,10.11,67213
555,SELL_A,ST_FLIP_GREEN,2026-03-08T22:00:00,2026-03-09T08:00:00,short,67021,66637,100,0.1,6702.1,100.0,38.4,28.29,2376.36,0.03,384,0.57,0,0.0,23092.95,1939807.8,23.09,670.21,0.1,10,5.0,0.01,0,0.0,10.11,67405
556,BUY_A,ST_FLIP_RED,2026-03-09T08:00:00,2026-03-09T22:00:00,long,66637,68365,100,0.1,6663.7,100.0,172.8,162.69,13665.96,0.16,1728,2.59,0,0.0,23255.64,1953473.76,23.26,666.37,0.1,10,5.0,0.01,0,0.0,10.11,66253
557,SELL_A,ST_FLIP_GREEN,2026-03-09T22:00:00,2026-03-10T00:00:00,short,68365,68941,100,0.1,6836.5,100.0,-57.6,-67.71,-5687.64,-0.07,0,0.0,576,0.84,23187.93,1947786.12,23.19,683.65,0.1,10,5.0,0.01,0,0.0,10.11,68749
558,BUY_A,ST_FLIP_RED,2026-03-10T06:00:00,2026-03-10T18:00:00,long,69133,70093,100,0.1,6913.3,100.0,96.0,85.89,7214.76,0.09,960,1.39,0,0.0,23273.82,1955000.88,23.27,691.33,0.1,10,5.0,0.01,0,0.0,10.11,68749
559,SELL_B,ST_FLIP_GREEN,2026-03-10T18:00:00,2026-03-10T20:00:00,short,70093,70285,100,0.1,7009.3,100.0,-19.2,-29.31,-2462.04,-0.03,0,0.0,192,0.27,23244.51,1952538.84,23.24,700.93,0.1,10,5.0,0.01,0,0.0,10.11,70477
560,BUY_A,ST_FLIP_RED,2026-03-10T20:00:00,2026-03-10T22:00:00,long,70669,70861,100,0.1,7066.9,100.0,19.2,9.09,763.56,0.01,192,0.27,0,0.0,23253.6,1953302.4,23.25,706.69,0.1,10,5.0,0.01,0,0.0,10.11,70285
561,SELL_A,ST_FLIP_GREEN,2026-03-10T22:00:00,2026-03-11T18:00:00,short,70861,70093,100,0.1,7086.1,100.0,76.8,66.69,5601.96,0.07,768,1.08,0,0.0,23320.29,1958904.36,23.32,708.61,0.1,10,5.0,0.01,0,0.0,10.11,71245
562,BUY_A,ST_FLIP_RED,2026-03-11T18:00:00,2026-03-12T04:00:00,long,70285,70093,100,0.1,7028.5,100.0,-19.2,-29.31,-2462.04,-0.03,0,0.0,192,0.27,23290.98,1956442.32,23.29,702.85,0.1,10,5.0,0.01,0,0.0,10.11,69901
563,SELL_A,ST_FLIP_GREEN,2026-03-12T06:00:00,2026-03-12T14:00:00,short,69901,70093,100,0.1,6990.1,100.0,-19.2,-29.31,-2462.04,-0.03,0,0.0,192,0.27,23261.67,1953980.28,23.26,699.01,0.1,10,5.0,0.01,0,0.0,10.11,70285
564,BUY_A,ST_FLIP_RED,2026-03-12T14:00:00,2026-03-13T20:00:00,long,70093,72973,100,0.1,7009.3,100.0,288.0,277.89,23342.76,0.28,2880,4.11,0,0.0,23539.56,1977323.04,23.54,700.93,0.1,10,5.0,0.01,0,0.0,10.11,69709
565,SELL_B,ST_FLIP_GREEN,2026-03-13T20:00:00,2026-03-14T08:00:00,short,72973,71245,100,0.1,7297.3,100.0,172.8,162.69,13665.96,0.16,1728,2.37,0,0.0,23702.25,1990989.0,23.7,729.73,0.1,10,5.0,0.01,0,0.0,10.11,73357
566,BUY_A,ST_FLIP_RED,2026-03-14T08:00:00,2026-03-14T10:00:00,long,71245,70669,100,0.1,7124.5,100.0,-57.6,-67.71,-5687.64,-0.07,0,0.0,576,0.81,23634.54,1985301.36,23.63,712.45,0.1,10,5.0,0.01,0,0.0,10.11,70861
567,SELL_A,ST_FLIP_GREEN,2026-03-14T10:00:00,2026-03-15T04:00:00,short,70669,71053,100,0.1,7066.9,100.0,-38.4,-48.51,-4074.84,-0.05,0,0.0,384,0.54,23586.03,1981226.52,23.59,706.69,0.1,10,5.0,0.01,0,0.0,10.11,71053
568,BUY_B,ST_FLIP_RED,2026-03-15T04:00:00,2026-03-15T18:00:00,long,71053,71245,100,0.1,7105.3,100.0,19.2,9.09,763.56,0.01,192,0.27,0,0.0,23595.12,1981990.08,23.6,710.53,0.1,10,5.0,0.01,0,0.0,10.11,70669
569,BUY_B,ST_FLIP_RED,2026-03-15T22:00:00,2026-03-17T08:00:00,long,71821,74509,100,0.1,7182.1,100.0,268.8,258.69,21729.96,0.26,2688,3.74,0,0.0,23853.81,2003720.04,23.85,718.21,0.1,10,5.0,0.01,0,0.0,10.11,71437
570,SELL_B,ST_FLIP_GREEN,2026-03-17T08:00:00,2026-03-17T20:00:00,short,74509,74317,100,0.1,7450.9,100.0,19.2,9.09,763.56,0.01,192,0.26,0,0.0,23862.9,2004483.6,23.86,745.09,0.1,10,5.0,0.01,0,0.0,10.11,74893
571,SELL_B,ST_FLIP_GREEN,2026-03-18T04:00:00,2026-03-18T06:00:00,short,73933,74317,100,0.1,7393.3,100.0,-38.4,-48.51,-4074.84,-0.05,0,0.0,384,0.52,23814.39,2000408.76,23.81,739.33,0.1,10,5.0,0.01,0,0.0,10.11,74317
572,SELL_B,ST_FLIP_GREEN,2026-03-18T16:00:00,2026-03-18T22:00:00,short,73549,71821,100,0.1,7354.9,100.0,172.8,162.69,13665.96,0.16,1728,2.35,0,0.0,23977.08,2014074.72,23.98,735.49,0.1,10,5.0,0.01,0,0.0,10.11,73933
573,BUY_A,ST_FLIP_RED,2026-03-18T22:00:00,2026-03-19T00:00:00,long,71821,71245,100,0.1,7182.1,100.0,-57.6,-67.71,-5687.64,-0.07,0,0.0,576,0.8,23909.37,2008387.08,23.91,718.21,0.1,10,5.0,0.01,0,0.0,10.11,71437
574,SELL_A,ST_FLIP_GREEN,2026-03-19T00:00:00,2026-03-19T04:00:00,short,70861,71437,100,0.1,7086.1,100.0,-57.6,-67.71,-5687.64,-0.07,0,0.0,576,0.81,23841.66,2002699.44,23.84,708.61,0.1,10,5.0,0.01,0,0.0,10.11,71245
575,BUY_B,ST_FLIP_RED,2026-03-19T04:00:00,2026-03-19T08:00:00,long,71437,70669,100,0.1,7143.7,100.0,-76.8,-86.91,-7300.44,-0.09,0,0.0,768,1.08,23754.75,1995399.0,23.75,714.37,0.1,10,5.0,0.01,0,0.0,10.11,71053
576,SELL_A,ST_FLIP_GREEN,2026-03-19T12:00:00,2026-03-20T00:00:00,short,70477,69901,100,0.1,7047.7,100.0,57.6,47.49,3989.16,0.05,576,0.82,0,0.0,23802.24,1999388.16,23.8,704.77,0.1,10,5.0,0.01,0,0.0,10.11,70861
577,BUY_B,ST_FLIP_RED,2026-03-20T00:00:00,2026-03-20T04:00:00,long,69901,69901,100,0.1,6990.1,100.0,0.0,-10.11,-849.24,-0.01,0,0.0,0,0.0,23792.13,1998538.92,23.79,699.01,0.1,10,5.0,0.01,0,0.0,10.11,69517
578,BUY_B,ST_FLIP_RED,2026-03-20T08:00:00,2026-03-20T10:00:00,long,70477,70477,100,0.1,7047.7,100.0,0.0,-10.11,-849.24,-0.01,0,0.0,0,0.0,23782.02,1997689.68,23.78,704.77,0.1,10,5.0,0.01,0,0.0,10.11,70093
579,SELL_A,ST_FLIP_GREEN,2026-03-20T10:00:00,2026-03-20T12:00:00,short,70285,70861,100,0.1,7028.5,100.0,-57.6,-67.71,-5687.64,-0.07,0,0.0,576,0.82,23714.31,1992002.04,23.71,702.85,0.1,10,5.0,0.01,0,0.0,10.11,70669
580,BUY_A,ST_FLIP_RED,2026-03-20T12:00:00,2026-03-20T14:00:00,long,70861,70669,100,0.1,7086.1,100.0,-19.2,-29.31,-2462.04,-0.03,0,0.0,192,0.27,23685.0,1989540.0,23.69,708.61,0.1,10,5.0,0.01,0,0.0,10.11,70477
581,SELL_A,ST_FLIP_GREEN,2026-03-20T14:00:00,2026-03-21T02:00:00,short,70669,70285,100,0.1,7066.9,100.0,38.4,28.29,2376.36,0.03,384,0.54,0,0.0,23713.29,1991916.36,23.71,706.69,0.1,10,5.0,0.01,0,0.0,10.11,71053
582,BUY_A,ST_FLIP_RED,2026-03-21T02:00:00,2026-03-21T20:00:00,long,70477,70285,100,0.1,7047.7,100.0,-19.2,-29.31,-2462.04,-0.03,0,0.0,192,0.27,23683.98,1989454.32,23.68,704.77,0.1,10,5.0,0.01,0,0.0,10.11,70093
583,SELL_A,ST_FLIP_GREEN,2026-03-22T04:00:00,2026-03-23T10:00:00,short,70093,68557,100,0.1,7009.3,100.0,153.6,143.49,12053.16,0.14,1536,2.19,0,0.0,23827.47,2001507.48,23.83,700.93,0.1,10,5.0,0.01,0,0.0,10.11,70477
584,BUY_A,ST_FLIP_RED,2026-03-23T10:00:00,2026-03-23T20:00:00,long,68557,70669,100,0.1,6855.7,100.0,211.2,201.09,16891.56,0.2,2112,3.08,0,0.0,24028.56,2018399.04,24.03,685.57,0.1,10,5.0,0.01,0,0.0,10.11,68173
585,SELL_A,ST_FLIP_GREEN,2026-03-23T20:00:00,2026-03-23T22:00:00,short,70669,70669,100,0.1,7066.9,100.0,0.0,-10.11,-849.24,-0.01,0,0.0,0,0.0,24018.45,2017549.8,24.02,706.69,0.1,10,5.0,0.01,0,0.0,10.11,71053
586,BUY_A,ST_FLIP_RED,2026-03-23T22:00:00,2026-03-24T02:00:00,long,71053,70477,100,0.1,7105.3,100.0,-57.6,-67.71,-5687.64,-0.07,0,0.0,576,0.81,23950.74,2011862.16,23.95,710.53,0.1,10,5.0,0.01,0,0.0,10.11,70669
587,SELL_B,ST_FLIP_GREEN,2026-03-24T02:00:00,2026-03-24T12:00:00,short,70477,71053,100,0.1,7047.7,100.0,-57.6,-67.71,-5687.64,-0.07,0,0.0,576,0.82,23883.03,2006174.52,23.88,704.77,0.1,10,5.0,0.01,0,0.0,10.11,70861
588,BUY_A,ST_FLIP_RED,2026-03-24T12:00:00,2026-03-24T18:00:00,long,71053,70285,100,0.1,7105.3,100.0,-76.8,-86.91,-7300.44,-0.09,0,0.0,768,1.08,23796.12,1998874.08,23.8,710.53,0.1,10,5.0,0.01,0,0.0,10.11,70669
589,SELL_B,ST_FLIP_GREEN,2026-03-24T18:00:00,2026-03-25T00:00:00,short,70285,70093,100,0.1,7028.5,100.0,19.2,9.09,763.56,0.01,192,0.27,0,0.0,23805.21,1999637.64,23.81,702.85,0.1,10,5.0,0.01,0,0.0,10.11,70669
590,BUY_A,ST_FLIP_RED,2026-03-25T04:00:00,2026-03-25T22:00:00,long,70285,70861,100,0.1,7028.5,100.0,57.6,47.49,3989.16,0.05,576,0.82,0,0.0,23852.7,2003626.8,23.85,702.85,0.1,10,5.0,0.01,0,0.0,10.11,69901
591,BUY_B,ST_FLIP_RED,2026-03-26T04:00:00,2026-03-26T10:00:00,long,71437,70669,100,0.1,7143.7,100.0,-76.8,-86.91,-7300.44,-0.09,0,0.0,768,1.08,23765.79,1996326.36,23.77,714.37,0.1,10,5.0,0.01,0,0.0,10.11,71053
592,SELL_B,ST_FLIP_GREEN,2026-03-26T10:00:00,2026-03-27T00:00:00,short,70669,68749,100,0.1,7066.9,100.0,192.0,181.89,15278.76,0.18,1920,2.72,0,0.0,23947.68,2011605.12,23.95,706.69,0.1,10,5.0,0.01,0,0.0,10.11,71053
593,BUY_A,ST_FLIP_RED,2026-03-27T00:00:00,2026-03-27T02:00:00,long,68749,68749,100,0.1,6874.9,100.0,0.0,-10.11,-849.24,-0.01,0,0.0,0,0.0,23937.57,2010755.88,23.94,687.49,0.1,10,5.0,0.01,0,0.0,10.11,68365
594,BUY_B,ST_FLIP_RED,2026-03-27T06:00:00,2026-03-27T08:00:00,long,69133,68365,100,0.1,6913.3,100.0,-76.8,-86.91,-7300.44,-0.09,0,0.0,768,1.11,23850.66,2003455.44,23.85,691.33,0.1,10,5.0,0.01,0,0.0,10.11,68749
595,SELL_A,ST_FLIP_GREEN,2026-03-27T08:00:00,2026-03-28T04:00:00,short,68365,66445,100,0.1,6836.5,100.0,192.0,181.89,15278.76,0.18,1920,2.81,0,0.0,24032.55,2018734.2,24.03,683.65,0.1,10,5.0,0.01,0,0.0,10.11,68749
596,BUY_B,ST_FLIP_RED,2026-03-28T04:00:00,2026-03-28T06:00:00,long,66445,65869,100,0.1,6644.5,100.0,-57.6,-67.71,-5687.64,-0.07,0,0.0,576,0.87,23964.84,2013046.56,23.96,664.45,0.1,10,5.0,0.01,0,0.0,10.11,66061
597,BUY_B,ST_FLIP_RED,2026-03-28T18:00:00,2026-03-29T04:00:00,long,66637,66445,100,0.1,6663.7,100.0,-19.2,-29.31,-2462.04,-0.03,0,0.0,192,0.29,23935.53,2010584.52,23.94,666.37,0.1,10,5.0,0.01,0,0.0,10.11,66253
598,BUY_B,ST_FLIP_RED,2026-03-29T08:00:00,2026-03-30T18:00:00,long,66829,67213,100,0.1,6682.9,100.0,38.4,28.29,2376.36,0.03,384,0.57,0,0.0,23963.82,2012960.88,23.96,668.29,0.1,10,5.0,0.01,0,0.0,10.11,66445
599,SELL_A,ST_FLIP_GREEN,2026-03-30T18:00:00,2026-03-31T06:00:00,short,67213,67213,100,0.1,6721.3,100.0,0.0,-10.11,-849.24,-0.01,0,0.0,0,0.0,23953.71,2012111.64,23.95,672.13,0.1,10,5.0,0.01,0,0.0,10.11,67597
600,BUY_A,ST_FLIP_RED,2026-03-31T06:00:00,2026-03-31T08:00:00,long,67405,67597,100,0.1,6740.5,100.0,19.2,9.09,763.56,0.01,192,0.28,0,0.0,23962.8,2012875.2,23.96,674.05,0.1,10,5.0,0.01,0,0.0,10.11,67021
601,SELL_A,ST_FLIP_GREEN,2026-03-31T08:00:00,2026-03-31T18:00:00,short,67597,67021,100,0.1,6759.7,100.0,57.6,47.49,3989.16,0.05,576,0.85,0,0.0,24010.29,2016864.36,24.01,675.97,0.1,10,5.0,0.01,0,0.0,10.11,67981
602,BUY_A,ST_FLIP_RED,2026-03-31T18:00:00,2026-03-31T20:00:00,long,67213,67213,100,0.1,6721.3,100.0,0.0,-10.11,-849.24,-0.01,0,0.0,0,0.0,24000.18,2016015.12,24.0,672.13,0.1,10,5.0,0.01,0,0.0,10.11,66829
603,SELL_A,ST_FLIP_GREEN,2026-03-31T20:00:00,2026-03-31T22:00:00,short,67021,67597,100,0.1,6702.1,100.0,-57.6,-67.71,-5687.64,-0.07,0,0.0,576,0.86,23932.47,2010327.48,23.93,670.21,0.1,10,5.0,0.01,0,0.0,10.11,67405
604,BUY_A,ST_FLIP_RED,2026-03-31T22:00:00,2026-04-01T22:00:00,long,67597,68173,100,0.1,6759.7,100.0,57.6,47.49,3989.16,0.05,576,0.85,0,0.0,23979.96,2014316.64,23.98,675.97,0.1,10,5.0,0.01,0,0.0,10.11,67213
605,SELL_A,ST_FLIP_GREEN,2026-04-01T22:00:00,2026-04-02T20:00:00,short,68173,66829,100,0.1,6817.3,100.0,134.4,124.29,10440.36,0.12,1344,1.97,0,0.0,24104.25,2024757.0,24.1,681.73,0.1,10,5.0,0.01,0,0.0,10.11,68557
606,BUY_A,ST_FLIP_RED,2026-04-02T20:00:00,2026-04-02T22:00:00,long,66829,66445,100,0.1,6682.9,100.0,-38.4,-48.51,-4074.84,-0.05,0,0.0,384,0.57,24055.74,2020682.16,24.06,668.29,0.1,10,5.0,0.01,0,0.0,10.11,66445
607,BUY_B,ST_FLIP_RED,2026-04-03T00:00:00,2026-04-03T06:00:00,long,67021,66445,100,0.1,6702.1,100.0,-57.6,-67.71,-5687.64,-0.07,0,0.0,576,0.86,23988.03,2014994.52,23.99,670.21,0.1,10,5.0,0.01,0,0.0,10.11,66637
608,SELL_A,ST_FLIP_GREEN,2026-04-03T06:00:00,2026-04-03T12:00:00,short,66445,67213,100,0.1,6644.5,100.0,-76.8,-86.91,-7300.44,-0.09,0,0.0,768,1.16,23901.12,2007694.08,23.9,664.45,0.1,10,5.0,0.01,0,0.0,10.11,66829
609,BUY_B,ST_FLIP_RED,2026-04-03T12:00:00,2026-04-05T10:00:00,long,67213,66637,100,0.1,6721.3,100.0,-57.6,-67.71,-5687.64,-0.07,0,0.0,576,0.86,23833.41,2002006.44,23.83,672.13,0.1,10,5.0,0.01,0,0.0,10.11,66829
610,SELL_B,ST_FLIP_GREEN,2026-04-05T10:00:00,2026-04-05T20:00:00,short,66637,67405,100,0.1,6663.7,100.0,-76.8,-86.91,-7300.44,-0.09,0,0.0,768,1.15,23746.5,1994706.0,23.75,666.37,0.1,10,5.0,0.01,0,0.0,10.11,67021
611,BUY_B,ST_FLIP_RED,2026-04-05T20:00:00,2026-04-07T02:00:00,long,67405,69325,100,0.1,6740.5,100.0,192.0,181.89,15278.76,0.18,1920,2.85,0,0.0,23928.39,2009984.76,23.93,674.05,0.1,10,5.0,0.01,0,0.0,10.11,67021
612,SELL_A,ST_FLIP_GREEN,2026-04-07T02:00:00,2026-04-07T22:00:00,short,69325,68749,100,0.1,6932.5,100.0,57.6,47.49,3989.16,0.05,576,0.83,0,0.0,23975.88,2013973.92,23.98,693.25,0.1,10,5.0,0.01,0,0.0,10.11,69709
613,BUY_A,ST_FLIP_RED,2026-04-08T00:00:00,2026-04-08T06:00:00,long,68941,71245,100,0.1,6894.1,100.0,230.4,220.29,18504.36,0.22,2304,3.34,0,0.0,24196.17,2032478.28,24.2,689.41,0.1,10,5.0,0.01,0,0.0,10.11,68557
614,SELL_B,ST_FLIP_GREEN,2026-04-08T06:00:00,2026-04-08T10:00:00,short,71245,71821,100,0.1,7124.5,100.0,-57.6,-67.71,-5687.64,-0.07,0,0.0,576,0.81,24128.46,2026790.64,24.13,712.45,0.1,10,5.0,0.01,0,0.0,10.11,71629
615,SELL_B,ST_FLIP_GREEN,2026-04-08T14:00:00,2026-04-09T14:00:00,short,71437,71437,100,0.1,7143.7,100.0,0.0,-10.11,-849.24,-0.01,0,0.0,0,0.0,24118.35,2025941.4,24.12,714.37,0.1,10,5.0,0.01,0,0.0,10.11,71821
616,SELL_B,ST_FLIP_GREEN,2026-04-09T18:00:00,2026-04-09T20:00:00,short,70669,71053,100,0.1,7066.9,100.0,-38.4,-48.51,-4074.84,-0.05,0,0.0,384,0.54,24069.84,2021866.56,24.07,706.69,0.1,10,5.0,0.01,0,0.0,10.11,71053
617,BUY_A,ST_FLIP_RED,2026-04-09T20:00:00,2026-04-10T04:00:00,long,71245,72013,100,0.1,7124.5,100.0,76.8,66.69,5601.96,0.07,768,1.08,0,0.0,24136.53,2027468.52,24.14,712.45,0.1,10,5.0,0.01,0,0.0,10.11,70861
618,SELL_A,ST_FLIP_GREEN,2026-04-10T04:00:00,2026-04-10T06:00:00,short,72013,72205,100,0.1,7201.3,100.0,-19.2,-29.31,-2462.04,-0.03,0,0.0,192,0.27,24107.22,2025006.48,24.11,720.13,0.1,10,5.0,0.01,0,0.0,10.11,72397
619,SELL_B,ST_FLIP_GREEN,2026-04-10T12:00:00,2026-04-10T16:00:00,short,71629,72205,100,0.1,7162.9,100.0,-57.6,-67.71,-5687.64,-0.07,0,0.0,576,0.8,24039.51,2019318.84,24.04,716.29,0.1,10,5.0,0.01,0,0.0,10.11,72013
620,BUY_A,ST_FLIP_RED,2026-04-10T16:00:00,2026-04-11T08:00:00,long,72205,72589,100,0.1,7220.5,100.0,38.4,28.29,2376.36,0.03,384,0.53,0,0.0,24067.8,2021695.2,24.07,722.05,0.1,10,5.0,0.01,0,0.0,10.11,71821
621,SELL_A,ST_FLIP_GREEN,2026-04-11T08:00:00,2026-04-11T22:00:00,short,72589,73165,100,0.1,7258.9,100.0,-57.6,-67.71,-5687.64,-0.07,0,0.0,576,0.79,24000.09,2016007.56,24.0,725.89,0.1,10,5.0,0.01,0,0.0,10.11,72973
622,BUY_A,ST_FLIP_RED,2026-04-11T22:00:00,2026-04-12T06:00:00,long,73165,72781,100,0.1,7316.5,100.0,-38.4,-48.51,-4074.84,-0.05,0,0.0,384,0.52,23951.58,2011932.72,23.95,731.65,0.1,10,5.0,0.01,0,0.0,10.11,72781
623,SELL_B,ST_FLIP_GREEN,2026-04-12T06:00:00,2026-04-13T06:00:00,short,72781,71245,100,0.1,7278.1,100.0,153.6,143.49,12053.16,0.14,1536,2.11,0,0.0,24095.07,2023985.88,24.1,727.81,0.1,10,5.0,0.01,0,0.0,10.11,73165
624,BUY_A,ST_FLIP_RED,2026-04-13T06:00:00,2026-04-13T12:00:00,long,71245,70669,100,0.1,7124.5,100.0,-57.6,-67.71,-5687.64,-0.07,0,0.0,576,0.81,24027.36,2018298.24,24.03,712.45,0.1,10,5.0,0.01,0,0.0,10.11,70861
625,BUY_B,ST_FLIP_RED,2026-04-13T18:00:00,2026-04-14T20:00:00,long,71437,75085,100,0.1,7143.7,100.0,364.8,354.69,29793.96,0.35,3648,5.11,0,0.0,24382.05,2048092.2,24.38,714.37,0.1,10,5.0,0.01,0,0.0,10.11,71053
626,SELL_B,ST_FLIP_GREEN,2026-04-14T20:00:00,2026-04-15T04:00:00,short,75085,74509,100,0.1,7508.5,100.0,57.6,47.49,3989.16,0.05,576,0.77,0,0.0,24429.54,2052081.36,24.43,750.85,0.1,10,5.0,0.01,0,0.0,10.11,75469
627,SELL_B,ST_FLIP_GREEN,2026-04-15T08:00:00,2026-04-15T18:00:00,short,74125,74509,100,0.1,7412.5,100.0,-38.4,-48.51,-4074.84,-0.05,0,0.0,384,0.52,24381.03,2048006.52,24.38,741.25,0.1,10,5.0,0.01,0,0.0,10.11,74509
628,BUY_A,ST_FLIP_RED,2026-04-15T18:00:00,2026-04-16T14:00:00,long,74509,74317,100,0.1,7450.9,100.0,-19.2,-29.31,-2462.04,-0.03,0,0.0,192,0.26,24351.72,2045544.48,24.35,745.09,0.1,10,5.0,0.01,0,0.0,10.11,74125
629,SELL_A,ST_FLIP_GREEN,2026-04-16T14:00:00,2026-04-16T20:00:00,short,74317,74509,100,0.1,7431.7,100.0,-19.2,-29.31,-2462.04,-0.03,0,0.0,192,0.26,24322.41,2043082.44,24.32,743.17,0.1,10,5.0,0.01,0,0.0,10.11,74701
630,BUY_A,ST_FLIP_RED,2026-04-16T20:00:00,2026-04-17T06:00:00,long,74509,74509,100,0.1,7450.9,100.0,0.0,-10.11,-849.24,-0.01,0,0.0,0,0.0,24312.3,2042233.2,24.31,745.09,0.1,10,5.0,0.01,0,0.0,10.11,74125
631,SELL_A,ST_FLIP_GREEN,2026-04-17T06:00:00,2026-04-17T16:00:00,short,74509,75277,100,0.1,7450.9,100.0,-76.8,-86.91,-7300.44,-0.09,0,0.0,768,1.03,24225.39,2034932.76,24.23,745.09,0.1,10,5.0,0.01,0,0.0,10.11,74893
632,BUY_B,ST_FLIP_RED,2026-04-17T16:00:00,2026-04-17T22:00:00,long,75277,77389,100,0.1,7527.7,100.0,211.2,201.09,16891.56,0.2,2112,2.81,0,0.0,24426.48,2051824.32,24.43,752.77,0.1,10,5.0,0.01,0,0.0,10.11,74893
633,SELL_B,ST_FLIP_GREEN,2026-04-17T22:00:00,2026-04-19T16:00:00,short,77389,75661,100,0.1,7738.9,100.0,172.8,162.69,13665.96,0.16,1728,2.23,0,0.0,24589.17,2065490.28,24.59,773.89,0.1,10,5.0,0.01,0,0.0,10.11,77773
634,BUY_A,ST_FLIP_RED,2026-04-19T16:00:00,2026-04-19T22:00:00,long,75661,75277,100,0.1,7566.1,100.0,-38.4,-48.51,-4074.84,-0.05,0,0.0,384,0.51,24540.66,2061415.44,24.54,756.61,0.1,10,5.0,0.01,0,0.0,10.11,75277
635,SELL_A,ST_FLIP_GREEN,2026-04-19T22:00:00,2026-04-20T06:00:00,short,75085,74509,100,0.1,7508.5,100.0,57.6,47.49,3989.16,0.05,576,0.77,0,0.0,24588.15,2065404.6,24.59,750.85,0.1,10,5.0,0.01,0,0.0,10.11,75469
636,BUY_A,ST_FLIP_RED,2026-04-20T06:00:00,2026-04-21T06:00:00,long,74509,75661,100,0.1,7450.9,100.0,115.2,105.09,8827.56,0.11,1152,1.55,0,0.0,24693.24,2074232.16,24.69,745.09,0.1,10,5.0,0.01,0,0.0,10.11,74125
637,BUY_B,ST_FLIP_RED,2026-04-21T12:00:00,2026-04-21T20:00:00,long,76237,75853,100,0.1,7623.7,100.0,-38.4,-48.51,-4074.84,-0.05,0,0.0,384,0.5,24644.73,2070157.32,24.64,762.37,0.1,10,5.0,0.01,0,0.0,10.11,75853
638,SELL_B,ST_FLIP_GREEN,2026-04-21T20:00:00,2026-04-22T04:00:00,short,75853,76045,100,0.1,7585.3,100.0,-19.2,-29.31,-2462.04,-0.03,0,0.0,192,0.25,24615.42,2067695.28,24.62,758.53,0.1,10,5.0,0.01,0,0.0,10.11,76237
639,BUY_A,ST_FLIP_RED,2026-04-22T04:00:00,2026-04-23T02:00:00,long,76237,78349,100,0.1,7623.7,100.0,211.2,201.09,16891.56,0.2,2112,2.77,0,0.0,24816.51,2084586.84,24.82,762.37,0.1,10,5.0,0.01,0,0.0,10.11,75853
640,SELL_B,ST_FLIP_GREEN,2026-04-23T02:00:00,2026-04-23T10:00:00,short,78349,78349,100,0.1,7834.9,100.0,0.0,-10.11,-849.24,-0.01,0,0.0,0,0.0,24806.4,2083737.6,24.81,783.49,0.1,10,5.0,0.01,0,0.0,10.11,78733
641,SELL_B,ST_FLIP_GREEN,2026-04-23T12:00:00,2026-04-23T20:00:00,short,77773,77965,100,0.1,7777.3,100.0,-19.2,-29.31,-2462.04,-0.03,0,0.0,192,0.25,24777.09,2081275.56,24.78,777.73,0.1,10,5.0,0.01,0,0.0,10.11,78157
642,BUY_A,ST_FLIP_RED,2026-04-23T20:00:00,2026-04-23T22:00:00,long,78157,77773,100,0.1,7815.7,100.0,-38.4,-48.51,-4074.84,-0.05,0,0.0,384,0.49,24728.58,2077200.72,24.73,781.57,0.1,10,5.0,0.01,0,0.0,10.11,77773
643,SELL_A,ST_FLIP_GREEN,2026-04-23T22:00:00,2026-04-24T04:00:00,short,77773,78541,100,0.1,7777.3,100.0,-76.8,-86.91,-7300.44,-0.09,0,0.0,768,0.99,24641.67,2069900.28,24.64,777.73,0.1,10,5.0,0.01,0,0.0,10.11,78157
644,BUY_B,ST_FLIP_RED,2026-04-24T04:00:00,2026-04-24T08:00:00,long,78541,77773,100,0.1,7854.1,100.0,-76.8,-86.91,-7300.44,-0.09,0,0.0,768,0.98,24554.76,2062599.84,24.55,785.41,0.1,10,5.0,0.01,0,0.0,10.11,78157
645,SELL_B,ST_FLIP_GREEN,2026-04-24T08:00:00,2026-04-24T10:00:00,short,77773,77965,100,0.1,7777.3,100.0,-19.2,-29.31,-2462.04,-0.03,0,0.0,192,0.25,24525.45,2060137.8,24.53,777.73,0.1,10,5.0,0.01,0,0.0,10.11,78157
646,BUY_A,ST_FLIP_RED,2026-04-24T16:00:00,2026-04-24T18:00:00,long,78157,77581,100,0.1,7815.7,100.0,-57.6,-67.71,-5687.64,-0.07,0,0.0,576,0.74,24457.74,2054450.16,24.46,781.57,0.1,10,5.0,0.01,0,0.0,10.11,77773
647,SELL_A,ST_FLIP_GREEN,2026-04-24T18:00:00,2026-04-25T14:00:00,short,77581,77965,100,0.1,7758.1,100.0,-38.4,-48.51,-4074.84,-0.05,0,0.0,384,0.49,24409.23,2050375.32,24.41,775.81,0.1,10,5.0,0.01,0,0.0,10.11,77965
648,BUY_A,ST_FLIP_RED,2026-04-25T14:00:00,2026-04-27T10:00:00,long,77965,78349,100,0.1,7796.5,100.0,38.4,28.29,2376.36,0.03,384,0.49,0,0.0,24437.52,2052751.68,24.44,779.65,0.1,10,5.0,0.01,0,0.0,10.11,77581
649,SELL_A,ST_FLIP_GREEN,2026-04-27T10:00:00,2026-04-29T00:00:00,short,78349,76429,100,0.1,7834.9,100.0,192.0,181.89,15278.76,0.18,1920,2.45,0,0.0,24619.41,2068030.44,24.62,783.49,0.1,10,5.0,0.01,0,0.0,10.11,78733
650,BUY_A,ST_FLIP_RED,2026-04-29T00:00:00,2026-04-29T16:00:00,long,76429,77197,100,0.1,7642.9,100.0,76.8,66.69,5601.96,0.07,768,1.0,0,0.0,24686.1,2073632.4,24.69,764.29,0.1,10,5.0,0.01,0,0.0,10.11,76045
651,SELL_A,ST_FLIP_GREEN,2026-04-29T16:00:00,2026-04-30T02:00:00,short,77005,75853,100,0.1,7700.5,100.0,115.2,105.09,8827.56,0.11,1152,1.5,0,0.0,24791.19,2082459.96,24.79,770.05,0.1,10,5.0,0.01,0,0.0,10.11,77389
652,BUY_A,ST_FLIP_RED,2026-04-30T02:00:00,2026-04-30T08:00:00,long,75853,75469,100,0.1,7585.3,100.0,-38.4,-48.51,-4074.84,-0.05,0,0.0,384,0.51,24742.68,2078385.12,24.74,758.53,0.1,10,5.0,0.01,0,0.0,10.11,75469
653,BUY_B,ST_FLIP_RED,2026-04-30T12:00:00,2026-05-02T00:00:00,long,76045,77965,100,0.1,7604.5,100.0,192.0,181.89,15278.76,0.18,1920,2.52,0,0.0,24924.57,2093663.88,24.92,760.45,0.1,10,5.0,0.01,0,0.0,10.11,75661
654,SELL_A,ST_FLIP_GREEN,2026-05-02T00:00:00,2026-05-02T18:00:00,short,77965,78541,100,0.1,7796.5,100.0,-57.6,-67.71,-5687.64,-0.07,0,0.0,576,0.74,24856.86,2087976.24,24.86,779.65,0.1,10,5.0,0.01,0,0.0,10.11,78349
655,BUY_A,ST_FLIP_RED,2026-05-04T02:00:00,2026-05-04T04:00:00,long,78925,78349,100,0.1,7892.5,100.0,-57.6,-67.71,-5687.64,-0.07,0,0.0,576,0.73,24789.15,2082288.6,24.79,789.25,0.1,10,5.0,0.01,0,0.0,10.11,78541
656,SELL_B,ST_FLIP_GREEN,2026-05-04T04:00:00,2026-05-04T06:00:00,short,78349,78925,100,0.1,7834.9,100.0,-57.6,-67.71,-5687.64,-0.07,0,0.0,576,0.74,24721.44,2076600.96,24.72,783.49,0.1,10,5.0,0.01,0,0.0,10.11,78733
657,BUY_A,ST_FLIP_RED,2026-05-04T06:00:00,2026-05-04T10:00:00,long,78925,79693,100,0.1,7892.5,100.0,76.8,66.69,5601.96,0.07,768,0.97,0,0.0,24788.13,2082202.92,24.79,789.25,0.1,10,5.0,0.01,0,0.0,10.11,78541
658,SELL_A,ST_FLIP_GREEN,2026-05-04T10:00:00,2026-05-04T18:00:00,short,79693,79117,100,0.1,7969.3,100.0,57.6,47.49,3989.16,0.05,576,0.72,0,0.0,24835.62,2086192.08,24.84,796.93,0.1,10,5.0,0.01,0,0.0,10.11,80077
659,BUY_A,ST_FLIP_RED,2026-05-04T18:00:00,2026-05-06T04:00:00,long,79309,80845,100,0.1,7930.9,100.0,153.6,143.49,12053.16,0.14,1536,1.94,0,0.0,24979.11,2098245.24,24.98,793.09,0.1,10,5.0,0.01,0,0.0,10.11,78925
660,SELL_A,ST_FLIP_GREEN,2026-05-06T04:00:00,2026-05-06T08:00:00,short,80845,81421,100,0.1,8084.5,100.0,-57.6,-67.71,-5687.64,-0.07,0,0.0,576,0.71,24911.4,2092557.6,24.91,808.45,0.1,10,5.0,0.01,0,0.0,10.11,81229
661,BUY_A,ST_FLIP_RED,2026-05-06T14:00:00,2026-05-06T18:00:00,long,81805,81613,100,0.1,8180.5,100.0,-19.2,-29.31,-2462.04,-0.03,0,0.0,192,0.23,24882.09,2090095.56,24.88,818.05,0.1,10,5.0,0.01,0,0.0,10.11,81421
662,SELL_B,ST_FLIP_GREEN,2026-05-06T18:00:00,2026-05-08T16:00:00,short,81613,80077,100,0.1,8161.3,100.0,153.6,143.49,12053.16,0.14,1536,1.88,0,0.0,25025.58,2102148.72,25.03,816.13,0.1,10,5.0,0.01,0,0.0,10.11,81997
663,BUY_A,ST_FLIP_RED,2026-05-08T16:00:00,2026-05-08T18:00:00,long,80077,79885,100,0.1,8007.7,100.0,-19.2,-29.31,-2462.04,-0.03,0,0.0,192,0.24,24996.27,2099686.68,25.0,800.77,0.1,10,5.0,0.01,0,0.0,10.11,79693
664,BUY_B,ST_FLIP_RED,2026-05-09T02:00:00,2026-05-11T06:00:00,long,80461,81037,100,0.1,8046.1,100.0,57.6,47.49,3989.16,0.05,576,0.72,0,0.0,25043.76,2103675.84,25.04,804.61,0.1,10,5.0,0.01,0,0.0,10.11,80077
665,SELL_A,ST_FLIP_GREEN,2026-05-11T06:00:00,2026-05-11T14:00:00,short,81037,81229,100,0.1,8103.7,100.0,-19.2,-29.31,-2462.04,-0.03,0,0.0,192,0.24,25014.45,2101213.8,25.01,810.37,0.1,10,5.0,0.01,0,0.0,10.11,81421
666,SELL_B,ST_FLIP_GREEN,2026-05-11T18:00:00,2026-05-11T20:00:00,short,80653,81421,100,0.1,8065.3,100.0,-76.8,-86.91,-7300.44,-0.09,0,0.0,768,0.95,24927.54,2093913.36,24.93,806.53,0.1,10,5.0,0.01,0,0.0,10.11,81037
667,BUY_B,ST_FLIP_RED,2026-05-11T20:00:00,2026-05-12T06:00:00,long,81421,81229,100,0.1,8142.1,100.0,-19.2,-29.31,-2462.04,-0.03,0,0.0,192,0.24,24898.23,2091451.32,24.9,814.21,0.1,10,5.0,0.01,0,0.0,10.11,81037
668,SELL_A,ST_FLIP_GREEN,2026-05-12T06:00:00,2026-05-13T00:00:00,short,81229,80845,100,0.1,8122.9,100.0,38.4,28.29,2376.36,0.03,384,0.47,0,0.0,24926.52,2093827.68,24.93,812.29,0.1,10,5.0,0.01,0,0.0,10.11,81613
669,BUY_A,ST_FLIP_RED,2026-05-13T06:00:00,2026-05-13T16:00:00,long,81037,80461,100,0.1,8103.7,100.0,-57.6,-67.71,-5687.64,-0.07,0,0.0,576,0.71,24858.81,2088140.04,24.86,810.37,0.1,10,5.0,0.01,0,0.0,10.11,80653
670,SELL_A,ST_FLIP_GREEN,2026-05-13T16:00:00,2026-05-13T22:00:00,short,80461,79693,100,0.1,8046.1,100.0,76.8,66.69,5601.96,0.07,768,0.95,0,0.0,24925.5,2093742.0,24.93,804.61,0.1,10,5.0,0.01,0,0.0,10.11,80845
671,BUY_A,ST_FLIP_RED,2026-05-13T22:00:00,2026-05-14T02:00:00,long,79693,79309,100,0.1,7969.3,100.0,-38.4,-48.51,-4074.84,-0.05,0,0.0,384,0.48,24876.99,2089667.16,24.88,796.93,0.1,10,5.0,0.01,0,0.0,10.11,79309
672,SELL_A,ST_FLIP_GREEN,2026-05-14T02:00:00,2026-05-14T06:00:00,short,79117,79693,100,0.1,7911.7,100.0,-57.6,-67.71,-5687.64,-0.07,0,0.0,576,0.73,24809.28,2083979.52,24.81,791.17,0.1,10,5.0,0.01,0,0.0,10.11,79501
673,BUY_B,ST_FLIP_RED,2026-05-14T06:00:00,2026-05-15T00:00:00,long,79693,81229,100,0.1,7969.3,100.0,153.6,143.49,12053.16,0.14,1536,1.93,0,0.0,24952.77,2096032.68,24.95,796.93,0.1,10,5.0,0.01,0,0.0,10.11,79309
674,SELL_A,ST_FLIP_GREEN,2026-05-15T00:00:00,2026-05-16T20:00:00,short,81229,78349,100,0.1,8122.9,100.0,288.0,277.89,23342.76,0.28,2880,3.55,0,0.0,25230.66,2119375.44,25.23,812.29,0.1,10,5.0,0.01,0,0.0,10.11,81613
675,BUY_B,ST_FLIP_RED,2026-05-16T20:00:00,2026-05-17T06:00:00,long,78349,77773,100,0.1,7834.9,100.0,-57.6,-67.71,-5687.64,-0.07,0,0.0,576,0.74,25162.95,2113687.8,25.16,783.49,0.1,10,5.0,0.01,0,0.0,10.11,77965
676,BUY_B,ST_FLIP_RED,2026-05-17T14:00:00,2026-05-18T04:00:00,long,78541,77773,100,0.1,7854.1,100.0,-76.8,-86.91,-7300.44,-0.09,0,0.0,768,0.98,25076.04,2106387.36,25.08,785.41,0.1,10,5.0,0.01,0,0.0,10.11,78157
677,SELL_A,ST_FLIP_GREEN,2026-05-18T04:00:00,2026-05-18T16:00:00,short,77581,77389,100,0.1,7758.1,100.0,19.2,9.09,763.56,0.01,192,0.25,0,0.0,25085.13,2107150.92,25.09,775.81,0.1,10,5.0,0.01,0,0.0,10.11,77965
678,BUY_A,ST_FLIP_RED,2026-05-18T16:00:00,2026-05-18T18:00:00,long,77389,76813,100,0.1,7738.9,100.0,-57.6,-67.71,-5687.64,-0.07,0,0.0,576,0.74,25017.42,2101463.28,25.02,773.89,0.1,10,5.0,0.01,0,0.0,10.11,77005
679,SELL_A,ST_FLIP_GREEN,2026-05-18T18:00:00,2026-05-19T00:00:00,short,76621,77005,100,0.1,7662.1,100.0,-38.4,-48.51,-4074.84,-0.05,0,0.0,384,0.5,24968.91,2097388.44,24.97,766.21,0.1,10,5.0,0.01,0,0.0,10.11,77005
680,BUY_B,ST_FLIP_RED,2026-05-19T00:00:00,2026-05-19T06:00:00,long,77005,76621,100,0.1,7700.5,100.0,-38.4,-48.51,-4074.84,-0.05,0,0.0,384,0.5,24920.4,2093313.6,24.92,770.05,0.1,10,5.0,0.01,0,0.0,10.11,76621
681,SELL_A,ST_FLIP_GREEN,2026-05-19T18:00:00,2026-05-20T10:00:00,short,76429,77197,100,0.1,7642.9,100.0,-76.8,-86.91,-7300.44,-0.09,0,0.0,768,1.0,24833.49,2086013.16,24.83,764.29,0.1,10,5.0,0.01,0,0.0,10.11,76813
682,BUY_B,ST_FLIP_RED,2026-05-20T10:00:00,2026-05-20T20:00:00,long,77197,77005,100,0.1,7719.7,100.0,-19.2,-29.31,-2462.04,-0.03,0,0.0,192,0.25,24804.18,2083551.12,24.8,771.97,0.1,10,5.0,0.01,0,0.0,10.11,76813
683,BUY_B,ST_FLIP_RED,2026-05-21T06:00:00,2026-05-21T14:00:00,long,77773,77389,100,0.1,7777.3,100.0,-38.4,-48.51,-4074.84,-0.05,0,0.0,384,0.49,24755.67,2079476.28,24.76,777.73,0.1,10,5.0,0.01,0,0.0,10.11,77389
684,SELL_A,ST_FLIP_GREEN,2026-05-21T14:00:00,2026-05-21T22:00:00,short,77389,77773,100,0.1,7738.9,100.0,-38.4,-48.51,-4074.84,-0.05,0,0.0,384,0.5,24707.16,2075401.44,24.71,773.89,0.1,10,5.0,0.01,0,0.0,10.11,77773
685,BUY_A,ST_FLIP_RED,2026-05-21T22:00:00,2026-05-22T18:00:00,long,77773,77005,100,0.1,7777.3,100.0,-76.8,-86.91,-7300.44,-0.09,0,0.0,768,0.99,24620.25,2068101.0,24.62,777.73,0.1,10,5.0,0.01,0,0.0,10.11,77389
686,SELL_B,ST_FLIP_GREEN,2026-05-22T18:00:00,2026-05-23T18:00:00,short,77005,75277,100,0.1,7700.5,100.0,172.8,162.69,13665.96,0.16,1728,2.24,0,0.0,24782.94,2081766.96,24.78,770.05,0.1,10,5.0,0.01,0,0.0,10.11,77389
687,BUY_A,ST_FLIP_RED,2026-05-23T18:00:00,2026-05-24T18:00:00,long,75277,76621,100,0.1,7527.7,100.0,134.4,124.29,10440.36,0.12,1344,1.79,0,0.0,24907.23,2092207.32,24.91,752.77,0.1,10,5.0,0.01,0,0.0,10.11,74893
688,SELL_A,ST_FLIP_GREEN,2026-05-24T18:00:00,2026-05-24T22:00:00,short,76429,76813,100,0.1,7642.9,100.0,-38.4,-48.51,-4074.84,-0.05,0,0.0,384,0.5,24858.72,2088132.48,24.86,764.29,0.1,10,5.0,0.01,0,0.0,10.11,76813
689,BUY_A,ST_FLIP_RED,2026-05-25T04:00:00,2026-05-26T04:00:00,long,77005,77005,100,0.1,7700.5,100.0,0.0,-10.11,-849.24,-0.01,0,0.0,0,0.0,24848.61,2087283.24,24.85,770.05,0.1,10,5.0,0.01,0,0.0,10.11,76621
690,SELL_A,ST_FLIP_GREEN,2026-05-26T04:00:00,2026-05-26T14:00:00,short,77005,77389,100,0.1,7700.5,100.0,-38.4,-48.51,-4074.84,-0.05,0,0.0,384,0.5,24800.1,2083208.4,24.8,770.05,0.1,10,5.0,0.01,0,0.0,10.11,77389
691,BUY_A,ST_FLIP_RED,2026-05-26T18:00:00,2026-05-26T20:00:00,long,77581,77389,100,0.1,7758.1,100.0,-19.2,-29.31,-2462.04,-0.03,0,0.0,192,0.25,24770.79,2080746.36,24.77,775.81,0.1,10,5.0,0.01,0,0.0,10.11,77197
692,SELL_A,ST_FLIP_GREEN,2026-05-26T20:00:00,2026-05-28T14:00:00,short,77389,73549,100,0.1,7738.9,100.0,384.0,373.89,31406.76,0.37,3840,4.96,0,0.0,25144.68,2112153.12,25.14,773.89,0.1,10,5.0,0.01,0,0.0,10.11,77773
693,BUY_B,ST_FLIP_RED,2026-05-28T14:00:00,2026-05-28T18:00:00,long,73549,72973,100,0.1,7354.9,100.0,-57.6,-67.71,-5687.64,-0.07,0,0.0,576,0.78,25076.97,2106465.48,25.08,735.49,0.1,10,5.0,0.01,0,0.0,10.11,73165
694,BUY_B,ST_FLIP_RED,2026-05-28T22:00:00,2026-05-29T08:00:00,long,73357,73165,100,0.1,7335.7,100.0,-19.2,-29.31,-2462.04,-0.03,0,0.0,192,0.26,25047.66,2104003.44,25.05,733.57,0.1,10,5.0,0.01,0,0.0,10.11,72973
695,SELL_A,ST_FLIP_GREEN,2026-05-29T18:00:00,2026-05-29T20:00:00,short,72973,73357,100,0.1,7297.3,100.0,-38.4,-48.51,-4074.84,-0.05,0,0.0,384,0.53,24999.15,2099928.6,25.0,729.73,0.1,10,5.0,0.01,0,0.0,10.11,73357
696,BUY_A,ST_FLIP_RED,2026-05-29T20:00:00,2026-05-30T08:00:00,long,73357,73165,100,0.1,7335.7,100.0,-19.2,-29.31,-2462.04,-0.03,0,0.0,192,0.26,24969.84,2097466.56,24.97,733.57,0.1,10,5.0,0.01,0,0.0,10.11,72973
697,BUY_B,ST_FLIP_RED,2026-05-30T18:00:00,2026-05-31T18:00:00,long,73933,73549,100,0.1,7393.3,100.0,-38.4,-48.51,-4074.84,-0.05,0,0.0,384,0.52,24921.33,2093391.72,24.92,739.33,0.1,10,5.0,0.01,0,0.0,10.11,73549
698,SELL_A,ST_FLIP_GREEN,2026-05-31T18:00:00,2026-06-03T10:00:00,short,73549,67213,100,0.1,7354.9,100.0,633.6,623.49,52373.16,0.62,6336,8.61,0,0.0,25544.82,2145764.88,25.54,735.49,0.1,10,5.0,0.01,0,0.0,10.11,73933
699,BUY_B,ST_FLIP_RED,2026-06-03T10:00:00,2026-06-03T12:00:00,long,67213,66829,100,0.1,6721.3,100.0,-38.4,-48.51,-4074.84,-0.05,0,0.0,384,0.57,25496.31,2141690.04,25.5,672.13,0.1,10,5.0,0.01,0,0.0,10.11,66829
700,BUY_B,ST_FLIP_RED,2026-06-03T14:00:00,2026-06-03T20:00:00,long,67405,66637,100,0.1,6740.5,100.0,-76.8,-86.91,-7300.44,-0.09,0,0.0,768,1.14,25409.4,2134389.6,25.41,674.05,0.1,10,5.0,0.01,0,0.0,10.11,67021
701,SELL_A,ST_FLIP_GREEN,2026-06-03T20:00:00,2026-06-04T08:00:00,short,66253,63565,100,0.1,6625.3,100.0,268.8,258.69,21729.96,0.26,2688,4.06,0,0.0,25668.09,2156119.56,25.67,662.53,0.1,10,5.0,0.01,0,0.0,10.11,66637
702,BUY_B,ST_FLIP_RED,2026-06-04T08:00:00,2026-06-04T10:00:00,long,63565,64141,100,0.1,6356.5,100.0,57.6,47.49,3989.16,0.05,576,0.91,0,0.0,25715.58,2160108.72,25.72,635.65,0.1,10,5.0,0.01,0,0.0,10.11,63181
703,SELL_A,ST_FLIP_GREEN,2026-06-04T12:00:00,2026-06-04T16:00:00,short,63757,63181,100,0.1,6375.7,100.0,57.6,47.49,3989.16,0.05,576,0.9,0,0.0,25763.07,2164097.88,25.76,637.57,0.1,10,5.0,0.01,0,0.0,10.11,64141
704,BUY_A,ST_FLIP_RED,2026-06-04T16:00:00,2026-06-05T00:00:00,long,63181,63373,100,0.1,6318.1,100.0,19.2,9.09,763.56,0.01,192,0.3,0,0.0,25772.16,2164861.44,25.77,631.81,0.1,10,5.0,0.01,0,0.0,10.11,62797
705,SELL_A,ST_FLIP_GREEN,2026-06-05T00:00:00,2026-06-05T04:00:00,short,63181,63757,100,0.1,6318.1,100.0,-57.6,-67.71,-5687.64,-0.07,0,0.0,576,0.91,25704.45,2159173.8,25.7,631.81,0.1,10,5.0,0.01,0,0.0,10.11,63565
706,BUY_B,ST_FLIP_RED,2026-06-05T04:00:00,2026-06-05T06:00:00,long,63757,63373,100,0.1,6375.7,100.0,-38.4,-48.51,-4074.84,-0.05,0,0.0,384,0.6,25655.94,2155098.96,25.66,637.57,0.1,10,5.0,0.01,0,0.0,10.11,63373
707,SELL_A,ST_FLIP_GREEN,2026-06-05T06:00:00,2026-06-05T08:00:00,short,63373,63181,100,0.1,6337.3,100.0,19.2,9.09,763.56,0.01,192,0.3,0,0.0,25665.03,2155862.52,25.67,633.73,0.1,10,5.0,0.01,0,0.0,10.11,63757
708,BUY_A,ST_FLIP_RED,2026-06-05T08:00:00,2026-06-05T10:00:00,long,63181,62797,100,0.1,6318.1,100.0,-38.4,-48.51,-4074.84,-0.05,0,0.0,384,0.61,25616.52,2151787.68,25.62,631.81,0.1,10,5.0,0.01,0,0.0,10.11,62797
709,SELL_A,ST_FLIP_GREEN,2026-06-05T10:00:00,2026-06-05T12:00:00,short,62797,62029,100,0.1,6279.7,100.0,76.8,66.69,5601.96,0.07,768,1.22,0,0.0,25683.21,2157389.64,25.68,627.97,0.1,10,5.0,0.01,0,0.0,10.11,63181
710,BUY_A,ST_FLIP_RED,2026-06-05T12:00:00,2026-06-05T16:00:00,long,62029,62221,100,0.1,6202.9,100.0,19.2,9.09,763.56,0.01,192,0.31,0,0.0,25692.3,2158153.2,25.69,620.29,0.1,10,5.0,0.01,0,0.0,10.11,61645
711,SELL_A,ST_FLIP_GREEN,2026-06-05T16:00:00,2026-06-05T20:00:00,short,62029,61069,100,0.1,6202.9,100.0,96.0,85.89,7214.76,0.09,960,1.55,0,0.0,25778.19,2165367.96,25.78,620.29,0.1,10,5.0,0.01,0,0.0,10.11,62413
712,BUY_A,ST_FLIP_RED,2026-06-05T20:00:00,2026-06-05T22:00:00,long,61069,60493,100,0.1,6106.9,100.0,-57.6,-67.71,-5687.64,-0.07,0,0.0,576,0.94,25710.48,2159680.32,25.71,610.69,0.1,10,5.0,0.01,0,0.0,10.11,60685
713,SELL_A,ST_FLIP_GREEN,2026-06-05T22:00:00,2026-06-06T00:00:00,short,60301,60685,100,0.1,6030.1,100.0,-38.4,-48.51,-4074.84,-0.05,0,0.0,384,0.64,25661.97,2155605.48,25.66,603.01,0.1,10,5.0,0.01,0,0.0,10.11,60685
714,BUY_B,ST_FLIP_RED,2026-06-06T00:00:00,2026-06-06T06:00:00,long,60685,60877,100,0.1,6068.5,100.0,19.2,9.09,763.56,0.01,192,0.32,0,0.0,25671.06,2156369.04,25.67,606.85,0.1,10,5.0,0.01,0,0.0,10.11,60301
715,SELL_A,ST_FLIP_GREEN,2026-06-06T06:00:00,2026-06-06T10:00:00,short,60685,60685,100,0.1,6068.5,100.0,0.0,-10.11,-849.24,-0.01,0,0.0,0,0.0,25660.95,2155519.8,25.66,606.85,0.1,10,5.0,0.01,0,0.0,10.11,61069
716,BUY_A,ST_FLIP_RED,2026-06-06T10:00:00,2026-06-06T14:00:00,long,60685,60685,100,0.1,6068.5,100.0,0.0,-10.11,-849.24,-0.01,0,0.0,0,0.0,25650.84,2154670.56,25.65,606.85,0.1,10,5.0,0.01,0,0.0,10.11,60301
717,SELL_A,ST_FLIP_GREEN,2026-06-06T14:00:00,2026-06-07T06:00:00,short,60493,61069,100,0.1,6049.3,100.0,-57.6,-67.71,-5687.64,-0.07,0,0.0,576,0.95,25583.13,2148982.92,25.58,604.93,0.1,10,5.0,0.01,0,0.0,10.11,60877
718,BUY_B,ST_FLIP_RED,2026-06-07T06:00:00,2026-06-07T16:00:00,long,61069,61837,100,0.1,6106.9,100.0,76.8,66.69,5601.96,0.07,768,1.26,0,0.0,25649.82,2154584.88,25.65,610.69,0.1,10,5.0,0.01,0,0.0,10.11,60685
719,SELL_A,ST_FLIP_GREEN,2026-06-07T16:00:00,2026-06-08T02:00:00,short,61837,62413,100,0.1,6183.7,100.0,-57.6,-67.71,-5687.64,-0.07,0,0.0,576,0.93,25582.11,2148897.24,25.58,618.37,0.1,10,5.0,0.01,0,0.0,10.11,62221
720,BUY_A,ST_FLIP_RED,2026-06-08T02:00:00,2026-06-08T08:00:00,long,62413,62797,100,0.1,6241.3,100.0,38.4,28.29,2376.36,0.03,384,0.62,0,0.0,25610.4,2151273.6,25.61,624.13,0.1,10,5.0,0.01,0,0.0,10.11,62029
721,SELL_A,ST_FLIP_GREEN,2026-06-08T08:00:00,2026-06-08T18:00:00,short,62797,63373,100,0.1,6279.7,100.0,-57.6,-67.71,-5687.64,-0.07,0,0.0,576,0.92,25542.69,2145585.96,25.54,627.97,0.1,10,5.0,0.01,0,0.0,10.11,63181
722,BUY_A,ST_FLIP_RED,2026-06-08T18:00:00,2026-06-09T00:00:00,long,63565,63181,100,0.1,6356.5,100.0,-38.4,-48.51,-4074.84,-0.05,0,0.0,384,0.6,25494.18,2141511.12,25.49,635.65,0.1,10,5.0,0.01,0,0.0,10.11,63181
723,SELL_B,ST_FLIP_GREEN,2026-06-09T00:00:00,2026-06-09T10:00:00,short,63181,63373,100,0.1,6318.1,100.0,-19.2,-29.31,-2462.04,-0.03,0,0.0,192,0.3,25464.87,2139049.08,25.46,631.81,0.1,10,5.0,0.01,0,0.0,10.11,63565
724,SELL_B,ST_FLIP_GREEN,2026-06-09T12:00:00,2026-06-09T22:00:00,short,62989,61645,100,0.1,6298.9,100.0,134.4,124.29,10440.36,0.12,1344,2.13,0,0.0,25589.16,2149489.44,25.59,629.89,0.1,10,5.0,0.01,0,0.0,10.11,63373
725,BUY_A,ST_FLIP_RED,2026-06-09T22:00:00,2026-06-10T06:00:00,long,61645,61453,100,0.1,6164.5,100.0,-19.2,-29.31,-2462.04,-0.03,0,0.0,192,0.31,25559.85,2147027.4,25.56,616.45,0.1,10,5.0,0.01,0,0.0,10.11,61261
726,BUY_B,ST_FLIP_RED,2026-06-10T18:00:00,2026-06-11T02:00:00,long,61837,61645,100,0.1,6183.7,100.0,-19.2,-29.31,-2462.04,-0.03,0,0.0,192,0.31,25530.54,2144565.36,25.53,618.37,0.1,10,5.0,0.01,0,0.0,10.11,61453
727,SELL_A,ST_FLIP_GREEN,2026-06-11T02:00:00,2026-06-11T04:00:00,short,61453,61645,100,0.1,6145.3,100.0,-19.2,-29.31,-2462.04,-0.03,0,0.0,192,0.31,25501.23,2142103.32,25.5,614.53,0.1,10,5.0,0.01,0,0.0,10.11,61837
728,BUY_A,ST_FLIP_RED,2026-06-11T04:00:00,2026-06-12T10:00:00,long,61645,63181,100,0.1,6164.5,100.0,153.6,143.49,12053.16,0.14,1536,2.49,0,0.0,25644.72,2154156.48,25.64,616.45,0.1,10,5.0,0.01,0,0.0,10.11,61261
729,SELL_A,ST_FLIP_GREEN,2026-06-12T10:00:00,2026-06-12T12:00:00,short,63181,63565,100,0.1,6318.1,100.0,-38.4,-48.51,-4074.84,-0.05,0,0.0,384,0.61,25596.21,2150081.64,25.6,631.81,0.1,10,5.0,0.01,0,0.0,10.11,63565
730,BUY_A,ST_FLIP_RED,2026-06-13T18:00:00,2026-06-14T18:00:00,long,63949,63949,100,0.1,6394.9,100.0,0.0,-10.11,-849.24,-0.01,0,0.0,0,0.0,25586.1,2149232.4,25.59,639.49,0.1,10,5.0,0.01,0,0.0,10.11,63565
731,SELL_A,ST_FLIP_GREEN,2026-06-14T18:00:00,2026-06-15T02:00:00,short,63949,64333,100,0.1,6394.9,100.0,-38.4,-48.51,-4074.84,-0.05,0,0.0,384,0.6,25537.59,2145157.56,25.54,639.49,0.1,10,5.0,0.01,0,0.0,10.11,64333
732,BUY_A,ST_FLIP_RED,2026-06-15T02:00:00,2026-06-16T00:00:00,long,64717,66445,100,0.1,6471.7,100.0,172.8,162.69,13665.96,0.16,1728,2.67,0,0.0,25700.28,2158823.52,25.7,647.17,0.1,10,5.0,0.01,0,0.0,10.11,64333
733,SELL_B,ST_FLIP_GREEN,2026-06-16T00:00:00,2026-06-16T10:00:00,short,66445,66445,100,0.1,6644.5,100.0,0.0,-10.11,-849.24,-0.01,0,0.0,0,0.0,25690.17,2157974.28,25.69,664.45,0.1,10,5.0,0.01,0,0.0,10.11,66829
734,SELL_B,ST_FLIP_GREEN,2026-06-16T18:00:00,2026-06-16T22:00:00,short,66061,66061,100,0.1,6606.1,100.0,0.0,-10.11,-849.24,-0.01,0,0.0,0,0.0,25680.06,2157125.04,25.68,660.61,0.1,10,5.0,0.01,0,0.0,10.11,66445
735,SELL_B,ST_FLIP_GREEN,2026-06-17T10:00:00,2026-06-17T18:00:00,short,65485,65293,100,0.1,6548.5,100.0,19.2,9.09,763.56,0.01,192,0.29,0,0.0,25689.15,2157888.6,25.69,654.85,0.1,10,5.0,0.01,0,0.0,10.11,65869
736,BUY_A,ST_FLIP_RED,2026-06-17T18:00:00,2026-06-17T22:00:00,long,65293,65485,100,0.1,6529.3,100.0,19.2,9.09,763.56,0.01,192,0.29,0,0.0,25698.24,2158652.16,25.7,652.93,0.1,10,5.0,0.01,0,0.0,10.11,64909
737,SELL_A,ST_FLIP_GREEN,2026-06-17T22:00:00,2026-06-18T12:00:00,short,65293,64525,100,0.1,6529.3,100.0,76.8,66.69,5601.96,0.07,768,1.18,0,0.0,25764.93,2164254.12,25.76,652.93,0.1,10,5.0,0.01,0,0.0,10.11,65677
738,BUY_A,ST_FLIP_RED,2026-06-18T12:00:00,2026-06-18T14:00:00,long,64525,64141,100,0.1,6452.5,100.0,-38.4,-48.51,-4074.84,-0.05,0,0.0,384,0.6,25716.42,2160179.28,25.72,645.25,0.1,10,5.0,0.01,0,0.0,10.11,64141
739,SELL_A,ST_FLIP_GREEN,2026-06-18T14:00:00,2026-06-18T16:00:00,short,63949,64333,100,0.1,6394.9,100.0,-38.4,-48.51,-4074.84,-0.05,0,0.0,384,0.6,25667.91,2156104.44,25.67,639.49,0.1,10,5.0,0.01,0,0.0,10.11,64333
740,BUY_B,ST_FLIP_RED,2026-06-18T16:00:00,2026-06-18T20:00:00,long,64333,63565,100,0.1,6433.3,100.0,-76.8,-86.91,-7300.44,-0.09,0,0.0,768,1.19,25581.0,2148804.0,25.58,643.33,0.1,10,5.0,0.01,0,0.0,10.11,63949
741,SELL_A,ST_FLIP_GREEN,2026-06-18T20:00:00,2026-06-19T00:00:00,short,63565,63181,100,0.1,6356.5,100.0,38.4,28.29,2376.36,0.03,384,0.6,0,0.0,25609.29,2151180.36,25.61,635.65,0.1,10,5.0,0.01,0,0.0,10.11,63949
742,BUY_A,ST_FLIP_RED,2026-06-19T00:00:00,2026-06-19T08:00:00,long,63181,62605,100,0.1,6318.1,100.0,-57.6,-67.71,-5687.64,-0.07,0,0.0,576,0.91,25541.58,2145492.72,25.54,631.81,0.1,10,5.0,0.01,0,0.0,10.11,62797
743,BUY_B,ST_FLIP_RED,2026-06-19T18:00:00,2026-06-22T02:00:00,long,63373,63757,100,0.1,6337.3,100.0,38.4,28.29,2376.36,0.03,384,0.61,0,0.0,25569.87,2147869.08,25.57,633.73,0.1,10,5.0,0.01,0,0.0,10.11,62989
744,SELL_A,ST_FLIP_GREEN,2026-06-22T02:00:00,2026-06-22T06:00:00,short,63565,64141,100,0.1,6356.5,100.0,-57.6,-67.71,-5687.64,-0.07,0,0.0,576,0.91,25502.16,2142181.44,25.5,635.65,0.1,10,5.0,0.01,0,0.0,10.11,63949
745,BUY_A,ST_FLIP_RED,2026-06-22T06:00:00,2026-06-22T08:00:00,long,64141,63949,100,0.1,6414.1,100.0,-19.2,-29.31,-2462.04,-0.03,0,0.0,192,0.3,25472.85,2139719.4,25.47,641.41,0.1,10,5.0,0.01,0,0.0,10.11,63757
746,SELL_A,ST_FLIP_GREEN,2026-06-22T08:00:00,2026-06-22T12:00:00,short,63949,64333,100,0.1,6394.9,100.0,-38.4,-48.51,-4074.84,-0.05,0,0.0,384,0.6,25424.34,2135644.56,25.42,639.49,0.1,10,5.0,0.01,0,0.0,10.11,64333
747,BUY_A,ST_FLIP_RED,2026-06-22T12:00:00,2026-06-23T00:00:00,long,64333,64333,100,0.1,6433.3,100.0,0.0,-10.11,-849.24,-0.01,0,0.0,0,0.0,25414.23,2134795.32,25.41,643.33,0.1,10,5.0,0.01,0,0.0,10.11,63949
748,SELL_A,ST_FLIP_GREEN,2026-06-23T00:00:00,2026-06-23T18:00:00,short,64333,62605,100,0.1,6433.3,100.0,172.8,162.69,13665.96,0.16,1728,2.69,0,0.0,25576.92,2148461.28,25.58,643.33,0.1,10,5.0,0.01,0,0.0,10.11,64717
749,BUY_A,ST_FLIP_RED,2026-06-23T18:00:00,2026-06-24T18:00:00,long,62605,62221,100,0.1,6260.5,100.0,-38.4,-48.51,-4074.84,-0.05,0,0.0,384,0.61,25528.41,2144386.44,25.53,626.05,0.1,10,5.0,0.01,0,0.0,10.11,62221
750,SELL_A,ST_FLIP_GREEN,2026-06-24T18:00:00,2026-06-25T00:00:00,short,61837,60301,100,0.1,6183.7,100.0,153.6,143.49,12053.16,0.14,1536,2.48,0,0.0,25671.9,2156439.6,25.67,618.37,0.1,10,5.0,0.01,0,0.0,10.11,62221
751,BUY_B,ST_FLIP_RED,2026-06-25T00:00:00,2026-06-25T16:00:00,long,60301,61069,100,0.1,6030.1,100.0,76.8,66.69,5601.96,0.07,768,1.27,0,0.0,25738.59,2162041.56,25.74,603.01,0.1,10,5.0,0.01,0,0.0,10.11,59917
752,SELL_A,ST_FLIP_GREEN,2026-06-25T18:00:00,2026-06-25T20:00:00,short,60877,59917,100,0.1,6087.7,100.0,96.0,85.89,7214.76,0.09,960,1.58,0,0.0,25824.48,2169256.32,25.82,608.77,0.1,10,5.0,0.01,0,0.0,10.11,61261
753,BUY_A,ST_FLIP_RED,2026-06-25T20:00:00,2026-06-26T06:00:00,long,59917,59341,100,0.1,5991.7,100.0,-57.6,-67.71,-5687.64,-0.07,0,0.0,576,0.96,25756.77,2163568.68,25.76,599.17,0.1,10,5.0,0.01,0,0.0,10.11,59533
754,SELL_A,ST_FLIP_GREEN,2026-06-26T06:00:00,2026-06-26T08:00:00,short,59149,59341,100,0.1,5914.9,100.0,-19.2,-29.31,-2462.04,-0.03,0,0.0,192,0.32,25727.46,2161106.64,25.73,591.49,0.1,10,5.0,0.01,0,0.0,10.11,59533
755,BUY_B,ST_FLIP_RED,2026-06-26T08:00:00,2026-06-26T14:00:00,long,59341,59533,100,0.1,5934.1,100.0,19.2,9.09,763.56,0.01,192,0.32,0,0.0,25736.55,2161870.2,25.74,593.41,0.1,10,5.0,0.01,0,0.0,10.11,58957
756,BUY_B,ST_FLIP_RED,2026-06-26T18:00:00,2026-06-28T00:00:00,long,60109,60109,100,0.1,6010.9,100.0,0.0,-10.11,-849.24,-0.01,0,0.0,0,0.0,25726.44,2161020.96,25.73,601.09,0.1,10,5.0,0.01,0,0.0,10.11,59725
757,SELL_A,ST_FLIP_GREEN,2026-06-28T00:00:00,2026-06-28T16:00:00,short,60109,60493,100,0.1,6010.9,100.0,-38.4,-48.51,-4074.84,-0.05,0,0.0,384,0.64,25677.93,2156946.12,25.68,601.09,0.1,10,5.0,0.01,0,0.0,10.11,60493
758,BUY_A,ST_FLIP_RED,2026-06-28T16:00:00,2026-06-28T20:00:00,long,60493,59725,100,0.1,6049.3,100.0,-76.8,-86.91,-7300.44,-0.09,0,0.0,768,1.27,25591.02,2149645.68,25.59,604.93,0.1,10,5.0,0.01,0,0.0,10.11,60109
759,SELL_B,ST_FLIP_GREEN,2026-06-28T20:00:00,2026-06-29T08:00:00,short,59725,59917,100,0.1,5972.5,100.0,-19.2,-29.31,-2462.04,-0.03,0,0.0,192,0.32,25561.71,2147183.64,25.56,597.25,0.1,10,5.0,0.01,0,0.0,10.11,60109
760,BUY_A,ST_FLIP_RED,2026-06-29T08:00:00,2026-06-29T18:00:00,long,60109,59725,100,0.1,6010.9,100.0,-38.4,-48.51,-4074.84,-0.05,0,0.0,384,0.64,25513.2,2143108.8,25.51,601.09,0.1,10,5.0,0.01,0,0.0,10.11,59725
761,SELL_A,ST_FLIP_GREEN,2026-06-29T18:00:00,2026-06-29T22:00:00,short,59725,59917,100,0.1,5972.5,100.0,-19.2,-29.31,-2462.04,-0.03,0,0.0,192,0.32,25483.89,2140646.76,25.48,597.25,0.1,10,5.0,0.01,0,0.0,10.11,60109
762,BUY_A,ST_FLIP_RED,2026-06-29T22:00:00,2026-06-30T04:00:00,long,59917,59725,100,0.1,5991.7,100.0,-19.2,-29.31,-2462.04,-0.03,0,0.0,192,0.32,25454.58,2138184.72,25.45,599.17,0.1,10,5.0,0.01,0,0.0,10.11,59533
763,SELL_A,ST_FLIP_GREEN,2026-06-30T04:00:00,2026-07-01T06:00:00,short,59725,58957,100,0.1,5972.5,100.0,76.8,66.69,5601.96,0.07,768,1.29,0,0.0,25521.27,2143786.68,25.52,597.25,0.1,10,5.0,0.01,0,0.0,10.11,60109
764,BUY_A,ST_FLIP_RED,2026-07-01T06:00:00,2026-07-01T10:00:00,long,58957,58573,100,0.1,5895.7,100.0,-38.4,-48.51,-4074.84,-0.05,0,0.0,384,0.65,25472.76,2139711.84,25.47,589.57,0.1,10,5.0,0.01,0,0.0,10.11,58573
765,BUY_B,ST_FLIP_RED,2026-07-01T18:00:00,2026-07-02T04:00:00,long,59341,59917,100,0.1,5934.1,100.0,57.6,47.49,3989.16,0.05,576,0.97,0,0.0,25520.25,2143701.0,25.52,593.41,0.1,10,5.0,0.01,0,0.0,10.11,58957
766,SELL_A,ST_FLIP_GREEN,2026-07-02T04:00:00,2026-07-02T06:00:00,short,59917,60301,100,0.1,5991.7,100.0,-38.4,-48.51,-4074.84,-0.05,0,0.0,384,0.64,25471.74,2139626.16,25.47,599.17,0.1,10,5.0,0.01,0,0.0,10.11,60301
767,BUY_A,ST_FLIP_RED,2026-07-02T08:00:00,2026-07-02T20:00:00,long,60493,61069,100,0.1,6049.3,100.0,57.6,47.49,3989.16,0.05,576,0.95,0,0.0,25519.23,2143615.32,25.52,604.93,0.1,10,5.0,0.01,0,0.0,10.11,60109
768,SELL_A,ST_FLIP_GREEN,2026-07-02T20:00:00,2026-07-02T22:00:00,short,61069,61645,100,0.1,6106.9,100.0,-57.6,-67.71,-5687.64,-0.07,0,0.0,576,0.94,25451.52,2137927.68,25.45,610.69,0.1,10,5.0,0.01,0,0.0,10.11,61453
