logged_at,bot,date,direction_bt,direction_live,direction_mismatch,entry_ts_bt,entry_ts_live,entry_price_bt,entry_price_live,entry_slippage_usd,exit_ts_bt,exit_ts_live,exit_price_bt,exit_price_live,exit_slippage_usd,bt_pnl_usd,live_pnl_usd,net_pnl_gap_usd,missed_trade,extra_live_trade
2026-09-28T03:06:57.359198+00:00,s4,2026-09-28,,LONG,False,,2026-09-27T18:00:08.951334Z,,84540.5,,,2026-09-27T22:54:44.465465Z,,84187.0,,,-35.35,,False,True
2026-09-28T03:06:58.465762+00:00,s4v2,2026-09-28,,LONG,False,,2026-09-27T18:30:03.589217Z,,84720.0,,,2026-09-27T20:30:05.656260Z,,84599.0,,,-12.1,,False,True
2026-09-28T03:06:58.465762+00:00,s4v2,2026-09-28,,SHORT,False,,2026-09-27T20:30:12.753541Z,,84601.5,,,2026-09-27T23:30:04.311583Z,,84378.5,,,22.3,,False,True
2026-09-28T03:06:58.465762+00:00,s4v2,2026-09-28,,LONG,False,,2026-09-27T23:30:11.544970Z,,84378.5,,,2026-09-28T01:00:03.925502Z,,84071.0,,,-30.75,,False,True
2026-09-28T03:06:59.699402+00:00,s4v3,2026-09-28,,LONG,False,,2026-09-27T20:00:07.922874Z,,84722.0,,,2026-09-28T00:00:05.109818Z,,84442.0,,,-28.0,,False,True
2026-09-28T03:32:11.587974+00:00,s4v2,2026-09-28,LONG,LONG,False,2026-09-27 23:30:00,2026-09-27T23:30:11.544970Z,84323.0,84378.5,55.5,2026-09-28 01:00:00,2026-09-28T01:00:03.925502Z,84599.0,84071.0,-528.0,17.49,-30.75,-48.24,False,False
2026-09-28T03:32:11.587974+00:00,s4v2,2026-09-28,,LONG,False,,2026-09-27T18:30:03.589217Z,,84720.0,,,2026-09-27T20:30:05.656260Z,,84599.0,,,-12.1,,False,True
2026-09-28T03:32:11.587974+00:00,s4v2,2026-09-28,,SHORT,False,,2026-09-27T20:30:12.753541Z,,84601.5,,,2026-09-27T23:30:04.311583Z,,84378.5,,,22.3,,False,True
2026-09-28T03:36:32.077509+00:00,s4v2,2026-09-28,LONG,LONG,False,2026-09-27 18:30:00,2026-09-27T18:30:03.589217Z,84599.0,84720.0,121.0,2026-09-27 20:30:00,2026-09-27T20:30:05.656260Z,84599.0,84599.0,0.0,-10.11,-12.1,-1.99,False,False
2026-09-28T03:36:32.077509+00:00,s4v2,2026-09-28,SHORT,SHORT,False,2026-09-27 20:30:00,2026-09-27T20:30:12.753541Z,84553.0,84601.5,48.5,2026-09-27 23:30:00,2026-09-27T23:30:04.311583Z,84323.0,84378.5,55.5,12.89,22.3,9.41,False,False
2026-09-28T03:36:32.077509+00:00,s4v2,2026-09-28,LONG,LONG,False,2026-09-27 23:30:00,2026-09-27T23:30:11.544970Z,84323.0,84378.5,55.5,2026-09-28 01:00:00,2026-09-28T01:00:03.925502Z,84599.0,84071.0,-528.0,17.49,-30.75,-48.24,False,False
2026-09-28T03:37:21.103798+00:00,s4,2026-09-28,LONG,LONG,False,2026-09-27 18:00:00,2026-09-27T18:00:08.951334Z,84553.0,84540.5,-12.5,2026-09-28 00:00:00,2026-09-27T22:54:44.465465Z,84553.0,84187.0,-366.0,-10.11,-35.35,-25.24,False,False
2026-09-28T03:37:22.268069+00:00,s4v3,2026-09-28,,LONG,False,,2026-09-27T20:00:07.922874Z,,84722.0,,,2026-09-28T00:00:05.109818Z,,84442.0,,,-28.0,,False,True
2026-09-28T03:44:25.920878+00:00,s4,2026-09-28,LONG,LONG,False,2026-09-27 18:00:00,2026-09-27T18:00:08.951334Z,84553.0,84540.5,-12.5,2026-09-28 00:00:00,2026-09-27T22:54:44.465465Z,84553.0,84187.0,-366.0,-10.11,-35.35,-25.24,False,False
2026-09-28T03:44:26.955653+00:00,s4v2,2026-09-28,LONG,LONG,False,2026-09-27 18:30:00,2026-09-27T18:30:03.589217Z,84599.0,84720.0,121.0,2026-09-27 20:30:00,2026-09-27T20:30:05.656260Z,84599.0,84599.0,0.0,-10.11,-12.1,-1.99,False,False
2026-09-28T03:44:26.955653+00:00,s4v2,2026-09-28,SHORT,SHORT,False,2026-09-27 20:30:00,2026-09-27T20:30:12.753541Z,84553.0,84601.5,48.5,2026-09-27 23:30:00,2026-09-27T23:30:04.311583Z,84323.0,84378.5,55.5,12.89,22.3,9.41,False,False
2026-09-28T03:44:26.955653+00:00,s4v2,2026-09-28,LONG,LONG,False,2026-09-27 23:30:00,2026-09-27T23:30:11.544970Z,84323.0,84378.5,55.5,2026-09-28 01:00:00,2026-09-28T01:00:03.925502Z,84599.0,84071.0,-528.0,17.49,-30.75,-48.24,False,False
2026-09-28T03:44:28.041682+00:00,s4v3,2026-09-28,,LONG,False,,2026-09-27T20:00:07.922874Z,,84722.0,,,2026-09-28T00:00:05.109818Z,,84442.0,,,-28.0,,False,True
2026-09-28T14:57:25.121157+00:00,s4,2026-09-28,LONG,LONG,False,2026-09-27 18:00:00,2026-09-27T18:00:08.951334Z,84553.0,84540.5,-12.5,2026-09-28 00:00:00,2026-09-27T22:54:44.465465Z,84553.0,84187.0,-366.0,-10.11,-35.35,-25.24,False,False
2026-09-28T14:57:25.121157+00:00,s4,2026-09-28,SHORT,SHORT,False,2026-09-28 00:00:00,2026-09-27T22:54:56.796973Z,84507.0,84196.5,-310.5,2026-09-28 12:00:00,2026-09-28T12:00:04.893010Z,82805.0,83044.5,239.5,160.09,115.2,-44.89,False,False
2026-09-28T14:57:25.121157+00:00,s4,2026-09-28,LONG,LONG,False,2026-09-28 12:00:00,2026-09-28T12:00:13.424104Z,82805.0,83063.0,258.0,2026-09-28 16:00:00,2026-09-28T14:42:47.827621Z,83449.0,83007.48,-441.52,54.29,-5.552,-59.84,False,False
2026-09-28T14:57:26.670287+00:00,s4v2,2026-09-28,LONG,LONG,False,2026-09-27 18:30:00,2026-09-27T18:30:03.589217Z,84599.0,84720.0,121.0,2026-09-27 20:30:00,2026-09-27T20:30:05.656260Z,84599.0,84599.0,0.0,-10.11,-12.1,-1.99,False,False
2026-09-28T14:57:26.670287+00:00,s4v2,2026-09-28,SHORT,SHORT,False,2026-09-27 20:30:00,2026-09-27T20:30:12.753541Z,84553.0,84601.5,48.5,2026-09-27 23:30:00,2026-09-27T23:30:04.311583Z,84323.0,84378.5,55.5,12.89,22.3,9.41,False,False
2026-09-28T14:57:26.670287+00:00,s4v2,2026-09-28,LONG,LONG,False,2026-09-27 23:30:00,2026-09-27T23:30:11.544970Z,84323.0,84378.5,55.5,2026-09-28 01:00:00,2026-09-28T01:00:03.925502Z,84599.0,84071.0,-528.0,17.49,-30.75,-48.24,False,False
2026-09-28T14:57:26.670287+00:00,s4v2,2026-09-28,SHORT,SHORT,False,2026-09-28 01:00:00,2026-09-28T01:00:11.695666Z,84553.0,84063.0,-490.0,2026-09-28 04:30:00,2026-09-28T04:30:04.229784Z,83449.0,83451.0,2.0,100.29,61.2,-39.09,False,False
2026-09-28T14:57:26.670287+00:00,s4v2,2026-09-28,LONG,LONG,False,2026-09-28 04:30:00,2026-09-28T04:30:11.645368Z,83449.0,83451.0,2.0,2026-09-28 05:30:00,2026-09-28T05:30:02.663126Z,83311.0,83036.5,-274.5,-23.91,-41.45,-17.54,False,False
2026-09-28T14:57:26.670287+00:00,s4v2,2026-09-28,SHORT,SHORT,False,2026-09-28 05:30:00,2026-09-28T05:30:10.681282Z,83127.0,83028.5,-98.5,2026-09-28 06:00:00,2026-09-28T06:00:03.220468Z,83127.0,83155.0,28.0,-10.11,-12.65,-2.54,False,False
2026-09-28T14:57:26.670287+00:00,s4v2,2026-09-28,LONG,LONG,False,2026-09-28 06:00:00,2026-09-28T06:00:09.439667Z,83127.0,83155.0,28.0,2026-09-28 06:30:00,2026-09-28T06:30:04.913617Z,83035.0,83024.0,-11.0,-19.31,-13.1,6.21,False,False
2026-09-28T14:57:26.670287+00:00,s4v2,2026-09-28,LONG,LONG,False,2026-09-28 07:00:00,2026-09-28T07:00:04.945144Z,83127.0,83167.0,40.0,2026-09-28 07:30:00,2026-09-28T07:30:04.359278Z,82989.0,82914.0,-75.0,-23.91,-25.3,-1.39,False,False
2026-09-28T14:57:26.670287+00:00,s4v2,2026-09-28,SHORT,SHORT,False,2026-09-28 07:30:00,2026-09-28T07:30:11.632556Z,82897.0,82922.5,25.5,2026-09-28 10:30:00,2026-09-28T10:30:03.300122Z,82805.0,82804.5,-0.5,-0.91,11.8,12.71,False,False
2026-09-28T14:57:26.670287+00:00,s4v2,2026-09-28,LONG,LONG,False,2026-09-28 10:30:00,2026-09-28T10:30:10.493955Z,82805.0,82811.5,6.5,2026-09-28 14:30:00,2026-09-28T14:30:05.688656Z,83449.0,83195.0,-254.0,54.29,38.35,-15.94,False,False
2026-09-28T14:57:26.670287+00:00,s4v2,2026-09-28,SHORT,,False,2026-09-28 14:30:00,,83449.0,,,2026-09-28 15:00:00,,83311.0,,,3.69,,,True,False
2026-09-28T14:57:27.801295+00:00,s4v3,2026-09-28,SHORT,SHORT,False,2026-09-28 00:00:00,2026-09-28T03:15:25.276159Z,84599.0,83394.0,-1205.0,2026-09-28 12:00:00,2026-09-28T12:00:05.238672Z,83035.0,83044.5,9.5,146.29,34.95,-111.34,False,False
2026-09-28T14:57:27.801295+00:00,s4v3,2026-09-28,,LONG,False,,2026-09-27T20:00:07.922874Z,,84722.0,,,2026-09-28T00:00:05.109818Z,,84442.0,,,-28.0,,False,True
2026-09-28T15:14:02.997948+00:00,s4,2026-09-28,LONG,LONG,False,2026-09-27 18:00:00,2026-09-27T18:00:08.951334Z,84553.0,84540.5,-12.5,2026-09-28 00:00:00,2026-09-27T22:54:44.465465Z,84553.0,84187.0,-366.0,-10.11,-35.35,-25.24,False,False
2026-09-28T15:14:02.997948+00:00,s4,2026-09-28,SHORT,SHORT,False,2026-09-28 00:00:00,2026-09-27T22:54:56.796973Z,84507.0,84196.5,-310.5,2026-09-28 12:00:00,2026-09-28T12:00:04.893010Z,82805.0,83044.5,239.5,160.09,115.2,-44.89,False,False
2026-09-28T15:14:02.997948+00:00,s4,2026-09-28,LONG,LONG,False,2026-09-28 12:00:00,2026-09-28T12:00:13.424104Z,82805.0,83063.0,258.0,2026-09-28 16:00:00,2026-09-28T14:42:47.827621Z,83449.0,83007.48,-441.52,54.29,-5.552,-59.84,False,False
2026-09-28T15:14:06.381324+00:00,s4v2,2026-09-28,LONG,LONG,False,2026-09-27 18:30:00,2026-09-27T18:30:03.589217Z,84599.0,84720.0,121.0,2026-09-27 20:30:00,2026-09-27T20:30:05.656260Z,84599.0,84599.0,0.0,-10.11,-12.1,-1.99,False,False
2026-09-28T15:14:06.381324+00:00,s4v2,2026-09-28,SHORT,SHORT,False,2026-09-27 20:30:00,2026-09-27T20:30:12.753541Z,84553.0,84601.5,48.5,2026-09-27 23:30:00,2026-09-27T23:30:04.311583Z,84323.0,84378.5,55.5,12.89,22.3,9.41,False,False
2026-09-28T15:14:06.381324+00:00,s4v2,2026-09-28,LONG,LONG,False,2026-09-27 23:30:00,2026-09-27T23:30:11.544970Z,84323.0,84378.5,55.5,2026-09-28 01:00:00,2026-09-28T01:00:03.925502Z,84599.0,84071.0,-528.0,17.49,-30.75,-48.24,False,False
2026-09-28T15:14:06.381324+00:00,s4v2,2026-09-28,SHORT,SHORT,False,2026-09-28 01:00:00,2026-09-28T01:00:11.695666Z,84553.0,84063.0,-490.0,2026-09-28 04:30:00,2026-09-28T04:30:04.229784Z,83449.0,83451.0,2.0,100.29,61.2,-39.09,False,False
2026-09-28T15:14:06.381324+00:00,s4v2,2026-09-28,LONG,LONG,False,2026-09-28 04:30:00,2026-09-28T04:30:11.645368Z,83449.0,83451.0,2.0,2026-09-28 05:30:00,2026-09-28T05:30:02.663126Z,83311.0,83036.5,-274.5,-23.91,-41.45,-17.54,False,False
2026-09-28T15:14:06.381324+00:00,s4v2,2026-09-28,SHORT,SHORT,False,2026-09-28 05:30:00,2026-09-28T05:30:10.681282Z,83127.0,83028.5,-98.5,2026-09-28 06:00:00,2026-09-28T06:00:03.220468Z,83127.0,83155.0,28.0,-10.11,-12.65,-2.54,False,False
2026-09-28T15:14:06.381324+00:00,s4v2,2026-09-28,LONG,LONG,False,2026-09-28 06:00:00,2026-09-28T06:00:09.439667Z,83127.0,83155.0,28.0,2026-09-28 06:30:00,2026-09-28T06:30:04.913617Z,83035.0,83024.0,-11.0,-19.31,-13.1,6.21,False,False
2026-09-28T15:14:06.381324+00:00,s4v2,2026-09-28,LONG,LONG,False,2026-09-28 07:00:00,2026-09-28T07:00:04.945144Z,83127.0,83167.0,40.0,2026-09-28 07:30:00,2026-09-28T07:30:04.359278Z,82989.0,82914.0,-75.0,-23.91,-25.3,-1.39,False,False
2026-09-28T15:14:06.381324+00:00,s4v2,2026-09-28,SHORT,SHORT,False,2026-09-28 07:30:00,2026-09-28T07:30:11.632556Z,82897.0,82922.5,25.5,2026-09-28 10:30:00,2026-09-28T10:30:03.300122Z,82805.0,82804.5,-0.5,-0.91,11.8,12.71,False,False
2026-09-28T15:14:06.381324+00:00,s4v2,2026-09-28,LONG,LONG,False,2026-09-28 10:30:00,2026-09-28T10:30:10.493955Z,82805.0,82811.5,6.5,2026-09-28 14:30:00,2026-09-28T14:30:05.688656Z,83449.0,83195.0,-254.0,54.29,38.35,-15.94,False,False
2026-09-28T15:14:06.381324+00:00,s4v2,2026-09-28,SHORT,,False,2026-09-28 14:30:00,,83449.0,,,2026-09-28 15:00:00,,83311.0,,,3.69,,,True,False
2026-09-28T15:14:08.594363+00:00,s4v3,2026-09-28,SHORT,SHORT,False,2026-09-28 00:00:00,2026-09-28T03:15:25.276159Z,84599.0,83394.0,-1205.0,2026-09-28 12:00:00,2026-09-28T12:00:05.238672Z,83035.0,83044.5,9.5,146.29,34.95,-111.34,False,False
2026-09-28T15:14:08.594363+00:00,s4v3,2026-09-28,,LONG,False,,2026-09-27T20:00:07.922874Z,,84722.0,,,2026-09-28T00:00:05.109818Z,,84442.0,,,-28.0,,False,True
2026-09-29T01:12:08.041388+00:00,s4,2026-09-28,LONG,LONG,False,2026-09-27 18:00:00,2026-09-27T18:00:08.951334Z,84553.0,84540.5,-12.5,2026-09-28 00:00:00,2026-09-27T22:54:44.465465Z,84553.0,84187.0,-366.0,-10.11,-35.35,-25.24,False,False
2026-09-29T01:12:08.041388+00:00,s4,2026-09-28,SHORT,SHORT,False,2026-09-28 00:00:00,2026-09-27T22:54:56.796973Z,84507.0,84196.5,-310.5,2026-09-28 12:00:00,2026-09-28T12:00:04.893010Z,82805.0,83044.5,239.5,160.09,115.2,-44.89,False,False
2026-09-29T01:12:08.041388+00:00,s4,2026-09-28,LONG,LONG,False,2026-09-28 12:00:00,2026-09-28T12:00:13.424104Z,82805.0,83063.0,258.0,2026-09-28 16:00:00,2026-09-28T14:42:47.827621Z,83449.0,83007.48,-441.52,54.29,-5.552,-59.84,False,False
2026-09-29T01:12:08.041388+00:00,s4,2026-09-28,,SHORT,False,,2026-09-28T14:42:55.897425Z,,82975.48,,,2026-09-28T18:00:05.905339Z,,83861.5,,,-88.602,,False,True
2026-09-29T01:12:08.041388+00:00,s4,2026-09-28,,LONG,False,,2026-09-28T18:00:13.277126Z,,83851.0,,,2026-09-28T20:00:05.653207Z,,83370.5,,,-48.05,,False,True
2026-09-29T01:12:10.364778+00:00,s4v2,2026-09-28,LONG,LONG,False,2026-09-27 18:30:00,2026-09-27T18:30:03.589217Z,84599.0,84720.0,121.0,2026-09-27 20:30:00,2026-09-27T20:30:05.656260Z,84599.0,84599.0,0.0,-10.11,-12.1,-1.99,False,False
2026-09-29T01:12:10.364778+00:00,s4v2,2026-09-28,SHORT,SHORT,False,2026-09-27 20:30:00,2026-09-27T20:30:12.753541Z,84553.0,84601.5,48.5,2026-09-27 23:30:00,2026-09-27T23:30:04.311583Z,84323.0,84378.5,55.5,12.89,22.3,9.41,False,False
2026-09-29T01:12:10.364778+00:00,s4v2,2026-09-28,LONG,LONG,False,2026-09-27 23:30:00,2026-09-27T23:30:11.544970Z,84323.0,84378.5,55.5,2026-09-28 01:00:00,2026-09-28T01:00:03.925502Z,84599.0,84071.0,-528.0,17.49,-30.75,-48.24,False,False
2026-09-29T01:12:10.364778+00:00,s4v2,2026-09-28,SHORT,SHORT,False,2026-09-28 01:00:00,2026-09-28T01:00:11.695666Z,84553.0,84063.0,-490.0,2026-09-28 04:30:00,2026-09-28T04:30:04.229784Z,83449.0,83451.0,2.0,100.29,61.2,-39.09,False,False
2026-09-29T01:12:10.364778+00:00,s4v2,2026-09-28,LONG,LONG,False,2026-09-28 04:30:00,2026-09-28T04:30:11.645368Z,83449.0,83451.0,2.0,2026-09-28 05:30:00,2026-09-28T05:30:02.663126Z,83311.0,83036.5,-274.5,-23.91,-41.45,-17.54,False,False
2026-09-29T01:12:10.364778+00:00,s4v2,2026-09-28,SHORT,SHORT,False,2026-09-28 05:30:00,2026-09-28T05:30:10.681282Z,83127.0,83028.5,-98.5,2026-09-28 06:00:00,2026-09-28T06:00:03.220468Z,83127.0,83155.0,28.0,-10.11,-12.65,-2.54,False,False
2026-09-29T01:12:10.364778+00:00,s4v2,2026-09-28,LONG,LONG,False,2026-09-28 06:00:00,2026-09-28T06:00:09.439667Z,83127.0,83155.0,28.0,2026-09-28 06:30:00,2026-09-28T06:30:04.913617Z,83035.0,83024.0,-11.0,-19.31,-13.1,6.21,False,False
2026-09-29T01:12:10.364778+00:00,s4v2,2026-09-28,LONG,LONG,False,2026-09-28 07:00:00,2026-09-28T07:00:04.945144Z,83127.0,83167.0,40.0,2026-09-28 07:30:00,2026-09-28T07:30:04.359278Z,82989.0,82914.0,-75.0,-23.91,-25.3,-1.39,False,False
2026-09-29T01:12:10.364778+00:00,s4v2,2026-09-28,SHORT,SHORT,False,2026-09-28 07:30:00,2026-09-28T07:30:11.632556Z,82897.0,82922.5,25.5,2026-09-28 10:30:00,2026-09-28T10:30:03.300122Z,82805.0,82804.5,-0.5,-0.91,11.8,12.71,False,False
2026-09-29T01:12:10.364778+00:00,s4v2,2026-09-28,LONG,LONG,False,2026-09-28 10:30:00,2026-09-28T10:30:10.493955Z,82805.0,82811.5,6.5,2026-09-28 14:30:00,2026-09-28T14:30:05.688656Z,83449.0,83195.0,-254.0,54.29,38.35,-15.94,False,False
2026-09-29T01:12:10.364778+00:00,s4v2,2026-09-28,SHORT,SHORT,False,2026-09-28 14:30:00,2026-09-28T14:30:13.664394Z,83449.0,83223.0,-226.0,2026-09-28 15:00:00,2026-09-28T16:00:03.402984Z,83311.0,83349.0,38.0,3.69,-12.6,-16.29,False,False
2026-09-29T01:12:10.364778+00:00,s4v2,2026-09-28,,LONG,False,,2026-09-28T16:00:09.700691Z,,83333.0,,,2026-09-28T17:00:02.410754Z,,83688.0,,,35.5,,False,True
2026-09-29T01:12:10.364778+00:00,s4v2,2026-09-28,,SHORT,False,,2026-09-28T17:00:08.237670Z,,83680.0,,,2026-09-28T17:30:05.698617Z,,83880.0,,,-20.0,,False,True
2026-09-29T01:12:12.500333+00:00,s4v3,2026-09-28,SHORT,SHORT,False,2026-09-28 00:00:00,2026-09-28T03:15:25.276159Z,84599.0,83394.0,-1205.0,2026-09-28 12:00:00,2026-09-28T12:00:05.238672Z,83035.0,83044.5,9.5,146.29,34.95,-111.34,False,False
2026-09-29T01:12:12.500333+00:00,s4v3,2026-09-28,,LONG,False,,2026-09-27T20:00:07.922874Z,,84722.0,,,2026-09-28T00:00:05.109818Z,,84442.0,,,-28.0,,False,True
2026-09-29T01:12:12.500333+00:00,s4v3,2026-09-28,,LONG,False,,2026-09-28T12:00:13.031620Z,,83063.0,,,2026-09-29T00:46:45.447293Z,,83425.5,,,36.25,,False,True
2026-09-29T01:40:23.086782+00:00,s4,2026-09-28,LONG,LONG,False,2026-09-27 18:00:00,2026-09-27T18:00:08.951334Z,84553.0,84540.5,-12.5,2026-09-28 00:00:00,2026-09-27T22:54:44.465465Z,84553.0,84187.0,-366.0,-10.11,-35.35,-25.24,False,False
2026-09-29T01:40:23.086782+00:00,s4,2026-09-28,SHORT,SHORT,False,2026-09-28 00:00:00,2026-09-27T22:54:56.796973Z,84507.0,84196.5,-310.5,2026-09-28 12:00:00,2026-09-28T12:00:04.893010Z,82805.0,83044.5,239.5,160.09,115.2,-44.89,False,False
2026-09-29T01:40:23.086782+00:00,s4,2026-09-28,LONG,LONG,False,2026-09-28 12:00:00,2026-09-28T12:00:13.424104Z,82805.0,83063.0,258.0,2026-09-28 16:00:00,2026-09-28T14:42:47.827621Z,83449.0,83007.48,-441.52,54.29,-5.552,-59.84,False,False
2026-09-29T01:40:23.086782+00:00,s4,2026-09-28,,SHORT,False,,2026-09-28T14:42:55.897425Z,,82975.48,,,2026-09-28T18:00:05.905339Z,,83861.5,,,-88.602,,False,True
2026-09-29T01:40:23.086782+00:00,s4,2026-09-28,,LONG,False,,2026-09-28T18:00:13.277126Z,,83851.0,,,2026-09-28T20:00:05.653207Z,,83370.5,,,-48.05,,False,True
2026-09-29T01:40:24.695440+00:00,s4v2,2026-09-28,LONG,LONG,False,2026-09-27 18:30:00,2026-09-27T18:30:03.589217Z,84599.0,84720.0,121.0,2026-09-27 20:30:00,2026-09-27T20:30:05.656260Z,84599.0,84599.0,0.0,-10.11,-12.1,-1.99,False,False
2026-09-29T01:40:24.695440+00:00,s4v2,2026-09-28,SHORT,SHORT,False,2026-09-27 20:30:00,2026-09-27T20:30:12.753541Z,84553.0,84601.5,48.5,2026-09-27 23:30:00,2026-09-27T23:30:04.311583Z,84323.0,84378.5,55.5,12.89,22.3,9.41,False,False
2026-09-29T01:40:24.695440+00:00,s4v2,2026-09-28,LONG,LONG,False,2026-09-27 23:30:00,2026-09-27T23:30:11.544970Z,84323.0,84378.5,55.5,2026-09-28 01:00:00,2026-09-28T01:00:03.925502Z,84599.0,84071.0,-528.0,17.49,-30.75,-48.24,False,False
2026-09-29T01:40:24.695440+00:00,s4v2,2026-09-28,SHORT,SHORT,False,2026-09-28 01:00:00,2026-09-28T01:00:11.695666Z,84553.0,84063.0,-490.0,2026-09-28 04:30:00,2026-09-28T04:30:04.229784Z,83449.0,83451.0,2.0,100.29,61.2,-39.09,False,False
2026-09-29T01:40:24.695440+00:00,s4v2,2026-09-28,LONG,LONG,False,2026-09-28 04:30:00,2026-09-28T04:30:11.645368Z,83449.0,83451.0,2.0,2026-09-28 05:30:00,2026-09-28T05:30:02.663126Z,83311.0,83036.5,-274.5,-23.91,-41.45,-17.54,False,False
2026-09-29T01:40:24.695440+00:00,s4v2,2026-09-28,SHORT,SHORT,False,2026-09-28 05:30:00,2026-09-28T05:30:10.681282Z,83127.0,83028.5,-98.5,2026-09-28 06:00:00,2026-09-28T06:00:03.220468Z,83127.0,83155.0,28.0,-10.11,-12.65,-2.54,False,False
2026-09-29T01:40:24.695440+00:00,s4v2,2026-09-28,LONG,LONG,False,2026-09-28 06:00:00,2026-09-28T06:00:09.439667Z,83127.0,83155.0,28.0,2026-09-28 06:30:00,2026-09-28T06:30:04.913617Z,83035.0,83024.0,-11.0,-19.31,-13.1,6.21,False,False
2026-09-29T01:40:24.695440+00:00,s4v2,2026-09-28,LONG,LONG,False,2026-09-28 07:00:00,2026-09-28T07:00:04.945144Z,83127.0,83167.0,40.0,2026-09-28 07:30:00,2026-09-28T07:30:04.359278Z,82989.0,82914.0,-75.0,-23.91,-25.3,-1.39,False,False
2026-09-29T01:40:24.695440+00:00,s4v2,2026-09-28,SHORT,SHORT,False,2026-09-28 07:30:00,2026-09-28T07:30:11.632556Z,82897.0,82922.5,25.5,2026-09-28 10:30:00,2026-09-28T10:30:03.300122Z,82805.0,82804.5,-0.5,-0.91,11.8,12.71,False,False
2026-09-29T01:40:24.695440+00:00,s4v2,2026-09-28,LONG,LONG,False,2026-09-28 10:30:00,2026-09-28T10:30:10.493955Z,82805.0,82811.5,6.5,2026-09-28 14:30:00,2026-09-28T14:30:05.688656Z,83449.0,83195.0,-254.0,54.29,38.35,-15.94,False,False
2026-09-29T01:40:24.695440+00:00,s4v2,2026-09-28,SHORT,SHORT,False,2026-09-28 14:30:00,2026-09-28T14:30:13.664394Z,83449.0,83223.0,-226.0,2026-09-28 15:00:00,2026-09-28T16:00:03.402984Z,83311.0,83349.0,38.0,3.69,-12.6,-16.29,False,False
2026-09-29T01:40:24.695440+00:00,s4v2,2026-09-28,,LONG,False,,2026-09-28T16:00:09.700691Z,,83333.0,,,2026-09-28T17:00:02.410754Z,,83688.0,,,35.5,,False,True
2026-09-29T01:40:24.695440+00:00,s4v2,2026-09-28,,SHORT,False,,2026-09-28T17:00:08.237670Z,,83680.0,,,2026-09-28T17:30:05.698617Z,,83880.0,,,-20.0,,False,True
2026-09-29T01:40:25.772487+00:00,s4v3,2026-09-28,SHORT,SHORT,False,2026-09-28 00:00:00,2026-09-28T03:15:25.276159Z,84599.0,83394.0,-1205.0,2026-09-28 12:00:00,2026-09-28T12:00:05.238672Z,83035.0,83044.5,9.5,146.29,34.95,-111.34,False,False
2026-09-29T01:40:25.772487+00:00,s4v3,2026-09-28,,LONG,False,,2026-09-27T20:00:07.922874Z,,84722.0,,,2026-09-28T00:00:05.109818Z,,84442.0,,,-28.0,,False,True
2026-09-29T01:40:25.772487+00:00,s4v3,2026-09-28,,LONG,False,,2026-09-28T12:00:13.031620Z,,83063.0,,,2026-09-29T00:46:45.447293Z,,83425.5,,,36.25,,False,True
2026-09-29T16:22:02.063972+00:00,s4,2026-09-29,SHORT,SHORT,False,2026-09-28 20:00:00,2026-09-28T20:00:13.102338Z,83725.0,83380.0,-345.0,2026-09-29 00:00:00,2026-09-29T00:00:04.013729Z,83357.0,83478.0,121.0,26.69,-9.8,-36.49,False,False
2026-09-29T16:22:02.063972+00:00,s4,2026-09-29,LONG,LONG,False,2026-09-29 00:00:00,2026-09-29T00:00:10.925253Z,83357.0,83474.5,117.5,2026-09-29 02:00:00,2026-09-29T00:54:08.274020Z,83357.0,83262.0,-95.0,-10.11,-21.25,-11.14,False,False
2026-09-29T16:22:02.063972+00:00,s4,2026-09-29,,LONG,False,,2026-09-28T18:00:13.277126Z,,83851.0,,,2026-09-28T20:00:05.653207Z,,83370.5,,,-48.05,,False,True
2026-09-29T16:22:02.063972+00:00,s4,2026-09-29,,SHORT,False,,2026-09-29T00:54:24.917745Z,,83247.5,,,2026-09-29T06:00:02.672551Z,,83416.5,,,-16.9,,False,True
2026-09-29T16:22:02.063972+00:00,s4,2026-09-29,,LONG,False,,2026-09-29T06:00:09.399198Z,,83416.5,,,2026-09-29T14:00:05.297131Z,,84181.0,,,76.45,,False,True
2026-09-29T16:22:04.486358+00:00,s4v2,2026-09-29,LONG,LONG,False,2026-09-28 19:00:00,2026-09-28T19:00:06.405292Z,83955.0,84023.0,68.0,2026-09-28 19:30:00,2026-09-28T19:30:04.027239Z,83817.0,83615.5,-201.5,-23.91,-40.75,-16.84,False,False
2026-09-29T16:22:04.486358+00:00,s4v2,2026-09-29,SHORT,SHORT,False,2026-09-28 19:30:00,2026-09-28T19:30:11.293468Z,83817.0,83621.0,-196.0,2026-09-28 20:30:00,2026-09-28T20:30:02.879165Z,83495.0,83476.5,-18.5,22.09,14.45,-7.64,False,False
2026-09-29T16:22:04.486358+00:00,s4v2,2026-09-29,SHORT,SHORT,False,2026-09-28 22:00:00,2026-09-28T22:00:04.761749Z,83357.0,83204.5,-152.5,2026-09-28 23:00:00,2026-09-28T23:00:03.964284Z,83311.0,83531.0,220.0,-5.51,-32.65,-27.14,False,False
2026-09-29T16:22:04.486358+00:00,s4v2,2026-09-29,LONG,LONG,False,2026-09-28 23:00:00,2026-09-28T23:00:11.035255Z,83311.0,83531.0,220.0,2026-09-29 01:00:00,2026-09-29T00:54:40.841449Z,83403.0,83235.0,-168.0,-0.91,-29.6,-28.69,False,False
2026-09-29T16:22:04.486358+00:00,s4v2,2026-09-29,SHORT,SHORT,False,2026-09-29 01:00:00,2026-09-29T00:54:55.068577Z,83311.0,83235.0,-76.0,2026-09-29 02:00:00,2026-09-29T02:00:05.506955Z,82943.0,83051.5,108.5,26.69,18.35,-8.34,False,False
2026-09-29T16:22:04.486358+00:00,s4v2,2026-09-29,LONG,LONG,False,2026-09-29 02:00:00,2026-09-29T02:00:11.613561Z,82943.0,83066.5,123.5,2026-09-29 02:30:00,2026-09-29T02:30:03.897947Z,82897.0,82954.5,57.5,-14.71,-11.2,3.51,False,False
2026-09-29T16:22:04.486358+00:00,s4v2,2026-09-29,,LONG,False,,2026-09-29T03:30:02.697440Z,,83169.0,,,2026-09-29T04:00:02.702672Z,,83047.0,,,-12.2,,False,True
2026-09-29T16:22:04.486358+00:00,s4v2,2026-09-29,,SHORT,False,,2026-09-29T04:00:09.456820Z,,83056.0,,,2026-09-29T04:30:02.778642Z,,83194.5,,,-13.85,,False,True
2026-09-29T16:22:04.486358+00:00,s4v2,2026-09-29,,LONG,False,,2026-09-29T04:30:07.549989Z,,83194.5,,,2026-09-29T09:00:04.964819Z,,83843.5,,,64.9,,False,True
2026-09-29T16:22:04.486358+00:00,s4v2,2026-09-29,,SHORT,False,,2026-09-29T09:00:12.072390Z,,83843.5,,,2026-09-29T10:00:02.636023Z,,84230.0,,,-38.65,,False,True
2026-09-29T16:22:04.486358+00:00,s4v2,2026-09-29,,LONG,False,,2026-09-29T10:00:09.538117Z,,84230.54,,,2026-09-29T10:30:02.862574Z,,84130.5,,,-10.004,,False,True
2026-09-29T16:22:04.486358+00:00,s4v2,2026-09-29,,SHORT,False,,2026-09-29T10:30:11.988252Z,,84130.5,,,2026-09-29T12:00:06.453147Z,,84333.5,,,-20.3,,False,True
2026-09-29T16:22:04.486358+00:00,s4v2,2026-09-29,,LONG,False,,2026-09-29T12:00:13.984893Z,,84314.5,,,2026-09-29T12:30:02.093101Z,,84182.5,,,-13.2,,False,True
2026-09-29T16:22:04.486358+00:00,s4v2,2026-09-29,,SHORT,False,,2026-09-29T12:30:08.852399Z,,84192.5,,,2026-09-29T13:00:02.354296Z,,84295.0,,,-10.25,,False,True
2026-09-29T16:22:04.486358+00:00,s4v2,2026-09-29,,LONG,False,,2026-09-29T13:00:09.210868Z,,84295.0,,,2026-09-29T14:00:02.872943Z,,84194.0,,,-10.1,,False,True
2026-09-29T16:22:06.274348+00:00,s4v3,2026-09-29,,LONG,False,,2026-09-28T12:00:13.031620Z,,83063.0,,,2026-09-29T00:46:45.447293Z,,83425.5,,,36.25,,False,True
2026-09-29T18:13:59.573303+00:00,s4v3,2026-09-29,,LONG,False,,2026-09-28T12:00:13.031620Z,,83063.0,,,2026-09-29T00:46:45.447293Z,,83425.5,,,36.25,,False,True
2026-09-29T20:07:21.323111+00:00,s4v3,2026-09-29,,LONG,False,,2026-09-28T12:00:13.031620Z,,83063.0,,,2026-09-29T00:46:45.447293Z,,83425.5,,,36.25,,False,True
2026-09-29T20:14:41.826979+00:00,s4v3,2026-09-29,,LONG,False,,2026-09-28T12:00:13.031620Z,,83063.0,,,2026-09-29T00:46:45.447293Z,,83425.5,,,36.25,,False,True
2026-09-29T20:19:42.986959+00:00,s4v3,2026-09-29,,LONG,False,,2026-09-28T12:00:13.031620Z,,83063.0,,,2026-09-29T00:46:45.447293Z,,83425.5,,,36.25,,False,True
2026-09-29T20:24:44.172577+00:00,s4v3,2026-09-29,,LONG,False,,2026-09-28T12:00:13.031620Z,,83063.0,,,2026-09-29T00:46:45.447293Z,,83425.5,,,36.25,,False,True
2026-09-29T20:29:46.410684+00:00,s4v3,2026-09-29,,LONG,False,,2026-09-28T12:00:13.031620Z,,83063.0,,,2026-09-29T00:46:45.447293Z,,83425.5,,,36.25,,False,True
2026-09-29T20:34:47.528292+00:00,s4v3,2026-09-29,,LONG,False,,2026-09-28T12:00:13.031620Z,,83063.0,,,2026-09-29T00:46:45.447293Z,,83425.5,,,36.25,,False,True
2026-09-29T20:39:48.800781+00:00,s4v3,2026-09-29,,LONG,False,,2026-09-28T12:00:13.031620Z,,83063.0,,,2026-09-29T00:46:45.447293Z,,83425.5,,,36.25,,False,True
2026-09-29T20:44:50.000743+00:00,s4v3,2026-09-29,,LONG,False,,2026-09-28T12:00:13.031620Z,,83063.0,,,2026-09-29T00:46:45.447293Z,,83425.5,,,36.25,,False,True
2026-09-29T20:49:51.074600+00:00,s4v3,2026-09-29,,LONG,False,,2026-09-28T12:00:13.031620Z,,83063.0,,,2026-09-29T00:46:45.447293Z,,83425.5,,,36.25,,False,True
2026-09-29T20:54:52.153213+00:00,s4v3,2026-09-29,,LONG,False,,2026-09-28T12:00:13.031620Z,,83063.0,,,2026-09-29T00:46:45.447293Z,,83425.5,,,36.25,,False,True
2026-09-29T20:59:53.561064+00:00,s4v3,2026-09-29,,LONG,False,,2026-09-28T12:00:13.031620Z,,83063.0,,,2026-09-29T00:46:45.447293Z,,83425.5,,,36.25,,False,True
2026-09-29T21:04:55.109827+00:00,s4v3,2026-09-29,,LONG,False,,2026-09-28T12:00:13.031620Z,,83063.0,,,2026-09-29T00:46:45.447293Z,,83425.5,,,36.25,,False,True
2026-09-29T21:09:56.861914+00:00,s4v3,2026-09-29,,LONG,False,,2026-09-28T12:00:13.031620Z,,83063.0,,,2026-09-29T00:46:45.447293Z,,83425.5,,,36.25,,False,True
2026-09-29T21:14:57.880865+00:00,s4v3,2026-09-29,,LONG,False,,2026-09-28T12:00:13.031620Z,,83063.0,,,2026-09-29T00:46:45.447293Z,,83425.5,,,36.25,,False,True
2026-09-29T21:20:00.483544+00:00,s4v3,2026-09-29,,LONG,False,,2026-09-28T12:00:13.031620Z,,83063.0,,,2026-09-29T00:46:45.447293Z,,83425.5,,,36.25,,False,True
2026-09-29T21:25:02.061343+00:00,s4v3,2026-09-29,,LONG,False,,2026-09-28T12:00:13.031620Z,,83063.0,,,2026-09-29T00:46:45.447293Z,,83425.5,,,36.25,,False,True
2026-09-29T21:30:03.571861+00:00,s4v3,2026-09-29,,LONG,False,,2026-09-28T12:00:13.031620Z,,83063.0,,,2026-09-29T00:46:45.447293Z,,83425.5,,,36.25,,False,True
2026-09-29T21:35:05.883290+00:00,s4v3,2026-09-29,,LONG,False,,2026-09-28T12:00:13.031620Z,,83063.0,,,2026-09-29T00:46:45.447293Z,,83425.5,,,36.25,,False,True
2026-09-29T21:40:07.527662+00:00,s4v3,2026-09-29,,LONG,False,,2026-09-28T12:00:13.031620Z,,83063.0,,,2026-09-29T00:46:45.447293Z,,83425.5,,,36.25,,False,True
2026-09-29T21:45:08.873657+00:00,s4v3,2026-09-29,,LONG,False,,2026-09-28T12:00:13.031620Z,,83063.0,,,2026-09-29T00:46:45.447293Z,,83425.5,,,36.25,,False,True
2026-09-29T21:50:10.342317+00:00,s4v3,2026-09-29,,LONG,False,,2026-09-28T12:00:13.031620Z,,83063.0,,,2026-09-29T00:46:45.447293Z,,83425.5,,,36.25,,False,True
2026-09-29T21:55:12.881074+00:00,s4v3,2026-09-29,,LONG,False,,2026-09-28T12:00:13.031620Z,,83063.0,,,2026-09-29T00:46:45.447293Z,,83425.5,,,36.25,,False,True
2026-09-29T22:00:14.581754+00:00,s4v3,2026-09-29,,LONG,False,,2026-09-28T12:00:13.031620Z,,83063.0,,,2026-09-29T00:46:45.447293Z,,83425.5,,,36.25,,False,True
2026-09-29T22:05:15.628268+00:00,s4v3,2026-09-29,,LONG,False,,2026-09-28T12:00:13.031620Z,,83063.0,,,2026-09-29T00:46:45.447293Z,,83425.5,,,36.25,,False,True
2026-09-29T22:10:16.707473+00:00,s4v3,2026-09-29,,LONG,False,,2026-09-28T12:00:13.031620Z,,83063.0,,,2026-09-29T00:46:45.447293Z,,83425.5,,,36.25,,False,True
2026-09-29T22:15:18.316626+00:00,s4v3,2026-09-29,,LONG,False,,2026-09-28T12:00:13.031620Z,,83063.0,,,2026-09-29T00:46:45.447293Z,,83425.5,,,36.25,,False,True
2026-09-29T22:20:19.350179+00:00,s4v3,2026-09-29,,LONG,False,,2026-09-28T12:00:13.031620Z,,83063.0,,,2026-09-29T00:46:45.447293Z,,83425.5,,,36.25,,False,True
2026-09-29T22:25:21.458892+00:00,s4v3,2026-09-29,,LONG,False,,2026-09-28T12:00:13.031620Z,,83063.0,,,2026-09-29T00:46:45.447293Z,,83425.5,,,36.25,,False,True
2026-09-29T22:30:22.472430+00:00,s4v3,2026-09-29,,LONG,False,,2026-09-28T12:00:13.031620Z,,83063.0,,,2026-09-29T00:46:45.447293Z,,83425.5,,,36.25,,False,True
2026-09-29T22:35:23.817676+00:00,s4v3,2026-09-29,,LONG,False,,2026-09-28T12:00:13.031620Z,,83063.0,,,2026-09-29T00:46:45.447293Z,,83425.5,,,36.25,,False,True
2026-09-29T22:40:24.880173+00:00,s4v3,2026-09-29,,LONG,False,,2026-09-28T12:00:13.031620Z,,83063.0,,,2026-09-29T00:46:45.447293Z,,83425.5,,,36.25,,False,True
2026-09-29T22:45:26.135237+00:00,s4v3,2026-09-29,,LONG,False,,2026-09-28T12:00:13.031620Z,,83063.0,,,2026-09-29T00:46:45.447293Z,,83425.5,,,36.25,,False,True
2026-09-29T22:50:27.480007+00:00,s4v3,2026-09-29,,LONG,False,,2026-09-28T12:00:13.031620Z,,83063.0,,,2026-09-29T00:46:45.447293Z,,83425.5,,,36.25,,False,True
2026-09-29T22:55:28.781672+00:00,s4v3,2026-09-29,,LONG,False,,2026-09-28T12:00:13.031620Z,,83063.0,,,2026-09-29T00:46:45.447293Z,,83425.5,,,36.25,,False,True
2026-09-29T23:00:30.075691+00:00,s4v3,2026-09-29,,LONG,False,,2026-09-28T12:00:13.031620Z,,83063.0,,,2026-09-29T00:46:45.447293Z,,83425.5,,,36.25,,False,True
2026-09-29T23:05:31.391181+00:00,s4v3,2026-09-29,,LONG,False,,2026-09-28T12:00:13.031620Z,,83063.0,,,2026-09-29T00:46:45.447293Z,,83425.5,,,36.25,,False,True
2026-09-29T23:10:32.792707+00:00,s4v3,2026-09-29,,LONG,False,,2026-09-28T12:00:13.031620Z,,83063.0,,,2026-09-29T00:46:45.447293Z,,83425.5,,,36.25,,False,True
2026-09-29T23:15:36.191364+00:00,s4v3,2026-09-29,,LONG,False,,2026-09-28T12:00:13.031620Z,,83063.0,,,2026-09-29T00:46:45.447293Z,,83425.5,,,36.25,,False,True
2026-09-29T23:20:39.868952+00:00,s4v3,2026-09-29,,LONG,False,,2026-09-28T12:00:13.031620Z,,83063.0,,,2026-09-29T00:46:45.447293Z,,83425.5,,,36.25,,False,True
2026-09-29T23:25:42.398351+00:00,s4v3,2026-09-29,,LONG,False,,2026-09-28T12:00:13.031620Z,,83063.0,,,2026-09-29T00:46:45.447293Z,,83425.5,,,36.25,,False,True
2026-09-29T23:25:42.643326+00:00,s4,2026-09-29,SHORT,SHORT,False,2026-09-28 20:00:00,2026-09-28T20:00:13.102338Z,83725.0,83380.0,-345.0,2026-09-29 00:00:00,2026-09-29T00:00:04.013729Z,83357.0,83478.0,121.0,7.59,-9.8,-17.39,False,False
2026-09-29T23:25:42.643326+00:00,s4,2026-09-29,LONG,LONG,False,2026-09-29 00:00:00,2026-09-29T00:00:10.925253Z,83357.0,83474.5,117.5,2026-09-29 02:00:00,2026-09-29T00:54:08.274020Z,83357.0,83262.0,-95.0,-29.17,-21.25,7.92,False,False
2026-09-29T23:25:42.643326+00:00,s4,2026-09-29,SHORT,SHORT,False,2026-09-29 02:00:00,2026-09-29T00:54:24.917745Z,83311.0,83247.5,-63.5,2026-09-29 06:00:00,2026-09-29T06:00:02.672551Z,83127.0,83416.5,289.5,-10.76,-16.9,-6.14,False,False
2026-09-29T23:25:42.643326+00:00,s4,2026-09-29,LONG,LONG,False,2026-09-29 06:00:00,2026-09-29T06:00:09.399198Z,83127.0,83416.5,289.5,2026-09-29 14:00:00,2026-09-29T14:00:05.297131Z,84139.0,84181.0,42.0,72.06,76.45,4.39,False,False
2026-09-29T23:25:42.643326+00:00,s4,2026-09-29,SHORT,SHORT,False,2026-09-29 14:00:00,2026-09-29T14:00:13.904606Z,84139.0,84221.5,82.5,2026-09-29 20:00:00,2026-09-29T20:00:04.335071Z,83219.0,83572.5,353.5,62.74,64.9,2.16,False,False
2026-09-29T23:25:42.643326+00:00,s4,2026-09-29,,LONG,False,,2026-09-28T18:00:13.277126Z,,83851.0,,,2026-09-28T20:00:05.653207Z,,83370.5,,,-48.05,,False,True
2026-09-29T23:25:44.172744+00:00,s4v2,2026-09-29,LONG,LONG,False,2026-09-28 19:00:00,2026-09-28T19:00:06.405292Z,83955.0,84023.0,68.0,2026-09-28 19:30:00,2026-09-28T19:30:04.027239Z,83817.0,83615.5,-201.5,-23.91,-40.75,-16.84,False,False
2026-09-29T23:25:44.172744+00:00,s4v2,2026-09-29,SHORT,SHORT,False,2026-09-28 19:30:00,2026-09-28T19:30:11.293468Z,83817.0,83621.0,-196.0,2026-09-28 20:30:00,2026-09-28T20:30:02.879165Z,83495.0,83476.5,-18.5,22.09,14.45,-7.64,False,False
2026-09-29T23:25:44.172744+00:00,s4v2,2026-09-29,SHORT,SHORT,False,2026-09-28 22:00:00,2026-09-28T22:00:04.761749Z,83357.0,83204.5,-152.5,2026-09-28 23:00:00,2026-09-28T23:00:03.964284Z,83311.0,83531.0,220.0,-5.51,-32.65,-27.14,False,False
2026-09-29T23:25:44.172744+00:00,s4v2,2026-09-29,LONG,LONG,False,2026-09-28 23:00:00,2026-09-28T23:00:11.035255Z,83311.0,83531.0,220.0,2026-09-29 01:00:00,2026-09-29T00:54:40.841449Z,83403.0,83235.0,-168.0,-0.91,-29.6,-28.69,False,False
2026-09-29T23:25:44.172744+00:00,s4v2,2026-09-29,SHORT,SHORT,False,2026-09-29 01:00:00,2026-09-29T00:54:55.068577Z,83311.0,83235.0,-76.0,2026-09-29 02:00:00,2026-09-29T02:00:05.506955Z,82943.0,83051.5,108.5,26.69,18.35,-8.34,False,False
2026-09-29T23:25:44.172744+00:00,s4v2,2026-09-29,LONG,LONG,False,2026-09-29 02:00:00,2026-09-29T02:00:11.613561Z,82943.0,83066.5,123.5,2026-09-29 02:30:00,2026-09-29T02:30:03.897947Z,82897.0,82954.5,57.5,-14.71,-11.2,3.51,False,False
2026-09-29T23:25:44.172744+00:00,s4v2,2026-09-29,,LONG,False,,2026-09-29T03:30:02.697440Z,,83169.0,,,2026-09-29T04:00:02.702672Z,,83047.0,,,-12.2,,False,True
2026-09-29T23:25:44.172744+00:00,s4v2,2026-09-29,,SHORT,False,,2026-09-29T04:00:09.456820Z,,83056.0,,,2026-09-29T04:30:02.778642Z,,83194.5,,,-13.85,,False,True
2026-09-29T23:25:44.172744+00:00,s4v2,2026-09-29,,LONG,False,,2026-09-29T04:30:07.549989Z,,83194.5,,,2026-09-29T09:00:04.964819Z,,83843.5,,,64.9,,False,True
2026-09-29T23:25:44.172744+00:00,s4v2,2026-09-29,,SHORT,False,,2026-09-29T09:00:12.072390Z,,83843.5,,,2026-09-29T10:00:02.636023Z,,84230.0,,,-38.65,,False,True
2026-09-29T23:25:44.172744+00:00,s4v2,2026-09-29,,LONG,False,,2026-09-29T10:00:09.538117Z,,84230.54,,,2026-09-29T10:30:02.862574Z,,84130.5,,,-10.004,,False,True
2026-09-29T23:25:44.172744+00:00,s4v2,2026-09-29,,SHORT,False,,2026-09-29T10:30:11.988252Z,,84130.5,,,2026-09-29T12:00:06.453147Z,,84333.5,,,-20.3,,False,True
2026-09-29T23:25:44.172744+00:00,s4v2,2026-09-29,,LONG,False,,2026-09-29T12:00:13.984893Z,,84314.5,,,2026-09-29T12:30:02.093101Z,,84182.5,,,-13.2,,False,True
2026-09-29T23:25:44.172744+00:00,s4v2,2026-09-29,,SHORT,False,,2026-09-29T12:30:08.852399Z,,84192.5,,,2026-09-29T13:00:02.354296Z,,84295.0,,,-10.25,,False,True
2026-09-29T23:25:44.172744+00:00,s4v2,2026-09-29,,LONG,False,,2026-09-29T13:00:09.210868Z,,84295.0,,,2026-09-29T14:00:02.872943Z,,84194.0,,,-10.1,,False,True
2026-09-29T23:25:44.172744+00:00,s4v2,2026-09-29,,SHORT,False,,2026-09-29T14:00:10.283377Z,,84207.5,,,2026-09-29T16:30:04.669117Z,,83231.5,,,97.6,,False,True
2026-09-29T23:25:44.172744+00:00,s4v2,2026-09-29,,LONG,False,,2026-09-29T16:30:10.651034Z,,83220.0,,,2026-09-29T17:00:02.986157Z,,83042.0,,,-17.8,,False,True
2026-09-29T23:25:44.172744+00:00,s4v2,2026-09-29,,SHORT,False,,2026-09-29T17:00:10.639279Z,,83038.5,,,2026-09-29T17:30:02.800664Z,,83164.0,,,-12.55,,False,True
2026-09-29T23:25:44.172744+00:00,s4v2,2026-09-29,,LONG,False,,2026-09-29T17:30:07.433664Z,,83176.5,,,2026-09-29T18:00:03.947145Z,,83105.5,,,-7.1,,False,True
2026-09-29T23:25:45.486648+00:00,s4v3,2026-09-29,,LONG,False,,2026-09-28T12:00:13.031620Z,,83063.0,,,2026-09-29T00:46:45.447293Z,,83425.5,,,36.25,,False,True
2026-09-29T23:26:32.360848+00:00,s4,2026-09-30,,SHORT,False,,2026-09-29T14:00:13.904606Z,,84221.5,,,2026-09-29T20:00:04.335071Z,,83572.5,,,64.9,,False,True
2026-09-29T23:26:32.360848+00:00,s4,2026-09-30,,LONG,False,,2026-09-29T20:00:13.078401Z,,83556.5,,,2026-09-29T22:00:07.938087Z,,83484.0,,,-7.25,,False,True
2026-09-29T23:26:33.534037+00:00,s4v2,2026-09-30,,LONG,False,,2026-09-29T18:30:02.809471Z,,83402.5,,,2026-09-29T21:30:05.466248Z,,83395.5,,,-0.7,,False,True
2026-09-29T23:26:33.534037+00:00,s4v2,2026-09-30,,SHORT,False,,2026-09-29T21:30:12.429721Z,,83395.5,,,2026-09-29T22:00:03.486821Z,,83488.5,,,-9.3,,False,True
2026-09-29T23:30:43.739674+00:00,s4v3,2026-09-29,,LONG,False,,2026-09-28T12:00:13.031620Z,,83063.0,,,2026-09-29T00:46:45.447293Z,,83425.5,,,36.25,,False,True
2026-09-29T23:35:45.530991+00:00,s4v3,2026-09-29,,LONG,False,,2026-09-28T12:00:13.031620Z,,83063.0,,,2026-09-29T00:46:45.447293Z,,83425.5,,,36.25,,False,True
2026-09-29T23:36:08.627339+00:00,s4v3,2026-09-29,,LONG,False,,2026-09-28T12:00:13.031620Z,,83063.0,,,2026-09-29T00:46:45.447293Z,,83425.5,,,36.25,,False,True
2026-09-29T23:41:10.468798+00:00,s4v3,2026-09-29,,LONG,False,,2026-09-28T12:00:13.031620Z,,83063.0,,,2026-09-29T00:46:45.447293Z,,83425.5,,,36.25,,False,True
2026-09-29T23:46:12.236046+00:00,s4v3,2026-09-29,,LONG,False,,2026-09-28T12:00:13.031620Z,,83063.0,,,2026-09-29T00:46:45.447293Z,,83425.5,,,36.25,,False,True
2026-09-29T23:51:13.272606+00:00,s4v3,2026-09-29,,LONG,False,,2026-09-28T12:00:13.031620Z,,83063.0,,,2026-09-29T00:46:45.447293Z,,83425.5,,,36.25,,False,True
2026-09-29T23:56:14.364571+00:00,s4v3,2026-09-29,,LONG,False,,2026-09-28T12:00:13.031620Z,,83063.0,,,2026-09-29T00:46:45.447293Z,,83425.5,,,36.25,,False,True
2026-09-30T00:06:15.009974+00:00,s4,2026-09-29,SHORT,SHORT,False,2026-09-28 20:00:00,2026-09-28T20:00:13.102338Z,83725.0,83380.0,-345.0,2026-09-29 00:00:00,2026-09-29T00:00:04.013729Z,83357.0,83478.0,121.0,7.59,-9.8,-17.39,False,False
2026-09-30T00:06:15.009974+00:00,s4,2026-09-29,LONG,LONG,False,2026-09-29 00:00:00,2026-09-29T00:00:10.925253Z,83357.0,83474.5,117.5,2026-09-29 02:00:00,2026-09-29T00:54:08.274020Z,83357.0,83262.0,-95.0,-29.17,-21.25,7.92,False,False
2026-09-30T00:06:15.009974+00:00,s4,2026-09-29,SHORT,SHORT,False,2026-09-29 02:00:00,2026-09-29T00:54:24.917745Z,83311.0,83247.5,-63.5,2026-09-29 06:00:00,2026-09-29T06:00:02.672551Z,83127.0,83416.5,289.5,-10.76,-16.9,-6.14,False,False
2026-09-30T00:06:15.009974+00:00,s4,2026-09-29,LONG,LONG,False,2026-09-29 06:00:00,2026-09-29T06:00:09.399198Z,83127.0,83416.5,289.5,2026-09-29 14:00:00,2026-09-29T14:00:05.297131Z,84139.0,84181.0,42.0,72.06,76.45,4.39,False,False
2026-09-30T00:06:15.009974+00:00,s4,2026-09-29,SHORT,SHORT,False,2026-09-29 14:00:00,2026-09-29T14:00:13.904606Z,84139.0,84221.5,82.5,2026-09-29 20:00:00,2026-09-29T20:00:04.335071Z,83219.0,83572.5,353.5,62.74,64.9,2.16,False,False
2026-09-30T00:06:15.009974+00:00,s4,2026-09-29,,LONG,False,,2026-09-28T18:00:13.277126Z,,83851.0,,,2026-09-28T20:00:05.653207Z,,83370.5,,,-48.05,,False,True
2026-09-30T00:38:17.212877+00:00,s4,2026-09-30,SHORT,SHORT,False,2026-09-29 14:00:00,2026-09-29T14:00:13.904606Z,84139.0,84221.5,82.5,2026-09-29 20:00:00,2026-09-29T20:00:04.335071Z,83219.0,83572.5,353.5,62.74,64.9,2.16,False,False
2026-09-30T00:38:17.212877+00:00,s4,2026-09-30,,LONG,False,,2026-09-29T20:00:13.078401Z,,83556.5,,,2026-09-29T22:00:07.938087Z,,83484.0,,,-7.25,,False,True
2026-09-30T00:38:17.212877+00:00,s4,2026-09-30,,SHORT,False,,2026-09-29T22:00:14.955226Z,,83484.0,,,2026-09-30T00:00:04.721525Z,,83663.0,,,-17.9,,False,True
2026-09-30T00:47:40.432629+00:00,s4,2026-09-30,SHORT,SHORT,False,2026-09-29 14:00:00,2026-09-29T14:00:13.904606Z,84139.0,84221.5,82.5,2026-09-29 20:00:00,2026-09-29T20:00:04.335071Z,83219.0,83572.5,353.5,62.74,64.9,2.16,False,False
2026-09-30T00:47:40.432629+00:00,s4,2026-09-30,,LONG,False,,2026-09-29T20:00:13.078401Z,,83556.5,,,2026-09-29T22:00:07.938087Z,,83484.0,,,-7.25,,False,True
2026-09-30T00:47:40.432629+00:00,s4,2026-09-30,,SHORT,False,,2026-09-29T22:00:14.955226Z,,83484.0,,,2026-09-30T00:00:04.721525Z,,83663.0,,,-17.9,,False,True
2026-09-30T01:21:42.795405+00:00,s4v3,2026-09-30,SHORT,,False,2026-09-29 16:00:00,,84185.0,,,2026-09-29 20:00:00,,83127.0,,,86.54,,,True,False
2026-09-30T01:26:44.342496+00:00,s4v3,2026-09-30,SHORT,,False,2026-09-29 16:00:00,,84185.0,,,2026-09-29 20:00:00,,83127.0,,,86.54,,,True,False
2026-09-30T01:31:47.321023+00:00,s4v3,2026-09-30,SHORT,,False,2026-09-29 16:00:00,,84185.0,,,2026-09-29 20:00:00,,83127.0,,,86.54,,,True,False
2026-09-30T01:36:50.321826+00:00,s4v3,2026-09-30,SHORT,,False,2026-09-29 16:00:00,,84185.0,,,2026-09-29 20:00:00,,83127.0,,,86.54,,,True,False
2026-09-30T01:41:52.892613+00:00,s4v3,2026-09-30,SHORT,,False,2026-09-29 16:00:00,,84185.0,,,2026-09-29 20:00:00,,83127.0,,,86.54,,,True,False
2026-09-30T01:46:55.842966+00:00,s4v3,2026-09-30,SHORT,,False,2026-09-29 16:00:00,,84185.0,,,2026-09-29 20:00:00,,83127.0,,,86.54,,,True,False
2026-09-30T01:51:58.884038+00:00,s4v3,2026-09-30,SHORT,,False,2026-09-29 16:00:00,,84185.0,,,2026-09-29 20:00:00,,83127.0,,,86.54,,,True,False
2026-09-30T01:57:00.083010+00:00,s4v3,2026-09-30,SHORT,,False,2026-09-29 16:00:00,,84185.0,,,2026-09-29 20:00:00,,83127.0,,,86.54,,,True,False
2026-09-30T02:02:07.625899+00:00,s4v3,2026-09-30,SHORT,,False,2026-09-29 16:00:00,,84185.0,,,2026-09-29 20:00:00,,83127.0,,,86.54,,,True,False
2026-09-30T02:07:11.362844+00:00,s4v3,2026-09-30,SHORT,,False,2026-09-29 16:00:00,,84185.0,,,2026-09-29 20:00:00,,83127.0,,,86.54,,,True,False
2026-09-30T02:12:16.607172+00:00,s4v3,2026-09-30,SHORT,,False,2026-09-29 16:00:00,,84185.0,,,2026-09-29 20:00:00,,83127.0,,,86.54,,,True,False
2026-09-30T02:17:19.845946+00:00,s4v3,2026-09-30,SHORT,,False,2026-09-29 16:00:00,,84185.0,,,2026-09-29 20:00:00,,83127.0,,,86.54,,,True,False
2026-09-30T02:22:24.121377+00:00,s4v3,2026-09-30,SHORT,,False,2026-09-29 16:00:00,,84185.0,,,2026-09-29 20:00:00,,83127.0,,,96.54,,,True,False
2026-09-30T02:27:28.937751+00:00,s4v3,2026-09-30,SHORT,,False,2026-09-29 16:00:00,,84185.0,,,2026-09-29 20:00:00,,83127.0,,,96.54,,,True,False
2026-09-30T02:32:33.712878+00:00,s4v3,2026-09-30,SHORT,,False,2026-09-29 16:00:00,,84185.0,,,2026-09-29 20:00:00,,83127.0,,,96.54,,,True,False
2026-09-30T02:37:39.918745+00:00,s4v3,2026-09-30,SHORT,,False,2026-09-29 16:00:00,,84185.0,,,2026-09-29 20:00:00,,83127.0,,,96.54,,,True,False
2026-09-30T02:42:45.703424+00:00,s4v3,2026-09-30,SHORT,,False,2026-09-29 16:00:00,,84185.0,,,2026-09-29 20:00:00,,83127.0,,,96.54,,,True,False
2026-09-30T02:47:49.172056+00:00,s4v3,2026-09-30,SHORT,,False,2026-09-29 16:00:00,,84185.0,,,2026-09-29 20:00:00,,83127.0,,,96.54,,,True,False
2026-09-30T02:52:51.920592+00:00,s4v3,2026-09-30,SHORT,,False,2026-09-29 16:00:00,,84185.0,,,2026-09-29 20:00:00,,83127.0,,,96.54,,,True,False
2026-09-30T02:57:54.697769+00:00,s4v3,2026-09-30,SHORT,,False,2026-09-29 16:00:00,,84185.0,,,2026-09-29 20:00:00,,83127.0,,,96.54,,,True,False
2026-09-30T03:02:58.189916+00:00,s4v3,2026-09-30,SHORT,,False,2026-09-29 16:00:00,,84185.0,,,2026-09-29 20:00:00,,83127.0,,,96.54,,,True,False
2026-09-30T03:08:01.457654+00:00,s4v3,2026-09-30,SHORT,,False,2026-09-29 16:00:00,,84185.0,,,2026-09-29 20:00:00,,83127.0,,,96.54,,,True,False
2026-09-30T03:13:04.494242+00:00,s4v3,2026-09-30,SHORT,,False,2026-09-29 16:00:00,,84185.0,,,2026-09-29 20:00:00,,83127.0,,,96.54,,,True,False
2026-09-30T03:18:05.974440+00:00,s4v3,2026-09-30,SHORT,,False,2026-09-29 16:00:00,,84185.0,,,2026-09-29 20:00:00,,83127.0,,,96.54,,,True,False
2026-09-30T03:23:09.997957+00:00,s4v3,2026-09-30,SHORT,,False,2026-09-29 16:00:00,,84185.0,,,2026-09-29 20:00:00,,83127.0,,,96.54,,,True,False
2026-09-30T03:28:13.298501+00:00,s4v3,2026-09-30,SHORT,,False,2026-09-29 16:00:00,,84185.0,,,2026-09-29 20:00:00,,83127.0,,,96.54,,,True,False
2026-09-30T03:33:18.279919+00:00,s4v3,2026-09-30,SHORT,,False,2026-09-29 16:00:00,,84185.0,,,2026-09-29 20:00:00,,83127.0,,,96.54,,,True,False
2026-09-30T03:38:23.792629+00:00,s4v3,2026-09-30,SHORT,,False,2026-09-29 16:00:00,,84185.0,,,2026-09-29 20:00:00,,83127.0,,,96.54,,,True,False
2026-09-30T03:43:27.293975+00:00,s4v3,2026-09-30,SHORT,,False,2026-09-29 16:00:00,,84185.0,,,2026-09-29 20:00:00,,83127.0,,,96.54,,,True,False
2026-09-30T03:48:30.125502+00:00,s4v3,2026-09-30,SHORT,,False,2026-09-29 16:00:00,,84185.0,,,2026-09-29 20:00:00,,83127.0,,,96.54,,,True,False
2026-09-30T03:53:36.083394+00:00,s4v3,2026-09-30,SHORT,,False,2026-09-29 16:00:00,,84185.0,,,2026-09-29 20:00:00,,83127.0,,,96.54,,,True,False
2026-09-30T03:58:39.580999+00:00,s4v3,2026-09-30,SHORT,,False,2026-09-29 16:00:00,,84185.0,,,2026-09-29 20:00:00,,83127.0,,,96.54,,,True,False
2026-09-30T04:03:52.077551+00:00,s4v3,2026-09-30,SHORT,,False,2026-09-29 16:00:00,,84185.0,,,2026-09-29 20:00:00,,83127.0,,,96.54,,,True,False
2026-09-30T04:08:58.339882+00:00,s4v3,2026-09-30,SHORT,,False,2026-09-29 16:00:00,,84185.0,,,2026-09-29 20:00:00,,83127.0,,,96.54,,,True,False
2026-09-30T04:08:58.339882+00:00,s4v3,2026-09-30,SHORT,,False,2026-09-30 04:00:00,,83495.0,,,2026-09-30 08:00:00,,83403.0,,,0.02,,,True,False
2026-09-30T04:13:59.904273+00:00,s4v3,2026-09-30,SHORT,,False,2026-09-29 16:00:00,,84185.0,,,2026-09-29 20:00:00,,83127.0,,,96.54,,,True,False
2026-09-30T04:19:03.818602+00:00,s4v3,2026-09-30,SHORT,,False,2026-09-29 16:00:00,,84185.0,,,2026-09-29 20:00:00,,83127.0,,,96.54,,,True,False
2026-09-30T04:24:06.580622+00:00,s4v3,2026-09-30,SHORT,,False,2026-09-29 16:00:00,,84185.0,,,2026-09-29 20:00:00,,83127.0,,,96.54,,,True,False
2026-09-30T04:29:08.235240+00:00,s4v3,2026-09-30,SHORT,,False,2026-09-29 16:00:00,,84185.0,,,2026-09-29 20:00:00,,83127.0,,,96.54,,,True,False
2026-09-30T04:34:09.467189+00:00,s4v3,2026-09-30,SHORT,,False,2026-09-29 16:00:00,,84185.0,,,2026-09-29 20:00:00,,83127.0,,,96.54,,,True,False
2026-09-30T04:39:11.058197+00:00,s4v3,2026-09-30,SHORT,,False,2026-09-29 16:00:00,,84185.0,,,2026-09-29 20:00:00,,83127.0,,,96.54,,,True,False
2026-09-30T04:44:12.054217+00:00,s4v3,2026-09-30,SHORT,,False,2026-09-29 16:00:00,,84185.0,,,2026-09-29 20:00:00,,83127.0,,,96.54,,,True,False
2026-09-30T04:49:15.141278+00:00,s4v3,2026-09-30,SHORT,,False,2026-09-29 16:00:00,,84185.0,,,2026-09-29 20:00:00,,83127.0,,,96.54,,,True,False
2026-09-30T04:54:17.533098+00:00,s4v3,2026-09-30,SHORT,,False,2026-09-29 16:00:00,,84185.0,,,2026-09-29 20:00:00,,83127.0,,,96.54,,,True,False
2026-09-30T04:59:18.834080+00:00,s4v3,2026-09-30,SHORT,,False,2026-09-29 16:00:00,,84185.0,,,2026-09-29 20:00:00,,83127.0,,,96.54,,,True,False
2026-09-30T05:04:20.574332+00:00,s4v3,2026-09-30,SHORT,,False,2026-09-29 16:00:00,,84185.0,,,2026-09-29 20:00:00,,83127.0,,,96.54,,,True,False
2026-09-30T05:09:23.355309+00:00,s4v3,2026-09-30,SHORT,,False,2026-09-29 16:00:00,,84185.0,,,2026-09-29 20:00:00,,83127.0,,,96.54,,,True,False
2026-09-30T05:14:26.548026+00:00,s4v3,2026-09-30,SHORT,,False,2026-09-29 16:00:00,,84185.0,,,2026-09-29 20:00:00,,83127.0,,,96.54,,,True,False
2026-09-30T05:19:29.795873+00:00,s4v3,2026-09-30,SHORT,,False,2026-09-29 16:00:00,,84185.0,,,2026-09-29 20:00:00,,83127.0,,,96.54,,,True,False
2026-09-30T05:24:33.839513+00:00,s4v3,2026-09-30,SHORT,,False,2026-09-29 16:00:00,,84185.0,,,2026-09-29 20:00:00,,83127.0,,,96.54,,,True,False
2026-09-30T05:29:40.831954+00:00,s4v3,2026-09-30,SHORT,,False,2026-09-29 16:00:00,,84185.0,,,2026-09-29 20:00:00,,83127.0,,,96.54,,,True,False
2026-09-30T05:30:22.819760+00:00,s4,2026-09-30,SHORT,SHORT,False,2026-09-29 14:00:00,2026-09-29T14:00:13.904606Z,84139.0,84221.5,82.5,2026-09-29 20:00:00,2026-09-29T20:00:04.335071Z,83219.0,83572.5,353.5,82.74,64.9,-17.84,False,False
2026-09-30T05:30:22.819760+00:00,s4,2026-09-30,LONG,LONG,False,2026-09-29 20:00:00,2026-09-29T20:00:13.078401Z,83219.0,83556.5,337.5,2026-09-29 22:00:00,2026-09-29T22:00:07.938087Z,83449.0,83484.0,35.0,13.85,-7.25,-21.1,False,False
2026-09-30T05:30:22.819760+00:00,s4,2026-09-30,SHORT,SHORT,False,2026-09-29 22:00:00,2026-09-29T22:00:14.955226Z,83449.0,83484.0,35.0,2026-09-30 00:00:00,2026-09-30T00:00:04.721525Z,83587.0,83663.0,76.0,-22.98,-17.9,5.08,False,False
2026-09-30T05:30:22.819760+00:00,s4,2026-09-30,LONG,LONG,False,2026-09-30 00:00:00,2026-09-30T00:00:10.397060Z,83587.0,83663.0,76.0,2026-09-30 02:00:00,2026-09-30T01:19:52.076146Z,83495.0,83376.0,-119.0,-18.39,-28.7,-10.31,False,False
2026-09-30T05:30:26.356562+00:00,s4v2,2026-09-30,LONG,LONG,False,2026-09-29 18:30:00,2026-09-29T18:30:02.809471Z,83173.0,83402.5,229.5,2026-09-29 21:30:00,2026-09-29T21:30:05.466248Z,83449.0,83395.5,-53.5,18.45,-0.7,-19.15,False,False
2026-09-30T05:30:26.356562+00:00,s4v2,2026-09-30,SHORT,SHORT,False,2026-09-29 21:30:00,2026-09-29T21:30:12.429721Z,83403.0,83395.5,-7.5,2026-09-29 22:00:00,2026-09-29T22:00:03.486821Z,83495.0,83488.5,-6.5,-18.37,-9.3,9.07,False,False
2026-09-30T05:30:26.356562+00:00,s4v2,2026-09-30,LONG,LONG,False,2026-09-29 22:30:00,2026-09-29T22:30:04.001180Z,83541.0,83567.5,26.5,2026-09-30 00:30:00,2026-09-30T00:30:05.846628Z,83541.0,83547.5,6.5,-9.19,-2.0,7.19,False,False
2026-09-30T05:30:26.356562+00:00,s4v2,2026-09-30,SHORT,SHORT,False,2026-09-30 00:30:00,2026-09-30T00:30:12.883146Z,83541.0,83552.0,11.0,2026-09-30 05:30:00,2026-09-30T05:30:09.181086Z,83311.0,83377.5,66.5,13.81,17.45,3.64,False,False
2026-09-30T05:30:30.570515+00:00,s4v3,2026-09-30,SHORT,,False,2026-09-29 16:00:00,,84185.0,,,2026-09-29 20:00:00,,83127.0,,,96.54,,,True,False
2026-09-30T05:34:42.838688+00:00,s4v3,2026-09-30,SHORT,,False,2026-09-29 16:00:00,,84185.0,,,2026-09-29 20:00:00,,83127.0,,,96.54,,,True,False
2026-09-30T05:39:45.568535+00:00,s4v3,2026-09-30,SHORT,,False,2026-09-29 16:00:00,,84185.0,,,2026-09-29 20:00:00,,83127.0,,,96.54,,,True,False
2026-09-30T05:39:45.568535+00:00,s4v3,2026-09-30,SHORT,,False,2026-09-30 04:00:00,,83495.0,,,2026-09-30 08:00:00,,83403.0,,,0.02,,,True,False
2026-09-30T05:44:46.989121+00:00,s4v3,2026-09-30,SHORT,,False,2026-09-29 16:00:00,,84185.0,,,2026-09-29 20:00:00,,83127.0,,,96.54,,,True,False
2026-09-30T05:44:46.989121+00:00,s4v3,2026-09-30,SHORT,,False,2026-09-30 04:00:00,,83495.0,,,2026-09-30 08:00:00,,83403.0,,,0.02,,,True,False
2026-09-30T05:49:51.091752+00:00,s4v3,2026-09-30,SHORT,,False,2026-09-29 16:00:00,,84185.0,,,2026-09-29 20:00:00,,83127.0,,,96.54,,,True,False
2026-09-30T05:49:51.091752+00:00,s4v3,2026-09-30,SHORT,,False,2026-09-30 04:00:00,,83495.0,,,2026-09-30 08:00:00,,83403.0,,,0.02,,,True,False
2026-09-30T05:50:12.846707+00:00,s4,2026-09-30,SHORT,SHORT,False,2026-09-29 14:00:00,2026-09-29T14:00:13.904606Z,84139.0,84221.5,82.5,2026-09-29 20:00:00,2026-09-29T20:00:04.335071Z,83219.0,83572.5,353.5,82.74,64.9,-17.84,False,False
2026-09-30T05:50:12.846707+00:00,s4,2026-09-30,LONG,LONG,False,2026-09-29 20:00:00,2026-09-29T20:00:13.078401Z,83219.0,83556.5,337.5,2026-09-29 22:00:00,2026-09-29T22:00:07.938087Z,83449.0,83484.0,35.0,13.85,-7.25,-21.1,False,False
2026-09-30T05:50:12.846707+00:00,s4,2026-09-30,SHORT,SHORT,False,2026-09-29 22:00:00,2026-09-29T22:00:14.955226Z,83449.0,83484.0,35.0,2026-09-30 00:00:00,2026-09-30T00:00:04.721525Z,83587.0,83663.0,76.0,-22.98,-17.9,5.08,False,False
2026-09-30T05:50:12.846707+00:00,s4,2026-09-30,LONG,LONG,False,2026-09-30 00:00:00,2026-09-30T00:00:10.397060Z,83587.0,83663.0,76.0,2026-09-30 02:00:00,2026-09-30T01:19:52.076146Z,83495.0,83376.0,-119.0,-18.39,-28.7,-10.31,False,False
2026-09-30T05:50:12.846707+00:00,s4,2026-09-30,SHORT,,False,2026-09-30 02:00:00,,83495.0,,,2026-09-30 06:00:00,,83449.0,,,-4.58,,,True,False
2026-09-30T05:50:12.846707+00:00,s4,2026-09-30,SHORT,,False,2026-09-30 04:00:00,,83311.0,,,2026-09-30 06:00:00,,83449.0,,,-32.96,,,True,False
2026-09-30T05:54:53.118967+00:00,s4v3,2026-09-30,SHORT,,False,2026-09-29 16:00:00,,84185.0,,,2026-09-29 20:00:00,,83127.0,,,96.54,,,True,False
2026-09-30T05:54:53.118967+00:00,s4v3,2026-09-30,SHORT,,False,2026-09-30 04:00:00,,83495.0,,,2026-09-30 08:00:00,,83403.0,,,0.02,,,True,False
2026-09-30T05:59:56.140282+00:00,s4v3,2026-09-30,SHORT,,False,2026-09-29 16:00:00,,84185.0,,,2026-09-29 20:00:00,,83127.0,,,96.54,,,True,False
2026-09-30T06:04:57.474636+00:00,s4v3,2026-09-30,SHORT,,False,2026-09-29 16:00:00,,84185.0,,,2026-09-29 20:00:00,,83127.0,,,96.54,,,True,False
2026-09-30T06:10:02.073271+00:00,s4v3,2026-09-30,SHORT,,False,2026-09-29 16:00:00,,84185.0,,,2026-09-29 20:00:00,,83127.0,,,96.54,,,True,False
2026-09-30T06:15:04.974525+00:00,s4v3,2026-09-30,SHORT,,False,2026-09-29 16:00:00,,84185.0,,,2026-09-29 20:00:00,,83127.0,,,96.54,,,True,False
2026-09-30T06:20:09.530796+00:00,s4v3,2026-09-30,SHORT,,False,2026-09-29 16:00:00,,84185.0,,,2026-09-29 20:00:00,,83127.0,,,96.54,,,True,False
2026-09-30T06:25:12.828646+00:00,s4v3,2026-09-30,SHORT,,False,2026-09-29 16:00:00,,84185.0,,,2026-09-29 20:00:00,,83127.0,,,96.54,,,True,False
2026-09-30T06:30:14.810628+00:00,s4v3,2026-09-30,SHORT,,False,2026-09-29 16:00:00,,84185.0,,,2026-09-29 20:00:00,,83127.0,,,96.54,,,True,False
2026-09-30T06:35:17.322561+00:00,s4v3,2026-09-30,SHORT,,False,2026-09-29 16:00:00,,84185.0,,,2026-09-29 20:00:00,,83127.0,,,96.54,,,True,False
2026-09-30T06:40:20.657840+00:00,s4v3,2026-09-30,SHORT,,False,2026-09-29 16:00:00,,84185.0,,,2026-09-29 20:00:00,,83127.0,,,96.54,,,True,False
2026-09-30T06:45:23.622115+00:00,s4v3,2026-09-30,SHORT,,False,2026-09-29 16:00:00,,84185.0,,,2026-09-29 20:00:00,,83127.0,,,96.54,,,True,False
2026-09-30T06:50:26.387698+00:00,s4v3,2026-09-30,SHORT,,False,2026-09-29 16:00:00,,84185.0,,,2026-09-29 20:00:00,,83127.0,,,96.54,,,True,False
2026-09-30T07:00:31.048706+00:00,s4v3,2026-09-30,SHORT,,False,2026-09-29 16:00:00,,84185.0,,,2026-09-29 20:00:00,,83127.0,,,96.54,,,True,False
2026-09-30T07:05:33.819205+00:00,s4v3,2026-09-30,SHORT,,False,2026-09-29 16:00:00,,84185.0,,,2026-09-29 20:00:00,,83127.0,,,96.54,,,True,False
2026-09-30T07:10:38.161789+00:00,s4v3,2026-09-30,SHORT,,False,2026-09-29 16:00:00,,84185.0,,,2026-09-29 20:00:00,,83127.0,,,96.54,,,True,False
2026-09-30T07:15:41.259045+00:00,s4v3,2026-09-30,SHORT,,False,2026-09-29 16:00:00,,84185.0,,,2026-09-29 20:00:00,,83127.0,,,96.54,,,True,False
2026-09-30T07:20:44.475839+00:00,s4v3,2026-09-30,SHORT,,False,2026-09-29 16:00:00,,84185.0,,,2026-09-29 20:00:00,,83127.0,,,96.54,,,True,False
2026-09-30T07:25:46.975968+00:00,s4v3,2026-09-30,SHORT,,False,2026-09-29 16:00:00,,84185.0,,,2026-09-29 20:00:00,,83127.0,,,96.54,,,True,False
2026-09-30T07:30:49.559669+00:00,s4v3,2026-09-30,SHORT,,False,2026-09-29 16:00:00,,84185.0,,,2026-09-29 20:00:00,,83127.0,,,96.54,,,True,False
2026-09-30T07:35:52.797736+00:00,s4v3,2026-09-30,SHORT,,False,2026-09-29 16:00:00,,84185.0,,,2026-09-29 20:00:00,,83127.0,,,96.54,,,True,False
2026-09-30T07:40:54.821735+00:00,s4v3,2026-09-30,SHORT,,False,2026-09-29 16:00:00,,84185.0,,,2026-09-29 20:00:00,,83127.0,,,96.54,,,True,False
2026-09-30T07:45:58.072209+00:00,s4v3,2026-09-30,SHORT,,False,2026-09-29 16:00:00,,84185.0,,,2026-09-29 20:00:00,,83127.0,,,96.54,,,True,False
2026-09-30T07:45:58.072209+00:00,s4v3,2026-09-30,SHORT,,False,2026-09-30 04:00:00,,83495.0,,,2026-09-30 08:00:00,,83403.0,,,0.02,,,True,False
2026-09-30T07:51:02.347036+00:00,s4v3,2026-09-30,SHORT,,False,2026-09-29 16:00:00,,84185.0,,,2026-09-29 20:00:00,,83127.0,,,96.54,,,True,False
2026-09-30T07:51:02.347036+00:00,s4v3,2026-09-30,SHORT,,False,2026-09-30 04:00:00,,83495.0,,,2026-09-30 08:00:00,,83403.0,,,0.02,,,True,False
2026-09-30T07:56:05.844866+00:00,s4v3,2026-09-30,SHORT,,False,2026-09-29 16:00:00,,84185.0,,,2026-09-29 20:00:00,,83127.0,,,96.54,,,True,False
2026-09-30T07:56:05.844866+00:00,s4v3,2026-09-30,SHORT,,False,2026-09-30 04:00:00,,83495.0,,,2026-09-30 08:00:00,,83403.0,,,0.02,,,True,False
2026-09-30T08:01:09.128640+00:00,s4v3,2026-09-30,SHORT,,False,2026-09-29 16:00:00,,84185.0,,,2026-09-29 20:00:00,,83127.0,,,96.54,,,True,False
2026-09-30T08:06:11.874758+00:00,s4v3,2026-09-30,SHORT,,False,2026-09-29 16:00:00,,84185.0,,,2026-09-29 20:00:00,,83127.0,,,96.54,,,True,False
2026-09-30T08:11:14.920545+00:00,s4v3,2026-09-30,SHORT,,False,2026-09-29 16:00:00,,84185.0,,,2026-09-29 20:00:00,,83127.0,,,96.54,,,True,False
2026-09-30T08:16:17.703678+00:00,s4v3,2026-09-30,SHORT,,False,2026-09-29 16:00:00,,84185.0,,,2026-09-29 20:00:00,,83127.0,,,96.54,,,True,False
2026-09-30T08:21:20.753895+00:00,s4v3,2026-09-30,SHORT,,False,2026-09-29 16:00:00,,84185.0,,,2026-09-29 20:00:00,,83127.0,,,96.54,,,True,False
2026-09-30T08:26:23.268349+00:00,s4v3,2026-09-30,SHORT,,False,2026-09-29 16:00:00,,84185.0,,,2026-09-29 20:00:00,,83127.0,,,96.54,,,True,False
2026-09-30T08:31:26.045749+00:00,s4v3,2026-09-30,SHORT,,False,2026-09-29 16:00:00,,84185.0,,,2026-09-29 20:00:00,,83127.0,,,96.54,,,True,False
2026-09-30T08:36:29.069899+00:00,s4v3,2026-09-30,SHORT,,False,2026-09-29 16:00:00,,84185.0,,,2026-09-29 20:00:00,,83127.0,,,96.54,,,True,False
2026-09-30T08:41:31.831980+00:00,s4v3,2026-09-30,SHORT,,False,2026-09-29 16:00:00,,84185.0,,,2026-09-29 20:00:00,,83127.0,,,96.54,,,True,False
2026-09-30T08:46:35.573675+00:00,s4v3,2026-09-30,SHORT,,False,2026-09-29 16:00:00,,84185.0,,,2026-09-29 20:00:00,,83127.0,,,96.54,,,True,False
2026-09-30T08:51:40.083238+00:00,s4v3,2026-09-30,SHORT,,False,2026-09-29 16:00:00,,84185.0,,,2026-09-29 20:00:00,,83127.0,,,96.54,,,True,False
2026-09-30T08:56:43.069343+00:00,s4v3,2026-09-30,SHORT,,False,2026-09-29 16:00:00,,84185.0,,,2026-09-29 20:00:00,,83127.0,,,96.54,,,True,False
2026-09-30T09:01:46.593565+00:00,s4v3,2026-09-30,SHORT,,False,2026-09-29 16:00:00,,84185.0,,,2026-09-29 20:00:00,,83127.0,,,96.54,,,True,False
2026-09-30T09:06:47.868290+00:00,s4v3,2026-09-30,SHORT,,False,2026-09-29 16:00:00,,84185.0,,,2026-09-29 20:00:00,,83127.0,,,96.54,,,True,False
2026-09-30T09:11:50.461724+00:00,s4v3,2026-09-30,SHORT,,False,2026-09-29 16:00:00,,84185.0,,,2026-09-29 20:00:00,,83127.0,,,96.54,,,True,False
2026-09-30T09:16:53.480601+00:00,s4v3,2026-09-30,SHORT,,False,2026-09-29 16:00:00,,84185.0,,,2026-09-29 20:00:00,,83127.0,,,96.54,,,True,False
2026-09-30T09:21:54.877153+00:00,s4v3,2026-09-30,SHORT,,False,2026-09-29 16:00:00,,84185.0,,,2026-09-29 20:00:00,,83127.0,,,96.54,,,True,False
2026-09-30T09:26:55.936091+00:00,s4v3,2026-09-30,SHORT,,False,2026-09-29 16:00:00,,84185.0,,,2026-09-29 20:00:00,,83127.0,,,96.54,,,True,False
2026-09-30T09:26:55.936091+00:00,s4v3,2026-09-30,SHORT,,False,2026-09-30 04:00:00,,83495.0,,,2026-09-30 12:00:00,,83403.0,,,0.02,,,True,False
2026-09-30T09:31:59.793471+00:00,s4v3,2026-09-30,SHORT,,False,2026-09-29 16:00:00,,84185.0,,,2026-09-29 20:00:00,,83127.0,,,96.54,,,True,False
2026-09-30T09:31:59.793471+00:00,s4v3,2026-09-30,SHORT,,False,2026-09-30 04:00:00,,83495.0,,,2026-09-30 12:00:00,,83403.0,,,0.02,,,True,False
2026-09-30T09:37:03.085229+00:00,s4v3,2026-09-30,SHORT,,False,2026-09-29 16:00:00,,84185.0,,,2026-09-29 20:00:00,,83127.0,,,96.54,,,True,False
2026-09-30T09:37:03.085229+00:00,s4v3,2026-09-30,SHORT,,False,2026-09-30 04:00:00,,83495.0,,,2026-09-30 12:00:00,,83403.0,,,0.02,,,True,False
2026-09-30T09:42:05.595798+00:00,s4v3,2026-09-30,SHORT,,False,2026-09-29 16:00:00,,84185.0,,,2026-09-29 20:00:00,,83127.0,,,96.54,,,True,False
2026-09-30T09:42:05.595798+00:00,s4v3,2026-09-30,SHORT,,False,2026-09-30 04:00:00,,83495.0,,,2026-09-30 12:00:00,,83403.0,,,0.02,,,True,False
2026-09-30T09:47:07.700668+00:00,s4v3,2026-09-30,SHORT,,False,2026-09-29 16:00:00,,84185.0,,,2026-09-29 20:00:00,,83127.0,,,96.54,,,True,False
2026-09-30T09:47:07.700668+00:00,s4v3,2026-09-30,SHORT,,False,2026-09-30 04:00:00,,83495.0,,,2026-09-30 12:00:00,,83403.0,,,0.02,,,True,False
2026-09-30T09:52:12.120154+00:00,s4v3,2026-09-30,SHORT,,False,2026-09-29 16:00:00,,84185.0,,,2026-09-29 20:00:00,,83127.0,,,96.54,,,True,False
2026-09-30T09:52:12.120154+00:00,s4v3,2026-09-30,SHORT,,False,2026-09-30 04:00:00,,83495.0,,,2026-09-30 12:00:00,,83403.0,,,0.02,,,True,False
2026-09-30T09:57:15.148605+00:00,s4v3,2026-09-30,SHORT,,False,2026-09-29 16:00:00,,84185.0,,,2026-09-29 20:00:00,,83127.0,,,96.54,,,True,False
2026-09-30T09:57:15.148605+00:00,s4v3,2026-09-30,SHORT,,False,2026-09-30 04:00:00,,83495.0,,,2026-09-30 12:00:00,,83403.0,,,0.02,,,True,False
2026-09-30T10:02:18.447131+00:00,s4v3,2026-09-30,SHORT,,False,2026-09-29 16:00:00,,84185.0,,,2026-09-29 20:00:00,,83127.0,,,96.54,,,True,False
2026-09-30T10:02:18.447131+00:00,s4v3,2026-09-30,SHORT,,False,2026-09-30 04:00:00,,83495.0,,,2026-09-30 12:00:00,,83403.0,,,0.02,,,True,False
2026-09-30T10:07:19.922071+00:00,s4v3,2026-09-30,SHORT,,False,2026-09-29 16:00:00,,84185.0,,,2026-09-29 20:00:00,,83127.0,,,96.54,,,True,False
2026-09-30T10:07:19.922071+00:00,s4v3,2026-09-30,SHORT,,False,2026-09-30 04:00:00,,83495.0,,,2026-09-30 12:00:00,,83403.0,,,0.02,,,True,False
2026-09-30T10:12:22.222555+00:00,s4v3,2026-09-30,SHORT,,False,2026-09-29 16:00:00,,84185.0,,,2026-09-29 20:00:00,,83127.0,,,96.54,,,True,False
2026-09-30T10:12:22.222555+00:00,s4v3,2026-09-30,SHORT,,False,2026-09-30 04:00:00,,83495.0,,,2026-09-30 12:00:00,,83403.0,,,0.02,,,True,False
2026-09-30T10:17:23.616368+00:00,s4v3,2026-09-30,SHORT,,False,2026-09-29 16:00:00,,84185.0,,,2026-09-29 20:00:00,,83127.0,,,96.54,,,True,False
2026-09-30T10:17:23.616368+00:00,s4v3,2026-09-30,SHORT,,False,2026-09-30 04:00:00,,83495.0,,,2026-09-30 12:00:00,,83403.0,,,0.02,,,True,False
2026-09-30T10:22:26.356766+00:00,s4v3,2026-09-30,SHORT,,False,2026-09-29 16:00:00,,84185.0,,,2026-09-29 20:00:00,,83127.0,,,96.54,,,True,False
2026-09-30T10:22:26.356766+00:00,s4v3,2026-09-30,SHORT,,False,2026-09-30 04:00:00,,83495.0,,,2026-09-30 12:00:00,,83403.0,,,0.02,,,True,False
2026-09-30T10:27:28.353423+00:00,s4v3,2026-09-30,SHORT,,False,2026-09-29 16:00:00,,84185.0,,,2026-09-29 20:00:00,,83127.0,,,96.54,,,True,False
2026-09-30T10:27:28.353423+00:00,s4v3,2026-09-30,SHORT,,False,2026-09-30 04:00:00,,83495.0,,,2026-09-30 12:00:00,,83403.0,,,0.02,,,True,False
2026-09-30T10:32:35.578293+00:00,s4v3,2026-09-30,SHORT,,False,2026-09-29 16:00:00,,84185.0,,,2026-09-29 20:00:00,,83127.0,,,96.54,,,True,False
2026-09-30T10:32:35.578293+00:00,s4v3,2026-09-30,SHORT,,False,2026-09-30 04:00:00,,83495.0,,,2026-09-30 12:00:00,,83403.0,,,0.02,,,True,False
2026-09-30T10:37:37.813302+00:00,s4v3,2026-09-30,SHORT,,False,2026-09-29 16:00:00,,84185.0,,,2026-09-29 20:00:00,,83127.0,,,96.54,,,True,False
2026-09-30T10:37:37.813302+00:00,s4v3,2026-09-30,SHORT,,False,2026-09-30 04:00:00,,83495.0,,,2026-09-30 12:00:00,,83403.0,,,0.02,,,True,False
2026-09-30T10:42:39.405973+00:00,s4v3,2026-09-30,SHORT,,False,2026-09-29 16:00:00,,84185.0,,,2026-09-29 20:00:00,,83127.0,,,96.54,,,True,False
2026-09-30T10:42:39.405973+00:00,s4v3,2026-09-30,SHORT,,False,2026-09-30 04:00:00,,83495.0,,,2026-09-30 12:00:00,,83403.0,,,0.02,,,True,False
2026-09-30T10:47:40.449488+00:00,s4v3,2026-09-30,SHORT,,False,2026-09-29 16:00:00,,84185.0,,,2026-09-29 20:00:00,,83127.0,,,96.54,,,True,False
2026-09-30T10:47:40.449488+00:00,s4v3,2026-09-30,SHORT,,False,2026-09-30 04:00:00,,83495.0,,,2026-09-30 12:00:00,,83403.0,,,0.02,,,True,False
2026-09-30T10:52:42.703531+00:00,s4v3,2026-09-30,SHORT,,False,2026-09-29 16:00:00,,84185.0,,,2026-09-29 20:00:00,,83127.0,,,96.54,,,True,False
2026-09-30T10:52:42.703531+00:00,s4v3,2026-09-30,SHORT,,False,2026-09-30 04:00:00,,83495.0,,,2026-09-30 12:00:00,,83403.0,,,0.02,,,True,False
2026-09-30T10:57:45.195561+00:00,s4v3,2026-09-30,SHORT,,False,2026-09-29 16:00:00,,84185.0,,,2026-09-29 20:00:00,,83127.0,,,96.54,,,True,False
2026-09-30T10:57:45.195561+00:00,s4v3,2026-09-30,SHORT,,False,2026-09-30 04:00:00,,83495.0,,,2026-09-30 12:00:00,,83403.0,,,0.02,,,True,False
2026-09-30T11:02:46.970306+00:00,s4v3,2026-09-30,SHORT,,False,2026-09-29 16:00:00,,84185.0,,,2026-09-29 20:00:00,,83127.0,,,96.54,,,True,False
2026-09-30T11:02:46.970306+00:00,s4v3,2026-09-30,SHORT,,False,2026-09-30 04:00:00,,83495.0,,,2026-09-30 12:00:00,,83403.0,,,0.02,,,True,False
2026-09-30T11:07:48.633720+00:00,s4v3,2026-09-30,SHORT,,False,2026-09-29 16:00:00,,84185.0,,,2026-09-29 20:00:00,,83127.0,,,96.54,,,True,False
2026-09-30T11:07:48.633720+00:00,s4v3,2026-09-30,SHORT,,False,2026-09-30 04:00:00,,83495.0,,,2026-09-30 12:00:00,,83403.0,,,0.02,,,True,False
2026-09-30T11:12:51.072200+00:00,s4v3,2026-09-30,SHORT,,False,2026-09-29 16:00:00,,84185.0,,,2026-09-29 20:00:00,,83127.0,,,96.54,,,True,False
2026-09-30T11:12:51.072200+00:00,s4v3,2026-09-30,SHORT,,False,2026-09-30 04:00:00,,83495.0,,,2026-09-30 12:00:00,,83403.0,,,0.02,,,True,False
2026-09-30T11:17:52.273764+00:00,s4v3,2026-09-30,SHORT,,False,2026-09-29 16:00:00,,84185.0,,,2026-09-29 20:00:00,,83127.0,,,96.54,,,True,False
2026-09-30T11:17:52.273764+00:00,s4v3,2026-09-30,SHORT,,False,2026-09-30 04:00:00,,83495.0,,,2026-09-30 12:00:00,,83403.0,,,0.02,,,True,False
2026-09-30T11:22:53.263419+00:00,s4v3,2026-09-30,SHORT,,False,2026-09-29 16:00:00,,84185.0,,,2026-09-29 20:00:00,,83127.0,,,96.54,,,True,False
2026-09-30T11:22:53.263419+00:00,s4v3,2026-09-30,SHORT,,False,2026-09-30 04:00:00,,83495.0,,,2026-09-30 12:00:00,,83403.0,,,0.02,,,True,False
2026-09-30T11:27:54.224985+00:00,s4v3,2026-09-30,SHORT,,False,2026-09-29 16:00:00,,84185.0,,,2026-09-29 20:00:00,,83127.0,,,96.54,,,True,False
2026-09-30T11:27:54.224985+00:00,s4v3,2026-09-30,SHORT,,False,2026-09-30 04:00:00,,83495.0,,,2026-09-30 12:00:00,,83403.0,,,0.02,,,True,False
2026-09-30T11:32:55.178345+00:00,s4v3,2026-09-30,SHORT,,False,2026-09-29 16:00:00,,84185.0,,,2026-09-29 20:00:00,,83127.0,,,96.54,,,True,False
2026-09-30T11:32:55.178345+00:00,s4v3,2026-09-30,SHORT,,False,2026-09-30 04:00:00,,83495.0,,,2026-09-30 12:00:00,,83403.0,,,0.02,,,True,False
2026-09-30T11:37:57.165789+00:00,s4v3,2026-09-30,SHORT,,False,2026-09-29 16:00:00,,84185.0,,,2026-09-29 20:00:00,,83127.0,,,96.54,,,True,False
2026-09-30T11:37:57.165789+00:00,s4v3,2026-09-30,SHORT,,False,2026-09-30 04:00:00,,83495.0,,,2026-09-30 12:00:00,,83403.0,,,0.02,,,True,False
2026-09-30T11:42:59.420366+00:00,s4v3,2026-09-30,SHORT,,False,2026-09-29 16:00:00,,84185.0,,,2026-09-29 20:00:00,,83127.0,,,96.54,,,True,False
2026-09-30T11:42:59.420366+00:00,s4v3,2026-09-30,SHORT,,False,2026-09-30 04:00:00,,83495.0,,,2026-09-30 12:00:00,,83403.0,,,0.02,,,True,False
2026-09-30T11:48:01.722065+00:00,s4v3,2026-09-30,SHORT,,False,2026-09-29 16:00:00,,84185.0,,,2026-09-29 20:00:00,,83127.0,,,96.54,,,True,False
2026-09-30T11:48:01.722065+00:00,s4v3,2026-09-30,SHORT,,False,2026-09-30 04:00:00,,83495.0,,,2026-09-30 12:00:00,,83403.0,,,0.02,,,True,False
2026-09-30T11:53:04.284797+00:00,s4v3,2026-09-30,SHORT,,False,2026-09-29 16:00:00,,84185.0,,,2026-09-29 20:00:00,,83127.0,,,96.54,,,True,False
2026-09-30T11:53:04.284797+00:00,s4v3,2026-09-30,SHORT,,False,2026-09-30 04:00:00,,83495.0,,,2026-09-30 12:00:00,,83403.0,,,0.02,,,True,False
2026-09-30T11:58:07.051617+00:00,s4v3,2026-09-30,SHORT,,False,2026-09-29 16:00:00,,84185.0,,,2026-09-29 20:00:00,,83127.0,,,96.54,,,True,False
2026-09-30T11:58:07.051617+00:00,s4v3,2026-09-30,SHORT,,False,2026-09-30 04:00:00,,83495.0,,,2026-09-30 12:00:00,,83403.0,,,0.02,,,True,False
2026-09-30T12:03:13.339735+00:00,s4v3,2026-09-30,SHORT,SHORT,False,2026-09-30 04:00:00,2026-09-30T01:19:07.086228Z,83495.0,83401.0,-94.0,2026-09-30 12:00:00,2026-09-30T12:00:14.759419Z,83403.0,83883.5,480.5,0.02,-48.25,-48.27,False,False
2026-09-30T12:03:13.339735+00:00,s4v3,2026-09-30,SHORT,,False,2026-09-29 16:00:00,,84185.0,,,2026-09-29 20:00:00,,83127.0,,,96.54,,,True,False
2026-09-30T12:08:14.684436+00:00,s4v3,2026-09-30,SHORT,SHORT,False,2026-09-30 04:00:00,2026-09-30T01:19:07.086228Z,83495.0,83401.0,-94.0,2026-09-30 12:00:00,2026-09-30T12:00:14.759419Z,83403.0,83883.5,480.5,0.02,-48.25,-48.27,False,False
2026-09-30T12:08:14.684436+00:00,s4v3,2026-09-30,SHORT,,False,2026-09-29 16:00:00,,84185.0,,,2026-09-29 20:00:00,,83127.0,,,96.54,,,True,False
2026-09-30T12:13:16.099382+00:00,s4v3,2026-09-30,SHORT,SHORT,False,2026-09-30 04:00:00,2026-09-30T01:19:07.086228Z,83495.0,83401.0,-94.0,2026-09-30 12:00:00,2026-09-30T12:00:14.759419Z,83403.0,83883.5,480.5,0.02,-48.25,-48.27,False,False
2026-09-30T12:13:16.099382+00:00,s4v3,2026-09-30,SHORT,,False,2026-09-29 16:00:00,,84185.0,,,2026-09-29 20:00:00,,83127.0,,,96.54,,,True,False
2026-09-30T12:18:17.403172+00:00,s4v3,2026-09-30,SHORT,SHORT,False,2026-09-30 04:00:00,2026-09-30T01:19:07.086228Z,83495.0,83401.0,-94.0,2026-09-30 12:00:00,2026-09-30T12:00:14.759419Z,83403.0,83883.5,480.5,0.02,-48.25,-48.27,False,False
2026-09-30T12:18:17.403172+00:00,s4v3,2026-09-30,SHORT,,False,2026-09-29 16:00:00,,84185.0,,,2026-09-29 20:00:00,,83127.0,,,96.54,,,True,False
2026-09-30T12:23:18.430416+00:00,s4v3,2026-09-30,SHORT,SHORT,False,2026-09-30 04:00:00,2026-09-30T01:19:07.086228Z,83495.0,83401.0,-94.0,2026-09-30 12:00:00,2026-09-30T12:00:14.759419Z,83403.0,83883.5,480.5,0.02,-48.25,-48.27,False,False
2026-09-30T12:23:18.430416+00:00,s4v3,2026-09-30,SHORT,,False,2026-09-29 16:00:00,,84185.0,,,2026-09-29 20:00:00,,83127.0,,,96.54,,,True,False
2026-09-30T12:28:20.061354+00:00,s4v3,2026-09-30,SHORT,SHORT,False,2026-09-30 04:00:00,2026-09-30T01:19:07.086228Z,83495.0,83401.0,-94.0,2026-09-30 12:00:00,2026-09-30T12:00:14.759419Z,83403.0,83883.5,480.5,0.02,-48.25,-48.27,False,False
2026-09-30T12:28:20.061354+00:00,s4v3,2026-09-30,SHORT,,False,2026-09-29 16:00:00,,84185.0,,,2026-09-29 20:00:00,,83127.0,,,96.54,,,True,False
2026-09-30T12:33:23.061106+00:00,s4v3,2026-09-30,SHORT,SHORT,False,2026-09-30 04:00:00,2026-09-30T01:19:07.086228Z,83495.0,83401.0,-94.0,2026-09-30 12:00:00,2026-09-30T12:00:14.759419Z,83403.0,83883.5,480.5,0.02,-48.25,-48.27,False,False
2026-09-30T12:33:23.061106+00:00,s4v3,2026-09-30,SHORT,,False,2026-09-29 16:00:00,,84185.0,,,2026-09-29 20:00:00,,83127.0,,,96.54,,,True,False
2026-09-30T12:38:25.198962+00:00,s4v3,2026-09-30,SHORT,SHORT,False,2026-09-30 04:00:00,2026-09-30T01:19:07.086228Z,83495.0,83401.0,-94.0,2026-09-30 12:00:00,2026-09-30T12:00:14.759419Z,83403.0,83883.5,480.5,0.02,-48.25,-48.27,False,False
2026-09-30T12:38:25.198962+00:00,s4v3,2026-09-30,SHORT,,False,2026-09-29 16:00:00,,84185.0,,,2026-09-29 20:00:00,,83127.0,,,96.54,,,True,False
2026-09-30T12:43:26.401274+00:00,s4v3,2026-09-30,SHORT,SHORT,False,2026-09-30 04:00:00,2026-09-30T01:19:07.086228Z,83495.0,83401.0,-94.0,2026-09-30 12:00:00,2026-09-30T12:00:14.759419Z,83403.0,83883.5,480.5,0.02,-48.25,-48.27,False,False
2026-09-30T12:43:26.401274+00:00,s4v3,2026-09-30,SHORT,,False,2026-09-29 16:00:00,,84185.0,,,2026-09-29 20:00:00,,83127.0,,,96.54,,,True,False
2026-09-30T12:48:27.690832+00:00,s4v3,2026-09-30,SHORT,SHORT,False,2026-09-30 04:00:00,2026-09-30T01:19:07.086228Z,83495.0,83401.0,-94.0,2026-09-30 12:00:00,2026-09-30T12:00:14.759419Z,83403.0,83883.5,480.5,0.02,-48.25,-48.27,False,False
2026-09-30T12:48:27.690832+00:00,s4v3,2026-09-30,SHORT,,False,2026-09-29 16:00:00,,84185.0,,,2026-09-29 20:00:00,,83127.0,,,96.54,,,True,False
2026-09-30T12:53:30.571433+00:00,s4v3,2026-09-30,SHORT,SHORT,False,2026-09-30 04:00:00,2026-09-30T01:19:07.086228Z,83495.0,83401.0,-94.0,2026-09-30 12:00:00,2026-09-30T12:00:14.759419Z,83403.0,83883.5,480.5,0.02,-48.25,-48.27,False,False
2026-09-30T12:53:30.571433+00:00,s4v3,2026-09-30,SHORT,,False,2026-09-29 16:00:00,,84185.0,,,2026-09-29 20:00:00,,83127.0,,,96.54,,,True,False
2026-09-30T12:58:32.390935+00:00,s4v3,2026-09-30,SHORT,SHORT,False,2026-09-30 04:00:00,2026-09-30T01:19:07.086228Z,83495.0,83401.0,-94.0,2026-09-30 12:00:00,2026-09-30T12:00:14.759419Z,83403.0,83883.5,480.5,0.02,-48.25,-48.27,False,False
2026-09-30T12:58:32.390935+00:00,s4v3,2026-09-30,SHORT,,False,2026-09-29 16:00:00,,84185.0,,,2026-09-29 20:00:00,,83127.0,,,96.54,,,True,False
2026-09-30T13:08:40.067328+00:00,s4v3,2026-09-30,SHORT,SHORT,False,2026-09-30 04:00:00,2026-09-30T01:19:07.086228Z,83495.0,83401.0,-94.0,2026-09-30 12:00:00,2026-09-30T12:00:14.759419Z,83403.0,83883.5,480.5,0.02,-48.25,-48.27,False,False
2026-09-30T13:08:40.067328+00:00,s4v3,2026-09-30,SHORT,,False,2026-09-29 16:00:00,,84185.0,,,2026-09-29 20:00:00,,83127.0,,,96.54,,,True,False
2026-09-30T13:13:43.197189+00:00,s4v3,2026-09-30,SHORT,SHORT,False,2026-09-30 04:00:00,2026-09-30T01:19:07.086228Z,83495.0,83401.0,-94.0,2026-09-30 12:00:00,2026-09-30T12:00:14.759419Z,83403.0,83883.5,480.5,0.02,-48.25,-48.27,False,False
2026-09-30T13:13:43.197189+00:00,s4v3,2026-09-30,SHORT,,False,2026-09-29 16:00:00,,84185.0,,,2026-09-29 20:00:00,,83127.0,,,96.54,,,True,False
2026-09-30T13:18:44.807822+00:00,s4v3,2026-09-30,SHORT,SHORT,False,2026-09-30 04:00:00,2026-09-30T01:19:07.086228Z,83495.0,83401.0,-94.0,2026-09-30 12:00:00,2026-09-30T12:00:14.759419Z,83403.0,83883.5,480.5,0.02,-48.25,-48.27,False,False
2026-09-30T13:18:44.807822+00:00,s4v3,2026-09-30,SHORT,,False,2026-09-29 16:00:00,,84185.0,,,2026-09-29 20:00:00,,83127.0,,,96.54,,,True,False
2026-09-30T13:23:51.024512+00:00,s4v3,2026-09-30,SHORT,SHORT,False,2026-09-30 04:00:00,2026-09-30T01:19:07.086228Z,83495.0,83401.0,-94.0,2026-09-30 12:00:00,2026-09-30T12:00:14.759419Z,83403.0,83883.5,480.5,0.02,-48.25,-48.27,False,False
2026-09-30T13:23:51.024512+00:00,s4v3,2026-09-30,SHORT,,False,2026-09-29 16:00:00,,84185.0,,,2026-09-29 20:00:00,,83127.0,,,96.54,,,True,False
2026-09-30T13:28:53.788697+00:00,s4v3,2026-09-30,SHORT,SHORT,False,2026-09-30 04:00:00,2026-09-30T01:19:07.086228Z,83495.0,83401.0,-94.0,2026-09-30 12:00:00,2026-09-30T12:00:14.759419Z,83403.0,83883.5,480.5,0.02,-48.25,-48.27,False,False
2026-09-30T13:28:53.788697+00:00,s4v3,2026-09-30,SHORT,,False,2026-09-29 16:00:00,,84185.0,,,2026-09-29 20:00:00,,83127.0,,,96.54,,,True,False
2026-09-30T13:34:01.276817+00:00,s4v3,2026-09-30,SHORT,SHORT,False,2026-09-30 04:00:00,2026-09-30T01:19:07.086228Z,83495.0,83401.0,-94.0,2026-09-30 12:00:00,2026-09-30T12:00:14.759419Z,83403.0,83883.5,480.5,0.02,-48.25,-48.27,False,False
2026-09-30T13:34:01.276817+00:00,s4v3,2026-09-30,SHORT,,False,2026-09-29 16:00:00,,84185.0,,,2026-09-29 20:00:00,,83127.0,,,96.54,,,True,False
2026-09-30T13:39:06.019233+00:00,s4v3,2026-09-30,SHORT,SHORT,False,2026-09-30 04:00:00,2026-09-30T01:19:07.086228Z,83495.0,83401.0,-94.0,2026-09-30 12:00:00,2026-09-30T12:00:14.759419Z,83403.0,83883.5,480.5,0.02,-48.25,-48.27,False,False
2026-09-30T13:39:06.019233+00:00,s4v3,2026-09-30,SHORT,,False,2026-09-29 16:00:00,,84185.0,,,2026-09-29 20:00:00,,83127.0,,,96.54,,,True,False
2026-09-30T13:44:09.704292+00:00,s4v3,2026-09-30,SHORT,SHORT,False,2026-09-30 04:00:00,2026-09-30T01:19:07.086228Z,83495.0,83401.0,-94.0,2026-09-30 12:00:00,2026-09-30T12:00:14.759419Z,83403.0,83883.5,480.5,0.02,-48.25,-48.27,False,False
2026-09-30T13:44:09.704292+00:00,s4v3,2026-09-30,SHORT,,False,2026-09-29 16:00:00,,84185.0,,,2026-09-29 20:00:00,,83127.0,,,96.54,,,True,False
2026-09-30T13:49:12.799552+00:00,s4v3,2026-09-30,SHORT,SHORT,False,2026-09-30 04:00:00,2026-09-30T01:19:07.086228Z,83495.0,83401.0,-94.0,2026-09-30 12:00:00,2026-09-30T12:00:14.759419Z,83403.0,83883.5,480.5,0.02,-48.25,-48.27,False,False
2026-09-30T13:49:12.799552+00:00,s4v3,2026-09-30,SHORT,,False,2026-09-29 16:00:00,,84185.0,,,2026-09-29 20:00:00,,83127.0,,,96.54,,,True,False
2026-09-30T13:54:15.224734+00:00,s4v3,2026-09-30,SHORT,SHORT,False,2026-09-30 04:00:00,2026-09-30T01:19:07.086228Z,83495.0,83401.0,-94.0,2026-09-30 12:00:00,2026-09-30T12:00:14.759419Z,83403.0,83883.5,480.5,0.02,-48.25,-48.27,False,False
2026-09-30T13:54:15.224734+00:00,s4v3,2026-09-30,SHORT,,False,2026-09-29 16:00:00,,84185.0,,,2026-09-29 20:00:00,,83127.0,,,96.54,,,True,False
2026-09-30T13:59:17.303228+00:00,s4v3,2026-09-30,SHORT,SHORT,False,2026-09-30 04:00:00,2026-09-30T01:19:07.086228Z,83495.0,83401.0,-94.0,2026-09-30 12:00:00,2026-09-30T12:00:14.759419Z,83403.0,83883.5,480.5,0.02,-48.25,-48.27,False,False
2026-09-30T13:59:17.303228+00:00,s4v3,2026-09-30,SHORT,,False,2026-09-29 16:00:00,,84185.0,,,2026-09-29 20:00:00,,83127.0,,,96.54,,,True,False
2026-09-30T14:04:27.133256+00:00,s4v3,2026-09-30,SHORT,SHORT,False,2026-09-30 04:00:00,2026-09-30T01:19:07.086228Z,83495.0,83401.0,-94.0,2026-09-30 12:00:00,2026-09-30T12:00:14.759419Z,83403.0,83883.5,480.5,0.02,-48.25,-48.27,False,False
2026-09-30T14:04:27.133256+00:00,s4v3,2026-09-30,SHORT,,False,2026-09-29 16:00:00,,84185.0,,,2026-09-29 20:00:00,,83127.0,,,96.54,,,True,False
2026-09-30T14:09:30.749384+00:00,s4v3,2026-09-30,SHORT,SHORT,False,2026-09-30 04:00:00,2026-09-30T01:19:07.086228Z,83495.0,83401.0,-94.0,2026-09-30 12:00:00,2026-09-30T12:00:14.759419Z,83403.0,83883.5,480.5,0.02,-48.25,-48.27,False,False
2026-09-30T14:09:30.749384+00:00,s4v3,2026-09-30,SHORT,,False,2026-09-29 16:00:00,,84185.0,,,2026-09-29 20:00:00,,83127.0,,,96.54,,,True,False
2026-09-30T14:14:38.279308+00:00,s4v3,2026-09-30,SHORT,SHORT,False,2026-09-30 04:00:00,2026-09-30T01:19:07.086228Z,83495.0,83401.0,-94.0,2026-09-30 12:00:00,2026-09-30T12:00:14.759419Z,83403.0,83883.5,480.5,0.02,-48.25,-48.27,False,False
2026-09-30T14:14:38.279308+00:00,s4v3,2026-09-30,SHORT,,False,2026-09-29 16:00:00,,84185.0,,,2026-09-29 20:00:00,,83127.0,,,96.54,,,True,False
2026-09-30T14:19:40.044689+00:00,s4v3,2026-09-30,SHORT,SHORT,False,2026-09-30 04:00:00,2026-09-30T01:19:07.086228Z,83495.0,83401.0,-94.0,2026-09-30 12:00:00,2026-09-30T12:00:14.759419Z,83403.0,83883.5,480.5,0.02,-48.25,-48.27,False,False
2026-09-30T14:19:40.044689+00:00,s4v3,2026-09-30,SHORT,,False,2026-09-29 16:00:00,,84185.0,,,2026-09-29 20:00:00,,83127.0,,,96.54,,,True,False
2026-09-30T14:24:47.273132+00:00,s4v3,2026-09-30,SHORT,SHORT,False,2026-09-30 04:00:00,2026-09-30T01:19:07.086228Z,83495.0,83401.0,-94.0,2026-09-30 12:00:00,2026-09-30T12:00:14.759419Z,83403.0,83883.5,480.5,0.02,-48.25,-48.27,False,False
2026-09-30T14:24:47.273132+00:00,s4v3,2026-09-30,SHORT,,False,2026-09-29 16:00:00,,84185.0,,,2026-09-29 20:00:00,,83127.0,,,96.54,,,True,False
2026-09-30T14:29:50.321781+00:00,s4v3,2026-09-30,SHORT,SHORT,False,2026-09-30 04:00:00,2026-09-30T01:19:07.086228Z,83495.0,83401.0,-94.0,2026-09-30 12:00:00,2026-09-30T12:00:14.759419Z,83403.0,83883.5,480.5,0.02,-48.25,-48.27,False,False
2026-09-30T14:29:50.321781+00:00,s4v3,2026-09-30,SHORT,,False,2026-09-29 16:00:00,,84185.0,,,2026-09-29 20:00:00,,83127.0,,,96.54,,,True,False
2026-09-30T14:34:52.411210+00:00,s4v3,2026-09-30,SHORT,SHORT,False,2026-09-30 04:00:00,2026-09-30T01:19:07.086228Z,83495.0,83401.0,-94.0,2026-09-30 12:00:00,2026-09-30T12:00:14.759419Z,83403.0,83883.5,480.5,0.02,-48.25,-48.27,False,False
2026-09-30T14:34:52.411210+00:00,s4v3,2026-09-30,SHORT,,False,2026-09-29 16:00:00,,84185.0,,,2026-09-29 20:00:00,,83127.0,,,96.54,,,True,False
2026-09-30T14:39:53.427400+00:00,s4v3,2026-09-30,SHORT,SHORT,False,2026-09-30 04:00:00,2026-09-30T01:19:07.086228Z,83495.0,83401.0,-94.0,2026-09-30 12:00:00,2026-09-30T12:00:14.759419Z,83403.0,83883.5,480.5,0.02,-48.25,-48.27,False,False
2026-09-30T14:39:53.427400+00:00,s4v3,2026-09-30,SHORT,,False,2026-09-29 16:00:00,,84185.0,,,2026-09-29 20:00:00,,83127.0,,,96.54,,,True,False
2026-09-30T14:44:55.124968+00:00,s4v3,2026-09-30,SHORT,SHORT,False,2026-09-30 04:00:00,2026-09-30T01:19:07.086228Z,83495.0,83401.0,-94.0,2026-09-30 12:00:00,2026-09-30T12:00:14.759419Z,83403.0,83883.5,480.5,0.02,-48.25,-48.27,False,False
2026-09-30T14:44:55.124968+00:00,s4v3,2026-09-30,SHORT,,False,2026-09-29 16:00:00,,84185.0,,,2026-09-29 20:00:00,,83127.0,,,96.54,,,True,False
2026-09-30T14:49:56.933795+00:00,s4v3,2026-09-30,SHORT,SHORT,False,2026-09-30 04:00:00,2026-09-30T01:19:07.086228Z,83495.0,83401.0,-94.0,2026-09-30 12:00:00,2026-09-30T12:00:14.759419Z,83403.0,83883.5,480.5,0.02,-48.25,-48.27,False,False
2026-09-30T14:49:56.933795+00:00,s4v3,2026-09-30,SHORT,,False,2026-09-29 16:00:00,,84185.0,,,2026-09-29 20:00:00,,83127.0,,,96.54,,,True,False
2026-09-30T14:54:58.342584+00:00,s4v3,2026-09-30,SHORT,SHORT,False,2026-09-30 04:00:00,2026-09-30T01:19:07.086228Z,83495.0,83401.0,-94.0,2026-09-30 12:00:00,2026-09-30T12:00:14.759419Z,83403.0,83883.5,480.5,0.02,-48.25,-48.27,False,False
2026-09-30T14:54:58.342584+00:00,s4v3,2026-09-30,SHORT,,False,2026-09-29 16:00:00,,84185.0,,,2026-09-29 20:00:00,,83127.0,,,96.54,,,True,False
2026-09-30T15:00:05.678538+00:00,s4v3,2026-09-30,SHORT,SHORT,False,2026-09-30 04:00:00,2026-09-30T01:19:07.086228Z,83495.0,83401.0,-94.0,2026-09-30 12:00:00,2026-09-30T12:00:14.759419Z,83403.0,83883.5,480.5,0.02,-48.25,-48.27,False,False
2026-09-30T15:00:05.678538+00:00,s4v3,2026-09-30,SHORT,,False,2026-09-29 16:00:00,,84185.0,,,2026-09-29 20:00:00,,83127.0,,,96.54,,,True,False
2026-09-30T15:05:09.428079+00:00,s4v3,2026-09-30,SHORT,SHORT,False,2026-09-30 04:00:00,2026-09-30T01:19:07.086228Z,83495.0,83401.0,-94.0,2026-09-30 12:00:00,2026-09-30T12:00:14.759419Z,83403.0,83883.5,480.5,0.02,-48.25,-48.27,False,False
2026-09-30T15:05:09.428079+00:00,s4v3,2026-09-30,SHORT,,False,2026-09-29 16:00:00,,84185.0,,,2026-09-29 20:00:00,,83127.0,,,96.54,,,True,False
2026-09-30T15:10:13.497930+00:00,s4v3,2026-09-30,SHORT,SHORT,False,2026-09-30 04:00:00,2026-09-30T01:19:07.086228Z,83495.0,83401.0,-94.0,2026-09-30 12:00:00,2026-09-30T12:00:14.759419Z,83403.0,83883.5,480.5,0.02,-48.25,-48.27,False,False
2026-09-30T15:10:13.497930+00:00,s4v3,2026-09-30,SHORT,,False,2026-09-29 16:00:00,,84185.0,,,2026-09-29 20:00:00,,83127.0,,,96.54,,,True,False
2026-09-30T15:15:17.212765+00:00,s4v3,2026-09-30,SHORT,SHORT,False,2026-09-30 04:00:00,2026-09-30T01:19:07.086228Z,83495.0,83401.0,-94.0,2026-09-30 12:00:00,2026-09-30T12:00:14.759419Z,83403.0,83883.5,480.5,0.02,-48.25,-48.27,False,False
2026-09-30T15:15:17.212765+00:00,s4v3,2026-09-30,SHORT,,False,2026-09-29 16:00:00,,84185.0,,,2026-09-29 20:00:00,,83127.0,,,96.54,,,True,False
2026-09-30T15:20:21.447420+00:00,s4v3,2026-09-30,SHORT,SHORT,False,2026-09-30 04:00:00,2026-09-30T01:19:07.086228Z,83495.0,83401.0,-94.0,2026-09-30 12:00:00,2026-09-30T12:00:14.759419Z,83403.0,83883.5,480.5,0.02,-48.25,-48.27,False,False
2026-09-30T15:20:21.447420+00:00,s4v3,2026-09-30,SHORT,,False,2026-09-29 16:00:00,,84185.0,,,2026-09-29 20:00:00,,83127.0,,,96.54,,,True,False
2026-09-30T15:25:24.711197+00:00,s4v3,2026-09-30,SHORT,SHORT,False,2026-09-30 04:00:00,2026-09-30T01:19:07.086228Z,83495.0,83401.0,-94.0,2026-09-30 12:00:00,2026-09-30T12:00:14.759419Z,83403.0,83883.5,480.5,0.02,-48.25,-48.27,False,False
2026-09-30T15:25:24.711197+00:00,s4v3,2026-09-30,SHORT,,False,2026-09-29 16:00:00,,84185.0,,,2026-09-29 20:00:00,,83127.0,,,96.54,,,True,False
2026-09-30T15:30:27.994507+00:00,s4v3,2026-09-30,SHORT,SHORT,False,2026-09-30 04:00:00,2026-09-30T01:19:07.086228Z,83495.0,83401.0,-94.0,2026-09-30 12:00:00,2026-09-30T12:00:14.759419Z,83403.0,83883.5,480.5,0.02,-48.25,-48.27,False,False
2026-09-30T15:30:27.994507+00:00,s4v3,2026-09-30,SHORT,,False,2026-09-29 16:00:00,,84185.0,,,2026-09-29 20:00:00,,83127.0,,,96.54,,,True,False
2026-09-30T15:35:30.270792+00:00,s4v3,2026-09-30,SHORT,SHORT,False,2026-09-30 04:00:00,2026-09-30T01:19:07.086228Z,83495.0,83401.0,-94.0,2026-09-30 12:00:00,2026-09-30T12:00:14.759419Z,83403.0,83883.5,480.5,0.02,-48.25,-48.27,False,False
2026-09-30T15:35:30.270792+00:00,s4v3,2026-09-30,SHORT,,False,2026-09-29 16:00:00,,84185.0,,,2026-09-29 20:00:00,,83127.0,,,96.54,,,True,False
2026-09-30T15:40:33.049984+00:00,s4v3,2026-09-30,SHORT,SHORT,False,2026-09-30 04:00:00,2026-09-30T01:19:07.086228Z,83495.0,83401.0,-94.0,2026-09-30 12:00:00,2026-09-30T12:00:14.759419Z,83403.0,83883.5,480.5,0.02,-48.25,-48.27,False,False
2026-09-30T15:40:33.049984+00:00,s4v3,2026-09-30,SHORT,,False,2026-09-29 16:00:00,,84185.0,,,2026-09-29 20:00:00,,83127.0,,,96.54,,,True,False
2026-09-30T15:45:35.339312+00:00,s4v3,2026-09-30,SHORT,SHORT,False,2026-09-30 04:00:00,2026-09-30T01:19:07.086228Z,83495.0,83401.0,-94.0,2026-09-30 12:00:00,2026-09-30T12:00:14.759419Z,83403.0,83883.5,480.5,0.02,-48.25,-48.27,False,False
2026-09-30T15:45:35.339312+00:00,s4v3,2026-09-30,SHORT,,False,2026-09-29 16:00:00,,84185.0,,,2026-09-29 20:00:00,,83127.0,,,96.54,,,True,False
2026-09-30T15:50:38.569582+00:00,s4v3,2026-09-30,SHORT,SHORT,False,2026-09-30 04:00:00,2026-09-30T01:19:07.086228Z,83495.0,83401.0,-94.0,2026-09-30 12:00:00,2026-09-30T12:00:14.759419Z,83403.0,83883.5,480.5,0.02,-48.25,-48.27,False,False
2026-09-30T15:50:38.569582+00:00,s4v3,2026-09-30,SHORT,,False,2026-09-29 16:00:00,,84185.0,,,2026-09-29 20:00:00,,83127.0,,,96.54,,,True,False
2026-09-30T15:55:44.320257+00:00,s4v3,2026-09-30,SHORT,SHORT,False,2026-09-30 04:00:00,2026-09-30T01:19:07.086228Z,83495.0,83401.0,-94.0,2026-09-30 12:00:00,2026-09-30T12:00:14.759419Z,83403.0,83883.5,480.5,0.02,-48.25,-48.27,False,False
2026-09-30T15:55:44.320257+00:00,s4v3,2026-09-30,SHORT,,False,2026-09-29 16:00:00,,84185.0,,,2026-09-29 20:00:00,,83127.0,,,96.54,,,True,False
2026-09-30T16:00:49.074499+00:00,s4v3,2026-09-30,SHORT,SHORT,False,2026-09-30 04:00:00,2026-09-30T01:19:07.086228Z,83495.0,83401.0,-94.0,2026-09-30 12:00:00,2026-09-30T12:00:14.759419Z,83403.0,83883.5,480.5,0.02,-48.25,-48.27,False,False
2026-09-30T16:00:49.074499+00:00,s4v3,2026-09-30,SHORT,,False,2026-09-29 16:00:00,,84185.0,,,2026-09-29 20:00:00,,83127.0,,,96.54,,,True,False
2026-09-30T16:05:52.382259+00:00,s4v3,2026-09-30,SHORT,SHORT,False,2026-09-30 04:00:00,2026-09-30T01:19:07.086228Z,83495.0,83401.0,-94.0,2026-09-30 12:00:00,2026-09-30T12:00:14.759419Z,83403.0,83883.5,480.5,0.02,-48.25,-48.27,False,False
2026-09-30T16:05:52.382259+00:00,s4v3,2026-09-30,SHORT,,False,2026-09-29 16:00:00,,84185.0,,,2026-09-29 20:00:00,,83127.0,,,96.54,,,True,False
2026-09-30T16:10:55.156020+00:00,s4v3,2026-09-30,SHORT,SHORT,False,2026-09-30 04:00:00,2026-09-30T01:19:07.086228Z,83495.0,83401.0,-94.0,2026-09-30 12:00:00,2026-09-30T12:00:14.759419Z,83403.0,83883.5,480.5,0.02,-48.25,-48.27,False,False
2026-09-30T16:10:55.156020+00:00,s4v3,2026-09-30,SHORT,,False,2026-09-29 16:00:00,,84185.0,,,2026-09-29 20:00:00,,83127.0,,,96.54,,,True,False
2026-09-30T16:15:59.186546+00:00,s4v3,2026-09-30,SHORT,SHORT,False,2026-09-30 04:00:00,2026-09-30T01:19:07.086228Z,83495.0,83401.0,-94.0,2026-09-30 12:00:00,2026-09-30T12:00:14.759419Z,83403.0,83883.5,480.5,0.02,-48.25,-48.27,False,False
2026-09-30T16:15:59.186546+00:00,s4v3,2026-09-30,SHORT,,False,2026-09-29 16:00:00,,84185.0,,,2026-09-29 20:00:00,,83127.0,,,96.54,,,True,False
2026-09-30T16:21:02.418983+00:00,s4v3,2026-09-30,SHORT,SHORT,False,2026-09-30 04:00:00,2026-09-30T01:19:07.086228Z,83495.0,83401.0,-94.0,2026-09-30 12:00:00,2026-09-30T12:00:14.759419Z,83403.0,83883.5,480.5,0.02,-48.25,-48.27,False,False
2026-09-30T16:21:02.418983+00:00,s4v3,2026-09-30,SHORT,,False,2026-09-29 16:00:00,,84185.0,,,2026-09-29 20:00:00,,83127.0,,,96.54,,,True,False
2026-09-30T16:26:05.444797+00:00,s4v3,2026-09-30,SHORT,SHORT,False,2026-09-30 04:00:00,2026-09-30T01:19:07.086228Z,83495.0,83401.0,-94.0,2026-09-30 12:00:00,2026-09-30T12:00:14.759419Z,83403.0,83883.5,480.5,0.02,-48.25,-48.27,False,False
2026-09-30T16:26:05.444797+00:00,s4v3,2026-09-30,SHORT,,False,2026-09-29 16:00:00,,84185.0,,,2026-09-29 20:00:00,,83127.0,,,96.54,,,True,False
2026-09-30T16:31:09.480909+00:00,s4v3,2026-09-30,SHORT,SHORT,False,2026-09-30 04:00:00,2026-09-30T01:19:07.086228Z,83495.0,83401.0,-94.0,2026-09-30 12:00:00,2026-09-30T12:00:14.759419Z,83403.0,83883.5,480.5,0.02,-48.25,-48.27,False,False
2026-09-30T16:31:09.480909+00:00,s4v3,2026-09-30,SHORT,,False,2026-09-29 16:00:00,,84185.0,,,2026-09-29 20:00:00,,83127.0,,,96.54,,,True,False
2026-09-30T16:36:12.777784+00:00,s4v3,2026-09-30,SHORT,SHORT,False,2026-09-30 04:00:00,2026-09-30T01:19:07.086228Z,83495.0,83401.0,-94.0,2026-09-30 12:00:00,2026-09-30T12:00:14.759419Z,83403.0,83883.5,480.5,0.02,-48.25,-48.27,False,False
2026-09-30T16:36:12.777784+00:00,s4v3,2026-09-30,SHORT,,False,2026-09-29 16:00:00,,84185.0,,,2026-09-29 20:00:00,,83127.0,,,96.54,,,True,False
2026-09-30T16:41:16.070430+00:00,s4v3,2026-09-30,SHORT,SHORT,False,2026-09-30 04:00:00,2026-09-30T01:19:07.086228Z,83495.0,83401.0,-94.0,2026-09-30 12:00:00,2026-09-30T12:00:14.759419Z,83403.0,83883.5,480.5,0.02,-48.25,-48.27,False,False
2026-09-30T16:41:16.070430+00:00,s4v3,2026-09-30,SHORT,,False,2026-09-29 16:00:00,,84185.0,,,2026-09-29 20:00:00,,83127.0,,,96.54,,,True,False
2026-09-30T16:46:21.321439+00:00,s4v3,2026-09-30,SHORT,SHORT,False,2026-09-30 04:00:00,2026-09-30T01:19:07.086228Z,83495.0,83401.0,-94.0,2026-09-30 12:00:00,2026-09-30T12:00:14.759419Z,83403.0,83883.5,480.5,0.02,-48.25,-48.27,False,False
2026-09-30T16:46:21.321439+00:00,s4v3,2026-09-30,SHORT,,False,2026-09-29 16:00:00,,84185.0,,,2026-09-29 20:00:00,,83127.0,,,96.54,,,True,False
2026-09-30T16:51:24.071059+00:00,s4v3,2026-09-30,SHORT,SHORT,False,2026-09-30 04:00:00,2026-09-30T01:19:07.086228Z,83495.0,83401.0,-94.0,2026-09-30 12:00:00,2026-09-30T12:00:14.759419Z,83403.0,83883.5,480.5,0.02,-48.25,-48.27,False,False
2026-09-30T16:51:24.071059+00:00,s4v3,2026-09-30,SHORT,,False,2026-09-29 16:00:00,,84185.0,,,2026-09-29 20:00:00,,83127.0,,,96.54,,,True,False
2026-09-30T16:56:25.249371+00:00,s4v3,2026-09-30,SHORT,SHORT,False,2026-09-30 04:00:00,2026-09-30T01:19:07.086228Z,83495.0,83401.0,-94.0,2026-09-30 12:00:00,2026-09-30T12:00:14.759419Z,83403.0,83883.5,480.5,0.02,-48.25,-48.27,False,False
2026-09-30T16:56:25.249371+00:00,s4v3,2026-09-30,SHORT,,False,2026-09-29 16:00:00,,84185.0,,,2026-09-29 20:00:00,,83127.0,,,96.54,,,True,False
2026-09-30T17:01:26.478035+00:00,s4v3,2026-09-30,SHORT,SHORT,False,2026-09-30 04:00:00,2026-09-30T01:19:07.086228Z,83495.0,83401.0,-94.0,2026-09-30 12:00:00,2026-09-30T12:00:14.759419Z,83403.0,83883.5,480.5,0.02,-48.25,-48.27,False,False
2026-09-30T17:01:26.478035+00:00,s4v3,2026-09-30,SHORT,,False,2026-09-29 16:00:00,,84185.0,,,2026-09-29 20:00:00,,83127.0,,,96.54,,,True,False
2026-09-30T17:06:29.476522+00:00,s4v3,2026-09-30,SHORT,SHORT,False,2026-09-30 04:00:00,2026-09-30T01:19:07.086228Z,83495.0,83401.0,-94.0,2026-09-30 12:00:00,2026-09-30T12:00:14.759419Z,83403.0,83883.5,480.5,0.02,-48.25,-48.27,False,False
2026-09-30T17:06:29.476522+00:00,s4v3,2026-09-30,SHORT,,False,2026-09-29 16:00:00,,84185.0,,,2026-09-29 20:00:00,,83127.0,,,96.54,,,True,False
2026-09-30T17:11:32.749765+00:00,s4v3,2026-09-30,SHORT,SHORT,False,2026-09-30 04:00:00,2026-09-30T01:19:07.086228Z,83495.0,83401.0,-94.0,2026-09-30 12:00:00,2026-09-30T12:00:14.759419Z,83403.0,83883.5,480.5,0.02,-48.25,-48.27,False,False
2026-09-30T17:11:32.749765+00:00,s4v3,2026-09-30,SHORT,,False,2026-09-29 16:00:00,,84185.0,,,2026-09-29 20:00:00,,83127.0,,,96.54,,,True,False
2026-09-30T17:16:36.050055+00:00,s4v3,2026-09-30,SHORT,SHORT,False,2026-09-30 04:00:00,2026-09-30T01:19:07.086228Z,83495.0,83401.0,-94.0,2026-09-30 12:00:00,2026-09-30T12:00:14.759419Z,83403.0,83883.5,480.5,0.02,-48.25,-48.27,False,False
2026-09-30T17:16:36.050055+00:00,s4v3,2026-09-30,SHORT,,False,2026-09-29 16:00:00,,84185.0,,,2026-09-29 20:00:00,,83127.0,,,96.54,,,True,False
2026-09-30T17:21:39.043731+00:00,s4v3,2026-09-30,SHORT,SHORT,False,2026-09-30 04:00:00,2026-09-30T01:19:07.086228Z,83495.0,83401.0,-94.0,2026-09-30 12:00:00,2026-09-30T12:00:14.759419Z,83403.0,83883.5,480.5,0.02,-48.25,-48.27,False,False
2026-09-30T17:21:39.043731+00:00,s4v3,2026-09-30,SHORT,,False,2026-09-29 16:00:00,,84185.0,,,2026-09-29 20:00:00,,83127.0,,,96.54,,,True,False
2026-09-30T17:26:42.829576+00:00,s4v3,2026-09-30,SHORT,SHORT,False,2026-09-30 04:00:00,2026-09-30T01:19:07.086228Z,83495.0,83401.0,-94.0,2026-09-30 12:00:00,2026-09-30T12:00:14.759419Z,83403.0,83883.5,480.5,0.02,-48.25,-48.27,False,False
2026-09-30T17:26:42.829576+00:00,s4v3,2026-09-30,SHORT,,False,2026-09-29 16:00:00,,84185.0,,,2026-09-29 20:00:00,,83127.0,,,96.54,,,True,False
2026-09-30T17:31:46.318893+00:00,s4v3,2026-09-30,SHORT,SHORT,False,2026-09-30 04:00:00,2026-09-30T01:19:07.086228Z,83495.0,83401.0,-94.0,2026-09-30 12:00:00,2026-09-30T12:00:14.759419Z,83403.0,83883.5,480.5,0.02,-48.25,-48.27,False,False
2026-09-30T17:31:46.318893+00:00,s4v3,2026-09-30,SHORT,,False,2026-09-29 16:00:00,,84185.0,,,2026-09-29 20:00:00,,83127.0,,,96.54,,,True,False
2026-09-30T17:36:49.112336+00:00,s4v3,2026-09-30,SHORT,SHORT,False,2026-09-30 04:00:00,2026-09-30T01:19:07.086228Z,83495.0,83401.0,-94.0,2026-09-30 12:00:00,2026-09-30T12:00:14.759419Z,83403.0,83883.5,480.5,0.02,-48.25,-48.27,False,False
2026-09-30T17:36:49.112336+00:00,s4v3,2026-09-30,SHORT,,False,2026-09-29 16:00:00,,84185.0,,,2026-09-29 20:00:00,,83127.0,,,96.54,,,True,False
2026-09-30T17:41:50.743951+00:00,s4v3,2026-09-30,SHORT,SHORT,False,2026-09-30 04:00:00,2026-09-30T01:19:07.086228Z,83495.0,83401.0,-94.0,2026-09-30 12:00:00,2026-09-30T12:00:14.759419Z,83403.0,83883.5,480.5,0.02,-48.25,-48.27,False,False
2026-09-30T17:41:50.743951+00:00,s4v3,2026-09-30,SHORT,,False,2026-09-29 16:00:00,,84185.0,,,2026-09-29 20:00:00,,83127.0,,,96.54,,,True,False
2026-09-30T17:46:53.349658+00:00,s4v3,2026-09-30,SHORT,SHORT,False,2026-09-30 04:00:00,2026-09-30T01:19:07.086228Z,83495.0,83401.0,-94.0,2026-09-30 12:00:00,2026-09-30T12:00:14.759419Z,83403.0,83883.5,480.5,0.02,-48.25,-48.27,False,False
2026-09-30T17:46:53.349658+00:00,s4v3,2026-09-30,SHORT,,False,2026-09-29 16:00:00,,84185.0,,,2026-09-29 20:00:00,,83127.0,,,96.54,,,True,False
2026-09-30T17:51:56.369051+00:00,s4v3,2026-09-30,SHORT,SHORT,False,2026-09-30 04:00:00,2026-09-30T01:19:07.086228Z,83495.0,83401.0,-94.0,2026-09-30 12:00:00,2026-09-30T12:00:14.759419Z,83403.0,83883.5,480.5,0.02,-48.25,-48.27,False,False
2026-09-30T17:51:56.369051+00:00,s4v3,2026-09-30,SHORT,,False,2026-09-29 16:00:00,,84185.0,,,2026-09-29 20:00:00,,83127.0,,,96.54,,,True,False
2026-09-30T17:56:58.125138+00:00,s4v3,2026-09-30,SHORT,SHORT,False,2026-09-30 04:00:00,2026-09-30T01:19:07.086228Z,83495.0,83401.0,-94.0,2026-09-30 12:00:00,2026-09-30T12:00:14.759419Z,83403.0,83883.5,480.5,0.02,-48.25,-48.27,False,False
2026-09-30T17:56:58.125138+00:00,s4v3,2026-09-30,SHORT,,False,2026-09-29 16:00:00,,84185.0,,,2026-09-29 20:00:00,,83127.0,,,96.54,,,True,False
2026-09-30T18:02:01.180743+00:00,s4v3,2026-09-30,SHORT,SHORT,False,2026-09-30 04:00:00,2026-09-30T01:19:07.086228Z,83495.0,83401.0,-94.0,2026-09-30 12:00:00,2026-09-30T12:00:14.759419Z,83403.0,83883.5,480.5,0.02,-48.25,-48.27,False,False
2026-09-30T18:02:01.180743+00:00,s4v3,2026-09-30,SHORT,,False,2026-09-29 16:00:00,,84185.0,,,2026-09-29 20:00:00,,83127.0,,,96.54,,,True,False
2026-09-30T18:07:05.172234+00:00,s4v3,2026-09-30,SHORT,SHORT,False,2026-09-30 04:00:00,2026-09-30T01:19:07.086228Z,83495.0,83401.0,-94.0,2026-09-30 12:00:00,2026-09-30T12:00:14.759419Z,83403.0,83883.5,480.5,0.02,-48.25,-48.27,False,False
2026-09-30T18:07:05.172234+00:00,s4v3,2026-09-30,SHORT,,False,2026-09-29 16:00:00,,84185.0,,,2026-09-29 20:00:00,,83127.0,,,96.54,,,True,False
2026-09-30T18:12:08.444900+00:00,s4v3,2026-09-30,SHORT,SHORT,False,2026-09-30 04:00:00,2026-09-30T01:19:07.086228Z,83495.0,83401.0,-94.0,2026-09-30 12:00:00,2026-09-30T12:00:14.759419Z,83403.0,83883.5,480.5,0.02,-48.25,-48.27,False,False
2026-09-30T18:12:08.444900+00:00,s4v3,2026-09-30,SHORT,,False,2026-09-29 16:00:00,,84185.0,,,2026-09-29 20:00:00,,83127.0,,,96.54,,,True,False
2026-09-30T18:17:11.804241+00:00,s4v3,2026-09-30,SHORT,SHORT,False,2026-09-30 04:00:00,2026-09-30T01:19:07.086228Z,83495.0,83401.0,-94.0,2026-09-30 12:00:00,2026-09-30T12:00:14.759419Z,83403.0,83883.5,480.5,0.02,-48.25,-48.27,False,False
2026-09-30T18:17:11.804241+00:00,s4v3,2026-09-30,SHORT,,False,2026-09-29 16:00:00,,84185.0,,,2026-09-29 20:00:00,,83127.0,,,96.54,,,True,False
2026-09-30T18:22:15.014178+00:00,s4v3,2026-09-30,SHORT,SHORT,False,2026-09-30 04:00:00,2026-09-30T01:19:07.086228Z,83495.0,83401.0,-94.0,2026-09-30 12:00:00,2026-09-30T12:00:14.759419Z,83403.0,83883.5,480.5,0.02,-48.25,-48.27,False,False
2026-09-30T18:22:15.014178+00:00,s4v3,2026-09-30,SHORT,,False,2026-09-29 16:00:00,,84185.0,,,2026-09-29 20:00:00,,83127.0,,,96.54,,,True,False
2026-09-30T18:27:17.998800+00:00,s4v3,2026-09-30,SHORT,SHORT,False,2026-09-30 04:00:00,2026-09-30T01:19:07.086228Z,83495.0,83401.0,-94.0,2026-09-30 12:00:00,2026-09-30T12:00:14.759419Z,83403.0,83883.5,480.5,0.02,-48.25,-48.27,False,False
2026-09-30T18:27:17.998800+00:00,s4v3,2026-09-30,SHORT,,False,2026-09-29 16:00:00,,84185.0,,,2026-09-29 20:00:00,,83127.0,,,96.54,,,True,False
2026-09-30T18:32:21.021915+00:00,s4v3,2026-09-30,SHORT,SHORT,False,2026-09-30 04:00:00,2026-09-30T01:19:07.086228Z,83495.0,83401.0,-94.0,2026-09-30 12:00:00,2026-09-30T12:00:14.759419Z,83403.0,83883.5,480.5,0.02,-48.25,-48.27,False,False
2026-09-30T18:32:21.021915+00:00,s4v3,2026-09-30,SHORT,,False,2026-09-29 16:00:00,,84185.0,,,2026-09-29 20:00:00,,83127.0,,,96.54,,,True,False
2026-09-30T18:37:23.350792+00:00,s4v3,2026-09-30,SHORT,SHORT,False,2026-09-30 04:00:00,2026-09-30T01:19:07.086228Z,83495.0,83401.0,-94.0,2026-09-30 12:00:00,2026-09-30T12:00:14.759419Z,83403.0,83883.5,480.5,0.02,-48.25,-48.27,False,False
2026-09-30T18:37:23.350792+00:00,s4v3,2026-09-30,SHORT,,False,2026-09-29 16:00:00,,84185.0,,,2026-09-29 20:00:00,,83127.0,,,96.54,,,True,False
2026-09-30T18:42:26.321003+00:00,s4v3,2026-09-30,SHORT,SHORT,False,2026-09-30 04:00:00,2026-09-30T01:19:07.086228Z,83495.0,83401.0,-94.0,2026-09-30 12:00:00,2026-09-30T12:00:14.759419Z,83403.0,83883.5,480.5,0.02,-48.25,-48.27,False,False
2026-09-30T18:42:26.321003+00:00,s4v3,2026-09-30,SHORT,,False,2026-09-29 16:00:00,,84185.0,,,2026-09-29 20:00:00,,83127.0,,,96.54,,,True,False
2026-09-30T18:47:27.758547+00:00,s4v3,2026-09-30,SHORT,SHORT,False,2026-09-30 04:00:00,2026-09-30T01:19:07.086228Z,83495.0,83401.0,-94.0,2026-09-30 12:00:00,2026-09-30T12:00:14.759419Z,83403.0,83883.5,480.5,0.02,-48.25,-48.27,False,False
2026-09-30T18:47:27.758547+00:00,s4v3,2026-09-30,SHORT,,False,2026-09-29 16:00:00,,84185.0,,,2026-09-29 20:00:00,,83127.0,,,96.54,,,True,False
2026-09-30T18:52:30.195245+00:00,s4v3,2026-09-30,SHORT,SHORT,False,2026-09-30 04:00:00,2026-09-30T01:19:07.086228Z,83495.0,83401.0,-94.0,2026-09-30 12:00:00,2026-09-30T12:00:14.759419Z,83403.0,83883.5,480.5,0.02,-48.25,-48.27,False,False
2026-09-30T18:52:30.195245+00:00,s4v3,2026-09-30,SHORT,,False,2026-09-29 16:00:00,,84185.0,,,2026-09-29 20:00:00,,83127.0,,,96.54,,,True,False
2026-09-30T18:57:32.948293+00:00,s4v3,2026-09-30,SHORT,SHORT,False,2026-09-30 04:00:00,2026-09-30T01:19:07.086228Z,83495.0,83401.0,-94.0,2026-09-30 12:00:00,2026-09-30T12:00:14.759419Z,83403.0,83883.5,480.5,0.02,-48.25,-48.27,False,False
2026-09-30T18:57:32.948293+00:00,s4v3,2026-09-30,SHORT,,False,2026-09-29 16:00:00,,84185.0,,,2026-09-29 20:00:00,,83127.0,,,96.54,,,True,False
2026-09-30T19:02:34.174428+00:00,s4v3,2026-09-30,SHORT,SHORT,False,2026-09-30 04:00:00,2026-09-30T01:19:07.086228Z,83495.0,83401.0,-94.0,2026-09-30 12:00:00,2026-09-30T12:00:14.759419Z,83403.0,83883.5,480.5,0.02,-48.25,-48.27,False,False
2026-09-30T19:02:34.174428+00:00,s4v3,2026-09-30,SHORT,,False,2026-09-29 16:00:00,,84185.0,,,2026-09-29 20:00:00,,83127.0,,,96.54,,,True,False
2026-09-30T19:07:35.617598+00:00,s4v3,2026-09-30,SHORT,SHORT,False,2026-09-30 04:00:00,2026-09-30T01:19:07.086228Z,83495.0,83401.0,-94.0,2026-09-30 12:00:00,2026-09-30T12:00:14.759419Z,83403.0,83883.5,480.5,0.02,-48.25,-48.27,False,False
2026-09-30T19:07:35.617598+00:00,s4v3,2026-09-30,SHORT,,False,2026-09-29 16:00:00,,84185.0,,,2026-09-29 20:00:00,,83127.0,,,96.54,,,True,False
2026-09-30T19:12:38.261899+00:00,s4v3,2026-09-30,SHORT,SHORT,False,2026-09-30 04:00:00,2026-09-30T01:19:07.086228Z,83495.0,83401.0,-94.0,2026-09-30 12:00:00,2026-09-30T12:00:14.759419Z,83403.0,83883.5,480.5,0.02,-48.25,-48.27,False,False
2026-09-30T19:12:38.261899+00:00,s4v3,2026-09-30,SHORT,,False,2026-09-29 16:00:00,,84185.0,,,2026-09-29 20:00:00,,83127.0,,,96.54,,,True,False
2026-09-30T19:17:41.493684+00:00,s4v3,2026-09-30,SHORT,SHORT,False,2026-09-30 04:00:00,2026-09-30T01:19:07.086228Z,83495.0,83401.0,-94.0,2026-09-30 12:00:00,2026-09-30T12:00:14.759419Z,83403.0,83883.5,480.5,0.02,-48.25,-48.27,False,False
2026-09-30T19:17:41.493684+00:00,s4v3,2026-09-30,SHORT,,False,2026-09-29 16:00:00,,84185.0,,,2026-09-29 20:00:00,,83127.0,,,96.54,,,True,False
2026-09-30T19:22:43.148626+00:00,s4v3,2026-09-30,SHORT,SHORT,False,2026-09-30 04:00:00,2026-09-30T01:19:07.086228Z,83495.0,83401.0,-94.0,2026-09-30 12:00:00,2026-09-30T12:00:14.759419Z,83403.0,83883.5,480.5,0.02,-48.25,-48.27,False,False
2026-09-30T19:22:43.148626+00:00,s4v3,2026-09-30,SHORT,,False,2026-09-29 16:00:00,,84185.0,,,2026-09-29 20:00:00,,83127.0,,,96.54,,,True,False
2026-09-30T19:27:44.451971+00:00,s4v3,2026-09-30,SHORT,SHORT,False,2026-09-30 04:00:00,2026-09-30T01:19:07.086228Z,83495.0,83401.0,-94.0,2026-09-30 12:00:00,2026-09-30T12:00:14.759419Z,83403.0,83883.5,480.5,0.02,-48.25,-48.27,False,False
2026-09-30T19:27:44.451971+00:00,s4v3,2026-09-30,SHORT,,False,2026-09-29 16:00:00,,84185.0,,,2026-09-29 20:00:00,,83127.0,,,96.54,,,True,False
2026-09-30T19:32:45.566237+00:00,s4v3,2026-09-30,SHORT,SHORT,False,2026-09-30 04:00:00,2026-09-30T01:19:07.086228Z,83495.0,83401.0,-94.0,2026-09-30 12:00:00,2026-09-30T12:00:14.759419Z,83403.0,83883.5,480.5,0.02,-48.25,-48.27,False,False
2026-09-30T19:32:45.566237+00:00,s4v3,2026-09-30,SHORT,,False,2026-09-29 16:00:00,,84185.0,,,2026-09-29 20:00:00,,83127.0,,,96.54,,,True,False
2026-09-30T19:37:47.056711+00:00,s4v3,2026-09-30,SHORT,SHORT,False,2026-09-30 04:00:00,2026-09-30T01:19:07.086228Z,83495.0,83401.0,-94.0,2026-09-30 12:00:00,2026-09-30T12:00:14.759419Z,83403.0,83883.5,480.5,0.02,-48.25,-48.27,False,False
2026-09-30T19:37:47.056711+00:00,s4v3,2026-09-30,SHORT,,False,2026-09-29 16:00:00,,84185.0,,,2026-09-29 20:00:00,,83127.0,,,96.54,,,True,False
2026-09-30T19:42:48.448351+00:00,s4v3,2026-09-30,SHORT,SHORT,False,2026-09-30 04:00:00,2026-09-30T01:19:07.086228Z,83495.0,83401.0,-94.0,2026-09-30 12:00:00,2026-09-30T12:00:14.759419Z,83403.0,83883.5,480.5,0.02,-48.25,-48.27,False,False
2026-09-30T19:42:48.448351+00:00,s4v3,2026-09-30,SHORT,,False,2026-09-29 16:00:00,,84185.0,,,2026-09-29 20:00:00,,83127.0,,,96.54,,,True,False
2026-09-30T19:47:51.449661+00:00,s4v3,2026-09-30,SHORT,SHORT,False,2026-09-30 04:00:00,2026-09-30T01:19:07.086228Z,83495.0,83401.0,-94.0,2026-09-30 12:00:00,2026-09-30T12:00:14.759419Z,83403.0,83883.5,480.5,0.02,-48.25,-48.27,False,False
2026-09-30T19:47:51.449661+00:00,s4v3,2026-09-30,SHORT,,False,2026-09-29 16:00:00,,84185.0,,,2026-09-29 20:00:00,,83127.0,,,96.54,,,True,False
2026-09-30T19:52:54.230223+00:00,s4v3,2026-09-30,SHORT,SHORT,False,2026-09-30 04:00:00,2026-09-30T01:19:07.086228Z,83495.0,83401.0,-94.0,2026-09-30 12:00:00,2026-09-30T12:00:14.759419Z,83403.0,83883.5,480.5,0.02,-48.25,-48.27,False,False
2026-09-30T19:52:54.230223+00:00,s4v3,2026-09-30,SHORT,,False,2026-09-29 16:00:00,,84185.0,,,2026-09-29 20:00:00,,83127.0,,,96.54,,,True,False
2026-09-30T19:57:56.094979+00:00,s4v3,2026-09-30,SHORT,SHORT,False,2026-09-30 04:00:00,2026-09-30T01:19:07.086228Z,83495.0,83401.0,-94.0,2026-09-30 12:00:00,2026-09-30T12:00:14.759419Z,83403.0,83883.5,480.5,0.02,-48.25,-48.27,False,False
2026-09-30T19:57:56.094979+00:00,s4v3,2026-09-30,SHORT,,False,2026-09-29 16:00:00,,84185.0,,,2026-09-29 20:00:00,,83127.0,,,96.54,,,True,False
2026-09-30T20:02:59.899089+00:00,s4v3,2026-09-30,SHORT,SHORT,False,2026-09-30 04:00:00,2026-09-30T01:19:07.086228Z,83495.0,83401.0,-94.0,2026-09-30 12:00:00,2026-09-30T12:00:14.759419Z,83403.0,83883.5,480.5,0.02,-48.25,-48.27,False,False
2026-09-30T20:02:59.899089+00:00,s4v3,2026-09-30,SHORT,,False,2026-09-29 16:00:00,,84185.0,,,2026-09-29 20:00:00,,83127.0,,,96.54,,,True,False
2026-09-30T20:08:03.217967+00:00,s4v3,2026-09-30,SHORT,SHORT,False,2026-09-30 04:00:00,2026-09-30T01:19:07.086228Z,83495.0,83401.0,-94.0,2026-09-30 12:00:00,2026-09-30T12:00:14.759419Z,83403.0,83883.5,480.5,0.02,-48.25,-48.27,False,False
2026-09-30T20:08:03.217967+00:00,s4v3,2026-09-30,SHORT,,False,2026-09-29 16:00:00,,84185.0,,,2026-09-29 20:00:00,,83127.0,,,96.54,,,True,False
2026-09-30T20:13:04.711736+00:00,s4v3,2026-09-30,SHORT,SHORT,False,2026-09-30 04:00:00,2026-09-30T01:19:07.086228Z,83495.0,83401.0,-94.0,2026-09-30 12:00:00,2026-09-30T12:00:14.759419Z,83403.0,83883.5,480.5,0.02,-48.25,-48.27,False,False
2026-09-30T20:13:04.711736+00:00,s4v3,2026-09-30,SHORT,,False,2026-09-29 16:00:00,,84185.0,,,2026-09-29 20:00:00,,83127.0,,,96.54,,,True,False
2026-09-30T20:18:06.039566+00:00,s4v3,2026-09-30,SHORT,SHORT,False,2026-09-30 04:00:00,2026-09-30T01:19:07.086228Z,83495.0,83401.0,-94.0,2026-09-30 12:00:00,2026-09-30T12:00:14.759419Z,83403.0,83883.5,480.5,0.02,-48.25,-48.27,False,False
2026-09-30T20:18:06.039566+00:00,s4v3,2026-09-30,SHORT,,False,2026-09-29 16:00:00,,84185.0,,,2026-09-29 20:00:00,,83127.0,,,96.54,,,True,False
2026-09-30T20:23:07.412201+00:00,s4v3,2026-09-30,SHORT,SHORT,False,2026-09-30 04:00:00,2026-09-30T01:19:07.086228Z,83495.0,83401.0,-94.0,2026-09-30 12:00:00,2026-09-30T12:00:14.759419Z,83403.0,83883.5,480.5,0.02,-48.25,-48.27,False,False
2026-09-30T20:23:07.412201+00:00,s4v3,2026-09-30,SHORT,,False,2026-09-29 16:00:00,,84185.0,,,2026-09-29 20:00:00,,83127.0,,,96.54,,,True,False
2026-09-30T20:28:10.347573+00:00,s4v3,2026-09-30,SHORT,SHORT,False,2026-09-30 04:00:00,2026-09-30T01:19:07.086228Z,83495.0,83401.0,-94.0,2026-09-30 12:00:00,2026-09-30T12:00:14.759419Z,83403.0,83883.5,480.5,0.02,-48.25,-48.27,False,False
2026-09-30T20:28:10.347573+00:00,s4v3,2026-09-30,SHORT,,False,2026-09-29 16:00:00,,84185.0,,,2026-09-29 20:00:00,,83127.0,,,96.54,,,True,False
2026-09-30T20:33:15.199605+00:00,s4v3,2026-09-30,SHORT,SHORT,False,2026-09-30 04:00:00,2026-09-30T01:19:07.086228Z,83495.0,83401.0,-94.0,2026-09-30 12:00:00,2026-09-30T12:00:14.759419Z,83403.0,83883.5,480.5,0.02,-48.25,-48.27,False,False
2026-09-30T20:33:15.199605+00:00,s4v3,2026-09-30,SHORT,,False,2026-09-29 16:00:00,,84185.0,,,2026-09-29 20:00:00,,83127.0,,,96.54,,,True,False
2026-09-30T20:38:22.417030+00:00,s4v3,2026-09-30,SHORT,SHORT,False,2026-09-30 04:00:00,2026-09-30T01:19:07.086228Z,83495.0,83401.0,-94.0,2026-09-30 12:00:00,2026-09-30T12:00:14.759419Z,83403.0,83883.5,480.5,-19.98,-48.25,-28.27,False,False
2026-09-30T20:38:22.417030+00:00,s4v3,2026-09-30,SHORT,,False,2026-09-29 16:00:00,,84185.0,,,2026-09-29 20:00:00,,83127.0,,,76.54,,,True,False
2026-09-30T20:43:26.053761+00:00,s4v3,2026-09-30,SHORT,SHORT,False,2026-09-30 04:00:00,2026-09-30T01:19:07.086228Z,83495.0,83401.0,-94.0,2026-09-30 12:00:00,2026-09-30T12:00:14.759419Z,83403.0,83883.5,480.5,-9.98,-48.25,-38.27,False,False
2026-09-30T20:43:26.053761+00:00,s4v3,2026-09-30,SHORT,,False,2026-09-29 16:00:00,,84185.0,,,2026-09-29 20:00:00,,83127.0,,,86.54,,,True,False
2026-09-30T20:48:28.779124+00:00,s4v3,2026-09-30,SHORT,SHORT,False,2026-09-30 04:00:00,2026-09-30T01:19:07.086228Z,83495.0,83401.0,-94.0,2026-09-30 12:00:00,2026-09-30T12:00:14.759419Z,83403.0,83883.5,480.5,-9.98,-48.25,-38.27,False,False
2026-09-30T20:48:28.779124+00:00,s4v3,2026-09-30,SHORT,,False,2026-09-29 16:00:00,,84185.0,,,2026-09-29 20:00:00,,83127.0,,,86.54,,,True,False
2026-09-30T20:53:31.741713+00:00,s4v3,2026-09-30,SHORT,SHORT,False,2026-09-30 04:00:00,2026-09-30T01:19:07.086228Z,83495.0,83401.0,-94.0,2026-09-30 12:00:00,2026-09-30T12:00:14.759419Z,83403.0,83883.5,480.5,-39.98,-48.25,-8.27,False,False
2026-09-30T20:53:31.741713+00:00,s4v3,2026-09-30,SHORT,,False,2026-09-29 16:00:00,,84185.0,,,2026-09-29 20:00:00,,83127.0,,,56.54,,,True,False
2026-09-30T20:58:34.854495+00:00,s4v3,2026-09-30,SHORT,SHORT,False,2026-09-30 04:00:00,2026-09-30T01:19:07.086228Z,83495.0,83401.0,-94.0,2026-09-30 12:00:00,2026-09-30T12:00:14.759419Z,83403.0,83883.5,480.5,-9.98,-48.25,-38.27,False,False
2026-09-30T20:58:34.854495+00:00,s4v3,2026-09-30,SHORT,,False,2026-09-29 16:00:00,,84185.0,,,2026-09-29 20:00:00,,83127.0,,,86.54,,,True,False
2026-09-30T21:03:37.747191+00:00,s4v3,2026-09-30,SHORT,SHORT,False,2026-09-30 04:00:00,2026-09-30T01:19:07.086228Z,83495.0,83401.0,-94.0,2026-09-30 12:00:00,2026-09-30T12:00:14.759419Z,83403.0,83883.5,480.5,-9.98,-48.25,-38.27,False,False
2026-09-30T21:03:37.747191+00:00,s4v3,2026-09-30,SHORT,,False,2026-09-29 16:00:00,,84185.0,,,2026-09-29 20:00:00,,83127.0,,,86.54,,,True,False
2026-09-30T21:08:40.163651+00:00,s4v3,2026-09-30,SHORT,SHORT,False,2026-09-30 04:00:00,2026-09-30T01:19:07.086228Z,83495.0,83401.0,-94.0,2026-09-30 12:00:00,2026-09-30T12:00:14.759419Z,83403.0,83883.5,480.5,-9.98,-48.25,-38.27,False,False
2026-09-30T21:08:40.163651+00:00,s4v3,2026-09-30,SHORT,,False,2026-09-29 16:00:00,,84185.0,,,2026-09-29 20:00:00,,83127.0,,,86.54,,,True,False
2026-09-30T21:13:45.830585+00:00,s4v3,2026-09-30,SHORT,SHORT,False,2026-09-30 04:00:00,2026-09-30T01:19:07.086228Z,83495.0,83401.0,-94.0,2026-09-30 12:00:00,2026-09-30T12:00:14.759419Z,83403.0,83883.5,480.5,-9.98,-48.25,-38.27,False,False
2026-09-30T21:13:45.830585+00:00,s4v3,2026-09-30,SHORT,,False,2026-09-29 16:00:00,,84185.0,,,2026-09-29 20:00:00,,83127.0,,,86.54,,,True,False
2026-09-30T21:18:48.274150+00:00,s4v3,2026-09-30,SHORT,SHORT,False,2026-09-30 04:00:00,2026-09-30T01:19:07.086228Z,83495.0,83401.0,-94.0,2026-09-30 12:00:00,2026-09-30T12:00:14.759419Z,83403.0,83883.5,480.5,-9.98,-48.25,-38.27,False,False
2026-09-30T21:18:48.274150+00:00,s4v3,2026-09-30,SHORT,,False,2026-09-29 16:00:00,,84185.0,,,2026-09-29 20:00:00,,83127.0,,,86.54,,,True,False
2026-09-30T21:23:55.195795+00:00,s4v3,2026-09-30,SHORT,SHORT,False,2026-09-30 04:00:00,2026-09-30T01:19:07.086228Z,83495.0,83401.0,-94.0,2026-09-30 12:00:00,2026-09-30T12:00:14.759419Z,83403.0,83883.5,480.5,-9.98,-48.25,-38.27,False,False
2026-09-30T21:23:55.195795+00:00,s4v3,2026-09-30,SHORT,,False,2026-09-29 16:00:00,,84185.0,,,2026-09-29 20:00:00,,83127.0,,,86.54,,,True,False
2026-09-30T21:28:59.386498+00:00,s4v3,2026-09-30,SHORT,SHORT,False,2026-09-30 04:00:00,2026-09-30T01:19:07.086228Z,83495.0,83401.0,-94.0,2026-09-30 12:00:00,2026-09-30T12:00:14.759419Z,83403.0,83883.5,480.5,-9.98,-48.25,-38.27,False,False
2026-09-30T21:28:59.386498+00:00,s4v3,2026-09-30,SHORT,,False,2026-09-29 16:00:00,,84185.0,,,2026-09-29 20:00:00,,83127.0,,,86.54,,,True,False
2026-09-30T21:34:02.602538+00:00,s4v3,2026-09-30,SHORT,SHORT,False,2026-09-30 04:00:00,2026-09-30T01:19:07.086228Z,83495.0,83401.0,-94.0,2026-09-30 12:00:00,2026-09-30T12:00:14.759419Z,83403.0,83883.5,480.5,-9.98,-48.25,-38.27,False,False
2026-09-30T21:34:02.602538+00:00,s4v3,2026-09-30,SHORT,,False,2026-09-29 16:00:00,,84185.0,,,2026-09-29 20:00:00,,83127.0,,,86.54,,,True,False
2026-09-30T21:39:07.853281+00:00,s4v3,2026-09-30,SHORT,SHORT,False,2026-09-30 04:00:00,2026-09-30T01:19:07.086228Z,83495.0,83401.0,-94.0,2026-09-30 12:00:00,2026-09-30T12:00:14.759419Z,83403.0,83883.5,480.5,-9.98,-48.25,-38.27,False,False
2026-09-30T21:39:07.853281+00:00,s4v3,2026-09-30,SHORT,,False,2026-09-29 16:00:00,,84185.0,,,2026-09-29 20:00:00,,83127.0,,,86.54,,,True,False
2026-09-30T21:44:10.028790+00:00,s4v3,2026-09-30,SHORT,SHORT,False,2026-09-30 04:00:00,2026-09-30T01:19:07.086228Z,83495.0,83401.0,-94.0,2026-09-30 12:00:00,2026-09-30T12:00:14.759419Z,83403.0,83883.5,480.5,-9.98,-48.25,-38.27,False,False
2026-09-30T21:44:10.028790+00:00,s4v3,2026-09-30,SHORT,,False,2026-09-29 16:00:00,,84185.0,,,2026-09-29 20:00:00,,83127.0,,,86.54,,,True,False
2026-09-30T21:49:11.093313+00:00,s4v3,2026-09-30,SHORT,SHORT,False,2026-09-30 04:00:00,2026-09-30T01:19:07.086228Z,83495.0,83401.0,-94.0,2026-09-30 12:00:00,2026-09-30T12:00:14.759419Z,83403.0,83883.5,480.5,-9.98,-48.25,-38.27,False,False
2026-09-30T21:49:11.093313+00:00,s4v3,2026-09-30,SHORT,,False,2026-09-29 16:00:00,,84185.0,,,2026-09-29 20:00:00,,83127.0,,,86.54,,,True,False
2026-09-30T21:54:13.757662+00:00,s4v3,2026-09-30,SHORT,SHORT,False,2026-09-30 04:00:00,2026-09-30T01:19:07.086228Z,83495.0,83401.0,-94.0,2026-09-30 12:00:00,2026-09-30T12:00:14.759419Z,83403.0,83883.5,480.5,-9.98,-48.25,-38.27,False,False
2026-09-30T21:54:13.757662+00:00,s4v3,2026-09-30,SHORT,,False,2026-09-29 16:00:00,,84185.0,,,2026-09-29 20:00:00,,83127.0,,,86.54,,,True,False
2026-09-30T21:59:16.247321+00:00,s4v3,2026-09-30,SHORT,SHORT,False,2026-09-30 04:00:00,2026-09-30T01:19:07.086228Z,83495.0,83401.0,-94.0,2026-09-30 12:00:00,2026-09-30T12:00:14.759419Z,83403.0,83883.5,480.5,-9.98,-48.25,-38.27,False,False
2026-09-30T21:59:16.247321+00:00,s4v3,2026-09-30,SHORT,,False,2026-09-29 16:00:00,,84185.0,,,2026-09-29 20:00:00,,83127.0,,,86.54,,,True,False
2026-09-30T22:04:22.493922+00:00,s4v3,2026-09-30,SHORT,SHORT,False,2026-09-30 04:00:00,2026-09-30T01:19:07.086228Z,83495.0,83401.0,-94.0,2026-09-30 12:00:00,2026-09-30T12:00:14.759419Z,83403.0,83883.5,480.5,-9.98,-48.25,-38.27,False,False
2026-09-30T22:04:22.493922+00:00,s4v3,2026-09-30,SHORT,,False,2026-09-29 16:00:00,,84185.0,,,2026-09-29 20:00:00,,83127.0,,,86.54,,,True,False
2026-09-30T22:09:24.034293+00:00,s4v3,2026-09-30,SHORT,SHORT,False,2026-09-30 04:00:00,2026-09-30T01:19:07.086228Z,83495.0,83401.0,-94.0,2026-09-30 12:00:00,2026-09-30T12:00:14.759419Z,83403.0,83883.5,480.5,-9.98,-48.25,-38.27,False,False
2026-09-30T22:09:24.034293+00:00,s4v3,2026-09-30,SHORT,,False,2026-09-29 16:00:00,,84185.0,,,2026-09-29 20:00:00,,83127.0,,,86.54,,,True,False
2026-09-30T22:14:31.376179+00:00,s4v3,2026-09-30,SHORT,SHORT,False,2026-09-30 04:00:00,2026-09-30T01:19:07.086228Z,83495.0,83401.0,-94.0,2026-09-30 12:00:00,2026-09-30T12:00:14.759419Z,83403.0,83883.5,480.5,-9.98,-48.25,-38.27,False,False
2026-09-30T22:14:31.376179+00:00,s4v3,2026-09-30,SHORT,,False,2026-09-29 16:00:00,,84185.0,,,2026-09-29 20:00:00,,83127.0,,,86.54,,,True,False
2026-09-30T22:19:33.336757+00:00,s4v3,2026-09-30,SHORT,SHORT,False,2026-09-30 04:00:00,2026-09-30T01:19:07.086228Z,83495.0,83401.0,-94.0,2026-09-30 12:00:00,2026-09-30T12:00:14.759419Z,83403.0,83883.5,480.5,-9.98,-48.25,-38.27,False,False
2026-09-30T22:19:33.336757+00:00,s4v3,2026-09-30,SHORT,,False,2026-09-29 16:00:00,,84185.0,,,2026-09-29 20:00:00,,83127.0,,,86.54,,,True,False
2026-09-30T22:24:34.604168+00:00,s4v3,2026-09-30,SHORT,SHORT,False,2026-09-30 04:00:00,2026-09-30T01:19:07.086228Z,83495.0,83401.0,-94.0,2026-09-30 12:00:00,2026-09-30T12:00:14.759419Z,83403.0,83883.5,480.5,-9.98,-48.25,-38.27,False,False
2026-09-30T22:24:34.604168+00:00,s4v3,2026-09-30,SHORT,,False,2026-09-29 16:00:00,,84185.0,,,2026-09-29 20:00:00,,83127.0,,,86.54,,,True,False
2026-09-30T22:29:37.296773+00:00,s4v3,2026-09-30,SHORT,SHORT,False,2026-09-30 04:00:00,2026-09-30T01:19:07.086228Z,83495.0,83401.0,-94.0,2026-09-30 12:00:00,2026-09-30T12:00:14.759419Z,83403.0,83883.5,480.5,-9.98,-48.25,-38.27,False,False
2026-09-30T22:29:37.296773+00:00,s4v3,2026-09-30,SHORT,,False,2026-09-29 16:00:00,,84185.0,,,2026-09-29 20:00:00,,83127.0,,,86.54,,,True,False
2026-09-30T22:34:38.748987+00:00,s4v3,2026-09-30,SHORT,SHORT,False,2026-09-30 04:00:00,2026-09-30T01:19:07.086228Z,83495.0,83401.0,-94.0,2026-09-30 12:00:00,2026-09-30T12:00:14.759419Z,83403.0,83883.5,480.5,-9.98,-48.25,-38.27,False,False
2026-09-30T22:34:38.748987+00:00,s4v3,2026-09-30,SHORT,,False,2026-09-29 16:00:00,,84185.0,,,2026-09-29 20:00:00,,83127.0,,,86.54,,,True,False
2026-09-30T22:39:39.908139+00:00,s4v3,2026-09-30,SHORT,SHORT,False,2026-09-30 04:00:00,2026-09-30T01:19:07.086228Z,83495.0,83401.0,-94.0,2026-09-30 12:00:00,2026-09-30T12:00:14.759419Z,83403.0,83883.5,480.5,-9.98,-48.25,-38.27,False,False
2026-09-30T22:39:39.908139+00:00,s4v3,2026-09-30,SHORT,,False,2026-09-29 16:00:00,,84185.0,,,2026-09-29 20:00:00,,83127.0,,,86.54,,,True,False
2026-09-30T22:44:41.916728+00:00,s4v3,2026-09-30,SHORT,SHORT,False,2026-09-30 04:00:00,2026-09-30T01:19:07.086228Z,83495.0,83401.0,-94.0,2026-09-30 12:00:00,2026-09-30T12:00:14.759419Z,83403.0,83883.5,480.5,-9.98,-48.25,-38.27,False,False
2026-09-30T22:44:41.916728+00:00,s4v3,2026-09-30,SHORT,,False,2026-09-29 16:00:00,,84185.0,,,2026-09-29 20:00:00,,83127.0,,,86.54,,,True,False
2026-09-30T22:49:44.571389+00:00,s4v3,2026-09-30,SHORT,SHORT,False,2026-09-30 04:00:00,2026-09-30T01:19:07.086228Z,83495.0,83401.0,-94.0,2026-09-30 12:00:00,2026-09-30T12:00:14.759419Z,83403.0,83883.5,480.5,-9.98,-48.25,-38.27,False,False
2026-09-30T22:49:44.571389+00:00,s4v3,2026-09-30,SHORT,,False,2026-09-29 16:00:00,,84185.0,,,2026-09-29 20:00:00,,83127.0,,,86.54,,,True,False
2026-09-30T22:54:47.858963+00:00,s4v3,2026-09-30,SHORT,SHORT,False,2026-09-30 04:00:00,2026-09-30T01:19:07.086228Z,83495.0,83401.0,-94.0,2026-09-30 12:00:00,2026-09-30T12:00:14.759419Z,83403.0,83883.5,480.5,-9.98,-48.25,-38.27,False,False
2026-09-30T22:54:47.858963+00:00,s4v3,2026-09-30,SHORT,,False,2026-09-29 16:00:00,,84185.0,,,2026-09-29 20:00:00,,83127.0,,,86.54,,,True,False
2026-09-30T22:59:50.118256+00:00,s4v3,2026-09-30,SHORT,SHORT,False,2026-09-30 04:00:00,2026-09-30T01:19:07.086228Z,83495.0,83401.0,-94.0,2026-09-30 12:00:00,2026-09-30T12:00:14.759419Z,83403.0,83883.5,480.5,-9.98,-48.25,-38.27,False,False
2026-09-30T22:59:50.118256+00:00,s4v3,2026-09-30,SHORT,,False,2026-09-29 16:00:00,,84185.0,,,2026-09-29 20:00:00,,83127.0,,,86.54,,,True,False
2026-09-30T23:04:51.458503+00:00,s4v3,2026-09-30,SHORT,SHORT,False,2026-09-30 04:00:00,2026-09-30T01:19:07.086228Z,83495.0,83401.0,-94.0,2026-09-30 12:00:00,2026-09-30T12:00:14.759419Z,83403.0,83883.5,480.5,-9.98,-48.25,-38.27,False,False
2026-09-30T23:04:51.458503+00:00,s4v3,2026-09-30,SHORT,,False,2026-09-29 16:00:00,,84185.0,,,2026-09-29 20:00:00,,83127.0,,,86.54,,,True,False
2026-09-30T23:09:52.500558+00:00,s4v3,2026-09-30,SHORT,SHORT,False,2026-09-30 04:00:00,2026-09-30T01:19:07.086228Z,83495.0,83401.0,-94.0,2026-09-30 12:00:00,2026-09-30T12:00:14.759419Z,83403.0,83883.5,480.5,-9.98,-48.25,-38.27,False,False
2026-09-30T23:09:52.500558+00:00,s4v3,2026-09-30,SHORT,,False,2026-09-29 16:00:00,,84185.0,,,2026-09-29 20:00:00,,83127.0,,,86.54,,,True,False
2026-09-30T23:14:53.688008+00:00,s4v3,2026-09-30,SHORT,SHORT,False,2026-09-30 04:00:00,2026-09-30T01:19:07.086228Z,83495.0,83401.0,-94.0,2026-09-30 12:00:00,2026-09-30T12:00:14.759419Z,83403.0,83883.5,480.5,-9.98,-48.25,-38.27,False,False
2026-09-30T23:14:53.688008+00:00,s4v3,2026-09-30,SHORT,,False,2026-09-29 16:00:00,,84185.0,,,2026-09-29 20:00:00,,83127.0,,,86.54,,,True,False
2026-09-30T23:19:54.759818+00:00,s4v3,2026-09-30,SHORT,SHORT,False,2026-09-30 04:00:00,2026-09-30T01:19:07.086228Z,83495.0,83401.0,-94.0,2026-09-30 12:00:00,2026-09-30T12:00:14.759419Z,83403.0,83883.5,480.5,-9.98,-48.25,-38.27,False,False
2026-09-30T23:19:54.759818+00:00,s4v3,2026-09-30,SHORT,,False,2026-09-29 16:00:00,,84185.0,,,2026-09-29 20:00:00,,83127.0,,,86.54,,,True,False
2026-09-30T23:24:59.640026+00:00,s4v3,2026-09-30,SHORT,SHORT,False,2026-09-30 04:00:00,2026-09-30T01:19:07.086228Z,83495.0,83401.0,-94.0,2026-09-30 12:00:00,2026-09-30T12:00:14.759419Z,83403.0,83883.5,480.5,-9.98,-48.25,-38.27,False,False
2026-09-30T23:24:59.640026+00:00,s4v3,2026-09-30,SHORT,,False,2026-09-29 16:00:00,,84185.0,,,2026-09-29 20:00:00,,83127.0,,,86.54,,,True,False
2026-09-30T23:30:02.783904+00:00,s4v3,2026-09-30,SHORT,SHORT,False,2026-09-30 04:00:00,2026-09-30T01:19:07.086228Z,83495.0,83401.0,-94.0,2026-09-30 12:00:00,2026-09-30T12:00:14.759419Z,83403.0,83883.5,480.5,-9.98,-48.25,-38.27,False,False
2026-09-30T23:30:02.783904+00:00,s4v3,2026-09-30,SHORT,,False,2026-09-29 16:00:00,,84185.0,,,2026-09-29 20:00:00,,83127.0,,,86.54,,,True,False
2026-09-30T23:35:06.598676+00:00,s4v3,2026-09-30,SHORT,SHORT,False,2026-09-30 04:00:00,2026-09-30T01:19:07.086228Z,83495.0,83401.0,-94.0,2026-09-30 12:00:00,2026-09-30T12:00:14.759419Z,83403.0,83883.5,480.5,-9.98,-48.25,-38.27,False,False
2026-09-30T23:35:06.598676+00:00,s4v3,2026-09-30,SHORT,,False,2026-09-29 16:00:00,,84185.0,,,2026-09-29 20:00:00,,83127.0,,,86.54,,,True,False
2026-09-30T23:40:10.241318+00:00,s4v3,2026-09-30,SHORT,SHORT,False,2026-09-30 04:00:00,2026-09-30T01:19:07.086228Z,83495.0,83401.0,-94.0,2026-09-30 12:00:00,2026-09-30T12:00:14.759419Z,83403.0,83883.5,480.5,-9.98,-48.25,-38.27,False,False
2026-09-30T23:40:10.241318+00:00,s4v3,2026-09-30,SHORT,,False,2026-09-29 16:00:00,,84185.0,,,2026-09-29 20:00:00,,83127.0,,,86.54,,,True,False
2026-09-30T23:45:15.338808+00:00,s4v3,2026-09-30,SHORT,SHORT,False,2026-09-30 04:00:00,2026-09-30T01:19:07.086228Z,83495.0,83401.0,-94.0,2026-09-30 12:00:00,2026-09-30T12:00:14.759419Z,83403.0,83883.5,480.5,-9.98,-48.25,-38.27,False,False
2026-09-30T23:45:15.338808+00:00,s4v3,2026-09-30,SHORT,,False,2026-09-29 16:00:00,,84185.0,,,2026-09-29 20:00:00,,83127.0,,,86.54,,,True,False
2026-09-30T23:50:23.068711+00:00,s4v3,2026-09-30,SHORT,SHORT,False,2026-09-30 04:00:00,2026-09-30T01:19:07.086228Z,83495.0,83401.0,-94.0,2026-09-30 12:00:00,2026-09-30T12:00:14.759419Z,83403.0,83883.5,480.5,-9.98,-48.25,-38.27,False,False
2026-09-30T23:50:23.068711+00:00,s4v3,2026-09-30,SHORT,,False,2026-09-29 16:00:00,,84185.0,,,2026-09-29 20:00:00,,83127.0,,,86.54,,,True,False
2026-09-30T23:55:29.832687+00:00,s4v3,2026-09-30,SHORT,SHORT,False,2026-09-30 04:00:00,2026-09-30T01:19:07.086228Z,83495.0,83401.0,-94.0,2026-09-30 12:00:00,2026-09-30T12:00:14.759419Z,83403.0,83883.5,480.5,-9.98,-48.25,-38.27,False,False
2026-09-30T23:55:29.832687+00:00,s4v3,2026-09-30,SHORT,,False,2026-09-29 16:00:00,,84185.0,,,2026-09-29 20:00:00,,83127.0,,,86.54,,,True,False
2026-10-01T00:51:09.414895+00:00,s4v3,2026-10-01,,SHORT,False,,2026-09-30T20:00:52.957892Z,,83578.5,,,2026-10-01T00:51:02.597383Z,,83477.5,,,10.1,,False,True
2026-10-01T00:56:13.671885+00:00,s4v3,2026-10-01,,SHORT,False,,2026-09-30T20:00:52.957892Z,,83578.5,,,2026-10-01T00:51:02.597383Z,,83477.5,,,10.1,,False,True
2026-10-01T01:01:18.002062+00:00,s4v3,2026-10-01,,SHORT,False,,2026-09-30T20:00:52.957892Z,,83578.5,,,2026-10-01T00:51:02.597383Z,,83477.5,,,10.1,,False,True
2026-10-01T01:06:21.546195+00:00,s4v3,2026-10-01,,SHORT,False,,2026-09-30T20:00:52.957892Z,,83578.5,,,2026-10-01T00:51:02.597383Z,,83477.5,,,10.1,,False,True
2026-10-01T01:11:24.670122+00:00,s4v3,2026-10-01,,SHORT,False,,2026-09-30T20:00:52.957892Z,,83578.5,,,2026-10-01T00:51:02.597383Z,,83477.5,,,10.1,,False,True
2026-10-01T01:16:29.411986+00:00,s4v3,2026-10-01,,SHORT,False,,2026-09-30T20:00:52.957892Z,,83578.5,,,2026-10-01T00:51:02.597383Z,,83477.5,,,10.1,,False,True
2026-10-01T01:21:33.871747+00:00,s4v3,2026-10-01,,SHORT,False,,2026-09-30T20:00:52.957892Z,,83578.5,,,2026-10-01T00:51:02.597383Z,,83477.5,,,10.1,,False,True
2026-10-01T01:26:36.898172+00:00,s4v3,2026-10-01,SHORT,SHORT,False,2026-09-30 20:00:00,2026-09-30T20:00:52.957892Z,84001.0,83578.5,-422.5,2026-10-01 04:00:00,2026-10-01T00:51:02.597383Z,83633.0,83477.5,-155.5,17.56,10.1,-7.46,False,False
2026-10-01T01:31:40.195710+00:00,s4v3,2026-10-01,,SHORT,False,,2026-09-30T20:00:52.957892Z,,83578.5,,,2026-10-01T00:51:02.597383Z,,83477.5,,,10.1,,False,True
2026-10-01T01:36:42.720462+00:00,s4v3,2026-10-01,,SHORT,False,,2026-09-30T20:00:52.957892Z,,83578.5,,,2026-10-01T00:51:02.597383Z,,83477.5,,,10.1,,False,True
2026-10-01T01:41:46.250282+00:00,s4v3,2026-10-01,,SHORT,False,,2026-09-30T20:00:52.957892Z,,83578.5,,,2026-10-01T00:51:02.597383Z,,83477.5,,,10.1,,False,True
2026-10-01T01:46:48.043281+00:00,s4v3,2026-10-01,,SHORT,False,,2026-09-30T20:00:52.957892Z,,83578.5,,,2026-10-01T00:51:02.597383Z,,83477.5,,,10.1,,False,True
2026-10-01T01:51:51.598949+00:00,s4v3,2026-10-01,,SHORT,False,,2026-09-30T20:00:52.957892Z,,83578.5,,,2026-10-01T00:51:02.597383Z,,83477.5,,,10.1,,False,True
2026-10-01T01:56:55.312109+00:00,s4v3,2026-10-01,,SHORT,False,,2026-09-30T20:00:52.957892Z,,83578.5,,,2026-10-01T00:51:02.597383Z,,83477.5,,,10.1,,False,True
2026-10-01T02:01:57.896367+00:00,s4v3,2026-10-01,,SHORT,False,,2026-09-30T20:00:52.957892Z,,83578.5,,,2026-10-01T00:51:02.597383Z,,83477.5,,,10.1,,False,True
2026-10-01T02:07:01.156783+00:00,s4v3,2026-10-01,,SHORT,False,,2026-09-30T20:00:52.957892Z,,83578.5,,,2026-10-01T00:51:02.597383Z,,83477.5,,,10.1,,False,True
2026-10-01T02:12:03.656090+00:00,s4v3,2026-10-01,,SHORT,False,,2026-09-30T20:00:52.957892Z,,83578.5,,,2026-10-01T00:51:02.597383Z,,83477.5,,,10.1,,False,True
2026-10-01T02:17:05.097291+00:00,s4v3,2026-10-01,,SHORT,False,,2026-09-30T20:00:52.957892Z,,83578.5,,,2026-10-01T00:51:02.597383Z,,83477.5,,,10.1,,False,True
2026-10-01T02:22:07.925424+00:00,s4v3,2026-10-01,,SHORT,False,,2026-09-30T20:00:52.957892Z,,83578.5,,,2026-10-01T00:51:02.597383Z,,83477.5,,,10.1,,False,True
2026-10-01T02:27:10.744314+00:00,s4v3,2026-10-01,,SHORT,False,,2026-09-30T20:00:52.957892Z,,83578.5,,,2026-10-01T00:51:02.597383Z,,83477.5,,,10.1,,False,True
2026-10-01T02:32:13.271386+00:00,s4v3,2026-10-01,,SHORT,False,,2026-09-30T20:00:52.957892Z,,83578.5,,,2026-10-01T00:51:02.597383Z,,83477.5,,,10.1,,False,True
2026-10-01T02:37:15.046757+00:00,s4v3,2026-10-01,,SHORT,False,,2026-09-30T20:00:52.957892Z,,83578.5,,,2026-10-01T00:51:02.597383Z,,83477.5,,,10.1,,False,True
2026-10-01T02:42:16.071682+00:00,s4v3,2026-10-01,,SHORT,False,,2026-09-30T20:00:52.957892Z,,83578.5,,,2026-10-01T00:51:02.597383Z,,83477.5,,,10.1,,False,True
2026-10-01T02:47:17.153257+00:00,s4v3,2026-10-01,,SHORT,False,,2026-09-30T20:00:52.957892Z,,83578.5,,,2026-10-01T00:51:02.597383Z,,83477.5,,,10.1,,False,True
2026-10-01T02:52:18.251950+00:00,s4v3,2026-10-01,,SHORT,False,,2026-09-30T20:00:52.957892Z,,83578.5,,,2026-10-01T00:51:02.597383Z,,83477.5,,,10.1,,False,True
2026-10-01T02:57:21.621198+00:00,s4v3,2026-10-01,,SHORT,False,,2026-09-30T20:00:52.957892Z,,83578.5,,,2026-10-01T00:51:02.597383Z,,83477.5,,,10.1,,False,True
2026-10-01T03:02:22.763932+00:00,s4v3,2026-10-01,,SHORT,False,,2026-09-30T20:00:52.957892Z,,83578.5,,,2026-10-01T00:51:02.597383Z,,83477.5,,,10.1,,False,True
2026-10-01T03:07:26.643104+00:00,s4v3,2026-10-01,,SHORT,False,,2026-09-30T20:00:52.957892Z,,83578.5,,,2026-10-01T00:51:02.597383Z,,83477.5,,,10.1,,False,True
2026-10-01T03:12:27.710999+00:00,s4v3,2026-10-01,,SHORT,False,,2026-09-30T20:00:52.957892Z,,83578.5,,,2026-10-01T00:51:02.597383Z,,83477.5,,,10.1,,False,True
2026-10-01T03:17:30.025788+00:00,s4v3,2026-10-01,,SHORT,False,,2026-09-30T20:00:52.957892Z,,83578.5,,,2026-10-01T00:51:02.597383Z,,83477.5,,,10.1,,False,True
2026-10-01T03:22:31.397339+00:00,s4v3,2026-10-01,,SHORT,False,,2026-09-30T20:00:52.957892Z,,83578.5,,,2026-10-01T00:51:02.597383Z,,83477.5,,,10.1,,False,True
2026-10-01T03:27:34.869389+00:00,s4v3,2026-10-01,,SHORT,False,,2026-09-30T20:00:52.957892Z,,83578.5,,,2026-10-01T00:51:02.597383Z,,83477.5,,,10.1,,False,True
2026-10-01T03:32:38.100626+00:00,s4v3,2026-10-01,,SHORT,False,,2026-09-30T20:00:52.957892Z,,83578.5,,,2026-10-01T00:51:02.597383Z,,83477.5,,,10.1,,False,True
2026-10-01T03:37:39.941214+00:00,s4v3,2026-10-01,,SHORT,False,,2026-09-30T20:00:52.957892Z,,83578.5,,,2026-10-01T00:51:02.597383Z,,83477.5,,,10.1,,False,True
2026-10-01T03:42:42.388053+00:00,s4v3,2026-10-01,,SHORT,False,,2026-09-30T20:00:52.957892Z,,83578.5,,,2026-10-01T00:51:02.597383Z,,83477.5,,,10.1,,False,True
2026-10-01T03:47:46.474892+00:00,s4v3,2026-10-01,SHORT,SHORT,False,2026-09-30 20:00:00,2026-09-30T20:00:52.957892Z,84001.0,83578.5,-422.5,2026-10-01 04:00:00,2026-10-01T00:51:02.597383Z,83633.0,83477.5,-155.5,17.56,10.1,-7.46,False,False
2026-10-01T03:52:49.889898+00:00,s4v3,2026-10-01,,SHORT,False,,2026-09-30T20:00:52.957892Z,,83578.5,,,2026-10-01T00:51:02.597383Z,,83477.5,,,10.1,,False,True
2026-10-01T03:57:52.697904+00:00,s4v3,2026-10-01,SHORT,SHORT,False,2026-09-30 20:00:00,2026-09-30T20:00:52.957892Z,84001.0,83578.5,-422.5,2026-10-01 04:00:00,2026-10-01T00:51:02.597383Z,83633.0,83477.5,-155.5,17.56,10.1,-7.46,False,False
2026-10-01T04:02:58.988573+00:00,s4v3,2026-10-01,SHORT,SHORT,False,2026-09-30 20:00:00,2026-09-30T20:00:52.957892Z,84001.0,83578.5,-422.5,2026-10-01 04:00:00,2026-10-01T00:51:02.597383Z,83633.0,83477.5,-155.5,17.56,10.1,-7.46,False,False
2026-10-01T04:08:03.980257+00:00,s4v3,2026-10-01,SHORT,SHORT,False,2026-09-30 20:00:00,2026-09-30T20:00:52.957892Z,84001.0,83578.5,-422.5,2026-10-01 04:00:00,2026-10-01T00:51:02.597383Z,83633.0,83477.5,-155.5,17.56,10.1,-7.46,False,False
2026-10-01T04:13:06.114227+00:00,s4v3,2026-10-01,SHORT,SHORT,False,2026-09-30 20:00:00,2026-09-30T20:00:52.957892Z,84001.0,83578.5,-422.5,2026-10-01 04:00:00,2026-10-01T00:51:02.597383Z,83633.0,83477.5,-155.5,17.56,10.1,-7.46,False,False
2026-10-01T04:18:08.005353+00:00,s4v3,2026-10-01,SHORT,SHORT,False,2026-09-30 20:00:00,2026-09-30T20:00:52.957892Z,84001.0,83578.5,-422.5,2026-10-01 04:00:00,2026-10-01T00:51:02.597383Z,83633.0,83477.5,-155.5,17.56,10.1,-7.46,False,False
2026-10-01T04:23:10.345222+00:00,s4v3,2026-10-01,SHORT,SHORT,False,2026-09-30 20:00:00,2026-09-30T20:00:52.957892Z,84001.0,83578.5,-422.5,2026-10-01 04:00:00,2026-10-01T00:51:02.597383Z,83633.0,83477.5,-155.5,17.56,10.1,-7.46,False,False
2026-10-01T04:28:11.978297+00:00,s4v3,2026-10-01,SHORT,SHORT,False,2026-09-30 20:00:00,2026-09-30T20:00:52.957892Z,84001.0,83578.5,-422.5,2026-10-01 04:00:00,2026-10-01T00:51:02.597383Z,83633.0,83477.5,-155.5,17.56,10.1,-7.46,False,False
2026-10-01T04:33:13.211092+00:00,s4v3,2026-10-01,SHORT,SHORT,False,2026-09-30 20:00:00,2026-09-30T20:00:52.957892Z,84001.0,83578.5,-422.5,2026-10-01 04:00:00,2026-10-01T00:51:02.597383Z,83633.0,83477.5,-155.5,17.56,10.1,-7.46,False,False
2026-10-01T04:38:14.439121+00:00,s4v3,2026-10-01,SHORT,SHORT,False,2026-09-30 20:00:00,2026-09-30T20:00:52.957892Z,84001.0,83578.5,-422.5,2026-10-01 04:00:00,2026-10-01T00:51:02.597383Z,83633.0,83477.5,-155.5,17.56,10.1,-7.46,False,False
2026-10-01T04:43:15.791629+00:00,s4v3,2026-10-01,SHORT,SHORT,False,2026-09-30 20:00:00,2026-09-30T20:00:52.957892Z,84001.0,83578.5,-422.5,2026-10-01 04:00:00,2026-10-01T00:51:02.597383Z,83633.0,83477.5,-155.5,17.56,10.1,-7.46,False,False
2026-10-01T04:48:18.798263+00:00,s4v3,2026-10-01,SHORT,SHORT,False,2026-09-30 20:00:00,2026-09-30T20:00:52.957892Z,84001.0,83578.5,-422.5,2026-10-01 04:00:00,2026-10-01T00:51:02.597383Z,83633.0,83477.5,-155.5,17.56,10.1,-7.46,False,False
2026-10-01T04:53:20.859330+00:00,s4v3,2026-10-01,SHORT,SHORT,False,2026-09-30 20:00:00,2026-09-30T20:00:52.957892Z,84001.0,83578.5,-422.5,2026-10-01 04:00:00,2026-10-01T00:51:02.597383Z,83633.0,83477.5,-155.5,17.56,10.1,-7.46,False,False
2026-10-01T04:58:23.081925+00:00,s4v3,2026-10-01,SHORT,SHORT,False,2026-09-30 20:00:00,2026-09-30T20:00:52.957892Z,84001.0,83578.5,-422.5,2026-10-01 04:00:00,2026-10-01T00:51:02.597383Z,83633.0,83477.5,-155.5,17.56,10.1,-7.46,False,False
2026-10-01T05:03:24.233081+00:00,s4v3,2026-10-01,SHORT,SHORT,False,2026-09-30 20:00:00,2026-09-30T20:00:52.957892Z,84001.0,83578.5,-422.5,2026-10-01 04:00:00,2026-10-01T00:51:02.597383Z,83633.0,83477.5,-155.5,17.56,10.1,-7.46,False,False
2026-10-01T05:08:25.466672+00:00,s4v3,2026-10-01,SHORT,SHORT,False,2026-09-30 20:00:00,2026-09-30T20:00:52.957892Z,84001.0,83578.5,-422.5,2026-10-01 04:00:00,2026-10-01T00:51:02.597383Z,83633.0,83477.5,-155.5,17.56,10.1,-7.46,False,False
2026-10-01T05:13:26.439232+00:00,s4v3,2026-10-01,SHORT,SHORT,False,2026-09-30 20:00:00,2026-09-30T20:00:52.957892Z,84001.0,83578.5,-422.5,2026-10-01 04:00:00,2026-10-01T00:51:02.597383Z,83633.0,83477.5,-155.5,17.56,10.1,-7.46,False,False
2026-10-01T05:18:28.440047+00:00,s4v3,2026-10-01,SHORT,SHORT,False,2026-09-30 20:00:00,2026-09-30T20:00:52.957892Z,84001.0,83578.5,-422.5,2026-10-01 04:00:00,2026-10-01T00:51:02.597383Z,83633.0,83477.5,-155.5,17.56,10.1,-7.46,False,False
2026-10-01T05:23:31.170155+00:00,s4v3,2026-10-01,SHORT,SHORT,False,2026-09-30 20:00:00,2026-09-30T20:00:52.957892Z,84001.0,83578.5,-422.5,2026-10-01 04:00:00,2026-10-01T00:51:02.597383Z,83633.0,83477.5,-155.5,17.56,10.1,-7.46,False,False
2026-10-01T05:28:34.449293+00:00,s4v3,2026-10-01,SHORT,SHORT,False,2026-09-30 20:00:00,2026-09-30T20:00:52.957892Z,84001.0,83578.5,-422.5,2026-10-01 04:00:00,2026-10-01T00:51:02.597383Z,83633.0,83477.5,-155.5,17.56,10.1,-7.46,False,False
2026-10-01T05:33:36.243281+00:00,s4v3,2026-10-01,SHORT,SHORT,False,2026-09-30 20:00:00,2026-09-30T20:00:52.957892Z,84001.0,83578.5,-422.5,2026-10-01 04:00:00,2026-10-01T00:51:02.597383Z,83633.0,83477.5,-155.5,17.56,10.1,-7.46,False,False
2026-10-01T05:38:37.834807+00:00,s4v3,2026-10-01,SHORT,SHORT,False,2026-09-30 20:00:00,2026-09-30T20:00:52.957892Z,84001.0,83578.5,-422.5,2026-10-01 04:00:00,2026-10-01T00:51:02.597383Z,83633.0,83477.5,-155.5,17.56,10.1,-7.46,False,False
2026-10-01T05:43:39.407175+00:00,s4v3,2026-10-01,SHORT,SHORT,False,2026-09-30 20:00:00,2026-09-30T20:00:52.957892Z,84001.0,83578.5,-422.5,2026-10-01 04:00:00,2026-10-01T00:51:02.597383Z,83633.0,83477.5,-155.5,17.56,10.1,-7.46,False,False
2026-10-01T05:48:40.445066+00:00,s4v3,2026-10-01,SHORT,SHORT,False,2026-09-30 20:00:00,2026-09-30T20:00:52.957892Z,84001.0,83578.5,-422.5,2026-10-01 04:00:00,2026-10-01T00:51:02.597383Z,83633.0,83477.5,-155.5,17.56,10.1,-7.46,False,False
2026-10-01T05:53:41.803287+00:00,s4v3,2026-10-01,SHORT,SHORT,False,2026-09-30 20:00:00,2026-09-30T20:00:52.957892Z,84001.0,83578.5,-422.5,2026-10-01 04:00:00,2026-10-01T00:51:02.597383Z,83633.0,83477.5,-155.5,17.56,10.1,-7.46,False,False
2026-10-01T05:58:44.930306+00:00,s4v3,2026-10-01,SHORT,SHORT,False,2026-09-30 20:00:00,2026-09-30T20:00:52.957892Z,84001.0,83578.5,-422.5,2026-10-01 04:00:00,2026-10-01T00:51:02.597383Z,83633.0,83477.5,-155.5,17.56,10.1,-7.46,False,False
2026-10-01T06:03:47.069050+00:00,s4v3,2026-10-01,SHORT,SHORT,False,2026-09-30 20:00:00,2026-09-30T20:00:52.957892Z,84001.0,83578.5,-422.5,2026-10-01 04:00:00,2026-10-01T00:51:02.597383Z,83633.0,83477.5,-155.5,17.56,10.1,-7.46,False,False
2026-10-01T06:08:51.040242+00:00,s4v3,2026-10-01,SHORT,SHORT,False,2026-09-30 20:00:00,2026-09-30T20:00:52.957892Z,84001.0,83578.5,-422.5,2026-10-01 04:00:00,2026-10-01T00:51:02.597383Z,83633.0,83477.5,-155.5,17.56,10.1,-7.46,False,False
2026-10-01T06:13:52.409162+00:00,s4v3,2026-10-01,SHORT,SHORT,False,2026-09-30 20:00:00,2026-09-30T20:00:52.957892Z,84001.0,83578.5,-422.5,2026-10-01 04:00:00,2026-10-01T00:51:02.597383Z,83633.0,83477.5,-155.5,17.56,10.1,-7.46,False,False
2026-10-01T06:18:54.699941+00:00,s4v3,2026-10-01,SHORT,SHORT,False,2026-09-30 20:00:00,2026-09-30T20:00:52.957892Z,84001.0,83578.5,-422.5,2026-10-01 04:00:00,2026-10-01T00:51:02.597383Z,83633.0,83477.5,-155.5,17.56,10.1,-7.46,False,False
2026-10-01T06:23:56.349566+00:00,s4v3,2026-10-01,SHORT,SHORT,False,2026-09-30 20:00:00,2026-09-30T20:00:52.957892Z,84001.0,83578.5,-422.5,2026-10-01 04:00:00,2026-10-01T00:51:02.597383Z,83633.0,83477.5,-155.5,17.56,10.1,-7.46,False,False
2026-10-01T06:28:58.300548+00:00,s4v3,2026-10-01,SHORT,SHORT,False,2026-09-30 20:00:00,2026-09-30T20:00:52.957892Z,84001.0,83578.5,-422.5,2026-10-01 04:00:00,2026-10-01T00:51:02.597383Z,83633.0,83477.5,-155.5,17.56,10.1,-7.46,False,False
2026-10-01T06:33:59.636506+00:00,s4v3,2026-10-01,SHORT,SHORT,False,2026-09-30 20:00:00,2026-09-30T20:00:52.957892Z,84001.0,83578.5,-422.5,2026-10-01 04:00:00,2026-10-01T00:51:02.597383Z,83633.0,83477.5,-155.5,17.56,10.1,-7.46,False,False
2026-10-01T06:39:00.753130+00:00,s4v3,2026-10-01,SHORT,SHORT,False,2026-09-30 20:00:00,2026-09-30T20:00:52.957892Z,84001.0,83578.5,-422.5,2026-10-01 04:00:00,2026-10-01T00:51:02.597383Z,83633.0,83477.5,-155.5,17.56,10.1,-7.46,False,False
2026-10-01T06:44:03.096187+00:00,s4v3,2026-10-01,SHORT,SHORT,False,2026-09-30 20:00:00,2026-09-30T20:00:52.957892Z,84001.0,83578.5,-422.5,2026-10-01 04:00:00,2026-10-01T00:51:02.597383Z,83633.0,83477.5,-155.5,17.56,10.1,-7.46,False,False
2026-10-01T06:49:08.077160+00:00,s4v3,2026-10-01,SHORT,SHORT,False,2026-09-30 20:00:00,2026-09-30T20:00:52.957892Z,84001.0,83578.5,-422.5,2026-10-01 04:00:00,2026-10-01T00:51:02.597383Z,83633.0,83477.5,-155.5,17.56,10.1,-7.46,False,False
2026-10-01T06:54:11.377764+00:00,s4v3,2026-10-01,SHORT,SHORT,False,2026-09-30 20:00:00,2026-09-30T20:00:52.957892Z,84001.0,83578.5,-422.5,2026-10-01 04:00:00,2026-10-01T00:51:02.597383Z,83633.0,83477.5,-155.5,17.56,10.1,-7.46,False,False
2026-10-01T06:59:16.851314+00:00,s4v3,2026-10-01,SHORT,SHORT,False,2026-09-30 20:00:00,2026-09-30T20:00:52.957892Z,84001.0,83578.5,-422.5,2026-10-01 04:00:00,2026-10-01T00:51:02.597383Z,83633.0,83477.5,-155.5,17.56,10.1,-7.46,False,False
2026-10-01T07:04:19.570713+00:00,s4v3,2026-10-01,SHORT,SHORT,False,2026-09-30 20:00:00,2026-09-30T20:00:52.957892Z,84001.0,83578.5,-422.5,2026-10-01 04:00:00,2026-10-01T00:51:02.597383Z,83633.0,83477.5,-155.5,17.56,10.1,-7.46,False,False
2026-10-01T07:09:21.044739+00:00,s4v3,2026-10-01,SHORT,SHORT,False,2026-09-30 20:00:00,2026-09-30T20:00:52.957892Z,84001.0,83578.5,-422.5,2026-10-01 04:00:00,2026-10-01T00:51:02.597383Z,83633.0,83477.5,-155.5,17.56,10.1,-7.46,False,False
2026-10-01T07:14:24.096584+00:00,s4v3,2026-10-01,SHORT,SHORT,False,2026-09-30 20:00:00,2026-09-30T20:00:52.957892Z,84001.0,83578.5,-422.5,2026-10-01 04:00:00,2026-10-01T00:51:02.597383Z,83633.0,83477.5,-155.5,17.56,10.1,-7.46,False,False
2026-10-01T07:19:26.636783+00:00,s4v3,2026-10-01,SHORT,SHORT,False,2026-09-30 20:00:00,2026-09-30T20:00:52.957892Z,84001.0,83578.5,-422.5,2026-10-01 04:00:00,2026-10-01T00:51:02.597383Z,83633.0,83477.5,-155.5,17.56,10.1,-7.46,False,False
2026-10-01T07:24:27.695605+00:00,s4v3,2026-10-01,SHORT,SHORT,False,2026-09-30 20:00:00,2026-09-30T20:00:52.957892Z,84001.0,83578.5,-422.5,2026-10-01 04:00:00,2026-10-01T00:51:02.597383Z,83633.0,83477.5,-155.5,17.56,10.1,-7.46,False,False
2026-10-01T07:29:28.849406+00:00,s4v3,2026-10-01,SHORT,SHORT,False,2026-09-30 20:00:00,2026-09-30T20:00:52.957892Z,84001.0,83578.5,-422.5,2026-10-01 04:00:00,2026-10-01T00:51:02.597383Z,83633.0,83477.5,-155.5,17.56,10.1,-7.46,False,False
2026-10-01T07:34:29.897851+00:00,s4v3,2026-10-01,SHORT,SHORT,False,2026-09-30 20:00:00,2026-09-30T20:00:52.957892Z,84001.0,83578.5,-422.5,2026-10-01 04:00:00,2026-10-01T00:51:02.597383Z,83633.0,83477.5,-155.5,17.56,10.1,-7.46,False,False
2026-10-01T07:39:32.072510+00:00,s4v3,2026-10-01,SHORT,SHORT,False,2026-09-30 20:00:00,2026-09-30T20:00:52.957892Z,84001.0,83578.5,-422.5,2026-10-01 04:00:00,2026-10-01T00:51:02.597383Z,83633.0,83477.5,-155.5,17.56,10.1,-7.46,False,False
2026-10-01T07:44:34.595400+00:00,s4v3,2026-10-01,SHORT,SHORT,False,2026-09-30 20:00:00,2026-09-30T20:00:52.957892Z,84001.0,83578.5,-422.5,2026-10-01 04:00:00,2026-10-01T00:51:02.597383Z,83633.0,83477.5,-155.5,17.56,10.1,-7.46,False,False
2026-10-01T07:49:37.489567+00:00,s4v3,2026-10-01,SHORT,SHORT,False,2026-09-30 20:00:00,2026-09-30T20:00:52.957892Z,84001.0,83578.5,-422.5,2026-10-01 04:00:00,2026-10-01T00:51:02.597383Z,83633.0,83477.5,-155.5,17.56,10.1,-7.46,False,False
2026-10-01T07:54:39.049815+00:00,s4v3,2026-10-01,SHORT,SHORT,False,2026-09-30 20:00:00,2026-09-30T20:00:52.957892Z,84001.0,83578.5,-422.5,2026-10-01 04:00:00,2026-10-01T00:51:02.597383Z,83633.0,83477.5,-155.5,17.56,10.1,-7.46,False,False
2026-10-01T07:59:41.435299+00:00,s4v3,2026-10-01,SHORT,SHORT,False,2026-09-30 20:00:00,2026-09-30T20:00:52.957892Z,84001.0,83578.5,-422.5,2026-10-01 04:00:00,2026-10-01T00:51:02.597383Z,83633.0,83477.5,-155.5,17.56,10.1,-7.46,False,False
2026-10-01T08:04:42.972968+00:00,s4v3,2026-10-01,SHORT,SHORT,False,2026-09-30 20:00:00,2026-09-30T20:00:52.957892Z,84001.0,83578.5,-422.5,2026-10-01 04:00:00,2026-10-01T00:51:02.597383Z,83633.0,83477.5,-155.5,17.56,10.1,-7.46,False,False
2026-10-01T08:09:44.193705+00:00,s4v3,2026-10-01,SHORT,SHORT,False,2026-09-30 20:00:00,2026-09-30T20:00:52.957892Z,84001.0,83578.5,-422.5,2026-10-01 04:00:00,2026-10-01T00:51:02.597383Z,83633.0,83477.5,-155.5,17.56,10.1,-7.46,False,False
2026-10-01T08:09:44.193705+00:00,s4v3,2026-10-01,SHORT,,False,2026-10-01 08:00:00,,83541.0,,,2026-10-01 12:00:00,,83449.0,,,-9.99,,,True,False
2026-10-01T08:14:48.010746+00:00,s4v3,2026-10-01,SHORT,SHORT,False,2026-09-30 20:00:00,2026-09-30T20:00:52.957892Z,84001.0,83578.5,-422.5,2026-10-01 04:00:00,2026-10-01T00:51:02.597383Z,83633.0,83477.5,-155.5,17.56,10.1,-7.46,False,False
2026-10-01T08:19:50.770128+00:00,s4v3,2026-10-01,SHORT,SHORT,False,2026-09-30 20:00:00,2026-09-30T20:00:52.957892Z,84001.0,83578.5,-422.5,2026-10-01 04:00:00,2026-10-01T00:51:02.597383Z,83633.0,83477.5,-155.5,17.56,10.1,-7.46,False,False
2026-10-01T08:24:53.090405+00:00,s4v3,2026-10-01,SHORT,SHORT,False,2026-09-30 20:00:00,2026-09-30T20:00:52.957892Z,84001.0,83578.5,-422.5,2026-10-01 04:00:00,2026-10-01T00:51:02.597383Z,83633.0,83477.5,-155.5,17.56,10.1,-7.46,False,False
2026-10-01T08:29:54.422815+00:00,s4v3,2026-10-01,SHORT,SHORT,False,2026-09-30 20:00:00,2026-09-30T20:00:52.957892Z,84001.0,83578.5,-422.5,2026-10-01 04:00:00,2026-10-01T00:51:02.597383Z,83633.0,83477.5,-155.5,17.56,10.1,-7.46,False,False
2026-10-01T08:34:59.037478+00:00,s4v3,2026-10-01,SHORT,SHORT,False,2026-09-30 20:00:00,2026-09-30T20:00:52.957892Z,84001.0,83578.5,-422.5,2026-10-01 04:00:00,2026-10-01T00:51:02.597383Z,83633.0,83477.5,-155.5,17.56,10.1,-7.46,False,False
2026-10-01T08:40:00.863526+00:00,s4v3,2026-10-01,SHORT,SHORT,False,2026-09-30 20:00:00,2026-09-30T20:00:52.957892Z,84001.0,83578.5,-422.5,2026-10-01 04:00:00,2026-10-01T00:51:02.597383Z,83633.0,83477.5,-155.5,17.56,10.1,-7.46,False,False
2026-10-01T08:45:02.635211+00:00,s4v3,2026-10-01,SHORT,SHORT,False,2026-09-30 20:00:00,2026-09-30T20:00:52.957892Z,84001.0,83578.5,-422.5,2026-10-01 04:00:00,2026-10-01T00:51:02.597383Z,83633.0,83477.5,-155.5,17.56,10.1,-7.46,False,False
2026-10-01T08:50:04.044362+00:00,s4v3,2026-10-01,SHORT,SHORT,False,2026-09-30 20:00:00,2026-09-30T20:00:52.957892Z,84001.0,83578.5,-422.5,2026-10-01 04:00:00,2026-10-01T00:51:02.597383Z,83633.0,83477.5,-155.5,17.56,10.1,-7.46,False,False
2026-10-01T08:50:04.044362+00:00,s4v3,2026-10-01,SHORT,,False,2026-10-01 08:00:00,,83541.0,,,2026-10-01 12:00:00,,83449.0,,,-9.99,,,True,False
2026-10-01T08:55:07.070278+00:00,s4v3,2026-10-01,SHORT,SHORT,False,2026-09-30 20:00:00,2026-09-30T20:00:52.957892Z,84001.0,83578.5,-422.5,2026-10-01 04:00:00,2026-10-01T00:51:02.597383Z,83633.0,83477.5,-155.5,17.56,10.1,-7.46,False,False
2026-10-01T08:55:07.070278+00:00,s4v3,2026-10-01,SHORT,,False,2026-10-01 08:00:00,,83541.0,,,2026-10-01 12:00:00,,83449.0,,,-9.99,,,True,False
2026-10-01T09:00:10.348179+00:00,s4v3,2026-10-01,SHORT,SHORT,False,2026-09-30 20:00:00,2026-09-30T20:00:52.957892Z,84001.0,83578.5,-422.5,2026-10-01 04:00:00,2026-10-01T00:51:02.597383Z,83633.0,83477.5,-155.5,17.56,10.1,-7.46,False,False
2026-10-01T09:00:10.348179+00:00,s4v3,2026-10-01,SHORT,,False,2026-10-01 08:00:00,,83541.0,,,2026-10-01 12:00:00,,83449.0,,,-9.99,,,True,False
2026-10-01T09:05:12.619442+00:00,s4v3,2026-10-01,SHORT,SHORT,False,2026-09-30 20:00:00,2026-09-30T20:00:52.957892Z,84001.0,83578.5,-422.5,2026-10-01 04:00:00,2026-10-01T00:51:02.597383Z,83633.0,83477.5,-155.5,17.56,10.1,-7.46,False,False
2026-10-01T09:05:12.619442+00:00,s4v3,2026-10-01,SHORT,,False,2026-10-01 08:00:00,,83541.0,,,2026-10-01 12:00:00,,83449.0,,,-9.99,,,True,False
2026-10-01T09:10:15.185723+00:00,s4v3,2026-10-01,SHORT,SHORT,False,2026-09-30 20:00:00,2026-09-30T20:00:52.957892Z,84001.0,83578.5,-422.5,2026-10-01 04:00:00,2026-10-01T00:51:02.597383Z,83633.0,83477.5,-155.5,17.56,10.1,-7.46,False,False
2026-10-01T09:10:15.185723+00:00,s4v3,2026-10-01,SHORT,,False,2026-10-01 08:00:00,,83541.0,,,2026-10-01 12:00:00,,83449.0,,,-9.99,,,True,False
2026-10-01T09:15:18.004288+00:00,s4v3,2026-10-01,SHORT,SHORT,False,2026-09-30 20:00:00,2026-09-30T20:00:52.957892Z,84001.0,83578.5,-422.5,2026-10-01 04:00:00,2026-10-01T00:51:02.597383Z,83633.0,83477.5,-155.5,17.56,10.1,-7.46,False,False
2026-10-01T09:15:18.004288+00:00,s4v3,2026-10-01,SHORT,,False,2026-10-01 08:00:00,,83541.0,,,2026-10-01 12:00:00,,83449.0,,,-9.99,,,True,False
2026-10-01T09:20:19.960331+00:00,s4v3,2026-10-01,SHORT,SHORT,False,2026-09-30 20:00:00,2026-09-30T20:00:52.957892Z,84001.0,83578.5,-422.5,2026-10-01 04:00:00,2026-10-01T00:51:02.597383Z,83633.0,83477.5,-155.5,17.56,10.1,-7.46,False,False
2026-10-01T09:20:19.960331+00:00,s4v3,2026-10-01,SHORT,,False,2026-10-01 08:00:00,,83541.0,,,2026-10-01 12:00:00,,83449.0,,,-9.99,,,True,False
2026-10-01T09:25:22.548601+00:00,s4v3,2026-10-01,SHORT,SHORT,False,2026-09-30 20:00:00,2026-09-30T20:00:52.957892Z,84001.0,83578.5,-422.5,2026-10-01 04:00:00,2026-10-01T00:51:02.597383Z,83633.0,83477.5,-155.5,17.56,10.1,-7.46,False,False
2026-10-01T09:25:22.548601+00:00,s4v3,2026-10-01,SHORT,,False,2026-10-01 08:00:00,,83541.0,,,2026-10-01 12:00:00,,83449.0,,,-9.99,,,True,False
2026-10-01T09:30:26.082185+00:00,s4v3,2026-10-01,SHORT,SHORT,False,2026-09-30 20:00:00,2026-09-30T20:00:52.957892Z,84001.0,83578.5,-422.5,2026-10-01 04:00:00,2026-10-01T00:51:02.597383Z,83633.0,83477.5,-155.5,17.56,10.1,-7.46,False,False
2026-10-01T09:30:26.082185+00:00,s4v3,2026-10-01,SHORT,,False,2026-10-01 08:00:00,,83541.0,,,2026-10-01 12:00:00,,83449.0,,,-9.99,,,True,False
2026-10-01T09:35:27.461519+00:00,s4v3,2026-10-01,SHORT,SHORT,False,2026-09-30 20:00:00,2026-09-30T20:00:52.957892Z,84001.0,83578.5,-422.5,2026-10-01 04:00:00,2026-10-01T00:51:02.597383Z,83633.0,83477.5,-155.5,17.56,10.1,-7.46,False,False
2026-10-01T09:35:27.461519+00:00,s4v3,2026-10-01,SHORT,,False,2026-10-01 08:00:00,,83541.0,,,2026-10-01 12:00:00,,83449.0,,,-9.99,,,True,False
2026-10-01T09:40:30.821840+00:00,s4v3,2026-10-01,SHORT,SHORT,False,2026-09-30 20:00:00,2026-09-30T20:00:52.957892Z,84001.0,83578.5,-422.5,2026-10-01 04:00:00,2026-10-01T00:51:02.597383Z,83633.0,83477.5,-155.5,17.56,10.1,-7.46,False,False
2026-10-01T09:40:30.821840+00:00,s4v3,2026-10-01,SHORT,,False,2026-10-01 08:00:00,,83541.0,,,2026-10-01 12:00:00,,83449.0,,,-9.99,,,True,False
2026-10-01T09:45:34.882739+00:00,s4v3,2026-10-01,SHORT,SHORT,False,2026-09-30 20:00:00,2026-09-30T20:00:52.957892Z,84001.0,83578.5,-422.5,2026-10-01 04:00:00,2026-10-01T00:51:02.597383Z,83633.0,83477.5,-155.5,17.56,10.1,-7.46,False,False
2026-10-01T09:45:34.882739+00:00,s4v3,2026-10-01,SHORT,,False,2026-10-01 08:00:00,,83541.0,,,2026-10-01 12:00:00,,83449.0,,,-9.99,,,True,False
2026-10-01T09:50:38.597729+00:00,s4v3,2026-10-01,SHORT,SHORT,False,2026-09-30 20:00:00,2026-09-30T20:00:52.957892Z,84001.0,83578.5,-422.5,2026-10-01 04:00:00,2026-10-01T00:51:02.597383Z,83633.0,83477.5,-155.5,17.56,10.1,-7.46,False,False
2026-10-01T09:50:38.597729+00:00,s4v3,2026-10-01,SHORT,,False,2026-10-01 08:00:00,,83541.0,,,2026-10-01 12:00:00,,83449.0,,,-9.99,,,True,False
2026-10-01T09:55:41.868497+00:00,s4v3,2026-10-01,SHORT,SHORT,False,2026-09-30 20:00:00,2026-09-30T20:00:52.957892Z,84001.0,83578.5,-422.5,2026-10-01 04:00:00,2026-10-01T00:51:02.597383Z,83633.0,83477.5,-155.5,17.56,10.1,-7.46,False,False
2026-10-01T09:55:41.868497+00:00,s4v3,2026-10-01,SHORT,,False,2026-10-01 08:00:00,,83541.0,,,2026-10-01 12:00:00,,83449.0,,,-9.99,,,True,False
2026-10-01T10:00:45.265082+00:00,s4v3,2026-10-01,SHORT,SHORT,False,2026-09-30 20:00:00,2026-09-30T20:00:52.957892Z,84001.0,83578.5,-422.5,2026-10-01 04:00:00,2026-10-01T00:51:02.597383Z,83633.0,83477.5,-155.5,17.56,10.1,-7.46,False,False
2026-10-01T10:00:45.265082+00:00,s4v3,2026-10-01,SHORT,,False,2026-10-01 08:00:00,,83541.0,,,2026-10-01 12:00:00,,83449.0,,,-9.99,,,True,False
2026-10-01T10:05:50.221478+00:00,s4v3,2026-10-01,SHORT,SHORT,False,2026-09-30 20:00:00,2026-09-30T20:00:52.957892Z,84001.0,83578.5,-422.5,2026-10-01 04:00:00,2026-10-01T00:51:02.597383Z,83633.0,83477.5,-155.5,17.56,10.1,-7.46,False,False
2026-10-01T10:05:50.221478+00:00,s4v3,2026-10-01,SHORT,,False,2026-10-01 08:00:00,,83541.0,,,2026-10-01 12:00:00,,83449.0,,,-9.99,,,True,False
2026-10-01T10:10:53.749657+00:00,s4v3,2026-10-01,SHORT,SHORT,False,2026-09-30 20:00:00,2026-09-30T20:00:52.957892Z,84001.0,83578.5,-422.5,2026-10-01 04:00:00,2026-10-01T00:51:02.597383Z,83633.0,83477.5,-155.5,17.56,10.1,-7.46,False,False
2026-10-01T10:10:53.749657+00:00,s4v3,2026-10-01,SHORT,,False,2026-10-01 08:00:00,,83541.0,,,2026-10-01 12:00:00,,83449.0,,,-9.99,,,True,False
2026-10-01T10:15:56.540222+00:00,s4v3,2026-10-01,SHORT,SHORT,False,2026-09-30 20:00:00,2026-09-30T20:00:52.957892Z,84001.0,83578.5,-422.5,2026-10-01 04:00:00,2026-10-01T00:51:02.597383Z,83633.0,83477.5,-155.5,17.56,10.1,-7.46,False,False
2026-10-01T10:15:56.540222+00:00,s4v3,2026-10-01,SHORT,,False,2026-10-01 08:00:00,,83541.0,,,2026-10-01 12:00:00,,83449.0,,,-9.99,,,True,False
2026-10-01T10:20:59.520847+00:00,s4v3,2026-10-01,SHORT,SHORT,False,2026-09-30 20:00:00,2026-09-30T20:00:52.957892Z,84001.0,83578.5,-422.5,2026-10-01 04:00:00,2026-10-01T00:51:02.597383Z,83633.0,83477.5,-155.5,17.56,10.1,-7.46,False,False
2026-10-01T10:20:59.520847+00:00,s4v3,2026-10-01,SHORT,,False,2026-10-01 08:00:00,,83541.0,,,2026-10-01 12:00:00,,83449.0,,,-9.99,,,True,False
2026-10-01T10:26:00.810224+00:00,s4v3,2026-10-01,SHORT,SHORT,False,2026-09-30 20:00:00,2026-09-30T20:00:52.957892Z,84001.0,83578.5,-422.5,2026-10-01 04:00:00,2026-10-01T00:51:02.597383Z,83633.0,83477.5,-155.5,17.56,10.1,-7.46,False,False
2026-10-01T10:26:00.810224+00:00,s4v3,2026-10-01,SHORT,,False,2026-10-01 08:00:00,,83541.0,,,2026-10-01 12:00:00,,83449.0,,,-9.99,,,True,False
2026-10-01T10:31:03.820573+00:00,s4v3,2026-10-01,SHORT,SHORT,False,2026-09-30 20:00:00,2026-09-30T20:00:52.957892Z,84001.0,83578.5,-422.5,2026-10-01 04:00:00,2026-10-01T00:51:02.597383Z,83633.0,83477.5,-155.5,17.56,10.1,-7.46,False,False
2026-10-01T10:31:03.820573+00:00,s4v3,2026-10-01,SHORT,,False,2026-10-01 08:00:00,,83541.0,,,2026-10-01 12:00:00,,83449.0,,,-9.99,,,True,False
2026-10-01T10:36:06.841789+00:00,s4v3,2026-10-01,SHORT,SHORT,False,2026-09-30 20:00:00,2026-09-30T20:00:52.957892Z,84001.0,83578.5,-422.5,2026-10-01 04:00:00,2026-10-01T00:51:02.597383Z,83633.0,83477.5,-155.5,17.56,10.1,-7.46,False,False
2026-10-01T10:36:06.841789+00:00,s4v3,2026-10-01,SHORT,,False,2026-10-01 08:00:00,,83541.0,,,2026-10-01 12:00:00,,83449.0,,,-9.99,,,True,False
2026-10-01T10:41:10.070958+00:00,s4v3,2026-10-01,SHORT,SHORT,False,2026-09-30 20:00:00,2026-09-30T20:00:52.957892Z,84001.0,83578.5,-422.5,2026-10-01 04:00:00,2026-10-01T00:51:02.597383Z,83633.0,83477.5,-155.5,17.56,10.1,-7.46,False,False
2026-10-01T10:41:10.070958+00:00,s4v3,2026-10-01,SHORT,,False,2026-10-01 08:00:00,,83541.0,,,2026-10-01 12:00:00,,83449.0,,,-9.99,,,True,False
2026-10-01T10:46:13.122837+00:00,s4v3,2026-10-01,SHORT,SHORT,False,2026-09-30 20:00:00,2026-09-30T20:00:52.957892Z,84001.0,83578.5,-422.5,2026-10-01 04:00:00,2026-10-01T00:51:02.597383Z,83633.0,83477.5,-155.5,17.56,10.1,-7.46,False,False
2026-10-01T10:46:13.122837+00:00,s4v3,2026-10-01,SHORT,,False,2026-10-01 08:00:00,,83541.0,,,2026-10-01 12:00:00,,83449.0,,,-9.99,,,True,False
2026-10-01T10:51:15.940915+00:00,s4v3,2026-10-01,SHORT,SHORT,False,2026-09-30 20:00:00,2026-09-30T20:00:52.957892Z,84001.0,83578.5,-422.5,2026-10-01 04:00:00,2026-10-01T00:51:02.597383Z,83633.0,83477.5,-155.5,17.56,10.1,-7.46,False,False
2026-10-01T10:51:15.940915+00:00,s4v3,2026-10-01,SHORT,,False,2026-10-01 08:00:00,,83541.0,,,2026-10-01 12:00:00,,83449.0,,,-9.99,,,True,False
2026-10-01T10:56:19.450431+00:00,s4v3,2026-10-01,SHORT,SHORT,False,2026-09-30 20:00:00,2026-09-30T20:00:52.957892Z,84001.0,83578.5,-422.5,2026-10-01 04:00:00,2026-10-01T00:51:02.597383Z,83633.0,83477.5,-155.5,17.56,10.1,-7.46,False,False
2026-10-01T10:56:19.450431+00:00,s4v3,2026-10-01,SHORT,,False,2026-10-01 08:00:00,,83541.0,,,2026-10-01 12:00:00,,83449.0,,,-9.99,,,True,False
2026-10-01T11:01:22.246012+00:00,s4v3,2026-10-01,SHORT,SHORT,False,2026-09-30 20:00:00,2026-09-30T20:00:52.957892Z,84001.0,83578.5,-422.5,2026-10-01 04:00:00,2026-10-01T00:51:02.597383Z,83633.0,83477.5,-155.5,17.56,10.1,-7.46,False,False
2026-10-01T11:01:22.246012+00:00,s4v3,2026-10-01,SHORT,,False,2026-10-01 08:00:00,,83541.0,,,2026-10-01 12:00:00,,83449.0,,,-9.99,,,True,False
2026-10-01T11:06:24.780273+00:00,s4v3,2026-10-01,SHORT,SHORT,False,2026-09-30 20:00:00,2026-09-30T20:00:52.957892Z,84001.0,83578.5,-422.5,2026-10-01 04:00:00,2026-10-01T00:51:02.597383Z,83633.0,83477.5,-155.5,17.56,10.1,-7.46,False,False
2026-10-01T11:06:24.780273+00:00,s4v3,2026-10-01,SHORT,,False,2026-10-01 08:00:00,,83541.0,,,2026-10-01 12:00:00,,83449.0,,,-9.99,,,True,False
2026-10-01T11:11:27.066336+00:00,s4v3,2026-10-01,SHORT,SHORT,False,2026-09-30 20:00:00,2026-09-30T20:00:52.957892Z,84001.0,83578.5,-422.5,2026-10-01 04:00:00,2026-10-01T00:51:02.597383Z,83633.0,83477.5,-155.5,17.56,10.1,-7.46,False,False
2026-10-01T11:11:27.066336+00:00,s4v3,2026-10-01,SHORT,,False,2026-10-01 08:00:00,,83541.0,,,2026-10-01 12:00:00,,83449.0,,,-9.99,,,True,False
2026-10-01T11:16:28.764648+00:00,s4v3,2026-10-01,SHORT,SHORT,False,2026-09-30 20:00:00,2026-09-30T20:00:52.957892Z,84001.0,83578.5,-422.5,2026-10-01 04:00:00,2026-10-01T00:51:02.597383Z,83633.0,83477.5,-155.5,17.56,10.1,-7.46,False,False
2026-10-01T11:16:28.764648+00:00,s4v3,2026-10-01,SHORT,,False,2026-10-01 08:00:00,,83541.0,,,2026-10-01 12:00:00,,83449.0,,,-9.99,,,True,False
2026-10-01T11:21:31.543959+00:00,s4v3,2026-10-01,SHORT,SHORT,False,2026-09-30 20:00:00,2026-09-30T20:00:52.957892Z,84001.0,83578.5,-422.5,2026-10-01 04:00:00,2026-10-01T00:51:02.597383Z,83633.0,83477.5,-155.5,17.56,10.1,-7.46,False,False
2026-10-01T11:21:31.543959+00:00,s4v3,2026-10-01,SHORT,,False,2026-10-01 08:00:00,,83541.0,,,2026-10-01 12:00:00,,83449.0,,,-9.99,,,True,False
2026-10-01T11:26:33.243249+00:00,s4v3,2026-10-01,SHORT,SHORT,False,2026-09-30 20:00:00,2026-09-30T20:00:52.957892Z,84001.0,83578.5,-422.5,2026-10-01 04:00:00,2026-10-01T00:51:02.597383Z,83633.0,83477.5,-155.5,17.56,10.1,-7.46,False,False
2026-10-01T11:26:33.243249+00:00,s4v3,2026-10-01,SHORT,,False,2026-10-01 08:00:00,,83541.0,,,2026-10-01 12:00:00,,83449.0,,,-9.99,,,True,False
2026-10-01T11:31:35.604541+00:00,s4v3,2026-10-01,SHORT,SHORT,False,2026-09-30 20:00:00,2026-09-30T20:00:52.957892Z,84001.0,83578.5,-422.5,2026-10-01 04:00:00,2026-10-01T00:51:02.597383Z,83633.0,83477.5,-155.5,17.56,10.1,-7.46,False,False
2026-10-01T11:31:35.604541+00:00,s4v3,2026-10-01,SHORT,,False,2026-10-01 08:00:00,,83541.0,,,2026-10-01 12:00:00,,83449.0,,,-9.99,,,True,False
2026-10-01T11:36:36.955444+00:00,s4v3,2026-10-01,SHORT,SHORT,False,2026-09-30 20:00:00,2026-09-30T20:00:52.957892Z,84001.0,83578.5,-422.5,2026-10-01 04:00:00,2026-10-01T00:51:02.597383Z,83633.0,83477.5,-155.5,17.56,10.1,-7.46,False,False
2026-10-01T11:36:36.955444+00:00,s4v3,2026-10-01,SHORT,,False,2026-10-01 08:00:00,,83541.0,,,2026-10-01 12:00:00,,83449.0,,,-9.99,,,True,False
2026-10-01T11:41:39.905914+00:00,s4v3,2026-10-01,SHORT,SHORT,False,2026-09-30 20:00:00,2026-09-30T20:00:52.957892Z,84001.0,83578.5,-422.5,2026-10-01 04:00:00,2026-10-01T00:51:02.597383Z,83633.0,83477.5,-155.5,17.56,10.1,-7.46,False,False
2026-10-01T11:41:39.905914+00:00,s4v3,2026-10-01,SHORT,,False,2026-10-01 08:00:00,,83541.0,,,2026-10-01 12:00:00,,83449.0,,,-9.99,,,True,False
2026-10-01T11:46:43.459926+00:00,s4v3,2026-10-01,SHORT,SHORT,False,2026-09-30 20:00:00,2026-09-30T20:00:52.957892Z,84001.0,83578.5,-422.5,2026-10-01 04:00:00,2026-10-01T00:51:02.597383Z,83633.0,83477.5,-155.5,17.56,10.1,-7.46,False,False
2026-10-01T11:46:43.459926+00:00,s4v3,2026-10-01,SHORT,,False,2026-10-01 08:00:00,,83541.0,,,2026-10-01 12:00:00,,83449.0,,,-9.99,,,True,False
2026-10-01T11:51:46.782298+00:00,s4v3,2026-10-01,SHORT,SHORT,False,2026-09-30 20:00:00,2026-09-30T20:00:52.957892Z,84001.0,83578.5,-422.5,2026-10-01 04:00:00,2026-10-01T00:51:02.597383Z,83633.0,83477.5,-155.5,17.56,10.1,-7.46,False,False
2026-10-01T11:51:46.782298+00:00,s4v3,2026-10-01,SHORT,,False,2026-10-01 08:00:00,,83541.0,,,2026-10-01 12:00:00,,83449.0,,,-9.99,,,True,False
2026-10-01T11:56:49.316183+00:00,s4v3,2026-10-01,SHORT,SHORT,False,2026-09-30 20:00:00,2026-09-30T20:00:52.957892Z,84001.0,83578.5,-422.5,2026-10-01 04:00:00,2026-10-01T00:51:02.597383Z,83633.0,83477.5,-155.5,17.56,10.1,-7.46,False,False
2026-10-01T11:56:49.316183+00:00,s4v3,2026-10-01,SHORT,,False,2026-10-01 08:00:00,,83541.0,,,2026-10-01 12:00:00,,83449.0,,,-9.99,,,True,False
2026-10-01T12:01:51.841777+00:00,s4v3,2026-10-01,SHORT,SHORT,False,2026-09-30 20:00:00,2026-09-30T20:00:52.957892Z,84001.0,83578.5,-422.5,2026-10-01 04:00:00,2026-10-01T00:51:02.597383Z,83633.0,83477.5,-155.5,17.56,10.1,-7.46,False,False
2026-10-01T12:01:51.841777+00:00,s4v3,2026-10-01,SHORT,SHORT,False,2026-10-01 08:00:00,2026-10-01T08:00:27.172881Z,83541.0,83454.0,-87.0,2026-10-01 12:00:00,2026-10-01T12:00:06.437196Z,83449.0,83912.0,463.0,-9.99,-45.8,-35.81,False,False
2026-10-01T12:06:53.623429+00:00,s4v3,2026-10-01,SHORT,SHORT,False,2026-09-30 20:00:00,2026-09-30T20:00:52.957892Z,84001.0,83578.5,-422.5,2026-10-01 04:00:00,2026-10-01T00:51:02.597383Z,83633.0,83477.5,-155.5,17.56,10.1,-7.46,False,False
2026-10-01T12:06:53.623429+00:00,s4v3,2026-10-01,SHORT,SHORT,False,2026-10-01 08:00:00,2026-10-01T08:00:27.172881Z,83541.0,83454.0,-87.0,2026-10-01 12:00:00,2026-10-01T12:00:06.437196Z,83449.0,83912.0,463.0,-9.99,-45.8,-35.81,False,False
2026-10-01T12:11:56.048195+00:00,s4v3,2026-10-01,SHORT,SHORT,False,2026-09-30 20:00:00,2026-09-30T20:00:52.957892Z,84001.0,83578.5,-422.5,2026-10-01 04:00:00,2026-10-01T00:51:02.597383Z,83633.0,83477.5,-155.5,17.56,10.1,-7.46,False,False
2026-10-01T12:11:56.048195+00:00,s4v3,2026-10-01,SHORT,SHORT,False,2026-10-01 08:00:00,2026-10-01T08:00:27.172881Z,83541.0,83454.0,-87.0,2026-10-01 12:00:00,2026-10-01T12:00:06.437196Z,83449.0,83912.0,463.0,-9.99,-45.8,-35.81,False,False
2026-10-01T12:16:59.069787+00:00,s4v3,2026-10-01,SHORT,SHORT,False,2026-09-30 20:00:00,2026-09-30T20:00:52.957892Z,84001.0,83578.5,-422.5,2026-10-01 04:00:00,2026-10-01T00:51:02.597383Z,83633.0,83477.5,-155.5,17.56,10.1,-7.46,False,False
2026-10-01T12:16:59.069787+00:00,s4v3,2026-10-01,SHORT,SHORT,False,2026-10-01 08:00:00,2026-10-01T08:00:27.172881Z,83541.0,83454.0,-87.0,2026-10-01 12:00:00,2026-10-01T12:00:06.437196Z,83449.0,83912.0,463.0,-9.99,-45.8,-35.81,False,False
2026-10-01T12:22:02.098363+00:00,s4v3,2026-10-01,SHORT,SHORT,False,2026-09-30 20:00:00,2026-09-30T20:00:52.957892Z,84001.0,83578.5,-422.5,2026-10-01 04:00:00,2026-10-01T00:51:02.597383Z,83633.0,83477.5,-155.5,17.56,10.1,-7.46,False,False
2026-10-01T12:22:02.098363+00:00,s4v3,2026-10-01,SHORT,SHORT,False,2026-10-01 08:00:00,2026-10-01T08:00:27.172881Z,83541.0,83454.0,-87.0,2026-10-01 12:00:00,2026-10-01T12:00:06.437196Z,83449.0,83912.0,463.0,-9.99,-45.8,-35.81,False,False
2026-10-01T12:27:06.882573+00:00,s4v3,2026-10-01,SHORT,SHORT,False,2026-09-30 20:00:00,2026-09-30T20:00:52.957892Z,84001.0,83578.5,-422.5,2026-10-01 04:00:00,2026-10-01T00:51:02.597383Z,83633.0,83477.5,-155.5,17.56,10.1,-7.46,False,False
2026-10-01T12:27:06.882573+00:00,s4v3,2026-10-01,SHORT,SHORT,False,2026-10-01 08:00:00,2026-10-01T08:00:27.172881Z,83541.0,83454.0,-87.0,2026-10-01 12:00:00,2026-10-01T12:00:06.437196Z,83449.0,83912.0,463.0,-9.99,-45.8,-35.81,False,False
2026-10-01T12:32:10.622180+00:00,s4v3,2026-10-01,SHORT,SHORT,False,2026-09-30 20:00:00,2026-09-30T20:00:52.957892Z,84001.0,83578.5,-422.5,2026-10-01 04:00:00,2026-10-01T00:51:02.597383Z,83633.0,83477.5,-155.5,17.56,10.1,-7.46,False,False
2026-10-01T12:32:10.622180+00:00,s4v3,2026-10-01,SHORT,SHORT,False,2026-10-01 08:00:00,2026-10-01T08:00:27.172881Z,83541.0,83454.0,-87.0,2026-10-01 12:00:00,2026-10-01T12:00:06.437196Z,83449.0,83912.0,463.0,-9.99,-45.8,-35.81,False,False
2026-10-01T12:37:13.545434+00:00,s4v3,2026-10-01,SHORT,SHORT,False,2026-09-30 20:00:00,2026-09-30T20:00:52.957892Z,84001.0,83578.5,-422.5,2026-10-01 04:00:00,2026-10-01T00:51:02.597383Z,83633.0,83477.5,-155.5,17.56,10.1,-7.46,False,False
2026-10-01T12:37:13.545434+00:00,s4v3,2026-10-01,SHORT,SHORT,False,2026-10-01 08:00:00,2026-10-01T08:00:27.172881Z,83541.0,83454.0,-87.0,2026-10-01 12:00:00,2026-10-01T12:00:06.437196Z,83449.0,83912.0,463.0,-9.99,-45.8,-35.81,False,False
2026-10-01T12:42:15.058311+00:00,s4v3,2026-10-01,SHORT,SHORT,False,2026-09-30 20:00:00,2026-09-30T20:00:52.957892Z,84001.0,83578.5,-422.5,2026-10-01 04:00:00,2026-10-01T00:51:02.597383Z,83633.0,83477.5,-155.5,17.56,10.1,-7.46,False,False
2026-10-01T12:42:15.058311+00:00,s4v3,2026-10-01,SHORT,SHORT,False,2026-10-01 08:00:00,2026-10-01T08:00:27.172881Z,83541.0,83454.0,-87.0,2026-10-01 12:00:00,2026-10-01T12:00:06.437196Z,83449.0,83912.0,463.0,-9.99,-45.8,-35.81,False,False
2026-10-01T12:47:16.235668+00:00,s4v3,2026-10-01,SHORT,SHORT,False,2026-09-30 20:00:00,2026-09-30T20:00:52.957892Z,84001.0,83578.5,-422.5,2026-10-01 04:00:00,2026-10-01T00:51:02.597383Z,83633.0,83477.5,-155.5,17.56,10.1,-7.46,False,False
2026-10-01T12:47:16.235668+00:00,s4v3,2026-10-01,SHORT,SHORT,False,2026-10-01 08:00:00,2026-10-01T08:00:27.172881Z,83541.0,83454.0,-87.0,2026-10-01 12:00:00,2026-10-01T12:00:06.437196Z,83449.0,83912.0,463.0,-9.99,-45.8,-35.81,False,False
2026-10-01T12:52:17.569651+00:00,s4v3,2026-10-01,SHORT,SHORT,False,2026-09-30 20:00:00,2026-09-30T20:00:52.957892Z,84001.0,83578.5,-422.5,2026-10-01 04:00:00,2026-10-01T00:51:02.597383Z,83633.0,83477.5,-155.5,17.56,10.1,-7.46,False,False
2026-10-01T12:52:17.569651+00:00,s4v3,2026-10-01,SHORT,SHORT,False,2026-10-01 08:00:00,2026-10-01T08:00:27.172881Z,83541.0,83454.0,-87.0,2026-10-01 12:00:00,2026-10-01T12:00:06.437196Z,83449.0,83912.0,463.0,-9.99,-45.8,-35.81,False,False
2026-10-01T12:57:19.993647+00:00,s4v3,2026-10-01,SHORT,SHORT,False,2026-09-30 20:00:00,2026-09-30T20:00:52.957892Z,84001.0,83578.5,-422.5,2026-10-01 04:00:00,2026-10-01T00:51:02.597383Z,83633.0,83477.5,-155.5,17.56,10.1,-7.46,False,False
2026-10-01T12:57:19.993647+00:00,s4v3,2026-10-01,SHORT,SHORT,False,2026-10-01 08:00:00,2026-10-01T08:00:27.172881Z,83541.0,83454.0,-87.0,2026-10-01 12:00:00,2026-10-01T12:00:06.437196Z,83449.0,83912.0,463.0,-9.99,-45.8,-35.81,False,False
2026-10-01T13:02:22.563592+00:00,s4v3,2026-10-01,SHORT,SHORT,False,2026-09-30 20:00:00,2026-09-30T20:00:52.957892Z,84001.0,83578.5,-422.5,2026-10-01 04:00:00,2026-10-01T00:51:02.597383Z,83633.0,83477.5,-155.5,17.56,10.1,-7.46,False,False
2026-10-01T13:02:22.563592+00:00,s4v3,2026-10-01,SHORT,SHORT,False,2026-10-01 08:00:00,2026-10-01T08:00:27.172881Z,83541.0,83454.0,-87.0,2026-10-01 12:00:00,2026-10-01T12:00:06.437196Z,83449.0,83912.0,463.0,-9.99,-45.8,-35.81,False,False
2026-10-01T13:07:25.798929+00:00,s4v3,2026-10-01,SHORT,SHORT,False,2026-09-30 20:00:00,2026-09-30T20:00:52.957892Z,84001.0,83578.5,-422.5,2026-10-01 04:00:00,2026-10-01T00:51:02.597383Z,83633.0,83477.5,-155.5,17.56,10.1,-7.46,False,False
2026-10-01T13:07:25.798929+00:00,s4v3,2026-10-01,SHORT,SHORT,False,2026-10-01 08:00:00,2026-10-01T08:00:27.172881Z,83541.0,83454.0,-87.0,2026-10-01 12:00:00,2026-10-01T12:00:06.437196Z,83449.0,83912.0,463.0,-9.99,-45.8,-35.81,False,False
2026-10-01T13:12:29.111961+00:00,s4v3,2026-10-01,SHORT,SHORT,False,2026-09-30 20:00:00,2026-09-30T20:00:52.957892Z,84001.0,83578.5,-422.5,2026-10-01 04:00:00,2026-10-01T00:51:02.597383Z,83633.0,83477.5,-155.5,17.56,10.1,-7.46,False,False
2026-10-01T13:12:29.111961+00:00,s4v3,2026-10-01,SHORT,SHORT,False,2026-10-01 08:00:00,2026-10-01T08:00:27.172881Z,83541.0,83454.0,-87.0,2026-10-01 12:00:00,2026-10-01T12:00:06.437196Z,83449.0,83912.0,463.0,-9.99,-45.8,-35.81,False,False
2026-10-01T13:17:30.488541+00:00,s4v3,2026-10-01,SHORT,SHORT,False,2026-09-30 20:00:00,2026-09-30T20:00:52.957892Z,84001.0,83578.5,-422.5,2026-10-01 04:00:00,2026-10-01T00:51:02.597383Z,83633.0,83477.5,-155.5,17.56,10.1,-7.46,False,False
2026-10-01T13:17:30.488541+00:00,s4v3,2026-10-01,SHORT,SHORT,False,2026-10-01 08:00:00,2026-10-01T08:00:27.172881Z,83541.0,83454.0,-87.0,2026-10-01 12:00:00,2026-10-01T12:00:06.437196Z,83449.0,83912.0,463.0,-9.99,-45.8,-35.81,False,False
2026-10-01T13:22:32.608035+00:00,s4v3,2026-10-01,SHORT,SHORT,False,2026-09-30 20:00:00,2026-09-30T20:00:52.957892Z,84001.0,83578.5,-422.5,2026-10-01 04:00:00,2026-10-01T00:51:02.597383Z,83633.0,83477.5,-155.5,17.56,10.1,-7.46,False,False
2026-10-01T13:22:32.608035+00:00,s4v3,2026-10-01,SHORT,SHORT,False,2026-10-01 08:00:00,2026-10-01T08:00:27.172881Z,83541.0,83454.0,-87.0,2026-10-01 12:00:00,2026-10-01T12:00:06.437196Z,83449.0,83912.0,463.0,-9.99,-45.8,-35.81,False,False
2026-10-01T13:27:38.319083+00:00,s4v3,2026-10-01,SHORT,SHORT,False,2026-09-30 20:00:00,2026-09-30T20:00:52.957892Z,84001.0,83578.5,-422.5,2026-10-01 04:00:00,2026-10-01T00:51:02.597383Z,83633.0,83477.5,-155.5,17.56,10.1,-7.46,False,False
2026-10-01T13:27:38.319083+00:00,s4v3,2026-10-01,SHORT,SHORT,False,2026-10-01 08:00:00,2026-10-01T08:00:27.172881Z,83541.0,83454.0,-87.0,2026-10-01 12:00:00,2026-10-01T12:00:06.437196Z,83449.0,83912.0,463.0,-9.99,-45.8,-35.81,False,False
2026-10-01T13:32:40.148546+00:00,s4v3,2026-10-01,SHORT,SHORT,False,2026-09-30 20:00:00,2026-09-30T20:00:52.957892Z,84001.0,83578.5,-422.5,2026-10-01 04:00:00,2026-10-01T00:51:02.597383Z,83633.0,83477.5,-155.5,17.56,10.1,-7.46,False,False
2026-10-01T13:32:40.148546+00:00,s4v3,2026-10-01,SHORT,SHORT,False,2026-10-01 08:00:00,2026-10-01T08:00:27.172881Z,83541.0,83454.0,-87.0,2026-10-01 12:00:00,2026-10-01T12:00:06.437196Z,83449.0,83912.0,463.0,-9.99,-45.8,-35.81,False,False
2026-10-01T13:37:44.871101+00:00,s4v3,2026-10-01,SHORT,SHORT,False,2026-09-30 20:00:00,2026-09-30T20:00:52.957892Z,84001.0,83578.5,-422.5,2026-10-01 04:00:00,2026-10-01T00:51:02.597383Z,83633.0,83477.5,-155.5,17.56,10.1,-7.46,False,False
2026-10-01T13:37:44.871101+00:00,s4v3,2026-10-01,SHORT,SHORT,False,2026-10-01 08:00:00,2026-10-01T08:00:27.172881Z,83541.0,83454.0,-87.0,2026-10-01 12:00:00,2026-10-01T12:00:06.437196Z,83449.0,83912.0,463.0,-9.99,-45.8,-35.81,False,False
2026-10-01T13:42:51.077638+00:00,s4v3,2026-10-01,SHORT,SHORT,False,2026-09-30 20:00:00,2026-09-30T20:00:52.957892Z,84001.0,83578.5,-422.5,2026-10-01 04:00:00,2026-10-01T00:51:02.597383Z,83633.0,83477.5,-155.5,17.56,10.1,-7.46,False,False
2026-10-01T13:42:51.077638+00:00,s4v3,2026-10-01,SHORT,SHORT,False,2026-10-01 08:00:00,2026-10-01T08:00:27.172881Z,83541.0,83454.0,-87.0,2026-10-01 12:00:00,2026-10-01T12:00:06.437196Z,83449.0,83912.0,463.0,-9.99,-45.8,-35.81,False,False
2026-10-01T13:47:58.319683+00:00,s4v3,2026-10-01,SHORT,SHORT,False,2026-09-30 20:00:00,2026-09-30T20:00:52.957892Z,84001.0,83578.5,-422.5,2026-10-01 04:00:00,2026-10-01T00:51:02.597383Z,83633.0,83477.5,-155.5,17.56,10.1,-7.46,False,False
2026-10-01T13:47:58.319683+00:00,s4v3,2026-10-01,SHORT,SHORT,False,2026-10-01 08:00:00,2026-10-01T08:00:27.172881Z,83541.0,83454.0,-87.0,2026-10-01 12:00:00,2026-10-01T12:00:06.437196Z,83449.0,83912.0,463.0,-9.99,-45.8,-35.81,False,False
2026-10-01T13:53:04.572376+00:00,s4v3,2026-10-01,SHORT,SHORT,False,2026-09-30 20:00:00,2026-09-30T20:00:52.957892Z,84001.0,83578.5,-422.5,2026-10-01 04:00:00,2026-10-01T00:51:02.597383Z,83633.0,83477.5,-155.5,17.56,10.1,-7.46,False,False
2026-10-01T13:53:04.572376+00:00,s4v3,2026-10-01,SHORT,SHORT,False,2026-10-01 08:00:00,2026-10-01T08:00:27.172881Z,83541.0,83454.0,-87.0,2026-10-01 12:00:00,2026-10-01T12:00:06.437196Z,83449.0,83912.0,463.0,-9.99,-45.8,-35.81,False,False
2026-10-01T13:58:12.119407+00:00,s4v3,2026-10-01,SHORT,SHORT,False,2026-09-30 20:00:00,2026-09-30T20:00:52.957892Z,84001.0,83578.5,-422.5,2026-10-01 04:00:00,2026-10-01T00:51:02.597383Z,83633.0,83477.5,-155.5,17.56,10.1,-7.46,False,False
2026-10-01T13:58:12.119407+00:00,s4v3,2026-10-01,SHORT,SHORT,False,2026-10-01 08:00:00,2026-10-01T08:00:27.172881Z,83541.0,83454.0,-87.0,2026-10-01 12:00:00,2026-10-01T12:00:06.437196Z,83449.0,83912.0,463.0,-9.99,-45.8,-35.81,False,False
2026-10-01T14:03:20.084705+00:00,s4v3,2026-10-01,SHORT,SHORT,False,2026-09-30 20:00:00,2026-09-30T20:00:52.957892Z,84001.0,83578.5,-422.5,2026-10-01 04:00:00,2026-10-01T00:51:02.597383Z,83633.0,83477.5,-155.5,17.56,10.1,-7.46,False,False
2026-10-01T14:03:20.084705+00:00,s4v3,2026-10-01,SHORT,SHORT,False,2026-10-01 08:00:00,2026-10-01T08:00:27.172881Z,83541.0,83454.0,-87.0,2026-10-01 12:00:00,2026-10-01T12:00:06.437196Z,83449.0,83912.0,463.0,-9.99,-45.8,-35.81,False,False
2026-10-01T14:08:24.074227+00:00,s4v3,2026-10-01,SHORT,SHORT,False,2026-09-30 20:00:00,2026-09-30T20:00:52.957892Z,84001.0,83578.5,-422.5,2026-10-01 04:00:00,2026-10-01T00:51:02.597383Z,83633.0,83477.5,-155.5,17.56,10.1,-7.46,False,False
2026-10-01T14:08:24.074227+00:00,s4v3,2026-10-01,SHORT,SHORT,False,2026-10-01 08:00:00,2026-10-01T08:00:27.172881Z,83541.0,83454.0,-87.0,2026-10-01 12:00:00,2026-10-01T12:00:06.437196Z,83449.0,83912.0,463.0,-9.99,-45.8,-35.81,False,False
2026-10-01T14:13:26.827464+00:00,s4v3,2026-10-01,SHORT,SHORT,False,2026-09-30 20:00:00,2026-09-30T20:00:52.957892Z,84001.0,83578.5,-422.5,2026-10-01 04:00:00,2026-10-01T00:51:02.597383Z,83633.0,83477.5,-155.5,17.56,10.1,-7.46,False,False
2026-10-01T14:13:26.827464+00:00,s4v3,2026-10-01,SHORT,SHORT,False,2026-10-01 08:00:00,2026-10-01T08:00:27.172881Z,83541.0,83454.0,-87.0,2026-10-01 12:00:00,2026-10-01T12:00:06.437196Z,83449.0,83912.0,463.0,-9.99,-45.8,-35.81,False,False
2026-10-01T14:18:28.145063+00:00,s4v3,2026-10-01,SHORT,SHORT,False,2026-09-30 20:00:00,2026-09-30T20:00:52.957892Z,84001.0,83578.5,-422.5,2026-10-01 04:00:00,2026-10-01T00:51:02.597383Z,83633.0,83477.5,-155.5,17.56,10.1,-7.46,False,False
2026-10-01T14:18:28.145063+00:00,s4v3,2026-10-01,SHORT,SHORT,False,2026-10-01 08:00:00,2026-10-01T08:00:27.172881Z,83541.0,83454.0,-87.0,2026-10-01 12:00:00,2026-10-01T12:00:06.437196Z,83449.0,83912.0,463.0,-9.99,-45.8,-35.81,False,False
2026-10-01T14:23:30.596462+00:00,s4v3,2026-10-01,SHORT,SHORT,False,2026-09-30 20:00:00,2026-09-30T20:00:52.957892Z,84001.0,83578.5,-422.5,2026-10-01 04:00:00,2026-10-01T00:51:02.597383Z,83633.0,83477.5,-155.5,17.56,10.1,-7.46,False,False
2026-10-01T14:23:30.596462+00:00,s4v3,2026-10-01,SHORT,SHORT,False,2026-10-01 08:00:00,2026-10-01T08:00:27.172881Z,83541.0,83454.0,-87.0,2026-10-01 12:00:00,2026-10-01T12:00:06.437196Z,83449.0,83912.0,463.0,-9.99,-45.8,-35.81,False,False
2026-10-01T14:28:33.367745+00:00,s4v3,2026-10-01,SHORT,SHORT,False,2026-09-30 20:00:00,2026-09-30T20:00:52.957892Z,84001.0,83578.5,-422.5,2026-10-01 04:00:00,2026-10-01T00:51:02.597383Z,83633.0,83477.5,-155.5,17.56,10.1,-7.46,False,False
2026-10-01T14:28:33.367745+00:00,s4v3,2026-10-01,SHORT,SHORT,False,2026-10-01 08:00:00,2026-10-01T08:00:27.172881Z,83541.0,83454.0,-87.0,2026-10-01 12:00:00,2026-10-01T12:00:06.437196Z,83449.0,83912.0,463.0,-9.99,-45.8,-35.81,False,False
2026-10-01T14:33:35.225140+00:00,s4v3,2026-10-01,SHORT,SHORT,False,2026-09-30 20:00:00,2026-09-30T20:00:52.957892Z,84001.0,83578.5,-422.5,2026-10-01 04:00:00,2026-10-01T00:51:02.597383Z,83633.0,83477.5,-155.5,17.56,10.1,-7.46,False,False
2026-10-01T14:33:35.225140+00:00,s4v3,2026-10-01,SHORT,SHORT,False,2026-10-01 08:00:00,2026-10-01T08:00:27.172881Z,83541.0,83454.0,-87.0,2026-10-01 12:00:00,2026-10-01T12:00:06.437196Z,83449.0,83912.0,463.0,-9.99,-45.8,-35.81,False,False
2026-10-01T14:38:37.920019+00:00,s4v3,2026-10-01,SHORT,SHORT,False,2026-09-30 20:00:00,2026-09-30T20:00:52.957892Z,84001.0,83578.5,-422.5,2026-10-01 04:00:00,2026-10-01T00:51:02.597383Z,83633.0,83477.5,-155.5,17.56,10.1,-7.46,False,False
2026-10-01T14:38:37.920019+00:00,s4v3,2026-10-01,SHORT,SHORT,False,2026-10-01 08:00:00,2026-10-01T08:00:27.172881Z,83541.0,83454.0,-87.0,2026-10-01 12:00:00,2026-10-01T12:00:06.437196Z,83449.0,83912.0,463.0,-9.99,-45.8,-35.81,False,False
2026-10-01T14:43:40.876673+00:00,s4v3,2026-10-01,SHORT,SHORT,False,2026-09-30 20:00:00,2026-09-30T20:00:52.957892Z,84001.0,83578.5,-422.5,2026-10-01 04:00:00,2026-10-01T00:51:02.597383Z,83633.0,83477.5,-155.5,17.56,10.1,-7.46,False,False
2026-10-01T14:43:40.876673+00:00,s4v3,2026-10-01,SHORT,SHORT,False,2026-10-01 08:00:00,2026-10-01T08:00:27.172881Z,83541.0,83454.0,-87.0,2026-10-01 12:00:00,2026-10-01T12:00:06.437196Z,83449.0,83912.0,463.0,-9.99,-45.8,-35.81,False,False
2026-10-01T14:48:42.195066+00:00,s4v3,2026-10-01,SHORT,SHORT,False,2026-09-30 20:00:00,2026-09-30T20:00:52.957892Z,84001.0,83578.5,-422.5,2026-10-01 04:00:00,2026-10-01T00:51:02.597383Z,83633.0,83477.5,-155.5,17.56,10.1,-7.46,False,False
2026-10-01T14:48:42.195066+00:00,s4v3,2026-10-01,SHORT,SHORT,False,2026-10-01 08:00:00,2026-10-01T08:00:27.172881Z,83541.0,83454.0,-87.0,2026-10-01 12:00:00,2026-10-01T12:00:06.437196Z,83449.0,83912.0,463.0,-9.99,-45.8,-35.81,False,False
2026-10-01T14:53:45.758659+00:00,s4v3,2026-10-01,SHORT,SHORT,False,2026-09-30 20:00:00,2026-09-30T20:00:52.957892Z,84001.0,83578.5,-422.5,2026-10-01 04:00:00,2026-10-01T00:51:02.597383Z,83633.0,83477.5,-155.5,17.56,10.1,-7.46,False,False
2026-10-01T14:53:45.758659+00:00,s4v3,2026-10-01,SHORT,SHORT,False,2026-10-01 08:00:00,2026-10-01T08:00:27.172881Z,83541.0,83454.0,-87.0,2026-10-01 12:00:00,2026-10-01T12:00:06.437196Z,83449.0,83912.0,463.0,-9.99,-45.8,-35.81,False,False
2026-10-01T14:58:49.524548+00:00,s4v3,2026-10-01,SHORT,SHORT,False,2026-09-30 20:00:00,2026-09-30T20:00:52.957892Z,84001.0,83578.5,-422.5,2026-10-01 04:00:00,2026-10-01T00:51:02.597383Z,83633.0,83477.5,-155.5,17.56,10.1,-7.46,False,False
2026-10-01T14:58:49.524548+00:00,s4v3,2026-10-01,SHORT,SHORT,False,2026-10-01 08:00:00,2026-10-01T08:00:27.172881Z,83541.0,83454.0,-87.0,2026-10-01 12:00:00,2026-10-01T12:00:06.437196Z,83449.0,83912.0,463.0,-9.99,-45.8,-35.81,False,False
2026-10-01T15:03:50.841286+00:00,s4v3,2026-10-01,SHORT,SHORT,False,2026-09-30 20:00:00,2026-09-30T20:00:52.957892Z,84001.0,83578.5,-422.5,2026-10-01 04:00:00,2026-10-01T00:51:02.597383Z,83633.0,83477.5,-155.5,17.56,10.1,-7.46,False,False
2026-10-01T15:03:50.841286+00:00,s4v3,2026-10-01,SHORT,SHORT,False,2026-10-01 08:00:00,2026-10-01T08:00:27.172881Z,83541.0,83454.0,-87.0,2026-10-01 12:00:00,2026-10-01T12:00:06.437196Z,83449.0,83912.0,463.0,-9.99,-45.8,-35.81,False,False
2026-10-01T15:08:51.828885+00:00,s4v3,2026-10-01,SHORT,SHORT,False,2026-09-30 20:00:00,2026-09-30T20:00:52.957892Z,84001.0,83578.5,-422.5,2026-10-01 04:00:00,2026-10-01T00:51:02.597383Z,83633.0,83477.5,-155.5,17.56,10.1,-7.46,False,False
2026-10-01T15:08:51.828885+00:00,s4v3,2026-10-01,SHORT,SHORT,False,2026-10-01 08:00:00,2026-10-01T08:00:27.172881Z,83541.0,83454.0,-87.0,2026-10-01 12:00:00,2026-10-01T12:00:06.437196Z,83449.0,83912.0,463.0,-9.99,-45.8,-35.81,False,False
2026-10-01T15:13:53.284222+00:00,s4v3,2026-10-01,SHORT,SHORT,False,2026-09-30 20:00:00,2026-09-30T20:00:52.957892Z,84001.0,83578.5,-422.5,2026-10-01 04:00:00,2026-10-01T00:51:02.597383Z,83633.0,83477.5,-155.5,17.56,10.1,-7.46,False,False
2026-10-01T15:13:53.284222+00:00,s4v3,2026-10-01,SHORT,SHORT,False,2026-10-01 08:00:00,2026-10-01T08:00:27.172881Z,83541.0,83454.0,-87.0,2026-10-01 12:00:00,2026-10-01T12:00:06.437196Z,83449.0,83912.0,463.0,-9.99,-45.8,-35.81,False,False
2026-10-01T15:18:54.431632+00:00,s4v3,2026-10-01,SHORT,SHORT,False,2026-09-30 20:00:00,2026-09-30T20:00:52.957892Z,84001.0,83578.5,-422.5,2026-10-01 04:00:00,2026-10-01T00:51:02.597383Z,83633.0,83477.5,-155.5,17.56,10.1,-7.46,False,False
2026-10-01T15:18:54.431632+00:00,s4v3,2026-10-01,SHORT,SHORT,False,2026-10-01 08:00:00,2026-10-01T08:00:27.172881Z,83541.0,83454.0,-87.0,2026-10-01 12:00:00,2026-10-01T12:00:06.437196Z,83449.0,83912.0,463.0,-9.99,-45.8,-35.81,False,False
2026-10-01T15:23:55.419751+00:00,s4v3,2026-10-01,SHORT,SHORT,False,2026-09-30 20:00:00,2026-09-30T20:00:52.957892Z,84001.0,83578.5,-422.5,2026-10-01 04:00:00,2026-10-01T00:51:02.597383Z,83633.0,83477.5,-155.5,17.56,10.1,-7.46,False,False
2026-10-01T15:23:55.419751+00:00,s4v3,2026-10-01,SHORT,SHORT,False,2026-10-01 08:00:00,2026-10-01T08:00:27.172881Z,83541.0,83454.0,-87.0,2026-10-01 12:00:00,2026-10-01T12:00:06.437196Z,83449.0,83912.0,463.0,-9.99,-45.8,-35.81,False,False
2026-10-01T15:28:56.746096+00:00,s4v3,2026-10-01,SHORT,SHORT,False,2026-09-30 20:00:00,2026-09-30T20:00:52.957892Z,84001.0,83578.5,-422.5,2026-10-01 04:00:00,2026-10-01T00:51:02.597383Z,83633.0,83477.5,-155.5,17.56,10.1,-7.46,False,False
2026-10-01T15:28:56.746096+00:00,s4v3,2026-10-01,SHORT,SHORT,False,2026-10-01 08:00:00,2026-10-01T08:00:27.172881Z,83541.0,83454.0,-87.0,2026-10-01 12:00:00,2026-10-01T12:00:06.437196Z,83449.0,83912.0,463.0,-9.99,-45.8,-35.81,False,False
2026-10-01T15:33:58.049542+00:00,s4v3,2026-10-01,SHORT,SHORT,False,2026-09-30 20:00:00,2026-09-30T20:00:52.957892Z,84001.0,83578.5,-422.5,2026-10-01 04:00:00,2026-10-01T00:51:02.597383Z,83633.0,83477.5,-155.5,17.56,10.1,-7.46,False,False
2026-10-01T15:33:58.049542+00:00,s4v3,2026-10-01,SHORT,SHORT,False,2026-10-01 08:00:00,2026-10-01T08:00:27.172881Z,83541.0,83454.0,-87.0,2026-10-01 12:00:00,2026-10-01T12:00:06.437196Z,83449.0,83912.0,463.0,-9.99,-45.8,-35.81,False,False
2026-10-01T15:39:00.868407+00:00,s4v3,2026-10-01,SHORT,SHORT,False,2026-09-30 20:00:00,2026-09-30T20:00:52.957892Z,84001.0,83578.5,-422.5,2026-10-01 04:00:00,2026-10-01T00:51:02.597383Z,83633.0,83477.5,-155.5,17.56,10.1,-7.46,False,False
2026-10-01T15:39:00.868407+00:00,s4v3,2026-10-01,SHORT,SHORT,False,2026-10-01 08:00:00,2026-10-01T08:00:27.172881Z,83541.0,83454.0,-87.0,2026-10-01 12:00:00,2026-10-01T12:00:06.437196Z,83449.0,83912.0,463.0,-9.99,-45.8,-35.81,False,False
2026-10-01T15:44:03.827707+00:00,s4v3,2026-10-01,SHORT,SHORT,False,2026-09-30 20:00:00,2026-09-30T20:00:52.957892Z,84001.0,83578.5,-422.5,2026-10-01 04:00:00,2026-10-01T00:51:02.597383Z,83633.0,83477.5,-155.5,17.56,10.1,-7.46,False,False
2026-10-01T15:44:03.827707+00:00,s4v3,2026-10-01,SHORT,SHORT,False,2026-10-01 08:00:00,2026-10-01T08:00:27.172881Z,83541.0,83454.0,-87.0,2026-10-01 12:00:00,2026-10-01T12:00:06.437196Z,83449.0,83912.0,463.0,-9.99,-45.8,-35.81,False,False
2026-10-01T15:49:07.821323+00:00,s4v3,2026-10-01,SHORT,SHORT,False,2026-09-30 20:00:00,2026-09-30T20:00:52.957892Z,84001.0,83578.5,-422.5,2026-10-01 04:00:00,2026-10-01T00:51:02.597383Z,83633.0,83477.5,-155.5,17.56,10.1,-7.46,False,False
2026-10-01T15:49:07.821323+00:00,s4v3,2026-10-01,SHORT,SHORT,False,2026-10-01 08:00:00,2026-10-01T08:00:27.172881Z,83541.0,83454.0,-87.0,2026-10-01 12:00:00,2026-10-01T12:00:06.437196Z,83449.0,83912.0,463.0,-9.99,-45.8,-35.81,False,False
2026-10-01T15:54:10.569370+00:00,s4v3,2026-10-01,SHORT,SHORT,False,2026-09-30 20:00:00,2026-09-30T20:00:52.957892Z,84001.0,83578.5,-422.5,2026-10-01 04:00:00,2026-10-01T00:51:02.597383Z,83633.0,83477.5,-155.5,17.56,10.1,-7.46,False,False
2026-10-01T15:54:10.569370+00:00,s4v3,2026-10-01,SHORT,SHORT,False,2026-10-01 08:00:00,2026-10-01T08:00:27.172881Z,83541.0,83454.0,-87.0,2026-10-01 12:00:00,2026-10-01T12:00:06.437196Z,83449.0,83912.0,463.0,-9.99,-45.8,-35.81,False,False
2026-10-01T15:59:13.824551+00:00,s4v3,2026-10-01,SHORT,SHORT,False,2026-09-30 20:00:00,2026-09-30T20:00:52.957892Z,84001.0,83578.5,-422.5,2026-10-01 04:00:00,2026-10-01T00:51:02.597383Z,83633.0,83477.5,-155.5,17.56,10.1,-7.46,False,False
2026-10-01T15:59:13.824551+00:00,s4v3,2026-10-01,SHORT,SHORT,False,2026-10-01 08:00:00,2026-10-01T08:00:27.172881Z,83541.0,83454.0,-87.0,2026-10-01 12:00:00,2026-10-01T12:00:06.437196Z,83449.0,83912.0,463.0,-9.99,-45.8,-35.81,False,False
2026-10-01T16:04:16.119903+00:00,s4v3,2026-10-01,SHORT,SHORT,False,2026-09-30 20:00:00,2026-09-30T20:00:52.957892Z,84001.0,83578.5,-422.5,2026-10-01 04:00:00,2026-10-01T00:51:02.597383Z,83633.0,83477.5,-155.5,17.56,10.1,-7.46,False,False
2026-10-01T16:04:16.119903+00:00,s4v3,2026-10-01,SHORT,SHORT,False,2026-10-01 08:00:00,2026-10-01T08:00:27.172881Z,83541.0,83454.0,-87.0,2026-10-01 12:00:00,2026-10-01T12:00:06.437196Z,83449.0,83912.0,463.0,-9.99,-45.8,-35.81,False,False
2026-10-01T16:09:17.662416+00:00,s4v3,2026-10-01,SHORT,SHORT,False,2026-09-30 20:00:00,2026-09-30T20:00:52.957892Z,84001.0,83578.5,-422.5,2026-10-01 04:00:00,2026-10-01T00:51:02.597383Z,83633.0,83477.5,-155.5,17.56,10.1,-7.46,False,False
2026-10-01T16:09:17.662416+00:00,s4v3,2026-10-01,SHORT,SHORT,False,2026-10-01 08:00:00,2026-10-01T08:00:27.172881Z,83541.0,83454.0,-87.0,2026-10-01 12:00:00,2026-10-01T12:00:06.437196Z,83449.0,83912.0,463.0,-9.99,-45.8,-35.81,False,False
2026-10-01T16:14:19.677256+00:00,s4v3,2026-10-01,SHORT,SHORT,False,2026-09-30 20:00:00,2026-09-30T20:00:52.957892Z,84001.0,83578.5,-422.5,2026-10-01 04:00:00,2026-10-01T00:51:02.597383Z,83633.0,83477.5,-155.5,17.56,10.1,-7.46,False,False
2026-10-01T16:14:19.677256+00:00,s4v3,2026-10-01,SHORT,SHORT,False,2026-10-01 08:00:00,2026-10-01T08:00:27.172881Z,83541.0,83454.0,-87.0,2026-10-01 12:00:00,2026-10-01T12:00:06.437196Z,83449.0,83912.0,463.0,-9.99,-45.8,-35.81,False,False
2026-10-01T16:19:22.208795+00:00,s4v3,2026-10-01,SHORT,SHORT,False,2026-09-30 20:00:00,2026-09-30T20:00:52.957892Z,84001.0,83578.5,-422.5,2026-10-01 04:00:00,2026-10-01T00:51:02.597383Z,83633.0,83477.5,-155.5,17.56,10.1,-7.46,False,False
2026-10-01T16:19:22.208795+00:00,s4v3,2026-10-01,SHORT,SHORT,False,2026-10-01 08:00:00,2026-10-01T08:00:27.172881Z,83541.0,83454.0,-87.0,2026-10-01 12:00:00,2026-10-01T12:00:06.437196Z,83449.0,83912.0,463.0,-9.99,-45.8,-35.81,False,False
2026-10-01T16:24:24.796210+00:00,s4v3,2026-10-01,SHORT,SHORT,False,2026-09-30 20:00:00,2026-09-30T20:00:52.957892Z,84001.0,83578.5,-422.5,2026-10-01 04:00:00,2026-10-01T00:51:02.597383Z,83633.0,83477.5,-155.5,17.56,10.1,-7.46,False,False
2026-10-01T16:24:24.796210+00:00,s4v3,2026-10-01,SHORT,SHORT,False,2026-10-01 08:00:00,2026-10-01T08:00:27.172881Z,83541.0,83454.0,-87.0,2026-10-01 12:00:00,2026-10-01T12:00:06.437196Z,83449.0,83912.0,463.0,-9.99,-45.8,-35.81,False,False
2026-10-01T16:29:27.319917+00:00,s4v3,2026-10-01,SHORT,SHORT,False,2026-09-30 20:00:00,2026-09-30T20:00:52.957892Z,84001.0,83578.5,-422.5,2026-10-01 04:00:00,2026-10-01T00:51:02.597383Z,83633.0,83477.5,-155.5,17.56,10.1,-7.46,False,False
2026-10-01T16:29:27.319917+00:00,s4v3,2026-10-01,SHORT,SHORT,False,2026-10-01 08:00:00,2026-10-01T08:00:27.172881Z,83541.0,83454.0,-87.0,2026-10-01 12:00:00,2026-10-01T12:00:06.437196Z,83449.0,83912.0,463.0,-9.99,-45.8,-35.81,False,False
2026-10-01T16:34:29.020161+00:00,s4v3,2026-10-01,SHORT,SHORT,False,2026-09-30 20:00:00,2026-09-30T20:00:52.957892Z,84001.0,83578.5,-422.5,2026-10-01 04:00:00,2026-10-01T00:51:02.597383Z,83633.0,83477.5,-155.5,17.56,10.1,-7.46,False,False
2026-10-01T16:34:29.020161+00:00,s4v3,2026-10-01,SHORT,SHORT,False,2026-10-01 08:00:00,2026-10-01T08:00:27.172881Z,83541.0,83454.0,-87.0,2026-10-01 12:00:00,2026-10-01T12:00:06.437196Z,83449.0,83912.0,463.0,-9.99,-45.8,-35.81,False,False
2026-10-01T16:39:31.570716+00:00,s4v3,2026-10-01,SHORT,SHORT,False,2026-09-30 20:00:00,2026-09-30T20:00:52.957892Z,84001.0,83578.5,-422.5,2026-10-01 04:00:00,2026-10-01T00:51:02.597383Z,83633.0,83477.5,-155.5,17.56,10.1,-7.46,False,False
2026-10-01T16:39:31.570716+00:00,s4v3,2026-10-01,SHORT,SHORT,False,2026-10-01 08:00:00,2026-10-01T08:00:27.172881Z,83541.0,83454.0,-87.0,2026-10-01 12:00:00,2026-10-01T12:00:06.437196Z,83449.0,83912.0,463.0,-9.99,-45.8,-35.81,False,False
2026-10-01T16:44:33.451273+00:00,s4v3,2026-10-01,SHORT,SHORT,False,2026-09-30 20:00:00,2026-09-30T20:00:52.957892Z,84001.0,83578.5,-422.5,2026-10-01 04:00:00,2026-10-01T00:51:02.597383Z,83633.0,83477.5,-155.5,17.56,10.1,-7.46,False,False
2026-10-01T16:44:33.451273+00:00,s4v3,2026-10-01,SHORT,SHORT,False,2026-10-01 08:00:00,2026-10-01T08:00:27.172881Z,83541.0,83454.0,-87.0,2026-10-01 12:00:00,2026-10-01T12:00:06.437196Z,83449.0,83912.0,463.0,-9.99,-45.8,-35.81,False,False
2026-10-01T16:49:35.825445+00:00,s4v3,2026-10-01,SHORT,SHORT,False,2026-09-30 20:00:00,2026-09-30T20:00:52.957892Z,84001.0,83578.5,-422.5,2026-10-01 04:00:00,2026-10-01T00:51:02.597383Z,83633.0,83477.5,-155.5,17.56,10.1,-7.46,False,False
2026-10-01T16:49:35.825445+00:00,s4v3,2026-10-01,SHORT,SHORT,False,2026-10-01 08:00:00,2026-10-01T08:00:27.172881Z,83541.0,83454.0,-87.0,2026-10-01 12:00:00,2026-10-01T12:00:06.437196Z,83449.0,83912.0,463.0,-9.99,-45.8,-35.81,False,False
2026-10-01T16:54:37.788019+00:00,s4v3,2026-10-01,SHORT,SHORT,False,2026-09-30 20:00:00,2026-09-30T20:00:52.957892Z,84001.0,83578.5,-422.5,2026-10-01 04:00:00,2026-10-01T00:51:02.597383Z,83633.0,83477.5,-155.5,17.56,10.1,-7.46,False,False
2026-10-01T16:54:37.788019+00:00,s4v3,2026-10-01,SHORT,SHORT,False,2026-10-01 08:00:00,2026-10-01T08:00:27.172881Z,83541.0,83454.0,-87.0,2026-10-01 12:00:00,2026-10-01T12:00:06.437196Z,83449.0,83912.0,463.0,-9.99,-45.8,-35.81,False,False
2026-10-01T16:59:42.379814+00:00,s4v3,2026-10-01,SHORT,SHORT,False,2026-09-30 20:00:00,2026-09-30T20:00:52.957892Z,84001.0,83578.5,-422.5,2026-10-01 04:00:00,2026-10-01T00:51:02.597383Z,83633.0,83477.5,-155.5,17.56,10.1,-7.46,False,False
2026-10-01T16:59:42.379814+00:00,s4v3,2026-10-01,SHORT,SHORT,False,2026-10-01 08:00:00,2026-10-01T08:00:27.172881Z,83541.0,83454.0,-87.0,2026-10-01 12:00:00,2026-10-01T12:00:06.437196Z,83449.0,83912.0,463.0,-9.99,-45.8,-35.81,False,False
2026-10-01T17:04:44.226184+00:00,s4v3,2026-10-01,SHORT,SHORT,False,2026-09-30 20:00:00,2026-09-30T20:00:52.957892Z,84001.0,83578.5,-422.5,2026-10-01 04:00:00,2026-10-01T00:51:02.597383Z,83633.0,83477.5,-155.5,17.56,10.1,-7.46,False,False
2026-10-01T17:04:44.226184+00:00,s4v3,2026-10-01,SHORT,SHORT,False,2026-10-01 08:00:00,2026-10-01T08:00:27.172881Z,83541.0,83454.0,-87.0,2026-10-01 12:00:00,2026-10-01T12:00:06.437196Z,83449.0,83912.0,463.0,-9.99,-45.8,-35.81,False,False
2026-10-01T17:09:47.949709+00:00,s4v3,2026-10-01,SHORT,SHORT,False,2026-09-30 20:00:00,2026-09-30T20:00:52.957892Z,84001.0,83578.5,-422.5,2026-10-01 04:00:00,2026-10-01T00:51:02.597383Z,83633.0,83477.5,-155.5,17.56,10.1,-7.46,False,False
2026-10-01T17:09:47.949709+00:00,s4v3,2026-10-01,SHORT,SHORT,False,2026-10-01 08:00:00,2026-10-01T08:00:27.172881Z,83541.0,83454.0,-87.0,2026-10-01 12:00:00,2026-10-01T12:00:06.437196Z,83449.0,83912.0,463.0,-9.99,-45.8,-35.81,False,False
2026-10-01T17:14:49.130764+00:00,s4v3,2026-10-01,SHORT,SHORT,False,2026-09-30 20:00:00,2026-09-30T20:00:52.957892Z,84001.0,83578.5,-422.5,2026-10-01 04:00:00,2026-10-01T00:51:02.597383Z,83633.0,83477.5,-155.5,17.56,10.1,-7.46,False,False
2026-10-01T17:14:49.130764+00:00,s4v3,2026-10-01,SHORT,SHORT,False,2026-10-01 08:00:00,2026-10-01T08:00:27.172881Z,83541.0,83454.0,-87.0,2026-10-01 12:00:00,2026-10-01T12:00:06.437196Z,83449.0,83912.0,463.0,-9.99,-45.8,-35.81,False,False
2026-10-01T17:19:54.721396+00:00,s4v3,2026-10-01,SHORT,SHORT,False,2026-09-30 20:00:00,2026-09-30T20:00:52.957892Z,84001.0,83578.5,-422.5,2026-10-01 04:00:00,2026-10-01T00:51:02.597383Z,83633.0,83477.5,-155.5,17.56,10.1,-7.46,False,False
2026-10-01T17:19:54.721396+00:00,s4v3,2026-10-01,SHORT,SHORT,False,2026-10-01 08:00:00,2026-10-01T08:00:27.172881Z,83541.0,83454.0,-87.0,2026-10-01 12:00:00,2026-10-01T12:00:06.437196Z,83449.0,83912.0,463.0,-9.99,-45.8,-35.81,False,False
2026-10-01T17:24:56.319145+00:00,s4v3,2026-10-01,SHORT,SHORT,False,2026-09-30 20:00:00,2026-09-30T20:00:52.957892Z,84001.0,83578.5,-422.5,2026-10-01 04:00:00,2026-10-01T00:51:02.597383Z,83633.0,83477.5,-155.5,17.56,10.1,-7.46,False,False
2026-10-01T17:24:56.319145+00:00,s4v3,2026-10-01,SHORT,SHORT,False,2026-10-01 08:00:00,2026-10-01T08:00:27.172881Z,83541.0,83454.0,-87.0,2026-10-01 12:00:00,2026-10-01T12:00:06.437196Z,83449.0,83912.0,463.0,-9.99,-45.8,-35.81,False,False
2026-10-01T17:29:58.711967+00:00,s4v3,2026-10-01,SHORT,SHORT,False,2026-09-30 20:00:00,2026-09-30T20:00:52.957892Z,84001.0,83578.5,-422.5,2026-10-01 04:00:00,2026-10-01T00:51:02.597383Z,83633.0,83477.5,-155.5,17.56,10.1,-7.46,False,False
2026-10-01T17:29:58.711967+00:00,s4v3,2026-10-01,SHORT,SHORT,False,2026-10-01 08:00:00,2026-10-01T08:00:27.172881Z,83541.0,83454.0,-87.0,2026-10-01 12:00:00,2026-10-01T12:00:06.437196Z,83449.0,83912.0,463.0,-9.99,-45.8,-35.81,False,False
2026-10-01T17:34:59.752890+00:00,s4v3,2026-10-01,SHORT,SHORT,False,2026-09-30 20:00:00,2026-09-30T20:00:52.957892Z,84001.0,83578.5,-422.5,2026-10-01 04:00:00,2026-10-01T00:51:02.597383Z,83633.0,83477.5,-155.5,17.56,10.1,-7.46,False,False
2026-10-01T17:34:59.752890+00:00,s4v3,2026-10-01,SHORT,SHORT,False,2026-10-01 08:00:00,2026-10-01T08:00:27.172881Z,83541.0,83454.0,-87.0,2026-10-01 12:00:00,2026-10-01T12:00:06.437196Z,83449.0,83912.0,463.0,-9.99,-45.8,-35.81,False,False
2026-10-01T17:40:02.326856+00:00,s4v3,2026-10-01,SHORT,SHORT,False,2026-09-30 20:00:00,2026-09-30T20:00:52.957892Z,84001.0,83578.5,-422.5,2026-10-01 04:00:00,2026-10-01T00:51:02.597383Z,83633.0,83477.5,-155.5,17.56,10.1,-7.46,False,False
2026-10-01T17:40:02.326856+00:00,s4v3,2026-10-01,SHORT,SHORT,False,2026-10-01 08:00:00,2026-10-01T08:00:27.172881Z,83541.0,83454.0,-87.0,2026-10-01 12:00:00,2026-10-01T12:00:06.437196Z,83449.0,83912.0,463.0,-9.99,-45.8,-35.81,False,False
2026-10-01T17:45:04.953539+00:00,s4v3,2026-10-01,SHORT,SHORT,False,2026-09-30 20:00:00,2026-09-30T20:00:52.957892Z,84001.0,83578.5,-422.5,2026-10-01 04:00:00,2026-10-01T00:51:02.597383Z,83633.0,83477.5,-155.5,17.56,10.1,-7.46,False,False
2026-10-01T17:45:04.953539+00:00,s4v3,2026-10-01,SHORT,SHORT,False,2026-10-01 08:00:00,2026-10-01T08:00:27.172881Z,83541.0,83454.0,-87.0,2026-10-01 12:00:00,2026-10-01T12:00:06.437196Z,83449.0,83912.0,463.0,-9.99,-45.8,-35.81,False,False
2026-10-01T17:50:07.946983+00:00,s4v3,2026-10-01,SHORT,SHORT,False,2026-09-30 20:00:00,2026-09-30T20:00:52.957892Z,84001.0,83578.5,-422.5,2026-10-01 04:00:00,2026-10-01T00:51:02.597383Z,83633.0,83477.5,-155.5,17.56,10.1,-7.46,False,False
2026-10-01T17:50:07.946983+00:00,s4v3,2026-10-01,SHORT,SHORT,False,2026-10-01 08:00:00,2026-10-01T08:00:27.172881Z,83541.0,83454.0,-87.0,2026-10-01 12:00:00,2026-10-01T12:00:06.437196Z,83449.0,83912.0,463.0,-9.99,-45.8,-35.81,False,False
2026-10-01T17:55:12.131990+00:00,s4v3,2026-10-01,SHORT,SHORT,False,2026-09-30 20:00:00,2026-09-30T20:00:52.957892Z,84001.0,83578.5,-422.5,2026-10-01 04:00:00,2026-10-01T00:51:02.597383Z,83633.0,83477.5,-155.5,17.56,10.1,-7.46,False,False
2026-10-01T17:55:12.131990+00:00,s4v3,2026-10-01,SHORT,SHORT,False,2026-10-01 08:00:00,2026-10-01T08:00:27.172881Z,83541.0,83454.0,-87.0,2026-10-01 12:00:00,2026-10-01T12:00:06.437196Z,83449.0,83912.0,463.0,-9.99,-45.8,-35.81,False,False
2026-10-01T18:00:16.860217+00:00,s4v3,2026-10-01,SHORT,SHORT,False,2026-09-30 20:00:00,2026-09-30T20:00:52.957892Z,84001.0,83578.5,-422.5,2026-10-01 04:00:00,2026-10-01T00:51:02.597383Z,83633.0,83477.5,-155.5,17.56,10.1,-7.46,False,False
2026-10-01T18:00:16.860217+00:00,s4v3,2026-10-01,SHORT,SHORT,False,2026-10-01 08:00:00,2026-10-01T08:00:27.172881Z,83541.0,83454.0,-87.0,2026-10-01 12:00:00,2026-10-01T12:00:06.437196Z,83449.0,83912.0,463.0,-9.99,-45.8,-35.81,False,False
2026-10-01T18:05:23.414754+00:00,s4v3,2026-10-01,SHORT,SHORT,False,2026-09-30 20:00:00,2026-09-30T20:00:52.957892Z,84001.0,83578.5,-422.5,2026-10-01 04:00:00,2026-10-01T00:51:02.597383Z,83633.0,83477.5,-155.5,17.56,10.1,-7.46,False,False
2026-10-01T18:05:23.414754+00:00,s4v3,2026-10-01,SHORT,SHORT,False,2026-10-01 08:00:00,2026-10-01T08:00:27.172881Z,83541.0,83454.0,-87.0,2026-10-01 12:00:00,2026-10-01T12:00:06.437196Z,83449.0,83912.0,463.0,-9.99,-45.8,-35.81,False,False
2026-10-01T18:10:28.681326+00:00,s4v3,2026-10-01,SHORT,SHORT,False,2026-09-30 20:00:00,2026-09-30T20:00:52.957892Z,84001.0,83578.5,-422.5,2026-10-01 04:00:00,2026-10-01T00:51:02.597383Z,83633.0,83477.5,-155.5,17.56,10.1,-7.46,False,False
2026-10-01T18:10:28.681326+00:00,s4v3,2026-10-01,SHORT,SHORT,False,2026-10-01 08:00:00,2026-10-01T08:00:27.172881Z,83541.0,83454.0,-87.0,2026-10-01 12:00:00,2026-10-01T12:00:06.437196Z,83449.0,83912.0,463.0,-9.99,-45.8,-35.81,False,False
2026-10-01T18:15:33.447577+00:00,s4v3,2026-10-01,SHORT,SHORT,False,2026-09-30 20:00:00,2026-09-30T20:00:52.957892Z,84001.0,83578.5,-422.5,2026-10-01 04:00:00,2026-10-01T00:51:02.597383Z,83633.0,83477.5,-155.5,17.56,10.1,-7.46,False,False
2026-10-01T18:15:33.447577+00:00,s4v3,2026-10-01,SHORT,SHORT,False,2026-10-01 08:00:00,2026-10-01T08:00:27.172881Z,83541.0,83454.0,-87.0,2026-10-01 12:00:00,2026-10-01T12:00:06.437196Z,83449.0,83912.0,463.0,-9.99,-45.8,-35.81,False,False
2026-10-01T18:20:40.954038+00:00,s4v3,2026-10-01,SHORT,SHORT,False,2026-09-30 20:00:00,2026-09-30T20:00:52.957892Z,84001.0,83578.5,-422.5,2026-10-01 04:00:00,2026-10-01T00:51:02.597383Z,83633.0,83477.5,-155.5,17.56,10.1,-7.46,False,False
2026-10-01T18:20:40.954038+00:00,s4v3,2026-10-01,SHORT,SHORT,False,2026-10-01 08:00:00,2026-10-01T08:00:27.172881Z,83541.0,83454.0,-87.0,2026-10-01 12:00:00,2026-10-01T12:00:06.437196Z,83449.0,83912.0,463.0,-9.99,-45.8,-35.81,False,False
2026-10-01T18:25:45.500811+00:00,s4v3,2026-10-01,SHORT,SHORT,False,2026-09-30 20:00:00,2026-09-30T20:00:52.957892Z,84001.0,83578.5,-422.5,2026-10-01 04:00:00,2026-10-01T00:51:02.597383Z,83633.0,83477.5,-155.5,17.56,10.1,-7.46,False,False
2026-10-01T18:25:45.500811+00:00,s4v3,2026-10-01,SHORT,SHORT,False,2026-10-01 08:00:00,2026-10-01T08:00:27.172881Z,83541.0,83454.0,-87.0,2026-10-01 12:00:00,2026-10-01T12:00:06.437196Z,83449.0,83912.0,463.0,-9.99,-45.8,-35.81,False,False
2026-10-01T18:30:49.771624+00:00,s4v3,2026-10-01,SHORT,SHORT,False,2026-09-30 20:00:00,2026-09-30T20:00:52.957892Z,84001.0,83578.5,-422.5,2026-10-01 04:00:00,2026-10-01T00:51:02.597383Z,83633.0,83477.5,-155.5,17.56,10.1,-7.46,False,False
2026-10-01T18:30:49.771624+00:00,s4v3,2026-10-01,SHORT,SHORT,False,2026-10-01 08:00:00,2026-10-01T08:00:27.172881Z,83541.0,83454.0,-87.0,2026-10-01 12:00:00,2026-10-01T12:00:06.437196Z,83449.0,83912.0,463.0,-9.99,-45.8,-35.81,False,False
2026-10-01T18:35:55.035643+00:00,s4v3,2026-10-01,SHORT,SHORT,False,2026-09-30 20:00:00,2026-09-30T20:00:52.957892Z,84001.0,83578.5,-422.5,2026-10-01 04:00:00,2026-10-01T00:51:02.597383Z,83633.0,83477.5,-155.5,17.56,10.1,-7.46,False,False
2026-10-01T18:35:55.035643+00:00,s4v3,2026-10-01,SHORT,SHORT,False,2026-10-01 08:00:00,2026-10-01T08:00:27.172881Z,83541.0,83454.0,-87.0,2026-10-01 12:00:00,2026-10-01T12:00:06.437196Z,83449.0,83912.0,463.0,-9.99,-45.8,-35.81,False,False
2026-10-01T18:41:04.091140+00:00,s4v3,2026-10-01,SHORT,SHORT,False,2026-09-30 20:00:00,2026-09-30T20:00:52.957892Z,84001.0,83578.5,-422.5,2026-10-01 04:00:00,2026-10-01T00:51:02.597383Z,83633.0,83477.5,-155.5,17.56,10.1,-7.46,False,False
2026-10-01T18:41:04.091140+00:00,s4v3,2026-10-01,SHORT,SHORT,False,2026-10-01 08:00:00,2026-10-01T08:00:27.172881Z,83541.0,83454.0,-87.0,2026-10-01 12:00:00,2026-10-01T12:00:06.437196Z,83449.0,83912.0,463.0,-9.99,-45.8,-35.81,False,False
2026-10-01T18:46:08.524191+00:00,s4v3,2026-10-01,SHORT,SHORT,False,2026-09-30 20:00:00,2026-09-30T20:00:52.957892Z,84001.0,83578.5,-422.5,2026-10-01 04:00:00,2026-10-01T00:51:02.597383Z,83633.0,83477.5,-155.5,17.56,10.1,-7.46,False,False
2026-10-01T18:46:08.524191+00:00,s4v3,2026-10-01,SHORT,SHORT,False,2026-10-01 08:00:00,2026-10-01T08:00:27.172881Z,83541.0,83454.0,-87.0,2026-10-01 12:00:00,2026-10-01T12:00:06.437196Z,83449.0,83912.0,463.0,-9.99,-45.8,-35.81,False,False
2026-10-01T18:51:14.278132+00:00,s4v3,2026-10-01,SHORT,SHORT,False,2026-09-30 20:00:00,2026-09-30T20:00:52.957892Z,84001.0,83578.5,-422.5,2026-10-01 04:00:00,2026-10-01T00:51:02.597383Z,83633.0,83477.5,-155.5,17.56,10.1,-7.46,False,False
2026-10-01T18:51:14.278132+00:00,s4v3,2026-10-01,SHORT,SHORT,False,2026-10-01 08:00:00,2026-10-01T08:00:27.172881Z,83541.0,83454.0,-87.0,2026-10-01 12:00:00,2026-10-01T12:00:06.437196Z,83449.0,83912.0,463.0,-9.99,-45.8,-35.81,False,False
2026-10-01T18:56:17.823959+00:00,s4v3,2026-10-01,SHORT,SHORT,False,2026-09-30 20:00:00,2026-09-30T20:00:52.957892Z,84001.0,83578.5,-422.5,2026-10-01 04:00:00,2026-10-01T00:51:02.597383Z,83633.0,83477.5,-155.5,17.56,10.1,-7.46,False,False
2026-10-01T18:56:17.823959+00:00,s4v3,2026-10-01,SHORT,SHORT,False,2026-10-01 08:00:00,2026-10-01T08:00:27.172881Z,83541.0,83454.0,-87.0,2026-10-01 12:00:00,2026-10-01T12:00:06.437196Z,83449.0,83912.0,463.0,-9.99,-45.8,-35.81,False,False
2026-10-01T19:01:28.364665+00:00,s4v3,2026-10-01,SHORT,SHORT,False,2026-09-30 20:00:00,2026-09-30T20:00:52.957892Z,84001.0,83578.5,-422.5,2026-10-01 04:00:00,2026-10-01T00:51:02.597383Z,83633.0,83477.5,-155.5,17.56,10.1,-7.46,False,False
2026-10-01T19:01:28.364665+00:00,s4v3,2026-10-01,SHORT,SHORT,False,2026-10-01 08:00:00,2026-10-01T08:00:27.172881Z,83541.0,83454.0,-87.0,2026-10-01 12:00:00,2026-10-01T12:00:06.437196Z,83449.0,83912.0,463.0,-9.99,-45.8,-35.81,False,False
2026-10-01T19:06:29.895088+00:00,s4v3,2026-10-01,SHORT,SHORT,False,2026-09-30 20:00:00,2026-09-30T20:00:52.957892Z,84001.0,83578.5,-422.5,2026-10-01 04:00:00,2026-10-01T00:51:02.597383Z,83633.0,83477.5,-155.5,17.56,10.1,-7.46,False,False
2026-10-01T19:06:29.895088+00:00,s4v3,2026-10-01,SHORT,SHORT,False,2026-10-01 08:00:00,2026-10-01T08:00:27.172881Z,83541.0,83454.0,-87.0,2026-10-01 12:00:00,2026-10-01T12:00:06.437196Z,83449.0,83912.0,463.0,-9.99,-45.8,-35.81,False,False
2026-10-01T19:11:35.894605+00:00,s4v3,2026-10-01,SHORT,SHORT,False,2026-09-30 20:00:00,2026-09-30T20:00:52.957892Z,84001.0,83578.5,-422.5,2026-10-01 04:00:00,2026-10-01T00:51:02.597383Z,83633.0,83477.5,-155.5,17.56,10.1,-7.46,False,False
2026-10-01T19:11:35.894605+00:00,s4v3,2026-10-01,SHORT,SHORT,False,2026-10-01 08:00:00,2026-10-01T08:00:27.172881Z,83541.0,83454.0,-87.0,2026-10-01 12:00:00,2026-10-01T12:00:06.437196Z,83449.0,83912.0,463.0,-9.99,-45.8,-35.81,False,False
2026-10-01T19:16:39.619598+00:00,s4v3,2026-10-01,SHORT,SHORT,False,2026-09-30 20:00:00,2026-09-30T20:00:52.957892Z,84001.0,83578.5,-422.5,2026-10-01 04:00:00,2026-10-01T00:51:02.597383Z,83633.0,83477.5,-155.5,17.56,10.1,-7.46,False,False
2026-10-01T19:16:39.619598+00:00,s4v3,2026-10-01,SHORT,SHORT,False,2026-10-01 08:00:00,2026-10-01T08:00:27.172881Z,83541.0,83454.0,-87.0,2026-10-01 12:00:00,2026-10-01T12:00:06.437196Z,83449.0,83912.0,463.0,-9.99,-45.8,-35.81,False,False
2026-10-01T19:21:44.177032+00:00,s4v3,2026-10-01,SHORT,SHORT,False,2026-09-30 20:00:00,2026-09-30T20:00:52.957892Z,84001.0,83578.5,-422.5,2026-10-01 04:00:00,2026-10-01T00:51:02.597383Z,83633.0,83477.5,-155.5,17.56,10.1,-7.46,False,False
2026-10-01T19:21:44.177032+00:00,s4v3,2026-10-01,SHORT,SHORT,False,2026-10-01 08:00:00,2026-10-01T08:00:27.172881Z,83541.0,83454.0,-87.0,2026-10-01 12:00:00,2026-10-01T12:00:06.437196Z,83449.0,83912.0,463.0,-9.99,-45.8,-35.81,False,False
2026-10-01T19:26:48.028610+00:00,s4v3,2026-10-01,SHORT,SHORT,False,2026-09-30 20:00:00,2026-09-30T20:00:52.957892Z,84001.0,83578.5,-422.5,2026-10-01 04:00:00,2026-10-01T00:51:02.597383Z,83633.0,83477.5,-155.5,17.56,10.1,-7.46,False,False
2026-10-01T19:26:48.028610+00:00,s4v3,2026-10-01,SHORT,SHORT,False,2026-10-01 08:00:00,2026-10-01T08:00:27.172881Z,83541.0,83454.0,-87.0,2026-10-01 12:00:00,2026-10-01T12:00:06.437196Z,83449.0,83912.0,463.0,-9.99,-45.8,-35.81,False,False
2026-10-01T19:32:08.567825+00:00,s4v3,2026-10-01,SHORT,SHORT,False,2026-09-30 20:00:00,2026-09-30T20:00:52.957892Z,84001.0,83578.5,-422.5,2026-10-01 04:00:00,2026-10-01T00:51:02.597383Z,83633.0,83477.5,-155.5,17.56,10.1,-7.46,False,False
2026-10-01T19:32:08.567825+00:00,s4v3,2026-10-01,SHORT,SHORT,False,2026-10-01 08:00:00,2026-10-01T08:00:27.172881Z,83541.0,83454.0,-87.0,2026-10-01 12:00:00,2026-10-01T12:00:06.437196Z,83449.0,83912.0,463.0,-9.99,-45.8,-35.81,False,False
2026-10-01T19:37:15.336193+00:00,s4v3,2026-10-01,SHORT,SHORT,False,2026-09-30 20:00:00,2026-09-30T20:00:52.957892Z,84001.0,83578.5,-422.5,2026-10-01 04:00:00,2026-10-01T00:51:02.597383Z,83633.0,83477.5,-155.5,17.56,10.1,-7.46,False,False
2026-10-01T19:37:15.336193+00:00,s4v3,2026-10-01,SHORT,SHORT,False,2026-10-01 08:00:00,2026-10-01T08:00:27.172881Z,83541.0,83454.0,-87.0,2026-10-01 12:00:00,2026-10-01T12:00:06.437196Z,83449.0,83912.0,463.0,-9.99,-45.8,-35.81,False,False
2026-10-01T19:42:19.559508+00:00,s4v3,2026-10-01,SHORT,SHORT,False,2026-09-30 20:00:00,2026-09-30T20:00:52.957892Z,84001.0,83578.5,-422.5,2026-10-01 04:00:00,2026-10-01T00:51:02.597383Z,83633.0,83477.5,-155.5,17.56,10.1,-7.46,False,False
2026-10-01T19:42:19.559508+00:00,s4v3,2026-10-01,SHORT,SHORT,False,2026-10-01 08:00:00,2026-10-01T08:00:27.172881Z,83541.0,83454.0,-87.0,2026-10-01 12:00:00,2026-10-01T12:00:06.437196Z,83449.0,83912.0,463.0,-9.99,-45.8,-35.81,False,False
2026-10-01T19:47:30.294760+00:00,s4v3,2026-10-01,SHORT,SHORT,False,2026-09-30 20:00:00,2026-09-30T20:00:52.957892Z,84001.0,83578.5,-422.5,2026-10-01 04:00:00,2026-10-01T00:51:02.597383Z,83633.0,83477.5,-155.5,17.56,10.1,-7.46,False,False
2026-10-01T19:47:30.294760+00:00,s4v3,2026-10-01,SHORT,SHORT,False,2026-10-01 08:00:00,2026-10-01T08:00:27.172881Z,83541.0,83454.0,-87.0,2026-10-01 12:00:00,2026-10-01T12:00:06.437196Z,83449.0,83912.0,463.0,-9.99,-45.8,-35.81,False,False
2026-10-01T19:52:33.319100+00:00,s4v3,2026-10-01,SHORT,SHORT,False,2026-09-30 20:00:00,2026-09-30T20:00:52.957892Z,84001.0,83578.5,-422.5,2026-10-01 04:00:00,2026-10-01T00:51:02.597383Z,83633.0,83477.5,-155.5,17.56,10.1,-7.46,False,False
2026-10-01T19:52:33.319100+00:00,s4v3,2026-10-01,SHORT,SHORT,False,2026-10-01 08:00:00,2026-10-01T08:00:27.172881Z,83541.0,83454.0,-87.0,2026-10-01 12:00:00,2026-10-01T12:00:06.437196Z,83449.0,83912.0,463.0,-9.99,-45.8,-35.81,False,False
2026-10-01T19:57:56.037250+00:00,s4v3,2026-10-01,SHORT,SHORT,False,2026-09-30 20:00:00,2026-09-30T20:00:52.957892Z,84001.0,83578.5,-422.5,2026-10-01 04:00:00,2026-10-01T00:51:02.597383Z,83633.0,83477.5,-155.5,17.56,10.1,-7.46,False,False
2026-10-01T19:57:56.037250+00:00,s4v3,2026-10-01,SHORT,SHORT,False,2026-10-01 08:00:00,2026-10-01T08:00:27.172881Z,83541.0,83454.0,-87.0,2026-10-01 12:00:00,2026-10-01T12:00:06.437196Z,83449.0,83912.0,463.0,-9.99,-45.8,-35.81,False,False
2026-10-01T20:02:59.119815+00:00,s4v3,2026-10-01,SHORT,SHORT,False,2026-09-30 20:00:00,2026-09-30T20:00:52.957892Z,84001.0,83578.5,-422.5,2026-10-01 04:00:00,2026-10-01T00:51:02.597383Z,83633.0,83477.5,-155.5,17.56,10.1,-7.46,False,False
2026-10-01T20:02:59.119815+00:00,s4v3,2026-10-01,SHORT,SHORT,False,2026-10-01 08:00:00,2026-10-01T08:00:27.172881Z,83541.0,83454.0,-87.0,2026-10-01 12:00:00,2026-10-01T12:00:06.437196Z,83449.0,83912.0,463.0,-9.99,-45.8,-35.81,False,False
2026-10-01T20:08:05.649644+00:00,s4v3,2026-10-01,SHORT,SHORT,False,2026-09-30 20:00:00,2026-09-30T20:00:52.957892Z,84001.0,83578.5,-422.5,2026-10-01 04:00:00,2026-10-01T00:51:02.597383Z,83633.0,83477.5,-155.5,17.56,10.1,-7.46,False,False
2026-10-01T20:08:05.649644+00:00,s4v3,2026-10-01,SHORT,SHORT,False,2026-10-01 08:00:00,2026-10-01T08:00:27.172881Z,83541.0,83454.0,-87.0,2026-10-01 12:00:00,2026-10-01T12:00:06.437196Z,83449.0,83912.0,463.0,-9.99,-45.8,-35.81,False,False
2026-10-01T20:13:23.123336+00:00,s4v3,2026-10-01,SHORT,SHORT,False,2026-09-30 20:00:00,2026-09-30T20:00:52.957892Z,84001.0,83578.5,-422.5,2026-10-01 04:00:00,2026-10-01T00:51:02.597383Z,83633.0,83477.5,-155.5,17.56,10.1,-7.46,False,False
2026-10-01T20:13:23.123336+00:00,s4v3,2026-10-01,SHORT,SHORT,False,2026-10-01 08:00:00,2026-10-01T08:00:27.172881Z,83541.0,83454.0,-87.0,2026-10-01 12:00:00,2026-10-01T12:00:06.437196Z,83449.0,83912.0,463.0,-9.99,-45.8,-35.81,False,False
2026-10-01T20:18:28.621100+00:00,s4v3,2026-10-01,SHORT,SHORT,False,2026-09-30 20:00:00,2026-09-30T20:00:52.957892Z,84001.0,83578.5,-422.5,2026-10-01 04:00:00,2026-10-01T00:51:02.597383Z,83633.0,83477.5,-155.5,17.56,10.1,-7.46,False,False
2026-10-01T20:18:28.621100+00:00,s4v3,2026-10-01,SHORT,SHORT,False,2026-10-01 08:00:00,2026-10-01T08:00:27.172881Z,83541.0,83454.0,-87.0,2026-10-01 12:00:00,2026-10-01T12:00:06.437196Z,83449.0,83912.0,463.0,-9.99,-45.8,-35.81,False,False
2026-10-01T20:23:31.919708+00:00,s4v3,2026-10-01,SHORT,SHORT,False,2026-09-30 20:00:00,2026-09-30T20:00:52.957892Z,84001.0,83578.5,-422.5,2026-10-01 04:00:00,2026-10-01T00:51:02.597383Z,83633.0,83477.5,-155.5,17.56,10.1,-7.46,False,False
2026-10-01T20:23:31.919708+00:00,s4v3,2026-10-01,SHORT,SHORT,False,2026-10-01 08:00:00,2026-10-01T08:00:27.172881Z,83541.0,83454.0,-87.0,2026-10-01 12:00:00,2026-10-01T12:00:06.437196Z,83449.0,83912.0,463.0,-9.99,-45.8,-35.81,False,False
2026-10-01T20:28:36.375655+00:00,s4v3,2026-10-01,SHORT,SHORT,False,2026-09-30 20:00:00,2026-09-30T20:00:52.957892Z,84001.0,83578.5,-422.5,2026-10-01 04:00:00,2026-10-01T00:51:02.597383Z,83633.0,83477.5,-155.5,17.56,10.1,-7.46,False,False
2026-10-01T20:28:36.375655+00:00,s4v3,2026-10-01,SHORT,SHORT,False,2026-10-01 08:00:00,2026-10-01T08:00:27.172881Z,83541.0,83454.0,-87.0,2026-10-01 12:00:00,2026-10-01T12:00:06.437196Z,83449.0,83912.0,463.0,-9.99,-45.8,-35.81,False,False
2026-10-01T20:33:41.871357+00:00,s4v3,2026-10-01,SHORT,SHORT,False,2026-09-30 20:00:00,2026-09-30T20:00:52.957892Z,84001.0,83578.5,-422.5,2026-10-01 04:00:00,2026-10-01T00:51:02.597383Z,83633.0,83477.5,-155.5,17.56,10.1,-7.46,False,False
2026-10-01T20:33:41.871357+00:00,s4v3,2026-10-01,SHORT,SHORT,False,2026-10-01 08:00:00,2026-10-01T08:00:27.172881Z,83541.0,83454.0,-87.0,2026-10-01 12:00:00,2026-10-01T12:00:06.437196Z,83449.0,83912.0,463.0,-9.99,-45.8,-35.81,False,False
2026-10-01T20:38:45.372751+00:00,s4v3,2026-10-01,SHORT,SHORT,False,2026-09-30 20:00:00,2026-09-30T20:00:52.957892Z,84001.0,83578.5,-422.5,2026-10-01 04:00:00,2026-10-01T00:51:02.597383Z,83633.0,83477.5,-155.5,17.56,10.1,-7.46,False,False
2026-10-01T20:38:45.372751+00:00,s4v3,2026-10-01,SHORT,SHORT,False,2026-10-01 08:00:00,2026-10-01T08:00:27.172881Z,83541.0,83454.0,-87.0,2026-10-01 12:00:00,2026-10-01T12:00:06.437196Z,83449.0,83912.0,463.0,-9.99,-45.8,-35.81,False,False
2026-10-01T20:43:48.619152+00:00,s4v3,2026-10-01,SHORT,SHORT,False,2026-09-30 20:00:00,2026-09-30T20:00:52.957892Z,84001.0,83578.5,-422.5,2026-10-01 04:00:00,2026-10-01T00:51:02.597383Z,83633.0,83477.5,-155.5,17.56,10.1,-7.46,False,False
2026-10-01T20:43:48.619152+00:00,s4v3,2026-10-01,SHORT,SHORT,False,2026-10-01 08:00:00,2026-10-01T08:00:27.172881Z,83541.0,83454.0,-87.0,2026-10-01 12:00:00,2026-10-01T12:00:06.437196Z,83449.0,83912.0,463.0,-9.99,-45.8,-35.81,False,False
2026-10-01T20:48:51.620063+00:00,s4v3,2026-10-01,SHORT,SHORT,False,2026-09-30 20:00:00,2026-09-30T20:00:52.957892Z,84001.0,83578.5,-422.5,2026-10-01 04:00:00,2026-10-01T00:51:02.597383Z,83633.0,83477.5,-155.5,17.56,10.1,-7.46,False,False
2026-10-01T20:48:51.620063+00:00,s4v3,2026-10-01,SHORT,SHORT,False,2026-10-01 08:00:00,2026-10-01T08:00:27.172881Z,83541.0,83454.0,-87.0,2026-10-01 12:00:00,2026-10-01T12:00:06.437196Z,83449.0,83912.0,463.0,-9.99,-45.8,-35.81,False,False
2026-10-01T20:53:54.646013+00:00,s4v3,2026-10-01,SHORT,SHORT,False,2026-09-30 20:00:00,2026-09-30T20:00:52.957892Z,84001.0,83578.5,-422.5,2026-10-01 04:00:00,2026-10-01T00:51:02.597383Z,83633.0,83477.5,-155.5,17.56,10.1,-7.46,False,False
2026-10-01T20:53:54.646013+00:00,s4v3,2026-10-01,SHORT,SHORT,False,2026-10-01 08:00:00,2026-10-01T08:00:27.172881Z,83541.0,83454.0,-87.0,2026-10-01 12:00:00,2026-10-01T12:00:06.437196Z,83449.0,83912.0,463.0,-9.99,-45.8,-35.81,False,False
2026-10-01T20:58:57.619878+00:00,s4v3,2026-10-01,SHORT,SHORT,False,2026-09-30 20:00:00,2026-09-30T20:00:52.957892Z,84001.0,83578.5,-422.5,2026-10-01 04:00:00,2026-10-01T00:51:02.597383Z,83633.0,83477.5,-155.5,17.56,10.1,-7.46,False,False
2026-10-01T20:58:57.619878+00:00,s4v3,2026-10-01,SHORT,SHORT,False,2026-10-01 08:00:00,2026-10-01T08:00:27.172881Z,83541.0,83454.0,-87.0,2026-10-01 12:00:00,2026-10-01T12:00:06.437196Z,83449.0,83912.0,463.0,-9.99,-45.8,-35.81,False,False
2026-10-01T21:04:00.618969+00:00,s4v3,2026-10-01,SHORT,SHORT,False,2026-09-30 20:00:00,2026-09-30T20:00:52.957892Z,84001.0,83578.5,-422.5,2026-10-01 04:00:00,2026-10-01T00:51:02.597383Z,83633.0,83477.5,-155.5,17.56,10.1,-7.46,False,False
2026-10-01T21:04:00.618969+00:00,s4v3,2026-10-01,SHORT,SHORT,False,2026-10-01 08:00:00,2026-10-01T08:00:27.172881Z,83541.0,83454.0,-87.0,2026-10-01 12:00:00,2026-10-01T12:00:06.437196Z,83449.0,83912.0,463.0,-9.99,-45.8,-35.81,False,False
2026-10-01T21:09:06.664315+00:00,s4v3,2026-10-01,SHORT,SHORT,False,2026-09-30 20:00:00,2026-09-30T20:00:52.957892Z,84001.0,83578.5,-422.5,2026-10-01 04:00:00,2026-10-01T00:51:02.597383Z,83633.0,83477.5,-155.5,17.56,10.1,-7.46,False,False
2026-10-01T21:09:06.664315+00:00,s4v3,2026-10-01,SHORT,SHORT,False,2026-10-01 08:00:00,2026-10-01T08:00:27.172881Z,83541.0,83454.0,-87.0,2026-10-01 12:00:00,2026-10-01T12:00:06.437196Z,83449.0,83912.0,463.0,-9.99,-45.8,-35.81,False,False
2026-10-01T21:14:10.119695+00:00,s4v3,2026-10-01,SHORT,SHORT,False,2026-09-30 20:00:00,2026-09-30T20:00:52.957892Z,84001.0,83578.5,-422.5,2026-10-01 04:00:00,2026-10-01T00:51:02.597383Z,83633.0,83477.5,-155.5,17.56,10.1,-7.46,False,False
2026-10-01T21:14:10.119695+00:00,s4v3,2026-10-01,SHORT,SHORT,False,2026-10-01 08:00:00,2026-10-01T08:00:27.172881Z,83541.0,83454.0,-87.0,2026-10-01 12:00:00,2026-10-01T12:00:06.437196Z,83449.0,83912.0,463.0,-9.99,-45.8,-35.81,False,False
2026-10-01T21:19:12.920910+00:00,s4v3,2026-10-01,SHORT,SHORT,False,2026-09-30 20:00:00,2026-09-30T20:00:52.957892Z,84001.0,83578.5,-422.5,2026-10-01 04:00:00,2026-10-01T00:51:02.597383Z,83633.0,83477.5,-155.5,17.56,10.1,-7.46,False,False
2026-10-01T21:19:12.920910+00:00,s4v3,2026-10-01,SHORT,SHORT,False,2026-10-01 08:00:00,2026-10-01T08:00:27.172881Z,83541.0,83454.0,-87.0,2026-10-01 12:00:00,2026-10-01T12:00:06.437196Z,83449.0,83912.0,463.0,-9.99,-45.8,-35.81,False,False
2026-10-01T21:24:14.290355+00:00,s4v3,2026-10-01,SHORT,SHORT,False,2026-09-30 20:00:00,2026-09-30T20:00:52.957892Z,84001.0,83578.5,-422.5,2026-10-01 04:00:00,2026-10-01T00:51:02.597383Z,83633.0,83477.5,-155.5,17.56,10.1,-7.46,False,False
2026-10-01T21:24:14.290355+00:00,s4v3,2026-10-01,SHORT,SHORT,False,2026-10-01 08:00:00,2026-10-01T08:00:27.172881Z,83541.0,83454.0,-87.0,2026-10-01 12:00:00,2026-10-01T12:00:06.437196Z,83449.0,83912.0,463.0,-9.99,-45.8,-35.81,False,False
2026-10-01T21:29:15.718727+00:00,s4v3,2026-10-01,SHORT,SHORT,False,2026-09-30 20:00:00,2026-09-30T20:00:52.957892Z,84001.0,83578.5,-422.5,2026-10-01 04:00:00,2026-10-01T00:51:02.597383Z,83633.0,83477.5,-155.5,17.56,10.1,-7.46,False,False
2026-10-01T21:29:15.718727+00:00,s4v3,2026-10-01,SHORT,SHORT,False,2026-10-01 08:00:00,2026-10-01T08:00:27.172881Z,83541.0,83454.0,-87.0,2026-10-01 12:00:00,2026-10-01T12:00:06.437196Z,83449.0,83912.0,463.0,-9.99,-45.8,-35.81,False,False
2026-10-01T21:34:17.172673+00:00,s4v3,2026-10-01,SHORT,SHORT,False,2026-09-30 20:00:00,2026-09-30T20:00:52.957892Z,84001.0,83578.5,-422.5,2026-10-01 04:00:00,2026-10-01T00:51:02.597383Z,83633.0,83477.5,-155.5,17.56,10.1,-7.46,False,False
2026-10-01T21:34:17.172673+00:00,s4v3,2026-10-01,SHORT,SHORT,False,2026-10-01 08:00:00,2026-10-01T08:00:27.172881Z,83541.0,83454.0,-87.0,2026-10-01 12:00:00,2026-10-01T12:00:06.437196Z,83449.0,83912.0,463.0,-9.99,-45.8,-35.81,False,False
2026-10-01T21:39:18.159893+00:00,s4v3,2026-10-01,SHORT,SHORT,False,2026-09-30 20:00:00,2026-09-30T20:00:52.957892Z,84001.0,83578.5,-422.5,2026-10-01 04:00:00,2026-10-01T00:51:02.597383Z,83633.0,83477.5,-155.5,17.56,10.1,-7.46,False,False
2026-10-01T21:39:18.159893+00:00,s4v3,2026-10-01,SHORT,SHORT,False,2026-10-01 08:00:00,2026-10-01T08:00:27.172881Z,83541.0,83454.0,-87.0,2026-10-01 12:00:00,2026-10-01T12:00:06.437196Z,83449.0,83912.0,463.0,-9.99,-45.8,-35.81,False,False
2026-10-01T21:44:19.378287+00:00,s4v3,2026-10-01,SHORT,SHORT,False,2026-09-30 20:00:00,2026-09-30T20:00:52.957892Z,84001.0,83578.5,-422.5,2026-10-01 04:00:00,2026-10-01T00:51:02.597383Z,83633.0,83477.5,-155.5,17.56,10.1,-7.46,False,False
2026-10-01T21:44:19.378287+00:00,s4v3,2026-10-01,SHORT,SHORT,False,2026-10-01 08:00:00,2026-10-01T08:00:27.172881Z,83541.0,83454.0,-87.0,2026-10-01 12:00:00,2026-10-01T12:00:06.437196Z,83449.0,83912.0,463.0,-9.99,-45.8,-35.81,False,False
2026-10-01T21:49:20.554079+00:00,s4v3,2026-10-01,SHORT,SHORT,False,2026-09-30 20:00:00,2026-09-30T20:00:52.957892Z,84001.0,83578.5,-422.5,2026-10-01 04:00:00,2026-10-01T00:51:02.597383Z,83633.0,83477.5,-155.5,17.56,10.1,-7.46,False,False
2026-10-01T21:49:20.554079+00:00,s4v3,2026-10-01,SHORT,SHORT,False,2026-10-01 08:00:00,2026-10-01T08:00:27.172881Z,83541.0,83454.0,-87.0,2026-10-01 12:00:00,2026-10-01T12:00:06.437196Z,83449.0,83912.0,463.0,-9.99,-45.8,-35.81,False,False
2026-10-01T21:54:21.557139+00:00,s4v3,2026-10-01,SHORT,SHORT,False,2026-09-30 20:00:00,2026-09-30T20:00:52.957892Z,84001.0,83578.5,-422.5,2026-10-01 04:00:00,2026-10-01T00:51:02.597383Z,83633.0,83477.5,-155.5,17.56,10.1,-7.46,False,False
2026-10-01T21:54:21.557139+00:00,s4v3,2026-10-01,SHORT,SHORT,False,2026-10-01 08:00:00,2026-10-01T08:00:27.172881Z,83541.0,83454.0,-87.0,2026-10-01 12:00:00,2026-10-01T12:00:06.437196Z,83449.0,83912.0,463.0,-9.99,-45.8,-35.81,False,False
2026-10-01T21:59:22.561901+00:00,s4v3,2026-10-01,SHORT,SHORT,False,2026-09-30 20:00:00,2026-09-30T20:00:52.957892Z,84001.0,83578.5,-422.5,2026-10-01 04:00:00,2026-10-01T00:51:02.597383Z,83633.0,83477.5,-155.5,17.56,10.1,-7.46,False,False
2026-10-01T21:59:22.561901+00:00,s4v3,2026-10-01,SHORT,SHORT,False,2026-10-01 08:00:00,2026-10-01T08:00:27.172881Z,83541.0,83454.0,-87.0,2026-10-01 12:00:00,2026-10-01T12:00:06.437196Z,83449.0,83912.0,463.0,-9.99,-45.8,-35.81,False,False
2026-10-01T22:04:23.802601+00:00,s4v3,2026-10-01,SHORT,SHORT,False,2026-09-30 20:00:00,2026-09-30T20:00:52.957892Z,84001.0,83578.5,-422.5,2026-10-01 04:00:00,2026-10-01T00:51:02.597383Z,83633.0,83477.5,-155.5,17.56,10.1,-7.46,False,False
2026-10-01T22:04:23.802601+00:00,s4v3,2026-10-01,SHORT,SHORT,False,2026-10-01 08:00:00,2026-10-01T08:00:27.172881Z,83541.0,83454.0,-87.0,2026-10-01 12:00:00,2026-10-01T12:00:06.437196Z,83449.0,83912.0,463.0,-9.99,-45.8,-35.81,False,False
2026-10-01T22:09:25.218000+00:00,s4v3,2026-10-01,SHORT,SHORT,False,2026-09-30 20:00:00,2026-09-30T20:00:52.957892Z,84001.0,83578.5,-422.5,2026-10-01 04:00:00,2026-10-01T00:51:02.597383Z,83633.0,83477.5,-155.5,17.56,10.1,-7.46,False,False
2026-10-01T22:09:25.218000+00:00,s4v3,2026-10-01,SHORT,SHORT,False,2026-10-01 08:00:00,2026-10-01T08:00:27.172881Z,83541.0,83454.0,-87.0,2026-10-01 12:00:00,2026-10-01T12:00:06.437196Z,83449.0,83912.0,463.0,-9.99,-45.8,-35.81,False,False
2026-10-01T22:14:26.556033+00:00,s4v3,2026-10-01,SHORT,SHORT,False,2026-09-30 20:00:00,2026-09-30T20:00:52.957892Z,84001.0,83578.5,-422.5,2026-10-01 04:00:00,2026-10-01T00:51:02.597383Z,83633.0,83477.5,-155.5,17.56,10.1,-7.46,False,False
2026-10-01T22:14:26.556033+00:00,s4v3,2026-10-01,SHORT,SHORT,False,2026-10-01 08:00:00,2026-10-01T08:00:27.172881Z,83541.0,83454.0,-87.0,2026-10-01 12:00:00,2026-10-01T12:00:06.437196Z,83449.0,83912.0,463.0,-9.99,-45.8,-35.81,False,False
2026-10-01T22:19:28.629928+00:00,s4v3,2026-10-01,SHORT,SHORT,False,2026-09-30 20:00:00,2026-09-30T20:00:52.957892Z,84001.0,83578.5,-422.5,2026-10-01 04:00:00,2026-10-01T00:51:02.597383Z,83633.0,83477.5,-155.5,17.56,10.1,-7.46,False,False
2026-10-01T22:19:28.629928+00:00,s4v3,2026-10-01,SHORT,SHORT,False,2026-10-01 08:00:00,2026-10-01T08:00:27.172881Z,83541.0,83454.0,-87.0,2026-10-01 12:00:00,2026-10-01T12:00:06.437196Z,83449.0,83912.0,463.0,-9.99,-45.8,-35.81,False,False
2026-10-01T22:23:48.660992+00:00,s4,2026-10-01,SHORT,SHORT,False,2026-09-30 16:00:00,2026-09-30T16:00:20.513475Z,84461.0,84141.5,-319.5,2026-09-30 22:00:00,2026-09-30T22:00:13.977787Z,83725.0,83760.5,35.5,54.31,38.1,-16.21,False,False
2026-10-01T22:23:48.660992+00:00,s4,2026-10-01,LONG,LONG,False,2026-09-30 22:00:00,2026-09-30T22:00:26.925195Z,83725.0,83760.5,35.5,2026-10-01 00:00:00,2026-10-01T00:00:08.209580Z,83587.0,83592.0,5.0,-33.01,-16.85,16.16,False,False
2026-10-01T22:23:48.660992+00:00,s4,2026-10-01,LONG,LONG,False,2026-10-01 04:00:00,2026-10-01T04:00:25.225776Z,83633.0,83748.0,115.0,2026-10-01 08:00:00,2026-10-01T08:00:15.779149Z,84093.0,83417.5,-675.5,26.8,-33.05,-59.85,False,False
2026-10-01T22:23:48.660992+00:00,s4,2026-10-01,SHORT,SHORT,False,2026-10-01 08:00:00,2026-10-01T08:00:40.157901Z,84093.0,83417.5,-675.5,2026-10-01 10:00:00,2026-10-01T10:00:03.965954Z,83495.0,83770.5,275.5,40.55,-35.3,-75.85,False,False
2026-10-01T22:23:48.660992+00:00,s4,2026-10-01,LONG,LONG,False,2026-10-01 10:00:00,2026-10-01T10:00:12.128740Z,83495.0,83758.0,263.0,2026-10-01 20:00:00,2026-10-01T20:00:41.757440Z,84691.0,84666.0,-25.0,100.42,90.8,-9.62,False,False
2026-10-01T22:23:50.076674+00:00,s4v2,2026-10-01,SHORT,SHORT,False,2026-09-30 18:00:00,2026-09-30T18:00:08.416897Z,84047.0,84030.0,-17.0,2026-09-30 20:30:00,2026-09-30T20:30:07.191716Z,83725.0,83704.5,-20.5,12.95,32.55,19.6,False,False
2026-10-01T22:23:50.076674+00:00,s4v2,2026-10-01,LONG,LONG,False,2026-09-30 20:30:00,2026-09-30T20:30:13.349192Z,83725.0,83704.5,-20.5,2026-09-30 23:00:00,2026-09-30T23:00:13.496469Z,83633.0,83659.5,26.5,-28.41,-4.5,23.91,False,False
2026-10-01T22:23:50.076674+00:00,s4v2,2026-10-01,SHORT,SHORT,False,2026-10-01 00:30:00,2026-10-01T00:30:10.676049Z,83541.0,83452.0,-89.0,2026-10-01 01:30:00,2026-10-01T00:55:44.034545Z,83587.0,83497.0,-90.0,-23.79,-4.5,19.29,False,False
2026-10-01T22:23:50.076674+00:00,s4v2,2026-10-01,LONG,LONG,False,2026-10-01 04:00:00,2026-10-01T04:00:09.031835Z,83587.0,83748.0,161.0,2026-10-01 07:00:00,2026-10-01T07:00:29.191958Z,84139.0,84092.5,-46.5,36.01,34.45,-1.56,False,False
2026-10-01T22:23:50.076674+00:00,s4v2,2026-10-01,SHORT,SHORT,False,2026-10-01 07:00:00,2026-10-01T07:00:40.565100Z,84139.0,84109.5,-29.5,2026-10-01 09:00:00,2026-10-01T09:00:04.953434Z,83495.0,83556.0,61.0,45.14,55.35,10.21,False,False
2026-10-01T22:23:50.076674+00:00,s4v2,2026-10-01,LONG,,False,2026-10-01 01:30:00,,83587.0,,,2026-10-01 02:00:00,,83495.0,,,-28.39,,,True,False
2026-10-01T22:23:50.076674+00:00,s4v2,2026-10-01,LONG,,False,2026-10-01 09:00:00,,83495.0,,,2026-10-01 13:00:00,,83771.0,,,8.42,,,True,False
2026-10-01T22:23:50.076674+00:00,s4v2,2026-10-01,SHORT,,False,2026-10-01 13:00:00,,83725.0,,,2026-10-01 14:00:00,,83587.0,,,-5.41,,,True,False
2026-10-01T22:23:50.076674+00:00,s4v2,2026-10-01,LONG,,False,2026-10-01 14:00:00,,83633.0,,,2026-10-01 18:30:00,,84737.0,,,91.2,,,True,False
2026-10-01T22:23:51.051551+00:00,s4v3,2026-10-01,SHORT,SHORT,False,2026-09-30 20:00:00,2026-09-30T20:00:52.957892Z,84001.0,83578.5,-422.5,2026-10-01 04:00:00,2026-10-01T00:51:02.597383Z,83633.0,83477.5,-155.5,17.56,10.1,-7.46,False,False
2026-10-01T22:23:51.051551+00:00,s4v3,2026-10-01,SHORT,SHORT,False,2026-10-01 08:00:00,2026-10-01T08:00:27.172881Z,83541.0,83454.0,-87.0,2026-10-01 12:00:00,2026-10-01T12:00:06.437196Z,83449.0,83912.0,463.0,-9.99,-45.8,-35.81,False,False
2026-10-01T22:24:31.368489+00:00,s4v3,2026-10-01,SHORT,SHORT,False,2026-09-30 20:00:00,2026-09-30T20:00:52.957892Z,84001.0,83578.5,-422.5,2026-10-01 04:00:00,2026-10-01T00:51:02.597383Z,83633.0,83477.5,-155.5,17.56,10.1,-7.46,False,False
2026-10-01T22:24:31.368489+00:00,s4v3,2026-10-01,SHORT,SHORT,False,2026-10-01 08:00:00,2026-10-01T08:00:27.172881Z,83541.0,83454.0,-87.0,2026-10-01 12:00:00,2026-10-01T12:00:06.437196Z,83449.0,83912.0,463.0,-9.99,-45.8,-35.81,False,False
2026-10-01T22:29:34.882953+00:00,s4v3,2026-10-01,SHORT,SHORT,False,2026-09-30 20:00:00,2026-09-30T20:00:52.957892Z,84001.0,83578.5,-422.5,2026-10-01 04:00:00,2026-10-01T00:51:02.597383Z,83633.0,83477.5,-155.5,17.56,10.1,-7.46,False,False
2026-10-01T22:29:34.882953+00:00,s4v3,2026-10-01,SHORT,SHORT,False,2026-10-01 08:00:00,2026-10-01T08:00:27.172881Z,83541.0,83454.0,-87.0,2026-10-01 12:00:00,2026-10-01T12:00:06.437196Z,83449.0,83912.0,463.0,-9.99,-45.8,-35.81,False,False
2026-10-01T22:31:23.878879+00:00,s4v2,2026-10-01,SHORT,SHORT,False,2026-09-30 18:00:00,2026-09-30T18:00:08.416897Z,84047.0,84030.0,-17.0,2026-09-30 20:30:00,2026-09-30T20:30:07.191716Z,83725.0,83704.5,-20.5,12.95,32.55,19.6,False,False
2026-10-01T22:31:23.878879+00:00,s4v2,2026-10-01,LONG,LONG,False,2026-09-30 20:30:00,2026-09-30T20:30:13.349192Z,83725.0,83704.5,-20.5,2026-09-30 23:00:00,2026-09-30T23:00:13.496469Z,83633.0,83659.5,26.5,-28.41,-4.5,23.91,False,False
2026-10-01T22:31:23.878879+00:00,s4v2,2026-10-01,SHORT,SHORT,False,2026-10-01 00:30:00,2026-10-01T00:30:10.676049Z,83541.0,83452.0,-89.0,2026-10-01 01:30:00,2026-10-01T00:55:44.034545Z,83587.0,83497.0,-90.0,-23.79,-4.5,19.29,False,False
2026-10-01T22:31:23.878879+00:00,s4v2,2026-10-01,LONG,LONG,False,2026-10-01 04:00:00,2026-10-01T04:00:09.031835Z,83587.0,83748.0,161.0,2026-10-01 07:00:00,2026-10-01T07:00:29.191958Z,84139.0,84092.5,-46.5,36.01,34.45,-1.56,False,False
2026-10-01T22:31:23.878879+00:00,s4v2,2026-10-01,SHORT,SHORT,False,2026-10-01 07:00:00,2026-10-01T07:00:40.565100Z,84139.0,84109.5,-29.5,2026-10-01 09:00:00,2026-10-01T09:00:04.953434Z,83495.0,83556.0,61.0,45.14,55.35,10.21,False,False
2026-10-01T22:31:23.878879+00:00,s4v2,2026-10-01,LONG,,False,2026-10-01 01:30:00,,83587.0,,,2026-10-01 02:00:00,,83495.0,,,-28.39,,,True,False
2026-10-01T22:31:23.878879+00:00,s4v2,2026-10-01,LONG,,False,2026-10-01 09:00:00,,83495.0,,,2026-10-01 13:00:00,,83771.0,,,8.42,,,True,False
2026-10-01T22:31:23.878879+00:00,s4v2,2026-10-01,SHORT,,False,2026-10-01 13:00:00,,83725.0,,,2026-10-01 14:00:00,,83587.0,,,-5.41,,,True,False
2026-10-01T22:31:23.878879+00:00,s4v2,2026-10-01,LONG,,False,2026-10-01 14:00:00,,83633.0,,,2026-10-01 18:30:00,,84737.0,,,91.2,,,True,False
2026-10-02T15:57:51.197323+00:00,s4,2026-10-02,LONG,LONG,False,2026-10-01 10:00:00,2026-10-01T10:00:12.128740Z,83495.0,83758.0,263.0,2026-10-01 20:00:00,2026-10-01T20:00:41.757440Z,84691.0,84666.0,-25.0,100.42,90.8,-9.62,False,False
2026-10-02T15:57:51.197323+00:00,s4,2026-10-02,SHORT,SHORT,False,2026-10-01 20:00:00,2026-10-01T20:01:10.476884Z,84691.0,84729.5,38.5,2026-10-02 00:00:00,2026-10-02T00:00:26.945550Z,84691.0,84813.5,122.5,-19.32,-8.4,10.92,False,False
2026-10-02T15:57:51.197323+00:00,s4,2026-10-02,LONG,,False,2026-10-02 00:00:00,,84783.0,,,2026-10-02 16:00:00,,86347.0,,,137.07,,,True,False
2026-10-02T16:07:37.539624+00:00,s4,2026-10-02,LONG,LONG,False,2026-10-01 10:00:00,2026-10-01T10:00:12.128740Z,83495.0,83758.0,263.0,2026-10-01 20:00:00,2026-10-01T20:00:41.757440Z,84691.0,84666.0,-25.0,100.42,90.8,-9.62,False,False
2026-10-02T16:07:37.539624+00:00,s4,2026-10-02,SHORT,SHORT,False,2026-10-01 20:00:00,2026-10-01T20:01:10.476884Z,84691.0,84729.5,38.5,2026-10-02 00:00:00,2026-10-02T00:00:26.945550Z,84691.0,84813.5,122.5,-19.32,-8.4,10.92,False,False
2026-10-02T16:07:37.539624+00:00,s4,2026-10-02,LONG,LONG,False,2026-10-02 00:00:00,2026-10-02T00:00:34.793259Z,84783.0,84813.5,30.5,2026-10-02 16:00:00,2026-10-02T16:00:27.761425Z,86347.0,85315.0,-1032.0,137.07,50.15,-86.92,False,False
2026-10-02T16:31:52.503894+00:00,s4,2026-10-02,LONG,LONG,False,2026-10-01 10:00:00,2026-10-01T10:00:12.128740Z,83495.0,83758.0,263.0,2026-10-01 20:00:00,2026-10-01T20:00:41.757440Z,84691.0,84666.0,-25.0,100.42,90.8,-9.62,False,False
2026-10-02T16:31:52.503894+00:00,s4,2026-10-02,SHORT,SHORT,False,2026-10-01 20:00:00,2026-10-01T20:01:10.476884Z,84691.0,84729.5,38.5,2026-10-02 00:00:00,2026-10-02T00:00:26.945550Z,84691.0,84813.5,122.5,-19.32,-8.4,10.92,False,False
2026-10-02T16:31:52.503894+00:00,s4,2026-10-02,LONG,LONG,False,2026-10-02 00:00:00,2026-10-02T00:00:34.793259Z,84783.0,84813.5,30.5,2026-10-02 16:00:00,2026-10-02T16:00:27.761425Z,86347.0,85315.0,-1032.0,137.07,50.15,-86.92,False,False
2026-10-02T16:33:17.779694+00:00,s4,2026-10-02,LONG,LONG,False,2026-10-01 10:00:00,2026-10-01T10:00:12.128740Z,83495.0,83758.0,263.0,2026-10-01 20:00:00,2026-10-01T20:00:41.757440Z,84691.0,84666.0,-25.0,100.42,90.8,-9.62,False,False
2026-10-02T16:33:17.779694+00:00,s4,2026-10-02,SHORT,SHORT,False,2026-10-01 20:00:00,2026-10-01T20:01:10.476884Z,84691.0,84729.5,38.5,2026-10-02 00:00:00,2026-10-02T00:00:26.945550Z,84691.0,84813.5,122.5,-19.32,-8.4,10.92,False,False
2026-10-02T16:33:17.779694+00:00,s4,2026-10-02,LONG,LONG,False,2026-10-02 00:00:00,2026-10-02T00:00:34.793259Z,84783.0,84813.5,30.5,2026-10-02 16:00:00,2026-10-02T16:00:27.761425Z,86347.0,85315.0,-1032.0,137.07,50.15,-86.92,False,False
2026-10-02T16:40:42.279786+00:00,s4,2026-10-02,LONG,LONG,False,2026-10-01 10:00:00,2026-10-01T10:00:12.128740Z,83495.0,83758.0,263.0,2026-10-01 20:00:00,2026-10-01T20:00:41.757440Z,84691.0,84666.0,-25.0,100.42,90.8,-9.62,False,False
2026-10-02T16:40:42.279786+00:00,s4,2026-10-02,SHORT,SHORT,False,2026-10-01 20:00:00,2026-10-01T20:01:10.476884Z,84691.0,84729.5,38.5,2026-10-02 00:00:00,2026-10-02T00:00:26.945550Z,84691.0,84813.5,122.5,-19.32,-8.4,10.92,False,False
2026-10-02T16:40:42.279786+00:00,s4,2026-10-02,LONG,LONG,False,2026-10-02 00:00:00,2026-10-02T00:00:34.793259Z,84783.0,84813.5,30.5,2026-10-02 16:00:00,2026-10-02T16:00:27.761425Z,86347.0,85315.0,-1032.0,137.07,50.15,-86.92,False,False
2026-10-02T16:40:42.279786+00:00,s4,2026-10-02,LONG,,False,2026-10-02 04:00:00,,85013.0,,,2026-10-02 16:00:00,,86347.0,,,114.05,,,True,False
2026-10-02T16:48:27.511797+00:00,s4v2,2026-10-02,LONG,,False,2026-10-01 14:00:00,,83633.0,,,2026-10-01 18:30:00,,84737.0,,,91.2,,,True,False
2026-10-02T16:48:27.511797+00:00,s4v2,2026-10-02,SHORT,,False,2026-10-01 18:30:00,,84737.0,,,2026-10-01 20:30:00,,84737.0,,,-19.32,,,True,False
2026-10-02T16:48:27.511797+00:00,s4v2,2026-10-02,SHORT,,False,2026-10-01 21:00:00,,84599.0,,,2026-10-01 22:30:00,,84691.0,,,-28.51,,,True,False
2026-10-02T16:48:27.511797+00:00,s4v2,2026-10-02,LONG,,False,2026-10-02 00:00:00,,84783.0,,,2026-10-02 01:30:00,,84691.0,,,-28.53,,,True,False
2026-10-02T16:48:27.511797+00:00,s4v2,2026-10-02,SHORT,,False,2026-10-02 01:30:00,,84691.0,,,2026-10-02 02:00:00,,84691.0,,,-19.32,,,True,False
2026-10-02T16:48:27.511797+00:00,s4v2,2026-10-02,LONG,,False,2026-10-02 02:00:00,,84737.0,,,2026-10-02 05:00:00,,86577.0,,,164.68,,,True,False
2026-10-02T16:48:27.511797+00:00,s4v2,2026-10-02,SHORT,,False,2026-10-02 05:00:00,,86577.0,,,2026-10-02 08:00:00,,86071.0,,,31.08,,,True,False
2026-10-02T16:48:27.511797+00:00,s4v2,2026-10-02,LONG,,False,2026-10-02 08:30:00,,86117.0,,,2026-10-02 09:00:00,,86209.0,,,-10.27,,,True,False
2026-10-02T16:48:27.511797+00:00,s4v2,2026-10-02,SHORT,,False,2026-10-02 09:00:00,,86163.0,,,2026-10-02 10:00:00,,86301.0,,,-33.28,,,True,False
2026-10-02T16:48:27.511797+00:00,s4v2,2026-10-02,LONG,,False,2026-10-02 10:00:00,,86301.0,,,2026-10-02 11:00:00,,86209.0,,,-28.69,,,True,False
2026-10-02T16:48:27.511797+00:00,s4v2,2026-10-02,SHORT,,False,2026-10-02 11:00:00,,86209.0,,,2026-10-02 11:30:00,,86347.0,,,-33.28,,,True,False
2026-10-02T16:48:27.511797+00:00,s4v2,2026-10-02,LONG,,False,2026-10-02 11:30:00,,86347.0,,,2026-10-02 13:30:00,,86623.0,,,8.1,,,True,False
2026-10-02T16:55:34.703953+00:00,s4,2026-10-02,LONG,LONG,False,2026-10-01 10:00:00,2026-10-01T10:00:12.128740Z,83495.0,83758.0,263.0,2026-10-01 20:00:00,2026-10-01T20:00:41.757440Z,84691.0,84666.0,-25.0,100.42,90.8,-9.62,False,False
2026-10-02T16:55:34.703953+00:00,s4,2026-10-02,SHORT,SHORT,False,2026-10-01 20:00:00,2026-10-01T20:01:10.476884Z,84691.0,84729.5,38.5,2026-10-02 00:00:00,2026-10-02T00:00:26.945550Z,84691.0,84813.5,122.5,-19.32,-8.4,10.92,False,False
2026-10-02T16:55:34.703953+00:00,s4,2026-10-02,LONG,LONG,False,2026-10-02 00:00:00,2026-10-02T00:00:34.793259Z,84783.0,84813.5,30.5,2026-10-02 16:00:00,2026-10-02T16:00:27.761425Z,86347.0,85315.0,-1032.0,137.07,50.15,-86.92,False,False
2026-10-02T16:55:39.481986+00:00,s4v2,2026-10-02,LONG,,False,2026-10-01 14:00:00,,83633.0,,,2026-10-01 18:30:00,,84737.0,,,91.2,,,True,False
2026-10-02T16:55:39.481986+00:00,s4v2,2026-10-02,SHORT,,False,2026-10-01 18:30:00,,84737.0,,,2026-10-01 20:30:00,,84737.0,,,-19.32,,,True,False
2026-10-02T16:55:39.481986+00:00,s4v2,2026-10-02,SHORT,,False,2026-10-01 21:00:00,,84599.0,,,2026-10-01 22:30:00,,84691.0,,,-28.51,,,True,False
2026-10-02T16:55:39.481986+00:00,s4v2,2026-10-02,LONG,,False,2026-10-02 00:00:00,,84783.0,,,2026-10-02 01:30:00,,84691.0,,,-28.53,,,True,False
2026-10-02T16:55:39.481986+00:00,s4v2,2026-10-02,SHORT,,False,2026-10-02 01:30:00,,84691.0,,,2026-10-02 02:00:00,,84691.0,,,-19.32,,,True,False
2026-10-02T16:55:39.481986+00:00,s4v2,2026-10-02,LONG,,False,2026-10-02 02:00:00,,84737.0,,,2026-10-02 05:00:00,,86577.0,,,164.68,,,True,False
2026-10-02T16:55:39.481986+00:00,s4v2,2026-10-02,SHORT,,False,2026-10-02 05:00:00,,86577.0,,,2026-10-02 08:00:00,,86071.0,,,31.08,,,True,False
2026-10-02T16:55:39.481986+00:00,s4v2,2026-10-02,LONG,,False,2026-10-02 08:30:00,,86117.0,,,2026-10-02 09:00:00,,86209.0,,,-10.27,,,True,False
2026-10-02T16:55:39.481986+00:00,s4v2,2026-10-02,SHORT,,False,2026-10-02 09:00:00,,86163.0,,,2026-10-02 10:00:00,,86301.0,,,-33.28,,,True,False
2026-10-02T16:55:39.481986+00:00,s4v2,2026-10-02,LONG,,False,2026-10-02 10:00:00,,86301.0,,,2026-10-02 11:00:00,,86209.0,,,-28.69,,,True,False
2026-10-02T16:55:39.481986+00:00,s4v2,2026-10-02,SHORT,,False,2026-10-02 11:00:00,,86209.0,,,2026-10-02 11:30:00,,86347.0,,,-33.28,,,True,False
2026-10-02T16:55:39.481986+00:00,s4v2,2026-10-02,LONG,,False,2026-10-02 11:30:00,,86347.0,,,2026-10-02 13:30:00,,86623.0,,,8.1,,,True,False
2026-10-02T17:04:47.205284+00:00,s4v2,2026-10-02,LONG,,False,2026-10-01 14:00:00,,83633.0,,,2026-10-01 18:30:00,,84737.0,,,91.2,,,True,False
2026-10-02T17:04:47.205284+00:00,s4v2,2026-10-02,SHORT,,False,2026-10-01 18:30:00,,84737.0,,,2026-10-01 20:30:00,,84737.0,,,-19.32,,,True,False
2026-10-02T17:04:47.205284+00:00,s4v2,2026-10-02,SHORT,,False,2026-10-01 21:00:00,,84599.0,,,2026-10-01 22:30:00,,84691.0,,,-28.51,,,True,False
2026-10-02T17:04:47.205284+00:00,s4v2,2026-10-02,LONG,,False,2026-10-02 00:00:00,,84783.0,,,2026-10-02 01:30:00,,84691.0,,,-28.53,,,True,False
2026-10-02T17:04:47.205284+00:00,s4v2,2026-10-02,SHORT,,False,2026-10-02 01:30:00,,84691.0,,,2026-10-02 02:00:00,,84691.0,,,-19.32,,,True,False
2026-10-02T17:04:47.205284+00:00,s4v2,2026-10-02,LONG,,False,2026-10-02 02:00:00,,84737.0,,,2026-10-02 05:00:00,,86577.0,,,164.68,,,True,False
2026-10-02T17:04:47.205284+00:00,s4v2,2026-10-02,SHORT,,False,2026-10-02 05:00:00,,86577.0,,,2026-10-02 08:00:00,,86071.0,,,31.08,,,True,False
2026-10-02T17:04:47.205284+00:00,s4v2,2026-10-02,LONG,,False,2026-10-02 08:30:00,,86117.0,,,2026-10-02 09:00:00,,86209.0,,,-10.27,,,True,False
2026-10-02T17:04:47.205284+00:00,s4v2,2026-10-02,SHORT,,False,2026-10-02 09:00:00,,86163.0,,,2026-10-02 10:00:00,,86301.0,,,-33.28,,,True,False
2026-10-02T17:04:47.205284+00:00,s4v2,2026-10-02,LONG,,False,2026-10-02 10:00:00,,86301.0,,,2026-10-02 11:00:00,,86209.0,,,-28.69,,,True,False
2026-10-02T17:04:47.205284+00:00,s4v2,2026-10-02,SHORT,,False,2026-10-02 11:00:00,,86209.0,,,2026-10-02 11:30:00,,86347.0,,,-33.28,,,True,False
2026-10-02T17:04:47.205284+00:00,s4v2,2026-10-02,LONG,,False,2026-10-02 11:30:00,,86347.0,,,2026-10-02 13:30:00,,86623.0,,,8.1,,,True,False
2026-10-02T17:04:47.205284+00:00,s4v2,2026-10-02,,LONG,False,,2026-10-01T09:00:11.785988Z,,83572.0,,,2026-10-02T17:02:36.783838Z,,85233.0,,,166.1,,False,True
2026-10-02T20:29:35.727378+00:00,s4v3,2026-10-02,SHORT,,False,2026-10-02 16:00:00,,86255.0,,,2026-10-03 00:00:00,,84369.0,,,169.11,,,True,False
2026-10-02T20:39:50.974395+00:00,s4v3,2026-10-02,SHORT,,False,2026-10-02 16:00:00,,86255.0,,,2026-10-03 00:00:00,,84369.0,,,169.11,,,True,False
2026-10-02T20:41:53.473112+00:00,s4,2026-10-03,SHORT,,False,2026-10-02 16:00:00,,86347.0,,,2026-10-02 22:00:00,,84415.0,,,173.7,,,True,False
2026-10-02T20:42:00.475875+00:00,s4v2,2026-10-03,LONG,LONG,False,2026-10-02 18:00:00,2026-10-02T18:00:12.151991Z,84737.0,84776.5,39.5,2026-10-02 18:30:00,2026-10-02T18:30:03.365517Z,84645.0,84803.5,158.5,-28.52,2.7,31.22,False,False
2026-10-02T20:42:00.475875+00:00,s4v2,2026-10-03,SHORT,SHORT,False,2026-10-02 19:00:00,2026-10-02T19:00:05.017684Z,84415.0,85014.1,599.1,2026-10-02 20:00:00,2026-10-02T20:00:45.846319Z,84277.0,85502.8,1225.8,-5.49,-48.87,-43.38,False,False
2026-10-02T20:42:07.733430+00:00,s4v3,2026-10-03,SHORT,,False,2026-10-02 16:00:00,,86255.0,,,2026-10-03 00:00:00,,84369.0,,,169.11,,,True,False
2026-10-02T20:44:57.728254+00:00,s4v3,2026-10-02,SHORT,,False,2026-10-02 16:00:00,,86255.0,,,2026-10-03 00:00:00,,84369.0,,,169.11,,,True,False
2026-10-02T20:49:53.471928+00:00,s4v2,2026-10-03,LONG,LONG,False,2026-10-02 18:00:00,2026-10-02T18:00:12.151991Z,84737.0,84776.5,39.5,2026-10-02 18:30:00,2026-10-02T18:30:03.365517Z,84645.0,84803.5,158.5,-28.52,2.7,31.22,False,False
2026-10-02T20:49:53.471928+00:00,s4v2,2026-10-03,SHORT,SHORT,False,2026-10-02 19:00:00,2026-10-02T19:00:05.017684Z,84415.0,85014.1,599.1,2026-10-02 20:00:00,2026-10-02T20:00:45.846319Z,84277.0,85502.8,1225.8,-5.49,-48.87,-43.38,False,False
2026-10-02T21:00:16.991020+00:00,s4v3,2026-10-02,SHORT,,False,2026-10-02 16:00:00,,86255.0,,,2026-10-03 00:00:00,,84369.0,,,169.11,,,True,False
2026-10-02T21:05:24.978257+00:00,s4v3,2026-10-02,SHORT,,False,2026-10-02 16:00:00,,86255.0,,,2026-10-03 00:00:00,,84369.0,,,169.11,,,True,False
2026-10-02T21:10:38.766026+00:00,s4v3,2026-10-02,SHORT,,False,2026-10-02 16:00:00,,86255.0,,,2026-10-03 00:00:00,,84369.0,,,169.11,,,True,False
2026-10-02T21:15:48.535554+00:00,s4v3,2026-10-02,SHORT,,False,2026-10-02 16:00:00,,86255.0,,,2026-10-03 00:00:00,,84369.0,,,169.11,,,True,False
2026-10-02T21:21:00.472644+00:00,s4v3,2026-10-02,SHORT,,False,2026-10-02 16:00:00,,86255.0,,,2026-10-03 00:00:00,,84369.0,,,169.11,,,True,False
2026-10-02T21:25:57.975809+00:00,s4v2,2026-10-02,LONG,LONG,False,2026-10-02 18:00:00,2026-10-02T18:00:12.151991Z,84737.0,84776.5,39.5,2026-10-02 18:30:00,2026-10-02T18:30:03.365517Z,84645.0,84803.5,158.5,-28.52,2.7,31.22,False,False
2026-10-02T21:25:57.975809+00:00,s4v2,2026-10-02,LONG,,False,2026-10-01 14:00:00,,83633.0,,,2026-10-01 18:30:00,,84737.0,,,91.2,,,True,False
2026-10-02T21:25:57.975809+00:00,s4v2,2026-10-02,SHORT,,False,2026-10-01 18:30:00,,84737.0,,,2026-10-01 20:30:00,,84737.0,,,-19.32,,,True,False
2026-10-02T21:25:57.975809+00:00,s4v2,2026-10-02,SHORT,,False,2026-10-01 21:00:00,,84599.0,,,2026-10-01 22:30:00,,84691.0,,,-28.51,,,True,False
2026-10-02T21:25:57.975809+00:00,s4v2,2026-10-02,LONG,,False,2026-10-02 00:00:00,,84783.0,,,2026-10-02 01:30:00,,84691.0,,,-28.53,,,True,False
2026-10-02T21:25:57.975809+00:00,s4v2,2026-10-02,SHORT,,False,2026-10-02 01:30:00,,84691.0,,,2026-10-02 02:00:00,,84691.0,,,-19.32,,,True,False
2026-10-02T21:25:57.975809+00:00,s4v2,2026-10-02,LONG,,False,2026-10-02 02:00:00,,84737.0,,,2026-10-02 05:00:00,,86577.0,,,164.68,,,True,False
2026-10-02T21:25:57.975809+00:00,s4v2,2026-10-02,SHORT,,False,2026-10-02 05:00:00,,86577.0,,,2026-10-02 08:00:00,,86071.0,,,31.08,,,True,False
2026-10-02T21:25:57.975809+00:00,s4v2,2026-10-02,LONG,,False,2026-10-02 08:30:00,,86117.0,,,2026-10-02 09:00:00,,86209.0,,,-10.27,,,True,False
2026-10-02T21:25:57.975809+00:00,s4v2,2026-10-02,SHORT,,False,2026-10-02 09:00:00,,86163.0,,,2026-10-02 10:00:00,,86301.0,,,-33.28,,,True,False
2026-10-02T21:25:57.975809+00:00,s4v2,2026-10-02,LONG,,False,2026-10-02 10:00:00,,86301.0,,,2026-10-02 11:00:00,,86209.0,,,-28.69,,,True,False
2026-10-02T21:25:57.975809+00:00,s4v2,2026-10-02,SHORT,,False,2026-10-02 11:00:00,,86209.0,,,2026-10-02 11:30:00,,86347.0,,,-33.28,,,True,False
2026-10-02T21:25:57.975809+00:00,s4v2,2026-10-02,LONG,,False,2026-10-02 11:30:00,,86347.0,,,2026-10-02 13:30:00,,86623.0,,,8.1,,,True,False
2026-10-02T21:25:57.975809+00:00,s4v2,2026-10-02,SHORT,,False,2026-10-02 13:30:00,,86623.0,,,2026-10-02 18:00:00,,84737.0,,,169.07,,,True,False
2026-10-02T21:25:57.975809+00:00,s4v2,2026-10-02,,LONG,False,,2026-10-01T09:00:11.785988Z,,83572.0,,,2026-10-02T17:02:36.783838Z,,85233.0,,,166.1,,False,True
2026-10-02T21:25:57.975809+00:00,s4v2,2026-10-02,,SHORT,False,,2026-10-02T17:02:51.627834Z,,85231.5,,,2026-10-02T18:00:04.996171Z,,84762.0,,,46.95,,False,True
2026-10-02T21:26:05.977995+00:00,s4v3,2026-10-02,SHORT,,False,2026-10-02 16:00:00,,86255.0,,,2026-10-03 00:00:00,,84369.0,,,169.11,,,True,False
2026-10-02T21:29:13.725993+00:00,s4v2,2026-10-02,LONG,LONG,False,2026-10-02 18:00:00,2026-10-02T18:00:12.151991Z,84737.0,84776.5,39.5,2026-10-02 18:30:00,2026-10-02T18:30:03.365517Z,84645.0,84803.5,158.5,-28.52,2.7,31.22,False,False
2026-10-02T21:29:13.725993+00:00,s4v2,2026-10-02,LONG,,False,2026-10-01 14:00:00,,83633.0,,,2026-10-01 18:30:00,,84737.0,,,91.2,,,True,False
2026-10-02T21:29:13.725993+00:00,s4v2,2026-10-02,SHORT,,False,2026-10-01 18:30:00,,84737.0,,,2026-10-01 20:30:00,,84737.0,,,-19.32,,,True,False
2026-10-02T21:29:13.725993+00:00,s4v2,2026-10-02,SHORT,,False,2026-10-01 21:00:00,,84599.0,,,2026-10-01 22:30:00,,84691.0,,,-28.51,,,True,False
2026-10-02T21:29:13.725993+00:00,s4v2,2026-10-02,LONG,,False,2026-10-02 00:00:00,,84783.0,,,2026-10-02 01:30:00,,84691.0,,,-28.53,,,True,False
2026-10-02T21:29:13.725993+00:00,s4v2,2026-10-02,SHORT,,False,2026-10-02 01:30:00,,84691.0,,,2026-10-02 02:00:00,,84691.0,,,-19.32,,,True,False
2026-10-02T21:29:13.725993+00:00,s4v2,2026-10-02,LONG,,False,2026-10-02 02:00:00,,84737.0,,,2026-10-02 05:00:00,,86577.0,,,164.68,,,True,False
2026-10-02T21:29:13.725993+00:00,s4v2,2026-10-02,SHORT,,False,2026-10-02 05:00:00,,86577.0,,,2026-10-02 08:00:00,,86071.0,,,31.08,,,True,False
2026-10-02T21:29:13.725993+00:00,s4v2,2026-10-02,LONG,,False,2026-10-02 08:30:00,,86117.0,,,2026-10-02 09:00:00,,86209.0,,,-10.27,,,True,False
2026-10-02T21:29:13.725993+00:00,s4v2,2026-10-02,SHORT,,False,2026-10-02 09:00:00,,86163.0,,,2026-10-02 10:00:00,,86301.0,,,-33.28,,,True,False
2026-10-02T21:29:13.725993+00:00,s4v2,2026-10-02,LONG,,False,2026-10-02 10:00:00,,86301.0,,,2026-10-02 11:00:00,,86209.0,,,-28.69,,,True,False
2026-10-02T21:29:13.725993+00:00,s4v2,2026-10-02,SHORT,,False,2026-10-02 11:00:00,,86209.0,,,2026-10-02 11:30:00,,86347.0,,,-33.28,,,True,False
2026-10-02T21:29:13.725993+00:00,s4v2,2026-10-02,LONG,,False,2026-10-02 11:30:00,,86347.0,,,2026-10-02 13:30:00,,86623.0,,,8.1,,,True,False
2026-10-02T21:29:13.725993+00:00,s4v2,2026-10-02,SHORT,,False,2026-10-02 13:30:00,,86623.0,,,2026-10-02 18:00:00,,84737.0,,,169.07,,,True,False
2026-10-02T21:29:13.725993+00:00,s4v2,2026-10-02,,LONG,False,,2026-10-01T09:00:11.785988Z,,83572.0,,,2026-10-02T17:02:36.783838Z,,85233.0,,,166.1,,False,True
2026-10-02T21:29:13.725993+00:00,s4v2,2026-10-02,,SHORT,False,,2026-10-02T17:02:51.627834Z,,85231.5,,,2026-10-02T18:00:04.996171Z,,84762.0,,,46.95,,False,True
2026-10-02T21:31:26.769514+00:00,s4v3,2026-10-02,SHORT,,False,2026-10-02 16:00:00,,86255.0,,,2026-10-03 00:00:00,,84369.0,,,169.11,,,True,False
2026-10-02T21:31:58.520735+00:00,s4v2,2026-10-03,LONG,LONG,False,2026-10-02 18:00:00,2026-10-02T18:00:12.151991Z,84737.0,84776.5,39.5,2026-10-02 18:30:00,2026-10-02T18:30:03.365517Z,84645.0,84803.5,158.5,-28.52,2.7,31.22,False,False
2026-10-02T21:31:58.520735+00:00,s4v2,2026-10-03,SHORT,SHORT,False,2026-10-02 19:00:00,2026-10-02T19:00:05.017684Z,84415.0,85014.1,599.1,2026-10-02 20:00:00,2026-10-02T20:00:45.846319Z,84277.0,85502.8,1225.8,-5.49,-48.87,-43.38,False,False
2026-10-02T21:36:34.972506+00:00,s4v3,2026-10-02,SHORT,,False,2026-10-02 16:00:00,,86255.0,,,2026-10-03 00:00:00,,84369.0,,,169.11,,,True,False
2026-10-02T21:37:24.225986+00:00,s4v2,2026-10-02,LONG,LONG,False,2026-10-02 18:00:00,2026-10-02T18:00:12.151991Z,84737.0,84776.5,39.5,2026-10-02 18:30:00,2026-10-02T18:30:03.365517Z,84645.0,84803.5,158.5,-28.52,2.7,31.22,False,False
2026-10-02T21:37:24.225986+00:00,s4v2,2026-10-02,LONG,,False,2026-10-01 14:00:00,,83633.0,,,2026-10-01 18:30:00,,84737.0,,,91.2,,,True,False
2026-10-02T21:37:24.225986+00:00,s4v2,2026-10-02,SHORT,,False,2026-10-01 18:30:00,,84737.0,,,2026-10-01 20:30:00,,84737.0,,,-19.32,,,True,False
2026-10-02T21:37:24.225986+00:00,s4v2,2026-10-02,SHORT,,False,2026-10-01 21:00:00,,84599.0,,,2026-10-01 22:30:00,,84691.0,,,-28.51,,,True,False
2026-10-02T21:37:24.225986+00:00,s4v2,2026-10-02,LONG,,False,2026-10-02 00:00:00,,84783.0,,,2026-10-02 01:30:00,,84691.0,,,-28.53,,,True,False
2026-10-02T21:37:24.225986+00:00,s4v2,2026-10-02,SHORT,,False,2026-10-02 01:30:00,,84691.0,,,2026-10-02 02:00:00,,84691.0,,,-19.32,,,True,False
2026-10-02T21:37:24.225986+00:00,s4v2,2026-10-02,LONG,,False,2026-10-02 02:00:00,,84737.0,,,2026-10-02 05:00:00,,86577.0,,,164.68,,,True,False
2026-10-02T21:37:24.225986+00:00,s4v2,2026-10-02,SHORT,,False,2026-10-02 05:00:00,,86577.0,,,2026-10-02 08:00:00,,86071.0,,,31.08,,,True,False
2026-10-02T21:37:24.225986+00:00,s4v2,2026-10-02,LONG,,False,2026-10-02 08:30:00,,86117.0,,,2026-10-02 09:00:00,,86209.0,,,-10.27,,,True,False
2026-10-02T21:37:24.225986+00:00,s4v2,2026-10-02,SHORT,,False,2026-10-02 09:00:00,,86163.0,,,2026-10-02 10:00:00,,86301.0,,,-33.28,,,True,False
2026-10-02T21:37:24.225986+00:00,s4v2,2026-10-02,LONG,,False,2026-10-02 10:00:00,,86301.0,,,2026-10-02 11:00:00,,86209.0,,,-28.69,,,True,False
2026-10-02T21:37:24.225986+00:00,s4v2,2026-10-02,SHORT,,False,2026-10-02 11:00:00,,86209.0,,,2026-10-02 11:30:00,,86347.0,,,-33.28,,,True,False
2026-10-02T21:37:24.225986+00:00,s4v2,2026-10-02,LONG,,False,2026-10-02 11:30:00,,86347.0,,,2026-10-02 13:30:00,,86623.0,,,8.1,,,True,False
2026-10-02T21:37:24.225986+00:00,s4v2,2026-10-02,SHORT,,False,2026-10-02 13:30:00,,86623.0,,,2026-10-02 18:00:00,,84737.0,,,169.07,,,True,False
2026-10-02T21:37:24.225986+00:00,s4v2,2026-10-02,,LONG,False,,2026-10-01T09:00:11.785988Z,,83572.0,,,2026-10-02T17:02:36.783838Z,,85233.0,,,166.1,,False,True
2026-10-02T21:37:24.225986+00:00,s4v2,2026-10-02,,SHORT,False,,2026-10-02T17:02:51.627834Z,,85231.5,,,2026-10-02T18:00:04.996171Z,,84762.0,,,46.95,,False,True
2026-10-02T21:41:46.493435+00:00,s4v3,2026-10-02,SHORT,,False,2026-10-02 16:00:00,,86255.0,,,2026-10-03 00:00:00,,84369.0,,,169.11,,,True,False
2026-10-02T21:45:22.231360+00:00,s4,2026-10-03,SHORT,,False,2026-10-02 16:00:00,,86347.0,,,2026-10-02 22:00:00,,84415.0,,,173.7,,,True,False
2026-10-02T21:45:30.230712+00:00,s4v2,2026-10-03,LONG,LONG,False,2026-10-02 18:00:00,2026-10-02T18:00:12.151991Z,84737.0,84776.5,39.5,2026-10-02 18:30:00,2026-10-02T18:30:03.365517Z,84645.0,84803.5,158.5,-28.52,2.7,31.22,False,False
2026-10-02T21:45:30.230712+00:00,s4v2,2026-10-03,SHORT,SHORT,False,2026-10-02 19:00:00,2026-10-02T19:00:05.017684Z,84415.0,85014.1,599.1,2026-10-02 20:00:00,2026-10-02T20:00:45.846319Z,84277.0,85502.8,1225.8,-5.49,-48.87,-43.38,False,False
2026-10-02T21:45:37.726637+00:00,s4v3,2026-10-03,SHORT,,False,2026-10-02 16:00:00,,86255.0,,,2026-10-03 00:00:00,,84369.0,,,169.11,,,True,False
2026-10-02T21:46:55.738566+00:00,s4v3,2026-10-02,SHORT,,False,2026-10-02 16:00:00,,86255.0,,,2026-10-03 00:00:00,,84369.0,,,169.11,,,True,False
2026-10-02T21:51:29.474934+00:00,s4,2026-10-03,SHORT,,False,2026-10-02 16:00:00,,86347.0,,,2026-10-02 22:00:00,,84415.0,,,173.7,,,True,False
2026-10-02T21:51:38.559902+00:00,s4v2,2026-10-03,LONG,LONG,False,2026-10-02 18:00:00,2026-10-02T18:00:12.151991Z,84737.0,84776.5,39.5,2026-10-02 18:30:00,2026-10-02T18:30:03.365517Z,84645.0,84803.5,158.5,-28.52,2.7,31.22,False,False
2026-10-02T21:51:38.559902+00:00,s4v2,2026-10-03,SHORT,SHORT,False,2026-10-02 19:00:00,2026-10-02T19:00:05.017684Z,84415.0,85014.1,599.1,2026-10-02 20:00:00,2026-10-02T20:00:45.846319Z,84277.0,85502.8,1225.8,-5.49,-48.87,-43.38,False,False
2026-10-02T21:51:48.489200+00:00,s4v3,2026-10-03,SHORT,,False,2026-10-02 16:00:00,,86255.0,,,2026-10-03 00:00:00,,84369.0,,,169.11,,,True,False
2026-10-02T21:52:00.257294+00:00,s4v3,2026-10-02,SHORT,,False,2026-10-02 16:00:00,,86255.0,,,2026-10-03 00:00:00,,84369.0,,,169.11,,,True,False
2026-10-02T21:52:55.231849+00:00,s4,2026-10-02,LONG,LONG,False,2026-10-01 10:00:00,2026-10-01T10:00:12.128740Z,83495.0,83758.0,263.0,2026-10-01 20:00:00,2026-10-01T20:00:41.757440Z,84691.0,84666.0,-25.0,100.42,90.8,-9.62,False,False
2026-10-02T21:52:55.231849+00:00,s4,2026-10-02,SHORT,SHORT,False,2026-10-01 20:00:00,2026-10-01T20:01:10.476884Z,84691.0,84729.5,38.5,2026-10-02 00:00:00,2026-10-02T00:00:26.945550Z,84691.0,84813.5,122.5,-19.32,-8.4,10.92,False,False
2026-10-02T21:52:55.231849+00:00,s4,2026-10-02,LONG,LONG,False,2026-10-02 00:00:00,2026-10-02T00:00:34.793259Z,84783.0,84813.5,30.5,2026-10-02 16:00:00,2026-10-02T16:00:27.761425Z,86347.0,85315.0,-1032.0,137.07,50.15,-86.92,False,False
2026-10-02T21:52:55.231849+00:00,s4,2026-10-02,SHORT,,False,2026-10-02 16:00:00,,86347.0,,,2026-10-02 22:00:00,,84415.0,,,173.7,,,True,False
2026-10-02T21:53:03.985580+00:00,s4v3,2026-10-02,SHORT,,False,2026-10-02 16:00:00,,86255.0,,,2026-10-03 00:00:00,,84369.0,,,169.11,,,True,False
2026-10-02T21:57:08.276075+00:00,s4v3,2026-10-02,SHORT,,False,2026-10-02 16:00:00,,86255.0,,,2026-10-03 00:00:00,,84369.0,,,169.11,,,True,False
2026-10-02T22:02:23.228889+00:00,s4v3,2026-10-02,SHORT,,False,2026-10-02 16:00:00,,86255.0,,,2026-10-03 00:00:00,,84369.0,,,169.11,,,True,False
2026-10-02T22:07:30.489619+00:00,s4v3,2026-10-02,SHORT,,False,2026-10-02 16:00:00,,86255.0,,,2026-10-03 00:00:00,,84369.0,,,169.11,,,True,False
2026-10-02T22:12:49.530827+00:00,s4v3,2026-10-02,SHORT,,False,2026-10-02 16:00:00,,86255.0,,,2026-10-03 00:00:00,,84369.0,,,169.11,,,True,False
2026-10-02T22:17:57.734835+00:00,s4v3,2026-10-02,SHORT,,False,2026-10-02 16:00:00,,86255.0,,,2026-10-03 00:00:00,,84369.0,,,169.11,,,True,False
2026-10-02T22:23:08.012292+00:00,s4v3,2026-10-02,SHORT,,False,2026-10-02 16:00:00,,86255.0,,,2026-10-03 00:00:00,,84369.0,,,169.11,,,True,False
2026-10-02T22:28:14.248823+00:00,s4v3,2026-10-02,SHORT,,False,2026-10-02 16:00:00,,86255.0,,,2026-10-03 00:00:00,,84369.0,,,169.11,,,True,False
2026-10-02T22:33:20.730857+00:00,s4v3,2026-10-02,SHORT,,False,2026-10-02 16:00:00,,86255.0,,,2026-10-03 00:00:00,,84369.0,,,169.11,,,True,False
2026-10-02T22:38:28.778884+00:00,s4v3,2026-10-02,SHORT,,False,2026-10-02 16:00:00,,86255.0,,,2026-10-03 00:00:00,,84369.0,,,169.11,,,True,False
2026-10-02T22:43:34.987845+00:00,s4v3,2026-10-02,SHORT,,False,2026-10-02 16:00:00,,86255.0,,,2026-10-03 00:00:00,,84369.0,,,169.11,,,True,False
2026-10-02T22:48:42.248201+00:00,s4v3,2026-10-02,SHORT,,False,2026-10-02 16:00:00,,86255.0,,,2026-10-03 00:00:00,,84369.0,,,169.11,,,True,False
2026-10-02T22:53:50.730652+00:00,s4v3,2026-10-02,SHORT,,False,2026-10-02 16:00:00,,86255.0,,,2026-10-03 00:00:00,,84369.0,,,169.11,,,True,False
2026-10-02T22:58:57.263249+00:00,s4v3,2026-10-02,SHORT,,False,2026-10-02 16:00:00,,86255.0,,,2026-10-03 00:00:00,,84369.0,,,169.11,,,True,False
2026-10-02T23:04:01.487961+00:00,s4v3,2026-10-02,SHORT,,False,2026-10-02 16:00:00,,86255.0,,,2026-10-03 00:00:00,,84369.0,,,169.11,,,True,False
2026-10-02T23:09:04.218131+00:00,s4v3,2026-10-02,SHORT,,False,2026-10-02 16:00:00,,86255.0,,,2026-10-03 00:00:00,,84369.0,,,169.11,,,True,False
2026-10-02T23:14:06.835840+00:00,s4v3,2026-10-02,SHORT,,False,2026-10-02 16:00:00,,86255.0,,,2026-10-03 00:00:00,,84369.0,,,169.11,,,True,False
2026-10-02T23:19:10.231696+00:00,s4v3,2026-10-02,SHORT,,False,2026-10-02 16:00:00,,86255.0,,,2026-10-03 00:00:00,,84369.0,,,169.11,,,True,False
2026-10-02T23:24:13.571579+00:00,s4v3,2026-10-02,SHORT,,False,2026-10-02 16:00:00,,86255.0,,,2026-10-03 00:00:00,,84369.0,,,169.11,,,True,False
2026-10-02T23:29:15.801422+00:00,s4v3,2026-10-02,SHORT,,False,2026-10-02 16:00:00,,86255.0,,,2026-10-03 00:00:00,,84369.0,,,169.11,,,True,False
2026-10-02T23:34:19.322073+00:00,s4v3,2026-10-02,SHORT,,False,2026-10-02 16:00:00,,86255.0,,,2026-10-03 00:00:00,,84369.0,,,169.11,,,True,False
2026-10-02T23:39:23.585957+00:00,s4v3,2026-10-02,SHORT,,False,2026-10-02 16:00:00,,86255.0,,,2026-10-03 00:00:00,,84369.0,,,169.11,,,True,False
2026-10-02T23:44:25.256979+00:00,s4v3,2026-10-02,SHORT,,False,2026-10-02 16:00:00,,86255.0,,,2026-10-03 00:00:00,,84369.0,,,169.11,,,True,False
2026-10-02T23:49:26.740162+00:00,s4v3,2026-10-02,SHORT,,False,2026-10-02 16:00:00,,86255.0,,,2026-10-03 00:00:00,,84369.0,,,169.11,,,True,False
2026-10-02T23:54:28.208364+00:00,s4v3,2026-10-02,SHORT,,False,2026-10-02 16:00:00,,86255.0,,,2026-10-03 00:00:00,,84369.0,,,169.11,,,True,False
2026-10-02T23:59:30.021232+00:00,s4v3,2026-10-02,SHORT,,False,2026-10-02 16:00:00,,86255.0,,,2026-10-03 00:00:00,,84369.0,,,169.11,,,True,False
2026-10-03T00:04:31.738370+00:00,s4v3,2026-10-03,SHORT,SHORT,False,2026-10-02 16:00:00,2026-10-02T16:00:51.997482Z,86255.0,85289.0,-966.0,2026-10-03 00:00:00,2026-10-03T00:01:47.604615Z,84369.0,86342.39199999999,1973.39,169.11,-105.3392,-274.45,False,False
2026-10-03T00:09:33.316211+00:00,s4v3,2026-10-03,SHORT,SHORT,False,2026-10-02 16:00:00,2026-10-02T16:00:51.997482Z,86255.0,85289.0,-966.0,2026-10-03 00:00:00,2026-10-03T00:01:47.604615Z,84369.0,86342.39199999999,1973.39,169.11,-105.3392,-274.45,False,False
2026-10-03T00:14:34.764643+00:00,s4v3,2026-10-03,SHORT,SHORT,False,2026-10-02 16:00:00,2026-10-02T16:00:51.997482Z,86255.0,85289.0,-966.0,2026-10-03 00:00:00,2026-10-03T00:01:47.604615Z,84369.0,86342.39199999999,1973.39,169.11,-105.3392,-274.45,False,False
2026-10-03T00:19:36.102063+00:00,s4v3,2026-10-03,SHORT,SHORT,False,2026-10-02 16:00:00,2026-10-02T16:00:51.997482Z,86255.0,85289.0,-966.0,2026-10-03 00:00:00,2026-10-03T00:01:47.604615Z,84369.0,86342.39199999999,1973.39,169.11,-105.3392,-274.45,False,False
2026-10-03T00:24:38.879738+00:00,s4v3,2026-10-03,SHORT,SHORT,False,2026-10-02 16:00:00,2026-10-02T16:00:51.997482Z,86255.0,85289.0,-966.0,2026-10-03 00:00:00,2026-10-03T00:01:47.604615Z,84369.0,86342.39199999999,1973.39,169.11,-105.3392,-274.45,False,False
2026-10-03T00:29:40.439279+00:00,s4v3,2026-10-03,SHORT,SHORT,False,2026-10-02 16:00:00,2026-10-02T16:00:51.997482Z,86255.0,85289.0,-966.0,2026-10-03 00:00:00,2026-10-03T00:01:47.604615Z,84369.0,86342.39199999999,1973.39,169.11,-105.3392,-274.45,False,False
2026-10-03T00:34:44.235200+00:00,s4v3,2026-10-03,SHORT,SHORT,False,2026-10-02 16:00:00,2026-10-02T16:00:51.997482Z,86255.0,85289.0,-966.0,2026-10-03 00:00:00,2026-10-03T00:01:47.604615Z,84369.0,86342.39199999999,1973.39,169.11,-105.3392,-274.45,False,False
2026-10-03T00:39:46.064604+00:00,s4v3,2026-10-03,SHORT,SHORT,False,2026-10-02 16:00:00,2026-10-02T16:00:51.997482Z,86255.0,85289.0,-966.0,2026-10-03 00:00:00,2026-10-03T00:01:47.604615Z,84369.0,86342.39199999999,1973.39,169.11,-105.3392,-274.45,False,False
2026-10-03T00:44:50.395397+00:00,s4v3,2026-10-03,SHORT,SHORT,False,2026-10-02 16:00:00,2026-10-02T16:00:51.997482Z,86255.0,85289.0,-966.0,2026-10-03 00:00:00,2026-10-03T00:01:47.604615Z,84369.0,86342.39199999999,1973.39,169.11,-105.3392,-274.45,False,False
2026-10-03T00:49:52.289181+00:00,s4v3,2026-10-03,SHORT,SHORT,False,2026-10-02 16:00:00,2026-10-02T16:00:51.997482Z,86255.0,85289.0,-966.0,2026-10-03 00:00:00,2026-10-03T00:01:47.604615Z,84369.0,86342.39199999999,1973.39,169.11,-105.3392,-274.45,False,False
2026-10-03T00:54:58.316742+00:00,s4v3,2026-10-03,SHORT,SHORT,False,2026-10-02 16:00:00,2026-10-02T16:00:51.997482Z,86255.0,85289.0,-966.0,2026-10-03 00:00:00,2026-10-03T00:01:47.604615Z,84369.0,86342.39199999999,1973.39,169.11,-105.3392,-274.45,False,False
2026-10-03T00:59:59.698419+00:00,s4v3,2026-10-03,SHORT,SHORT,False,2026-10-02 16:00:00,2026-10-02T16:00:51.997482Z,86255.0,85289.0,-966.0,2026-10-03 00:00:00,2026-10-03T00:01:47.604615Z,84369.0,86342.39199999999,1973.39,169.11,-105.3392,-274.45,False,False
2026-10-03T01:05:01.505165+00:00,s4v3,2026-10-03,SHORT,SHORT,False,2026-10-02 16:00:00,2026-10-02T16:00:51.997482Z,86255.0,85289.0,-966.0,2026-10-03 00:00:00,2026-10-03T00:01:47.604615Z,84369.0,86342.39199999999,1973.39,169.11,-105.3392,-274.45,False,False
2026-10-03T01:10:05.177691+00:00,s4v3,2026-10-03,SHORT,SHORT,False,2026-10-02 16:00:00,2026-10-02T16:00:51.997482Z,86255.0,85289.0,-966.0,2026-10-03 00:00:00,2026-10-03T00:01:47.604615Z,84369.0,86342.39199999999,1973.39,169.11,-105.3392,-274.45,False,False
2026-10-03T01:15:09.389804+00:00,s4v3,2026-10-03,SHORT,SHORT,False,2026-10-02 16:00:00,2026-10-02T16:00:51.997482Z,86255.0,85289.0,-966.0,2026-10-03 00:00:00,2026-10-03T00:01:47.604615Z,84369.0,86342.39199999999,1973.39,169.11,-105.3392,-274.45,False,False
2026-10-03T01:20:13.654826+00:00,s4v3,2026-10-03,SHORT,SHORT,False,2026-10-02 16:00:00,2026-10-02T16:00:51.997482Z,86255.0,85289.0,-966.0,2026-10-03 00:00:00,2026-10-03T00:01:47.604615Z,84369.0,86342.39199999999,1973.39,169.11,-105.3392,-274.45,False,False
2026-10-03T01:25:17.628658+00:00,s4v3,2026-10-03,SHORT,SHORT,False,2026-10-02 16:00:00,2026-10-02T16:00:51.997482Z,86255.0,85289.0,-966.0,2026-10-03 00:00:00,2026-10-03T00:01:47.604615Z,84369.0,86342.39199999999,1973.39,169.11,-105.3392,-274.45,False,False
2026-10-03T01:30:21.415996+00:00,s4v3,2026-10-03,SHORT,SHORT,False,2026-10-02 16:00:00,2026-10-02T16:00:51.997482Z,86255.0,85289.0,-966.0,2026-10-03 00:00:00,2026-10-03T00:01:47.604615Z,84369.0,86342.39199999999,1973.39,169.11,-105.3392,-274.45,False,False
2026-10-03T01:35:23.083976+00:00,s4v3,2026-10-03,SHORT,SHORT,False,2026-10-02 16:00:00,2026-10-02T16:00:51.997482Z,86255.0,85289.0,-966.0,2026-10-03 00:00:00,2026-10-03T00:01:47.604615Z,84369.0,86342.39199999999,1973.39,169.11,-105.3392,-274.45,False,False
2026-10-03T01:40:24.789004+00:00,s4v3,2026-10-03,SHORT,SHORT,False,2026-10-02 16:00:00,2026-10-02T16:00:51.997482Z,86255.0,85289.0,-966.0,2026-10-03 00:00:00,2026-10-03T00:01:47.604615Z,84369.0,86342.39199999999,1973.39,169.11,-105.3392,-274.45,False,False
2026-10-03T01:45:32.369898+00:00,s4v3,2026-10-03,SHORT,SHORT,False,2026-10-02 16:00:00,2026-10-02T16:00:51.997482Z,86255.0,85289.0,-966.0,2026-10-03 00:00:00,2026-10-03T00:01:47.604615Z,84369.0,86342.39199999999,1973.39,169.11,-105.3392,-274.45,False,False
2026-10-03T01:50:40.402966+00:00,s4v3,2026-10-03,SHORT,SHORT,False,2026-10-02 16:00:00,2026-10-02T16:00:51.997482Z,86255.0,85289.0,-966.0,2026-10-03 00:00:00,2026-10-03T00:01:47.604615Z,84369.0,86342.39199999999,1973.39,169.11,-105.3392,-274.45,False,False
2026-10-03T01:55:48.351089+00:00,s4v3,2026-10-03,SHORT,SHORT,False,2026-10-02 16:00:00,2026-10-02T16:00:51.997482Z,86255.0,85289.0,-966.0,2026-10-03 00:00:00,2026-10-03T00:01:47.604615Z,84369.0,86342.39199999999,1973.39,169.11,-105.3392,-274.45,False,False
2026-10-03T02:00:51.456659+00:00,s4v3,2026-10-03,SHORT,SHORT,False,2026-10-02 16:00:00,2026-10-02T16:00:51.997482Z,86255.0,85289.0,-966.0,2026-10-03 00:00:00,2026-10-03T00:01:47.604615Z,84369.0,86342.39199999999,1973.39,169.11,-105.3392,-274.45,False,False
2026-10-03T02:05:54.997123+00:00,s4v3,2026-10-03,SHORT,SHORT,False,2026-10-02 16:00:00,2026-10-02T16:00:51.997482Z,86255.0,85289.0,-966.0,2026-10-03 00:00:00,2026-10-03T00:01:47.604615Z,84369.0,86342.39199999999,1973.39,169.11,-105.3392,-274.45,False,False
2026-10-03T02:11:03.275523+00:00,s4v3,2026-10-03,SHORT,SHORT,False,2026-10-02 16:00:00,2026-10-02T16:00:51.997482Z,86255.0,85289.0,-966.0,2026-10-03 00:00:00,2026-10-03T00:01:47.604615Z,84369.0,86342.39199999999,1973.39,169.11,-105.3392,-274.45,False,False
2026-10-03T02:16:10.801212+00:00,s4v3,2026-10-03,SHORT,SHORT,False,2026-10-02 16:00:00,2026-10-02T16:00:51.997482Z,86255.0,85289.0,-966.0,2026-10-03 00:00:00,2026-10-03T00:01:47.604615Z,84369.0,86342.39199999999,1973.39,169.11,-105.3392,-274.45,False,False
2026-10-03T02:21:14.854993+00:00,s4v3,2026-10-03,SHORT,SHORT,False,2026-10-02 16:00:00,2026-10-02T16:00:51.997482Z,86255.0,85289.0,-966.0,2026-10-03 00:00:00,2026-10-03T00:01:47.604615Z,84369.0,86342.39199999999,1973.39,169.11,-105.3392,-274.45,False,False
2026-10-03T02:26:18.586200+00:00,s4v3,2026-10-03,SHORT,SHORT,False,2026-10-02 16:00:00,2026-10-02T16:00:51.997482Z,86255.0,85289.0,-966.0,2026-10-03 00:00:00,2026-10-03T00:01:47.604615Z,84369.0,86342.39199999999,1973.39,169.11,-105.3392,-274.45,False,False
2026-10-03T02:31:26.321239+00:00,s4v3,2026-10-03,SHORT,SHORT,False,2026-10-02 16:00:00,2026-10-02T16:00:51.997482Z,86255.0,85289.0,-966.0,2026-10-03 00:00:00,2026-10-03T00:01:47.604615Z,84369.0,86342.39199999999,1973.39,169.11,-105.3392,-274.45,False,False
2026-10-03T02:36:32.322268+00:00,s4v3,2026-10-03,SHORT,SHORT,False,2026-10-02 16:00:00,2026-10-02T16:00:51.997482Z,86255.0,85289.0,-966.0,2026-10-03 00:00:00,2026-10-03T00:01:47.604615Z,84369.0,86342.39199999999,1973.39,169.11,-105.3392,-274.45,False,False
2026-10-03T02:41:36.569702+00:00,s4v3,2026-10-03,SHORT,SHORT,False,2026-10-02 16:00:00,2026-10-02T16:00:51.997482Z,86255.0,85289.0,-966.0,2026-10-03 00:00:00,2026-10-03T00:01:47.604615Z,84369.0,86342.39199999999,1973.39,169.11,-105.3392,-274.45,False,False
2026-10-03T02:46:39.761055+00:00,s4v3,2026-10-03,SHORT,SHORT,False,2026-10-02 16:00:00,2026-10-02T16:00:51.997482Z,86255.0,85289.0,-966.0,2026-10-03 00:00:00,2026-10-03T00:01:47.604615Z,84369.0,86342.39199999999,1973.39,169.11,-105.3392,-274.45,False,False
2026-10-03T02:51:43.136024+00:00,s4v3,2026-10-03,SHORT,SHORT,False,2026-10-02 16:00:00,2026-10-02T16:00:51.997482Z,86255.0,85289.0,-966.0,2026-10-03 00:00:00,2026-10-03T00:01:47.604615Z,84369.0,86342.39199999999,1973.39,169.11,-105.3392,-274.45,False,False
2026-10-03T02:56:45.960903+00:00,s4v3,2026-10-03,SHORT,SHORT,False,2026-10-02 16:00:00,2026-10-02T16:00:51.997482Z,86255.0,85289.0,-966.0,2026-10-03 00:00:00,2026-10-03T00:01:47.604615Z,84369.0,86342.39199999999,1973.39,169.11,-105.3392,-274.45,False,False
2026-10-03T03:01:49.670121+00:00,s4v3,2026-10-03,SHORT,SHORT,False,2026-10-02 16:00:00,2026-10-02T16:00:51.997482Z,86255.0,85289.0,-966.0,2026-10-03 00:00:00,2026-10-03T00:01:47.604615Z,84369.0,86342.39199999999,1973.39,169.11,-105.3392,-274.45,False,False
2026-10-03T03:06:52.200519+00:00,s4v3,2026-10-03,SHORT,SHORT,False,2026-10-02 16:00:00,2026-10-02T16:00:51.997482Z,86255.0,85289.0,-966.0,2026-10-03 00:00:00,2026-10-03T00:01:47.604615Z,84369.0,86342.39199999999,1973.39,169.11,-105.3392,-274.45,False,False
2026-10-03T03:11:55.470125+00:00,s4v3,2026-10-03,SHORT,SHORT,False,2026-10-02 16:00:00,2026-10-02T16:00:51.997482Z,86255.0,85289.0,-966.0,2026-10-03 00:00:00,2026-10-03T00:01:47.604615Z,84369.0,86342.39199999999,1973.39,169.11,-105.3392,-274.45,False,False
2026-10-03T03:17:02.535082+00:00,s4v3,2026-10-03,SHORT,SHORT,False,2026-10-02 16:00:00,2026-10-02T16:00:51.997482Z,86255.0,85289.0,-966.0,2026-10-03 00:00:00,2026-10-03T00:01:47.604615Z,84369.0,86342.39199999999,1973.39,169.11,-105.3392,-274.45,False,False
2026-10-03T03:22:05.201261+00:00,s4v3,2026-10-03,SHORT,SHORT,False,2026-10-02 16:00:00,2026-10-02T16:00:51.997482Z,86255.0,85289.0,-966.0,2026-10-03 00:00:00,2026-10-03T00:01:47.604615Z,84369.0,86342.39199999999,1973.39,169.11,-105.3392,-274.45,False,False
2026-10-03T03:27:12.126048+00:00,s4v3,2026-10-03,SHORT,SHORT,False,2026-10-02 16:00:00,2026-10-02T16:00:51.997482Z,86255.0,85289.0,-966.0,2026-10-03 00:00:00,2026-10-03T00:01:47.604615Z,84369.0,86342.39199999999,1973.39,169.11,-105.3392,-274.45,False,False
2026-10-03T03:32:20.591733+00:00,s4v3,2026-10-03,SHORT,SHORT,False,2026-10-02 16:00:00,2026-10-02T16:00:51.997482Z,86255.0,85289.0,-966.0,2026-10-03 00:00:00,2026-10-03T00:01:47.604615Z,84369.0,86342.39199999999,1973.39,169.11,-105.3392,-274.45,False,False
2026-10-03T03:37:27.600041+00:00,s4v3,2026-10-03,SHORT,SHORT,False,2026-10-02 16:00:00,2026-10-02T16:00:51.997482Z,86255.0,85289.0,-966.0,2026-10-03 00:00:00,2026-10-03T00:01:47.604615Z,84369.0,86342.39199999999,1973.39,169.11,-105.3392,-274.45,False,False
2026-10-03T03:42:30.620890+00:00,s4v3,2026-10-03,SHORT,SHORT,False,2026-10-02 16:00:00,2026-10-02T16:00:51.997482Z,86255.0,85289.0,-966.0,2026-10-03 00:00:00,2026-10-03T00:01:47.604615Z,84369.0,86342.39199999999,1973.39,169.11,-105.3392,-274.45,False,False
2026-10-03T03:47:42.287218+00:00,s4v3,2026-10-03,SHORT,SHORT,False,2026-10-02 16:00:00,2026-10-02T16:00:51.997482Z,86255.0,85289.0,-966.0,2026-10-03 00:00:00,2026-10-03T00:01:47.604615Z,84369.0,86342.39199999999,1973.39,169.11,-105.3392,-274.45,False,False
2026-10-03T03:52:49.087930+00:00,s4v3,2026-10-03,SHORT,SHORT,False,2026-10-02 16:00:00,2026-10-02T16:00:51.997482Z,86255.0,85289.0,-966.0,2026-10-03 00:00:00,2026-10-03T00:01:47.604615Z,84369.0,86342.39199999999,1973.39,169.11,-105.3392,-274.45,False,False
2026-10-03T03:57:55.746827+00:00,s4v3,2026-10-03,SHORT,SHORT,False,2026-10-02 16:00:00,2026-10-02T16:00:51.997482Z,86255.0,85289.0,-966.0,2026-10-03 00:00:00,2026-10-03T00:01:47.604615Z,84369.0,86342.39199999999,1973.39,169.11,-105.3392,-274.45,False,False
2026-10-03T04:02:58.399205+00:00,s4v3,2026-10-03,SHORT,SHORT,False,2026-10-02 16:00:00,2026-10-02T16:00:51.997482Z,86255.0,85289.0,-966.0,2026-10-03 00:00:00,2026-10-03T00:01:47.604615Z,84369.0,86342.39199999999,1973.39,169.11,-105.3392,-274.45,False,False
2026-10-03T04:08:05.912338+00:00,s4v3,2026-10-03,SHORT,SHORT,False,2026-10-02 16:00:00,2026-10-02T16:00:51.997482Z,86255.0,85289.0,-966.0,2026-10-03 00:00:00,2026-10-03T00:01:47.604615Z,84369.0,86342.39199999999,1973.39,169.11,-105.3392,-274.45,False,False
2026-10-03T04:13:13.863690+00:00,s4v3,2026-10-03,SHORT,SHORT,False,2026-10-02 16:00:00,2026-10-02T16:00:51.997482Z,86255.0,85289.0,-966.0,2026-10-03 00:00:00,2026-10-03T00:01:47.604615Z,84369.0,86342.39199999999,1973.39,169.11,-105.3392,-274.45,False,False
2026-10-03T04:18:17.289424+00:00,s4v3,2026-10-03,SHORT,SHORT,False,2026-10-02 16:00:00,2026-10-02T16:00:51.997482Z,86255.0,85289.0,-966.0,2026-10-03 00:00:00,2026-10-03T00:01:47.604615Z,84369.0,86342.39199999999,1973.39,169.11,-105.3392,-274.45,False,False
2026-10-03T04:23:20.736993+00:00,s4v3,2026-10-03,SHORT,SHORT,False,2026-10-02 16:00:00,2026-10-02T16:00:51.997482Z,86255.0,85289.0,-966.0,2026-10-03 00:00:00,2026-10-03T00:01:47.604615Z,84369.0,86342.39199999999,1973.39,169.11,-105.3392,-274.45,False,False
2026-10-03T04:28:25.949757+00:00,s4v3,2026-10-03,SHORT,SHORT,False,2026-10-02 16:00:00,2026-10-02T16:00:51.997482Z,86255.0,85289.0,-966.0,2026-10-03 00:00:00,2026-10-03T00:01:47.604615Z,84369.0,86342.39199999999,1973.39,169.11,-105.3392,-274.45,False,False
2026-10-03T04:33:34.517987+00:00,s4v3,2026-10-03,SHORT,SHORT,False,2026-10-02 16:00:00,2026-10-02T16:00:51.997482Z,86255.0,85289.0,-966.0,2026-10-03 00:00:00,2026-10-03T00:01:47.604615Z,84369.0,86342.39199999999,1973.39,169.11,-105.3392,-274.45,False,False
2026-10-03T04:38:41.269745+00:00,s4v3,2026-10-03,SHORT,SHORT,False,2026-10-02 16:00:00,2026-10-02T16:00:51.997482Z,86255.0,85289.0,-966.0,2026-10-03 00:00:00,2026-10-03T00:01:47.604615Z,84369.0,86342.39199999999,1973.39,169.11,-105.3392,-274.45,False,False
2026-10-03T04:43:44.294261+00:00,s4v3,2026-10-03,SHORT,SHORT,False,2026-10-02 16:00:00,2026-10-02T16:00:51.997482Z,86255.0,85289.0,-966.0,2026-10-03 00:00:00,2026-10-03T00:01:47.604615Z,84369.0,86342.39199999999,1973.39,169.11,-105.3392,-274.45,False,False
2026-10-03T04:48:50.823750+00:00,s4v3,2026-10-03,SHORT,SHORT,False,2026-10-02 16:00:00,2026-10-02T16:00:51.997482Z,86255.0,85289.0,-966.0,2026-10-03 00:00:00,2026-10-03T00:01:47.604615Z,84369.0,86342.39199999999,1973.39,169.11,-105.3392,-274.45,False,False
2026-10-03T04:53:55.515495+00:00,s4v3,2026-10-03,SHORT,SHORT,False,2026-10-02 16:00:00,2026-10-02T16:00:51.997482Z,86255.0,85289.0,-966.0,2026-10-03 00:00:00,2026-10-03T00:01:47.604615Z,84369.0,86342.39199999999,1973.39,169.11,-105.3392,-274.45,False,False
2026-10-03T04:58:59.329870+00:00,s4v3,2026-10-03,SHORT,SHORT,False,2026-10-02 16:00:00,2026-10-02T16:00:51.997482Z,86255.0,85289.0,-966.0,2026-10-03 00:00:00,2026-10-03T00:01:47.604615Z,84369.0,86342.39199999999,1973.39,169.11,-105.3392,-274.45,False,False
2026-10-03T05:04:01.404664+00:00,s4v3,2026-10-03,SHORT,SHORT,False,2026-10-02 16:00:00,2026-10-02T16:00:51.997482Z,86255.0,85289.0,-966.0,2026-10-03 00:00:00,2026-10-03T00:01:47.604615Z,84369.0,86342.39199999999,1973.39,169.11,-105.3392,-274.45,False,False
2026-10-03T05:09:03.493173+00:00,s4v3,2026-10-03,SHORT,SHORT,False,2026-10-02 16:00:00,2026-10-02T16:00:51.997482Z,86255.0,85289.0,-966.0,2026-10-03 00:00:00,2026-10-03T00:01:47.604615Z,84369.0,86342.39199999999,1973.39,169.11,-105.3392,-274.45,False,False
2026-10-03T05:14:10.879967+00:00,s4v3,2026-10-03,SHORT,SHORT,False,2026-10-02 16:00:00,2026-10-02T16:00:51.997482Z,86255.0,85289.0,-966.0,2026-10-03 00:00:00,2026-10-03T00:01:47.604615Z,84369.0,86342.39199999999,1973.39,169.11,-105.3392,-274.45,False,False
2026-10-03T05:19:17.221183+00:00,s4v3,2026-10-03,SHORT,SHORT,False,2026-10-02 16:00:00,2026-10-02T16:00:51.997482Z,86255.0,85289.0,-966.0,2026-10-03 00:00:00,2026-10-03T00:01:47.604615Z,84369.0,86342.39199999999,1973.39,169.11,-105.3392,-274.45,False,False
2026-10-03T05:24:25.753534+00:00,s4v3,2026-10-03,SHORT,SHORT,False,2026-10-02 16:00:00,2026-10-02T16:00:51.997482Z,86255.0,85289.0,-966.0,2026-10-03 00:00:00,2026-10-03T00:01:47.604615Z,84369.0,86342.39199999999,1973.39,169.11,-105.3392,-274.45,False,False
2026-10-03T05:29:31.287300+00:00,s4v3,2026-10-03,SHORT,SHORT,False,2026-10-02 16:00:00,2026-10-02T16:00:51.997482Z,86255.0,85289.0,-966.0,2026-10-03 00:00:00,2026-10-03T00:01:47.604615Z,84369.0,86342.39199999999,1973.39,169.11,-105.3392,-274.45,False,False
2026-10-03T05:34:36.046525+00:00,s4v3,2026-10-03,SHORT,SHORT,False,2026-10-02 16:00:00,2026-10-02T16:00:51.997482Z,86255.0,85289.0,-966.0,2026-10-03 00:00:00,2026-10-03T00:01:47.604615Z,84369.0,86342.39199999999,1973.39,169.11,-105.3392,-274.45,False,False
2026-10-03T05:39:39.822345+00:00,s4v3,2026-10-03,SHORT,SHORT,False,2026-10-02 16:00:00,2026-10-02T16:00:51.997482Z,86255.0,85289.0,-966.0,2026-10-03 00:00:00,2026-10-03T00:01:47.604615Z,84369.0,86342.39199999999,1973.39,169.11,-105.3392,-274.45,False,False
2026-10-03T05:44:43.319382+00:00,s4v3,2026-10-03,SHORT,SHORT,False,2026-10-02 16:00:00,2026-10-02T16:00:51.997482Z,86255.0,85289.0,-966.0,2026-10-03 00:00:00,2026-10-03T00:01:47.604615Z,84369.0,86342.39199999999,1973.39,169.11,-105.3392,-274.45,False,False
2026-10-03T05:49:48.590108+00:00,s4v3,2026-10-03,SHORT,SHORT,False,2026-10-02 16:00:00,2026-10-02T16:00:51.997482Z,86255.0,85289.0,-966.0,2026-10-03 00:00:00,2026-10-03T00:01:47.604615Z,84369.0,86342.39199999999,1973.39,169.11,-105.3392,-274.45,False,False
2026-10-03T05:54:52.628253+00:00,s4v3,2026-10-03,SHORT,SHORT,False,2026-10-02 16:00:00,2026-10-02T16:00:51.997482Z,86255.0,85289.0,-966.0,2026-10-03 00:00:00,2026-10-03T00:01:47.604615Z,84369.0,86342.39199999999,1973.39,169.11,-105.3392,-274.45,False,False
2026-10-03T06:00:00.819758+00:00,s4v3,2026-10-03,SHORT,SHORT,False,2026-10-02 16:00:00,2026-10-02T16:00:51.997482Z,86255.0,85289.0,-966.0,2026-10-03 00:00:00,2026-10-03T00:01:47.604615Z,84369.0,86342.39199999999,1973.39,169.11,-105.3392,-274.45,False,False
2026-10-03T06:05:04.888680+00:00,s4v3,2026-10-03,SHORT,SHORT,False,2026-10-02 16:00:00,2026-10-02T16:00:51.997482Z,86255.0,85289.0,-966.0,2026-10-03 00:00:00,2026-10-03T00:01:47.604615Z,84369.0,86342.39199999999,1973.39,169.11,-105.3392,-274.45,False,False
2026-10-03T06:10:12.975570+00:00,s4v3,2026-10-03,SHORT,SHORT,False,2026-10-02 16:00:00,2026-10-02T16:00:51.997482Z,86255.0,85289.0,-966.0,2026-10-03 00:00:00,2026-10-03T00:01:47.604615Z,84369.0,86342.39199999999,1973.39,169.11,-105.3392,-274.45,False,False
2026-10-03T06:15:20.301431+00:00,s4v3,2026-10-03,SHORT,SHORT,False,2026-10-02 16:00:00,2026-10-02T16:00:51.997482Z,86255.0,85289.0,-966.0,2026-10-03 00:00:00,2026-10-03T00:01:47.604615Z,84369.0,86342.39199999999,1973.39,169.11,-105.3392,-274.45,False,False
2026-10-03T06:20:25.842918+00:00,s4v3,2026-10-03,SHORT,SHORT,False,2026-10-02 16:00:00,2026-10-02T16:00:51.997482Z,86255.0,85289.0,-966.0,2026-10-03 00:00:00,2026-10-03T00:01:47.604615Z,84369.0,86342.39199999999,1973.39,169.11,-105.3392,-274.45,False,False
2026-10-03T06:25:33.115573+00:00,s4v3,2026-10-03,SHORT,SHORT,False,2026-10-02 16:00:00,2026-10-02T16:00:51.997482Z,86255.0,85289.0,-966.0,2026-10-03 00:00:00,2026-10-03T00:01:47.604615Z,84369.0,86342.39199999999,1973.39,169.11,-105.3392,-274.45,False,False
2026-10-03T06:30:41.826347+00:00,s4v3,2026-10-03,SHORT,SHORT,False,2026-10-02 16:00:00,2026-10-02T16:00:51.997482Z,86255.0,85289.0,-966.0,2026-10-03 00:00:00,2026-10-03T00:01:47.604615Z,84369.0,86342.39199999999,1973.39,169.11,-105.3392,-274.45,False,False
2026-10-03T06:35:49.102716+00:00,s4v3,2026-10-03,SHORT,SHORT,False,2026-10-02 16:00:00,2026-10-02T16:00:51.997482Z,86255.0,85289.0,-966.0,2026-10-03 00:00:00,2026-10-03T00:01:47.604615Z,84369.0,86342.39199999999,1973.39,169.11,-105.3392,-274.45,False,False
2026-10-03T06:40:55.951191+00:00,s4v3,2026-10-03,SHORT,SHORT,False,2026-10-02 16:00:00,2026-10-02T16:00:51.997482Z,86255.0,85289.0,-966.0,2026-10-03 00:00:00,2026-10-03T00:01:47.604615Z,84369.0,86342.39199999999,1973.39,169.11,-105.3392,-274.45,False,False
2026-10-03T06:46:02.394725+00:00,s4v3,2026-10-03,SHORT,SHORT,False,2026-10-02 16:00:00,2026-10-02T16:00:51.997482Z,86255.0,85289.0,-966.0,2026-10-03 00:00:00,2026-10-03T00:01:47.604615Z,84369.0,86342.39199999999,1973.39,169.11,-105.3392,-274.45,False,False
2026-10-03T06:51:12.668867+00:00,s4v3,2026-10-03,SHORT,SHORT,False,2026-10-02 16:00:00,2026-10-02T16:00:51.997482Z,86255.0,85289.0,-966.0,2026-10-03 00:00:00,2026-10-03T00:01:47.604615Z,84369.0,86342.39199999999,1973.39,169.11,-105.3392,-274.45,False,False
2026-10-03T06:56:18.953930+00:00,s4v3,2026-10-03,SHORT,SHORT,False,2026-10-02 16:00:00,2026-10-02T16:00:51.997482Z,86255.0,85289.0,-966.0,2026-10-03 00:00:00,2026-10-03T00:01:47.604615Z,84369.0,86342.39199999999,1973.39,169.11,-105.3392,-274.45,False,False
2026-10-03T07:01:30.193987+00:00,s4v3,2026-10-03,SHORT,SHORT,False,2026-10-02 16:00:00,2026-10-02T16:00:51.997482Z,86255.0,85289.0,-966.0,2026-10-03 00:00:00,2026-10-03T00:01:47.604615Z,84369.0,86342.39199999999,1973.39,169.11,-105.3392,-274.45,False,False
2026-10-03T07:06:34.953973+00:00,s4v3,2026-10-03,SHORT,SHORT,False,2026-10-02 16:00:00,2026-10-02T16:00:51.997482Z,86255.0,85289.0,-966.0,2026-10-03 00:00:00,2026-10-03T00:01:47.604615Z,84369.0,86342.39199999999,1973.39,169.11,-105.3392,-274.45,False,False
2026-10-03T07:11:42.970565+00:00,s4v3,2026-10-03,SHORT,SHORT,False,2026-10-02 16:00:00,2026-10-02T16:00:51.997482Z,86255.0,85289.0,-966.0,2026-10-03 00:00:00,2026-10-03T00:01:47.604615Z,84369.0,86342.39199999999,1973.39,169.11,-105.3392,-274.45,False,False
2026-10-03T07:16:44.625331+00:00,s4v3,2026-10-03,SHORT,SHORT,False,2026-10-02 16:00:00,2026-10-02T16:00:51.997482Z,86255.0,85289.0,-966.0,2026-10-03 00:00:00,2026-10-03T00:01:47.604615Z,84369.0,86342.39199999999,1973.39,169.11,-105.3392,-274.45,False,False
2026-10-03T07:21:50.824887+00:00,s4v3,2026-10-03,SHORT,SHORT,False,2026-10-02 16:00:00,2026-10-02T16:00:51.997482Z,86255.0,85289.0,-966.0,2026-10-03 00:00:00,2026-10-03T00:01:47.604615Z,84369.0,86342.39199999999,1973.39,169.11,-105.3392,-274.45,False,False
2026-10-03T07:26:55.575907+00:00,s4v3,2026-10-03,SHORT,SHORT,False,2026-10-02 16:00:00,2026-10-02T16:00:51.997482Z,86255.0,85289.0,-966.0,2026-10-03 00:00:00,2026-10-03T00:01:47.604615Z,84369.0,86342.39199999999,1973.39,169.11,-105.3392,-274.45,False,False
2026-10-03T07:32:08.346547+00:00,s4v3,2026-10-03,SHORT,SHORT,False,2026-10-02 16:00:00,2026-10-02T16:00:51.997482Z,86255.0,85289.0,-966.0,2026-10-03 00:00:00,2026-10-03T00:01:47.604615Z,84369.0,86342.39199999999,1973.39,169.11,-105.3392,-274.45,False,False
2026-10-03T07:37:11.788623+00:00,s4v3,2026-10-03,SHORT,SHORT,False,2026-10-02 16:00:00,2026-10-02T16:00:51.997482Z,86255.0,85289.0,-966.0,2026-10-03 00:00:00,2026-10-03T00:01:47.604615Z,84369.0,86342.39199999999,1973.39,169.11,-105.3392,-274.45,False,False
2026-10-03T07:42:13.612170+00:00,s4v3,2026-10-03,SHORT,SHORT,False,2026-10-02 16:00:00,2026-10-02T16:00:51.997482Z,86255.0,85289.0,-966.0,2026-10-03 00:00:00,2026-10-03T00:01:47.604615Z,84369.0,86342.39199999999,1973.39,169.11,-105.3392,-274.45,False,False
2026-10-03T07:47:14.994506+00:00,s4v3,2026-10-03,SHORT,SHORT,False,2026-10-02 16:00:00,2026-10-02T16:00:51.997482Z,86255.0,85289.0,-966.0,2026-10-03 00:00:00,2026-10-03T00:01:47.604615Z,84369.0,86342.39199999999,1973.39,169.11,-105.3392,-274.45,False,False
2026-10-03T07:52:22.509609+00:00,s4v3,2026-10-03,SHORT,SHORT,False,2026-10-02 16:00:00,2026-10-02T16:00:51.997482Z,86255.0,85289.0,-966.0,2026-10-03 00:00:00,2026-10-03T00:01:47.604615Z,84369.0,86342.39199999999,1973.39,169.11,-105.3392,-274.45,False,False
2026-10-03T07:57:31.750578+00:00,s4v3,2026-10-03,SHORT,SHORT,False,2026-10-02 16:00:00,2026-10-02T16:00:51.997482Z,86255.0,85289.0,-966.0,2026-10-03 00:00:00,2026-10-03T00:01:47.604615Z,84369.0,86342.39199999999,1973.39,169.11,-105.3392,-274.45,False,False
2026-10-03T08:02:35.558788+00:00,s4v3,2026-10-03,SHORT,SHORT,False,2026-10-02 16:00:00,2026-10-02T16:00:51.997482Z,86255.0,85289.0,-966.0,2026-10-03 00:00:00,2026-10-03T00:01:47.604615Z,84369.0,86342.39199999999,1973.39,169.11,-105.3392,-274.45,False,False
2026-10-03T08:07:39.069407+00:00,s4v3,2026-10-03,SHORT,SHORT,False,2026-10-02 16:00:00,2026-10-02T16:00:51.997482Z,86255.0,85289.0,-966.0,2026-10-03 00:00:00,2026-10-03T00:01:47.604615Z,84369.0,86342.39199999999,1973.39,169.11,-105.3392,-274.45,False,False
2026-10-03T08:07:39.069407+00:00,s4v3,2026-10-03,SHORT,,False,2026-10-03 08:00:00,,84507.0,,,2026-10-03 12:00:00,,84599.0,,,-28.5,,,True,False
2026-10-03T08:12:42.324793+00:00,s4v3,2026-10-03,SHORT,SHORT,False,2026-10-02 16:00:00,2026-10-02T16:00:51.997482Z,86255.0,85289.0,-966.0,2026-10-03 00:00:00,2026-10-03T00:01:47.604615Z,84369.0,86342.39199999999,1973.39,169.11,-105.3392,-274.45,False,False
2026-10-03T08:12:42.324793+00:00,s4v3,2026-10-03,SHORT,,False,2026-10-03 08:00:00,,84507.0,,,2026-10-03 12:00:00,,84599.0,,,-28.5,,,True,False
2026-10-03T08:17:43.625578+00:00,s4v3,2026-10-03,SHORT,SHORT,False,2026-10-02 16:00:00,2026-10-02T16:00:51.997482Z,86255.0,85289.0,-966.0,2026-10-03 00:00:00,2026-10-03T00:01:47.604615Z,84369.0,86342.39199999999,1973.39,169.11,-105.3392,-274.45,False,False
2026-10-03T08:17:43.625578+00:00,s4v3,2026-10-03,SHORT,,False,2026-10-03 08:00:00,,84507.0,,,2026-10-03 12:00:00,,84599.0,,,-28.5,,,True,False
2026-10-03T08:22:47.364407+00:00,s4v3,2026-10-03,SHORT,SHORT,False,2026-10-02 16:00:00,2026-10-02T16:00:51.997482Z,86255.0,85289.0,-966.0,2026-10-03 00:00:00,2026-10-03T00:01:47.604615Z,84369.0,86342.39199999999,1973.39,169.11,-105.3392,-274.45,False,False
2026-10-03T08:22:47.364407+00:00,s4v3,2026-10-03,SHORT,,False,2026-10-03 08:00:00,,84507.0,,,2026-10-03 12:00:00,,84599.0,,,-28.5,,,True,False
2026-10-03T08:27:50.879370+00:00,s4v3,2026-10-03,SHORT,SHORT,False,2026-10-02 16:00:00,2026-10-02T16:00:51.997482Z,86255.0,85289.0,-966.0,2026-10-03 00:00:00,2026-10-03T00:01:47.604615Z,84369.0,86342.39199999999,1973.39,169.11,-105.3392,-274.45,False,False
2026-10-03T08:32:57.898821+00:00,s4v3,2026-10-03,SHORT,SHORT,False,2026-10-02 16:00:00,2026-10-02T16:00:51.997482Z,86255.0,85289.0,-966.0,2026-10-03 00:00:00,2026-10-03T00:01:47.604615Z,84369.0,86342.39199999999,1973.39,169.11,-105.3392,-274.45,False,False
2026-10-03T08:38:02.424829+00:00,s4v3,2026-10-03,SHORT,SHORT,False,2026-10-02 16:00:00,2026-10-02T16:00:51.997482Z,86255.0,85289.0,-966.0,2026-10-03 00:00:00,2026-10-03T00:01:47.604615Z,84369.0,86342.39199999999,1973.39,169.11,-105.3392,-274.45,False,False
2026-10-03T08:43:05.386857+00:00,s4v3,2026-10-03,SHORT,SHORT,False,2026-10-02 16:00:00,2026-10-02T16:00:51.997482Z,86255.0,85289.0,-966.0,2026-10-03 00:00:00,2026-10-03T00:01:47.604615Z,84369.0,86342.39199999999,1973.39,169.11,-105.3392,-274.45,False,False
2026-10-03T08:43:05.386857+00:00,s4v3,2026-10-03,SHORT,,False,2026-10-03 08:00:00,,84507.0,,,2026-10-03 12:00:00,,84599.0,,,-28.5,,,True,False
2026-10-03T08:48:08.150784+00:00,s4v3,2026-10-03,SHORT,SHORT,False,2026-10-02 16:00:00,2026-10-02T16:00:51.997482Z,86255.0,85289.0,-966.0,2026-10-03 00:00:00,2026-10-03T00:01:47.604615Z,84369.0,86342.39199999999,1973.39,169.11,-105.3392,-274.45,False,False
2026-10-03T08:48:08.150784+00:00,s4v3,2026-10-03,SHORT,,False,2026-10-03 08:00:00,,84507.0,,,2026-10-03 12:00:00,,84599.0,,,-28.5,,,True,False
2026-10-03T08:53:15.066191+00:00,s4v3,2026-10-03,SHORT,SHORT,False,2026-10-02 16:00:00,2026-10-02T16:00:51.997482Z,86255.0,85289.0,-966.0,2026-10-03 00:00:00,2026-10-03T00:01:47.604615Z,84369.0,86342.39199999999,1973.39,169.11,-105.3392,-274.45,False,False
2026-10-03T08:53:15.066191+00:00,s4v3,2026-10-03,SHORT,,False,2026-10-03 08:00:00,,84507.0,,,2026-10-03 12:00:00,,84599.0,,,-28.5,,,True,False
2026-10-03T08:58:21.545913+00:00,s4v3,2026-10-03,SHORT,SHORT,False,2026-10-02 16:00:00,2026-10-02T16:00:51.997482Z,86255.0,85289.0,-966.0,2026-10-03 00:00:00,2026-10-03T00:01:47.604615Z,84369.0,86342.39199999999,1973.39,169.11,-105.3392,-274.45,False,False
2026-10-03T08:58:21.545913+00:00,s4v3,2026-10-03,SHORT,,False,2026-10-03 08:00:00,,84507.0,,,2026-10-03 12:00:00,,84599.0,,,-28.5,,,True,False
2026-10-03T09:03:27.322937+00:00,s4v3,2026-10-03,SHORT,SHORT,False,2026-10-02 16:00:00,2026-10-02T16:00:51.997482Z,86255.0,85289.0,-966.0,2026-10-03 00:00:00,2026-10-03T00:01:47.604615Z,84369.0,86342.39199999999,1973.39,169.11,-105.3392,-274.45,False,False
2026-10-03T09:03:27.322937+00:00,s4v3,2026-10-03,SHORT,,False,2026-10-03 08:00:00,,84507.0,,,2026-10-03 12:00:00,,84599.0,,,-28.5,,,True,False
2026-10-03T09:08:30.560921+00:00,s4v3,2026-10-03,SHORT,SHORT,False,2026-10-02 16:00:00,2026-10-02T16:00:51.997482Z,86255.0,85289.0,-966.0,2026-10-03 00:00:00,2026-10-03T00:01:47.604615Z,84369.0,86342.39199999999,1973.39,169.11,-105.3392,-274.45,False,False
2026-10-03T09:08:30.560921+00:00,s4v3,2026-10-03,SHORT,,False,2026-10-03 08:00:00,,84507.0,,,2026-10-03 12:00:00,,84599.0,,,-28.5,,,True,False
2026-10-03T09:13:32.489562+00:00,s4v3,2026-10-03,SHORT,SHORT,False,2026-10-02 16:00:00,2026-10-02T16:00:51.997482Z,86255.0,85289.0,-966.0,2026-10-03 00:00:00,2026-10-03T00:01:47.604615Z,84369.0,86342.39199999999,1973.39,169.11,-105.3392,-274.45,False,False
2026-10-03T09:13:32.489562+00:00,s4v3,2026-10-03,SHORT,,False,2026-10-03 08:00:00,,84507.0,,,2026-10-03 12:00:00,,84599.0,,,-28.5,,,True,False
2026-10-03T09:18:34.180149+00:00,s4v3,2026-10-03,SHORT,SHORT,False,2026-10-02 16:00:00,2026-10-02T16:00:51.997482Z,86255.0,85289.0,-966.0,2026-10-03 00:00:00,2026-10-03T00:01:47.604615Z,84369.0,86342.39199999999,1973.39,169.11,-105.3392,-274.45,False,False
2026-10-03T09:18:34.180149+00:00,s4v3,2026-10-03,SHORT,,False,2026-10-03 08:00:00,,84507.0,,,2026-10-03 12:00:00,,84599.0,,,-28.5,,,True,False
2026-10-03T09:23:39.656477+00:00,s4v3,2026-10-03,SHORT,SHORT,False,2026-10-02 16:00:00,2026-10-02T16:00:51.997482Z,86255.0,85289.0,-966.0,2026-10-03 00:00:00,2026-10-03T00:01:47.604615Z,84369.0,86342.39199999999,1973.39,169.11,-105.3392,-274.45,False,False
2026-10-03T09:23:39.656477+00:00,s4v3,2026-10-03,SHORT,,False,2026-10-03 08:00:00,,84507.0,,,2026-10-03 12:00:00,,84599.0,,,-28.5,,,True,False
2026-10-03T09:28:42.763825+00:00,s4v3,2026-10-03,SHORT,SHORT,False,2026-10-02 16:00:00,2026-10-02T16:00:51.997482Z,86255.0,85289.0,-966.0,2026-10-03 00:00:00,2026-10-03T00:01:47.604615Z,84369.0,86342.39199999999,1973.39,169.11,-105.3392,-274.45,False,False
2026-10-03T09:28:42.763825+00:00,s4v3,2026-10-03,SHORT,,False,2026-10-03 08:00:00,,84507.0,,,2026-10-03 12:00:00,,84599.0,,,-28.5,,,True,False
2026-10-03T09:33:50.563881+00:00,s4v3,2026-10-03,SHORT,SHORT,False,2026-10-02 16:00:00,2026-10-02T16:00:51.997482Z,86255.0,85289.0,-966.0,2026-10-03 00:00:00,2026-10-03T00:01:47.604615Z,84369.0,86342.39199999999,1973.39,169.11,-105.3392,-274.45,False,False
2026-10-03T09:33:50.563881+00:00,s4v3,2026-10-03,SHORT,,False,2026-10-03 08:00:00,,84507.0,,,2026-10-03 12:00:00,,84599.0,,,-28.5,,,True,False
2026-10-03T09:38:53.831243+00:00,s4v3,2026-10-03,SHORT,SHORT,False,2026-10-02 16:00:00,2026-10-02T16:00:51.997482Z,86255.0,85289.0,-966.0,2026-10-03 00:00:00,2026-10-03T00:01:47.604615Z,84369.0,86342.39199999999,1973.39,169.11,-105.3392,-274.45,False,False
2026-10-03T09:38:53.831243+00:00,s4v3,2026-10-03,SHORT,,False,2026-10-03 08:00:00,,84507.0,,,2026-10-03 12:00:00,,84599.0,,,-28.5,,,True,False
2026-10-03T09:43:57.528137+00:00,s4v3,2026-10-03,SHORT,SHORT,False,2026-10-02 16:00:00,2026-10-02T16:00:51.997482Z,86255.0,85289.0,-966.0,2026-10-03 00:00:00,2026-10-03T00:01:47.604615Z,84369.0,86342.39199999999,1973.39,169.11,-105.3392,-274.45,False,False
2026-10-03T09:49:01.771106+00:00,s4v3,2026-10-03,SHORT,SHORT,False,2026-10-02 16:00:00,2026-10-02T16:00:51.997482Z,86255.0,85289.0,-966.0,2026-10-03 00:00:00,2026-10-03T00:01:47.604615Z,84369.0,86342.39199999999,1973.39,169.11,-105.3392,-274.45,False,False
2026-10-03T09:54:05.528474+00:00,s4v3,2026-10-03,SHORT,SHORT,False,2026-10-02 16:00:00,2026-10-02T16:00:51.997482Z,86255.0,85289.0,-966.0,2026-10-03 00:00:00,2026-10-03T00:01:47.604615Z,84369.0,86342.39199999999,1973.39,169.11,-105.3392,-274.45,False,False
2026-10-03T09:59:07.646766+00:00,s4v3,2026-10-03,SHORT,SHORT,False,2026-10-02 16:00:00,2026-10-02T16:00:51.997482Z,86255.0,85289.0,-966.0,2026-10-03 00:00:00,2026-10-03T00:01:47.604615Z,84369.0,86342.39199999999,1973.39,169.11,-105.3392,-274.45,False,False
2026-10-03T10:04:11.571053+00:00,s4v3,2026-10-03,SHORT,SHORT,False,2026-10-02 16:00:00,2026-10-02T16:00:51.997482Z,86255.0,85289.0,-966.0,2026-10-03 00:00:00,2026-10-03T00:01:47.604615Z,84369.0,86342.39199999999,1973.39,169.11,-105.3392,-274.45,False,False
2026-10-03T10:09:17.571095+00:00,s4v3,2026-10-03,SHORT,SHORT,False,2026-10-02 16:00:00,2026-10-02T16:00:51.997482Z,86255.0,85289.0,-966.0,2026-10-03 00:00:00,2026-10-03T00:01:47.604615Z,84369.0,86342.39199999999,1973.39,169.11,-105.3392,-274.45,False,False
2026-10-03T10:09:17.571095+00:00,s4v3,2026-10-03,SHORT,,False,2026-10-03 08:00:00,,84507.0,,,2026-10-03 12:00:00,,84599.0,,,-28.5,,,True,False
2026-10-03T10:14:21.827733+00:00,s4v3,2026-10-03,SHORT,SHORT,False,2026-10-02 16:00:00,2026-10-02T16:00:51.997482Z,86255.0,85289.0,-966.0,2026-10-03 00:00:00,2026-10-03T00:01:47.604615Z,84369.0,86342.39199999999,1973.39,169.11,-105.3392,-274.45,False,False
2026-10-03T10:19:23.406095+00:00,s4v3,2026-10-03,SHORT,SHORT,False,2026-10-02 16:00:00,2026-10-02T16:00:51.997482Z,86255.0,85289.0,-966.0,2026-10-03 00:00:00,2026-10-03T00:01:47.604615Z,84369.0,86342.39199999999,1973.39,169.11,-105.3392,-274.45,False,False
2026-10-03T10:24:30.346093+00:00,s4v3,2026-10-03,SHORT,SHORT,False,2026-10-02 16:00:00,2026-10-02T16:00:51.997482Z,86255.0,85289.0,-966.0,2026-10-03 00:00:00,2026-10-03T00:01:47.604615Z,84369.0,86342.39199999999,1973.39,169.11,-105.3392,-274.45,False,False
2026-10-03T10:29:33.887368+00:00,s4v3,2026-10-03,SHORT,SHORT,False,2026-10-02 16:00:00,2026-10-02T16:00:51.997482Z,86255.0,85289.0,-966.0,2026-10-03 00:00:00,2026-10-03T00:01:47.604615Z,84369.0,86342.39199999999,1973.39,169.11,-105.3392,-274.45,False,False
2026-10-03T10:34:36.301956+00:00,s4v3,2026-10-03,SHORT,SHORT,False,2026-10-02 16:00:00,2026-10-02T16:00:51.997482Z,86255.0,85289.0,-966.0,2026-10-03 00:00:00,2026-10-03T00:01:47.604615Z,84369.0,86342.39199999999,1973.39,169.11,-105.3392,-274.45,False,False
2026-10-03T10:34:36.301956+00:00,s4v3,2026-10-03,SHORT,,False,2026-10-03 08:00:00,,84507.0,,,2026-10-03 12:00:00,,84599.0,,,-28.5,,,True,False
2026-10-03T10:39:38.088397+00:00,s4v3,2026-10-03,SHORT,SHORT,False,2026-10-02 16:00:00,2026-10-02T16:00:51.997482Z,86255.0,85289.0,-966.0,2026-10-03 00:00:00,2026-10-03T00:01:47.604615Z,84369.0,86342.39199999999,1973.39,169.11,-105.3392,-274.45,False,False
2026-10-03T10:39:38.088397+00:00,s4v3,2026-10-03,SHORT,,False,2026-10-03 08:00:00,,84507.0,,,2026-10-03 12:00:00,,84599.0,,,-28.5,,,True,False
2026-10-03T10:44:40.212756+00:00,s4v3,2026-10-03,SHORT,SHORT,False,2026-10-02 16:00:00,2026-10-02T16:00:51.997482Z,86255.0,85289.0,-966.0,2026-10-03 00:00:00,2026-10-03T00:01:47.604615Z,84369.0,86342.39199999999,1973.39,169.11,-105.3392,-274.45,False,False
2026-10-03T10:44:40.212756+00:00,s4v3,2026-10-03,SHORT,,False,2026-10-03 08:00:00,,84507.0,,,2026-10-03 12:00:00,,84599.0,,,-28.5,,,True,False
2026-10-03T10:49:43.678861+00:00,s4v3,2026-10-03,SHORT,SHORT,False,2026-10-02 16:00:00,2026-10-02T16:00:51.997482Z,86255.0,85289.0,-966.0,2026-10-03 00:00:00,2026-10-03T00:01:47.604615Z,84369.0,86342.39199999999,1973.39,169.11,-105.3392,-274.45,False,False
2026-10-03T10:49:43.678861+00:00,s4v3,2026-10-03,SHORT,,False,2026-10-03 08:00:00,,84507.0,,,2026-10-03 12:00:00,,84599.0,,,-28.5,,,True,False
2026-10-03T10:54:47.952727+00:00,s4v3,2026-10-03,SHORT,SHORT,False,2026-10-02 16:00:00,2026-10-02T16:00:51.997482Z,86255.0,85289.0,-966.0,2026-10-03 00:00:00,2026-10-03T00:01:47.604615Z,84369.0,86342.39199999999,1973.39,169.11,-105.3392,-274.45,False,False
2026-10-03T10:54:47.952727+00:00,s4v3,2026-10-03,SHORT,,False,2026-10-03 08:00:00,,84507.0,,,2026-10-03 12:00:00,,84599.0,,,-28.5,,,True,False
2026-10-03T10:59:54.479067+00:00,s4v3,2026-10-03,SHORT,SHORT,False,2026-10-02 16:00:00,2026-10-02T16:00:51.997482Z,86255.0,85289.0,-966.0,2026-10-03 00:00:00,2026-10-03T00:01:47.604615Z,84369.0,86342.39199999999,1973.39,169.11,-105.3392,-274.45,False,False
2026-10-03T10:59:54.479067+00:00,s4v3,2026-10-03,SHORT,,False,2026-10-03 08:00:00,,84507.0,,,2026-10-03 12:00:00,,84599.0,,,-28.5,,,True,False
2026-10-03T11:05:04.034751+00:00,s4v3,2026-10-03,SHORT,SHORT,False,2026-10-02 16:00:00,2026-10-02T16:00:51.997482Z,86255.0,85289.0,-966.0,2026-10-03 00:00:00,2026-10-03T00:01:47.604615Z,84369.0,86342.39199999999,1973.39,169.11,-105.3392,-274.45,False,False
2026-10-03T11:05:04.034751+00:00,s4v3,2026-10-03,SHORT,,False,2026-10-03 08:00:00,,84507.0,,,2026-10-03 12:00:00,,84599.0,,,-28.5,,,True,False
2026-10-03T11:10:10.220039+00:00,s4v3,2026-10-03,SHORT,SHORT,False,2026-10-02 16:00:00,2026-10-02T16:00:51.997482Z,86255.0,85289.0,-966.0,2026-10-03 00:00:00,2026-10-03T00:01:47.604615Z,84369.0,86342.39199999999,1973.39,169.11,-105.3392,-274.45,False,False
2026-10-03T11:10:10.220039+00:00,s4v3,2026-10-03,SHORT,,False,2026-10-03 08:00:00,,84507.0,,,2026-10-03 12:00:00,,84599.0,,,-28.5,,,True,False
2026-10-03T11:15:19.813990+00:00,s4v3,2026-10-03,SHORT,SHORT,False,2026-10-02 16:00:00,2026-10-02T16:00:51.997482Z,86255.0,85289.0,-966.0,2026-10-03 00:00:00,2026-10-03T00:01:47.604615Z,84369.0,86342.39199999999,1973.39,169.11,-105.3392,-274.45,False,False
2026-10-03T11:15:19.813990+00:00,s4v3,2026-10-03,SHORT,,False,2026-10-03 08:00:00,,84507.0,,,2026-10-03 12:00:00,,84599.0,,,-28.5,,,True,False
2026-10-03T11:20:29.361085+00:00,s4v3,2026-10-03,SHORT,SHORT,False,2026-10-02 16:00:00,2026-10-02T16:00:51.997482Z,86255.0,85289.0,-966.0,2026-10-03 00:00:00,2026-10-03T00:01:47.604615Z,84369.0,86342.39199999999,1973.39,169.11,-105.3392,-274.45,False,False
2026-10-03T11:20:29.361085+00:00,s4v3,2026-10-03,SHORT,,False,2026-10-03 08:00:00,,84507.0,,,2026-10-03 12:00:00,,84599.0,,,-28.5,,,True,False
2026-10-03T11:25:40.706913+00:00,s4v3,2026-10-03,SHORT,SHORT,False,2026-10-02 16:00:00,2026-10-02T16:00:51.997482Z,86255.0,85289.0,-966.0,2026-10-03 00:00:00,2026-10-03T00:01:47.604615Z,84369.0,86342.39199999999,1973.39,169.11,-105.3392,-274.45,False,False
2026-10-03T11:25:40.706913+00:00,s4v3,2026-10-03,SHORT,,False,2026-10-03 08:00:00,,84507.0,,,2026-10-03 12:00:00,,84599.0,,,-28.5,,,True,False
2026-10-03T11:30:50.875770+00:00,s4v3,2026-10-03,SHORT,SHORT,False,2026-10-02 16:00:00,2026-10-02T16:00:51.997482Z,86255.0,85289.0,-966.0,2026-10-03 00:00:00,2026-10-03T00:01:47.604615Z,84369.0,86342.39199999999,1973.39,169.11,-105.3392,-274.45,False,False
2026-10-03T11:30:50.875770+00:00,s4v3,2026-10-03,SHORT,,False,2026-10-03 08:00:00,,84507.0,,,2026-10-03 12:00:00,,84599.0,,,-28.5,,,True,False
2026-10-03T11:35:59.192063+00:00,s4v3,2026-10-03,SHORT,SHORT,False,2026-10-02 16:00:00,2026-10-02T16:00:51.997482Z,86255.0,85289.0,-966.0,2026-10-03 00:00:00,2026-10-03T00:01:47.604615Z,84369.0,86342.39199999999,1973.39,169.11,-105.3392,-274.45,False,False
2026-10-03T11:35:59.192063+00:00,s4v3,2026-10-03,SHORT,,False,2026-10-03 08:00:00,,84507.0,,,2026-10-03 12:00:00,,84599.0,,,-28.5,,,True,False
2026-10-03T11:41:08.972394+00:00,s4v3,2026-10-03,SHORT,SHORT,False,2026-10-02 16:00:00,2026-10-02T16:00:51.997482Z,86255.0,85289.0,-966.0,2026-10-03 00:00:00,2026-10-03T00:01:47.604615Z,84369.0,86342.39199999999,1973.39,169.11,-105.3392,-274.45,False,False
2026-10-03T11:41:08.972394+00:00,s4v3,2026-10-03,SHORT,,False,2026-10-03 08:00:00,,84507.0,,,2026-10-03 12:00:00,,84599.0,,,-28.5,,,True,False
2026-10-03T11:46:19.470932+00:00,s4v3,2026-10-03,SHORT,SHORT,False,2026-10-02 16:00:00,2026-10-02T16:00:51.997482Z,86255.0,85289.0,-966.0,2026-10-03 00:00:00,2026-10-03T00:01:47.604615Z,84369.0,86342.39199999999,1973.39,169.11,-105.3392,-274.45,False,False
2026-10-03T11:46:19.470932+00:00,s4v3,2026-10-03,SHORT,,False,2026-10-03 08:00:00,,84507.0,,,2026-10-03 12:00:00,,84599.0,,,-28.5,,,True,False
2026-10-03T11:51:27.553956+00:00,s4v3,2026-10-03,SHORT,SHORT,False,2026-10-02 16:00:00,2026-10-02T16:00:51.997482Z,86255.0,85289.0,-966.0,2026-10-03 00:00:00,2026-10-03T00:01:47.604615Z,84369.0,86342.39199999999,1973.39,169.11,-105.3392,-274.45,False,False
2026-10-03T11:51:27.553956+00:00,s4v3,2026-10-03,SHORT,,False,2026-10-03 08:00:00,,84507.0,,,2026-10-03 12:00:00,,84599.0,,,-28.5,,,True,False
2026-10-03T11:56:37.759310+00:00,s4v3,2026-10-03,SHORT,SHORT,False,2026-10-02 16:00:00,2026-10-02T16:00:51.997482Z,86255.0,85289.0,-966.0,2026-10-03 00:00:00,2026-10-03T00:01:47.604615Z,84369.0,86342.39199999999,1973.39,169.11,-105.3392,-274.45,False,False
2026-10-03T11:56:37.759310+00:00,s4v3,2026-10-03,SHORT,,False,2026-10-03 08:00:00,,84507.0,,,2026-10-03 12:00:00,,84599.0,,,-28.5,,,True,False
2026-10-03T12:01:47.527058+00:00,s4v3,2026-10-03,SHORT,SHORT,False,2026-10-02 16:00:00,2026-10-02T16:00:51.997482Z,86255.0,85289.0,-966.0,2026-10-03 00:00:00,2026-10-03T00:01:47.604615Z,84369.0,86342.39199999999,1973.39,169.11,-105.3392,-274.45,False,False
2026-10-03T12:01:47.527058+00:00,s4v3,2026-10-03,SHORT,SHORT,False,2026-10-03 08:00:00,2026-10-03T08:00:34.186427Z,84507.0,84752.6,245.6,2026-10-03 12:00:00,2026-10-03T12:01:36.756329Z,84599.0,86568.41739130435,1969.42,-28.5,-83.5276,-55.03,False,False
2026-10-03T12:06:53.026267+00:00,s4v3,2026-10-03,SHORT,SHORT,False,2026-10-02 16:00:00,2026-10-02T16:00:51.997482Z,86255.0,85289.0,-966.0,2026-10-03 00:00:00,2026-10-03T00:01:47.604615Z,84369.0,86342.39199999999,1973.39,169.11,-105.3392,-274.45,False,False
2026-10-03T12:06:53.026267+00:00,s4v3,2026-10-03,SHORT,SHORT,False,2026-10-03 08:00:00,2026-10-03T08:00:34.186427Z,84507.0,84752.6,245.6,2026-10-03 12:00:00,2026-10-03T12:03:23.670685Z,84599.0,86572.735,1973.74,-28.5,-182.0135,-153.51,False,False
2026-10-03T12:11:57.299216+00:00,s4v3,2026-10-03,SHORT,SHORT,False,2026-10-02 16:00:00,2026-10-02T16:00:51.997482Z,86255.0,85289.0,-966.0,2026-10-03 00:00:00,2026-10-03T00:01:47.604615Z,84369.0,86342.39199999999,1973.39,169.11,-105.3392,-274.45,False,False
2026-10-03T12:11:57.299216+00:00,s4v3,2026-10-03,SHORT,SHORT,False,2026-10-03 08:00:00,2026-10-03T08:00:34.186427Z,84507.0,84752.6,245.6,2026-10-03 12:00:00,2026-10-03T12:03:23.670685Z,84599.0,86572.735,1973.74,-28.5,-182.0135,-153.51,False,False
2026-10-03T12:17:04.610991+00:00,s4v3,2026-10-03,SHORT,SHORT,False,2026-10-02 16:00:00,2026-10-02T16:00:51.997482Z,86255.0,85289.0,-966.0,2026-10-03 00:00:00,2026-10-03T00:01:47.604615Z,84369.0,86342.39199999999,1973.39,169.11,-105.3392,-274.45,False,False
2026-10-03T12:17:04.610991+00:00,s4v3,2026-10-03,SHORT,SHORT,False,2026-10-03 08:00:00,2026-10-03T08:00:34.186427Z,84507.0,84752.6,245.6,2026-10-03 12:00:00,2026-10-03T12:03:23.670685Z,84599.0,86572.735,1973.74,-28.5,-182.0135,-153.51,False,False
2026-10-03T12:22:07.720466+00:00,s4v3,2026-10-03,SHORT,SHORT,False,2026-10-02 16:00:00,2026-10-02T16:00:51.997482Z,86255.0,85289.0,-966.0,2026-10-03 00:00:00,2026-10-03T00:01:47.604615Z,84369.0,86342.39199999999,1973.39,169.11,-105.3392,-274.45,False,False
2026-10-03T12:22:07.720466+00:00,s4v3,2026-10-03,SHORT,SHORT,False,2026-10-03 08:00:00,2026-10-03T08:00:34.186427Z,84507.0,84752.6,245.6,2026-10-03 12:00:00,2026-10-03T12:03:23.670685Z,84599.0,86572.735,1973.74,-28.5,-182.0135,-153.51,False,False
2026-10-03T12:27:14.585280+00:00,s4v3,2026-10-03,SHORT,SHORT,False,2026-10-02 16:00:00,2026-10-02T16:00:51.997482Z,86255.0,85289.0,-966.0,2026-10-03 00:00:00,2026-10-03T00:01:47.604615Z,84369.0,86342.39199999999,1973.39,169.11,-105.3392,-274.45,False,False
2026-10-03T12:27:14.585280+00:00,s4v3,2026-10-03,SHORT,SHORT,False,2026-10-03 08:00:00,2026-10-03T08:00:34.186427Z,84507.0,84752.6,245.6,2026-10-03 12:00:00,2026-10-03T12:03:23.670685Z,84599.0,86572.735,1973.74,-28.5,-182.0135,-153.51,False,False
2026-10-03T12:32:21.671971+00:00,s4v3,2026-10-03,SHORT,SHORT,False,2026-10-02 16:00:00,2026-10-02T16:00:51.997482Z,86255.0,85289.0,-966.0,2026-10-03 00:00:00,2026-10-03T00:01:47.604615Z,84369.0,86342.39199999999,1973.39,169.11,-105.3392,-274.45,False,False
2026-10-03T12:32:21.671971+00:00,s4v3,2026-10-03,SHORT,SHORT,False,2026-10-03 08:00:00,2026-10-03T08:00:34.186427Z,84507.0,84752.6,245.6,2026-10-03 12:00:00,2026-10-03T12:03:23.670685Z,84599.0,86572.735,1973.74,-28.5,-182.0135,-153.51,False,False
2026-10-03T12:37:30.641528+00:00,s4v3,2026-10-03,SHORT,SHORT,False,2026-10-02 16:00:00,2026-10-02T16:00:51.997482Z,86255.0,85289.0,-966.0,2026-10-03 00:00:00,2026-10-03T00:01:47.604615Z,84369.0,86342.39199999999,1973.39,169.11,-105.3392,-274.45,False,False
2026-10-03T12:37:30.641528+00:00,s4v3,2026-10-03,SHORT,SHORT,False,2026-10-03 08:00:00,2026-10-03T08:00:34.186427Z,84507.0,84752.6,245.6,2026-10-03 12:00:00,2026-10-03T12:03:23.670685Z,84599.0,86572.735,1973.74,-28.5,-182.0135,-153.51,False,False
2026-10-03T12:42:34.257214+00:00,s4v3,2026-10-03,SHORT,SHORT,False,2026-10-02 16:00:00,2026-10-02T16:00:51.997482Z,86255.0,85289.0,-966.0,2026-10-03 00:00:00,2026-10-03T00:01:47.604615Z,84369.0,86342.39199999999,1973.39,169.11,-105.3392,-274.45,False,False
2026-10-03T12:42:34.257214+00:00,s4v3,2026-10-03,SHORT,SHORT,False,2026-10-03 08:00:00,2026-10-03T08:00:34.186427Z,84507.0,84752.6,245.6,2026-10-03 12:00:00,2026-10-03T12:03:23.670685Z,84599.0,86572.735,1973.74,-28.5,-182.0135,-153.51,False,False
2026-10-03T12:47:39.855174+00:00,s4v3,2026-10-03,SHORT,SHORT,False,2026-10-02 16:00:00,2026-10-02T16:00:51.997482Z,86255.0,85289.0,-966.0,2026-10-03 00:00:00,2026-10-03T00:01:47.604615Z,84369.0,86342.39199999999,1973.39,169.11,-105.3392,-274.45,False,False
2026-10-03T12:47:39.855174+00:00,s4v3,2026-10-03,SHORT,SHORT,False,2026-10-03 08:00:00,2026-10-03T08:00:34.186427Z,84507.0,84752.6,245.6,2026-10-03 12:00:00,2026-10-03T12:03:23.670685Z,84599.0,86572.735,1973.74,-28.5,-182.0135,-153.51,False,False
2026-10-03T12:52:44.120120+00:00,s4v3,2026-10-03,SHORT,SHORT,False,2026-10-02 16:00:00,2026-10-02T16:00:51.997482Z,86255.0,85289.0,-966.0,2026-10-03 00:00:00,2026-10-03T00:01:47.604615Z,84369.0,86342.39199999999,1973.39,169.11,-105.3392,-274.45,False,False
2026-10-03T12:52:44.120120+00:00,s4v3,2026-10-03,SHORT,SHORT,False,2026-10-03 08:00:00,2026-10-03T08:00:34.186427Z,84507.0,84752.6,245.6,2026-10-03 12:00:00,2026-10-03T12:03:23.670685Z,84599.0,86572.735,1973.74,-28.5,-182.0135,-153.51,False,False
2026-10-03T12:57:52.684921+00:00,s4v3,2026-10-03,SHORT,SHORT,False,2026-10-02 16:00:00,2026-10-02T16:00:51.997482Z,86255.0,85289.0,-966.0,2026-10-03 00:00:00,2026-10-03T00:01:47.604615Z,84369.0,86342.39199999999,1973.39,169.11,-105.3392,-274.45,False,False
2026-10-03T12:57:52.684921+00:00,s4v3,2026-10-03,SHORT,SHORT,False,2026-10-03 08:00:00,2026-10-03T08:00:34.186427Z,84507.0,84752.6,245.6,2026-10-03 12:00:00,2026-10-03T12:03:23.670685Z,84599.0,86572.735,1973.74,-28.5,-182.0135,-153.51,False,False
2026-10-03T13:03:01.964230+00:00,s4v3,2026-10-03,SHORT,SHORT,False,2026-10-02 16:00:00,2026-10-02T16:00:51.997482Z,86255.0,85289.0,-966.0,2026-10-03 00:00:00,2026-10-03T00:01:47.604615Z,84369.0,86342.39199999999,1973.39,169.11,-105.3392,-274.45,False,False
2026-10-03T13:03:01.964230+00:00,s4v3,2026-10-03,SHORT,SHORT,False,2026-10-03 08:00:00,2026-10-03T08:00:34.186427Z,84507.0,84752.6,245.6,2026-10-03 12:00:00,2026-10-03T12:03:23.670685Z,84599.0,86572.735,1973.74,-28.5,-182.0135,-153.51,False,False
2026-10-03T13:08:07.471417+00:00,s4v3,2026-10-03,SHORT,SHORT,False,2026-10-02 16:00:00,2026-10-02T16:00:51.997482Z,86255.0,85289.0,-966.0,2026-10-03 00:00:00,2026-10-03T00:01:47.604615Z,84369.0,86342.39199999999,1973.39,169.11,-105.3392,-274.45,False,False
2026-10-03T13:08:07.471417+00:00,s4v3,2026-10-03,SHORT,SHORT,False,2026-10-03 08:00:00,2026-10-03T08:00:34.186427Z,84507.0,84752.6,245.6,2026-10-03 12:00:00,2026-10-03T12:03:23.670685Z,84599.0,86572.735,1973.74,-28.5,-182.0135,-153.51,False,False
2026-10-03T13:13:12.300841+00:00,s4v3,2026-10-03,SHORT,SHORT,False,2026-10-02 16:00:00,2026-10-02T16:00:51.997482Z,86255.0,85289.0,-966.0,2026-10-03 00:00:00,2026-10-03T00:01:47.604615Z,84369.0,86342.39199999999,1973.39,169.11,-105.3392,-274.45,False,False
2026-10-03T13:13:12.300841+00:00,s4v3,2026-10-03,SHORT,SHORT,False,2026-10-03 08:00:00,2026-10-03T08:00:34.186427Z,84507.0,84752.6,245.6,2026-10-03 12:00:00,2026-10-03T12:03:23.670685Z,84599.0,86572.735,1973.74,-28.5,-182.0135,-153.51,False,False
2026-10-03T13:18:17.777029+00:00,s4v3,2026-10-03,SHORT,SHORT,False,2026-10-02 16:00:00,2026-10-02T16:00:51.997482Z,86255.0,85289.0,-966.0,2026-10-03 00:00:00,2026-10-03T00:01:47.604615Z,84369.0,86342.39199999999,1973.39,169.11,-105.3392,-274.45,False,False
2026-10-03T13:18:17.777029+00:00,s4v3,2026-10-03,SHORT,SHORT,False,2026-10-03 08:00:00,2026-10-03T08:00:34.186427Z,84507.0,84752.6,245.6,2026-10-03 12:00:00,2026-10-03T12:03:23.670685Z,84599.0,86572.735,1973.74,-28.5,-182.0135,-153.51,False,False
2026-10-03T13:23:22.840552+00:00,s4v3,2026-10-03,SHORT,SHORT,False,2026-10-02 16:00:00,2026-10-02T16:00:51.997482Z,86255.0,85289.0,-966.0,2026-10-03 00:00:00,2026-10-03T00:01:47.604615Z,84369.0,86342.39199999999,1973.39,169.11,-105.3392,-274.45,False,False
2026-10-03T13:23:22.840552+00:00,s4v3,2026-10-03,SHORT,SHORT,False,2026-10-03 08:00:00,2026-10-03T08:00:34.186427Z,84507.0,84752.6,245.6,2026-10-03 12:00:00,2026-10-03T12:03:23.670685Z,84599.0,86572.735,1973.74,-28.5,-182.0135,-153.51,False,False
2026-10-03T13:28:26.323947+00:00,s4v3,2026-10-03,SHORT,SHORT,False,2026-10-02 16:00:00,2026-10-02T16:00:51.997482Z,86255.0,85289.0,-966.0,2026-10-03 00:00:00,2026-10-03T00:01:47.604615Z,84369.0,86342.39199999999,1973.39,169.11,-105.3392,-274.45,False,False
2026-10-03T13:28:26.323947+00:00,s4v3,2026-10-03,SHORT,SHORT,False,2026-10-03 08:00:00,2026-10-03T08:00:34.186427Z,84507.0,84752.6,245.6,2026-10-03 12:00:00,2026-10-03T12:03:23.670685Z,84599.0,86572.735,1973.74,-28.5,-182.0135,-153.51,False,False
2026-10-03T13:33:29.680487+00:00,s4v3,2026-10-03,SHORT,SHORT,False,2026-10-02 16:00:00,2026-10-02T16:00:51.997482Z,86255.0,85289.0,-966.0,2026-10-03 00:00:00,2026-10-03T00:01:47.604615Z,84369.0,86342.39199999999,1973.39,169.11,-105.3392,-274.45,False,False
2026-10-03T13:33:29.680487+00:00,s4v3,2026-10-03,SHORT,SHORT,False,2026-10-03 08:00:00,2026-10-03T08:00:34.186427Z,84507.0,84752.6,245.6,2026-10-03 12:00:00,2026-10-03T12:03:23.670685Z,84599.0,86572.735,1973.74,-28.5,-182.0135,-153.51,False,False
2026-10-03T13:38:31.618943+00:00,s4v3,2026-10-03,SHORT,SHORT,False,2026-10-02 16:00:00,2026-10-02T16:00:51.997482Z,86255.0,85289.0,-966.0,2026-10-03 00:00:00,2026-10-03T00:01:47.604615Z,84369.0,86342.39199999999,1973.39,169.11,-105.3392,-274.45,False,False
2026-10-03T13:38:31.618943+00:00,s4v3,2026-10-03,SHORT,SHORT,False,2026-10-03 08:00:00,2026-10-03T08:00:34.186427Z,84507.0,84752.6,245.6,2026-10-03 12:00:00,2026-10-03T12:03:23.670685Z,84599.0,86572.735,1973.74,-28.5,-182.0135,-153.51,False,False
2026-10-03T13:43:34.084618+00:00,s4v3,2026-10-03,SHORT,SHORT,False,2026-10-02 16:00:00,2026-10-02T16:00:51.997482Z,86255.0,85289.0,-966.0,2026-10-03 00:00:00,2026-10-03T00:01:47.604615Z,84369.0,86342.39199999999,1973.39,169.11,-105.3392,-274.45,False,False
2026-10-03T13:43:34.084618+00:00,s4v3,2026-10-03,SHORT,SHORT,False,2026-10-03 08:00:00,2026-10-03T08:00:34.186427Z,84507.0,84752.6,245.6,2026-10-03 12:00:00,2026-10-03T12:03:23.670685Z,84599.0,86572.735,1973.74,-28.5,-182.0135,-153.51,False,False
2026-10-03T13:48:37.194581+00:00,s4v3,2026-10-03,SHORT,SHORT,False,2026-10-02 16:00:00,2026-10-02T16:00:51.997482Z,86255.0,85289.0,-966.0,2026-10-03 00:00:00,2026-10-03T00:01:47.604615Z,84369.0,86342.39199999999,1973.39,169.11,-105.3392,-274.45,False,False
2026-10-03T13:48:37.194581+00:00,s4v3,2026-10-03,SHORT,SHORT,False,2026-10-03 08:00:00,2026-10-03T08:00:34.186427Z,84507.0,84752.6,245.6,2026-10-03 12:00:00,2026-10-03T12:03:23.670685Z,84599.0,86572.735,1973.74,-28.5,-182.0135,-153.51,False,False
2026-10-03T13:53:41.822719+00:00,s4v3,2026-10-03,SHORT,SHORT,False,2026-10-02 16:00:00,2026-10-02T16:00:51.997482Z,86255.0,85289.0,-966.0,2026-10-03 00:00:00,2026-10-03T00:01:47.604615Z,84369.0,86342.39199999999,1973.39,169.11,-105.3392,-274.45,False,False
2026-10-03T13:53:41.822719+00:00,s4v3,2026-10-03,SHORT,SHORT,False,2026-10-03 08:00:00,2026-10-03T08:00:34.186427Z,84507.0,84752.6,245.6,2026-10-03 12:00:00,2026-10-03T12:03:23.670685Z,84599.0,86572.735,1973.74,-28.5,-182.0135,-153.51,False,False
2026-10-03T13:58:46.996082+00:00,s4v3,2026-10-03,SHORT,SHORT,False,2026-10-02 16:00:00,2026-10-02T16:00:51.997482Z,86255.0,85289.0,-966.0,2026-10-03 00:00:00,2026-10-03T00:01:47.604615Z,84369.0,86342.39199999999,1973.39,169.11,-105.3392,-274.45,False,False
2026-10-03T13:58:46.996082+00:00,s4v3,2026-10-03,SHORT,SHORT,False,2026-10-03 08:00:00,2026-10-03T08:00:34.186427Z,84507.0,84752.6,245.6,2026-10-03 12:00:00,2026-10-03T12:03:23.670685Z,84599.0,86572.735,1973.74,-28.5,-182.0135,-153.51,False,False
2026-10-03T14:03:49.137921+00:00,s4v3,2026-10-03,SHORT,SHORT,False,2026-10-02 16:00:00,2026-10-02T16:00:51.997482Z,86255.0,85289.0,-966.0,2026-10-03 00:00:00,2026-10-03T00:01:47.604615Z,84369.0,86342.39199999999,1973.39,169.11,-105.3392,-274.45,False,False
2026-10-03T14:03:49.137921+00:00,s4v3,2026-10-03,SHORT,SHORT,False,2026-10-03 08:00:00,2026-10-03T08:00:34.186427Z,84507.0,84752.6,245.6,2026-10-03 12:00:00,2026-10-03T12:03:23.670685Z,84599.0,86572.735,1973.74,-28.5,-182.0135,-153.51,False,False
2026-10-03T14:08:51.484974+00:00,s4v3,2026-10-03,SHORT,SHORT,False,2026-10-02 16:00:00,2026-10-02T16:00:51.997482Z,86255.0,85289.0,-966.0,2026-10-03 00:00:00,2026-10-03T00:01:47.604615Z,84369.0,86342.39199999999,1973.39,169.11,-105.3392,-274.45,False,False
2026-10-03T14:08:51.484974+00:00,s4v3,2026-10-03,SHORT,SHORT,False,2026-10-03 08:00:00,2026-10-03T08:00:34.186427Z,84507.0,84752.6,245.6,2026-10-03 12:00:00,2026-10-03T12:03:23.670685Z,84599.0,86572.735,1973.74,-28.5,-182.0135,-153.51,False,False
2026-10-03T14:13:53.434344+00:00,s4v3,2026-10-03,SHORT,SHORT,False,2026-10-02 16:00:00,2026-10-02T16:00:51.997482Z,86255.0,85289.0,-966.0,2026-10-03 00:00:00,2026-10-03T00:01:47.604615Z,84369.0,86342.39199999999,1973.39,169.11,-105.3392,-274.45,False,False
2026-10-03T14:13:53.434344+00:00,s4v3,2026-10-03,SHORT,SHORT,False,2026-10-03 08:00:00,2026-10-03T08:00:34.186427Z,84507.0,84752.6,245.6,2026-10-03 12:00:00,2026-10-03T12:03:23.670685Z,84599.0,86572.735,1973.74,-28.5,-182.0135,-153.51,False,False
2026-10-03T14:18:57.160324+00:00,s4v3,2026-10-03,SHORT,SHORT,False,2026-10-02 16:00:00,2026-10-02T16:00:51.997482Z,86255.0,85289.0,-966.0,2026-10-03 00:00:00,2026-10-03T00:01:47.604615Z,84369.0,86342.39199999999,1973.39,169.11,-105.3392,-274.45,False,False
2026-10-03T14:18:57.160324+00:00,s4v3,2026-10-03,SHORT,SHORT,False,2026-10-03 08:00:00,2026-10-03T08:00:34.186427Z,84507.0,84752.6,245.6,2026-10-03 12:00:00,2026-10-03T12:03:23.670685Z,84599.0,86572.735,1973.74,-28.5,-182.0135,-153.51,False,False
2026-10-03T14:23:59.493493+00:00,s4v3,2026-10-03,SHORT,SHORT,False,2026-10-02 16:00:00,2026-10-02T16:00:51.997482Z,86255.0,85289.0,-966.0,2026-10-03 00:00:00,2026-10-03T00:01:47.604615Z,84369.0,86342.39199999999,1973.39,169.11,-105.3392,-274.45,False,False
2026-10-03T14:23:59.493493+00:00,s4v3,2026-10-03,SHORT,SHORT,False,2026-10-03 08:00:00,2026-10-03T08:00:34.186427Z,84507.0,84752.6,245.6,2026-10-03 12:00:00,2026-10-03T12:03:23.670685Z,84599.0,86572.735,1973.74,-28.5,-182.0135,-153.51,False,False
2026-10-03T14:29:03.623231+00:00,s4v3,2026-10-03,SHORT,SHORT,False,2026-10-02 16:00:00,2026-10-02T16:00:51.997482Z,86255.0,85289.0,-966.0,2026-10-03 00:00:00,2026-10-03T00:01:47.604615Z,84369.0,86342.39199999999,1973.39,169.11,-105.3392,-274.45,False,False
2026-10-03T14:29:03.623231+00:00,s4v3,2026-10-03,SHORT,SHORT,False,2026-10-03 08:00:00,2026-10-03T08:00:34.186427Z,84507.0,84752.6,245.6,2026-10-03 12:00:00,2026-10-03T12:03:23.670685Z,84599.0,86572.735,1973.74,-28.5,-182.0135,-153.51,False,False
2026-10-03T14:34:06.482705+00:00,s4v3,2026-10-03,SHORT,SHORT,False,2026-10-02 16:00:00,2026-10-02T16:00:51.997482Z,86255.0,85289.0,-966.0,2026-10-03 00:00:00,2026-10-03T00:01:47.604615Z,84369.0,86342.39199999999,1973.39,169.11,-105.3392,-274.45,False,False
2026-10-03T14:34:06.482705+00:00,s4v3,2026-10-03,SHORT,SHORT,False,2026-10-03 08:00:00,2026-10-03T08:00:34.186427Z,84507.0,84752.6,245.6,2026-10-03 12:00:00,2026-10-03T12:03:23.670685Z,84599.0,86572.735,1973.74,-28.5,-182.0135,-153.51,False,False
2026-10-03T14:39:10.007763+00:00,s4v3,2026-10-03,SHORT,SHORT,False,2026-10-02 16:00:00,2026-10-02T16:00:51.997482Z,86255.0,85289.0,-966.0,2026-10-03 00:00:00,2026-10-03T00:01:47.604615Z,84369.0,86342.39199999999,1973.39,169.11,-105.3392,-274.45,False,False
2026-10-03T14:39:10.007763+00:00,s4v3,2026-10-03,SHORT,SHORT,False,2026-10-03 08:00:00,2026-10-03T08:00:34.186427Z,84507.0,84752.6,245.6,2026-10-03 12:00:00,2026-10-03T12:03:23.670685Z,84599.0,86572.735,1973.74,-28.5,-182.0135,-153.51,False,False
2026-10-03T14:44:13.996000+00:00,s4v3,2026-10-03,SHORT,SHORT,False,2026-10-02 16:00:00,2026-10-02T16:00:51.997482Z,86255.0,85289.0,-966.0,2026-10-03 00:00:00,2026-10-03T00:01:47.604615Z,84369.0,86342.39199999999,1973.39,169.11,-105.3392,-274.45,False,False
2026-10-03T14:44:13.996000+00:00,s4v3,2026-10-03,SHORT,SHORT,False,2026-10-03 08:00:00,2026-10-03T08:00:34.186427Z,84507.0,84752.6,245.6,2026-10-03 12:00:00,2026-10-03T12:03:23.670685Z,84599.0,86572.735,1973.74,-28.5,-182.0135,-153.51,False,False
2026-10-03T14:49:18.494055+00:00,s4v3,2026-10-03,SHORT,SHORT,False,2026-10-02 16:00:00,2026-10-02T16:00:51.997482Z,86255.0,85289.0,-966.0,2026-10-03 00:00:00,2026-10-03T00:01:47.604615Z,84369.0,86342.39199999999,1973.39,169.11,-105.3392,-274.45,False,False
2026-10-03T14:49:18.494055+00:00,s4v3,2026-10-03,SHORT,SHORT,False,2026-10-03 08:00:00,2026-10-03T08:00:34.186427Z,84507.0,84752.6,245.6,2026-10-03 12:00:00,2026-10-03T12:03:23.670685Z,84599.0,86572.735,1973.74,-28.5,-182.0135,-153.51,False,False
2026-10-03T14:54:20.906897+00:00,s4v3,2026-10-03,SHORT,SHORT,False,2026-10-02 16:00:00,2026-10-02T16:00:51.997482Z,86255.0,85289.0,-966.0,2026-10-03 00:00:00,2026-10-03T00:01:47.604615Z,84369.0,86342.39199999999,1973.39,169.11,-105.3392,-274.45,False,False
2026-10-03T14:54:20.906897+00:00,s4v3,2026-10-03,SHORT,SHORT,False,2026-10-03 08:00:00,2026-10-03T08:00:34.186427Z,84507.0,84752.6,245.6,2026-10-03 12:00:00,2026-10-03T12:03:23.670685Z,84599.0,86572.735,1973.74,-28.5,-182.0135,-153.51,False,False
2026-10-03T14:59:22.466836+00:00,s4v3,2026-10-03,SHORT,SHORT,False,2026-10-02 16:00:00,2026-10-02T16:00:51.997482Z,86255.0,85289.0,-966.0,2026-10-03 00:00:00,2026-10-03T00:01:47.604615Z,84369.0,86342.39199999999,1973.39,169.11,-105.3392,-274.45,False,False
2026-10-03T14:59:22.466836+00:00,s4v3,2026-10-03,SHORT,SHORT,False,2026-10-03 08:00:00,2026-10-03T08:00:34.186427Z,84507.0,84752.6,245.6,2026-10-03 12:00:00,2026-10-03T12:03:23.670685Z,84599.0,86572.735,1973.74,-28.5,-182.0135,-153.51,False,False
2026-10-03T15:04:24.262815+00:00,s4v3,2026-10-03,SHORT,SHORT,False,2026-10-02 16:00:00,2026-10-02T16:00:51.997482Z,86255.0,85289.0,-966.0,2026-10-03 00:00:00,2026-10-03T00:01:47.604615Z,84369.0,86342.39199999999,1973.39,169.11,-105.3392,-274.45,False,False
2026-10-03T15:04:24.262815+00:00,s4v3,2026-10-03,SHORT,SHORT,False,2026-10-03 08:00:00,2026-10-03T08:00:34.186427Z,84507.0,84752.6,245.6,2026-10-03 12:00:00,2026-10-03T12:03:23.670685Z,84599.0,86572.735,1973.74,-28.5,-182.0135,-153.51,False,False
2026-10-03T15:09:28.319917+00:00,s4v3,2026-10-03,SHORT,SHORT,False,2026-10-02 16:00:00,2026-10-02T16:00:51.997482Z,86255.0,85289.0,-966.0,2026-10-03 00:00:00,2026-10-03T00:01:47.604615Z,84369.0,86342.39199999999,1973.39,169.11,-105.3392,-274.45,False,False
2026-10-03T15:09:28.319917+00:00,s4v3,2026-10-03,SHORT,SHORT,False,2026-10-03 08:00:00,2026-10-03T08:00:34.186427Z,84507.0,84752.6,245.6,2026-10-03 12:00:00,2026-10-03T12:03:23.670685Z,84599.0,86572.735,1973.74,-28.5,-182.0135,-153.51,False,False
2026-10-03T15:14:30.410927+00:00,s4v3,2026-10-03,SHORT,SHORT,False,2026-10-02 16:00:00,2026-10-02T16:00:51.997482Z,86255.0,85289.0,-966.0,2026-10-03 00:00:00,2026-10-03T00:01:47.604615Z,84369.0,86342.39199999999,1973.39,169.11,-105.3392,-274.45,False,False
2026-10-03T15:14:30.410927+00:00,s4v3,2026-10-03,SHORT,SHORT,False,2026-10-03 08:00:00,2026-10-03T08:00:34.186427Z,84507.0,84752.6,245.6,2026-10-03 12:00:00,2026-10-03T12:03:23.670685Z,84599.0,86572.735,1973.74,-28.5,-182.0135,-153.51,False,False
2026-10-03T15:19:39.960256+00:00,s4v3,2026-10-03,SHORT,SHORT,False,2026-10-02 16:00:00,2026-10-02T16:00:51.997482Z,86255.0,85289.0,-966.0,2026-10-03 00:00:00,2026-10-03T00:01:47.604615Z,84369.0,86342.39199999999,1973.39,169.11,-105.3392,-274.45,False,False
2026-10-03T15:19:39.960256+00:00,s4v3,2026-10-03,SHORT,SHORT,False,2026-10-03 08:00:00,2026-10-03T08:00:34.186427Z,84507.0,84752.6,245.6,2026-10-03 12:00:00,2026-10-03T12:03:23.670685Z,84599.0,86572.735,1973.74,-28.5,-182.0135,-153.51,False,False
2026-10-03T15:24:44.253564+00:00,s4v3,2026-10-03,SHORT,SHORT,False,2026-10-02 16:00:00,2026-10-02T16:00:51.997482Z,86255.0,85289.0,-966.0,2026-10-03 00:00:00,2026-10-03T00:01:47.604615Z,84369.0,86342.39199999999,1973.39,169.11,-105.3392,-274.45,False,False
2026-10-03T15:24:44.253564+00:00,s4v3,2026-10-03,SHORT,SHORT,False,2026-10-03 08:00:00,2026-10-03T08:00:34.186427Z,84507.0,84752.6,245.6,2026-10-03 12:00:00,2026-10-03T12:03:23.670685Z,84599.0,86572.735,1973.74,-28.5,-182.0135,-153.51,False,False
2026-10-03T15:29:47.351124+00:00,s4v3,2026-10-03,SHORT,SHORT,False,2026-10-02 16:00:00,2026-10-02T16:00:51.997482Z,86255.0,85289.0,-966.0,2026-10-03 00:00:00,2026-10-03T00:01:47.604615Z,84369.0,86342.39199999999,1973.39,169.11,-105.3392,-274.45,False,False
2026-10-03T15:29:47.351124+00:00,s4v3,2026-10-03,SHORT,SHORT,False,2026-10-03 08:00:00,2026-10-03T08:00:34.186427Z,84507.0,84752.6,245.6,2026-10-03 12:00:00,2026-10-03T12:03:23.670685Z,84599.0,86572.735,1973.74,-28.5,-182.0135,-153.51,False,False
2026-10-03T15:34:50.848232+00:00,s4v3,2026-10-03,SHORT,SHORT,False,2026-10-02 16:00:00,2026-10-02T16:00:51.997482Z,86255.0,85289.0,-966.0,2026-10-03 00:00:00,2026-10-03T00:01:47.604615Z,84369.0,86342.39199999999,1973.39,169.11,-105.3392,-274.45,False,False
2026-10-03T15:34:50.848232+00:00,s4v3,2026-10-03,SHORT,SHORT,False,2026-10-03 08:00:00,2026-10-03T08:00:34.186427Z,84507.0,84752.6,245.6,2026-10-03 12:00:00,2026-10-03T12:03:23.670685Z,84599.0,86572.735,1973.74,-28.5,-182.0135,-153.51,False,False
2026-10-03T15:39:58.105135+00:00,s4v3,2026-10-03,SHORT,SHORT,False,2026-10-02 16:00:00,2026-10-02T16:00:51.997482Z,86255.0,85289.0,-966.0,2026-10-03 00:00:00,2026-10-03T00:01:47.604615Z,84369.0,86342.39199999999,1973.39,169.11,-105.3392,-274.45,False,False
2026-10-03T15:39:58.105135+00:00,s4v3,2026-10-03,SHORT,SHORT,False,2026-10-03 08:00:00,2026-10-03T08:00:34.186427Z,84507.0,84752.6,245.6,2026-10-03 12:00:00,2026-10-03T12:03:23.670685Z,84599.0,86572.735,1973.74,-28.5,-182.0135,-153.51,False,False
2026-10-03T15:45:04.623896+00:00,s4v3,2026-10-03,SHORT,SHORT,False,2026-10-02 16:00:00,2026-10-02T16:00:51.997482Z,86255.0,85289.0,-966.0,2026-10-03 00:00:00,2026-10-03T00:01:47.604615Z,84369.0,86342.39199999999,1973.39,169.11,-105.3392,-274.45,False,False
2026-10-03T15:45:04.623896+00:00,s4v3,2026-10-03,SHORT,SHORT,False,2026-10-03 08:00:00,2026-10-03T08:00:34.186427Z,84507.0,84752.6,245.6,2026-10-03 12:00:00,2026-10-03T12:03:23.670685Z,84599.0,86572.735,1973.74,-28.5,-182.0135,-153.51,False,False
2026-10-03T15:50:09.393987+00:00,s4v3,2026-10-03,SHORT,SHORT,False,2026-10-02 16:00:00,2026-10-02T16:00:51.997482Z,86255.0,85289.0,-966.0,2026-10-03 00:00:00,2026-10-03T00:01:47.604615Z,84369.0,86342.39199999999,1973.39,169.11,-105.3392,-274.45,False,False
2026-10-03T15:50:09.393987+00:00,s4v3,2026-10-03,SHORT,SHORT,False,2026-10-03 08:00:00,2026-10-03T08:00:34.186427Z,84507.0,84752.6,245.6,2026-10-03 12:00:00,2026-10-03T12:03:23.670685Z,84599.0,86572.735,1973.74,-28.5,-182.0135,-153.51,False,False
2026-10-03T15:55:14.772819+00:00,s4v3,2026-10-03,SHORT,SHORT,False,2026-10-02 16:00:00,2026-10-02T16:00:51.997482Z,86255.0,85289.0,-966.0,2026-10-03 00:00:00,2026-10-03T00:01:47.604615Z,84369.0,86342.39199999999,1973.39,169.11,-105.3392,-274.45,False,False
2026-10-03T15:55:14.772819+00:00,s4v3,2026-10-03,SHORT,SHORT,False,2026-10-03 08:00:00,2026-10-03T08:00:34.186427Z,84507.0,84752.6,245.6,2026-10-03 12:00:00,2026-10-03T12:03:23.670685Z,84599.0,86572.735,1973.74,-28.5,-182.0135,-153.51,False,False
2026-10-03T16:00:23.704306+00:00,s4v3,2026-10-03,SHORT,SHORT,False,2026-10-02 16:00:00,2026-10-02T16:00:51.997482Z,86255.0,85289.0,-966.0,2026-10-03 00:00:00,2026-10-03T00:01:47.604615Z,84369.0,86342.39199999999,1973.39,169.11,-105.3392,-274.45,False,False
2026-10-03T16:00:23.704306+00:00,s4v3,2026-10-03,SHORT,SHORT,False,2026-10-03 08:00:00,2026-10-03T08:00:34.186427Z,84507.0,84752.6,245.6,2026-10-03 12:00:00,2026-10-03T12:03:23.670685Z,84599.0,86572.735,1973.74,-28.5,-182.0135,-153.51,False,False
2026-10-03T16:05:31.951281+00:00,s4v3,2026-10-03,SHORT,SHORT,False,2026-10-02 16:00:00,2026-10-02T16:00:51.997482Z,86255.0,85289.0,-966.0,2026-10-03 00:00:00,2026-10-03T00:01:47.604615Z,84369.0,86342.39199999999,1973.39,169.11,-105.3392,-274.45,False,False
2026-10-03T16:05:31.951281+00:00,s4v3,2026-10-03,SHORT,SHORT,False,2026-10-03 08:00:00,2026-10-03T08:00:34.186427Z,84507.0,84752.6,245.6,2026-10-03 12:00:00,2026-10-03T12:03:23.670685Z,84599.0,86572.735,1973.74,-28.5,-182.0135,-153.51,False,False
2026-10-03T16:10:36.568529+00:00,s4v3,2026-10-03,SHORT,SHORT,False,2026-10-02 16:00:00,2026-10-02T16:00:51.997482Z,86255.0,85289.0,-966.0,2026-10-03 00:00:00,2026-10-03T00:01:47.604615Z,84369.0,86342.39199999999,1973.39,169.11,-105.3392,-274.45,False,False
2026-10-03T16:10:36.568529+00:00,s4v3,2026-10-03,SHORT,SHORT,False,2026-10-03 08:00:00,2026-10-03T08:00:34.186427Z,84507.0,84752.6,245.6,2026-10-03 12:00:00,2026-10-03T12:03:23.670685Z,84599.0,86572.735,1973.74,-28.5,-182.0135,-153.51,False,False
2026-10-03T16:15:43.058125+00:00,s4v3,2026-10-03,SHORT,SHORT,False,2026-10-02 16:00:00,2026-10-02T16:00:51.997482Z,86255.0,85289.0,-966.0,2026-10-03 00:00:00,2026-10-03T00:01:47.604615Z,84369.0,86342.39199999999,1973.39,169.11,-105.3392,-274.45,False,False
2026-10-03T16:15:43.058125+00:00,s4v3,2026-10-03,SHORT,SHORT,False,2026-10-03 08:00:00,2026-10-03T08:00:34.186427Z,84507.0,84752.6,245.6,2026-10-03 12:00:00,2026-10-03T12:03:23.670685Z,84599.0,86572.735,1973.74,-28.5,-182.0135,-153.51,False,False
2026-10-03T16:20:48.268302+00:00,s4v3,2026-10-03,SHORT,SHORT,False,2026-10-02 16:00:00,2026-10-02T16:00:51.997482Z,86255.0,85289.0,-966.0,2026-10-03 00:00:00,2026-10-03T00:01:47.604615Z,84369.0,86342.39199999999,1973.39,169.11,-105.3392,-274.45,False,False
2026-10-03T16:20:48.268302+00:00,s4v3,2026-10-03,SHORT,SHORT,False,2026-10-03 08:00:00,2026-10-03T08:00:34.186427Z,84507.0,84752.6,245.6,2026-10-03 12:00:00,2026-10-03T12:03:23.670685Z,84599.0,86572.735,1973.74,-28.5,-182.0135,-153.51,False,False
2026-10-03T16:25:52.769811+00:00,s4v3,2026-10-03,SHORT,SHORT,False,2026-10-02 16:00:00,2026-10-02T16:00:51.997482Z,86255.0,85289.0,-966.0,2026-10-03 00:00:00,2026-10-03T00:01:47.604615Z,84369.0,86342.39199999999,1973.39,169.11,-105.3392,-274.45,False,False
2026-10-03T16:25:52.769811+00:00,s4v3,2026-10-03,SHORT,SHORT,False,2026-10-03 08:00:00,2026-10-03T08:00:34.186427Z,84507.0,84752.6,245.6,2026-10-03 12:00:00,2026-10-03T12:03:23.670685Z,84599.0,86572.735,1973.74,-28.5,-182.0135,-153.51,False,False
2026-10-03T16:30:57.159581+00:00,s4v3,2026-10-03,SHORT,SHORT,False,2026-10-02 16:00:00,2026-10-02T16:00:51.997482Z,86255.0,85289.0,-966.0,2026-10-03 00:00:00,2026-10-03T00:01:47.604615Z,84369.0,86342.39199999999,1973.39,169.11,-105.3392,-274.45,False,False
2026-10-03T16:30:57.159581+00:00,s4v3,2026-10-03,SHORT,SHORT,False,2026-10-03 08:00:00,2026-10-03T08:00:34.186427Z,84507.0,84752.6,245.6,2026-10-03 12:00:00,2026-10-03T12:03:23.670685Z,84599.0,86572.735,1973.74,-28.5,-182.0135,-153.51,False,False
2026-10-03T16:36:00.828824+00:00,s4v3,2026-10-03,SHORT,SHORT,False,2026-10-02 16:00:00,2026-10-02T16:00:51.997482Z,86255.0,85289.0,-966.0,2026-10-03 00:00:00,2026-10-03T00:01:47.604615Z,84369.0,86342.39199999999,1973.39,169.11,-105.3392,-274.45,False,False
2026-10-03T16:36:00.828824+00:00,s4v3,2026-10-03,SHORT,SHORT,False,2026-10-03 08:00:00,2026-10-03T08:00:34.186427Z,84507.0,84752.6,245.6,2026-10-03 12:00:00,2026-10-03T12:03:23.670685Z,84599.0,86572.735,1973.74,-28.5,-182.0135,-153.51,False,False
2026-10-03T16:41:10.829781+00:00,s4v3,2026-10-03,SHORT,SHORT,False,2026-10-02 16:00:00,2026-10-02T16:00:51.997482Z,86255.0,85289.0,-966.0,2026-10-03 00:00:00,2026-10-03T00:01:47.604615Z,84369.0,86342.39199999999,1973.39,169.11,-105.3392,-274.45,False,False
2026-10-03T16:41:10.829781+00:00,s4v3,2026-10-03,SHORT,SHORT,False,2026-10-03 08:00:00,2026-10-03T08:00:34.186427Z,84507.0,84752.6,245.6,2026-10-03 12:00:00,2026-10-03T12:03:23.670685Z,84599.0,86572.735,1973.74,-28.5,-182.0135,-153.51,False,False
2026-10-03T16:46:16.854695+00:00,s4v3,2026-10-03,SHORT,SHORT,False,2026-10-02 16:00:00,2026-10-02T16:00:51.997482Z,86255.0,85289.0,-966.0,2026-10-03 00:00:00,2026-10-03T00:01:47.604615Z,84369.0,86342.39199999999,1973.39,169.11,-105.3392,-274.45,False,False
2026-10-03T16:46:16.854695+00:00,s4v3,2026-10-03,SHORT,SHORT,False,2026-10-03 08:00:00,2026-10-03T08:00:34.186427Z,84507.0,84752.6,245.6,2026-10-03 12:00:00,2026-10-03T12:03:23.670685Z,84599.0,86572.735,1973.74,-28.5,-182.0135,-153.51,False,False
2026-10-03T16:51:31.896016+00:00,s4v3,2026-10-03,SHORT,SHORT,False,2026-10-02 16:00:00,2026-10-02T16:00:51.997482Z,86255.0,85289.0,-966.0,2026-10-03 00:00:00,2026-10-03T00:01:47.604615Z,84369.0,86342.39199999999,1973.39,169.11,-105.3392,-274.45,False,False
2026-10-03T16:51:31.896016+00:00,s4v3,2026-10-03,SHORT,SHORT,False,2026-10-03 08:00:00,2026-10-03T08:00:34.186427Z,84507.0,84752.6,245.6,2026-10-03 12:00:00,2026-10-03T12:03:23.670685Z,84599.0,86572.735,1973.74,-28.5,-182.0135,-153.51,False,False
2026-10-03T16:56:37.665530+00:00,s4v3,2026-10-03,SHORT,SHORT,False,2026-10-02 16:00:00,2026-10-02T16:00:51.997482Z,86255.0,85289.0,-966.0,2026-10-03 00:00:00,2026-10-03T00:01:47.604615Z,84369.0,86342.39199999999,1973.39,169.11,-105.3392,-274.45,False,False
2026-10-03T16:56:37.665530+00:00,s4v3,2026-10-03,SHORT,SHORT,False,2026-10-03 08:00:00,2026-10-03T08:00:34.186427Z,84507.0,84752.6,245.6,2026-10-03 12:00:00,2026-10-03T12:03:23.670685Z,84599.0,86572.735,1973.74,-28.5,-182.0135,-153.51,False,False
2026-10-03T17:01:46.899582+00:00,s4v3,2026-10-03,SHORT,SHORT,False,2026-10-02 16:00:00,2026-10-02T16:00:51.997482Z,86255.0,85289.0,-966.0,2026-10-03 00:00:00,2026-10-03T00:01:47.604615Z,84369.0,86342.39199999999,1973.39,169.11,-105.3392,-274.45,False,False
2026-10-03T17:01:46.899582+00:00,s4v3,2026-10-03,SHORT,SHORT,False,2026-10-03 08:00:00,2026-10-03T08:00:34.186427Z,84507.0,84752.6,245.6,2026-10-03 12:00:00,2026-10-03T12:03:23.670685Z,84599.0,86572.735,1973.74,-28.5,-182.0135,-153.51,False,False
2026-10-03T17:06:50.423621+00:00,s4v3,2026-10-03,SHORT,SHORT,False,2026-10-02 16:00:00,2026-10-02T16:00:51.997482Z,86255.0,85289.0,-966.0,2026-10-03 00:00:00,2026-10-03T00:01:47.604615Z,84369.0,86342.39199999999,1973.39,169.11,-105.3392,-274.45,False,False
2026-10-03T17:06:50.423621+00:00,s4v3,2026-10-03,SHORT,SHORT,False,2026-10-03 08:00:00,2026-10-03T08:00:34.186427Z,84507.0,84752.6,245.6,2026-10-03 12:00:00,2026-10-03T12:03:23.670685Z,84599.0,86572.735,1973.74,-28.5,-182.0135,-153.51,False,False
2026-10-03T17:11:57.974799+00:00,s4v3,2026-10-03,SHORT,SHORT,False,2026-10-02 16:00:00,2026-10-02T16:00:51.997482Z,86255.0,85289.0,-966.0,2026-10-03 00:00:00,2026-10-03T00:01:47.604615Z,84369.0,86342.39199999999,1973.39,169.11,-105.3392,-274.45,False,False
2026-10-03T17:11:57.974799+00:00,s4v3,2026-10-03,SHORT,SHORT,False,2026-10-03 08:00:00,2026-10-03T08:00:34.186427Z,84507.0,84752.6,245.6,2026-10-03 12:00:00,2026-10-03T12:03:23.670685Z,84599.0,86572.735,1973.74,-28.5,-182.0135,-153.51,False,False
2026-10-03T17:17:02.102414+00:00,s4v3,2026-10-03,SHORT,SHORT,False,2026-10-02 16:00:00,2026-10-02T16:00:51.997482Z,86255.0,85289.0,-966.0,2026-10-03 00:00:00,2026-10-03T00:01:47.604615Z,84369.0,86342.39199999999,1973.39,169.11,-105.3392,-274.45,False,False
2026-10-03T17:17:02.102414+00:00,s4v3,2026-10-03,SHORT,SHORT,False,2026-10-03 08:00:00,2026-10-03T08:00:34.186427Z,84507.0,84752.6,245.6,2026-10-03 12:00:00,2026-10-03T12:03:23.670685Z,84599.0,86572.735,1973.74,-28.5,-182.0135,-153.51,False,False
2026-10-03T17:22:05.861502+00:00,s4v3,2026-10-03,SHORT,SHORT,False,2026-10-02 16:00:00,2026-10-02T16:00:51.997482Z,86255.0,85289.0,-966.0,2026-10-03 00:00:00,2026-10-03T00:01:47.604615Z,84369.0,86342.39199999999,1973.39,169.11,-105.3392,-274.45,False,False
2026-10-03T17:22:05.861502+00:00,s4v3,2026-10-03,SHORT,SHORT,False,2026-10-03 08:00:00,2026-10-03T08:00:34.186427Z,84507.0,84752.6,245.6,2026-10-03 12:00:00,2026-10-03T12:03:23.670685Z,84599.0,86572.735,1973.74,-28.5,-182.0135,-153.51,False,False
2026-10-03T17:27:09.335891+00:00,s4v3,2026-10-03,SHORT,SHORT,False,2026-10-02 16:00:00,2026-10-02T16:00:51.997482Z,86255.0,85289.0,-966.0,2026-10-03 00:00:00,2026-10-03T00:01:47.604615Z,84369.0,86342.39199999999,1973.39,169.11,-105.3392,-274.45,False,False
2026-10-03T17:27:09.335891+00:00,s4v3,2026-10-03,SHORT,SHORT,False,2026-10-03 08:00:00,2026-10-03T08:00:34.186427Z,84507.0,84752.6,245.6,2026-10-03 12:00:00,2026-10-03T12:03:23.670685Z,84599.0,86572.735,1973.74,-28.5,-182.0135,-153.51,False,False
2026-10-03T17:32:16.081984+00:00,s4v3,2026-10-03,SHORT,SHORT,False,2026-10-02 16:00:00,2026-10-02T16:00:51.997482Z,86255.0,85289.0,-966.0,2026-10-03 00:00:00,2026-10-03T00:01:47.604615Z,84369.0,86342.39199999999,1973.39,169.11,-105.3392,-274.45,False,False
2026-10-03T17:32:16.081984+00:00,s4v3,2026-10-03,SHORT,SHORT,False,2026-10-03 08:00:00,2026-10-03T08:00:34.186427Z,84507.0,84752.6,245.6,2026-10-03 12:00:00,2026-10-03T12:03:23.670685Z,84599.0,86572.735,1973.74,-28.5,-182.0135,-153.51,False,False
2026-10-03T17:37:20.099977+00:00,s4v3,2026-10-03,SHORT,SHORT,False,2026-10-02 16:00:00,2026-10-02T16:00:51.997482Z,86255.0,85289.0,-966.0,2026-10-03 00:00:00,2026-10-03T00:01:47.604615Z,84369.0,86342.39199999999,1973.39,169.11,-105.3392,-274.45,False,False
2026-10-03T17:37:20.099977+00:00,s4v3,2026-10-03,SHORT,SHORT,False,2026-10-03 08:00:00,2026-10-03T08:00:34.186427Z,84507.0,84752.6,245.6,2026-10-03 12:00:00,2026-10-03T12:03:23.670685Z,84599.0,86572.735,1973.74,-28.5,-182.0135,-153.51,False,False
2026-10-03T17:42:27.586905+00:00,s4v3,2026-10-03,SHORT,SHORT,False,2026-10-02 16:00:00,2026-10-02T16:00:51.997482Z,86255.0,85289.0,-966.0,2026-10-03 00:00:00,2026-10-03T00:01:47.604615Z,84369.0,86342.39199999999,1973.39,169.11,-105.3392,-274.45,False,False
2026-10-03T17:42:27.586905+00:00,s4v3,2026-10-03,SHORT,SHORT,False,2026-10-03 08:00:00,2026-10-03T08:00:34.186427Z,84507.0,84752.6,245.6,2026-10-03 12:00:00,2026-10-03T12:03:23.670685Z,84599.0,86572.735,1973.74,-28.5,-182.0135,-153.51,False,False
2026-10-03T17:47:30.962569+00:00,s4v3,2026-10-03,SHORT,SHORT,False,2026-10-02 16:00:00,2026-10-02T16:00:51.997482Z,86255.0,85289.0,-966.0,2026-10-03 00:00:00,2026-10-03T00:01:47.604615Z,84369.0,86342.39199999999,1973.39,169.11,-105.3392,-274.45,False,False
2026-10-03T17:47:30.962569+00:00,s4v3,2026-10-03,SHORT,SHORT,False,2026-10-03 08:00:00,2026-10-03T08:00:34.186427Z,84507.0,84752.6,245.6,2026-10-03 12:00:00,2026-10-03T12:03:23.670685Z,84599.0,86572.735,1973.74,-28.5,-182.0135,-153.51,False,False
2026-10-03T17:52:41.390973+00:00,s4v3,2026-10-03,SHORT,SHORT,False,2026-10-02 16:00:00,2026-10-02T16:00:51.997482Z,86255.0,85289.0,-966.0,2026-10-03 00:00:00,2026-10-03T00:01:47.604615Z,84369.0,86342.39199999999,1973.39,169.11,-105.3392,-274.45,False,False
2026-10-03T17:52:41.390973+00:00,s4v3,2026-10-03,SHORT,SHORT,False,2026-10-03 08:00:00,2026-10-03T08:00:34.186427Z,84507.0,84752.6,245.6,2026-10-03 12:00:00,2026-10-03T12:03:23.670685Z,84599.0,86572.735,1973.74,-28.5,-182.0135,-153.51,False,False
2026-10-03T17:57:45.160948+00:00,s4v3,2026-10-03,SHORT,SHORT,False,2026-10-02 16:00:00,2026-10-02T16:00:51.997482Z,86255.0,85289.0,-966.0,2026-10-03 00:00:00,2026-10-03T00:01:47.604615Z,84369.0,86342.39199999999,1973.39,169.11,-105.3392,-274.45,False,False
2026-10-03T17:57:45.160948+00:00,s4v3,2026-10-03,SHORT,SHORT,False,2026-10-03 08:00:00,2026-10-03T08:00:34.186427Z,84507.0,84752.6,245.6,2026-10-03 12:00:00,2026-10-03T12:03:23.670685Z,84599.0,86572.735,1973.74,-28.5,-182.0135,-153.51,False,False
2026-10-03T18:02:51.484574+00:00,s4v3,2026-10-03,SHORT,SHORT,False,2026-10-02 16:00:00,2026-10-02T16:00:51.997482Z,86255.0,85289.0,-966.0,2026-10-03 00:00:00,2026-10-03T00:01:47.604615Z,84369.0,86342.39199999999,1973.39,169.11,-105.3392,-274.45,False,False
2026-10-03T18:02:51.484574+00:00,s4v3,2026-10-03,SHORT,SHORT,False,2026-10-03 08:00:00,2026-10-03T08:00:34.186427Z,84507.0,84752.6,245.6,2026-10-03 12:00:00,2026-10-03T12:03:23.670685Z,84599.0,86572.735,1973.74,-28.5,-182.0135,-153.51,False,False
2026-10-03T18:07:58.198619+00:00,s4v3,2026-10-03,SHORT,SHORT,False,2026-10-02 16:00:00,2026-10-02T16:00:51.997482Z,86255.0,85289.0,-966.0,2026-10-03 00:00:00,2026-10-03T00:01:47.604615Z,84369.0,86342.39199999999,1973.39,169.11,-105.3392,-274.45,False,False
2026-10-03T18:07:58.198619+00:00,s4v3,2026-10-03,SHORT,SHORT,False,2026-10-03 08:00:00,2026-10-03T08:00:34.186427Z,84507.0,84752.6,245.6,2026-10-03 12:00:00,2026-10-03T12:03:23.670685Z,84599.0,86572.735,1973.74,-28.5,-182.0135,-153.51,False,False
2026-10-03T18:13:01.973737+00:00,s4v3,2026-10-03,SHORT,SHORT,False,2026-10-02 16:00:00,2026-10-02T16:00:51.997482Z,86255.0,85289.0,-966.0,2026-10-03 00:00:00,2026-10-03T00:01:47.604615Z,84369.0,86342.39199999999,1973.39,169.11,-105.3392,-274.45,False,False
2026-10-03T18:13:01.973737+00:00,s4v3,2026-10-03,SHORT,SHORT,False,2026-10-03 08:00:00,2026-10-03T08:00:34.186427Z,84507.0,84752.6,245.6,2026-10-03 12:00:00,2026-10-03T12:03:23.670685Z,84599.0,86572.735,1973.74,-28.5,-182.0135,-153.51,False,False
2026-10-03T18:18:09.255516+00:00,s4v3,2026-10-03,SHORT,SHORT,False,2026-10-02 16:00:00,2026-10-02T16:00:51.997482Z,86255.0,85289.0,-966.0,2026-10-03 00:00:00,2026-10-03T00:01:47.604615Z,84369.0,86342.39199999999,1973.39,169.11,-105.3392,-274.45,False,False
2026-10-03T18:18:09.255516+00:00,s4v3,2026-10-03,SHORT,SHORT,False,2026-10-03 08:00:00,2026-10-03T08:00:34.186427Z,84507.0,84752.6,245.6,2026-10-03 12:00:00,2026-10-03T12:03:23.670685Z,84599.0,86572.735,1973.74,-28.5,-182.0135,-153.51,False,False
2026-10-03T18:23:14.020885+00:00,s4v3,2026-10-03,SHORT,SHORT,False,2026-10-02 16:00:00,2026-10-02T16:00:51.997482Z,86255.0,85289.0,-966.0,2026-10-03 00:00:00,2026-10-03T00:01:47.604615Z,84369.0,86342.39199999999,1973.39,169.11,-105.3392,-274.45,False,False
2026-10-03T18:23:14.020885+00:00,s4v3,2026-10-03,SHORT,SHORT,False,2026-10-03 08:00:00,2026-10-03T08:00:34.186427Z,84507.0,84752.6,245.6,2026-10-03 12:00:00,2026-10-03T12:03:23.670685Z,84599.0,86572.735,1973.74,-28.5,-182.0135,-153.51,False,False
2026-10-03T18:28:16.706709+00:00,s4v3,2026-10-03,SHORT,SHORT,False,2026-10-02 16:00:00,2026-10-02T16:00:51.997482Z,86255.0,85289.0,-966.0,2026-10-03 00:00:00,2026-10-03T00:01:47.604615Z,84369.0,86342.39199999999,1973.39,169.11,-105.3392,-274.45,False,False
2026-10-03T18:28:16.706709+00:00,s4v3,2026-10-03,SHORT,SHORT,False,2026-10-03 08:00:00,2026-10-03T08:00:34.186427Z,84507.0,84752.6,245.6,2026-10-03 12:00:00,2026-10-03T12:03:23.670685Z,84599.0,86572.735,1973.74,-28.5,-182.0135,-153.51,False,False
2026-10-03T18:33:21.808572+00:00,s4v3,2026-10-03,SHORT,SHORT,False,2026-10-02 16:00:00,2026-10-02T16:00:51.997482Z,86255.0,85289.0,-966.0,2026-10-03 00:00:00,2026-10-03T00:01:47.604615Z,84369.0,86342.39199999999,1973.39,169.11,-105.3392,-274.45,False,False
2026-10-03T18:33:21.808572+00:00,s4v3,2026-10-03,SHORT,SHORT,False,2026-10-03 08:00:00,2026-10-03T08:00:34.186427Z,84507.0,84752.6,245.6,2026-10-03 12:00:00,2026-10-03T12:03:23.670685Z,84599.0,86572.735,1973.74,-28.5,-182.0135,-153.51,False,False
2026-10-03T18:38:27.332782+00:00,s4v3,2026-10-03,SHORT,SHORT,False,2026-10-02 16:00:00,2026-10-02T16:00:51.997482Z,86255.0,85289.0,-966.0,2026-10-03 00:00:00,2026-10-03T00:01:47.604615Z,84369.0,86342.39199999999,1973.39,169.11,-105.3392,-274.45,False,False
2026-10-03T18:38:27.332782+00:00,s4v3,2026-10-03,SHORT,SHORT,False,2026-10-03 08:00:00,2026-10-03T08:00:34.186427Z,84507.0,84752.6,245.6,2026-10-03 12:00:00,2026-10-03T12:03:23.670685Z,84599.0,86572.735,1973.74,-28.5,-182.0135,-153.51,False,False
2026-10-03T18:43:30.117901+00:00,s4v3,2026-10-03,SHORT,SHORT,False,2026-10-02 16:00:00,2026-10-02T16:00:51.997482Z,86255.0,85289.0,-966.0,2026-10-03 00:00:00,2026-10-03T00:01:47.604615Z,84369.0,86342.39199999999,1973.39,169.11,-105.3392,-274.45,False,False
2026-10-03T18:43:30.117901+00:00,s4v3,2026-10-03,SHORT,SHORT,False,2026-10-03 08:00:00,2026-10-03T08:00:34.186427Z,84507.0,84752.6,245.6,2026-10-03 12:00:00,2026-10-03T12:03:23.670685Z,84599.0,86572.735,1973.74,-28.5,-182.0135,-153.51,False,False
2026-10-03T18:48:35.331593+00:00,s4v3,2026-10-03,SHORT,SHORT,False,2026-10-02 16:00:00,2026-10-02T16:00:51.997482Z,86255.0,85289.0,-966.0,2026-10-03 00:00:00,2026-10-03T00:01:47.604615Z,84369.0,86342.39199999999,1973.39,169.11,-105.3392,-274.45,False,False
2026-10-03T18:48:35.331593+00:00,s4v3,2026-10-03,SHORT,SHORT,False,2026-10-03 08:00:00,2026-10-03T08:00:34.186427Z,84507.0,84752.6,245.6,2026-10-03 12:00:00,2026-10-03T12:03:23.670685Z,84599.0,86572.735,1973.74,-28.5,-182.0135,-153.51,False,False
2026-10-03T18:53:37.547595+00:00,s4v3,2026-10-03,SHORT,SHORT,False,2026-10-02 16:00:00,2026-10-02T16:00:51.997482Z,86255.0,85289.0,-966.0,2026-10-03 00:00:00,2026-10-03T00:01:47.604615Z,84369.0,86342.39199999999,1973.39,169.11,-105.3392,-274.45,False,False
2026-10-03T18:53:37.547595+00:00,s4v3,2026-10-03,SHORT,SHORT,False,2026-10-03 08:00:00,2026-10-03T08:00:34.186427Z,84507.0,84752.6,245.6,2026-10-03 12:00:00,2026-10-03T12:03:23.670685Z,84599.0,86572.735,1973.74,-28.5,-182.0135,-153.51,False,False
2026-10-03T18:58:39.399330+00:00,s4v3,2026-10-03,SHORT,SHORT,False,2026-10-02 16:00:00,2026-10-02T16:00:51.997482Z,86255.0,85289.0,-966.0,2026-10-03 00:00:00,2026-10-03T00:01:47.604615Z,84369.0,86342.39199999999,1973.39,169.11,-105.3392,-274.45,False,False
2026-10-03T18:58:39.399330+00:00,s4v3,2026-10-03,SHORT,SHORT,False,2026-10-03 08:00:00,2026-10-03T08:00:34.186427Z,84507.0,84752.6,245.6,2026-10-03 12:00:00,2026-10-03T12:03:23.670685Z,84599.0,86572.735,1973.74,-28.5,-182.0135,-153.51,False,False
2026-10-03T19:03:41.117746+00:00,s4v3,2026-10-03,SHORT,SHORT,False,2026-10-02 16:00:00,2026-10-02T16:00:51.997482Z,86255.0,85289.0,-966.0,2026-10-03 00:00:00,2026-10-03T00:01:47.604615Z,84369.0,86342.39199999999,1973.39,169.11,-105.3392,-274.45,False,False
2026-10-03T19:03:41.117746+00:00,s4v3,2026-10-03,SHORT,SHORT,False,2026-10-03 08:00:00,2026-10-03T08:00:34.186427Z,84507.0,84752.6,245.6,2026-10-03 12:00:00,2026-10-03T12:03:23.670685Z,84599.0,86572.735,1973.74,-28.5,-182.0135,-153.51,False,False
2026-10-03T19:08:48.351162+00:00,s4v3,2026-10-03,SHORT,SHORT,False,2026-10-02 16:00:00,2026-10-02T16:00:51.997482Z,86255.0,85289.0,-966.0,2026-10-03 00:00:00,2026-10-03T00:01:47.604615Z,84369.0,86342.39199999999,1973.39,169.11,-105.3392,-274.45,False,False
2026-10-03T19:08:48.351162+00:00,s4v3,2026-10-03,SHORT,SHORT,False,2026-10-03 08:00:00,2026-10-03T08:00:34.186427Z,84507.0,84752.6,245.6,2026-10-03 12:00:00,2026-10-03T12:03:23.670685Z,84599.0,86572.735,1973.74,-28.5,-182.0135,-153.51,False,False
2026-10-03T19:13:51.319972+00:00,s4v3,2026-10-03,SHORT,SHORT,False,2026-10-02 16:00:00,2026-10-02T16:00:51.997482Z,86255.0,85289.0,-966.0,2026-10-03 00:00:00,2026-10-03T00:01:47.604615Z,84369.0,86342.39199999999,1973.39,169.11,-105.3392,-274.45,False,False
2026-10-03T19:13:51.319972+00:00,s4v3,2026-10-03,SHORT,SHORT,False,2026-10-03 08:00:00,2026-10-03T08:00:34.186427Z,84507.0,84752.6,245.6,2026-10-03 12:00:00,2026-10-03T12:03:23.670685Z,84599.0,86572.735,1973.74,-28.5,-182.0135,-153.51,False,False
2026-10-03T19:18:54.931818+00:00,s4v3,2026-10-03,SHORT,SHORT,False,2026-10-02 16:00:00,2026-10-02T16:00:51.997482Z,86255.0,85289.0,-966.0,2026-10-03 00:00:00,2026-10-03T00:01:47.604615Z,84369.0,86342.39199999999,1973.39,169.11,-105.3392,-274.45,False,False
2026-10-03T19:18:54.931818+00:00,s4v3,2026-10-03,SHORT,SHORT,False,2026-10-03 08:00:00,2026-10-03T08:00:34.186427Z,84507.0,84752.6,245.6,2026-10-03 12:00:00,2026-10-03T12:03:23.670685Z,84599.0,86572.735,1973.74,-28.5,-182.0135,-153.51,False,False
2026-10-03T19:24:01.203707+00:00,s4v3,2026-10-03,SHORT,SHORT,False,2026-10-02 16:00:00,2026-10-02T16:00:51.997482Z,86255.0,85289.0,-966.0,2026-10-03 00:00:00,2026-10-03T00:01:47.604615Z,84369.0,86342.39199999999,1973.39,169.11,-105.3392,-274.45,False,False
2026-10-03T19:24:01.203707+00:00,s4v3,2026-10-03,SHORT,SHORT,False,2026-10-03 08:00:00,2026-10-03T08:00:34.186427Z,84507.0,84752.6,245.6,2026-10-03 12:00:00,2026-10-03T12:03:23.670685Z,84599.0,86572.735,1973.74,-28.5,-182.0135,-153.51,False,False
2026-10-03T19:29:04.466968+00:00,s4v3,2026-10-03,SHORT,SHORT,False,2026-10-02 16:00:00,2026-10-02T16:00:51.997482Z,86255.0,85289.0,-966.0,2026-10-03 00:00:00,2026-10-03T00:01:47.604615Z,84369.0,86342.39199999999,1973.39,169.11,-105.3392,-274.45,False,False
2026-10-03T19:29:04.466968+00:00,s4v3,2026-10-03,SHORT,SHORT,False,2026-10-03 08:00:00,2026-10-03T08:00:34.186427Z,84507.0,84752.6,245.6,2026-10-03 12:00:00,2026-10-03T12:03:23.670685Z,84599.0,86572.735,1973.74,-28.5,-182.0135,-153.51,False,False
2026-10-03T19:34:07.986173+00:00,s4v3,2026-10-03,SHORT,SHORT,False,2026-10-02 16:00:00,2026-10-02T16:00:51.997482Z,86255.0,85289.0,-966.0,2026-10-03 00:00:00,2026-10-03T00:01:47.604615Z,84369.0,86342.39199999999,1973.39,169.11,-105.3392,-274.45,False,False
2026-10-03T19:34:07.986173+00:00,s4v3,2026-10-03,SHORT,SHORT,False,2026-10-03 08:00:00,2026-10-03T08:00:34.186427Z,84507.0,84752.6,245.6,2026-10-03 12:00:00,2026-10-03T12:03:23.670685Z,84599.0,86572.735,1973.74,-28.5,-182.0135,-153.51,False,False
2026-10-03T19:39:15.325186+00:00,s4v3,2026-10-03,SHORT,SHORT,False,2026-10-02 16:00:00,2026-10-02T16:00:51.997482Z,86255.0,85289.0,-966.0,2026-10-03 00:00:00,2026-10-03T00:01:47.604615Z,84369.0,86342.39199999999,1973.39,169.11,-105.3392,-274.45,False,False
2026-10-03T19:39:15.325186+00:00,s4v3,2026-10-03,SHORT,SHORT,False,2026-10-03 08:00:00,2026-10-03T08:00:34.186427Z,84507.0,84752.6,245.6,2026-10-03 12:00:00,2026-10-03T12:03:23.670685Z,84599.0,86572.735,1973.74,-28.5,-182.0135,-153.51,False,False
2026-10-03T19:44:19.527725+00:00,s4v3,2026-10-03,SHORT,SHORT,False,2026-10-02 16:00:00,2026-10-02T16:00:51.997482Z,86255.0,85289.0,-966.0,2026-10-03 00:00:00,2026-10-03T00:01:47.604615Z,84369.0,86342.39199999999,1973.39,169.11,-105.3392,-274.45,False,False
2026-10-03T19:44:19.527725+00:00,s4v3,2026-10-03,SHORT,SHORT,False,2026-10-03 08:00:00,2026-10-03T08:00:34.186427Z,84507.0,84752.6,245.6,2026-10-03 12:00:00,2026-10-03T12:03:23.670685Z,84599.0,86572.735,1973.74,-28.5,-182.0135,-153.51,False,False
2026-10-03T19:49:23.368289+00:00,s4v3,2026-10-03,SHORT,SHORT,False,2026-10-02 16:00:00,2026-10-02T16:00:51.997482Z,86255.0,85289.0,-966.0,2026-10-03 00:00:00,2026-10-03T00:01:47.604615Z,84369.0,86342.39199999999,1973.39,169.11,-105.3392,-274.45,False,False
2026-10-03T19:49:23.368289+00:00,s4v3,2026-10-03,SHORT,SHORT,False,2026-10-03 08:00:00,2026-10-03T08:00:34.186427Z,84507.0,84752.6,245.6,2026-10-03 12:00:00,2026-10-03T12:03:23.670685Z,84599.0,86572.735,1973.74,-28.5,-182.0135,-153.51,False,False
2026-10-03T19:54:27.995350+00:00,s4v3,2026-10-03,SHORT,SHORT,False,2026-10-02 16:00:00,2026-10-02T16:00:51.997482Z,86255.0,85289.0,-966.0,2026-10-03 00:00:00,2026-10-03T00:01:47.604615Z,84369.0,86342.39199999999,1973.39,169.11,-105.3392,-274.45,False,False
2026-10-03T19:54:27.995350+00:00,s4v3,2026-10-03,SHORT,SHORT,False,2026-10-03 08:00:00,2026-10-03T08:00:34.186427Z,84507.0,84752.6,245.6,2026-10-03 12:00:00,2026-10-03T12:03:23.670685Z,84599.0,86572.735,1973.74,-28.5,-182.0135,-153.51,False,False
2026-10-03T19:59:29.891650+00:00,s4v3,2026-10-03,SHORT,SHORT,False,2026-10-02 16:00:00,2026-10-02T16:00:51.997482Z,86255.0,85289.0,-966.0,2026-10-03 00:00:00,2026-10-03T00:01:47.604615Z,84369.0,86342.39199999999,1973.39,169.11,-105.3392,-274.45,False,False
2026-10-03T19:59:29.891650+00:00,s4v3,2026-10-03,SHORT,SHORT,False,2026-10-03 08:00:00,2026-10-03T08:00:34.186427Z,84507.0,84752.6,245.6,2026-10-03 12:00:00,2026-10-03T12:03:23.670685Z,84599.0,86572.735,1973.74,-28.5,-182.0135,-153.51,False,False
2026-10-03T20:04:31.626782+00:00,s4v3,2026-10-03,SHORT,SHORT,False,2026-10-02 16:00:00,2026-10-02T16:00:51.997482Z,86255.0,85289.0,-966.0,2026-10-03 00:00:00,2026-10-03T00:01:47.604615Z,84369.0,86342.39199999999,1973.39,169.11,-105.3392,-274.45,False,False
2026-10-03T20:04:31.626782+00:00,s4v3,2026-10-03,SHORT,SHORT,False,2026-10-03 08:00:00,2026-10-03T08:00:34.186427Z,84507.0,84752.6,245.6,2026-10-03 12:00:00,2026-10-03T12:03:23.670685Z,84599.0,86572.735,1973.74,-28.5,-182.0135,-153.51,False,False
2026-10-03T20:09:39.438930+00:00,s4v3,2026-10-03,SHORT,SHORT,False,2026-10-02 16:00:00,2026-10-02T16:00:51.997482Z,86255.0,85289.0,-966.0,2026-10-03 00:00:00,2026-10-03T00:01:47.604615Z,84369.0,86342.39199999999,1973.39,169.11,-105.3392,-274.45,False,False
2026-10-03T20:09:39.438930+00:00,s4v3,2026-10-03,SHORT,SHORT,False,2026-10-03 08:00:00,2026-10-03T08:00:34.186427Z,84507.0,84752.6,245.6,2026-10-03 12:00:00,2026-10-03T12:03:23.670685Z,84599.0,86572.735,1973.74,-28.5,-182.0135,-153.51,False,False
2026-10-03T20:14:45.377074+00:00,s4v3,2026-10-03,SHORT,SHORT,False,2026-10-02 16:00:00,2026-10-02T16:00:51.997482Z,86255.0,85289.0,-966.0,2026-10-03 00:00:00,2026-10-03T00:01:47.604615Z,84369.0,86342.39199999999,1973.39,169.11,-105.3392,-274.45,False,False
2026-10-03T20:14:45.377074+00:00,s4v3,2026-10-03,SHORT,SHORT,False,2026-10-03 08:00:00,2026-10-03T08:00:34.186427Z,84507.0,84752.6,245.6,2026-10-03 12:00:00,2026-10-03T12:03:23.670685Z,84599.0,86572.735,1973.74,-28.5,-182.0135,-153.51,False,False
2026-10-03T20:19:47.250520+00:00,s4v3,2026-10-03,SHORT,SHORT,False,2026-10-02 16:00:00,2026-10-02T16:00:51.997482Z,86255.0,85289.0,-966.0,2026-10-03 00:00:00,2026-10-03T00:01:47.604615Z,84369.0,86342.39199999999,1973.39,169.11,-105.3392,-274.45,False,False
2026-10-03T20:19:47.250520+00:00,s4v3,2026-10-03,SHORT,SHORT,False,2026-10-03 08:00:00,2026-10-03T08:00:34.186427Z,84507.0,84752.6,245.6,2026-10-03 12:00:00,2026-10-03T12:03:23.670685Z,84599.0,86572.735,1973.74,-28.5,-182.0135,-153.51,False,False
2026-10-03T20:24:49.645566+00:00,s4v3,2026-10-03,SHORT,SHORT,False,2026-10-02 16:00:00,2026-10-02T16:00:51.997482Z,86255.0,85289.0,-966.0,2026-10-03 00:00:00,2026-10-03T00:01:47.604615Z,84369.0,86342.39199999999,1973.39,169.11,-105.3392,-274.45,False,False
2026-10-03T20:24:49.645566+00:00,s4v3,2026-10-03,SHORT,SHORT,False,2026-10-03 08:00:00,2026-10-03T08:00:34.186427Z,84507.0,84752.6,245.6,2026-10-03 12:00:00,2026-10-03T12:03:23.670685Z,84599.0,86572.735,1973.74,-28.5,-182.0135,-153.51,False,False
2026-10-03T20:25:40.723221+00:00,s4,2026-10-03,SHORT,SHORT,False,2026-10-02 16:00:00,2026-10-02T16:00:46.049788Z,86347.0,85300.0,-1047.0,2026-10-02 22:00:00,2026-10-02T22:01:31.047440Z,84415.0,86415.8,2000.8,173.7,-111.58,-285.28,False,False
2026-10-03T20:25:40.723221+00:00,s4,2026-10-03,SHORT,SHORT,False,2026-10-03 08:00:00,2026-10-03T08:00:31.472614Z,84461.0,84846.688,385.69,2026-10-03 12:00:00,2026-10-03T12:03:23.670644Z,84599.0,86575.67300000001,1976.67,-33.09,-172.8985,-139.81,False,False
2026-10-03T20:25:40.723221+00:00,s4,2026-10-03,LONG,,False,2026-10-02 22:00:00,,84415.0,,,2026-10-03 08:00:00,,84507.0,,,-10.09,,,True,False
2026-10-03T20:25:40.723221+00:00,s4,2026-10-03,LONG,,False,2026-10-03 12:00:00,,84599.0,,,2026-10-03 20:00:00,,84829.0,,,3.69,,,True,False
2026-10-03T20:25:48.970596+00:00,s4v2,2026-10-03,LONG,LONG,False,2026-10-02 18:00:00,2026-10-02T18:00:12.151991Z,84737.0,84776.5,39.5,2026-10-02 18:30:00,2026-10-02T18:30:03.365517Z,84645.0,84803.5,158.5,-28.52,2.7,31.22,False,False
2026-10-03T20:25:48.970596+00:00,s4v2,2026-10-03,SHORT,SHORT,False,2026-10-02 19:00:00,2026-10-02T19:00:05.017684Z,84415.0,85014.1,599.1,2026-10-02 20:00:00,2026-10-02T20:00:45.846319Z,84277.0,85502.8,1225.8,-5.49,-48.87,-43.38,False,False
2026-10-03T20:25:48.970596+00:00,s4v2,2026-10-03,LONG,LONG,False,2026-10-02 20:00:00,2026-10-02T20:01:06.954863Z,84277.0,85502.8,1225.8,2026-10-03 04:30:00,2026-10-03T00:33:22.959121Z,84507.0,85498.7,991.7,3.73,-0.41,-4.14,False,False
2026-10-03T20:25:48.970596+00:00,s4v2,2026-10-03,LONG,,False,2026-10-03 05:30:00,,84599.0,,,2026-10-03 08:00:00,,84461.0,,,-33.11,,,True,False
2026-10-03T20:25:48.970596+00:00,s4v2,2026-10-03,SHORT,,False,2026-10-03 08:00:00,,84461.0,,,2026-10-03 09:00:00,,84599.0,,,-33.09,,,True,False
2026-10-03T20:25:48.970596+00:00,s4v2,2026-10-03,LONG,,False,2026-10-03 09:00:00,,84599.0,,,2026-10-03 19:30:00,,84829.0,,,3.69,,,True,False
2026-10-03T20:25:48.970596+00:00,s4v2,2026-10-03,,LONG,False,,2026-10-03T00:33:51.029642Z,,86000.0,,,2026-10-03T04:30:46.125664Z,,84752.6,,,-124.74,,False,True
2026-10-03T20:25:55.971696+00:00,s4v3,2026-10-03,SHORT,SHORT,False,2026-10-02 16:00:00,2026-10-02T16:00:51.997482Z,86255.0,85289.0,-966.0,2026-10-03 00:00:00,2026-10-03T00:01:47.604615Z,84369.0,86342.39199999999,1973.39,169.11,-105.3392,-274.45,False,False
2026-10-03T20:25:55.971696+00:00,s4v3,2026-10-03,SHORT,SHORT,False,2026-10-03 08:00:00,2026-10-03T08:00:34.186427Z,84507.0,84752.6,245.6,2026-10-03 12:00:00,2026-10-03T12:03:23.670685Z,84599.0,86572.735,1973.74,-28.5,-182.0135,-153.51,False,False
2026-10-03T20:26:39.479719+00:00,s4,2026-10-04,LONG,,False,2026-10-03 12:00:00,,84599.0,,,2026-10-03 20:00:00,,84829.0,,,3.69,,,True,False
2026-10-03T20:26:43.118844+00:00,s4v2,2026-10-04,LONG,,False,2026-10-03 09:00:00,,84599.0,,,2026-10-03 19:30:00,,84829.0,,,3.69,,,True,False
2026-10-03T20:26:43.118844+00:00,s4v2,2026-10-04,SHORT,,False,2026-10-03 19:30:00,,84829.0,,,2026-10-03 20:30:00,,84875.0,,,-23.93,,,True,False
2026-10-03T20:28:44.740965+00:00,s4,2026-10-03,SHORT,SHORT,False,2026-10-02 16:00:00,2026-10-02T16:00:46.049788Z,86347.0,85300.0,-1047.0,2026-10-02 22:00:00,2026-10-02T22:01:31.047440Z,84415.0,86415.8,2000.8,173.7,-111.58,-285.28,False,False
2026-10-03T20:28:44.740965+00:00,s4,2026-10-03,SHORT,SHORT,False,2026-10-03 08:00:00,2026-10-03T08:00:31.472614Z,84461.0,84846.688,385.69,2026-10-03 12:00:00,2026-10-03T12:03:23.670644Z,84599.0,86575.67300000001,1976.67,-33.09,-172.8985,-139.81,False,False
2026-10-03T20:28:44.740965+00:00,s4,2026-10-03,LONG,,False,2026-10-02 22:00:00,,84415.0,,,2026-10-03 08:00:00,,84507.0,,,-10.09,,,True,False
2026-10-03T20:28:44.740965+00:00,s4,2026-10-03,LONG,,False,2026-10-03 12:00:00,,84599.0,,,2026-10-03 20:00:00,,84829.0,,,3.69,,,True,False
2026-10-03T20:28:46.899563+00:00,s4v2,2026-10-03,LONG,LONG,False,2026-10-02 18:00:00,2026-10-02T18:00:12.151991Z,84737.0,84776.5,39.5,2026-10-02 18:30:00,2026-10-02T18:30:03.365517Z,84645.0,84803.5,158.5,-28.52,2.7,31.22,False,False
2026-10-03T20:28:46.899563+00:00,s4v2,2026-10-03,SHORT,SHORT,False,2026-10-02 19:00:00,2026-10-02T19:00:05.017684Z,84415.0,85014.1,599.1,2026-10-02 20:00:00,2026-10-02T20:00:45.846319Z,84277.0,85502.8,1225.8,-5.49,-48.87,-43.38,False,False
2026-10-03T20:28:46.899563+00:00,s4v2,2026-10-03,LONG,LONG,False,2026-10-02 20:00:00,2026-10-02T20:01:06.954863Z,84277.0,85502.8,1225.8,2026-10-03 04:30:00,2026-10-03T00:33:22.959121Z,84507.0,85498.7,991.7,3.73,-0.41,-4.14,False,False
2026-10-03T20:28:46.899563+00:00,s4v2,2026-10-03,LONG,,False,2026-10-03 05:30:00,,84599.0,,,2026-10-03 08:00:00,,84461.0,,,-33.11,,,True,False
2026-10-03T20:28:46.899563+00:00,s4v2,2026-10-03,SHORT,,False,2026-10-03 08:00:00,,84461.0,,,2026-10-03 09:00:00,,84599.0,,,-33.09,,,True,False
2026-10-03T20:28:46.899563+00:00,s4v2,2026-10-03,LONG,,False,2026-10-03 09:00:00,,84599.0,,,2026-10-03 19:30:00,,84829.0,,,3.69,,,True,False
2026-10-03T20:28:46.899563+00:00,s4v2,2026-10-03,,LONG,False,,2026-10-03T00:33:51.029642Z,,86000.0,,,2026-10-03T04:30:46.125664Z,,84752.6,,,-124.74,,False,True
2026-10-03T20:28:49.501158+00:00,s4v3,2026-10-03,SHORT,SHORT,False,2026-10-02 16:00:00,2026-10-02T16:00:51.997482Z,86255.0,85289.0,-966.0,2026-10-03 00:00:00,2026-10-03T00:01:47.604615Z,84369.0,86342.39199999999,1973.39,169.11,-105.3392,-274.45,False,False
2026-10-03T20:28:49.501158+00:00,s4v3,2026-10-03,SHORT,SHORT,False,2026-10-03 08:00:00,2026-10-03T08:00:34.186427Z,84507.0,84752.6,245.6,2026-10-03 12:00:00,2026-10-03T12:03:23.670685Z,84599.0,86572.735,1973.74,-28.5,-182.0135,-153.51,False,False
2026-10-03T20:29:51.524260+00:00,s4v3,2026-10-03,SHORT,SHORT,False,2026-10-02 16:00:00,2026-10-02T16:00:51.997482Z,86255.0,85289.0,-966.0,2026-10-03 00:00:00,2026-10-03T00:01:47.604615Z,84369.0,86342.39199999999,1973.39,169.11,-105.3392,-274.45,False,False
2026-10-03T20:29:51.524260+00:00,s4v3,2026-10-03,SHORT,SHORT,False,2026-10-03 08:00:00,2026-10-03T08:00:34.186427Z,84507.0,84752.6,245.6,2026-10-03 12:00:00,2026-10-03T12:03:23.670685Z,84599.0,86572.735,1973.74,-28.5,-182.0135,-153.51,False,False
2026-10-03T20:34:54.178066+00:00,s4v3,2026-10-03,SHORT,SHORT,False,2026-10-02 16:00:00,2026-10-02T16:00:51.997482Z,86255.0,85289.0,-966.0,2026-10-03 00:00:00,2026-10-03T00:01:47.604615Z,84369.0,86342.39199999999,1973.39,169.11,-105.3392,-274.45,False,False
2026-10-03T20:34:54.178066+00:00,s4v3,2026-10-03,SHORT,SHORT,False,2026-10-03 08:00:00,2026-10-03T08:00:34.186427Z,84507.0,84752.6,245.6,2026-10-03 12:00:00,2026-10-03T12:03:23.670685Z,84599.0,86572.735,1973.74,-28.5,-182.0135,-153.51,False,False
2026-10-03T20:39:56.280324+00:00,s4v3,2026-10-03,SHORT,SHORT,False,2026-10-02 16:00:00,2026-10-02T16:00:51.997482Z,86255.0,85289.0,-966.0,2026-10-03 00:00:00,2026-10-03T00:01:47.604615Z,84369.0,86342.39199999999,1973.39,169.11,-105.3392,-274.45,False,False
2026-10-03T20:39:56.280324+00:00,s4v3,2026-10-03,SHORT,SHORT,False,2026-10-03 08:00:00,2026-10-03T08:00:34.186427Z,84507.0,84752.6,245.6,2026-10-03 12:00:00,2026-10-03T12:03:23.670685Z,84599.0,86572.735,1973.74,-28.5,-182.0135,-153.51,False,False
2026-10-03T20:45:09.241729+00:00,s4v3,2026-10-03,SHORT,SHORT,False,2026-10-02 16:00:00,2026-10-02T16:00:51.997482Z,86255.0,85289.0,-966.0,2026-10-03 00:00:00,2026-10-03T00:01:47.604615Z,84369.0,86342.39199999999,1973.39,169.11,-105.3392,-274.45,False,False
2026-10-03T20:45:09.241729+00:00,s4v3,2026-10-03,SHORT,SHORT,False,2026-10-03 08:00:00,2026-10-03T08:00:34.186427Z,84507.0,84752.6,245.6,2026-10-03 12:00:00,2026-10-03T12:03:23.670685Z,84599.0,86572.735,1973.74,-28.5,-182.0135,-153.51,False,False
2026-10-03T20:50:14.025345+00:00,s4v3,2026-10-03,SHORT,SHORT,False,2026-10-02 16:00:00,2026-10-02T16:00:51.997482Z,86255.0,85289.0,-966.0,2026-10-03 00:00:00,2026-10-03T00:01:47.604615Z,84369.0,86342.39199999999,1973.39,169.11,-105.3392,-274.45,False,False
2026-10-03T20:50:14.025345+00:00,s4v3,2026-10-03,SHORT,SHORT,False,2026-10-03 08:00:00,2026-10-03T08:00:34.186427Z,84507.0,84752.6,245.6,2026-10-03 12:00:00,2026-10-03T12:03:23.670685Z,84599.0,86572.735,1973.74,-28.5,-182.0135,-153.51,False,False
2026-10-03T20:55:21.769167+00:00,s4v3,2026-10-03,SHORT,SHORT,False,2026-10-02 16:00:00,2026-10-02T16:00:51.997482Z,86255.0,85289.0,-966.0,2026-10-03 00:00:00,2026-10-03T00:01:47.604615Z,84369.0,86342.39199999999,1973.39,169.11,-105.3392,-274.45,False,False
2026-10-03T20:55:21.769167+00:00,s4v3,2026-10-03,SHORT,SHORT,False,2026-10-03 08:00:00,2026-10-03T08:00:34.186427Z,84507.0,84752.6,245.6,2026-10-03 12:00:00,2026-10-03T12:03:23.670685Z,84599.0,86572.735,1973.74,-28.5,-182.0135,-153.51,False,False
2026-10-03T21:00:30.529396+00:00,s4v3,2026-10-03,SHORT,SHORT,False,2026-10-02 16:00:00,2026-10-02T16:00:51.997482Z,86255.0,85289.0,-966.0,2026-10-03 00:00:00,2026-10-03T00:01:47.604615Z,84369.0,86342.39199999999,1973.39,169.11,-105.3392,-274.45,False,False
2026-10-03T21:00:30.529396+00:00,s4v3,2026-10-03,SHORT,SHORT,False,2026-10-03 08:00:00,2026-10-03T08:00:34.186427Z,84507.0,84752.6,245.6,2026-10-03 12:00:00,2026-10-03T12:03:23.670685Z,84599.0,86572.735,1973.74,-28.5,-182.0135,-153.51,False,False
2026-10-03T21:05:38.280918+00:00,s4v3,2026-10-03,SHORT,SHORT,False,2026-10-02 16:00:00,2026-10-02T16:00:51.997482Z,86255.0,85289.0,-966.0,2026-10-03 00:00:00,2026-10-03T00:01:47.604615Z,84369.0,86342.39199999999,1973.39,169.11,-105.3392,-274.45,False,False
2026-10-03T21:05:38.280918+00:00,s4v3,2026-10-03,SHORT,SHORT,False,2026-10-03 08:00:00,2026-10-03T08:00:34.186427Z,84507.0,84752.6,245.6,2026-10-03 12:00:00,2026-10-03T12:03:23.670685Z,84599.0,86572.735,1973.74,-28.5,-182.0135,-153.51,False,False
2026-10-03T21:10:44.862841+00:00,s4v3,2026-10-03,SHORT,SHORT,False,2026-10-02 16:00:00,2026-10-02T16:00:51.997482Z,86255.0,85289.0,-966.0,2026-10-03 00:00:00,2026-10-03T00:01:47.604615Z,84369.0,86342.39199999999,1973.39,169.11,-105.3392,-274.45,False,False
2026-10-03T21:10:44.862841+00:00,s4v3,2026-10-03,SHORT,SHORT,False,2026-10-03 08:00:00,2026-10-03T08:00:34.186427Z,84507.0,84752.6,245.6,2026-10-03 12:00:00,2026-10-03T12:03:23.670685Z,84599.0,86572.735,1973.74,-28.5,-182.0135,-153.51,False,False
2026-10-03T21:15:49.005047+00:00,s4v3,2026-10-03,SHORT,SHORT,False,2026-10-02 16:00:00,2026-10-02T16:00:51.997482Z,86255.0,85289.0,-966.0,2026-10-03 00:00:00,2026-10-03T00:01:47.604615Z,84369.0,86342.39199999999,1973.39,169.11,-105.3392,-274.45,False,False
2026-10-03T21:15:49.005047+00:00,s4v3,2026-10-03,SHORT,SHORT,False,2026-10-03 08:00:00,2026-10-03T08:00:34.186427Z,84507.0,84752.6,245.6,2026-10-03 12:00:00,2026-10-03T12:03:23.670685Z,84599.0,86572.735,1973.74,-28.5,-182.0135,-153.51,False,False
2026-10-03T21:20:56.745319+00:00,s4v3,2026-10-03,SHORT,SHORT,False,2026-10-02 16:00:00,2026-10-02T16:00:51.997482Z,86255.0,85289.0,-966.0,2026-10-03 00:00:00,2026-10-03T00:01:47.604615Z,84369.0,86342.39199999999,1973.39,169.11,-105.3392,-274.45,False,False
2026-10-03T21:20:56.745319+00:00,s4v3,2026-10-03,SHORT,SHORT,False,2026-10-03 08:00:00,2026-10-03T08:00:34.186427Z,84507.0,84752.6,245.6,2026-10-03 12:00:00,2026-10-03T12:03:23.670685Z,84599.0,86572.735,1973.74,-28.5,-182.0135,-153.51,False,False
2026-10-03T21:26:01.615169+00:00,s4v3,2026-10-03,SHORT,SHORT,False,2026-10-02 16:00:00,2026-10-02T16:00:51.997482Z,86255.0,85289.0,-966.0,2026-10-03 00:00:00,2026-10-03T00:01:47.604615Z,84369.0,86342.39199999999,1973.39,169.11,-105.3392,-274.45,False,False
2026-10-03T21:26:01.615169+00:00,s4v3,2026-10-03,SHORT,SHORT,False,2026-10-03 08:00:00,2026-10-03T08:00:34.186427Z,84507.0,84752.6,245.6,2026-10-03 12:00:00,2026-10-03T12:03:23.670685Z,84599.0,86572.735,1973.74,-28.5,-182.0135,-153.51,False,False
2026-10-03T21:31:11.047206+00:00,s4v3,2026-10-03,SHORT,SHORT,False,2026-10-02 16:00:00,2026-10-02T16:00:51.997482Z,86255.0,85289.0,-966.0,2026-10-03 00:00:00,2026-10-03T00:01:47.604615Z,84369.0,86342.39199999999,1973.39,169.11,-105.3392,-274.45,False,False
2026-10-03T21:31:11.047206+00:00,s4v3,2026-10-03,SHORT,SHORT,False,2026-10-03 08:00:00,2026-10-03T08:00:34.186427Z,84507.0,84752.6,245.6,2026-10-03 12:00:00,2026-10-03T12:03:23.670685Z,84599.0,86572.735,1973.74,-28.5,-182.0135,-153.51,False,False
2026-10-03T21:36:18.867205+00:00,s4v3,2026-10-03,SHORT,SHORT,False,2026-10-02 16:00:00,2026-10-02T16:00:51.997482Z,86255.0,85289.0,-966.0,2026-10-03 00:00:00,2026-10-03T00:01:47.604615Z,84369.0,86342.39199999999,1973.39,169.11,-105.3392,-274.45,False,False
2026-10-03T21:36:18.867205+00:00,s4v3,2026-10-03,SHORT,SHORT,False,2026-10-03 08:00:00,2026-10-03T08:00:34.186427Z,84507.0,84752.6,245.6,2026-10-03 12:00:00,2026-10-03T12:03:23.670685Z,84599.0,86572.735,1973.74,-28.5,-182.0135,-153.51,False,False
2026-10-03T21:41:24.049635+00:00,s4v3,2026-10-03,SHORT,SHORT,False,2026-10-02 16:00:00,2026-10-02T16:00:51.997482Z,86255.0,85289.0,-966.0,2026-10-03 00:00:00,2026-10-03T00:01:47.604615Z,84369.0,86342.39199999999,1973.39,169.11,-105.3392,-274.45,False,False
2026-10-03T21:41:24.049635+00:00,s4v3,2026-10-03,SHORT,SHORT,False,2026-10-03 08:00:00,2026-10-03T08:00:34.186427Z,84507.0,84752.6,245.6,2026-10-03 12:00:00,2026-10-03T12:03:23.670685Z,84599.0,86572.735,1973.74,-28.5,-182.0135,-153.51,False,False
2026-10-03T21:46:31.659378+00:00,s4v3,2026-10-03,SHORT,SHORT,False,2026-10-02 16:00:00,2026-10-02T16:00:51.997482Z,86255.0,85289.0,-966.0,2026-10-03 00:00:00,2026-10-03T00:01:47.604615Z,84369.0,86342.39199999999,1973.39,169.11,-105.3392,-274.45,False,False
2026-10-03T21:46:31.659378+00:00,s4v3,2026-10-03,SHORT,SHORT,False,2026-10-03 08:00:00,2026-10-03T08:00:34.186427Z,84507.0,84752.6,245.6,2026-10-03 12:00:00,2026-10-03T12:03:23.670685Z,84599.0,86572.735,1973.74,-28.5,-182.0135,-153.51,False,False
2026-10-03T21:51:39.067630+00:00,s4v3,2026-10-03,SHORT,SHORT,False,2026-10-02 16:00:00,2026-10-02T16:00:51.997482Z,86255.0,85289.0,-966.0,2026-10-03 00:00:00,2026-10-03T00:01:47.604615Z,84369.0,86342.39199999999,1973.39,169.11,-105.3392,-274.45,False,False
2026-10-03T21:51:39.067630+00:00,s4v3,2026-10-03,SHORT,SHORT,False,2026-10-03 08:00:00,2026-10-03T08:00:34.186427Z,84507.0,84752.6,245.6,2026-10-03 12:00:00,2026-10-03T12:03:23.670685Z,84599.0,86572.735,1973.74,-28.5,-182.0135,-153.51,False,False
2026-10-03T21:52:04.408844+00:00,s4v3,2026-10-03,SHORT,SHORT,False,2026-10-02 16:00:00,2026-10-02T16:00:51.997482Z,86255.0,85289.0,-966.0,2026-10-03 00:00:00,2026-10-03T00:01:47.604615Z,84369.0,86342.39199999999,1973.39,169.11,-105.3392,-274.45,False,False
2026-10-03T21:52:04.408844+00:00,s4v3,2026-10-03,SHORT,SHORT,False,2026-10-03 08:00:00,2026-10-03T08:00:34.186427Z,84507.0,84752.6,245.6,2026-10-03 12:00:00,2026-10-03T12:03:23.670685Z,84599.0,86572.735,1973.74,-28.5,-182.0135,-153.51,False,False
2026-10-03T21:56:46.854807+00:00,s4v3,2026-10-03,SHORT,SHORT,False,2026-10-02 16:00:00,2026-10-02T16:00:51.997482Z,86255.0,85289.0,-966.0,2026-10-03 00:00:00,2026-10-03T00:01:47.604615Z,84369.0,86342.39199999999,1973.39,169.11,-105.3392,-274.45,False,False
2026-10-03T21:56:46.854807+00:00,s4v3,2026-10-03,SHORT,SHORT,False,2026-10-03 08:00:00,2026-10-03T08:00:34.186427Z,84507.0,84752.6,245.6,2026-10-03 12:00:00,2026-10-03T12:03:23.670685Z,84599.0,86572.735,1973.74,-28.5,-182.0135,-153.51,False,False
2026-10-03T22:01:55.396389+00:00,s4v3,2026-10-03,SHORT,SHORT,False,2026-10-02 16:00:00,2026-10-02T16:00:51.997482Z,86255.0,85289.0,-966.0,2026-10-03 00:00:00,2026-10-03T00:01:47.604615Z,84369.0,86342.39199999999,1973.39,169.11,-105.3392,-274.45,False,False
2026-10-03T22:01:55.396389+00:00,s4v3,2026-10-03,SHORT,SHORT,False,2026-10-03 08:00:00,2026-10-03T08:00:34.186427Z,84507.0,84752.6,245.6,2026-10-03 12:00:00,2026-10-03T12:03:23.670685Z,84599.0,86572.735,1973.74,-28.5,-182.0135,-153.51,False,False
2026-10-03T22:05:30.142243+00:00,s4v3,2026-10-03,SHORT,SHORT,False,2026-10-02 16:00:00,2026-10-02T16:00:51.997482Z,86255.0,85289.0,-966.0,2026-10-03 00:00:00,2026-10-03T00:01:47.604615Z,84369.0,86342.39199999999,1973.39,169.11,-105.3392,-274.45,False,False
2026-10-03T22:05:30.142243+00:00,s4v3,2026-10-03,SHORT,SHORT,False,2026-10-03 08:00:00,2026-10-03T08:00:34.186427Z,84507.0,84752.6,245.6,2026-10-03 12:00:00,2026-10-03T12:03:23.670685Z,84599.0,86572.735,1973.74,-28.5,-182.0135,-153.51,False,False
2026-10-03T22:07:02.680497+00:00,s4v3,2026-10-03,SHORT,SHORT,False,2026-10-02 16:00:00,2026-10-02T16:00:51.997482Z,86255.0,85289.0,-966.0,2026-10-03 00:00:00,2026-10-03T00:01:47.604615Z,84369.0,86342.39199999999,1973.39,169.11,-105.3392,-274.45,False,False
2026-10-03T22:07:02.680497+00:00,s4v3,2026-10-03,SHORT,SHORT,False,2026-10-03 08:00:00,2026-10-03T08:00:34.186427Z,84507.0,84752.6,245.6,2026-10-03 12:00:00,2026-10-03T12:03:23.670685Z,84599.0,86572.735,1973.74,-28.5,-182.0135,-153.51,False,False
2026-10-03T22:12:08.925010+00:00,s4v3,2026-10-03,SHORT,SHORT,False,2026-10-02 16:00:00,2026-10-02T16:00:51.997482Z,86255.0,85289.0,-966.0,2026-10-03 00:00:00,2026-10-03T00:01:47.604615Z,84369.0,86342.39199999999,1973.39,169.11,-105.3392,-274.45,False,False
2026-10-03T22:12:08.925010+00:00,s4v3,2026-10-03,SHORT,SHORT,False,2026-10-03 08:00:00,2026-10-03T08:00:34.186427Z,84507.0,84752.6,245.6,2026-10-03 12:00:00,2026-10-03T12:03:23.670685Z,84599.0,86572.735,1973.74,-28.5,-182.0135,-153.51,False,False
