2024-01-16T08:00:00,2024-01-24T04:00:00,short,100,45545,39151
2024-01-24T04:00:00,2024-01-29T06:00:00,long,100,39151,42049
2024-01-29T06:00:00,2024-01-29T12:00:00,short,100,42049,42187
2024-01-29T12:00:00,2024-01-31T06:00:00,long,100,42371,43245
2024-01-31T06:00:00,2024-02-01T14:00:00,short,100,43245,42371
2024-02-01T14:00:00,2024-02-02T08:00:00,long,100,42371,42969
2024-02-02T08:00:00,2024-02-02T10:00:00,short,100,42969,43107
2024-02-02T10:00:00,2024-02-02T12:00:00,long,100,43199,43061
2024-02-02T12:00:00,2024-02-02T14:00:00,short,100,43061,42785
2024-02-02T14:00:00,2024-02-02T16:00:00,long,100,42785,43107
2024-02-02T16:00:00,2024-02-02T18:00:00,short,100,43107,43061
2024-02-02T18:00:00,2024-02-02T20:00:00,long,100,43107,42969
2024-02-02T20:00:00,2024-02-02T22:00:00,short,100,42969,43153
2024-02-02T22:00:00,2024-02-03T06:00:00,long,100,43153,43107
2024-02-03T06:00:00,2024-02-03T14:00:00,short,100,43107,43153
2024-02-03T14:00:00,2024-02-03T18:00:00,long,100,43153,43061
2024-02-03T18:00:00,2024-02-04T10:00:00,short,100,43061,43015
2024-02-04T10:00:00,2024-02-04T12:00:00,long,100,43015,42969
2024-02-04T12:00:00,2024-02-04T20:00:00,short,100,42969,42785
2024-02-04T20:00:00,2024-02-04T22:00:00,long,100,42785,42647
2024-02-04T22:00:00,2024-02-05T02:00:00,short,100,42601,42693
2024-02-05T02:00:00,2024-02-05T14:00:00,long,100,42693,43291
2024-02-05T14:00:00,2024-02-05T16:00:00,short,100,43291,42739
2024-02-05T16:00:00,2024-02-05T20:00:00,long,100,42739,42601
2024-02-05T20:00:00,2024-02-05T22:00:00,short,100,42509,42509
2024-02-05T22:00:00,2024-02-06T10:00:00,long,100,42509,42831
2024-02-06T10:00:00,2024-02-06T14:00:00,short,100,42831,42969
2024-02-06T14:00:00,2024-02-06T16:00:00,long,100,43015,43153
2024-02-06T16:00:00,2024-02-06T18:00:00,short,100,43153,43291
2024-02-06T20:00:00,2024-02-07T04:00:00,short,100,43199,42969
2024-02-07T04:00:00,2024-02-07T06:00:00,long,100,42969,42923
2024-02-07T08:00:00,2024-02-07T10:00:00,long,100,43061,43061
2024-02-07T10:00:00,2024-02-07T12:00:00,short,100,43061,43061
2024-02-07T12:00:00,2024-02-08T06:00:00,long,100,43061,44487
2024-02-08T06:00:00,2024-02-08T08:00:00,short,100,44487,44625
2024-02-08T12:00:00,2024-02-08T16:00:00,long,100,44809,45269
2024-02-08T16:00:00,2024-02-08T18:00:00,short,100,45269,45177
2024-02-08T18:00:00,2024-02-09T14:00:00,long,100,45223,47293
2024-02-09T14:00:00,2024-02-09T16:00:00,short,100,47293,47293
2024-02-09T16:00:00,2024-02-09T18:00:00,long,100,47385,47523
2024-02-09T18:00:00,2024-02-10T00:00:00,short,100,47523,47293
2024-02-10T00:00:00,2024-02-10T06:00:00,long,100,47293,47247
2024-02-10T06:00:00,2024-02-10T12:00:00,short,100,47201,47247
2024-02-10T12:00:00,2024-02-10T16:00:00,long,100,47247,47201
2024-02-10T18:00:00,2024-02-10T22:00:00,long,100,47385,47799
2024-02-10T22:00:00,2024-02-11T02:00:00,short,100,47799,47799
2024-02-11T02:00:00,2024-02-11T04:00:00,long,100,47891,48443
2024-02-11T04:00:00,2024-02-11T10:00:00,short,100,48443,48305
2024-02-11T10:00:00,2024-02-11T12:00:00,long,100,48351,48305
2024-02-11T12:00:00,2024-02-11T16:00:00,short,100,48305,48213
2024-02-11T16:00:00,2024-02-11T20:00:00,long,100,48213,48213
2024-02-11T20:00:00,2024-02-11T22:00:00,short,100,48167,48259
2024-02-11T22:00:00,2024-02-12T02:00:00,long,100,48259,48351
2024-02-12T02:00:00,2024-02-12T14:00:00,short,100,48351,48029
2024-02-12T14:00:00,2024-02-12T16:00:00,long,100,48029,49869
2024-02-12T16:00:00,2024-02-12T20:00:00,short,100,49869,49731
2024-02-12T20:00:00,2024-02-13T02:00:00,long,100,49777,50007
2024-02-13T02:00:00,2024-02-13T04:00:00,short,100,50007,49915
2024-02-13T04:00:00,2024-02-13T06:00:00,long,100,49961,49961
2024-02-13T06:00:00,2024-02-13T08:00:00,short,100,49961,50099
2024-02-13T08:00:00,2024-02-13T10:00:00,long,100,50099,50099
2024-02-13T10:00:00,2024-02-13T16:00:00,short,100,50099,48903
2024-02-13T16:00:00,2024-02-14T00:00:00,long,100,48903,49547
2024-02-14T00:00:00,2024-02-14T02:00:00,short,100,49547,49547
2024-02-14T06:00:00,2024-02-14T14:00:00,long,100,49639,51663
2024-02-14T14:00:00,2024-02-14T16:00:00,short,100,51663,51709
2024-02-15T00:00:00,2024-02-15T04:00:00,long,100,51847,52215
2024-02-15T04:00:00,2024-02-15T08:00:00,short,100,52215,51939
2024-02-15T08:00:00,2024-02-15T14:00:00,long,100,51939,52169
2024-02-15T14:00:00,2024-02-15T18:00:00,short,100,52169,52031
2024-02-15T18:00:00,2024-02-15T20:00:00,long,100,52031,51939
2024-02-15T20:00:00,2024-02-15T22:00:00,short,100,51939,51479
2024-02-15T22:00:00,2024-02-16T04:00:00,long,100,51479,52123
2024-02-16T04:00:00,2024-02-16T10:00:00,short,100,52123,51939
2024-02-16T10:00:00,2024-02-16T14:00:00,long,100,51985,52307
2024-02-16T14:00:00,2024-02-16T16:00:00,short,100,52307,52031
2024-02-16T16:00:00,2024-02-16T18:00:00,long,100,52031,51893
2024-02-16T18:00:00,2024-02-16T20:00:00,short,100,51893,51847
2024-02-16T20:00:00,2024-02-17T00:00:00,long,100,51847,51985
2024-02-17T06:00:00,2024-02-17T16:00:00,short,100,51939,51157
2024-02-17T16:00:00,2024-02-17T22:00:00,long,100,51157,51663
2024-02-17T22:00:00,2024-02-18T04:00:00,short,100,51663,51617
2024-02-18T04:00:00,2024-02-18T10:00:00,long,100,51663,51801
2024-02-18T10:00:00,2024-02-18T14:00:00,short,100,51801,51801
2024-02-18T16:00:00,2024-02-19T08:00:00,long,100,51847,52261
2024-02-19T08:00:00,2024-02-19T10:00:00,short,100,52261,52399
2024-02-19T18:00:00,2024-02-20T14:00:00,short,100,52215,52077
2024-02-20T14:00:00,2024-02-20T18:00:00,long,100,52077,52169
2024-02-20T18:00:00,2024-02-21T04:00:00,short,100,52169,51571
2024-02-21T04:00:00,2024-02-21T06:00:00,long,100,51571,51847
2024-02-21T06:00:00,2024-02-21T12:00:00,short,100,51847,51157
2024-02-21T12:00:00,2024-02-21T16:00:00,long,100,51157,51065
2024-02-21T16:00:00,2024-02-21T18:00:00,short,100,50927,51065
2024-02-21T18:00:00,2024-02-22T00:00:00,long,100,51065,51709
2024-02-22T00:00:00,2024-02-22T02:00:00,short,100,51709,51341
2024-02-22T02:00:00,2024-02-22T10:00:00,long,100,51341,51801
2024-02-22T10:00:00,2024-02-22T14:00:00,short,100,51801,51341
2024-02-22T14:00:00,2024-02-22T18:00:00,long,100,51341,51571
2024-02-22T18:00:00,2024-02-22T20:00:00,short,100,51571,51663
2024-02-22T20:00:00,2024-02-22T22:00:00,long,100,51663,51571
2024-02-22T22:00:00,2024-02-23T04:00:00,short,100,51571,51249
2024-02-23T04:00:00,2024-02-23T06:00:00,long,100,51249,51111
2024-02-23T06:00:00,2024-02-23T08:00:00,short,100,51065,51019
2024-02-23T08:00:00,2024-02-23T12:00:00,long,100,51019,51065
2024-02-23T14:00:00,2024-02-23T16:00:00,short,100,51019,51111
2024-02-23T16:00:00,2024-02-23T20:00:00,long,100,51111,51019
2024-02-23T20:00:00,2024-02-24T02:00:00,short,100,51019,50789
2024-02-24T02:00:00,2024-02-25T14:00:00,long,100,50789,51571
2024-02-25T14:00:00,2024-02-25T18:00:00,short,100,51571,51663
2024-02-26T00:00:00,2024-02-26T04:00:00,short,100,51617,51617
2024-02-26T06:00:00,2024-02-26T10:00:00,short,100,51479,51111
2024-02-26T10:00:00,2024-02-26T22:00:00,long,100,51111,54515
2024-02-26T22:00:00,2024-02-27T00:00:00,short,100,54515,54607
2024-02-27T00:00:00,2024-02-27T02:00:00,long,100,54745,55757
2024-02-27T02:00:00,2024-02-27T04:00:00,short,100,55757,55803
2024-02-27T04:00:00,2024-02-27T14:00:00,long,100,55941,56953
2024-02-27T14:00:00,2024-02-27T18:00:00,short,100,56953,56861
2024-02-27T18:00:00,2024-02-27T20:00:00,long,100,56907,57229
2024-02-27T20:00:00,2024-02-27T22:00:00,short,100,57229,56815
2024-02-27T22:00:00,2024-02-28T00:00:00,long,100,56815,56953
2024-02-28T00:00:00,2024-02-28T02:00:00,short,100,56907,56907
2024-02-28T02:00:00,2024-02-28T10:00:00,long,100,56907,59161
2024-02-28T10:00:00,2024-02-28T12:00:00,short,100,59161,59115
2024-02-28T12:00:00,2024-02-28T18:00:00,long,100,59207,61369
2024-02-28T18:00:00,2024-02-28T22:00:00,short,100,61369,60725
2024-02-28T22:00:00,2024-02-29T00:00:00,long,100,60725,62335
2024-02-29T00:00:00,2024-02-29T02:00:00,short,100,62335,61553
2024-02-29T02:00:00,2024-02-29T14:00:00,long,100,61553,62841
2024-02-29T14:00:00,2024-02-29T18:00:00,short,100,62841,61139
2024-02-29T18:00:00,2024-02-29T20:00:00,long,100,61139,61507
2024-02-29T20:00:00,2024-03-01T04:00:00,short,100,61507,61323
2024-03-01T04:00:00,2024-03-01T10:00:00,long,100,61323,62013
2024-03-01T10:00:00,2024-03-01T12:00:00,short,100,62013,62013
2024-03-01T12:00:00,2024-03-01T14:00:00,long,100,62105,62381
2024-03-01T14:00:00,2024-03-01T16:00:00,short,100,62381,61415
2024-03-01T16:00:00,2024-03-01T22:00:00,long,100,61415,62381
2024-03-01T22:00:00,2024-03-02T02:00:00,short,100,62381,62243
2024-03-02T02:00:00,2024-03-02T04:00:00,long,100,62289,62243
2024-03-02T04:00:00,2024-03-02T18:00:00,short,100,62243,61967
2024-03-02T18:00:00,2024-03-02T20:00:00,long,100,61967,62013
2024-03-02T20:00:00,2024-03-03T08:00:00,short,100,61967,61783
2024-03-03T08:00:00,2024-03-03T14:00:00,long,100,61783,62243
2024-03-03T14:00:00,2024-03-03T16:00:00,short,100,62243,62289
2024-03-03T16:00:00,2024-03-04T04:00:00,long,100,62381,63393
2024-03-04T04:00:00,2024-03-04T06:00:00,short,100,63393,63531
2024-03-04T06:00:00,2024-03-04T12:00:00,long,100,63715,65187
2024-03-04T12:00:00,2024-03-04T14:00:00,short,100,65187,65233
2024-03-04T14:00:00,2024-03-05T02:00:00,long,100,65371,68453
2024-03-05T02:00:00,2024-03-05T08:00:00,short,100,68453,66429
2024-03-05T08:00:00,2024-03-05T14:00:00,long,100,66429,67671
2024-03-05T14:00:00,2024-03-05T20:00:00,short,100,67671,61691
2024-03-05T20:00:00,2024-03-06T00:00:00,long,100,61691,63623
2024-03-06T00:00:00,2024-03-06T02:00:00,short,100,63623,63255
2024-03-06T02:00:00,2024-03-06T08:00:00,long,100,63255,66521
2024-03-06T08:00:00,2024-03-06T10:00:00,short,100,66521,66291
2024-03-06T10:00:00,2024-03-06T12:00:00,long,100,66337,67165
2024-03-06T12:00:00,2024-03-06T14:00:00,short,100,67165,66475
2024-03-06T14:00:00,2024-03-06T18:00:00,long,100,66475,67211
2024-03-06T18:00:00,2024-03-07T00:00:00,short,100,67211,66199
2024-03-07T00:00:00,2024-03-07T02:00:00,long,100,66199,66337
2024-03-07T02:00:00,2024-03-07T06:00:00,short,100,66291,66015
2024-03-07T06:00:00,2024-03-07T20:00:00,long,100,66015,67441
2024-03-07T20:00:00,2024-03-08T02:00:00,short,100,67441,67027
2024-03-08T02:00:00,2024-03-08T04:00:00,long,100,67027,67073
2024-03-08T04:00:00,2024-03-08T06:00:00,short,100,67027,67027
2024-03-08T06:00:00,2024-03-08T08:00:00,long,100,67027,67165
2024-03-08T08:00:00,2024-03-08T10:00:00,short,100,67165,67257
2024-03-08T10:00:00,2024-03-08T20:00:00,long,100,67257,68637
2024-03-08T20:00:00,2024-03-09T02:00:00,short,100,68637,68085
2024-03-09T02:00:00,2024-03-09T08:00:00,long,100,68085,68269
2024-03-09T12:00:00,2024-03-09T16:00:00,long,100,68407,68223
2024-03-09T16:00:00,2024-03-09T20:00:00,short,100,68223,68407
2024-03-09T20:00:00,2024-03-10T10:00:00,long,100,68407,69695
2024-03-10T10:00:00,2024-03-10T16:00:00,short,100,69695,69373
2024-03-10T16:00:00,2024-03-10T20:00:00,long,100,69373,69327
2024-03-10T20:00:00,2024-03-11T02:00:00,short,100,69281,68499
2024-03-11T02:00:00,2024-03-11T10:00:00,long,100,68499,71719
2024-03-11T10:00:00,2024-03-11T14:00:00,short,100,71719,71673
2024-03-11T14:00:00,2024-03-11T18:00:00,long,100,71765,72317
2024-03-11T18:00:00,2024-03-11T20:00:00,short,100,72317,72087
2024-03-11T20:00:00,2024-03-11T22:00:00,long,100,72087,72455
2024-03-11T22:00:00,2024-03-12T00:00:00,short,100,72455,72225
2024-03-12T00:00:00,2024-03-12T02:00:00,long,100,72225,72363
2024-03-12T02:00:00,2024-03-12T04:00:00,short,100,72363,71765
2024-03-12T04:00:00,2024-03-12T08:00:00,long,100,71765,71995
2024-03-12T08:00:00,2024-03-12T10:00:00,short,100,71995,72087
2024-03-12T10:00:00,2024-03-12T14:00:00,long,100,72087,72179
2024-03-12T14:00:00,2024-03-12T18:00:00,short,100,72179,71167
2024-03-12T18:00:00,2024-03-12T20:00:00,long,100,71167,71213
2024-03-12T20:00:00,2024-03-12T22:00:00,short,100,71121,71075
2024-03-12T22:00:00,2024-03-13T10:00:00,long,100,71075,73191
2024-03-13T10:00:00,2024-03-13T14:00:00,short,100,73191,72317
2024-03-13T14:00:00,2024-03-13T20:00:00,long,100,72317,73237
2024-03-13T20:00:00,2024-03-14T02:00:00,short,100,73237,73099
2024-03-14T02:00:00,2024-03-14T04:00:00,long,100,73145,73191
2024-03-14T04:00:00,2024-03-14T06:00:00,short,100,73191,73283
2024-03-14T06:00:00,2024-03-14T10:00:00,long,100,73283,73191
2024-03-14T10:00:00,2024-03-14T16:00:00,short,100,73191,71029
2024-03-14T16:00:00,2024-03-14T18:00:00,long,100,71029,70937
2024-03-14T18:00:00,2024-03-14T20:00:00,short,100,70799,69511
2024-03-14T20:00:00,2024-03-15T02:00:00,long,100,69511,71535
2024-03-15T02:00:00,2024-03-15T06:00:00,short,100,71535,67625
2024-03-15T06:00:00,2024-03-15T08:00:00,long,100,67625,68407
2024-03-15T08:00:00,2024-03-15T12:00:00,short,100,68407,67901
2024-03-15T12:00:00,2024-03-15T14:00:00,long,100,67901,68361
2024-03-15T14:00:00,2024-03-15T18:00:00,short,100,68361,68315
2024-03-15T18:00:00,2024-03-15T20:00:00,long,100,68361,68867
2024-03-15T20:00:00,2024-03-15T22:00:00,short,100,68867,68407
2024-03-15T22:00:00,2024-03-16T00:00:00,long,100,68407,69419
2024-03-16T00:00:00,2024-03-16T06:00:00,short,100,69419,69189
2024-03-16T06:00:00,2024-03-16T08:00:00,long,100,69189,69281
2024-03-16T08:00:00,2024-03-16T14:00:00,short,100,69281,67901
2024-03-16T14:00:00,2024-03-16T16:00:00,long,100,67901,68223
2024-03-16T16:00:00,2024-03-17T00:00:00,short,100,68223,65509
2024-03-17T00:00:00,2024-03-17T04:00:00,long,100,65509,66383
2024-03-17T04:00:00,2024-03-17T08:00:00,short,100,66383,65785
2024-03-17T08:00:00,2024-03-17T20:00:00,long,100,65785,68453
2024-03-17T20:00:00,2024-03-17T22:00:00,short,100,68453,68315
2024-03-17T22:00:00,2024-03-18T00:00:00,long,100,68361,68315
2024-03-18T00:00:00,2024-03-18T02:00:00,short,100,68315,67763
2024-03-18T02:00:00,2024-03-18T06:00:00,long,100,67763,68545
2024-03-18T06:00:00,2024-03-18T10:00:00,short,100,68545,68039
2024-03-18T10:00:00,2024-03-18T12:00:00,long,100,68039,68177
2024-03-18T12:00:00,2024-03-18T20:00:00,short,100,68131,67119
2024-03-18T20:00:00,2024-03-19T00:00:00,long,100,67119,67579
2024-03-19T00:00:00,2024-03-19T12:00:00,short,100,67579,63255
2024-03-19T12:00:00,2024-03-19T18:00:00,long,100,63255,64727
2024-03-19T18:00:00,2024-03-20T06:00:00,short,100,64727,61737
2024-03-20T06:00:00,2024-03-21T02:00:00,long,100,61737,67717
2024-03-21T02:00:00,2024-03-21T04:00:00,short,100,67717,66797
2024-03-21T04:00:00,2024-03-21T08:00:00,long,100,66797,66889
2024-03-21T08:00:00,2024-03-21T10:00:00,short,100,66843,66981
2024-03-21T10:00:00,2024-03-21T12:00:00,long,100,66981,66935
2024-03-21T12:00:00,2024-03-21T20:00:00,short,100,66935,65555
2024-03-21T20:00:00,2024-03-21T22:00:00,long,100,65555,65509
2024-03-22T00:00:00,2024-03-22T02:00:00,short,100,65371,65417
2024-03-22T02:00:00,2024-03-22T06:00:00,long,100,65417,66291
2024-03-22T06:00:00,2024-03-22T14:00:00,short,100,66291,63209
2024-03-22T14:00:00,2024-03-22T16:00:00,long,100,63209,63761
2024-03-22T16:00:00,2024-03-22T18:00:00,short,100,63761,63715
2024-03-22T18:00:00,2024-03-22T20:00:00,long,100,63761,63761
2024-03-22T20:00:00,2024-03-22T22:00:00,short,100,63761,63071
2024-03-22T22:00:00,2024-03-23T02:00:00,long,100,63071,63945
2024-03-23T02:00:00,2024-03-23T04:00:00,short,100,63945,63715
2024-03-23T04:00:00,2024-03-23T08:00:00,long,100,63715,64451
2024-03-23T08:00:00,2024-03-23T10:00:00,short,100,64451,64589
2024-03-23T14:00:00,2024-03-23T18:00:00,long,100,64727,65509
2024-03-23T18:00:00,2024-03-23T20:00:00,short,100,65509,65003
2024-03-23T20:00:00,2024-03-23T22:00:00,long,100,65003,64865
2024-03-23T22:00:00,2024-03-24T00:00:00,short,100,64773,64129
2024-03-24T00:00:00,2024-03-24T02:00:00,long,100,64129,64405
2024-03-24T02:00:00,2024-03-24T04:00:00,short,100,64405,64083
2024-03-24T04:00:00,2024-03-24T16:00:00,long,100,64083,65509
2024-03-24T16:00:00,2024-03-24T18:00:00,short,100,65509,65463
2024-03-24T18:00:00,2024-03-25T00:00:00,long,100,65555,67073
2024-03-25T00:00:00,2024-03-25T02:00:00,short,100,67073,66705
2024-03-25T02:00:00,2024-03-25T06:00:00,long,100,66705,67257
2024-03-25T06:00:00,2024-03-25T08:00:00,short,100,67257,66935
2024-03-25T08:00:00,2024-03-25T10:00:00,long,100,66935,66981
2024-03-25T10:00:00,2024-03-25T12:00:00,short,100,66935,66935
2024-03-25T12:00:00,2024-03-25T20:00:00,long,100,66935,70845
2024-03-25T20:00:00,2024-03-26T00:00:00,short,100,70845,70017
2024-03-26T00:00:00,2024-03-26T04:00:00,long,100,70017,70293
2024-03-26T04:00:00,2024-03-26T06:00:00,short,100,70293,70431
2024-03-26T06:00:00,2024-03-26T10:00:00,long,100,70431,71029
2024-03-26T10:00:00,2024-03-26T20:00:00,short,100,71029,69649
2024-03-26T20:00:00,2024-03-27T06:00:00,long,100,69649,70339
2024-03-27T06:00:00,2024-03-27T08:00:00,short,100,70339,69879
2024-03-27T08:00:00,2024-03-27T12:00:00,long,100,69879,70063
2024-03-27T12:00:00,2024-03-27T20:00:00,short,100,70063,68821
2024-03-27T20:00:00,2024-03-28T02:00:00,long,100,68821,69373
2024-03-28T02:00:00,2024-03-28T04:00:00,short,100,69373,69465
2024-03-28T04:00:00,2024-03-28T16:00:00,long,100,69557,71121
2024-03-28T16:00:00,2024-03-29T10:00:00,short,100,71121,69925
2024-03-29T10:00:00,2024-03-29T14:00:00,long,100,69925,70293
2024-03-29T14:00:00,2024-03-29T16:00:00,short,100,70293,69327
2024-03-29T16:00:00,2024-03-29T20:00:00,long,100,69327,69557
2024-03-29T20:00:00,2024-03-29T22:00:00,short,100,69557,69649
2024-03-29T22:00:00,2024-03-30T02:00:00,long,100,69649,69879
2024-03-30T02:00:00,2024-03-30T04:00:00,short,100,69879,69925
2024-03-30T04:00:00,2024-03-30T06:00:00,long,100,70017,69925
2024-03-30T06:00:00,2024-03-30T08:00:00,short,100,69925,69971
2024-03-30T08:00:00,2024-03-30T14:00:00,long,100,70017,70063
2024-03-30T14:00:00,2024-03-31T00:00:00,short,100,70063,69787
2024-03-31T00:00:00,2024-03-31T02:00:00,long,100,69787,70017
2024-03-31T02:00:00,2024-03-31T04:00:00,short,100,70017,70063
2024-03-31T04:00:00,2024-03-31T08:00:00,long,100,70109,70247
2024-03-31T08:00:00,2024-03-31T10:00:00,short,100,70247,70385
2024-03-31T10:00:00,2024-03-31T14:00:00,long,100,70431,70477
2024-03-31T14:00:00,2024-03-31T16:00:00,short,100,70477,70523
2024-03-31T16:00:00,2024-03-31T20:00:00,long,100,70569,70937
2024-03-31T20:00:00,2024-03-31T22:00:00,short,100,70937,71029
2024-03-31T22:00:00,2024-04-01T00:00:00,long,100,71121,71213
2024-04-01T00:00:00,2024-04-01T06:00:00,short,100,71213,69327
2024-04-01T06:00:00,2024-04-01T08:00:00,long,100,69327,69465
2024-04-01T08:00:00,2024-04-01T10:00:00,short,100,69419,69511
2024-04-01T10:00:00,2024-04-01T14:00:00,long,100,69511,69741
2024-04-01T14:00:00,2024-04-01T16:00:00,short,100,69741,68361
2024-04-01T16:00:00,2024-04-02T00:00:00,long,100,68361,69557
2024-04-02T00:00:00,2024-04-02T16:00:00,short,100,69557,65049
2024-04-02T16:00:00,2024-04-02T20:00:00,long,100,65049,65785
2024-04-02T20:00:00,2024-04-03T00:00:00,short,100,65785,65647
2024-04-03T00:00:00,2024-04-03T04:00:00,long,100,65693,66107
2024-04-03T04:00:00,2024-04-03T08:00:00,short,100,66107,66199
2024-04-03T08:00:00,2024-04-03T10:00:00,long,100,66291,66383
2024-04-03T10:00:00,2024-04-03T16:00:00,short,100,66383,65969
2024-04-03T16:00:00,2024-04-03T18:00:00,long,100,65969,65877
2024-04-03T18:00:00,2024-04-03T20:00:00,short,100,65785,65877
2024-04-03T20:00:00,2024-04-04T02:00:00,long,100,65877,66015
2024-04-04T02:00:00,2024-04-04T06:00:00,short,100,66015,65739
2024-04-04T06:00:00,2024-04-04T18:00:00,long,100,65739,68729
2024-04-04T18:00:00,2024-04-04T22:00:00,short,100,68729,67993
2024-04-04T22:00:00,2024-04-05T00:00:00,long,100,67993,68407
2024-04-05T00:00:00,2024-04-05T12:00:00,short,100,68407,66659
2024-04-05T12:00:00,2024-04-05T16:00:00,long,100,66659,68039
2024-04-05T16:00:00,2024-04-05T22:00:00,short,100,68039,67579
2024-04-05T22:00:00,2024-04-06T00:00:00,long,100,67579,67717
2024-04-06T00:00:00,2024-04-06T02:00:00,short,100,67671,67809
2024-04-06T02:00:00,2024-04-06T08:00:00,long,100,67809,67901
2024-04-06T08:00:00,2024-04-06T14:00:00,short,100,67901,67855
2024-04-06T14:00:00,2024-04-07T02:00:00,long,100,67901,69419
2024-04-07T02:00:00,2024-04-07T14:00:00,short,100,69419,69465
2024-04-07T14:00:00,2024-04-07T18:00:00,long,100,69603,69649
2024-04-07T18:00:00,2024-04-07T22:00:00,short,100,69649,69189
2024-04-07T22:00:00,2024-04-08T12:00:00,long,100,69189,72271
2024-04-08T12:00:00,2024-04-09T10:00:00,short,100,72271,70569
2024-04-09T10:00:00,2024-04-09T12:00:00,long,100,70569,70707
2024-04-09T12:00:00,2024-04-09T18:00:00,short,100,70661,69005
2024-04-09T18:00:00,2024-04-10T08:00:00,long,100,69005,69189
2024-04-10T08:00:00,2024-04-10T14:00:00,short,100,69143,68407
2024-04-10T14:00:00,2024-04-11T04:00:00,long,100,68407,70707
2024-04-11T04:00:00,2024-04-11T06:00:00,short,100,70707,70753
2024-04-11T08:00:00,2024-04-11T12:00:00,short,100,70661,70201
2024-04-11T12:00:00,2024-04-11T14:00:00,long,100,70201,70201
2024-04-11T14:00:00,2024-04-11T16:00:00,short,100,70109,70155
2024-04-11T16:00:00,2024-04-11T20:00:00,long,100,70155,70339
2024-04-11T20:00:00,2024-04-12T00:00:00,short,100,70339,70201
2024-04-12T00:00:00,2024-04-12T06:00:00,long,100,70201,70845
2024-04-12T06:00:00,2024-04-12T10:00:00,short,100,70845,70845
2024-04-12T10:00:00,2024-04-12T12:00:00,long,100,70937,70799
2024-04-12T12:00:00,2024-04-12T20:00:00,short,100,70799,67027
2024-04-12T20:00:00,2024-04-13T00:00:00,long,100,67027,67027
2024-04-13T00:00:00,2024-04-13T02:00:00,short,100,66935,66015
2024-04-13T02:00:00,2024-04-13T16:00:00,long,100,66015,67533
2024-04-13T16:00:00,2024-04-13T22:00:00,short,100,67533,63117
2024-04-13T22:00:00,2024-04-14T00:00:00,long,100,63117,63853
2024-04-14T00:00:00,2024-04-14T04:00:00,short,100,63853,63623
2024-04-14T04:00:00,2024-04-14T08:00:00,long,100,63623,64313
2024-04-14T08:00:00,2024-04-14T12:00:00,short,100,64313,64267
2024-04-14T12:00:00,2024-04-14T14:00:00,long,100,64359,64313
2024-04-14T14:00:00,2024-04-14T18:00:00,short,100,64313,64083
2024-04-14T18:00:00,2024-04-14T20:00:00,long,100,64083,64037
2024-04-14T20:00:00,2024-04-14T22:00:00,short,100,63991,63807
2024-04-14T22:00:00,2024-04-15T00:00:00,long,100,63807,65555
2024-04-15T00:00:00,2024-04-15T04:00:00,short,100,65555,65325
2024-04-15T04:00:00,2024-04-15T10:00:00,long,100,65325,66429
2024-04-15T10:00:00,2024-04-15T22:00:00,short,100,66429,63439
2024-04-15T22:00:00,2024-04-16T00:00:00,long,100,63439,63301
2024-04-16T02:00:00,2024-04-16T06:00:00,short,100,63117,62887
2024-04-16T06:00:00,2024-04-16T08:00:00,long,100,62887,63393
2024-04-16T08:00:00,2024-04-16T16:00:00,short,100,63393,61921
2024-04-16T16:00:00,2024-04-16T22:00:00,long,100,61921,63853
2024-04-16T22:00:00,2024-04-17T00:00:00,short,100,63853,63899
2024-04-17T00:00:00,2024-04-17T02:00:00,long,100,64037,63899
2024-04-17T02:00:00,2024-04-17T04:00:00,short,100,63899,63945
2024-04-17T06:00:00,2024-04-17T16:00:00,short,100,63761,60449
2024-04-17T16:00:00,2024-04-17T18:00:00,long,100,60449,61139
2024-04-17T18:00:00,2024-04-17T20:00:00,short,100,61139,61139
2024-04-17T20:00:00,2024-04-18T04:00:00,long,100,61231,61829
2024-04-18T04:00:00,2024-04-18T06:00:00,short,100,61829,61185
2024-04-18T06:00:00,2024-04-18T16:00:00,long,100,61185,63347
2024-04-18T16:00:00,2024-04-18T18:00:00,short,100,63347,62979
2024-04-18T18:00:00,2024-04-19T00:00:00,long,100,62979,63393
2024-04-19T00:00:00,2024-04-19T02:00:00,short,100,63393,61139
2024-04-19T02:00:00,2024-04-19T14:00:00,long,100,61139,64727
2024-04-19T14:00:00,2024-04-19T16:00:00,short,100,64727,64589
2024-04-19T16:00:00,2024-04-19T18:00:00,long,100,64635,64543
2024-04-19T18:00:00,2024-04-19T20:00:00,short,100,64543,64451
2024-04-19T20:00:00,2024-04-19T22:00:00,long,100,64451,64313
2024-04-19T22:00:00,2024-04-20T02:00:00,short,100,64313,63853
2024-04-20T02:00:00,2024-04-20T06:00:00,long,100,63853,63991
2024-04-20T06:00:00,2024-04-20T12:00:00,short,100,63945,63807
2024-04-20T12:00:00,2024-04-20T18:00:00,long,100,63807,65049
2024-04-20T18:00:00,2024-04-20T22:00:00,short,100,65049,64911
2024-04-20T22:00:00,2024-04-21T04:00:00,long,100,64957,65049
2024-04-21T04:00:00,2024-04-21T06:00:00,short,100,65049,65141
2024-04-21T06:00:00,2024-04-21T08:00:00,long,100,65187,65049
2024-04-21T08:00:00,2024-04-21T10:00:00,short,100,65049,65003
2024-04-21T10:00:00,2024-04-21T12:00:00,long,100,65003,65141
2024-04-21T12:00:00,2024-04-21T14:00:00,short,100,65141,65003
2024-04-21T14:00:00,2024-04-21T16:00:00,long,100,65003,64957
2024-04-21T16:00:00,2024-04-21T22:00:00,short,100,64957,64727
2024-04-21T22:00:00,2024-04-22T00:00:00,long,100,64727,64819
2024-04-22T00:00:00,2024-04-22T02:00:00,short,100,64773,64773
2024-04-22T02:00:00,2024-04-22T06:00:00,long,100,64773,66245
2024-04-22T06:00:00,2024-04-22T12:00:00,short,100,66245,66061
2024-04-22T12:00:00,2024-04-22T14:00:00,long,100,66107,66015
2024-04-22T14:00:00,2024-04-22T16:00:00,short,100,66015,66107
2024-04-22T16:00:00,2024-04-23T02:00:00,long,100,66107,66659
2024-04-23T02:00:00,2024-04-23T12:00:00,short,100,66659,66245
2024-04-23T12:00:00,2024-04-23T14:00:00,long,100,66245,66383
2024-04-23T16:00:00,2024-04-23T18:00:00,long,100,66521,66659
2024-04-23T18:00:00,2024-04-24T00:00:00,short,100,66659,66521
2024-04-24T00:00:00,2024-04-24T02:00:00,long,100,66567,66613
2024-04-24T02:00:00,2024-04-24T04:00:00,short,100,66613,66751
2024-04-24T04:00:00,2024-04-24T08:00:00,long,100,66751,66567
2024-04-24T08:00:00,2024-04-24T10:00:00,short,100,66567,66521
2024-04-24T10:00:00,2024-04-24T12:00:00,long,100,66521,66475
2024-04-24T12:00:00,2024-04-24T16:00:00,short,100,66475,64819
2024-04-24T16:00:00,2024-04-24T18:00:00,long,100,64819,64773
2024-04-24T18:00:00,2024-04-24T20:00:00,short,100,64635,64129
2024-04-24T20:00:00,2024-04-24T22:00:00,long,100,64129,64313
2024-04-25T00:00:00,2024-04-25T02:00:00,short,100,64267,64267
2024-04-25T02:00:00,2024-04-25T06:00:00,long,100,64267,64175
2024-04-25T06:00:00,2024-04-25T14:00:00,short,100,64175,63623
2024-04-25T14:00:00,2024-04-25T22:00:00,long,100,63623,64589
2024-04-25T22:00:00,2024-04-26T08:00:00,short,100,64589,64405
2024-04-26T08:00:00,2024-04-26T10:00:00,long,100,64451,64405
2024-04-26T10:00:00,2024-04-26T12:00:00,short,100,64405,64359
2024-04-26T12:00:00,2024-04-26T14:00:00,long,100,64359,64405
2024-04-26T14:00:00,2024-04-26T16:00:00,short,100,64405,63623
2024-04-26T16:00:00,2024-04-26T18:00:00,long,100,63623,63899
2024-04-26T18:00:00,2024-04-26T20:00:00,short,100,63899,63853
2024-04-26T20:00:00,2024-04-26T22:00:00,long,100,63899,63945
2024-04-26T22:00:00,2024-04-27T02:00:00,short,100,63945,62795
2024-04-27T02:00:00,2024-04-27T04:00:00,long,100,62795,62979
2024-04-27T10:00:00,2024-04-27T12:00:00,short,100,62933,63025
2024-04-27T12:00:00,2024-04-27T14:00:00,long,100,63025,63117
2024-04-27T14:00:00,2024-04-27T16:00:00,short,100,63117,63071
2024-04-27T16:00:00,2024-04-27T20:00:00,long,100,63117,63301
2024-04-27T20:00:00,2024-04-27T22:00:00,short,100,63301,63439
2024-04-27T22:00:00,2024-04-28T06:00:00,long,100,63485,63899
2024-04-28T06:00:00,2024-04-28T12:00:00,short,100,63899,63669
2024-04-28T12:00:00,2024-04-28T14:00:00,long,100,63669,63669
2024-04-28T14:00:00,2024-04-28T16:00:00,short,100,63623,63669
2024-04-28T16:00:00,2024-04-28T20:00:00,long,100,63669,63669
2024-04-28T20:00:00,2024-04-29T04:00:00,short,100,63669,62427
2024-04-29T04:00:00,2024-04-29T10:00:00,long,100,62427,62381
2024-04-29T12:00:00,2024-04-29T14:00:00,short,100,62243,62197
2024-04-29T14:00:00,2024-04-30T00:00:00,long,100,62197,63715
2024-04-30T00:00:00,2024-04-30T20:00:00,short,100,63715,59483
2024-04-30T20:00:00,2024-05-01T00:00:00,long,100,59483,60541
2024-05-01T00:00:00,2024-05-01T10:00:00,short,100,60541,57275
2024-05-01T10:00:00,2024-05-01T12:00:00,long,100,57275,57781
2024-05-01T12:00:00,2024-05-01T16:00:00,short,100,57781,57045
2024-05-01T16:00:00,2024-05-01T18:00:00,long,100,57045,57321
2024-05-01T18:00:00,2024-05-01T20:00:00,short,100,57321,57091
2024-05-01T20:00:00,2024-05-02T00:00:00,long,100,57091,58195
2024-05-02T00:00:00,2024-05-02T02:00:00,short,100,58195,57229
2024-05-02T02:00:00,2024-05-02T20:00:00,long,100,57229,59207
2024-05-02T20:00:00,2024-05-03T00:00:00,short,100,59207,59207
2024-05-03T00:00:00,2024-05-03T04:00:00,long,100,59299,59575
2024-05-03T04:00:00,2024-05-03T08:00:00,short,100,59575,59345
2024-05-03T08:00:00,2024-05-03T10:00:00,long,100,59345,59345
2024-05-03T10:00:00,2024-05-03T12:00:00,short,100,59299,59437
2024-05-03T12:00:00,2024-05-04T02:00:00,long,100,59437,62703
2024-05-04T02:00:00,2024-05-04T04:00:00,short,100,62703,62841
2024-05-04T04:00:00,2024-05-04T06:00:00,long,100,63025,63301
2024-05-04T06:00:00,2024-05-04T08:00:00,short,100,63301,63071
2024-05-04T08:00:00,2024-05-04T12:00:00,long,100,63071,63715
2024-05-04T12:00:00,2024-05-04T18:00:00,short,100,63715,63623
2024-05-04T18:00:00,2024-05-05T00:00:00,long,100,63669,63807
2024-05-05T00:00:00,2024-05-05T06:00:00,short,100,63807,63393
2024-05-05T06:00:00,2024-05-05T08:00:00,long,100,63393,63669
2024-05-05T08:00:00,2024-05-05T10:00:00,short,100,63669,63807
2024-05-05T10:00:00,2024-05-05T16:00:00,long,100,63807,64267
2024-05-05T16:00:00,2024-05-05T22:00:00,short,100,64267,64037
2024-05-05T22:00:00,2024-05-06T02:00:00,long,100,64037,63991
2024-05-06T02:00:00,2024-05-06T04:00:00,short,100,63945,63991
2024-05-06T04:00:00,2024-05-06T10:00:00,long,100,63991,65003
2024-05-06T10:00:00,2024-05-06T20:00:00,short,100,65003,63347
2024-05-06T20:00:00,2024-05-06T22:00:00,long,100,63347,63439
2024-05-06T22:00:00,2024-05-07T00:00:00,short,100,63393,63301
2024-05-07T00:00:00,2024-05-07T02:00:00,long,100,63301,63807
2024-05-07T02:00:00,2024-05-07T04:00:00,short,100,63807,63347
2024-05-07T04:00:00,2024-05-07T10:00:00,long,100,63347,63991
2024-05-07T10:00:00,2024-05-07T14:00:00,short,100,63991,63393
2024-05-07T14:00:00,2024-05-07T16:00:00,long,100,63393,63623
2024-05-07T16:00:00,2024-05-08T00:00:00,short,100,63623,62519
2024-05-08T00:00:00,2024-05-08T04:00:00,long,100,62519,62749
2024-05-08T04:00:00,2024-05-08T12:00:00,short,100,62749,62381
2024-05-08T12:00:00,2024-05-08T14:00:00,long,100,62381,62335
2024-05-08T16:00:00,2024-05-08T18:00:00,long,100,62427,62519
2024-05-08T18:00:00,2024-05-09T00:00:00,short,100,62519,61369
2024-05-09T00:00:00,2024-05-09T06:00:00,long,100,61369,61507
2024-05-09T06:00:00,2024-05-09T12:00:00,short,100,61461,61231
2024-05-09T12:00:00,2024-05-09T16:00:00,long,100,61231,62013
2024-05-09T16:00:00,2024-05-09T18:00:00,short,100,62013,62059
2024-05-09T18:00:00,2024-05-10T00:00:00,long,100,62151,62933
2024-05-10T00:00:00,2024-05-10T06:00:00,short,100,62933,62933
2024-05-10T06:00:00,2024-05-10T12:00:00,long,100,63025,63163
2024-05-10T12:00:00,2024-05-10T18:00:00,short,100,63163,60587
2024-05-10T18:00:00,2024-05-11T02:00:00,long,100,60587,60725
2024-05-11T04:00:00,2024-05-11T10:00:00,long,100,60863,60863
2024-05-11T10:00:00,2024-05-11T12:00:00,short,100,60863,60817
2024-05-11T12:00:00,2024-05-11T20:00:00,long,100,60863,61047
2024-05-11T20:00:00,2024-05-12T04:00:00,short,100,61047,61001
2024-05-12T04:00:00,2024-05-12T06:00:00,long,100,61047,60955
2024-05-12T06:00:00,2024-05-12T08:00:00,short,100,60955,60955
2024-05-12T08:00:00,2024-05-12T18:00:00,long,100,60955,61461
2024-05-12T18:00:00,2024-05-12T22:00:00,short,100,61461,61415
2024-05-12T22:00:00,2024-05-13T00:00:00,long,100,61461,61369
2024-05-13T00:00:00,2024-05-13T06:00:00,short,100,61369,61047
2024-05-13T06:00:00,2024-05-13T10:00:00,long,100,61047,62933
2024-05-13T10:00:00,2024-05-13T12:00:00,short,100,62933,62841
2024-05-13T14:00:00,2024-05-13T16:00:00,long,100,62887,62887
2024-05-13T16:00:00,2024-05-13T18:00:00,short,100,62887,62933
2024-05-13T18:00:00,2024-05-13T20:00:00,long,100,62933,63071
2024-05-13T20:00:00,2024-05-14T04:00:00,short,100,63071,62703
2024-05-14T04:00:00,2024-05-14T06:00:00,long,100,62703,62611
2024-05-14T06:00:00,2024-05-14T18:00:00,short,100,62519,61507
2024-05-14T18:00:00,2024-05-14T22:00:00,long,100,61507,61553
2024-05-15T00:00:00,2024-05-15T10:00:00,long,100,61691,62519
2024-05-15T10:00:00,2024-05-15T12:00:00,short,100,62519,62611
2024-05-15T12:00:00,2024-05-15T20:00:00,long,100,62749,65877
2024-05-15T20:00:00,2024-05-15T22:00:00,short,100,65877,65969
2024-05-15T22:00:00,2024-05-16T00:00:00,long,100,66107,66107
2024-05-16T00:00:00,2024-05-16T06:00:00,short,100,66107,65969
2024-05-16T06:00:00,2024-05-16T12:00:00,long,100,66015,66383
2024-05-16T12:00:00,2024-05-16T18:00:00,short,100,66383,65187
2024-05-16T18:00:00,2024-05-16T22:00:00,long,100,65187,65325
2024-05-16T22:00:00,2024-05-17T00:00:00,short,100,65279,65371
2024-05-17T00:00:00,2024-05-17T10:00:00,long,100,65371,66245
2024-05-17T10:00:00,2024-05-17T14:00:00,short,100,66245,66107
2024-05-17T14:00:00,2024-05-17T16:00:00,long,100,66153,67073
2024-05-17T16:00:00,2024-05-17T18:00:00,short,100,67073,66843
2024-05-17T18:00:00,2024-05-17T20:00:00,long,100,66843,66935
2024-05-17T20:00:00,2024-05-17T22:00:00,short,100,66935,66981
2024-05-17T22:00:00,2024-05-18T00:00:00,long,100,66981,66935
2024-05-18T00:00:00,2024-05-18T08:00:00,short,100,66935,67027
2024-05-18T08:00:00,2024-05-18T12:00:00,long,100,67027,67027
2024-05-18T12:00:00,2024-05-18T18:00:00,short,100,67027,66981
2024-05-18T18:00:00,2024-05-19T08:00:00,long,100,66981,67165
2024-05-19T08:00:00,2024-05-19T10:00:00,short,100,67165,67303
2024-05-19T10:00:00,2024-05-19T12:00:00,long,100,67303,67211
2024-05-19T12:00:00,2024-05-19T20:00:00,short,100,67211,66245
2024-05-19T20:00:00,2024-05-20T06:00:00,long,100,66245,66981
2024-05-20T06:00:00,2024-05-20T08:00:00,short,100,66981,66935
2024-05-20T12:00:00,2024-05-20T20:00:00,long,100,67027,69925
2024-05-20T20:00:00,2024-05-20T22:00:00,short,100,69925,69833
2024-05-20T22:00:00,2024-05-21T00:00:00,long,100,69879,71397
2024-05-21T00:00:00,2024-05-21T02:00:00,short,100,71397,71259
2024-05-21T02:00:00,2024-05-21T04:00:00,long,100,71305,71213
2024-05-21T04:00:00,2024-05-21T08:00:00,short,100,71213,71075
2024-05-21T08:00:00,2024-05-21T12:00:00,long,100,71075,70983
2024-05-21T12:00:00,2024-05-21T20:00:00,short,100,70937,69465
2024-05-21T20:00:00,2024-05-22T02:00:00,long,100,69465,70017
2024-05-22T02:00:00,2024-05-22T08:00:00,short,100,70017,69925
2024-05-22T08:00:00,2024-05-22T10:00:00,long,100,69971,69925
2024-05-22T10:00:00,2024-05-22T14:00:00,short,100,69925,69787
2024-05-22T14:00:00,2024-05-22T16:00:00,long,100,69787,70385
2024-05-22T16:00:00,2024-05-23T00:00:00,short,100,70385,69373
2024-05-23T00:00:00,2024-05-23T12:00:00,long,100,69373,69833
2024-05-23T12:00:00,2024-05-23T20:00:00,short,100,69833,67395
2024-05-23T20:00:00,2024-05-24T00:00:00,long,100,67395,67809
2024-05-24T00:00:00,2024-05-24T02:00:00,short,100,67809,67855
2024-05-24T02:00:00,2024-05-24T04:00:00,long,100,67901,67763
2024-05-24T04:00:00,2024-05-24T08:00:00,short,100,67763,67349
2024-05-24T08:00:00,2024-05-24T12:00:00,long,100,67349,67303
2024-05-24T12:00:00,2024-05-24T14:00:00,short,100,67211,67211
2024-05-24T14:00:00,2024-05-24T20:00:00,long,100,67211,69005
2024-05-24T20:00:00,2024-05-25T02:00:00,short,100,69005,68729
2024-05-25T02:00:00,2024-05-25T14:00:00,long,100,68729,68959
2024-05-25T14:00:00,2024-05-25T16:00:00,short,100,68959,69051
2024-05-25T16:00:00,2024-05-26T00:00:00,long,100,69097,69143
2024-05-26T00:00:00,2024-05-26T06:00:00,short,100,69143,69281
2024-05-26T06:00:00,2024-05-26T08:00:00,long,100,69327,69235
2024-05-26T08:00:00,2024-05-26T18:00:00,short,100,69235,68959
2024-05-26T18:00:00,2024-05-26T20:00:00,long,100,68959,68821
2024-05-26T20:00:00,2024-05-27T00:00:00,short,100,68775,68591
2024-05-27T00:00:00,2024-05-27T02:00:00,long,100,68591,68959
2024-05-27T02:00:00,2024-05-27T12:00:00,short,100,68959,68637
2024-05-27T12:00:00,2024-05-27T16:00:00,long,100,68637,70247
2024-05-27T16:00:00,2024-05-27T20:00:00,short,100,70247,69465
2024-05-27T20:00:00,2024-05-27T22:00:00,long,100,69465,69741
2024-05-27T22:00:00,2024-05-28T08:00:00,short,100,69741,67855
2024-05-28T08:00:00,2024-05-28T12:00:00,long,100,67855,68223
2024-05-28T12:00:00,2024-05-28T14:00:00,short,100,68223,67901
2024-05-28T14:00:00,2024-05-28T16:00:00,long,100,67901,68269
2024-05-28T16:00:00,2024-05-28T18:00:00,short,100,68269,67901
2024-05-28T18:00:00,2024-05-28T22:00:00,long,100,67901,68361
2024-05-28T22:00:00,2024-05-29T00:00:00,short,100,68361,68499
2024-05-29T00:00:00,2024-05-29T04:00:00,long,100,68591,68683
2024-05-29T04:00:00,2024-05-29T12:00:00,short,100,68683,67947
2024-05-29T12:00:00,2024-05-29T14:00:00,long,100,67947,67809
2024-05-29T14:00:00,2024-05-29T16:00:00,short,100,67671,67533
2024-05-29T16:00:00,2024-05-29T18:00:00,long,100,67533,67487
2024-05-29T18:00:00,2024-05-29T20:00:00,short,100,67395,67395
2024-05-29T20:00:00,2024-05-30T06:00:00,long,100,67395,67993
2024-05-30T06:00:00,2024-05-30T08:00:00,short,100,67993,67717
2024-05-30T08:00:00,2024-05-30T18:00:00,long,100,67717,69189
2024-05-30T18:00:00,2024-05-31T02:00:00,short,100,69189,68545
2024-05-31T02:00:00,2024-05-31T04:00:00,long,100,68545,68453
2024-05-31T06:00:00,2024-05-31T10:00:00,short,100,68361,68131
2024-05-31T10:00:00,2024-05-31T12:00:00,long,100,68131,68269
2024-05-31T12:00:00,2024-05-31T16:00:00,short,100,68223,67395
2024-05-31T16:00:00,2024-05-31T22:00:00,long,100,67395,67533
2024-06-01T02:00:00,2024-06-01T06:00:00,long,100,67671,67625
2024-06-01T06:00:00,2024-06-02T10:00:00,short,100,67625,67671
2024-06-02T10:00:00,2024-06-02T12:00:00,long,100,67717,68177
2024-06-02T12:00:00,2024-06-03T00:00:00,short,100,68177,67901
2024-06-03T00:00:00,2024-06-03T02:00:00,long,100,67901,68407
2024-06-03T02:00:00,2024-06-03T04:00:00,short,100,68407,68545
2024-06-03T04:00:00,2024-06-03T14:00:00,long,100,68637,69649
2024-06-03T14:00:00,2024-06-04T00:00:00,short,100,69649,69005
2024-06-04T00:00:00,2024-06-04T04:00:00,long,100,69005,69143
2024-06-04T04:00:00,2024-06-04T10:00:00,short,100,69097,68913
2024-06-04T10:00:00,2024-06-04T18:00:00,long,100,68913,70431
2024-06-04T18:00:00,2024-06-04T20:00:00,short,100,70431,70569
2024-06-05T00:00:00,2024-06-05T08:00:00,long,100,70753,71075
2024-06-05T08:00:00,2024-06-05T10:00:00,short,100,71075,71029
2024-06-05T12:00:00,2024-06-05T14:00:00,short,100,70891,70845
2024-06-05T14:00:00,2024-06-05T18:00:00,long,100,70845,71489
2024-06-05T18:00:00,2024-06-06T06:00:00,short,100,71489,71075
2024-06-06T06:00:00,2024-06-06T16:00:00,long,100,71075,71167
2024-06-06T16:00:00,2024-06-06T20:00:00,short,100,71121,70661
2024-06-06T20:00:00,2024-06-07T06:00:00,long,100,70661,71167
2024-06-07T06:00:00,2024-06-07T08:00:00,short,100,71167,71259
2024-06-07T08:00:00,2024-06-07T12:00:00,long,100,71351,71581
2024-06-07T12:00:00,2024-06-08T00:00:00,short,100,71581,69419
2024-06-08T00:00:00,2024-06-08T04:00:00,long,100,69419,69373
2024-06-08T06:00:00,2024-06-08T08:00:00,long,100,69465,69465
2024-06-08T08:00:00,2024-06-09T12:00:00,short,100,69419,69465
2024-06-09T12:00:00,2024-06-10T04:00:00,long,100,69465,69557
2024-06-10T04:00:00,2024-06-10T08:00:00,short,100,69557,69465
2024-06-10T08:00:00,2024-06-10T18:00:00,long,100,69465,69879
2024-06-10T18:00:00,2024-06-10T20:00:00,short,100,69879,69603
2024-06-10T20:00:00,2024-06-11T00:00:00,long,100,69603,69465
2024-06-11T00:00:00,2024-06-11T16:00:00,short,100,69465,66429
2024-06-11T16:00:00,2024-06-12T00:00:00,long,100,66429,67257
2024-06-12T00:00:00,2024-06-12T02:00:00,short,100,67257,67303
2024-06-12T02:00:00,2024-06-12T04:00:00,long,100,67395,67303
2024-06-12T04:00:00,2024-06-12T06:00:00,short,100,67303,67395
2024-06-12T06:00:00,2024-06-12T18:00:00,long,100,67441,69649
2024-06-12T18:00:00,2024-06-12T20:00:00,short,100,69649,67671
2024-06-12T20:00:00,2024-06-12T22:00:00,long,100,67671,68407
2024-06-12T22:00:00,2024-06-13T06:00:00,short,100,68407,67671
2024-06-13T06:00:00,2024-06-13T08:00:00,long,100,67671,67625
2024-06-13T08:00:00,2024-06-13T10:00:00,short,100,67533,67533
2024-06-13T10:00:00,2024-06-13T12:00:00,long,100,67533,67625
2024-06-13T12:00:00,2024-06-13T16:00:00,short,100,67579,66659
2024-06-13T16:00:00,2024-06-13T18:00:00,long,100,66659,66843
2024-06-13T18:00:00,2024-06-13T20:00:00,short,100,66797,66751
2024-06-13T20:00:00,2024-06-13T22:00:00,long,100,66751,66889
2024-06-13T22:00:00,2024-06-14T04:00:00,short,100,66889,66935
2024-06-14T04:00:00,2024-06-14T06:00:00,long,100,66981,66935
2024-06-14T06:00:00,2024-06-14T10:00:00,short,100,66935,67027
2024-06-14T10:00:00,2024-06-14T14:00:00,long,100,67027,66935
2024-06-14T14:00:00,2024-06-14T20:00:00,short,100,66935,65601
2024-06-14T20:00:00,2024-06-14T22:00:00,long,100,65601,66107
2024-06-14T22:00:00,2024-06-15T02:00:00,short,100,66107,66153
2024-06-15T02:00:00,2024-06-15T06:00:00,long,100,66245,66153
2024-06-15T06:00:00,2024-06-15T08:00:00,short,100,66153,66199
2024-06-15T08:00:00,2024-06-15T18:00:00,long,100,66245,66199
2024-06-15T18:00:00,2024-06-16T04:00:00,short,100,66199,66291
2024-06-16T04:00:00,2024-06-16T16:00:00,long,100,66291,66613
2024-06-16T16:00:00,2024-06-16T22:00:00,short,100,66613,66705
2024-06-17T00:00:00,2024-06-17T04:00:00,short,100,66521,66383
2024-06-17T04:00:00,2024-06-17T06:00:00,long,100,66383,66245
2024-06-17T06:00:00,2024-06-17T14:00:00,short,100,66245,65371
2024-06-17T14:00:00,2024-06-17T22:00:00,long,100,65371,66521
2024-06-17T22:00:00,2024-06-18T02:00:00,short,100,66521,65325
2024-06-18T02:00:00,2024-06-18T08:00:00,long,100,65325,65555
2024-06-18T08:00:00,2024-06-18T20:00:00,short,100,65555,64635
2024-06-18T20:00:00,2024-06-19T00:00:00,long,100,64635,65095
2024-06-19T00:00:00,2024-06-19T02:00:00,short,100,65095,65187
2024-06-19T02:00:00,2024-06-19T06:00:00,long,100,65279,65325
2024-06-19T06:00:00,2024-06-19T16:00:00,short,100,65325,65095
2024-06-19T16:00:00,2024-06-19T18:00:00,long,100,65095,65003
2024-06-19T18:00:00,2024-06-19T20:00:00,short,100,64957,65003
2024-06-19T20:00:00,2024-06-20T08:00:00,long,100,65003,65693
2024-06-20T08:00:00,2024-06-20T10:00:00,short,100,65693,65831
2024-06-20T10:00:00,2024-06-20T12:00:00,long,100,65969,66061
2024-06-20T12:00:00,2024-06-20T16:00:00,short,100,66061,65003
2024-06-20T16:00:00,2024-06-20T22:00:00,long,100,65003,64911
2024-06-21T00:00:00,2024-06-21T02:00:00,long,100,65003,64819
2024-06-21T02:00:00,2024-06-21T04:00:00,short,100,64819,64635
2024-06-21T04:00:00,2024-06-21T06:00:00,long,100,64635,64589
2024-06-21T06:00:00,2024-06-21T18:00:00,short,100,64497,63807
2024-06-21T18:00:00,2024-06-21T20:00:00,long,100,63807,64129
2024-06-21T20:00:00,2024-06-22T02:00:00,short,100,64129,64221
2024-06-22T02:00:00,2024-06-22T08:00:00,long,100,64267,64359
2024-06-22T08:00:00,2024-06-23T00:00:00,short,100,64359,64451
2024-06-23T00:00:00,2024-06-23T04:00:00,long,100,64497,64359
2024-06-23T04:00:00,2024-06-24T06:00:00,short,100,64359,62473
2024-06-24T06:00:00,2024-06-24T08:00:00,long,100,62473,62335
2024-06-24T08:00:00,2024-06-24T12:00:00,short,100,62151,61461
2024-06-24T12:00:00,2024-06-24T14:00:00,long,100,61461,61461
2024-06-24T14:00:00,2024-06-24T20:00:00,short,100,61369,59529
2024-06-24T20:00:00,2024-06-25T04:00:00,long,100,59529,61139
2024-06-25T04:00:00,2024-06-25T08:00:00,short,100,61139,60863
2024-06-25T08:00:00,2024-06-25T10:00:00,long,100,60863,61369
2024-06-25T10:00:00,2024-06-25T14:00:00,short,100,61369,61277
2024-06-25T14:00:00,2024-06-25T16:00:00,long,100,61323,61645
2024-06-25T16:00:00,2024-06-25T18:00:00,short,100,61645,61461
2024-06-25T18:00:00,2024-06-25T20:00:00,long,100,61461,61875
2024-06-25T20:00:00,2024-06-26T00:00:00,short,100,61875,61967
2024-06-26T00:00:00,2024-06-26T02:00:00,long,100,62059,61967
2024-06-26T02:00:00,2024-06-26T06:00:00,short,100,61967,61691
2024-06-26T06:00:00,2024-06-26T08:00:00,long,100,61691,61599
2024-06-26T08:00:00,2024-06-26T12:00:00,short,100,61553,61507
2024-06-26T12:00:00,2024-06-26T14:00:00,long,100,61507,61645
2024-06-26T14:00:00,2024-06-27T00:00:00,short,100,61599,61047
2024-06-27T00:00:00,2024-06-27T04:00:00,long,100,61047,60955
2024-06-27T04:00:00,2024-06-27T08:00:00,short,100,60863,60909
2024-06-27T08:00:00,2024-06-27T10:00:00,long,100,60909,61185
2024-06-27T10:00:00,2024-06-27T12:00:00,short,100,61185,61323
2024-06-27T12:00:00,2024-06-27T14:00:00,long,100,61323,61875
2024-06-27T14:00:00,2024-06-27T16:00:00,short,100,61875,61691
2024-06-27T16:00:00,2024-06-27T18:00:00,long,100,61737,61737
2024-06-27T18:00:00,2024-06-27T20:00:00,short,100,61737,61553
2024-06-27T20:00:00,2024-06-28T02:00:00,long,100,61553,61921
2024-06-28T02:00:00,2024-06-28T08:00:00,short,100,61921,61507
2024-06-28T08:00:00,2024-06-28T12:00:00,long,100,61507,61507
2024-06-28T12:00:00,2024-06-28T20:00:00,short,100,61461,60311
2024-06-28T20:00:00,2024-06-29T02:00:00,long,100,60311,60771
2024-06-29T02:00:00,2024-06-29T06:00:00,short,100,60771,60909
2024-06-29T06:00:00,2024-06-29T08:00:00,long,100,61001,60955
2024-06-29T08:00:00,2024-06-29T10:00:00,short,100,60955,61093
2024-06-29T20:00:00,2024-06-30T06:00:00,short,100,61001,60955
2024-06-30T06:00:00,2024-07-01T02:00:00,long,100,61001,63485
2024-07-01T02:00:00,2024-07-01T14:00:00,short,100,63485,62841
2024-07-01T14:00:00,2024-07-01T18:00:00,long,100,62841,63531
2024-07-01T18:00:00,2024-07-02T02:00:00,short,100,63531,63071
2024-07-02T02:00:00,2024-07-02T04:00:00,long,100,63071,63025
2024-07-02T06:00:00,2024-07-02T10:00:00,short,100,62933,62795
2024-07-02T10:00:00,2024-07-02T12:00:00,long,100,62795,62749
2024-07-02T12:00:00,2024-07-02T16:00:00,short,100,62657,62105
2024-07-02T16:00:00,2024-07-02T18:00:00,long,100,62105,62059
2024-07-02T18:00:00,2024-07-02T22:00:00,short,100,61967,62059
2024-07-02T22:00:00,2024-07-03T00:00:00,long,100,62059,62013
2024-07-03T00:00:00,2024-07-03T04:00:00,short,100,61967,61139
2024-07-03T04:00:00,2024-07-03T06:00:00,long,100,61139,61001
2024-07-03T06:00:00,2024-07-03T12:00:00,short,100,60863,60587
2024-07-03T12:00:00,2024-07-03T14:00:00,long,100,60587,60495
2024-07-03T14:00:00,2024-07-03T16:00:00,short,100,60357,60311
2024-07-03T16:00:00,2024-07-03T18:00:00,long,100,60311,60265
2024-07-03T18:00:00,2024-07-03T20:00:00,short,100,60173,59805
2024-07-03T20:00:00,2024-07-04T00:00:00,long,100,59805,60127
2024-07-04T00:00:00,2024-07-04T02:00:00,short,100,60127,58701
2024-07-04T02:00:00,2024-07-04T04:00:00,long,100,58701,58977
2024-07-04T04:00:00,2024-07-04T14:00:00,short,100,58977,57597
2024-07-04T14:00:00,2024-07-04T22:00:00,long,100,57597,58333
2024-07-04T22:00:00,2024-07-05T00:00:00,short,100,58333,57183
2024-07-05T00:00:00,2024-07-05T02:00:00,long,100,57183,57045
2024-07-05T02:00:00,2024-07-05T08:00:00,short,100,56907,54561
2024-07-05T08:00:00,2024-07-05T16:00:00,long,100,54561,56493
2024-07-05T16:00:00,2024-07-05T20:00:00,short,100,56493,56539
2024-07-06T00:00:00,2024-07-06T02:00:00,short,100,56447,56309
2024-07-06T02:00:00,2024-07-07T00:00:00,long,100,56309,58103
2024-07-07T00:00:00,2024-07-07T08:00:00,short,100,58103,57505
2024-07-07T08:00:00,2024-07-07T10:00:00,long,100,57505,57597
2024-07-07T10:00:00,2024-07-07T16:00:00,short,100,57551,56999
2024-07-07T16:00:00,2024-07-07T18:00:00,long,100,56999,57137
2024-07-07T20:00:00,2024-07-08T02:00:00,short,100,57091,55113
2024-07-08T02:00:00,2024-07-08T10:00:00,long,100,55113,57367
2024-07-08T10:00:00,2024-07-08T12:00:00,short,100,57367,57275
2024-07-08T14:00:00,2024-07-08T16:00:00,short,100,57137,55895
2024-07-08T16:00:00,2024-07-09T00:00:00,long,100,55895,56539
2024-07-09T00:00:00,2024-07-09T02:00:00,short,100,56539,56677
2024-07-09T02:00:00,2024-07-09T06:00:00,long,100,56815,57137
2024-07-09T06:00:00,2024-07-09T08:00:00,short,100,57137,57229
2024-07-09T08:00:00,2024-07-09T10:00:00,long,100,57367,57459
2024-07-09T10:00:00,2024-07-09T14:00:00,short,100,57459,57505
2024-07-09T18:00:00,2024-07-10T00:00:00,long,100,57597,57873
2024-07-10T00:00:00,2024-07-10T02:00:00,short,100,57873,57919
2024-07-10T02:00:00,2024-07-10T06:00:00,long,100,58011,58931
2024-07-10T06:00:00,2024-07-10T22:00:00,short,100,58931,57551
2024-07-10T22:00:00,2024-07-11T02:00:00,long,100,57551,58103
2024-07-11T02:00:00,2024-07-11T04:00:00,short,100,58103,57689
2024-07-11T04:00:00,2024-07-11T12:00:00,long,100,57689,58609
2024-07-11T12:00:00,2024-07-11T16:00:00,short,100,58609,57551
2024-07-11T16:00:00,2024-07-11T18:00:00,long,100,57551,57689
2024-07-11T18:00:00,2024-07-12T04:00:00,short,100,57643,57045
2024-07-12T04:00:00,2024-07-12T08:00:00,long,100,57045,56953
2024-07-12T10:00:00,2024-07-12T18:00:00,long,100,57091,58057
2024-07-12T18:00:00,2024-07-12T22:00:00,short,100,58057,57689
2024-07-12T22:00:00,2024-07-13T02:00:00,long,100,57689,57781
2024-07-13T04:00:00,2024-07-13T10:00:00,long,100,57919,58517
2024-07-13T10:00:00,2024-07-13T12:00:00,short,100,58517,58655
2024-07-13T14:00:00,2024-07-13T18:00:00,long,100,58793,58655
2024-07-13T18:00:00,2024-07-13T22:00:00,short,100,58655,58747
2024-07-13T22:00:00,2024-07-14T02:00:00,long,100,58839,59529
2024-07-14T02:00:00,2024-07-14T04:00:00,short,100,59529,59575
2024-07-14T04:00:00,2024-07-14T06:00:00,long,100,59667,60127
2024-07-14T06:00:00,2024-07-14T08:00:00,short,100,60127,60173
2024-07-14T10:00:00,2024-07-14T14:00:00,short,100,60081,59851
2024-07-14T14:00:00,2024-07-14T18:00:00,long,100,59851,59943
2024-07-14T18:00:00,2024-07-14T20:00:00,short,100,59897,60035
2024-07-14T20:00:00,2024-07-14T22:00:00,long,100,60035,61139
2024-07-14T22:00:00,2024-07-15T00:00:00,short,100,61139,60909
2024-07-15T00:00:00,2024-07-15T08:00:00,long,100,60909,62657
2024-07-15T08:00:00,2024-07-15T12:00:00,short,100,62657,62611
2024-07-15T12:00:00,2024-07-16T04:00:00,long,100,62703,64681
2024-07-16T04:00:00,2024-07-16T08:00:00,short,100,64681,63071
2024-07-16T08:00:00,2024-07-16T12:00:00,long,100,63071,63577
2024-07-16T12:00:00,2024-07-16T14:00:00,short,100,63577,63531
2024-07-16T14:00:00,2024-07-16T16:00:00,long,100,63577,64727
2024-07-16T16:00:00,2024-07-16T18:00:00,short,100,64727,64635
2024-07-16T18:00:00,2024-07-16T20:00:00,long,100,64681,65049
2024-07-16T20:00:00,2024-07-16T22:00:00,short,100,65049,64589
2024-07-16T22:00:00,2024-07-17T06:00:00,long,100,64589,65509
2024-07-17T06:00:00,2024-07-17T08:00:00,short,100,65509,65371
2024-07-17T10:00:00,2024-07-17T12:00:00,short,100,65233,64819
2024-07-17T12:00:00,2024-07-17T14:00:00,long,100,64819,65003
2024-07-17T14:00:00,2024-07-17T18:00:00,short,100,64957,64451
2024-07-17T18:00:00,2024-07-17T20:00:00,long,100,64451,64451
2024-07-17T20:00:00,2024-07-18T00:00:00,short,100,64359,64267
2024-07-18T00:00:00,2024-07-18T04:00:00,long,100,64267,64727
2024-07-18T04:00:00,2024-07-18T08:00:00,short,100,64727,64819
2024-07-18T10:00:00,2024-07-18T20:00:00,short,100,64727,63669
2024-07-18T20:00:00,2024-07-19T00:00:00,long,100,63669,63807
2024-07-19T02:00:00,2024-07-19T04:00:00,long,100,63945,64221
2024-07-19T04:00:00,2024-07-19T10:00:00,short,100,64221,63853
2024-07-19T10:00:00,2024-07-19T20:00:00,long,100,63853,66981
2024-07-19T20:00:00,2024-07-20T02:00:00,short,100,66981,66521
2024-07-20T02:00:00,2024-07-20T10:00:00,long,100,66521,66475
2024-07-20T12:00:00,2024-07-20T18:00:00,long,100,66567,67257
2024-07-20T18:00:00,2024-07-21T00:00:00,short,100,67257,67257
2024-07-21T02:00:00,2024-07-21T08:00:00,short,100,67165,66843
2024-07-21T08:00:00,2024-07-21T10:00:00,long,100,66843,66843
2024-07-21T12:00:00,2024-07-21T14:00:00,short,100,66797,66935
2024-07-21T14:00:00,2024-07-21T16:00:00,long,100,66935,67027
2024-07-21T16:00:00,2024-07-21T18:00:00,short,100,67027,66751
2024-07-21T18:00:00,2024-07-22T00:00:00,long,100,66751,68039
2024-07-22T00:00:00,2024-07-22T08:00:00,short,100,68039,67395
2024-07-22T08:00:00,2024-07-22T12:00:00,long,100,67395,67349
2024-07-22T12:00:00,2024-07-22T16:00:00,short,100,67257,67211
2024-07-22T16:00:00,2024-07-22T20:00:00,long,100,67211,68039
2024-07-22T20:00:00,2024-07-23T06:00:00,short,100,68039,66567
2024-07-23T06:00:00,2024-07-23T10:00:00,long,100,66567,66751
2024-07-23T10:00:00,2024-07-23T14:00:00,short,100,66705,66245
2024-07-23T14:00:00,2024-07-23T16:00:00,long,100,66245,66475
2024-07-23T16:00:00,2024-07-23T20:00:00,short,100,66475,65693
2024-07-23T20:00:00,2024-07-24T00:00:00,long,100,65693,65785
2024-07-24T00:00:00,2024-07-24T02:00:00,short,100,65739,65785
2024-07-24T02:00:00,2024-07-24T04:00:00,long,100,65785,65923
2024-07-24T04:00:00,2024-07-24T06:00:00,short,100,65923,65923
2024-07-24T06:00:00,2024-07-24T14:00:00,long,100,65969,66245
2024-07-24T14:00:00,2024-07-24T16:00:00,short,100,66245,66291
2024-07-24T16:00:00,2024-07-24T18:00:00,long,100,66383,66475
2024-07-24T18:00:00,2024-07-25T04:00:00,short,100,66475,64267
2024-07-25T04:00:00,2024-07-25T06:00:00,long,100,64267,64175
2024-07-25T08:00:00,2024-07-25T10:00:00,long,100,64267,64221
2024-07-25T10:00:00,2024-07-25T14:00:00,short,100,64175,64221
2024-07-25T14:00:00,2024-07-25T18:00:00,long,100,64221,64911
2024-07-25T18:00:00,2024-07-25T20:00:00,short,100,64911,64819
2024-07-25T20:00:00,2024-07-26T04:00:00,long,100,64865,66889
2024-07-26T04:00:00,2024-07-26T08:00:00,short,100,66889,67027
2024-07-26T08:00:00,2024-07-26T14:00:00,long,100,67211,67717
2024-07-26T14:00:00,2024-07-26T18:00:00,short,100,67717,67533
2024-07-26T18:00:00,2024-07-27T00:00:00,long,100,67579,67855
2024-07-27T00:00:00,2024-07-27T02:00:00,short,100,67855,67763
2024-07-27T02:00:00,2024-07-27T14:00:00,long,100,67809,69051
2024-07-27T14:00:00,2024-07-27T20:00:00,short,100,69051,68407
2024-07-27T20:00:00,2024-07-27T22:00:00,long,100,68407,68729
2024-07-27T22:00:00,2024-07-28T00:00:00,short,100,68729,68039
2024-07-28T00:00:00,2024-07-28T02:00:00,long,100,68039,67947
2024-07-28T04:00:00,2024-07-28T06:00:00,short,100,67809,67579
2024-07-28T06:00:00,2024-07-28T08:00:00,long,100,67579,67441
2024-07-28T10:00:00,2024-07-28T14:00:00,long,100,67533,67809
2024-07-28T14:00:00,2024-07-28T16:00:00,short,100,67809,67763
2024-07-28T16:00:00,2024-07-29T06:00:00,long,100,67809,69511
2024-07-29T06:00:00,2024-07-29T18:00:00,short,100,69511,67165
2024-07-29T18:00:00,2024-07-29T22:00:00,long,100,67165,67349
2024-07-29T22:00:00,2024-07-30T02:00:00,short,100,67303,66337
2024-07-30T02:00:00,2024-07-30T04:00:00,long,100,66337,66521
2024-07-30T04:00:00,2024-07-30T06:00:00,short,100,66475,66613
2024-07-30T06:00:00,2024-07-30T08:00:00,long,100,66613,66843
2024-07-30T08:00:00,2024-07-30T20:00:00,short,100,66843,66015
2024-07-30T20:00:00,2024-07-30T22:00:00,long,100,66015,66153
2024-07-31T00:00:00,2024-07-31T02:00:00,long,100,66291,66199
2024-07-31T02:00:00,2024-07-31T04:00:00,short,100,66199,66199
2024-07-31T04:00:00,2024-07-31T10:00:00,long,100,66199,66107
2024-07-31T10:00:00,2024-07-31T12:00:00,short,100,66107,66199
2024-07-31T12:00:00,2024-07-31T14:00:00,long,100,66199,66383
2024-07-31T14:00:00,2024-07-31T16:00:00,short,100,66383,66475
2024-07-31T16:00:00,2024-07-31T18:00:00,long,100,66521,66567
2024-07-31T18:00:00,2024-08-01T04:00:00,short,100,66567,64129
2024-08-01T04:00:00,2024-08-01T14:00:00,long,100,64129,64589
2024-08-01T14:00:00,2024-08-01T16:00:00,short,100,64589,63025
2024-08-01T16:00:00,2024-08-02T00:00:00,long,100,63025,65187
2024-08-02T00:00:00,2024-08-02T08:00:00,short,100,65187,64313
2024-08-02T08:00:00,2024-08-02T14:00:00,long,100,64313,65095
2024-08-02T14:00:00,2024-08-03T02:00:00,short,100,65095,61507
2024-08-03T02:00:00,2024-08-03T04:00:00,long,100,61507,61783
2024-08-03T04:00:00,2024-08-03T10:00:00,short,100,61783,61829
2024-08-03T10:00:00,2024-08-03T14:00:00,long,100,61875,61829
2024-08-03T14:00:00,2024-08-03T20:00:00,short,100,61829,60403
2024-08-03T20:00:00,2024-08-04T06:00:00,long,100,60403,60633
2024-08-04T06:00:00,2024-08-04T08:00:00,short,100,60633,60495
2024-08-04T08:00:00,2024-08-04T14:00:00,long,100,60495,60725
2024-08-04T14:00:00,2024-08-04T18:00:00,short,100,60725,58011
2024-08-04T18:00:00,2024-08-04T20:00:00,long,100,58011,59161
2024-08-04T20:00:00,2024-08-05T12:00:00,short,100,59161,51525
2024-08-05T12:00:00,2024-08-05T18:00:00,long,100,51525,54561
2024-08-05T18:00:00,2024-08-05T20:00:00,short,100,54561,53595
2024-08-05T20:00:00,2024-08-05T22:00:00,long,100,53595,54285
2024-08-05T22:00:00,2024-08-06T00:00:00,short,100,54285,54101
2024-08-06T00:00:00,2024-08-06T02:00:00,long,100,54147,55619
2024-08-06T02:00:00,2024-08-06T04:00:00,short,100,55619,55757
2024-08-06T04:00:00,2024-08-06T08:00:00,long,100,55941,55849
2024-08-06T08:00:00,2024-08-06T14:00:00,short,100,55849,55343
2024-08-06T14:00:00,2024-08-06T20:00:00,long,100,55343,56585
2024-08-06T20:00:00,2024-08-07T00:00:00,short,100,56585,56171
2024-08-07T00:00:00,2024-08-07T02:00:00,long,100,56171,56861
2024-08-07T02:00:00,2024-08-07T06:00:00,short,100,56861,56953
2024-08-07T08:00:00,2024-08-07T10:00:00,long,100,57091,57183
2024-08-07T10:00:00,2024-08-07T20:00:00,short,100,57183,54929
2024-08-07T20:00:00,2024-08-07T22:00:00,long,100,54929,55297
2024-08-07T22:00:00,2024-08-08T00:00:00,short,100,55297,55251
2024-08-08T00:00:00,2024-08-09T00:00:00,long,100,55297,61553
2024-08-09T00:00:00,2024-08-09T16:00:00,short,100,61553,59989
2024-08-09T16:00:00,2024-08-10T00:00:00,long,100,59989,60679
2024-08-10T00:00:00,2024-08-10T06:00:00,short,100,60679,60541
2024-08-10T06:00:00,2024-08-10T12:00:00,long,100,60587,60771
2024-08-10T12:00:00,2024-08-10T14:00:00,short,100,60771,60541
2024-08-10T14:00:00,2024-08-10T22:00:00,long,100,60541,60909
2024-08-10T22:00:00,2024-08-11T00:00:00,short,100,60909,61047
2024-08-11T00:00:00,2024-08-11T04:00:00,long,100,61093,61001
2024-08-11T04:00:00,2024-08-11T16:00:00,short,100,61001,60265
2024-08-11T16:00:00,2024-08-11T18:00:00,long,100,60265,60127
2024-08-11T18:00:00,2024-08-12T06:00:00,short,100,59989,58655
2024-08-12T06:00:00,2024-08-12T08:00:00,long,100,58655,58563
2024-08-12T08:00:00,2024-08-12T10:00:00,short,100,58425,58425
2024-08-12T10:00:00,2024-08-12T12:00:00,long,100,58425,59713
2024-08-12T12:00:00,2024-08-12T14:00:00,short,100,59713,58287
2024-08-12T14:00:00,2024-08-12T16:00:00,long,100,58287,60081
2024-08-12T16:00:00,2024-08-12T22:00:00,short,100,60081,59115
2024-08-12T22:00:00,2024-08-13T02:00:00,long,100,59115,59575
2024-08-13T02:00:00,2024-08-13T04:00:00,short,100,59575,59161
2024-08-13T04:00:00,2024-08-13T08:00:00,long,100,59161,59115
2024-08-13T08:00:00,2024-08-13T12:00:00,short,100,59023,58977
2024-08-13T12:00:00,2024-08-13T18:00:00,long,100,58977,61001
2024-08-13T18:00:00,2024-08-13T20:00:00,short,100,61001,60909
2024-08-13T20:00:00,2024-08-13T22:00:00,long,100,60955,60909
2024-08-13T22:00:00,2024-08-14T02:00:00,short,100,60909,60679
2024-08-14T02:00:00,2024-08-14T04:00:00,long,100,60679,60817
2024-08-14T06:00:00,2024-08-14T12:00:00,long,100,60955,61185
2024-08-14T12:00:00,2024-08-15T02:00:00,short,100,61185,58333
2024-08-15T02:00:00,2024-08-15T04:00:00,long,100,58333,58333
2024-08-15T06:00:00,2024-08-15T08:00:00,short,100,58241,58195
2024-08-15T08:00:00,2024-08-15T16:00:00,long,100,58195,59529
2024-08-15T16:00:00,2024-08-15T20:00:00,short,100,59529,57183
2024-08-15T20:00:00,2024-08-15T22:00:00,long,100,57183,57505
2024-08-15T22:00:00,2024-08-16T02:00:00,short,100,57505,57643
2024-08-16T02:00:00,2024-08-16T10:00:00,long,100,57643,58517
2024-08-16T10:00:00,2024-08-16T16:00:00,short,100,58517,58241
2024-08-16T16:00:00,2024-08-16T20:00:00,long,100,58241,59483
2024-08-16T20:00:00,2024-08-17T00:00:00,short,100,59483,59023
2024-08-17T00:00:00,2024-08-17T02:00:00,long,100,59023,59115
2024-08-17T06:00:00,2024-08-17T10:00:00,long,100,59253,59161
2024-08-17T10:00:00,2024-08-17T12:00:00,short,100,59161,59253
2024-08-17T12:00:00,2024-08-17T20:00:00,long,100,59253,59299
2024-08-17T20:00:00,2024-08-17T22:00:00,short,100,59299,59391
2024-08-17T22:00:00,2024-08-18T00:00:00,long,100,59437,59391
2024-08-18T00:00:00,2024-08-18T04:00:00,short,100,59391,59483
2024-08-18T06:00:00,2024-08-18T12:00:00,long,100,59529,59851
2024-08-18T12:00:00,2024-08-18T18:00:00,short,100,59851,59667
2024-08-18T18:00:00,2024-08-18T20:00:00,long,100,59713,59575
2024-08-18T20:00:00,2024-08-19T00:00:00,short,100,59575,58563
2024-08-19T00:00:00,2024-08-19T04:00:00,long,100,58563,58563
2024-08-19T04:00:00,2024-08-19T10:00:00,short,100,58471,58149
2024-08-19T10:00:00,2024-08-19T12:00:00,long,100,58149,58287
2024-08-19T12:00:00,2024-08-19T14:00:00,short,100,58241,58287
2024-08-19T14:00:00,2024-08-20T06:00:00,long,100,58287,60955
2024-08-20T06:00:00,2024-08-20T12:00:00,short,100,60955,60679
2024-08-20T12:00:00,2024-08-20T14:00:00,long,100,60679,60771
2024-08-20T14:00:00,2024-08-20T16:00:00,short,100,60725,58931
2024-08-20T16:00:00,2024-08-20T20:00:00,long,100,58931,59345
2024-08-20T20:00:00,2024-08-21T00:00:00,short,100,59345,59161
2024-08-21T00:00:00,2024-08-21T08:00:00,long,100,59161,59575
2024-08-21T08:00:00,2024-08-21T10:00:00,short,100,59575,59391
2024-08-21T10:00:00,2024-08-21T14:00:00,long,100,59391,59759
2024-08-21T14:00:00,2024-08-21T16:00:00,short,100,59759,59621
2024-08-21T16:00:00,2024-08-21T20:00:00,long,100,59667,61415
2024-08-21T20:00:00,2024-08-22T04:00:00,short,100,61415,60679
2024-08-22T04:00:00,2024-08-22T12:00:00,long,100,60679,61185
2024-08-22T12:00:00,2024-08-22T18:00:00,short,100,61185,60311
2024-08-22T18:00:00,2024-08-22T22:00:00,long,100,60311,60357
2024-08-23T00:00:00,2024-08-23T02:00:00,long,100,60495,60633
2024-08-23T02:00:00,2024-08-23T04:00:00,short,100,60633,60679
2024-08-23T04:00:00,2024-08-23T10:00:00,long,100,60725,60909
2024-08-23T10:00:00,2024-08-23T12:00:00,short,100,60909,60863
2024-08-23T12:00:00,2024-08-23T22:00:00,long,100,60909,64221
2024-08-23T22:00:00,2024-08-24T04:00:00,short,100,64221,63991
2024-08-24T06:00:00,2024-08-24T10:00:00,long,100,64037,64175
2024-08-24T10:00:00,2024-08-24T12:00:00,short,100,64175,64037
2024-08-24T12:00:00,2024-08-24T14:00:00,long,100,64037,64129
2024-08-24T14:00:00,2024-08-24T16:00:00,short,100,64129,64083
2024-08-24T16:00:00,2024-08-24T20:00:00,long,100,64083,64037
2024-08-24T20:00:00,2024-08-24T22:00:00,short,100,64037,63715
2024-08-24T22:00:00,2024-08-25T06:00:00,long,100,63715,64037
2024-08-25T06:00:00,2024-08-25T12:00:00,short,100,64037,63991
2024-08-25T12:00:00,2024-08-25T22:00:00,long,100,64037,64221
2024-08-25T22:00:00,2024-08-26T02:00:00,short,100,64221,64083
2024-08-26T02:00:00,2024-08-26T04:00:00,long,100,64129,63991
2024-08-26T04:00:00,2024-08-26T08:00:00,short,100,63991,63807
2024-08-26T08:00:00,2024-08-26T12:00:00,long,100,63807,63761
2024-08-26T14:00:00,2024-08-27T00:00:00,short,100,63715,62979
2024-08-27T00:00:00,2024-08-27T06:00:00,long,100,62979,62979
2024-08-27T06:00:00,2024-08-27T16:00:00,short,100,62887,61875
2024-08-27T16:00:00,2024-08-27T20:00:00,long,100,61875,61921
2024-08-27T20:00:00,2024-08-28T02:00:00,short,100,61829,59529
2024-08-28T02:00:00,2024-08-28T04:00:00,long,100,59529,59483
2024-08-28T04:00:00,2024-08-28T08:00:00,short,100,59345,58747
2024-08-28T08:00:00,2024-08-28T10:00:00,long,100,58747,60081
2024-08-28T10:00:00,2024-08-28T18:00:00,short,100,60081,58793
2024-08-28T18:00:00,2024-08-29T16:00:00,long,100,58793,60633
2024-08-29T16:00:00,2024-08-29T20:00:00,short,100,60633,59391
2024-08-29T20:00:00,2024-08-29T22:00:00,long,100,59391,59391
2024-08-30T00:00:00,2024-08-30T06:00:00,short,100,59299,58931
2024-08-30T06:00:00,2024-08-30T10:00:00,long,100,58931,59391
2024-08-30T10:00:00,2024-08-30T12:00:00,short,100,59391,59483
2024-08-30T12:00:00,2024-08-30T14:00:00,long,100,59575,59529
2024-08-30T14:00:00,2024-08-30T16:00:00,short,100,59529,58195
2024-08-30T16:00:00,2024-08-31T06:00:00,long,100,58195,59115
2024-08-31T06:00:00,2024-08-31T10:00:00,short,100,59115,59069
2024-08-31T12:00:00,2024-08-31T20:00:00,short,100,58977,59023
2024-08-31T20:00:00,2024-08-31T22:00:00,long,100,59023,58931
2024-08-31T22:00:00,2024-09-01T06:00:00,short,100,58931,58149
2024-09-01T06:00:00,2024-09-01T08:00:00,long,100,58149,58333
2024-09-01T08:00:00,2024-09-01T18:00:00,short,100,58287,58287
2024-09-01T18:00:00,2024-09-01T20:00:00,long,100,58287,58379
2024-09-01T20:00:00,2024-09-02T00:00:00,short,100,58379,57459
2024-09-02T00:00:00,2024-09-02T06:00:00,long,100,57459,57551
2024-09-02T06:00:00,2024-09-02T08:00:00,short,100,57505,57643
2024-09-02T08:00:00,2024-09-02T12:00:00,long,100,57643,58287
2024-09-02T12:00:00,2024-09-02T14:00:00,short,100,58287,58287
2024-09-02T14:00:00,2024-09-02T18:00:00,long,100,58379,58425
2024-09-02T18:00:00,2024-09-02T20:00:00,short,100,58425,58563
2024-09-02T20:00:00,2024-09-03T02:00:00,long,100,58609,59207
2024-09-03T02:00:00,2024-09-03T04:00:00,short,100,59207,59207
2024-09-03T06:00:00,2024-09-03T10:00:00,short,100,59069,59023
2024-09-03T10:00:00,2024-09-03T12:00:00,long,100,59023,58931
2024-09-03T12:00:00,2024-09-03T18:00:00,short,100,58931,57873
2024-09-03T18:00:00,2024-09-03T22:00:00,long,100,57873,57965
2024-09-03T22:00:00,2024-09-04T06:00:00,short,100,57919,56401
2024-09-04T06:00:00,2024-09-04T08:00:00,long,100,56401,56631
2024-09-04T08:00:00,2024-09-04T14:00:00,short,100,56631,56631
2024-09-04T14:00:00,2024-09-04T16:00:00,long,100,56677,58011
2024-09-04T16:00:00,2024-09-04T18:00:00,short,100,58011,58011
2024-09-05T02:00:00,2024-09-05T04:00:00,short,100,57919,57229
2024-09-05T04:00:00,2024-09-05T08:00:00,long,100,57229,57091
2024-09-05T08:00:00,2024-09-05T12:00:00,short,100,56953,56861
2024-09-05T12:00:00,2024-09-05T14:00:00,long,100,56861,56907
2024-09-05T14:00:00,2024-09-05T16:00:00,short,100,56861,56079
2024-09-05T16:00:00,2024-09-05T18:00:00,long,100,56079,56493
2024-09-05T18:00:00,2024-09-05T20:00:00,short,100,56493,56171
2024-09-05T20:00:00,2024-09-06T06:00:00,long,100,56171,56401
2024-09-06T06:00:00,2024-09-06T08:00:00,short,100,56401,55895
2024-09-06T08:00:00,2024-09-06T14:00:00,long,100,55895,55849
2024-09-06T14:00:00,2024-09-06T20:00:00,short,100,55757,53687
2024-09-06T20:00:00,2024-09-07T00:00:00,long,100,53687,53779
2024-09-07T04:00:00,2024-09-07T16:00:00,long,100,53917,54607
2024-09-07T16:00:00,2024-09-07T18:00:00,short,100,54607,54239
2024-09-07T18:00:00,2024-09-07T20:00:00,long,100,54239,54285
2024-09-07T20:00:00,2024-09-07T22:00:00,short,100,54239,54055
2024-09-07T22:00:00,2024-09-08T12:00:00,long,100,54055,54377
2024-09-08T12:00:00,2024-09-08T16:00:00,short,100,54377,53825
2024-09-08T16:00:00,2024-09-08T18:00:00,long,100,53825,54377
2024-09-08T18:00:00,2024-09-08T20:00:00,short,100,54377,54423
2024-09-08T22:00:00,2024-09-09T04:00:00,long,100,54515,54929
2024-09-09T04:00:00,2024-09-09T06:00:00,short,100,54929,54791
2024-09-09T06:00:00,2024-09-09T14:00:00,long,100,54837,55527
2024-09-09T14:00:00,2024-09-09T16:00:00,short,100,55527,55481
2024-09-09T16:00:00,2024-09-09T22:00:00,long,100,55573,57275
2024-09-09T22:00:00,2024-09-10T04:00:00,short,100,57275,56677
2024-09-10T04:00:00,2024-09-10T08:00:00,long,100,56677,57045
2024-09-10T08:00:00,2024-09-10T10:00:00,short,100,57045,57183
2024-09-10T10:00:00,2024-09-10T12:00:00,long,100,57229,57091
2024-09-10T12:00:00,2024-09-10T16:00:00,short,100,57091,56723
2024-09-10T16:00:00,2024-09-10T20:00:00,long,100,56723,57781
2024-09-10T20:00:00,2024-09-10T22:00:00,short,100,57781,57597
2024-09-10T22:00:00,2024-09-11T00:00:00,long,100,57643,57505
2024-09-11T00:00:00,2024-09-11T02:00:00,short,100,57505,56815
2024-09-11T02:00:00,2024-09-11T04:00:00,long,100,56815,56677
2024-09-11T04:00:00,2024-09-11T06:00:00,short,100,56539,56355
2024-09-11T06:00:00,2024-09-11T12:00:00,long,100,56355,56631
2024-09-11T12:00:00,2024-09-11T14:00:00,short,100,56631,55849
2024-09-11T14:00:00,2024-09-11T20:00:00,long,100,55849,57505
2024-09-11T20:00:00,2024-09-12T00:00:00,short,100,57505,57459
2024-09-12T00:00:00,2024-09-12T04:00:00,long,100,57551,58057
2024-09-12T04:00:00,2024-09-12T06:00:00,short,100,58057,58103
2024-09-12T08:00:00,2024-09-12T16:00:00,short,100,58011,57643
2024-09-12T16:00:00,2024-09-12T20:00:00,long,100,57643,58287
2024-09-12T20:00:00,2024-09-12T22:00:00,short,100,58287,58011
2024-09-12T22:00:00,2024-09-13T02:00:00,long,100,58011,58011
2024-09-13T02:00:00,2024-09-13T04:00:00,short,100,57965,57965
2024-09-13T04:00:00,2024-09-13T10:00:00,long,100,57965,57919
2024-09-13T10:00:00,2024-09-13T12:00:00,short,100,57873,58011
2024-09-13T12:00:00,2024-09-14T02:00:00,long,100,58011,60311
2024-09-14T02:00:00,2024-09-14T06:00:00,short,100,60311,60081
2024-09-14T06:00:00,2024-09-14T08:00:00,long,100,60127,60035
2024-09-14T08:00:00,2024-09-14T14:00:00,short,100,60035,59851
2024-09-14T14:00:00,2024-09-14T18:00:00,long,100,59851,59759
2024-09-14T20:00:00,2024-09-15T08:00:00,long,100,59943,60035
2024-09-15T08:00:00,2024-09-15T12:00:00,short,100,60035,60127
2024-09-15T12:00:00,2024-09-15T16:00:00,long,100,60173,60173
2024-09-15T16:00:00,2024-09-16T06:00:00,short,100,60173,58747
2024-09-16T06:00:00,2024-09-16T08:00:00,long,100,58747,58793
2024-09-16T08:00:00,2024-09-16T16:00:00,short,100,58701,58057
2024-09-16T16:00:00,2024-09-16T18:00:00,long,100,58057,58057
2024-09-16T18:00:00,2024-09-16T22:00:00,short,100,57965,58057
2024-09-16T22:00:00,2024-09-17T00:00:00,long,100,58057,58103
2024-09-17T00:00:00,2024-09-17T02:00:00,short,100,58057,58011
2024-09-17T02:00:00,2024-09-17T16:00:00,long,100,58011,60955
2024-09-17T16:00:00,2024-09-17T20:00:00,short,100,60955,60127
2024-09-17T20:00:00,2024-09-18T00:00:00,long,100,60127,60219
2024-09-18T00:00:00,2024-09-18T02:00:00,short,100,60173,60219
2024-09-18T02:00:00,2024-09-18T04:00:00,long,100,60219,60403
2024-09-18T04:00:00,2024-09-18T06:00:00,short,100,60403,60357
2024-09-18T06:00:00,2024-09-18T08:00:00,long,100,60403,60311
2024-09-18T08:00:00,2024-09-18T10:00:00,short,100,60311,59759
2024-09-18T10:00:00,2024-09-18T12:00:00,long,100,59759,59713
2024-09-18T12:00:00,2024-09-18T16:00:00,short,100,59621,59575
2024-09-18T16:00:00,2024-09-19T04:00:00,long,100,59575,61967
2024-09-19T04:00:00,2024-09-19T06:00:00,short,100,61967,62105
2024-09-19T10:00:00,2024-09-19T18:00:00,long,100,62289,63531
2024-09-19T18:00:00,2024-09-20T00:00:00,short,100,63531,63025
2024-09-20T00:00:00,2024-09-20T06:00:00,long,100,63025,63623
2024-09-20T06:00:00,2024-09-20T14:00:00,short,100,63623,63025
2024-09-20T14:00:00,2024-09-20T16:00:00,long,100,63025,63025
2024-09-20T16:00:00,2024-09-20T18:00:00,short,100,62933,62795
2024-09-20T18:00:00,2024-09-21T00:00:00,long,100,62795,63025
2024-09-21T00:00:00,2024-09-21T06:00:00,short,100,63025,62979
2024-09-21T06:00:00,2024-09-21T20:00:00,long,100,63025,63117
2024-09-21T20:00:00,2024-09-21T22:00:00,short,100,63117,63209
2024-09-21T22:00:00,2024-09-22T00:00:00,long,100,63255,63209
2024-09-22T00:00:00,2024-09-22T16:00:00,short,100,63209,62749
2024-09-22T16:00:00,2024-09-22T20:00:00,long,100,62749,62979
2024-09-22T20:00:00,2024-09-22T22:00:00,short,100,62979,62887
2024-09-22T22:00:00,2024-09-23T04:00:00,long,100,62887,64175
2024-09-23T04:00:00,2024-09-23T14:00:00,short,100,64175,63347
2024-09-23T14:00:00,2024-09-23T16:00:00,long,100,63347,63485
2024-09-23T16:00:00,2024-09-24T02:00:00,short,100,63439,63117
2024-09-24T02:00:00,2024-09-24T14:00:00,long,100,63117,63393
2024-09-24T14:00:00,2024-09-24T16:00:00,short,100,63393,63255
2024-09-24T16:00:00,2024-09-24T20:00:00,long,100,63255,64129
2024-09-24T20:00:00,2024-09-24T22:00:00,short,100,64129,64129
2024-09-24T22:00:00,2024-09-25T04:00:00,long,100,64221,64267
2024-09-25T04:00:00,2024-09-25T10:00:00,short,100,64267,63761
2024-09-25T10:00:00,2024-09-25T12:00:00,long,100,63761,63715
2024-09-25T14:00:00,2024-09-25T20:00:00,short,100,63623,63301
2024-09-25T20:00:00,2024-09-25T22:00:00,long,100,63301,63301
2024-09-25T22:00:00,2024-09-26T02:00:00,short,100,63209,63255
2024-09-26T02:00:00,2024-09-26T18:00:00,long,100,63255,65049
2024-09-26T18:00:00,2024-09-26T20:00:00,short,100,65049,64819
2024-09-26T20:00:00,2024-09-27T10:00:00,long,100,64865,65601
2024-09-27T10:00:00,2024-09-27T12:00:00,short,100,65601,65555
2024-09-27T12:00:00,2024-09-27T18:00:00,long,100,65647,65831
2024-09-27T18:00:00,2024-09-27T20:00:00,short,100,65831,65785
2024-09-27T20:00:00,2024-09-28T04:00:00,long,100,65831,65923
2024-09-28T04:00:00,2024-09-28T10:00:00,short,100,65923,65785
2024-09-28T10:00:00,2024-09-28T12:00:00,long,100,65785,65693
2024-09-28T12:00:00,2024-09-28T14:00:00,short,100,65693,65647
2024-09-28T14:00:00,2024-09-29T04:00:00,long,100,65647,65693
2024-09-29T04:00:00,2024-09-29T08:00:00,short,100,65647,65601
2024-09-29T08:00:00,2024-09-29T22:00:00,long,100,65601,65785
2024-09-29T22:00:00,2024-09-30T10:00:00,short,100,65785,63715
2024-09-30T10:00:00,2024-09-30T14:00:00,long,100,63715,63715
2024-09-30T14:00:00,2024-09-30T16:00:00,short,100,63623,63669
2024-09-30T16:00:00,2024-09-30T18:00:00,long,100,63669,63577
2024-09-30T18:00:00,2024-09-30T20:00:00,short,100,63531,63577
2024-09-30T20:00:00,2024-09-30T22:00:00,long,100,63577,63577
2024-09-30T22:00:00,2024-10-01T00:00:00,short,100,63531,63485
2024-10-01T00:00:00,2024-10-01T08:00:00,long,100,63485,63899
2024-10-01T08:00:00,2024-10-02T00:00:00,short,100,63899,60955
2024-10-02T00:00:00,2024-10-02T04:00:00,long,100,60955,61599
2024-10-02T04:00:00,2024-10-02T06:00:00,short,100,61599,61599
2024-10-02T06:00:00,2024-10-02T08:00:00,long,100,61691,61599
2024-10-02T08:00:00,2024-10-02T12:00:00,short,100,61599,61323
2024-10-02T12:00:00,2024-10-02T16:00:00,long,100,61323,61691
2024-10-02T16:00:00,2024-10-02T20:00:00,short,100,61691,60357
2024-10-02T20:00:00,2024-10-02T22:00:00,long,100,60357,60725
2024-10-02T22:00:00,2024-10-03T00:00:00,short,100,60725,60771
2024-10-03T00:00:00,2024-10-03T04:00:00,long,100,60817,61277
2024-10-03T04:00:00,2024-10-03T14:00:00,short,100,61277,60541
2024-10-03T14:00:00,2024-10-03T20:00:00,long,100,60541,60863
2024-10-03T20:00:00,2024-10-04T00:00:00,short,100,60863,60909
2024-10-04T00:00:00,2024-10-04T02:00:00,long,100,60955,61093
2024-10-04T02:00:00,2024-10-04T04:00:00,short,100,61093,61047
2024-10-04T04:00:00,2024-10-04T22:00:00,long,100,61093,62197
2024-10-04T22:00:00,2024-10-05T04:00:00,short,100,62197,62013
2024-10-05T04:00:00,2024-10-05T12:00:00,long,100,62059,62105
2024-10-05T12:00:00,2024-10-05T22:00:00,short,100,62105,62013
2024-10-05T22:00:00,2024-10-06T02:00:00,long,100,62013,61921
2024-10-06T02:00:00,2024-10-06T08:00:00,short,100,61921,62013
2024-10-06T08:00:00,2024-10-06T16:00:00,long,100,62013,62565
2024-10-06T16:00:00,2024-10-06T22:00:00,short,100,62565,62473
2024-10-06T22:00:00,2024-10-07T02:00:00,long,100,62519,63669
2024-10-07T02:00:00,2024-10-07T06:00:00,short,100,63669,63531
2024-10-07T08:00:00,2024-10-07T12:00:00,short,100,63393,63301
2024-10-07T12:00:00,2024-10-07T18:00:00,long,100,63301,63669
2024-10-07T18:00:00,2024-10-08T00:00:00,short,100,63669,62381
2024-10-08T00:00:00,2024-10-08T04:00:00,long,100,62381,62519
2024-10-08T06:00:00,2024-10-08T08:00:00,short,100,62473,62473
2024-10-08T08:00:00,2024-10-08T14:00:00,long,100,62473,62887
2024-10-08T14:00:00,2024-10-08T16:00:00,short,100,62887,62381
2024-10-08T16:00:00,2024-10-08T18:00:00,long,100,62381,62289
2024-10-08T18:00:00,2024-10-08T20:00:00,short,100,62197,62335
2024-10-08T20:00:00,2024-10-08T22:00:00,long,100,62335,62335
2024-10-08T22:00:00,2024-10-09T00:00:00,short,100,62289,62289
2024-10-09T00:00:00,2024-10-09T06:00:00,long,100,62289,62381
2024-10-09T06:00:00,2024-10-09T14:00:00,short,100,62381,61967
2024-10-09T14:00:00,2024-10-09T16:00:00,long,100,61967,62197
2024-10-09T16:00:00,2024-10-10T00:00:00,short,100,62197,60817
2024-10-10T00:00:00,2024-10-10T12:00:00,long,100,60817,61093
2024-10-10T12:00:00,2024-10-10T18:00:00,short,100,61093,59759
2024-10-10T18:00:00,2024-10-11T20:00:00,long,100,59759,62933
2024-10-11T20:00:00,2024-10-12T00:00:00,short,100,62933,62703
2024-10-12T00:00:00,2024-10-12T02:00:00,long,100,62749,62611
2024-10-12T02:00:00,2024-10-12T04:00:00,short,100,62611,62657
2024-10-12T04:00:00,2024-10-12T18:00:00,long,100,62657,62979
2024-10-12T18:00:00,2024-10-12T20:00:00,short,100,62979,63117
2024-10-12T20:00:00,2024-10-13T00:00:00,long,100,63163,63117
2024-10-13T00:00:00,2024-10-13T04:00:00,short,100,63117,62887
2024-10-13T04:00:00,2024-10-13T10:00:00,long,100,62887,62749
2024-10-13T10:00:00,2024-10-13T12:00:00,short,100,62749,62657
2024-10-13T12:00:00,2024-10-13T14:00:00,long,100,62657,62519
2024-10-13T14:00:00,2024-10-13T16:00:00,short,100,62473,62335
2024-10-13T16:00:00,2024-10-14T00:00:00,long,100,62335,62703
2024-10-14T00:00:00,2024-10-14T02:00:00,short,100,62703,62749
2024-10-14T02:00:00,2024-10-14T04:00:00,long,100,62795,64175
2024-10-14T04:00:00,2024-10-14T06:00:00,short,100,64175,64037
2024-10-14T06:00:00,2024-10-14T16:00:00,long,100,64083,65693
2024-10-14T16:00:00,2024-10-14T18:00:00,short,100,65693,65739
2024-10-14T18:00:00,2024-10-14T20:00:00,long,100,65877,65831
2024-10-14T20:00:00,2024-10-14T22:00:00,short,100,65831,65923
2024-10-14T22:00:00,2024-10-15T00:00:00,long,100,65969,65969
2024-10-15T00:00:00,2024-10-15T06:00:00,short,100,65969,65555
2024-10-15T06:00:00,2024-10-15T10:00:00,long,100,65555,65555
2024-10-15T10:00:00,2024-10-15T12:00:00,short,100,65509,65509
2024-10-15T12:00:00,2024-10-15T14:00:00,long,100,65509,67579
2024-10-15T14:00:00,2024-10-15T16:00:00,short,100,67579,66153
2024-10-15T16:00:00,2024-10-15T20:00:00,long,100,66153,66797
2024-10-15T20:00:00,2024-10-15T22:00:00,short,100,66797,66567
2024-10-15T22:00:00,2024-10-16T02:00:00,long,100,66567,67211
2024-10-16T02:00:00,2024-10-16T04:00:00,short,100,67211,67211
2024-10-16T06:00:00,2024-10-16T08:00:00,short,100,67119,67073
2024-10-16T08:00:00,2024-10-16T12:00:00,long,100,67073,67717
2024-10-16T12:00:00,2024-10-16T14:00:00,short,100,67717,67487
2024-10-16T14:00:00,2024-10-16T18:00:00,long,100,67487,67763
2024-10-16T18:00:00,2024-10-17T00:00:00,short,100,67763,67763
2024-10-17T00:00:00,2024-10-17T02:00:00,long,100,67809,67809
2024-10-17T02:00:00,2024-10-17T12:00:00,short,100,67809,67027
2024-10-17T12:00:00,2024-10-17T16:00:00,long,100,67027,67441
2024-10-17T16:00:00,2024-10-17T20:00:00,short,100,67441,66981
2024-10-17T20:00:00,2024-10-18T02:00:00,long,100,66981,67947
2024-10-18T02:00:00,2024-10-18T04:00:00,short,100,67947,67671
2024-10-18T04:00:00,2024-10-18T08:00:00,long,100,67671,67901
2024-10-18T08:00:00,2024-10-18T12:00:00,short,100,67901,67901
2024-10-18T12:00:00,2024-10-18T18:00:00,long,100,67947,68591
2024-10-18T18:00:00,2024-10-19T02:00:00,short,100,68591,68499
2024-10-19T04:00:00,2024-10-19T14:00:00,short,100,68361,68269
2024-10-19T14:00:00,2024-10-19T16:00:00,long,100,68269,68131
2024-10-19T16:00:00,2024-10-19T22:00:00,short,100,68131,68315
2024-10-19T22:00:00,2024-10-20T00:00:00,long,100,68315,68269
2024-10-20T00:00:00,2024-10-20T04:00:00,short,100,68223,68269
2024-10-20T04:00:00,2024-10-21T02:00:00,long,100,68269,69097
2024-10-21T02:00:00,2024-10-21T04:00:00,short,100,69097,69097
2024-10-21T06:00:00,2024-10-21T16:00:00,short,100,69005,67533
2024-10-21T16:00:00,2024-10-21T22:00:00,long,100,67533,67671
2024-10-21T22:00:00,2024-10-22T00:00:00,short,100,67625,67487
2024-10-22T00:00:00,2024-10-22T02:00:00,long,100,67487,67395
2024-10-22T04:00:00,2024-10-22T06:00:00,long,100,67579,67487
2024-10-22T06:00:00,2024-10-22T10:00:00,short,100,67441,67119
2024-10-22T10:00:00,2024-10-22T12:00:00,long,100,67119,67211
2024-10-22T12:00:00,2024-10-22T14:00:00,short,100,67165,67119
2024-10-22T14:00:00,2024-10-23T00:00:00,long,100,67119,67395
2024-10-23T00:00:00,2024-10-23T12:00:00,short,100,67395,66613
2024-10-23T12:00:00,2024-10-23T14:00:00,long,100,66613,66705
2024-10-23T14:00:00,2024-10-23T18:00:00,short,100,66659,65877
2024-10-23T18:00:00,2024-10-23T20:00:00,long,100,65877,66383
2024-10-23T20:00:00,2024-10-23T22:00:00,short,100,66383,66521
2024-10-23T22:00:00,2024-10-24T06:00:00,long,100,66613,67211
2024-10-24T06:00:00,2024-10-24T10:00:00,short,100,67211,67027
2024-10-24T10:00:00,2024-10-24T14:00:00,long,100,67073,67763
2024-10-24T14:00:00,2024-10-24T18:00:00,short,100,67763,67809
2024-10-24T18:00:00,2024-10-24T22:00:00,long,100,67901,68177
2024-10-24T22:00:00,2024-10-25T08:00:00,short,100,68177,67671
2024-10-25T08:00:00,2024-10-25T14:00:00,long,100,67671,68177
2024-10-25T14:00:00,2024-10-25T20:00:00,short,100,68177,66981
2024-10-25T20:00:00,2024-10-25T22:00:00,long,100,66981,67165
2024-10-25T22:00:00,2024-10-26T02:00:00,short,100,67119,66797
2024-10-26T02:00:00,2024-10-26T06:00:00,long,100,66797,66981
2024-10-26T06:00:00,2024-10-26T10:00:00,short,100,66981,67119
2024-10-26T10:00:00,2024-10-26T12:00:00,long,100,67119,67027
2024-10-26T12:00:00,2024-10-26T16:00:00,short,100,67027,67027
2024-10-26T16:00:00,2024-10-27T00:00:00,long,100,67073,67027
2024-10-27T00:00:00,2024-10-27T02:00:00,short,100,67027,67165
2024-10-27T02:00:00,2024-10-27T04:00:00,long,100,67165,67165
2024-10-27T04:00:00,2024-10-27T12:00:00,short,100,67165,67349
2024-10-27T12:00:00,2024-10-28T00:00:00,long,100,67349,67855
2024-10-28T00:00:00,2024-10-28T04:00:00,short,100,67855,67855
2024-10-28T04:00:00,2024-10-28T14:00:00,long,100,67947,68637
2024-10-28T14:00:00,2024-10-28T16:00:00,short,100,68637,68591
2024-10-28T16:00:00,2024-10-29T18:00:00,long,100,68683,72547
2024-10-29T18:00:00,2024-10-29T22:00:00,short,100,72547,72501
2024-10-29T22:00:00,2024-10-30T00:00:00,long,100,72593,72639
2024-10-30T00:00:00,2024-10-30T04:00:00,short,100,72639,72455
2024-10-30T04:00:00,2024-10-30T06:00:00,long,100,72455,72409
2024-10-30T06:00:00,2024-10-30T08:00:00,short,100,72363,72409
2024-10-30T08:00:00,2024-10-30T10:00:00,long,100,72409,72501
2024-10-30T10:00:00,2024-10-30T14:00:00,short,100,72501,72133
2024-10-30T14:00:00,2024-10-30T16:00:00,long,100,72133,71995
2024-10-30T16:00:00,2024-10-30T20:00:00,short,100,71903,72041
2024-10-30T20:00:00,2024-10-31T04:00:00,long,100,72041,72317
2024-10-31T04:00:00,2024-10-31T06:00:00,short,100,72317,72455
2024-10-31T06:00:00,2024-10-31T10:00:00,long,100,72455,72271
2024-10-31T10:00:00,2024-10-31T16:00:00,short,100,72271,70845
2024-10-31T16:00:00,2024-10-31T18:00:00,long,100,70845,70707
2024-10-31T18:00:00,2024-10-31T20:00:00,short,100,70523,70293
2024-10-31T20:00:00,2024-10-31T22:00:00,long,100,70293,70385
2024-10-31T22:00:00,2024-11-01T04:00:00,short,100,70339,69557
2024-11-01T04:00:00,2024-11-01T06:00:00,long,100,69557,69511
2024-11-01T06:00:00,2024-11-01T08:00:00,short,100,69419,69419
2024-11-01T08:00:00,2024-11-01T14:00:00,long,100,69419,71075
2024-11-01T14:00:00,2024-11-01T16:00:00,short,100,71075,69511
2024-11-01T16:00:00,2024-11-01T18:00:00,long,100,69511,69465
2024-11-01T18:00:00,2024-11-01T22:00:00,short,100,69327,69373
2024-11-01T22:00:00,2024-11-02T08:00:00,long,100,69373,69649
2024-11-02T08:00:00,2024-11-02T18:00:00,short,100,69649,69511
2024-11-02T18:00:00,2024-11-02T22:00:00,long,100,69511,69373
2024-11-02T22:00:00,2024-11-03T16:00:00,short,100,69373,68177
2024-11-03T16:00:00,2024-11-03T22:00:00,long,100,68177,68959
2024-11-03T22:00:00,2024-11-04T00:00:00,short,100,68959,68867
2024-11-04T00:00:00,2024-11-04T04:00:00,long,100,68913,68867
2024-11-04T04:00:00,2024-11-04T10:00:00,short,100,68867,68775
2024-11-04T10:00:00,2024-11-04T12:00:00,long,100,68775,68683
2024-11-04T12:00:00,2024-11-04T22:00:00,short,100,68683,67257
2024-11-04T22:00:00,2024-11-05T08:00:00,long,100,67257,68729
2024-11-05T08:00:00,2024-11-05T14:00:00,short,100,68729,68867
2024-11-05T14:00:00,2024-11-05T18:00:00,long,100,69051,69787
2024-11-05T18:00:00,2024-11-05T20:00:00,short,100,69787,69097
2024-11-05T20:00:00,2024-11-06T06:00:00,long,100,69097,74663
2024-11-06T06:00:00,2024-11-06T08:00:00,short,100,74663,73559
2024-11-06T08:00:00,2024-11-06T12:00:00,long,100,73559,74111
2024-11-06T12:00:00,2024-11-06T14:00:00,short,100,74111,74111
2024-11-06T14:00:00,2024-11-06T22:00:00,long,100,74203,75721
2024-11-06T22:00:00,2024-11-07T08:00:00,short,100,75721,74939
2024-11-07T08:00:00,2024-11-07T10:00:00,long,100,74939,74847
2024-11-07T12:00:00,2024-11-07T14:00:00,short,100,74709,74847
2024-11-07T14:00:00,2024-11-07T20:00:00,long,100,74847,76365
2024-11-07T20:00:00,2024-11-08T00:00:00,short,100,76365,75997
2024-11-08T00:00:00,2024-11-08T08:00:00,long,100,75997,76043
2024-11-08T08:00:00,2024-11-08T12:00:00,short,100,75997,76089
2024-11-08T12:00:00,2024-11-08T20:00:00,long,100,76089,76733
2024-11-08T20:00:00,2024-11-09T06:00:00,short,100,76733,76457
2024-11-09T06:00:00,2024-11-09T12:00:00,long,100,76457,76411
2024-11-09T14:00:00,2024-11-09T20:00:00,short,100,76365,76365
2024-11-09T20:00:00,2024-11-10T06:00:00,long,100,76365,79033
2024-11-10T06:00:00,2024-11-10T08:00:00,short,100,79033,78987
2024-11-10T08:00:00,2024-11-10T12:00:00,long,100,79079,79769
2024-11-10T12:00:00,2024-11-10T16:00:00,short,100,79769,79907
2024-11-10T16:00:00,2024-11-10T18:00:00,long,100,80045,80321
2024-11-10T18:00:00,2024-11-10T20:00:00,short,100,80321,79907
2024-11-10T20:00:00,2024-11-11T04:00:00,long,100,79907,81517
2024-11-11T04:00:00,2024-11-11T06:00:00,short,100,81517,80873
2024-11-11T06:00:00,2024-11-11T12:00:00,long,100,80873,82023
2024-11-11T12:00:00,2024-11-11T14:00:00,short,100,82023,81977
2024-11-11T14:00:00,2024-11-12T02:00:00,long,100,82069,88555
2024-11-12T02:00:00,2024-11-12T04:00:00,short,100,88555,88279
2024-11-12T04:00:00,2024-11-12T08:00:00,long,100,88279,88923
2024-11-12T08:00:00,2024-11-12T14:00:00,short,100,88923,86577
2024-11-12T14:00:00,2024-11-12T20:00:00,long,100,86577,88601
2024-11-12T20:00:00,2024-11-13T00:00:00,short,100,88601,88187
2024-11-13T00:00:00,2024-11-13T02:00:00,long,100,88187,88187
2024-11-13T02:00:00,2024-11-13T06:00:00,short,100,88141,86761
2024-11-13T06:00:00,2024-11-13T16:00:00,long,100,86761,92465
2024-11-13T16:00:00,2024-11-13T22:00:00,short,100,92465,88739
2024-11-13T22:00:00,2024-11-14T02:00:00,long,100,88739,90303
2024-11-14T02:00:00,2024-11-14T06:00:00,short,100,90303,90119
2024-11-14T06:00:00,2024-11-14T12:00:00,long,100,90165,91361
2024-11-14T12:00:00,2024-11-14T16:00:00,short,100,91361,88187
2024-11-14T16:00:00,2024-11-14T20:00:00,long,100,88187,89337
2024-11-14T20:00:00,2024-11-15T00:00:00,short,100,89337,87543
2024-11-15T00:00:00,2024-11-15T04:00:00,long,100,87543,88095
2024-11-15T04:00:00,2024-11-15T08:00:00,short,100,88095,87865
2024-11-15T08:00:00,2024-11-15T14:00:00,long,100,87865,90027
2024-11-15T14:00:00,2024-11-15T16:00:00,short,100,90027,88601
2024-11-15T16:00:00,2024-11-15T22:00:00,long,100,88601,91545
2024-11-15T22:00:00,2024-11-16T00:00:00,short,100,91545,91177
2024-11-16T00:00:00,2024-11-16T06:00:00,long,100,91177,91223
2024-11-16T06:00:00,2024-11-16T08:00:00,short,100,91177,91269
2024-11-16T08:00:00,2024-11-16T12:00:00,long,100,91269,91177
2024-11-16T12:00:00,2024-11-16T16:00:00,short,100,91177,90717
2024-11-16T16:00:00,2024-11-16T22:00:00,long,100,90717,90993
2024-11-16T22:00:00,2024-11-17T04:00:00,short,100,90993,90441
2024-11-17T04:00:00,2024-11-17T10:00:00,long,100,90441,91177
2024-11-17T10:00:00,2024-11-17T16:00:00,short,100,91177,90487
2024-11-17T16:00:00,2024-11-17T18:00:00,long,100,90487,90533
2024-11-17T18:00:00,2024-11-17T22:00:00,short,100,90441,89383
2024-11-17T22:00:00,2024-11-18T04:00:00,long,100,89383,90671
2024-11-18T04:00:00,2024-11-18T06:00:00,short,100,90671,90809
2024-11-18T06:00:00,2024-11-18T10:00:00,long,100,90993,91683
2024-11-18T10:00:00,2024-11-18T14:00:00,short,100,91683,89705
2024-11-18T14:00:00,2024-11-18T16:00:00,long,100,89705,92327
2024-11-18T16:00:00,2024-11-18T20:00:00,short,100,92327,90809
2024-11-18T20:00:00,2024-11-18T22:00:00,long,100,90809,91223
2024-11-18T22:00:00,2024-11-19T00:00:00,short,100,91223,90625
2024-11-19T00:00:00,2024-11-19T06:00:00,long,100,90625,91775
2024-11-19T06:00:00,2024-11-19T14:00:00,short,100,91775,91315
2024-11-19T14:00:00,2024-11-19T20:00:00,long,100,91315,93109
2024-11-19T20:00:00,2024-11-19T22:00:00,short,100,93109,92373
2024-11-19T22:00:00,2024-11-20T00:00:00,long,100,92373,92235
2024-11-20T00:00:00,2024-11-20T02:00:00,short,100,92097,92097
2024-11-20T02:00:00,2024-11-20T16:00:00,long,100,92097,94581
2024-11-20T16:00:00,2024-11-20T18:00:00,short,100,94581,94029
2024-11-20T18:00:00,2024-11-21T06:00:00,long,100,94029,97203
2024-11-21T06:00:00,2024-11-21T08:00:00,short,100,97203,97065
2024-11-21T08:00:00,2024-11-21T12:00:00,long,100,97111,97847
2024-11-21T12:00:00,2024-11-21T16:00:00,short,100,97847,96835
2024-11-21T16:00:00,2024-11-21T18:00:00,long,100,96835,97985
2024-11-21T18:00:00,2024-11-21T20:00:00,short,100,97985,97985
2024-11-21T22:00:00,2024-11-22T00:00:00,long,100,98077,98215
2024-11-22T00:00:00,2024-11-22T02:00:00,short,100,98215,98215
2024-11-22T02:00:00,2024-11-22T08:00:00,long,100,98261,99089
2024-11-22T08:00:00,2024-11-22T10:00:00,short,100,99089,98905
2024-11-22T10:00:00,2024-11-22T12:00:00,long,100,98951,98813
2024-11-22T12:00:00,2024-11-22T14:00:00,short,100,98813,97939
2024-11-22T14:00:00,2024-11-22T22:00:00,long,100,97939,99135
2024-11-22T22:00:00,2024-11-23T04:00:00,short,100,99135,98767
2024-11-23T04:00:00,2024-11-23T06:00:00,long,100,98767,98675
2024-11-23T06:00:00,2024-11-23T12:00:00,short,100,98629,98629
2024-11-23T12:00:00,2024-11-23T14:00:00,long,100,98629,98491
2024-11-23T14:00:00,2024-11-23T20:00:00,short,100,98445,97709
2024-11-23T20:00:00,2024-11-23T22:00:00,long,100,97709,97893
2024-11-23T22:00:00,2024-11-24T00:00:00,short,100,97847,97847
2024-11-24T00:00:00,2024-11-24T08:00:00,long,100,97847,98307
2024-11-24T08:00:00,2024-11-24T18:00:00,short,100,98307,96145
2024-11-24T18:00:00,2024-11-25T00:00:00,long,100,96145,97801
2024-11-25T00:00:00,2024-11-25T02:00:00,short,100,97801,97387
2024-11-25T02:00:00,2024-11-25T10:00:00,long,100,97387,98399
2024-11-25T10:00:00,2024-11-26T00:00:00,short,100,98399,93293
2024-11-26T00:00:00,2024-11-26T02:00:00,long,100,93293,94811
2024-11-26T02:00:00,2024-11-26T04:00:00,short,100,94811,94673
2024-11-26T04:00:00,2024-11-26T06:00:00,long,100,94719,94581
2024-11-26T06:00:00,2024-11-26T14:00:00,short,100,94581,92419
2024-11-26T14:00:00,2024-11-26T18:00:00,long,100,92419,93477
2024-11-26T18:00:00,2024-11-26T22:00:00,short,100,93477,91913
2024-11-26T22:00:00,2024-11-27T02:00:00,long,100,91913,92649
2024-11-27T02:00:00,2024-11-27T04:00:00,short,100,92649,92741
2024-11-27T06:00:00,2024-11-27T08:00:00,long,100,92879,93477
2024-11-27T08:00:00,2024-11-27T12:00:00,short,100,93477,93569
2024-11-27T12:00:00,2024-11-27T20:00:00,long,100,93707,96513
2024-11-27T20:00:00,2024-11-28T00:00:00,short,100,96513,96099
2024-11-28T00:00:00,2024-11-28T02:00:00,long,100,96099,96191
2024-11-28T02:00:00,2024-11-28T10:00:00,short,100,96145,95179
2024-11-28T10:00:00,2024-11-28T14:00:00,long,100,95179,95593
2024-11-28T14:00:00,2024-11-28T18:00:00,short,100,95593,95087
2024-11-28T18:00:00,2024-11-29T04:00:00,long,100,95087,96467
2024-11-29T04:00:00,2024-11-29T08:00:00,short,100,96467,95869
2024-11-29T08:00:00,2024-11-29T16:00:00,long,100,95869,97939
2024-11-29T16:00:00,2024-11-29T18:00:00,short,100,97939,97157
2024-11-29T18:00:00,2024-11-30T00:00:00,long,100,97157,97387
2024-11-30T00:00:00,2024-11-30T02:00:00,short,100,97387,96605
2024-11-30T02:00:00,2024-11-30T06:00:00,long,100,96605,96973
2024-11-30T06:00:00,2024-11-30T12:00:00,short,100,96973,96467
2024-11-30T12:00:00,2024-11-30T20:00:00,long,100,96467,96927
2024-11-30T20:00:00,2024-12-01T02:00:00,short,100,96927,96329
2024-12-01T02:00:00,2024-12-01T18:00:00,long,100,96329,97203
2024-12-01T18:00:00,2024-12-01T20:00:00,short,100,97203,97341
2024-12-01T20:00:00,2024-12-01T22:00:00,long,100,97479,97755
2024-12-01T22:00:00,2024-12-02T00:00:00,short,100,97755,97387
2024-12-02T00:00:00,2024-12-02T02:00:00,long,100,97387,97985
2024-12-02T02:00:00,2024-12-02T12:00:00,short,100,97985,95363
2024-12-02T12:00:00,2024-12-02T16:00:00,long,100,95363,96973
2024-12-02T16:00:00,2024-12-02T18:00:00,short,100,96973,94765
2024-12-02T18:00:00,2024-12-02T20:00:00,long,100,94765,95777
2024-12-02T20:00:00,2024-12-02T22:00:00,short,100,95777,95593
2024-12-02T22:00:00,2024-12-03T00:00:00,long,100,95639,95777
2024-12-03T00:00:00,2024-12-03T02:00:00,short,100,95777,95685
2024-12-03T02:00:00,2024-12-03T06:00:00,long,100,95731,96053
2024-12-03T06:00:00,2024-12-03T14:00:00,short,100,96053,93937
2024-12-03T14:00:00,2024-12-03T18:00:00,long,100,93937,95731
2024-12-03T18:00:00,2024-12-03T20:00:00,short,100,95731,95639
2024-12-03T20:00:00,2024-12-03T22:00:00,long,100,95685,96007
2024-12-03T22:00:00,2024-12-04T00:00:00,short,100,96007,96007
2024-12-04T00:00:00,2024-12-04T02:00:00,long,100,96053,96191
2024-12-04T02:00:00,2024-12-04T04:00:00,short,100,96191,95961
2024-12-04T04:00:00,2024-12-04T10:00:00,long,100,95961,96697
2024-12-04T10:00:00,2024-12-04T18:00:00,short,100,96697,95777
2024-12-04T18:00:00,2024-12-05T00:00:00,long,100,95777,98537
2024-12-05T00:00:00,2024-12-05T02:00:00,short,100,98537,98353
2024-12-05T02:00:00,2024-12-05T04:00:00,long,100,98399,102999
2024-12-05T04:00:00,2024-12-05T08:00:00,short,100,102999,102447
2024-12-05T08:00:00,2024-12-05T10:00:00,long,100,102447,102677
2024-12-05T10:00:00,2024-12-05T12:00:00,short,100,102677,102769
2024-12-05T12:00:00,2024-12-05T14:00:00,long,100,102769,102769
2024-12-05T14:00:00,2024-12-06T00:00:00,short,100,102769,97157
2024-12-06T00:00:00,2024-12-06T02:00:00,long,100,97157,98077
2024-12-06T02:00:00,2024-12-06T04:00:00,short,100,98077,97893
2024-12-06T04:00:00,2024-12-06T08:00:00,long,100,97939,98031
2024-12-06T08:00:00,2024-12-06T10:00:00,short,100,98031,98169
2024-12-06T10:00:00,2024-12-06T20:00:00,long,100,98169,101389
2024-12-06T20:00:00,2024-12-07T00:00:00,short,100,101389,99963
2024-12-07T00:00:00,2024-12-07T02:00:00,long,100,99963,100009
2024-12-07T02:00:00,2024-12-07T06:00:00,short,100,99917,99365
2024-12-07T06:00:00,2024-12-07T12:00:00,long,100,99365,99549
2024-12-07T12:00:00,2024-12-07T14:00:00,short,100,99503,99503
2024-12-07T14:00:00,2024-12-07T16:00:00,long,100,99503,99687
2024-12-07T16:00:00,2024-12-07T18:00:00,short,100,99687,99825
2024-12-07T18:00:00,2024-12-07T20:00:00,long,100,99825,100009
2024-12-07T20:00:00,2024-12-08T06:00:00,short,100,100009,99779
2024-12-08T06:00:00,2024-12-08T08:00:00,long,100,99779,99641
2024-12-08T08:00:00,2024-12-08T10:00:00,short,100,99641,99043
2024-12-08T10:00:00,2024-12-08T14:00:00,long,100,99043,100331
2024-12-08T14:00:00,2024-12-08T18:00:00,short,100,100331,100101
2024-12-08T18:00:00,2024-12-09T00:00:00,long,100,100101,101021
2024-12-09T00:00:00,2024-12-09T04:00:00,short,100,101021,99319
2024-12-09T04:00:00,2024-12-09T08:00:00,long,100,99319,99457
2024-12-09T08:00:00,2024-12-09T12:00:00,short,100,99411,98307
2024-12-09T12:00:00,2024-12-09T14:00:00,long,100,98307,98951
2024-12-09T14:00:00,2024-12-09T22:00:00,short,100,98951,97111
2024-12-09T22:00:00,2024-12-10T02:00:00,long,100,97111,97801
2024-12-10T02:00:00,2024-12-10T06:00:00,short,100,97801,97065
2024-12-10T06:00:00,2024-12-10T14:00:00,long,100,97065,97617
2024-12-10T14:00:00,2024-12-10T18:00:00,short,100,97617,94673
2024-12-10T18:00:00,2024-12-10T22:00:00,long,100,94673,96697
2024-12-10T22:00:00,2024-12-11T02:00:00,short,100,96697,95915
2024-12-11T02:00:00,2024-12-11T06:00:00,long,100,95915,97341
2024-12-11T06:00:00,2024-12-11T08:00:00,short,100,97341,97433
2024-12-11T08:00:00,2024-12-11T16:00:00,long,100,97571,100193
2024-12-11T16:00:00,2024-12-11T18:00:00,short,100,100193,99871
2024-12-11T18:00:00,2024-12-11T22:00:00,long,100,99871,101297
2024-12-11T22:00:00,2024-12-12T02:00:00,short,100,101297,100653
2024-12-12T02:00:00,2024-12-12T04:00:00,long,100,100653,100883
2024-12-12T04:00:00,2024-12-12T08:00:00,short,100,100883,100653
2024-12-12T08:00:00,2024-12-12T10:00:00,long,100,100653,100699
2024-12-12T10:00:00,2024-12-12T12:00:00,short,100,100653,100469
2024-12-12T12:00:00,2024-12-12T16:00:00,long,100,100469,101619
2024-12-12T16:00:00,2024-12-12T20:00:00,short,100,101619,99595
2024-12-12T20:00:00,2024-12-13T00:00:00,long,100,99595,99825
2024-12-13T00:00:00,2024-12-13T02:00:00,short,100,99779,99411
2024-12-13T02:00:00,2024-12-13T14:00:00,long,100,99411,100193
2024-12-13T14:00:00,2024-12-13T16:00:00,short,100,100193,99963
2024-12-13T16:00:00,2024-12-13T18:00:00,long,100,99963,101573
2024-12-13T18:00:00,2024-12-13T22:00:00,short,100,101573,101389
2024-12-14T00:00:00,2024-12-14T04:00:00,long,100,101435,101941
2024-12-14T04:00:00,2024-12-14T06:00:00,short,100,101941,101803
2024-12-14T08:00:00,2024-12-14T14:00:00,short,100,101665,101297
2024-12-14T14:00:00,2024-12-14T16:00:00,long,100,101297,101481
2024-12-14T16:00:00,2024-12-14T18:00:00,short,100,101435,101067
2024-12-14T18:00:00,2024-12-14T20:00:00,long,100,101067,101159
2024-12-14T20:00:00,2024-12-14T22:00:00,short,100,101113,101159
2024-12-14T22:00:00,2024-12-15T02:00:00,long,100,101159,101895
2024-12-15T02:00:00,2024-12-15T04:00:00,short,100,101895,101803
2024-12-15T04:00:00,2024-12-15T06:00:00,long,100,101849,101987
2024-12-15T06:00:00,2024-12-15T08:00:00,short,100,101987,101803
2024-12-15T08:00:00,2024-12-15T20:00:00,long,100,101803,103045
2024-12-15T20:00:00,2024-12-15T22:00:00,short,100,103045,102953
2024-12-15T22:00:00,2024-12-16T02:00:00,long,100,102999,105345
2024-12-16T02:00:00,2024-12-16T04:00:00,short,100,105345,104655
2024-12-16T04:00:00,2024-12-16T08:00:00,long,100,104655,104885
2024-12-16T08:00:00,2024-12-16T12:00:00,short,100,104885,103873
2024-12-16T12:00:00,2024-12-16T18:00:00,long,100,103873,106863
2024-12-16T18:00:00,2024-12-17T00:00:00,short,100,106863,106173
2024-12-17T00:00:00,2024-12-17T10:00:00,long,100,106173,107093
2024-12-17T10:00:00,2024-12-17T12:00:00,short,100,107093,106909
2024-12-17T12:00:00,2024-12-17T14:00:00,long,100,106955,107139
2024-12-17T14:00:00,2024-12-17T16:00:00,short,100,107139,106541
2024-12-17T16:00:00,2024-12-17T18:00:00,long,100,106541,107323
2024-12-17T18:00:00,2024-12-18T06:00:00,short,100,107323,103689
2024-12-18T06:00:00,2024-12-18T08:00:00,long,100,103689,104103
2024-12-18T08:00:00,2024-12-18T10:00:00,short,100,104103,104149
2024-12-18T10:00:00,2024-12-18T12:00:00,long,100,104195,104885
2024-12-18T12:00:00,2024-12-18T16:00:00,short,100,104885,104563
2024-12-18T16:00:00,2024-12-18T18:00:00,long,100,104563,104517
2024-12-18T18:00:00,2024-12-19T02:00:00,short,100,104471,99917
2024-12-19T02:00:00,2024-12-19T12:00:00,long,100,99917,102263
2024-12-19T12:00:00,2024-12-19T20:00:00,short,100,102263,97341
2024-12-19T20:00:00,2024-12-20T00:00:00,long,100,97341,97295
2024-12-20T00:00:00,2024-12-20T02:00:00,short,100,97157,96421
2024-12-20T02:00:00,2024-12-20T04:00:00,long,100,96421,96973
2024-12-20T04:00:00,2024-12-20T06:00:00,short,100,96973,96835
2024-12-20T06:00:00,2024-12-20T08:00:00,long,100,96881,97709
2024-12-20T08:00:00,2024-12-20T12:00:00,short,100,97709,92879
2024-12-20T12:00:00,2024-12-20T20:00:00,long,100,92879,97019
2024-12-20T20:00:00,2024-12-20T22:00:00,short,100,97019,96697
2024-12-20T22:00:00,2024-12-21T00:00:00,long,100,96697,97663
2024-12-21T00:00:00,2024-12-21T02:00:00,short,100,97663,97433
2024-12-21T02:00:00,2024-12-21T08:00:00,long,100,97433,98813
2024-12-21T08:00:00,2024-12-21T14:00:00,short,100,98813,97479
2024-12-21T14:00:00,2024-12-21T18:00:00,long,100,97479,97387
2024-12-21T18:00:00,2024-12-21T22:00:00,short,100,97249,97019
2024-12-21T22:00:00,2024-12-22T00:00:00,long,100,97019,97157
2024-12-22T00:00:00,2024-12-22T08:00:00,short,100,97111,96283
2024-12-22T08:00:00,2024-12-22T14:00:00,long,100,96283,96881
2024-12-22T14:00:00,2024-12-22T16:00:00,short,100,96881,95455
2024-12-22T16:00:00,2024-12-22T18:00:00,long,100,95455,95455
2024-12-22T18:00:00,2024-12-22T20:00:00,short,100,95363,94903
2024-12-22T20:00:00,2024-12-23T00:00:00,long,100,94903,95041
2024-12-23T00:00:00,2024-12-23T02:00:00,short,100,94995,94535
2024-12-23T02:00:00,2024-12-23T04:00:00,long,100,94535,95869
2024-12-23T04:00:00,2024-12-23T08:00:00,short,100,95869,95501
2024-12-23T08:00:00,2024-12-23T10:00:00,long,100,95501,95869
2024-12-23T10:00:00,2024-12-23T16:00:00,short,100,95869,93385
2024-12-23T16:00:00,2024-12-23T18:00:00,long,100,93385,93247
2024-12-23T18:00:00,2024-12-23T20:00:00,short,100,93063,93109
2024-12-23T20:00:00,2024-12-24T00:00:00,long,100,93109,94719
2024-12-24T00:00:00,2024-12-24T02:00:00,short,100,94719,94213
2024-12-24T02:00:00,2024-12-24T06:00:00,long,100,94213,94397
2024-12-24T06:00:00,2024-12-24T10:00:00,short,100,94351,94213
2024-12-24T10:00:00,2024-12-24T18:00:00,long,100,94213,98583
2024-12-24T18:00:00,2024-12-24T20:00:00,short,100,98583,97663
2024-12-24T20:00:00,2024-12-25T00:00:00,long,100,97663,98491
2024-12-25T00:00:00,2024-12-25T04:00:00,short,100,98491,98077
2024-12-25T04:00:00,2024-12-25T06:00:00,long,100,98077,98123
2024-12-25T06:00:00,2024-12-25T08:00:00,short,100,98077,98169
2024-12-25T08:00:00,2024-12-25T10:00:00,long,100,98169,98031
2024-12-25T10:00:00,2024-12-25T12:00:00,short,100,98031,97985
2024-12-25T12:00:00,2024-12-25T20:00:00,long,100,97985,98813
2024-12-25T20:00:00,2024-12-25T22:00:00,short,100,98813,98583
2024-12-25T22:00:00,2024-12-26T00:00:00,long,100,98583,99273
2024-12-26T00:00:00,2024-12-26T10:00:00,short,100,99273,95547
2024-12-26T10:00:00,2024-12-26T16:00:00,long,100,95547,95823
2024-12-26T16:00:00,2024-12-26T18:00:00,short,100,95823,95915
2024-12-26T18:00:00,2024-12-26T20:00:00,long,100,95961,95961
2024-12-26T20:00:00,2024-12-27T00:00:00,short,100,95961,95915
2024-12-27T02:00:00,2024-12-27T04:00:00,long,100,95961,96237
2024-12-27T04:00:00,2024-12-27T08:00:00,short,100,96237,95225
2024-12-27T08:00:00,2024-12-27T12:00:00,long,100,95225,96743
2024-12-27T12:00:00,2024-12-27T18:00:00,short,100,96743,94443
2024-12-27T18:00:00,2024-12-27T20:00:00,long,100,94443,94581
2024-12-27T20:00:00,2024-12-28T00:00:00,short,100,94535,94443
2024-12-28T00:00:00,2024-12-28T06:00:00,long,100,94443,94443
2024-12-28T06:00:00,2024-12-28T08:00:00,short,100,94397,94443
2024-12-28T08:00:00,2024-12-28T14:00:00,long,100,94443,94535
2024-12-28T14:00:00,2024-12-28T16:00:00,short,100,94535,94535
2024-12-28T16:00:00,2024-12-29T00:00:00,long,100,94581,95087
2024-12-29T00:00:00,2024-12-29T02:00:00,short,100,95087,94949
2024-12-29T02:00:00,2024-12-29T10:00:00,long,100,94995,95087
2024-12-29T10:00:00,2024-12-29T22:00:00,short,100,95087,93477
2024-12-29T22:00:00,2024-12-30T02:00:00,long,100,93477,93753
2024-12-30T02:00:00,2024-12-30T06:00:00,short,100,93753,93707
2024-12-30T08:00:00,2024-12-30T12:00:00,long,100,93753,93753
2024-12-30T12:00:00,2024-12-30T16:00:00,short,100,93753,92235
2024-12-30T16:00:00,2024-12-30T20:00:00,long,100,92235,94259
2024-12-30T20:00:00,2024-12-30T22:00:00,short,100,94259,92143
2024-12-30T22:00:00,2024-12-31T00:00:00,long,100,92143,92649
2024-12-31T00:00:00,2024-12-31T02:00:00,short,100,92649,92511
2024-12-31T04:00:00,2024-12-31T14:00:00,long,100,92557,95409
2024-12-31T14:00:00,2025-01-01T02:00:00,short,100,95409,93707
2025-01-01T02:00:00,2025-01-01T06:00:00,long,100,93707,93707
2025-01-01T06:00:00,2025-01-01T12:00:00,short,100,93615,93523
2025-01-01T12:00:00,2025-01-01T16:00:00,long,100,93523,94259
2025-01-01T16:00:00,2025-01-01T18:00:00,short,100,94259,94259
2025-01-01T18:00:00,2025-01-01T22:00:00,long,100,94351,94811
2025-01-01T22:00:00,2025-01-02T00:00:00,short,100,94811,94673
2025-01-02T00:00:00,2025-01-02T12:00:00,long,100,94719,96559
2025-01-02T12:00:00,2025-01-02T16:00:00,short,100,96559,96559
2025-01-02T16:00:00,2025-01-02T22:00:00,long,100,96651,97111
2025-01-02T22:00:00,2025-01-03T02:00:00,short,100,97111,97065
2025-01-03T04:00:00,2025-01-03T08:00:00,short,100,96927,96421
2025-01-03T08:00:00,2025-01-03T12:00:00,long,100,96421,96559
2025-01-03T12:00:00,2025-01-03T14:00:00,short,100,96513,96559
2025-01-03T14:00:00,2025-01-03T20:00:00,long,100,96559,98399
2025-01-03T20:00:00,2025-01-04T02:00:00,short,100,98399,98169
2025-01-04T06:00:00,2025-01-04T08:00:00,long,100,98215,98077
2025-01-04T08:00:00,2025-01-04T10:00:00,short,100,98077,97755
2025-01-04T10:00:00,2025-01-04T14:00:00,long,100,97755,97755
2025-01-04T14:00:00,2025-01-04T16:00:00,short,100,97663,97755
2025-01-04T16:00:00,2025-01-04T22:00:00,long,100,97755,98169
2025-01-04T22:00:00,2025-01-05T04:00:00,short,100,98169,98261
2025-01-05T04:00:00,2025-01-05T06:00:00,long,100,98353,98215
2025-01-05T06:00:00,2025-01-05T14:00:00,short,100,98215,97755
2025-01-05T14:00:00,2025-01-05T16:00:00,long,100,97755,97893
2025-01-05T16:00:00,2025-01-05T18:00:00,short,100,97847,97801
2025-01-05T18:00:00,2025-01-05T22:00:00,long,100,97801,98307
2025-01-05T22:00:00,2025-01-06T00:00:00,short,100,98307,98445
2025-01-06T00:00:00,2025-01-06T06:00:00,long,100,98537,99411
2025-01-06T06:00:00,2025-01-06T10:00:00,short,100,99411,99135
2025-01-06T10:00:00,2025-01-06T16:00:00,long,100,99135,101941
2025-01-06T16:00:00,2025-01-06T22:00:00,short,100,101941,101711
2025-01-06T22:00:00,2025-01-07T00:00:00,long,100,101757,102079
2025-01-07T00:00:00,2025-01-07T22:00:00,short,100,102079,96605
2025-01-07T22:00:00,2025-01-08T02:00:00,long,100,96605,96789
2025-01-08T02:00:00,2025-01-08T12:00:00,short,100,96743,95271
2025-01-08T12:00:00,2025-01-08T16:00:00,long,100,95271,95271
2025-01-08T16:00:00,2025-01-08T18:00:00,short,100,95179,94075
2025-01-08T18:00:00,2025-01-09T02:00:00,long,100,94075,94903
2025-01-09T02:00:00,2025-01-09T04:00:00,short,100,94903,94121
2025-01-09T04:00:00,2025-01-09T06:00:00,long,100,94121,94305
2025-01-09T06:00:00,2025-01-09T08:00:00,short,100,94259,93293
2025-01-09T08:00:00,2025-01-09T12:00:00,long,100,93293,93339
2025-01-09T12:00:00,2025-01-09T14:00:00,short,100,93247,92051
2025-01-09T14:00:00,2025-01-09T16:00:00,long,100,92051,94075
2025-01-09T16:00:00,2025-01-09T20:00:00,short,100,94075,92005
2025-01-09T20:00:00,2025-01-10T12:00:00,long,100,92005,94857
2025-01-10T12:00:00,2025-01-10T14:00:00,short,100,94857,93615
2025-01-10T14:00:00,2025-01-10T18:00:00,long,100,93615,95593
2025-01-10T18:00:00,2025-01-10T22:00:00,short,100,95593,94719
2025-01-10T22:00:00,2025-01-11T00:00:00,long,100,94719,94581
2025-01-11T00:00:00,2025-01-11T04:00:00,short,100,94443,94351
2025-01-11T04:00:00,2025-01-11T06:00:00,long,100,94351,94213
2025-01-11T08:00:00,2025-01-11T12:00:00,long,100,94305,94397
2025-01-11T12:00:00,2025-01-11T20:00:00,short,100,94351,94259
2025-01-11T20:00:00,2025-01-11T22:00:00,long,100,94259,94765
2025-01-11T22:00:00,2025-01-12T10:00:00,short,100,94765,94029
2025-01-12T10:00:00,2025-01-12T18:00:00,long,100,94029,94949
2025-01-12T18:00:00,2025-01-12T22:00:00,short,100,94949,94489
2025-01-12T22:00:00,2025-01-13T00:00:00,long,100,94489,94397
2025-01-13T00:00:00,2025-01-13T12:00:00,short,100,94305,90993
2025-01-13T12:00:00,2025-01-13T16:00:00,long,100,90993,91913
2025-01-13T16:00:00,2025-01-13T18:00:00,short,100,91913,92051
2025-01-13T18:00:00,2025-01-14T10:00:00,long,100,92189,96973
2025-01-14T10:00:00,2025-01-14T16:00:00,short,100,96973,96467
2025-01-14T16:00:00,2025-01-14T20:00:00,long,100,96467,96651
2025-01-14T20:00:00,2025-01-15T00:00:00,short,100,96605,96559
2025-01-15T00:00:00,2025-01-15T04:00:00,long,100,96559,97203
2025-01-15T04:00:00,2025-01-15T06:00:00,short,100,97203,97111
2025-01-15T06:00:00,2025-01-15T08:00:00,long,100,97157,97157
2025-01-15T08:00:00,2025-01-15T12:00:00,short,100,97157,96881
2025-01-15T12:00:00,2025-01-15T16:00:00,long,100,96881,98813
2025-01-15T16:00:00,2025-01-15T18:00:00,short,100,98813,98721
2025-01-15T18:00:00,2025-01-15T20:00:00,long,100,98767,99687
2025-01-15T20:00:00,2025-01-15T22:00:00,short,100,99687,99733
2025-01-15T22:00:00,2025-01-16T00:00:00,long,100,99825,100331
2025-01-16T00:00:00,2025-01-16T06:00:00,short,100,100331,99503
2025-01-16T06:00:00,2025-01-16T08:00:00,long,100,99503,99641
2025-01-16T08:00:00,2025-01-16T14:00:00,short,100,99595,99181
2025-01-16T14:00:00,2025-01-16T20:00:00,long,100,99181,100239
2025-01-16T20:00:00,2025-01-17T00:00:00,short,100,100239,100101
2025-01-17T00:00:00,2025-01-17T02:00:00,long,100,100147,101527
2025-01-17T02:00:00,2025-01-17T04:00:00,short,100,101527,101113
2025-01-17T04:00:00,2025-01-17T20:00:00,long,100,101113,105621
2025-01-17T20:00:00,2025-01-18T00:00:00,short,100,105621,104195
2025-01-18T00:00:00,2025-01-18T02:00:00,long,100,104195,104103
2025-01-18T02:00:00,2025-01-18T08:00:00,short,100,103965,102953
2025-01-18T08:00:00,2025-01-18T16:00:00,long,100,102953,104379
2025-01-18T16:00:00,2025-01-18T18:00:00,short,100,104379,103919
2025-01-18T18:00:00,2025-01-18T20:00:00,long,100,103919,104241
2025-01-18T20:00:00,2025-01-18T22:00:00,short,100,104241,103965
2025-01-18T22:00:00,2025-01-19T00:00:00,long,100,103965,104425
2025-01-19T00:00:00,2025-01-19T02:00:00,short,100,104425,104563
2025-01-19T02:00:00,2025-01-19T10:00:00,long,100,104655,105161
2025-01-19T10:00:00,2025-01-19T12:00:00,short,100,105161,104471
2025-01-19T12:00:00,2025-01-19T20:00:00,long,100,104471,106081
2025-01-19T20:00:00,2025-01-20T02:00:00,short,100,106081,100837
2025-01-20T02:00:00,2025-01-20T12:00:00,long,100,100837,108105
2025-01-20T12:00:00,2025-01-20T18:00:00,short,100,108105,103091
2025-01-20T18:00:00,2025-01-20T20:00:00,long,100,103091,103551
2025-01-20T20:00:00,2025-01-21T02:00:00,short,100,103551,101665
2025-01-21T02:00:00,2025-01-21T04:00:00,long,100,101665,102815
2025-01-21T04:00:00,2025-01-21T06:00:00,short,100,102815,101481
2025-01-21T06:00:00,2025-01-21T14:00:00,long,100,101481,104287
2025-01-21T14:00:00,2025-01-21T16:00:00,short,100,104287,104057
2025-01-21T16:00:00,2025-01-21T20:00:00,long,100,104103,106817
2025-01-21T20:00:00,2025-01-22T10:00:00,short,100,106817,105115
2025-01-22T10:00:00,2025-01-22T12:00:00,long,100,105115,104977
2025-01-22T12:00:00,2025-01-22T14:00:00,short,100,104793,104149
2025-01-22T14:00:00,2025-01-22T20:00:00,long,100,104149,104425
2025-01-22T20:00:00,2025-01-23T06:00:00,short,100,104425,102585
2025-01-23T06:00:00,2025-01-23T08:00:00,long,100,102585,102539
2025-01-23T08:00:00,2025-01-23T10:00:00,short,100,102401,101757
2025-01-23T10:00:00,2025-01-23T18:00:00,long,100,101757,105759
2025-01-23T18:00:00,2025-01-23T22:00:00,short,100,105759,103183
2025-01-23T22:00:00,2025-01-24T00:00:00,long,100,103183,103735
2025-01-24T00:00:00,2025-01-24T02:00:00,short,100,103735,103321
2025-01-24T02:00:00,2025-01-24T06:00:00,long,100,103321,105023
2025-01-24T06:00:00,2025-01-24T08:00:00,short,100,105023,105115
2025-01-24T10:00:00,2025-01-24T12:00:00,long,100,105253,105207
2025-01-24T12:00:00,2025-01-24T14:00:00,short,100,105207,105207
2025-01-24T14:00:00,2025-01-24T18:00:00,long,100,105253,106265
2025-01-24T18:00:00,2025-01-25T02:00:00,short,100,106265,104839
2025-01-25T02:00:00,2025-01-25T04:00:00,long,100,104839,105023
2025-01-25T04:00:00,2025-01-25T10:00:00,short,100,104977,104425
2025-01-25T10:00:00,2025-01-25T22:00:00,long,100,104425,104885
2025-01-25T22:00:00,2025-01-26T02:00:00,short,100,104885,104747
2025-01-26T02:00:00,2025-01-26T06:00:00,long,100,104793,104931
2025-01-26T06:00:00,2025-01-26T10:00:00,short,100,104931,104747
2025-01-26T10:00:00,2025-01-26T20:00:00,long,100,104747,104885
2025-01-26T20:00:00,2025-01-27T02:00:00,short,100,104885,101389
2025-01-27T02:00:00,2025-01-27T04:00:00,long,100,101389,101251
2025-01-27T04:00:00,2025-01-27T08:00:00,short,100,101067,99135
2025-01-27T08:00:00,2025-01-27T10:00:00,long,100,99135,99273
2025-01-27T10:00:00,2025-01-27T12:00:00,short,100,99227,98813
2025-01-27T12:00:00,2025-01-27T16:00:00,long,100,98813,100929
2025-01-27T16:00:00,2025-01-27T18:00:00,short,100,100929,99227
2025-01-27T18:00:00,2025-01-28T00:00:00,long,100,99227,101849
2025-01-28T00:00:00,2025-01-28T02:00:00,short,100,101849,101481
2025-01-28T02:00:00,2025-01-28T06:00:00,long,100,101481,102815
2025-01-28T06:00:00,2025-01-28T08:00:00,short,100,102815,102861
2025-01-28T10:00:00,2025-01-28T14:00:00,short,100,102815,102723
2025-01-28T14:00:00,2025-01-28T16:00:00,long,100,102723,102631
2025-01-28T16:00:00,2025-01-28T22:00:00,short,100,102631,100469
2025-01-28T22:00:00,2025-01-29T08:00:00,long,100,100469,102585
2025-01-29T08:00:00,2025-01-29T10:00:00,short,100,102585,102401
2025-01-29T10:00:00,2025-01-29T12:00:00,long,100,102447,102493
2025-01-29T12:00:00,2025-01-29T14:00:00,short,100,102493,101895
2025-01-29T14:00:00,2025-01-30T06:00:00,long,100,101895,105161
2025-01-30T06:00:00,2025-01-30T08:00:00,short,100,105161,105207
2025-01-30T08:00:00,2025-01-30T10:00:00,long,100,105345,105253
2025-01-30T10:00:00,2025-01-30T14:00:00,short,100,105253,104977
2025-01-30T14:00:00,2025-01-30T16:00:00,long,100,104977,105391
2025-01-30T16:00:00,2025-01-30T18:00:00,short,100,105391,105345
2025-01-30T18:00:00,2025-01-30T20:00:00,long,100,105391,105529
2025-01-30T20:00:00,2025-01-31T10:00:00,short,100,105529,104333
2025-01-31T10:00:00,2025-01-31T16:00:00,long,100,104333,105253
2025-01-31T16:00:00,2025-01-31T22:00:00,short,100,105253,102263
2025-01-31T22:00:00,2025-02-01T02:00:00,long,100,102263,102355
2025-02-01T02:00:00,2025-02-01T04:00:00,short,100,102309,102309
2025-02-01T04:00:00,2025-02-01T06:00:00,long,100,102309,102309
2025-02-01T06:00:00,2025-02-01T10:00:00,short,100,102309,101803
2025-02-01T10:00:00,2025-02-01T12:00:00,long,100,101803,101849
2025-02-01T12:00:00,2025-02-01T14:00:00,short,100,101803,101941
2025-02-01T14:00:00,2025-02-01T18:00:00,long,100,101941,102079
2025-02-01T18:00:00,2025-02-02T00:00:00,short,100,102079,100745
2025-02-02T00:00:00,2025-02-02T02:00:00,long,100,100745,101113
2025-02-02T02:00:00,2025-02-02T04:00:00,short,100,101113,99273
2025-02-02T04:00:00,2025-02-02T06:00:00,long,100,99273,100101
2025-02-02T06:00:00,2025-02-02T14:00:00,short,100,100101,98905
2025-02-02T14:00:00,2025-02-02T16:00:00,long,100,98905,99181
2025-02-02T16:00:00,2025-02-02T18:00:00,short,100,99181,97295
2025-02-02T18:00:00,2025-02-02T20:00:00,long,100,97295,98123
2025-02-02T20:00:00,2025-02-02T22:00:00,short,100,98123,97111
2025-02-02T22:00:00,2025-02-03T00:00:00,long,100,97111,97571
2025-02-03T00:00:00,2025-02-03T02:00:00,short,100,97571,93431
2025-02-03T02:00:00,2025-02-03T10:00:00,long,100,93431,95133
2025-02-03T10:00:00,2025-02-03T14:00:00,short,100,95133,94765
2025-02-03T14:00:00,2025-02-03T22:00:00,long,100,94765,101665
2025-02-03T22:00:00,2025-02-04T10:00:00,short,100,101665,98491
2025-02-04T10:00:00,2025-02-04T16:00:00,long,100,98491,99135
2025-02-04T16:00:00,2025-02-04T22:00:00,short,100,99135,96605
2025-02-04T22:00:00,2025-02-05T06:00:00,long,100,96605,97939
2025-02-05T06:00:00,2025-02-05T10:00:00,short,100,97939,97525
2025-02-05T10:00:00,2025-02-05T14:00:00,long,100,97525,98399
2025-02-05T14:00:00,2025-02-06T00:00:00,short,100,98399,96743
2025-02-06T00:00:00,2025-02-06T12:00:00,long,100,96743,98675
2025-02-06T12:00:00,2025-02-06T20:00:00,short,100,98675,96099
2025-02-06T20:00:00,2025-02-06T22:00:00,long,100,96099,96651
2025-02-06T22:00:00,2025-02-07T00:00:00,short,100,96651,96651
2025-02-07T00:00:00,2025-02-07T06:00:00,long,100,96743,97249
2025-02-07T06:00:00,2025-02-07T08:00:00,short,100,97249,96835
2025-02-07T08:00:00,2025-02-07T14:00:00,long,100,96835,98629
2025-02-07T14:00:00,2025-02-07T22:00:00,short,100,98629,96099
2025-02-07T22:00:00,2025-02-08T04:00:00,long,100,96099,96513
2025-02-08T04:00:00,2025-02-08T12:00:00,short,100,96513,96237
2025-02-08T12:00:00,2025-02-08T14:00:00,long,100,96237,96099
2025-02-08T14:00:00,2025-02-08T16:00:00,short,100,96099,95915
2025-02-08T16:00:00,2025-02-08T22:00:00,long,100,95915,96375
2025-02-08T22:00:00,2025-02-09T00:00:00,short,100,96375,96513
2025-02-09T00:00:00,2025-02-09T04:00:00,long,100,96605,97111
2025-02-09T04:00:00,2025-02-09T14:00:00,short,100,97111,96007
2025-02-09T14:00:00,2025-02-09T16:00:00,long,100,96007,96329
2025-02-09T16:00:00,2025-02-09T22:00:00,short,100,96329,95271
2025-02-09T22:00:00,2025-02-10T00:00:00,long,100,95271,96329
2025-02-10T00:00:00,2025-02-10T02:00:00,short,100,96329,95639
2025-02-10T02:00:00,2025-02-10T14:00:00,long,100,95639,98031
2025-02-10T14:00:00,2025-02-10T16:00:00,short,100,98031,97295
2025-02-10T16:00:00,2025-02-10T18:00:00,long,100,97295,97341
2025-02-11T00:00:00,2025-02-11T02:00:00,long,100,97433,97847
2025-02-11T02:00:00,2025-02-11T04:00:00,short,100,97847,97663
2025-02-11T04:00:00,2025-02-11T06:00:00,long,100,97709,98261
2025-02-11T06:00:00,2025-02-11T10:00:00,short,100,98261,98123
2025-02-11T12:00:00,2025-02-11T14:00:00,short,100,97985,96835
2025-02-11T14:00:00,2025-02-11T16:00:00,long,100,96835,96835
2025-02-11T16:00:00,2025-02-11T20:00:00,short,100,96743,95133
2025-02-11T20:00:00,2025-02-11T22:00:00,long,100,95133,96237
2025-02-11T22:00:00,2025-02-12T00:00:00,short,100,96237,95869
2025-02-12T00:00:00,2025-02-12T02:00:00,long,100,95869,96053
2025-02-12T02:00:00,2025-02-12T04:00:00,short,100,96053,95363
2025-02-12T04:00:00,2025-02-12T12:00:00,long,100,95363,95961
2025-02-12T12:00:00,2025-02-12T14:00:00,short,100,95961,95041
2025-02-12T14:00:00,2025-02-12T18:00:00,long,100,95041,97157
2025-02-12T18:00:00,2025-02-12T20:00:00,short,100,97157,97249
2025-02-12T20:00:00,2025-02-13T02:00:00,long,100,97387,97801
2025-02-13T02:00:00,2025-02-13T08:00:00,short,100,97801,96191
2025-02-13T08:00:00,2025-02-13T10:00:00,long,100,96191,96099
2025-02-13T10:00:00,2025-02-13T12:00:00,short,100,95961,96007
2025-02-13T12:00:00,2025-02-13T14:00:00,long,100,96007,95915
2025-02-13T16:00:00,2025-02-13T20:00:00,short,100,95823,95731
2025-02-13T20:00:00,2025-02-14T04:00:00,long,100,95731,96927
2025-02-14T04:00:00,2025-02-14T06:00:00,short,100,96927,96743
2025-02-14T06:00:00,2025-02-14T10:00:00,long,100,96789,96881
2025-02-14T10:00:00,2025-02-14T14:00:00,short,100,96881,96881
2025-02-14T14:00:00,2025-02-14T18:00:00,long,100,96927,98353
2025-02-14T18:00:00,2025-02-15T00:00:00,short,100,98353,97571
2025-02-15T00:00:00,2025-02-15T02:00:00,long,100,97571,97617
2025-02-15T06:00:00,2025-02-15T08:00:00,short,100,97525,97479
2025-02-15T08:00:00,2025-02-15T16:00:00,long,100,97479,97525
2025-02-15T16:00:00,2025-02-15T18:00:00,short,100,97479,97479
2025-02-15T18:00:00,2025-02-16T02:00:00,long,100,97479,97479
2025-02-16T02:00:00,2025-02-16T18:00:00,short,100,97479,96973
2025-02-16T18:00:00,2025-02-16T22:00:00,long,100,96973,96973
2025-02-16T22:00:00,2025-02-17T00:00:00,short,100,96881,96191
2025-02-17T00:00:00,2025-02-17T02:00:00,long,100,96191,96329
2025-02-17T02:00:00,2025-02-17T12:00:00,short,100,96283,96191
2025-02-17T12:00:00,2025-02-17T14:00:00,long,100,96191,96237
2025-02-17T14:00:00,2025-02-17T20:00:00,short,100,96191,95593
2025-02-17T20:00:00,2025-02-17T22:00:00,long,100,95593,96283
2025-02-17T22:00:00,2025-02-18T00:00:00,short,100,96283,95869
2025-02-18T00:00:00,2025-02-18T02:00:00,long,100,95869,96145
2025-02-18T02:00:00,2025-02-18T08:00:00,short,100,96145,95593
2025-02-18T08:00:00,2025-02-18T10:00:00,long,100,95593,95639
2025-02-18T10:00:00,2025-02-18T12:00:00,short,100,95593,95731
2025-02-18T12:00:00,2025-02-18T14:00:00,long,100,95731,96099
2025-02-18T14:00:00,2025-02-18T20:00:00,short,100,96099,94213
2025-02-18T20:00:00,2025-02-19T00:00:00,long,100,94213,95455
2025-02-19T00:00:00,2025-02-19T02:00:00,short,100,95455,95547
2025-02-19T02:00:00,2025-02-19T04:00:00,long,100,95685,95547
2025-02-19T04:00:00,2025-02-19T06:00:00,short,100,95547,95363
2025-02-19T06:00:00,2025-02-19T12:00:00,long,100,95363,96237
2025-02-19T12:00:00,2025-02-19T16:00:00,short,100,96237,96053
2025-02-19T16:00:00,2025-02-19T18:00:00,long,100,96099,96237
2025-02-19T18:00:00,2025-02-19T20:00:00,short,100,96237,96283
2025-02-19T22:00:00,2025-02-20T04:00:00,long,100,96329,96835
2025-02-20T04:00:00,2025-02-20T08:00:00,short,100,96835,96973
2025-02-20T08:00:00,2025-02-20T14:00:00,long,100,97111,97341
2025-02-20T14:00:00,2025-02-20T16:00:00,short,100,97341,96973
2025-02-20T16:00:00,2025-02-20T20:00:00,long,100,96973,98215
2025-02-20T20:00:00,2025-02-20T22:00:00,short,100,98215,98169
2025-02-20T22:00:00,2025-02-21T02:00:00,long,100,98261,98123
2025-02-21T02:00:00,2025-02-21T04:00:00,short,100,98123,98215
2025-02-21T04:00:00,2025-02-21T06:00:00,long,100,98215,98169
2025-02-21T06:00:00,2025-02-21T08:00:00,short,100,98169,98261
2025-02-21T08:00:00,2025-02-21T14:00:00,long,100,98261,99135
2025-02-21T14:00:00,2025-02-21T20:00:00,short,100,99135,95409
2025-02-21T20:00:00,2025-02-22T06:00:00,long,100,95409,96329
2025-02-22T06:00:00,2025-02-22T08:00:00,short,100,96329,96375
2025-02-22T08:00:00,2025-02-22T22:00:00,long,100,96467,96467
2025-02-22T22:00:00,2025-02-23T06:00:00,short,100,96467,96329
2025-02-23T06:00:00,2025-02-23T08:00:00,long,100,96375,96329
2025-02-23T08:00:00,2025-02-23T16:00:00,short,100,96329,95547
2025-02-23T16:00:00,2025-02-24T00:00:00,long,100,95547,96053
2025-02-24T00:00:00,2025-02-24T04:00:00,short,100,96053,95547
2025-02-24T04:00:00,2025-02-24T08:00:00,long,100,95547,95685
2025-02-24T12:00:00,2025-02-24T16:00:00,short,100,95639,94443
2025-02-24T16:00:00,2025-02-24T18:00:00,long,100,94443,94489
2025-02-24T18:00:00,2025-02-25T00:00:00,short,100,94397,91729
2025-02-25T00:00:00,2025-02-25T06:00:00,long,100,91729,91959
2025-02-25T06:00:00,2025-02-25T10:00:00,short,100,91913,88417
2025-02-25T10:00:00,2025-02-25T12:00:00,long,100,88417,89061
2025-02-25T12:00:00,2025-02-25T18:00:00,short,100,89061,87359
2025-02-25T18:00:00,2025-02-25T22:00:00,long,100,87359,88601
2025-02-25T22:00:00,2025-02-26T02:00:00,short,100,88601,88739
2025-02-26T04:00:00,2025-02-26T06:00:00,short,100,88739,88509
2025-02-26T06:00:00,2025-02-26T10:00:00,long,100,88509,88923
2025-02-26T10:00:00,2025-02-26T14:00:00,short,100,88923,87313
2025-02-26T14:00:00,2025-02-26T16:00:00,long,100,87313,87405
2025-02-26T16:00:00,2025-02-26T20:00:00,short,100,87359,84001
2025-02-26T20:00:00,2025-02-26T22:00:00,long,100,84001,84507
2025-02-26T22:00:00,2025-02-27T00:00:00,short,100,84507,84323
2025-02-27T00:00:00,2025-02-27T12:00:00,long,100,84369,86485
2025-02-27T12:00:00,2025-02-27T20:00:00,short,100,86485,84231
2025-02-27T20:00:00,2025-02-28T00:00:00,long,100,84231,84507
2025-02-28T00:00:00,2025-02-28T08:00:00,short,100,84507,79309
2025-02-28T08:00:00,2025-02-28T16:00:00,long,100,79309,83771
2025-02-28T16:00:00,2025-02-28T18:00:00,short,100,83771,83679
2025-02-28T18:00:00,2025-02-28T20:00:00,long,100,83725,84277
2025-02-28T20:00:00,2025-02-28T22:00:00,short,100,84277,84323
2025-03-01T00:00:00,2025-03-01T06:00:00,long,100,84415,85381
2025-03-01T06:00:00,2025-03-01T08:00:00,short,100,85381,84829
2025-03-01T08:00:00,2025-03-01T10:00:00,long,100,84829,85197
2025-03-01T10:00:00,2025-03-01T14:00:00,short,100,85197,84645
2025-03-01T14:00:00,2025-03-02T02:00:00,long,100,84645,86117
2025-03-02T02:00:00,2025-03-02T04:00:00,short,100,86117,85933
2025-03-02T06:00:00,2025-03-02T08:00:00,long,100,85979,86025
2025-03-02T08:00:00,2025-03-02T10:00:00,short,100,86025,85979
2025-03-02T10:00:00,2025-03-02T12:00:00,long,100,85979,85933
2025-03-02T12:00:00,2025-03-02T14:00:00,short,100,85933,85795
2025-03-02T14:00:00,2025-03-02T18:00:00,long,100,85795,93891
2025-03-02T18:00:00,2025-03-02T20:00:00,short,100,93891,93569
2025-03-02T20:00:00,2025-03-03T00:00:00,long,100,93569,94121
2025-03-03T00:00:00,2025-03-03T04:00:00,short,100,94121,92833
2025-03-03T04:00:00,2025-03-03T06:00:00,long,100,92833,93155
2025-03-03T06:00:00,2025-03-03T10:00:00,short,100,93155,91959
2025-03-03T10:00:00,2025-03-03T14:00:00,long,100,91959,93385
2025-03-03T14:00:00,2025-03-03T16:00:00,short,100,93385,90119
2025-03-03T16:00:00,2025-03-03T18:00:00,long,100,90119,90119
2025-03-03T18:00:00,2025-03-03T22:00:00,short,100,90027,85519
2025-03-03T22:00:00,2025-03-04T00:00:00,long,100,85519,86071
2025-03-04T00:00:00,2025-03-04T02:00:00,short,100,86071,83449
2025-03-04T02:00:00,2025-03-04T06:00:00,long,100,83449,84093
2025-03-04T06:00:00,2025-03-04T08:00:00,short,100,84093,83265
2025-03-04T08:00:00,2025-03-04T12:00:00,long,100,83265,83725
2025-03-04T12:00:00,2025-03-04T14:00:00,short,100,83725,82897
2025-03-04T14:00:00,2025-03-04T20:00:00,long,100,82897,88003
2025-03-04T20:00:00,2025-03-05T00:00:00,short,100,88003,87405
2025-03-05T00:00:00,2025-03-05T02:00:00,long,100,87405,87451
2025-03-05T02:00:00,2025-03-05T04:00:00,short,100,87405,86899
2025-03-05T04:00:00,2025-03-05T12:00:00,long,100,86899,89613
2025-03-05T12:00:00,2025-03-05T16:00:00,short,100,89613,88463
2025-03-05T16:00:00,2025-03-06T06:00:00,long,100,88463,92557
2025-03-06T06:00:00,2025-03-06T10:00:00,short,100,92557,90855
2025-03-06T10:00:00,2025-03-06T12:00:00,long,100,90855,91223
2025-03-06T12:00:00,2025-03-06T14:00:00,short,100,91223,89659
2025-03-06T14:00:00,2025-03-06T16:00:00,long,100,89659,90671
2025-03-06T16:00:00,2025-03-06T20:00:00,short,100,90671,88647
2025-03-06T20:00:00,2025-03-07T00:00:00,long,100,88647,89751
2025-03-07T00:00:00,2025-03-07T04:00:00,short,100,89751,87129
2025-03-07T04:00:00,2025-03-07T14:00:00,long,100,87129,88923
2025-03-07T14:00:00,2025-03-07T18:00:00,short,100,88923,87819
2025-03-07T18:00:00,2025-03-07T20:00:00,long,100,87819,87681
2025-03-07T20:00:00,2025-03-07T22:00:00,short,100,87543,86347
2025-03-07T22:00:00,2025-03-08T00:00:00,long,100,86347,86623
2025-03-08T00:00:00,2025-03-08T04:00:00,short,100,86623,86025
2025-03-08T04:00:00,2025-03-08T06:00:00,long,100,86025,86117
2025-03-08T08:00:00,2025-03-08T12:00:00,short,100,86071,86071
2025-03-08T12:00:00,2025-03-08T16:00:00,long,100,86071,86209
2025-03-08T16:00:00,2025-03-08T18:00:00,short,100,86209,86025
2025-03-08T18:00:00,2025-03-09T02:00:00,long,100,86025,86071
2025-03-09T04:00:00,2025-03-09T18:00:00,short,100,86025,82483
2025-03-09T18:00:00,2025-03-09T20:00:00,long,100,82483,82483
2025-03-09T20:00:00,2025-03-10T00:00:00,short,100,82391,80827
2025-03-10T00:00:00,2025-03-10T12:00:00,long,100,80827,83357
2025-03-10T12:00:00,2025-03-10T18:00:00,short,100,83357,78573
2025-03-10T18:00:00,2025-03-10T22:00:00,long,100,78573,79355
2025-03-10T22:00:00,2025-03-11T00:00:00,short,100,79355,78665
2025-03-11T00:00:00,2025-03-11T12:00:00,long,100,78665,81517
2025-03-11T12:00:00,2025-03-11T14:00:00,short,100,81517,80965
2025-03-11T14:00:00,2025-03-11T22:00:00,long,100,80965,82897
2025-03-11T22:00:00,2025-03-12T00:00:00,short,100,82897,82989
2025-03-12T00:00:00,2025-03-12T02:00:00,long,100,83127,83127
2025-03-12T02:00:00,2025-03-12T06:00:00,short,100,83127,82115
2025-03-12T06:00:00,2025-03-12T12:00:00,long,100,82115,82805
2025-03-12T12:00:00,2025-03-12T16:00:00,short,100,82805,81839
2025-03-12T16:00:00,2025-03-13T02:00:00,long,100,81839,83725
2025-03-13T02:00:00,2025-03-13T08:00:00,short,100,83725,83265
2025-03-13T08:00:00,2025-03-13T10:00:00,long,100,83265,83265
2025-03-13T10:00:00,2025-03-13T18:00:00,short,100,83219,80183
2025-03-13T18:00:00,2025-03-14T16:00:00,long,100,80183,84507
2025-03-14T16:00:00,2025-03-14T18:00:00,short,100,84507,84415
2025-03-14T18:00:00,2025-03-14T20:00:00,long,100,84461,84369
2025-03-14T20:00:00,2025-03-15T00:00:00,short,100,84369,84093
2025-03-15T00:00:00,2025-03-15T04:00:00,long,100,84093,84277
2025-03-15T04:00:00,2025-03-15T08:00:00,short,100,84277,83955
2025-03-15T08:00:00,2025-03-15T18:00:00,long,100,83955,84231
2025-03-15T18:00:00,2025-03-15T20:00:00,short,100,84231,84369
2025-03-15T20:00:00,2025-03-16T00:00:00,long,100,84369,84185
2025-03-16T00:00:00,2025-03-16T02:00:00,short,100,84185,83955
2025-03-16T02:00:00,2025-03-16T08:00:00,long,100,83955,84185
2025-03-16T08:00:00,2025-03-16T12:00:00,short,100,84185,82529
2025-03-16T12:00:00,2025-03-16T18:00:00,long,100,82529,83725
2025-03-16T18:00:00,2025-03-17T00:00:00,short,100,83725,82713
2025-03-17T00:00:00,2025-03-17T04:00:00,long,100,82713,83495
2025-03-17T04:00:00,2025-03-17T06:00:00,short,100,83495,83219
2025-03-17T06:00:00,2025-03-17T10:00:00,long,100,83219,83449
2025-03-17T10:00:00,2025-03-17T14:00:00,short,100,83449,83127
2025-03-17T14:00:00,2025-03-17T20:00:00,long,100,83127,84277
2025-03-17T20:00:00,2025-03-18T06:00:00,short,100,84277,83127
2025-03-18T06:00:00,2025-03-18T08:00:00,long,100,83127,82989
2025-03-18T08:00:00,2025-03-18T14:00:00,short,100,82851,81471
2025-03-18T14:00:00,2025-03-18T16:00:00,long,100,81471,81471
2025-03-18T18:00:00,2025-03-18T20:00:00,long,100,81563,82161
2025-03-18T20:00:00,2025-03-18T22:00:00,short,100,82161,82115
2025-03-18T22:00:00,2025-03-19T00:00:00,long,100,82207,82529
2025-03-19T00:00:00,2025-03-19T02:00:00,short,100,82529,82667
2025-03-19T02:00:00,2025-03-19T16:00:00,long,100,82759,84507
2025-03-19T16:00:00,2025-03-19T18:00:00,short,100,84507,84277
2025-03-19T18:00:00,2025-03-20T00:00:00,long,100,84323,86669
2025-03-20T00:00:00,2025-03-20T20:00:00,short,100,86669,84231
2025-03-20T20:00:00,2025-03-20T22:00:00,long,100,84231,84231
2025-03-20T22:00:00,2025-03-21T00:00:00,short,100,84139,84277
2025-03-21T00:00:00,2025-03-21T02:00:00,long,100,84277,84599
2025-03-21T02:00:00,2025-03-21T08:00:00,short,100,84599,84047
2025-03-21T08:00:00,2025-03-21T10:00:00,long,100,84047,84001
2025-03-21T12:00:00,2025-03-21T16:00:00,short,100,83909,83679
2025-03-21T16:00:00,2025-03-21T22:00:00,long,100,83679,84185
2025-03-21T22:00:00,2025-03-22T02:00:00,short,100,84185,84185
2025-03-22T04:00:00,2025-03-22T12:00:00,long,100,84277,84139
2025-03-22T12:00:00,2025-03-22T16:00:00,short,100,84139,84231
2025-03-22T16:00:00,2025-03-22T20:00:00,long,100,84231,84047
2025-03-22T20:00:00,2025-03-23T00:00:00,short,100,84047,83955
2025-03-23T00:00:00,2025-03-23T16:00:00,long,100,83955,84967
2025-03-23T16:00:00,2025-03-23T20:00:00,short,100,84967,85105
2025-03-23T22:00:00,2025-03-24T00:00:00,long,100,85243,85887
2025-03-24T00:00:00,2025-03-24T02:00:00,short,100,85887,85657
2025-03-24T02:00:00,2025-03-24T18:00:00,long,100,85657,88233
2025-03-24T18:00:00,2025-03-25T04:00:00,short,100,88233,86623
2025-03-25T04:00:00,2025-03-25T06:00:00,long,100,86623,86485
2025-03-25T08:00:00,2025-03-25T20:00:00,long,100,86531,87911
2025-03-25T20:00:00,2025-03-26T00:00:00,short,100,87911,87543
2025-03-26T00:00:00,2025-03-26T02:00:00,long,100,87543,87681
2025-03-26T02:00:00,2025-03-26T04:00:00,short,100,87635,87221
2025-03-26T04:00:00,2025-03-26T08:00:00,long,100,87221,87957
2025-03-26T08:00:00,2025-03-26T20:00:00,short,100,87957,86715
2025-03-26T20:00:00,2025-03-26T22:00:00,long,100,86715,86945
2025-03-26T22:00:00,2025-03-27T00:00:00,short,100,86945,86991
2025-03-27T00:00:00,2025-03-27T04:00:00,long,100,86991,87451
2025-03-27T04:00:00,2025-03-27T06:00:00,short,100,87451,87405
2025-03-27T10:00:00,2025-03-27T14:00:00,short,100,87267,86485
2025-03-27T14:00:00,2025-03-27T22:00:00,long,100,86485,87359
2025-03-27T22:00:00,2025-03-28T20:00:00,short,100,87359,83909
2025-03-28T20:00:00,2025-03-29T00:00:00,long,100,83909,84231
2025-03-29T00:00:00,2025-03-29T12:00:00,short,100,84231,82437
2025-03-29T12:00:00,2025-03-29T14:00:00,long,100,82437,82713
2025-03-29T14:00:00,2025-03-29T18:00:00,short,100,82713,82437
2025-03-29T18:00:00,2025-03-29T20:00:00,long,100,82437,82621
2025-03-29T20:00:00,2025-03-29T22:00:00,short,100,82621,82575
2025-03-29T22:00:00,2025-03-30T04:00:00,long,100,82621,82897
2025-03-30T04:00:00,2025-03-30T06:00:00,short,100,82897,83035
2025-03-30T06:00:00,2025-03-30T10:00:00,long,100,83081,83311
2025-03-30T10:00:00,2025-03-30T18:00:00,short,100,83311,82529
2025-03-30T18:00:00,2025-03-30T20:00:00,long,100,82529,82391
2025-03-30T20:00:00,2025-03-30T22:00:00,short,100,82253,82299
2025-03-30T22:00:00,2025-03-31T00:00:00,long,100,82299,82253
2025-03-31T00:00:00,2025-03-31T04:00:00,short,100,82161,81655
2025-03-31T04:00:00,2025-03-31T06:00:00,long,100,81655,82023
2025-03-31T06:00:00,2025-03-31T10:00:00,short,100,82023,81563
2025-03-31T10:00:00,2025-03-31T16:00:00,long,100,81563,83219
2025-03-31T16:00:00,2025-04-01T00:00:00,short,100,83219,82575
2025-04-01T00:00:00,2025-04-01T10:00:00,long,100,82575,84139
2025-04-01T10:00:00,2025-04-01T14:00:00,short,100,84139,83817
2025-04-01T14:00:00,2025-04-01T16:00:00,long,100,83817,85151
2025-04-01T16:00:00,2025-04-01T20:00:00,short,100,85151,85059
2025-04-01T20:00:00,2025-04-02T00:00:00,long,100,85105,85059
2025-04-02T00:00:00,2025-04-02T06:00:00,short,100,85059,84231
2025-04-02T06:00:00,2025-04-02T10:00:00,long,100,84231,84829
2025-04-02T10:00:00,2025-04-02T12:00:00,short,100,84829,84645
2025-04-02T12:00:00,2025-04-02T16:00:00,long,100,84691,86531
2025-04-02T16:00:00,2025-04-02T18:00:00,short,100,86531,86669
2025-04-02T18:00:00,2025-04-02T20:00:00,long,100,86853,86715
2025-04-02T20:00:00,2025-04-03T00:00:00,short,100,86715,82667
2025-04-03T00:00:00,2025-04-03T02:00:00,long,100,82667,83587
2025-04-03T02:00:00,2025-04-03T06:00:00,short,100,83587,83449
2025-04-03T10:00:00,2025-04-03T18:00:00,short,100,83311,81977
2025-04-03T18:00:00,2025-04-04T00:00:00,long,100,81977,83035
2025-04-04T00:00:00,2025-04-04T02:00:00,short,100,83035,82759
2025-04-04T02:00:00,2025-04-04T10:00:00,long,100,82759,84369
2025-04-04T10:00:00,2025-04-04T12:00:00,short,100,84369,82759
2025-04-04T12:00:00,2025-04-04T14:00:00,long,100,82759,83219
2025-04-04T14:00:00,2025-04-04T16:00:00,short,100,83219,82943
2025-04-04T16:00:00,2025-04-04T18:00:00,long,100,82943,84323
2025-04-04T18:00:00,2025-04-04T20:00:00,short,100,84323,84093
2025-04-04T20:00:00,2025-04-04T22:00:00,long,100,84093,84047
2025-04-04T22:00:00,2025-04-05T00:00:00,short,100,84047,83955
2025-04-05T00:00:00,2025-04-05T02:00:00,long,100,83955,83817
2025-04-05T02:00:00,2025-04-05T04:00:00,short,100,83817,83679
2025-04-05T04:00:00,2025-04-05T06:00:00,long,100,83679,83541
2025-04-05T06:00:00,2025-04-05T08:00:00,short,100,83495,83587
2025-04-05T08:00:00,2025-04-05T10:00:00,long,100,83587,83679
2025-04-05T10:00:00,2025-04-05T16:00:00,short,100,83633,82759
2025-04-05T16:00:00,2025-04-06T00:00:00,long,100,82759,83357
2025-04-06T00:00:00,2025-04-06T04:00:00,short,100,83357,83449
2025-04-06T06:00:00,2025-04-06T14:00:00,short,100,83311,82437
2025-04-06T14:00:00,2025-04-06T16:00:00,long,100,82437,82391
2025-04-06T16:00:00,2025-04-07T00:00:00,short,100,82299,78527
2025-04-07T00:00:00,2025-04-07T02:00:00,long,100,78527,78987
2025-04-07T02:00:00,2025-04-07T08:00:00,short,100,78987,75261
2025-04-07T08:00:00,2025-04-07T18:00:00,long,100,75261,78849
2025-04-07T18:00:00,2025-04-07T20:00:00,short,100,78849,78205
2025-04-07T20:00:00,2025-04-08T02:00:00,long,100,78205,80413
2025-04-08T02:00:00,2025-04-08T10:00:00,short,100,80413,79033
2025-04-08T10:00:00,2025-04-08T12:00:00,long,100,79033,79815
2025-04-08T12:00:00,2025-04-08T20:00:00,short,100,79815,77009
2025-04-08T20:00:00,2025-04-08T22:00:00,long,100,77009,76963
2025-04-08T22:00:00,2025-04-09T04:00:00,short,100,76825,75215
2025-04-09T04:00:00,2025-04-09T08:00:00,long,100,75215,77469
2025-04-09T08:00:00,2025-04-09T12:00:00,short,100,77469,76365
2025-04-09T12:00:00,2025-04-09T14:00:00,long,100,76365,77515
2025-04-09T14:00:00,2025-04-09T16:00:00,short,100,77515,77331
2025-04-09T16:00:00,2025-04-09T22:00:00,long,100,77377,83081
2025-04-09T22:00:00,2025-04-10T04:00:00,short,100,83081,81885
2025-04-10T04:00:00,2025-04-10T06:00:00,long,100,81885,82023
2025-04-10T06:00:00,2025-04-10T08:00:00,short,100,81977,81655
2025-04-10T08:00:00,2025-04-10T10:00:00,long,100,81655,81885
2025-04-10T10:00:00,2025-04-10T16:00:00,short,100,81885,78895
2025-04-10T16:00:00,2025-04-11T10:00:00,long,100,78895,82207
2025-04-11T10:00:00,2025-04-11T12:00:00,short,100,82207,82207
2025-04-11T12:00:00,2025-04-11T14:00:00,long,100,82299,82759
2025-04-11T14:00:00,2025-04-11T16:00:00,short,100,82759,82621
2025-04-11T16:00:00,2025-04-11T18:00:00,long,100,82667,83771
2025-04-11T18:00:00,2025-04-12T04:00:00,short,100,83771,83081
2025-04-12T04:00:00,2025-04-12T08:00:00,long,100,83081,83541
2025-04-12T08:00:00,2025-04-12T12:00:00,short,100,83541,83633
2025-04-12T12:00:00,2025-04-12T16:00:00,long,100,83725,84829
2025-04-12T16:00:00,2025-04-12T18:00:00,short,100,84829,84829
2025-04-12T18:00:00,2025-04-13T04:00:00,long,100,84921,85243
2025-04-13T04:00:00,2025-04-13T08:00:00,short,100,85243,84553
2025-04-13T08:00:00,2025-04-13T10:00:00,long,100,84553,84737
2025-04-13T10:00:00,2025-04-13T14:00:00,short,100,84691,83725
2025-04-13T14:00:00,2025-04-13T18:00:00,long,100,83725,84553
2025-04-13T18:00:00,2025-04-13T22:00:00,short,100,84553,83725
2025-04-13T22:00:00,2025-04-14T08:00:00,long,100,83725,84369
2025-04-14T08:00:00,2025-04-14T10:00:00,short,100,84369,84507
2025-04-14T10:00:00,2025-04-14T12:00:00,long,100,84645,84783
2025-04-14T12:00:00,2025-04-14T16:00:00,short,100,84783,84231
2025-04-14T16:00:00,2025-04-14T20:00:00,long,100,84231,84691
2025-04-14T20:00:00,2025-04-15T00:00:00,short,100,84691,84737
2025-04-15T00:00:00,2025-04-15T10:00:00,long,100,84829,85795
2025-04-15T10:00:00,2025-04-15T20:00:00,short,100,85795,84139
2025-04-15T20:00:00,2025-04-15T22:00:00,long,100,84139,84001
2025-04-15T22:00:00,2025-04-16T08:00:00,short,100,83817,83495
2025-04-16T08:00:00,2025-04-16T12:00:00,long,100,83495,83863
2025-04-16T12:00:00,2025-04-16T14:00:00,short,100,83863,83817
2025-04-16T14:00:00,2025-04-16T16:00:00,long,100,83863,84691
2025-04-16T16:00:00,2025-04-16T18:00:00,short,100,84691,83357
2025-04-16T18:00:00,2025-04-16T22:00:00,long,100,83357,84369
2025-04-16T22:00:00,2025-04-17T00:00:00,short,100,84369,84093
2025-04-17T00:00:00,2025-04-17T02:00:00,long,100,84093,84185
2025-04-17T02:00:00,2025-04-17T04:00:00,short,100,84139,84047
2025-04-17T04:00:00,2025-04-17T08:00:00,long,100,84047,84461
2025-04-17T08:00:00,2025-04-17T10:00:00,short,100,84461,84553
2025-04-17T12:00:00,2025-04-17T16:00:00,short,100,84415,84599
2025-04-17T16:00:00,2025-04-17T18:00:00,long,100,84599,84967
2025-04-17T18:00:00,2025-04-17T20:00:00,short,100,84967,84921
2025-04-17T20:00:00,2025-04-17T22:00:00,long,100,84967,84921
2025-04-17T22:00:00,2025-04-18T16:00:00,short,100,84921,84507
2025-04-18T16:00:00,2025-04-18T22:00:00,long,100,84507,84415
2025-04-19T02:00:00,2025-04-19T10:00:00,long,100,84553,85151
2025-04-19T10:00:00,2025-04-19T12:00:00,short,100,85151,85289
2025-04-19T12:00:00,2025-04-19T14:00:00,long,100,85427,85335
2025-04-19T14:00:00,2025-04-19T20:00:00,short,100,85335,85197
2025-04-19T20:00:00,2025-04-19T22:00:00,long,100,85243,85197
2025-04-19T22:00:00,2025-04-20T00:00:00,short,100,85197,85151
2025-04-20T00:00:00,2025-04-20T02:00:00,long,100,85151,85151
2025-04-20T02:00:00,2025-04-20T12:00:00,short,100,85151,84231
2025-04-20T12:00:00,2025-04-21T06:00:00,long,100,84231,87359
2025-04-21T06:00:00,2025-04-21T08:00:00,short,100,87359,87497
2025-04-21T10:00:00,2025-04-21T12:00:00,short,100,87313,87037
2025-04-21T12:00:00,2025-04-21T16:00:00,long,100,87037,87819
2025-04-21T16:00:00,2025-04-21T18:00:00,short,100,87819,86945
2025-04-21T18:00:00,2025-04-21T20:00:00,long,100,86945,87267
2025-04-21T20:00:00,2025-04-21T22:00:00,short,100,87267,87359
2025-04-21T22:00:00,2025-04-22T02:00:00,long,100,87405,88187
2025-04-22T02:00:00,2025-04-22T04:00:00,short,100,88187,88233
2025-04-22T04:00:00,2025-04-23T00:00:00,long,100,88325,93247
2025-04-23T00:00:00,2025-04-23T02:00:00,short,100,93247,92741
2025-04-23T02:00:00,2025-04-23T08:00:00,long,100,92741,93937
2025-04-23T08:00:00,2025-04-23T14:00:00,short,100,93937,93155
2025-04-23T14:00:00,2025-04-23T18:00:00,long,100,93155,93661
2025-04-23T18:00:00,2025-04-23T22:00:00,short,100,93661,93569
2025-04-23T22:00:00,2025-04-24T00:00:00,long,100,93615,93523
2025-04-24T00:00:00,2025-04-24T08:00:00,short,100,93523,92327
2025-04-24T08:00:00,2025-04-24T16:00:00,long,100,92327,92971
2025-04-24T16:00:00,2025-04-24T18:00:00,short,100,92971,93063
2025-04-24T18:00:00,2025-04-24T20:00:00,long,100,93155,93385
2025-04-24T20:00:00,2025-04-24T22:00:00,short,100,93385,93431
2025-04-24T22:00:00,2025-04-25T00:00:00,long,100,93523,93799
2025-04-25T00:00:00,2025-04-25T06:00:00,short,100,93799,93339
2025-04-25T06:00:00,2025-04-25T12:00:00,long,100,93339,94443
2025-04-25T12:00:00,2025-04-25T14:00:00,short,100,94443,94443
2025-04-25T14:00:00,2025-04-25T16:00:00,long,100,94535,94903
2025-04-25T16:00:00,2025-04-25T18:00:00,short,100,94903,94581
2025-04-25T18:00:00,2025-04-25T20:00:00,long,100,94581,95087
2025-04-25T20:00:00,2025-04-26T00:00:00,short,100,95087,94673
2025-04-26T00:00:00,2025-04-26T02:00:00,long,100,94673,94857
2025-04-26T02:00:00,2025-04-26T14:00:00,short,100,94857,94259
2025-04-26T14:00:00,2025-04-27T00:00:00,long,100,94259,94397
2025-04-27T00:00:00,2025-04-27T02:00:00,short,100,94351,94167
2025-04-27T02:00:00,2025-04-27T04:00:00,long,100,94167,94029
2025-04-27T04:00:00,2025-04-27T06:00:00,short,100,93983,93983
2025-04-27T06:00:00,2025-04-27T10:00:00,long,100,93983,93937
2025-04-27T10:00:00,2025-04-27T12:00:00,short,100,93891,93983
2025-04-27T12:00:00,2025-04-27T14:00:00,long,100,93983,93891
2025-04-27T14:00:00,2025-04-27T16:00:00,short,100,93891,93983
2025-04-27T16:00:00,2025-04-27T22:00:00,long,100,93983,94213
2025-04-27T22:00:00,2025-04-28T02:00:00,short,100,94213,93063
2025-04-28T02:00:00,2025-04-28T12:00:00,long,100,93063,95133
2025-04-28T12:00:00,2025-04-28T16:00:00,short,100,95133,93937
2025-04-28T16:00:00,2025-04-28T20:00:00,long,100,93937,94581
2025-04-28T20:00:00,2025-04-28T22:00:00,short,100,94581,94627
2025-04-28T22:00:00,2025-04-29T00:00:00,long,100,94719,94857
2025-04-29T00:00:00,2025-04-29T06:00:00,short,100,94857,94397
2025-04-29T06:00:00,2025-04-29T12:00:00,long,100,94397,94903
2025-04-29T12:00:00,2025-04-29T16:00:00,short,100,94903,94857
2025-04-29T16:00:00,2025-04-29T20:00:00,long,100,94903,95087
2025-04-29T20:00:00,2025-04-30T00:00:00,short,100,95087,94351
2025-04-30T00:00:00,2025-04-30T04:00:00,long,100,94351,94811
2025-04-30T04:00:00,2025-04-30T08:00:00,short,100,94811,94719
2025-04-30T08:00:00,2025-04-30T12:00:00,long,100,94765,94949
2025-04-30T12:00:00,2025-04-30T14:00:00,short,100,94949,93109
2025-04-30T14:00:00,2025-04-30T22:00:00,long,100,93109,94213
2025-04-30T22:00:00,2025-05-01T00:00:00,short,100,94213,94259
2025-05-01T00:00:00,2025-05-01T06:00:00,long,100,94397,94949
2025-05-01T06:00:00,2025-05-01T08:00:00,short,100,94949,95087
2025-05-01T08:00:00,2025-05-01T12:00:00,long,100,95225,95961
2025-05-01T12:00:00,2025-05-01T14:00:00,short,100,95961,95869
2025-05-01T14:00:00,2025-05-01T18:00:00,long,100,95915,96697
2025-05-01T18:00:00,2025-05-02T00:00:00,short,100,96697,96559
2025-05-02T00:00:00,2025-05-02T04:00:00,long,100,96605,96881
2025-05-02T04:00:00,2025-05-02T08:00:00,short,100,96881,96467
2025-05-02T08:00:00,2025-05-02T12:00:00,long,100,96467,96697
2025-05-02T12:00:00,2025-05-02T14:00:00,short,100,96697,96835
2025-05-02T14:00:00,2025-05-02T18:00:00,long,100,96835,97157
2025-05-02T18:00:00,2025-05-02T22:00:00,short,100,97157,96835
2025-05-02T22:00:00,2025-05-03T00:00:00,long,100,96835,96697
2025-05-03T00:00:00,2025-05-03T12:00:00,short,100,96651,96053
2025-05-03T12:00:00,2025-05-03T16:00:00,long,100,96053,96191
2025-05-03T16:00:00,2025-05-03T18:00:00,short,100,96145,96237
2025-05-03T18:00:00,2025-05-03T20:00:00,long,100,96237,96191
2025-05-03T20:00:00,2025-05-04T00:00:00,short,100,96191,95961
2025-05-04T00:00:00,2025-05-04T02:00:00,long,100,95961,95915
2025-05-04T02:00:00,2025-05-04T04:00:00,short,100,95869,95777
2025-05-04T04:00:00,2025-05-04T06:00:00,long,100,95777,95869
2025-05-04T06:00:00,2025-05-04T18:00:00,short,100,95823,95501
2025-05-04T18:00:00,2025-05-04T22:00:00,long,100,95501,95455
2025-05-04T22:00:00,2025-05-05T02:00:00,short,100,95363,94029
2025-05-05T02:00:00,2025-05-05T08:00:00,long,100,94029,94535
2025-05-05T08:00:00,2025-05-05T12:00:00,short,100,94535,94167
2025-05-05T12:00:00,2025-05-05T14:00:00,long,100,94167,94075
2025-05-05T14:00:00,2025-05-05T16:00:00,short,100,94029,93845
2025-05-05T16:00:00,2025-05-05T18:00:00,long,100,93845,94351
2025-05-05T18:00:00,2025-05-05T20:00:00,short,100,94351,94397
2025-05-05T20:00:00,2025-05-06T00:00:00,long,100,94489,94581
2025-05-06T00:00:00,2025-05-06T02:00:00,short,100,94581,94351
2025-05-06T02:00:00,2025-05-06T04:00:00,long,100,94351,94305
2025-05-06T04:00:00,2025-05-06T06:00:00,short,100,94259,94397
2025-05-06T06:00:00,2025-05-06T08:00:00,long,100,94397,94213
2025-05-06T08:00:00,2025-05-06T14:00:00,short,100,94213,93753
2025-05-06T14:00:00,2025-05-06T20:00:00,long,100,93753,94765
2025-05-06T20:00:00,2025-05-06T22:00:00,short,100,94765,94765
2025-05-06T22:00:00,2025-05-07T02:00:00,long,100,94857,97065
2025-05-07T02:00:00,2025-05-07T06:00:00,short,100,97065,96513
2025-05-07T06:00:00,2025-05-07T16:00:00,long,100,96513,96835
2025-05-07T16:00:00,2025-05-07T20:00:00,short,100,96835,96283
2025-05-07T20:00:00,2025-05-07T22:00:00,long,100,96283,96973
2025-05-07T22:00:00,2025-05-08T00:00:00,short,100,96973,97111
2025-05-08T00:00:00,2025-05-08T04:00:00,long,100,97249,98951
2025-05-08T04:00:00,2025-05-08T06:00:00,short,100,98951,98813
2025-05-08T06:00:00,2025-05-08T10:00:00,long,100,98859,99595
2025-05-08T10:00:00,2025-05-08T14:00:00,short,100,99595,99411
2025-05-08T14:00:00,2025-05-09T00:00:00,long,100,99457,103091
2025-05-09T00:00:00,2025-05-09T04:00:00,short,100,103091,102585
2025-05-09T04:00:00,2025-05-09T08:00:00,long,100,102585,103459
2025-05-09T08:00:00,2025-05-09T12:00:00,short,100,103459,102999
2025-05-09T12:00:00,2025-05-09T14:00:00,long,100,102999,103505
2025-05-09T14:00:00,2025-05-09T16:00:00,short,100,103505,102999
2025-05-09T16:00:00,2025-05-09T20:00:00,long,100,102999,103091
2025-05-09T20:00:00,2025-05-10T02:00:00,short,100,103045,103091
2025-05-10T02:00:00,2025-05-10T10:00:00,long,100,103091,103551
2025-05-10T10:00:00,2025-05-10T12:00:00,short,100,103551,103505
2025-05-10T12:00:00,2025-05-10T14:00:00,long,100,103551,103459
2025-05-10T14:00:00,2025-05-10T20:00:00,short,100,103459,103229
2025-05-10T20:00:00,2025-05-11T00:00:00,long,100,103229,104655
2025-05-11T00:00:00,2025-05-11T08:00:00,short,100,104655,103505
2025-05-11T08:00:00,2025-05-11T12:00:00,long,100,103505,104471
2025-05-11T12:00:00,2025-05-11T14:00:00,short,100,104471,104057
2025-05-11T14:00:00,2025-05-11T16:00:00,long,100,104057,103965
2025-05-11T18:00:00,2025-05-11T20:00:00,long,100,104103,104287
2025-05-11T20:00:00,2025-05-12T02:00:00,short,100,104287,104103
2025-05-12T02:00:00,2025-05-12T04:00:00,long,100,104103,103965
2025-05-12T04:00:00,2025-05-12T06:00:00,short,100,103965,104011
2025-05-12T06:00:00,2025-05-12T10:00:00,long,100,104011,104333
2025-05-12T10:00:00,2025-05-12T12:00:00,short,100,104333,103827
2025-05-12T12:00:00,2025-05-12T14:00:00,long,100,103827,104195
2025-05-12T14:00:00,2025-05-12T20:00:00,short,100,104195,101987
2025-05-12T20:00:00,2025-05-13T00:00:00,long,100,101987,102585
2025-05-13T00:00:00,2025-05-13T04:00:00,short,100,102585,101849
2025-05-13T04:00:00,2025-05-13T20:00:00,long,100,101849,104609
2025-05-13T20:00:00,2025-05-14T04:00:00,short,100,104609,103735
2025-05-14T04:00:00,2025-05-14T06:00:00,long,100,103735,103735
2025-05-14T06:00:00,2025-05-14T10:00:00,short,100,103643,103597
2025-05-14T10:00:00,2025-05-14T14:00:00,long,100,103597,103781
2025-05-14T14:00:00,2025-05-14T20:00:00,short,100,103781,103367
2025-05-14T20:00:00,2025-05-14T22:00:00,long,100,103367,103459
2025-05-15T00:00:00,2025-05-15T10:00:00,short,100,103413,101895
2025-05-15T10:00:00,2025-05-15T12:00:00,long,100,101895,102217
2025-05-15T12:00:00,2025-05-15T14:00:00,short,100,102217,102217
2025-05-15T14:00:00,2025-05-15T18:00:00,long,100,102263,103781
2025-05-15T18:00:00,2025-05-15T20:00:00,short,100,103781,103229
2025-05-15T20:00:00,2025-05-16T04:00:00,long,100,103229,103873
2025-05-16T04:00:00,2025-05-16T12:00:00,short,100,103873,103781
2025-05-16T12:00:00,2025-05-16T16:00:00,long,100,103827,104011
2025-05-16T16:00:00,2025-05-16T18:00:00,short,100,104011,103965
2025-05-16T18:00:00,2025-05-16T20:00:00,long,100,104011,103873
2025-05-16T20:00:00,2025-05-17T02:00:00,short,100,103873,102953
2025-05-17T02:00:00,2025-05-17T04:00:00,long,100,102953,103367
2025-05-17T04:00:00,2025-05-17T06:00:00,short,100,103367,103413
2025-05-17T08:00:00,2025-05-17T14:00:00,short,100,103275,102861
2025-05-17T14:00:00,2025-05-17T22:00:00,long,100,102861,103045
2025-05-18T00:00:00,2025-05-18T10:00:00,long,100,103183,103735
2025-05-18T10:00:00,2025-05-18T12:00:00,short,100,103735,103873
2025-05-18T12:00:00,2025-05-18T16:00:00,long,100,104011,105345
2025-05-18T16:00:00,2025-05-18T20:00:00,short,100,105345,104011
2025-05-18T20:00:00,2025-05-19T00:00:00,long,100,104011,106265
2025-05-19T00:00:00,2025-05-19T06:00:00,short,100,106265,103183
2025-05-19T06:00:00,2025-05-19T08:00:00,long,100,103183,103045
2025-05-19T12:00:00,2025-05-20T02:00:00,long,100,103091,106265
2025-05-20T02:00:00,2025-05-20T04:00:00,short,100,106265,105851
2025-05-20T04:00:00,2025-05-20T06:00:00,long,100,105851,105943
2025-05-20T06:00:00,2025-05-20T08:00:00,short,100,105897,105115
2025-05-20T08:00:00,2025-05-20T12:00:00,long,100,105115,105115
2025-05-20T12:00:00,2025-05-20T14:00:00,short,100,105023,104517
2025-05-20T14:00:00,2025-05-20T20:00:00,long,100,104517,106817
2025-05-20T20:00:00,2025-05-20T22:00:00,short,100,106817,106679
2025-05-20T22:00:00,2025-05-21T00:00:00,long,100,106725,106725
2025-05-21T00:00:00,2025-05-21T02:00:00,short,100,106725,106587
2025-05-21T02:00:00,2025-05-21T06:00:00,long,100,106587,107323
2025-05-21T06:00:00,2025-05-21T10:00:00,short,100,107323,106311
2025-05-21T10:00:00,2025-05-21T16:00:00,long,100,106311,108795
2025-05-21T16:00:00,2025-05-21T18:00:00,short,100,108795,106679
2025-05-21T18:00:00,2025-05-21T20:00:00,long,100,106679,108473
2025-05-21T20:00:00,2025-05-21T22:00:00,short,100,108473,108473
2025-05-21T22:00:00,2025-05-22T04:00:00,long,100,108565,111601
2025-05-22T04:00:00,2025-05-22T06:00:00,short,100,111601,110957
2025-05-22T06:00:00,2025-05-22T08:00:00,long,100,110957,110911
2025-05-22T08:00:00,2025-05-22T10:00:00,short,100,110819,110911
2025-05-22T10:00:00,2025-05-22T18:00:00,long,100,110911,111325
2025-05-22T18:00:00,2025-05-22T22:00:00,short,100,111325,110957
2025-05-22T22:00:00,2025-05-23T00:00:00,long,100,110957,111555
2025-05-23T00:00:00,2025-05-23T08:00:00,short,100,111555,110865
2025-05-23T08:00:00,2025-05-23T10:00:00,long,100,110865,111187
2025-05-23T10:00:00,2025-05-23T12:00:00,short,100,111187,109163
2025-05-23T12:00:00,2025-05-23T14:00:00,long,100,109163,109531
2025-05-23T14:00:00,2025-05-23T16:00:00,short,100,109531,109025
2025-05-23T16:00:00,2025-05-23T18:00:00,long,100,109025,109255
2025-05-23T18:00:00,2025-05-24T00:00:00,short,100,109255,107461
2025-05-24T00:00:00,2025-05-24T06:00:00,long,100,107461,108151
2025-05-24T06:00:00,2025-05-24T08:00:00,short,100,108151,107691
2025-05-24T08:00:00,2025-05-24T12:00:00,long,100,107691,109025
2025-05-24T12:00:00,2025-05-24T14:00:00,short,100,109025,108703
2025-05-24T14:00:00,2025-05-24T20:00:00,long,100,108703,108795
2025-05-24T20:00:00,2025-05-25T02:00:00,short,100,108749,107783
2025-05-25T02:00:00,2025-05-25T06:00:00,long,100,107783,107921
2025-05-25T06:00:00,2025-05-25T12:00:00,short,100,107875,107277
2025-05-25T12:00:00,2025-05-25T14:00:00,long,100,107277,107369
2025-05-25T14:00:00,2025-05-25T16:00:00,short,100,107323,107047
2025-05-25T16:00:00,2025-05-25T20:00:00,long,100,107047,107507
2025-05-25T20:00:00,2025-05-25T22:00:00,short,100,107507,107553
2025-05-25T22:00:00,2025-05-26T08:00:00,long,100,107645,109899
2025-05-26T08:00:00,2025-05-26T14:00:00,short,100,109899,109715
2025-05-26T14:00:00,2025-05-26T16:00:00,long,100,109761,109853
2025-05-26T16:00:00,2025-05-26T20:00:00,short,100,109853,109255
2025-05-26T20:00:00,2025-05-27T00:00:00,long,100,109255,109255
2025-05-27T00:00:00,2025-05-27T02:00:00,short,100,109163,108473
2025-05-27T02:00:00,2025-05-27T10:00:00,long,100,108473,109623
2025-05-27T10:00:00,2025-05-27T12:00:00,short,100,109623,109669
2025-05-27T12:00:00,2025-05-27T18:00:00,long,100,109807,110037
2025-05-27T18:00:00,2025-05-28T02:00:00,short,100,110037,108795
2025-05-28T02:00:00,2025-05-28T06:00:00,long,100,108795,108795
2025-05-28T12:00:00,2025-05-28T16:00:00,short,100,108703,107231
2025-05-28T16:00:00,2025-05-28T18:00:00,long,100,107231,107507
2025-05-28T18:00:00,2025-05-28T20:00:00,short,100,107507,107001
2025-05-28T20:00:00,2025-05-29T02:00:00,long,100,107001,107967
2025-05-29T02:00:00,2025-05-29T06:00:00,short,100,107967,107783
2025-05-29T06:00:00,2025-05-29T12:00:00,long,100,107829,108611
2025-05-29T12:00:00,2025-05-29T20:00:00,short,100,108611,105851
2025-05-29T20:00:00,2025-05-29T22:00:00,long,100,105851,106311
2025-05-29T22:00:00,2025-05-30T00:00:00,short,100,106311,105667
2025-05-30T00:00:00,2025-05-30T06:00:00,long,100,105667,105897
2025-05-30T06:00:00,2025-05-30T08:00:00,short,100,105897,105115
2025-05-30T08:00:00,2025-05-30T12:00:00,long,100,105115,105667
2025-05-30T12:00:00,2025-05-30T18:00:00,short,100,105667,104333
2025-05-30T18:00:00,2025-05-30T22:00:00,long,100,104333,104471
2025-05-30T22:00:00,2025-05-31T02:00:00,short,100,104425,103597
2025-05-31T02:00:00,2025-05-31T04:00:00,long,100,103597,103551
2025-05-31T04:00:00,2025-05-31T06:00:00,short,100,103459,103597
2025-05-31T06:00:00,2025-05-31T08:00:00,long,100,103597,103597
2025-05-31T08:00:00,2025-05-31T12:00:00,short,100,103551,103643
2025-05-31T12:00:00,2025-05-31T16:00:00,long,100,103643,104333
2025-05-31T16:00:00,2025-05-31T18:00:00,short,100,104333,104425
2025-05-31T18:00:00,2025-05-31T22:00:00,long,100,104563,104609
2025-05-31T22:00:00,2025-06-01T02:00:00,short,100,104609,104241
2025-06-01T02:00:00,2025-06-01T06:00:00,long,100,104241,104333
2025-06-01T06:00:00,2025-06-01T10:00:00,short,100,104287,104057
2025-06-01T10:00:00,2025-06-02T00:00:00,long,100,104057,105437
2025-06-02T00:00:00,2025-06-02T06:00:00,short,100,105437,104931
2025-06-02T06:00:00,2025-06-02T08:00:00,long,100,104931,105253
2025-06-02T08:00:00,2025-06-02T14:00:00,short,100,105253,103919
2025-06-02T14:00:00,2025-06-03T02:00:00,long,100,103919,106311
2025-06-03T02:00:00,2025-06-03T12:00:00,short,100,106311,105299
2025-06-03T12:00:00,2025-06-03T16:00:00,long,100,105299,106403
2025-06-03T16:00:00,2025-06-03T18:00:00,short,100,106403,106035
2025-06-03T18:00:00,2025-06-03T20:00:00,long,100,106035,106081
2025-06-03T20:00:00,2025-06-04T00:00:00,short,100,106035,105437
2025-06-04T00:00:00,2025-06-04T04:00:00,long,100,105437,105437
2025-06-04T04:00:00,2025-06-04T08:00:00,short,100,105345,105437
2025-06-04T08:00:00,2025-06-04T10:00:00,long,100,105437,105667
2025-06-04T10:00:00,2025-06-04T14:00:00,short,100,105667,104885
2025-06-04T14:00:00,2025-06-04T16:00:00,long,100,104885,105161
2025-06-04T16:00:00,2025-06-05T02:00:00,short,100,105161,104793
2025-06-05T02:00:00,2025-06-05T04:00:00,long,100,104793,104885
2025-06-05T04:00:00,2025-06-05T08:00:00,short,100,104839,104655
2025-06-05T08:00:00,2025-06-05T10:00:00,long,100,104655,104747
2025-06-05T12:00:00,2025-06-06T00:00:00,short,100,104701,101619
2025-06-06T00:00:00,2025-06-06T16:00:00,long,100,101619,104885
2025-06-06T16:00:00,2025-06-06T20:00:00,short,100,104885,104333
2025-06-06T20:00:00,2025-06-06T22:00:00,long,100,104333,104241
2025-06-07T00:00:00,2025-06-07T16:00:00,long,100,104379,105391
2025-06-07T16:00:00,2025-06-07T18:00:00,short,100,105391,105483
2025-06-07T18:00:00,2025-06-07T22:00:00,long,100,105621,105575
2025-06-07T22:00:00,2025-06-08T00:00:00,short,100,105575,105621
2025-06-08T00:00:00,2025-06-08T02:00:00,long,100,105667,105529
2025-06-08T02:00:00,2025-06-08T10:00:00,short,100,105529,105253
2025-06-08T10:00:00,2025-06-08T12:00:00,long,100,105253,105529
2025-06-08T12:00:00,2025-06-08T14:00:00,short,100,105529,105667
2025-06-08T14:00:00,2025-06-08T22:00:00,long,100,105667,106127
2025-06-08T22:00:00,2025-06-09T02:00:00,short,100,106127,105667
2025-06-09T02:00:00,2025-06-09T04:00:00,long,100,105667,105529
2025-06-09T04:00:00,2025-06-09T06:00:00,short,100,105437,105437
2025-06-09T06:00:00,2025-06-09T12:00:00,long,100,105437,107553
2025-06-09T12:00:00,2025-06-09T14:00:00,short,100,107553,107093
2025-06-09T14:00:00,2025-06-10T00:00:00,long,100,107093,110083
2025-06-10T00:00:00,2025-06-10T08:00:00,short,100,110083,109347
2025-06-10T08:00:00,2025-06-10T12:00:00,long,100,109347,109393
2025-06-10T12:00:00,2025-06-10T18:00:00,short,100,109301,108841
2025-06-10T18:00:00,2025-06-11T00:00:00,long,100,108841,110083
2025-06-11T00:00:00,2025-06-11T02:00:00,short,100,110083,109669
2025-06-11T02:00:00,2025-06-11T04:00:00,long,100,109669,109577
2025-06-11T04:00:00,2025-06-11T12:00:00,short,100,109531,109393
2025-06-11T12:00:00,2025-06-11T16:00:00,long,100,109393,109531
2025-06-11T16:00:00,2025-06-11T22:00:00,short,100,109485,108611
2025-06-11T22:00:00,2025-06-12T00:00:00,long,100,108611,108473
2025-06-12T02:00:00,2025-06-12T12:00:00,short,100,108335,107047
2025-06-12T12:00:00,2025-06-12T18:00:00,long,100,107047,108105
2025-06-12T18:00:00,2025-06-13T02:00:00,short,100,108105,103873
2025-06-13T02:00:00,2025-06-13T04:00:00,long,100,103873,104149
2025-06-13T04:00:00,2025-06-13T06:00:00,short,100,104149,104057
2025-06-13T06:00:00,2025-06-13T08:00:00,long,100,104103,104747
2025-06-13T08:00:00,2025-06-13T10:00:00,short,100,104747,104885
2025-06-13T10:00:00,2025-06-13T12:00:00,long,100,105023,104885
2025-06-13T12:00:00,2025-06-13T14:00:00,short,100,104885,104793
2025-06-13T14:00:00,2025-06-13T16:00:00,long,100,104839,105299
2025-06-13T16:00:00,2025-06-13T20:00:00,short,100,105299,105207
2025-06-13T20:00:00,2025-06-14T00:00:00,long,100,105253,105897
2025-06-14T00:00:00,2025-06-14T10:00:00,short,100,105897,104977
2025-06-14T10:00:00,2025-06-14T12:00:00,long,100,104977,104931
2025-06-14T14:00:00,2025-06-14T20:00:00,short,100,104839,104747
2025-06-14T20:00:00,2025-06-15T06:00:00,long,100,104747,105897
2025-06-15T06:00:00,2025-06-15T12:00:00,short,100,105897,105069
2025-06-15T12:00:00,2025-06-15T18:00:00,long,100,105069,105483
2025-06-15T18:00:00,2025-06-15T22:00:00,short,100,105483,104931
2025-06-15T22:00:00,2025-06-16T10:00:00,long,100,104931,106863
2025-06-16T10:00:00,2025-06-16T12:00:00,short,100,106863,106955
2025-06-16T12:00:00,2025-06-16T22:00:00,long,100,107093,108427
2025-06-16T22:00:00,2025-06-17T00:00:00,short,100,108427,106863
2025-06-17T00:00:00,2025-06-17T04:00:00,long,100,106863,107415
2025-06-17T04:00:00,2025-06-17T18:00:00,short,100,107415,103919
2025-06-17T18:00:00,2025-06-17T20:00:00,long,100,103919,104517
2025-06-17T20:00:00,2025-06-18T00:00:00,short,100,104517,104609
2025-06-18T00:00:00,2025-06-18T06:00:00,long,100,104701,105207
2025-06-18T06:00:00,2025-06-18T10:00:00,short,100,105207,104839
2025-06-18T10:00:00,2025-06-18T12:00:00,long,100,104839,104701
2025-06-18T12:00:00,2025-06-18T14:00:00,short,100,104655,104517
2025-06-18T14:00:00,2025-06-18T16:00:00,long,100,104517,104655
2025-06-18T16:00:00,2025-06-18T20:00:00,short,100,104609,103965
2025-06-18T20:00:00,2025-06-18T22:00:00,long,100,103965,104931
2025-06-18T22:00:00,2025-06-19T02:00:00,short,100,104931,104747
2025-06-19T02:00:00,2025-06-19T04:00:00,long,100,104793,104931
2025-06-19T04:00:00,2025-06-19T08:00:00,short,100,104931,104747
2025-06-19T08:00:00,2025-06-19T10:00:00,long,100,104747,104839
2025-06-19T10:00:00,2025-06-19T16:00:00,short,100,104839,104241
2025-06-19T16:00:00,2025-06-19T18:00:00,long,100,104241,104379
2025-06-19T18:00:00,2025-06-19T20:00:00,short,100,104333,104333
2025-06-19T20:00:00,2025-06-20T02:00:00,long,100,104333,104563
2025-06-20T02:00:00,2025-06-20T06:00:00,short,100,104563,104701
2025-06-20T06:00:00,2025-06-20T12:00:00,long,100,104747,105759
2025-06-20T12:00:00,2025-06-20T20:00:00,short,100,105759,103367
2025-06-20T20:00:00,2025-06-20T22:00:00,long,100,103367,103367
2025-06-20T22:00:00,2025-06-21T00:00:00,short,100,103275,103367
2025-06-21T00:00:00,2025-06-21T04:00:00,long,100,103367,103367
2025-06-21T08:00:00,2025-06-21T12:00:00,long,100,103505,103689
2025-06-21T12:00:00,2025-06-21T22:00:00,short,100,103689,101573
2025-06-21T22:00:00,2025-06-22T06:00:00,long,100,101573,102677
2025-06-22T06:00:00,2025-06-22T10:00:00,short,100,102677,102309
2025-06-22T10:00:00,2025-06-22T12:00:00,long,100,102309,102585
2025-06-22T12:00:00,2025-06-22T16:00:00,short,100,102585,98997
2025-06-22T16:00:00,2025-06-22T18:00:00,long,100,98997,99319
2025-06-22T18:00:00,2025-06-22T20:00:00,short,100,99319,98951
2025-06-22T20:00:00,2025-06-23T08:00:00,long,100,98951,101711
2025-06-23T08:00:00,2025-06-23T12:00:00,short,100,101711,101435
2025-06-23T12:00:00,2025-06-23T14:00:00,long,100,101435,102217
2025-06-23T14:00:00,2025-06-23T16:00:00,short,100,102217,101481
2025-06-23T16:00:00,2025-06-24T02:00:00,long,100,101481,105253
2025-06-24T02:00:00,2025-06-24T04:00:00,short,100,105253,104977
2025-06-24T04:00:00,2025-06-24T06:00:00,long,100,104977,105253
2025-06-24T06:00:00,2025-06-24T08:00:00,short,100,105253,105023
2025-06-24T08:00:00,2025-06-24T12:00:00,long,100,105023,105069
2025-06-24T12:00:00,2025-06-24T14:00:00,short,100,105023,105161
2025-06-24T14:00:00,2025-06-24T18:00:00,long,100,105161,105851
2025-06-24T18:00:00,2025-06-24T20:00:00,short,100,105851,105713
2025-06-24T20:00:00,2025-06-25T02:00:00,long,100,105759,106173
2025-06-25T02:00:00,2025-06-25T06:00:00,short,100,106173,106311
2025-06-25T06:00:00,2025-06-25T14:00:00,long,100,106403,107737
2025-06-25T14:00:00,2025-06-25T16:00:00,short,100,107737,107093
2025-06-25T16:00:00,2025-06-25T20:00:00,long,100,107093,107553
2025-06-25T20:00:00,2025-06-26T00:00:00,short,100,107553,107461
2025-06-26T00:00:00,2025-06-26T04:00:00,long,100,107507,107645
2025-06-26T04:00:00,2025-06-26T06:00:00,short,100,107645,107737
2025-06-26T06:00:00,2025-06-26T08:00:00,long,100,107783,107645
2025-06-26T08:00:00,2025-06-26T14:00:00,short,100,107645,107093
2025-06-26T14:00:00,2025-06-26T16:00:00,long,100,107093,107139
2025-06-26T18:00:00,2025-06-26T20:00:00,long,100,107277,107369
2025-06-26T20:00:00,2025-06-27T00:00:00,short,100,107369,107093
2025-06-27T00:00:00,2025-06-27T04:00:00,long,100,107093,107277
2025-06-27T04:00:00,2025-06-27T08:00:00,short,100,107277,107001
2025-06-27T08:00:00,2025-06-27T10:00:00,long,100,107001,106955
2025-06-27T10:00:00,2025-06-27T14:00:00,short,100,106909,106955
2025-06-27T14:00:00,2025-06-27T16:00:00,long,100,106955,107139
2025-06-27T16:00:00,2025-06-27T20:00:00,short,100,107139,106909
2025-06-27T20:00:00,2025-06-28T08:00:00,long,100,106909,107277
2025-06-28T08:00:00,2025-06-28T10:00:00,short,100,107277,107369
2025-06-28T12:00:00,2025-06-28T14:00:00,short,100,107231,107185
2025-06-28T14:00:00,2025-06-28T18:00:00,long,100,107231,107323
2025-06-28T18:00:00,2025-06-28T20:00:00,short,100,107323,107277
2025-06-28T20:00:00,2025-06-29T02:00:00,long,100,107323,107185
2025-06-29T02:00:00,2025-06-29T04:00:00,short,100,107185,107277
2025-06-29T04:00:00,2025-06-29T12:00:00,long,100,107277,108289
2025-06-29T12:00:00,2025-06-29T20:00:00,short,100,108289,107507
2025-06-29T20:00:00,2025-06-30T04:00:00,long,100,107507,108335
2025-06-30T04:00:00,2025-06-30T10:00:00,short,100,108335,107599
2025-06-30T10:00:00,2025-06-30T12:00:00,long,100,107599,107507
2025-06-30T18:00:00,2025-06-30T20:00:00,long,100,107599,107599
2025-06-30T20:00:00,2025-07-01T00:00:00,short,100,107553,107185
2025-07-01T00:00:00,2025-07-01T04:00:00,long,100,107185,107047
2025-07-01T04:00:00,2025-07-01T06:00:00,short,100,106955,107001
2025-07-01T06:00:00,2025-07-01T08:00:00,long,100,107001,107047
2025-07-01T08:00:00,2025-07-01T12:00:00,short,100,107001,106633
2025-07-01T12:00:00,2025-07-01T14:00:00,long,100,106633,106679
2025-07-01T14:00:00,2025-07-01T16:00:00,short,100,106633,106035
2025-07-01T16:00:00,2025-07-01T18:00:00,long,100,106035,106081
2025-07-01T18:00:00,2025-07-01T20:00:00,short,100,105989,105483
2025-07-01T20:00:00,2025-07-01T22:00:00,long,100,105483,105621
2025-07-02T02:00:00,2025-07-02T10:00:00,long,100,105759,107461
2025-07-02T10:00:00,2025-07-02T12:00:00,short,100,107461,107553
2025-07-02T12:00:00,2025-07-02T20:00:00,long,100,107691,109485
2025-07-02T20:00:00,2025-07-03T00:00:00,short,100,109485,108979
2025-07-03T00:00:00,2025-07-03T02:00:00,long,100,108979,108841
2025-07-03T02:00:00,2025-07-03T04:00:00,short,100,108749,108703
2025-07-03T04:00:00,2025-07-03T10:00:00,long,100,108703,109761
2025-07-03T10:00:00,2025-07-03T12:00:00,short,100,109761,109669
2025-07-03T12:00:00,2025-07-03T14:00:00,long,100,109715,110129
2025-07-03T14:00:00,2025-07-03T16:00:00,short,100,110129,109209
2025-07-03T16:00:00,2025-07-03T22:00:00,long,100,109209,109623
2025-07-03T22:00:00,2025-07-04T08:00:00,short,100,109623,108841
2025-07-04T08:00:00,2025-07-04T10:00:00,long,100,108841,108841
2025-07-04T12:00:00,2025-07-04T16:00:00,short,100,108749,107691
2025-07-04T16:00:00,2025-07-04T18:00:00,long,100,107691,107691
2025-07-04T18:00:00,2025-07-04T20:00:00,short,100,107599,107553
2025-07-04T20:00:00,2025-07-06T02:00:00,long,100,107553,108013
2025-07-06T02:00:00,2025-07-06T10:00:00,short,100,108013,107967
2025-07-06T10:00:00,2025-07-06T18:00:00,long,100,108013,108703
2025-07-06T18:00:00,2025-07-06T20:00:00,short,100,108703,108611
2025-07-06T20:00:00,2025-07-07T00:00:00,long,100,108657,109071
2025-07-07T00:00:00,2025-07-07T02:00:00,short,100,109071,109071
2025-07-07T02:00:00,2025-07-07T04:00:00,long,100,109163,109255
2025-07-07T04:00:00,2025-07-07T20:00:00,short,100,109255,108059
2025-07-07T20:00:00,2025-07-08T00:00:00,long,100,108059,108059
2025-07-08T00:00:00,2025-07-08T02:00:00,short,100,107967,107783
2025-07-08T02:00:00,2025-07-08T14:00:00,long,100,107783,108841
2025-07-08T14:00:00,2025-07-08T16:00:00,short,100,108841,108335
2025-07-08T16:00:00,2025-07-08T18:00:00,long,100,108335,108841
2025-07-08T18:00:00,2025-07-08T20:00:00,short,100,108841,108841
2025-07-09T00:00:00,2025-07-09T04:00:00,short,100,108749,108473
2025-07-09T04:00:00,2025-07-09T20:00:00,long,100,108473,111555
2025-07-09T20:00:00,2025-07-09T22:00:00,short,100,111555,110911
2025-07-09T22:00:00,2025-07-10T02:00:00,long,100,110911,111095
2025-07-10T02:00:00,2025-07-10T06:00:00,short,100,111049,111141
2025-07-10T06:00:00,2025-07-10T08:00:00,long,100,111141,111095
2025-07-10T08:00:00,2025-07-10T14:00:00,short,100,111095,110911
2025-07-10T14:00:00,2025-07-10T18:00:00,long,100,110911,113533
2025-07-10T18:00:00,2025-07-10T20:00:00,short,100,113533,113395
2025-07-10T20:00:00,2025-07-10T22:00:00,long,100,113441,116385
2025-07-10T22:00:00,2025-07-11T02:00:00,short,100,116385,116109
2025-07-11T02:00:00,2025-07-11T06:00:00,long,100,116109,117673
2025-07-11T06:00:00,2025-07-11T08:00:00,short,100,117673,117627
2025-07-11T08:00:00,2025-07-11T10:00:00,long,100,117719,118363
2025-07-11T10:00:00,2025-07-11T12:00:00,short,100,118363,117903
2025-07-11T12:00:00,2025-07-11T14:00:00,long,100,117903,117857
2025-07-11T14:00:00,2025-07-11T16:00:00,short,100,117765,117029
2025-07-11T16:00:00,2025-07-11T20:00:00,long,100,117029,117903
2025-07-11T20:00:00,2025-07-12T00:00:00,short,100,117903,117673
2025-07-12T00:00:00,2025-07-12T10:00:00,long,100,117673,117949
2025-07-12T10:00:00,2025-07-12T16:00:00,short,100,117949,117259
2025-07-12T16:00:00,2025-07-12T22:00:00,long,100,117259,117397
2025-07-13T00:00:00,2025-07-13T08:00:00,long,100,117535,117811
2025-07-13T08:00:00,2025-07-13T10:00:00,short,100,117811,117811
2025-07-13T10:00:00,2025-07-13T20:00:00,long,100,117857,118777
2025-07-13T20:00:00,2025-07-13T22:00:00,short,100,118777,118731
2025-07-13T22:00:00,2025-07-14T08:00:00,long,100,118823,122595
2025-07-14T08:00:00,2025-07-14T12:00:00,short,100,122595,121629
2025-07-14T12:00:00,2025-07-14T14:00:00,long,100,121629,121583
2025-07-14T14:00:00,2025-07-14T18:00:00,short,100,121491,119973
2025-07-14T18:00:00,2025-07-14T22:00:00,long,100,119973,119835
2025-07-15T00:00:00,2025-07-15T10:00:00,short,100,119651,116937
2025-07-15T10:00:00,2025-07-15T14:00:00,long,100,116937,117903
2025-07-15T14:00:00,2025-07-15T16:00:00,short,100,117903,116523
2025-07-15T16:00:00,2025-07-15T18:00:00,long,100,116523,117305
2025-07-15T18:00:00,2025-07-15T20:00:00,short,100,117305,116569
2025-07-15T20:00:00,2025-07-16T02:00:00,long,100,116569,117581
2025-07-16T02:00:00,2025-07-16T04:00:00,short,100,117581,117581
2025-07-16T04:00:00,2025-07-16T10:00:00,long,100,117673,119053
2025-07-16T10:00:00,2025-07-16T14:00:00,short,100,119053,118823
2025-07-16T14:00:00,2025-07-16T22:00:00,long,100,118823,119099
2025-07-16T22:00:00,2025-07-17T04:00:00,short,100,119099,118271
2025-07-17T04:00:00,2025-07-17T06:00:00,long,100,118271,118455
2025-07-17T06:00:00,2025-07-17T08:00:00,short,100,118409,118409
2025-07-17T08:00:00,2025-07-17T10:00:00,long,100,118409,118639
2025-07-17T10:00:00,2025-07-17T12:00:00,short,100,118639,118087
2025-07-17T12:00:00,2025-07-17T18:00:00,long,100,118087,119099
2025-07-17T18:00:00,2025-07-17T20:00:00,short,100,119099,119053
2025-07-17T20:00:00,2025-07-17T22:00:00,long,100,119145,120157
2025-07-17T22:00:00,2025-07-18T00:00:00,short,100,120157,119283
2025-07-18T00:00:00,2025-07-18T02:00:00,long,100,119283,120249
2025-07-18T02:00:00,2025-07-18T04:00:00,short,100,120249,120341
2025-07-18T04:00:00,2025-07-18T06:00:00,long,100,120479,120479
2025-07-18T06:00:00,2025-07-18T10:00:00,short,100,120479,119053
2025-07-18T10:00:00,2025-07-18T12:00:00,long,100,119053,119053
2025-07-18T12:00:00,2025-07-18T20:00:00,short,100,118961,117535
2025-07-18T20:00:00,2025-07-19T06:00:00,long,100,117535,118133
2025-07-19T06:00:00,2025-07-19T10:00:00,short,100,118133,118271
2025-07-19T12:00:00,2025-07-19T18:00:00,short,100,118179,117949
2025-07-19T18:00:00,2025-07-19T20:00:00,long,100,117949,117857
2025-07-19T20:00:00,2025-07-19T22:00:00,short,100,117811,117811
2025-07-19T22:00:00,2025-07-20T08:00:00,long,100,117811,117857
2025-07-20T12:00:00,2025-07-20T16:00:00,long,100,117995,118501
2025-07-20T16:00:00,2025-07-20T18:00:00,short,100,118501,118133
2025-07-20T18:00:00,2025-07-20T20:00:00,long,100,118133,118041
2025-07-20T20:00:00,2025-07-21T02:00:00,short,100,117995,117397
2025-07-21T02:00:00,2025-07-21T08:00:00,long,100,117397,119191
2025-07-21T08:00:00,2025-07-21T12:00:00,short,100,119191,118225
2025-07-21T12:00:00,2025-07-21T14:00:00,long,100,118225,118685
2025-07-21T14:00:00,2025-07-21T20:00:00,short,100,118685,116891
2025-07-21T20:00:00,2025-07-22T02:00:00,long,100,116891,117535
2025-07-22T02:00:00,2025-07-22T04:00:00,short,100,117535,117305
2025-07-22T04:00:00,2025-07-22T12:00:00,long,100,117305,119007
2025-07-22T12:00:00,2025-07-22T14:00:00,short,100,119007,118271
2025-07-22T14:00:00,2025-07-23T00:00:00,long,100,118271,119835
2025-07-23T00:00:00,2025-07-23T10:00:00,short,100,119835,118179
2025-07-23T10:00:00,2025-07-23T12:00:00,long,100,118179,118363
2025-07-23T12:00:00,2025-07-23T14:00:00,short,100,118317,117443
2025-07-23T14:00:00,2025-07-23T16:00:00,long,100,117443,118409
2025-07-23T16:00:00,2025-07-23T18:00:00,short,100,118409,118225
2025-07-23T18:00:00,2025-07-23T20:00:00,long,100,118271,118225
2025-07-23T20:00:00,2025-07-23T22:00:00,short,100,118225,118271
2025-07-23T22:00:00,2025-07-24T02:00:00,long,100,118271,118915
2025-07-24T02:00:00,2025-07-24T06:00:00,short,100,118915,117719
2025-07-24T06:00:00,2025-07-24T12:00:00,long,100,117719,118409
2025-07-24T12:00:00,2025-07-24T14:00:00,short,100,118409,118317
2025-07-24T14:00:00,2025-07-24T18:00:00,long,100,118363,118961
2025-07-24T18:00:00,2025-07-25T08:00:00,short,100,118961,115465
2025-07-25T08:00:00,2025-07-25T12:00:00,long,100,115465,116339
2025-07-25T12:00:00,2025-07-25T16:00:00,short,100,116339,115879
2025-07-25T16:00:00,2025-07-26T00:00:00,long,100,115879,117443
2025-07-26T00:00:00,2025-07-26T02:00:00,short,100,117443,117259
2025-07-26T02:00:00,2025-07-26T06:00:00,long,100,117305,117351
2025-07-26T06:00:00,2025-07-26T08:00:00,short,100,117351,117397
2025-07-26T08:00:00,2025-07-26T20:00:00,long,100,117397,118041
2025-07-26T20:00:00,2025-07-27T00:00:00,short,100,118041,118041
2025-07-27T02:00:00,2025-07-27T06:00:00,long,100,118133,118087
2025-07-27T06:00:00,2025-07-27T10:00:00,short,100,118087,118087
2025-07-27T12:00:00,2025-07-27T18:00:00,long,100,118133,119053
2025-07-27T18:00:00,2025-07-27T20:00:00,short,100,119053,119053
2025-07-27T20:00:00,2025-07-28T00:00:00,long,100,119145,119283
2025-07-28T00:00:00,2025-07-28T02:00:00,short,100,119283,119145
2025-07-28T02:00:00,2025-07-28T06:00:00,long,100,119191,119375
2025-07-28T06:00:00,2025-07-28T18:00:00,short,100,119375,117811
2025-07-28T18:00:00,2025-07-29T00:00:00,long,100,117811,117949
2025-07-29T00:00:00,2025-07-29T02:00:00,short,100,117903,117857
2025-07-29T02:00:00,2025-07-29T10:00:00,long,100,117857,118685
2025-07-29T10:00:00,2025-07-29T16:00:00,short,100,118685,117535
2025-07-29T16:00:00,2025-07-29T18:00:00,long,100,117535,117627
2025-07-29T18:00:00,2025-07-29T20:00:00,short,100,117581,117581
2025-07-29T20:00:00,2025-07-30T04:00:00,long,100,117581,117949
2025-07-30T04:00:00,2025-07-30T06:00:00,short,100,117949,118087
2025-07-30T10:00:00,2025-07-30T12:00:00,short,100,117995,117673
2025-07-30T12:00:00,2025-07-30T16:00:00,long,100,117673,117811
2025-07-30T16:00:00,2025-07-30T20:00:00,short,100,117765,117029
2025-07-30T20:00:00,2025-07-31T10:00:00,long,100,117029,118455
2025-07-31T10:00:00,2025-07-31T12:00:00,short,100,118455,118455
2025-07-31T12:00:00,2025-07-31T14:00:00,long,100,118547,118409
2025-07-31T14:00:00,2025-08-01T02:00:00,short,100,118409,115465
2025-08-01T02:00:00,2025-08-01T04:00:00,long,100,115465,115511
2025-08-01T06:00:00,2025-08-01T10:00:00,short,100,115419,115051
2025-08-01T10:00:00,2025-08-01T12:00:00,long,100,115051,115143
2025-08-01T12:00:00,2025-08-01T14:00:00,short,100,115097,114453
2025-08-01T14:00:00,2025-08-01T16:00:00,long,100,114453,115189
2025-08-01T16:00:00,2025-08-01T20:00:00,short,100,115189,113441
2025-08-01T20:00:00,2025-08-01T22:00:00,long,100,113441,113717
2025-08-01T22:00:00,2025-08-02T00:00:00,short,100,113717,113349
2025-08-02T00:00:00,2025-08-02T08:00:00,long,100,113349,113763
2025-08-02T08:00:00,2025-08-02T10:00:00,short,100,113763,113763
2025-08-02T12:00:00,2025-08-02T20:00:00,short,100,113625,112337
2025-08-02T20:00:00,2025-08-02T22:00:00,long,100,112337,112705
2025-08-02T22:00:00,2025-08-03T00:00:00,short,100,112705,112613
2025-08-03T00:00:00,2025-08-03T22:00:00,long,100,112659,114223
2025-08-03T22:00:00,2025-08-04T00:00:00,short,100,114223,114269
2025-08-04T00:00:00,2025-08-04T02:00:00,long,100,114407,114545
2025-08-04T02:00:00,2025-08-04T06:00:00,short,100,114545,114499
2025-08-04T06:00:00,2025-08-04T08:00:00,long,100,114545,114499
2025-08-04T08:00:00,2025-08-04T10:00:00,short,100,114499,114407
2025-08-04T10:00:00,2025-08-04T18:00:00,long,100,114407,115005
2025-08-04T18:00:00,2025-08-04T20:00:00,short,100,115005,114867
2025-08-04T20:00:00,2025-08-05T00:00:00,long,100,114913,114959
2025-08-05T00:00:00,2025-08-05T04:00:00,short,100,114959,114407
2025-08-05T04:00:00,2025-08-05T06:00:00,long,100,114407,114269
2025-08-05T06:00:00,2025-08-05T08:00:00,short,100,114131,114039
2025-08-05T08:00:00,2025-08-05T12:00:00,long,100,114039,114637
2025-08-05T12:00:00,2025-08-05T16:00:00,short,100,114637,113027
2025-08-05T16:00:00,2025-08-06T00:00:00,long,100,113027,113947
2025-08-06T00:00:00,2025-08-06T04:00:00,short,100,113947,113625
2025-08-06T04:00:00,2025-08-06T08:00:00,long,100,113625,114039
2025-08-06T08:00:00,2025-08-06T10:00:00,short,100,114039,114177
2025-08-06T14:00:00,2025-08-06T18:00:00,long,100,114269,115327
2025-08-06T18:00:00,2025-08-07T06:00:00,short,100,115327,114683
2025-08-07T06:00:00,2025-08-07T16:00:00,long,100,114683,116477
2025-08-07T16:00:00,2025-08-07T18:00:00,short,100,116477,116569
2025-08-07T18:00:00,2025-08-07T20:00:00,long,100,116707,117305
2025-08-07T20:00:00,2025-08-07T22:00:00,short,100,117305,117167
2025-08-07T22:00:00,2025-08-08T00:00:00,long,100,117213,117305
2025-08-08T00:00:00,2025-08-08T06:00:00,short,100,117305,116661
2025-08-08T06:00:00,2025-08-08T08:00:00,long,100,116661,116661
2025-08-08T10:00:00,2025-08-08T14:00:00,long,100,116753,116753
2025-08-08T14:00:00,2025-08-08T16:00:00,short,100,116753,116293
2025-08-08T16:00:00,2025-08-08T18:00:00,long,100,116293,116569
2025-08-08T18:00:00,2025-08-08T20:00:00,short,100,116569,116523
2025-08-08T20:00:00,2025-08-08T22:00:00,long,100,116569,116799
2025-08-08T22:00:00,2025-08-09T04:00:00,short,100,116799,116523
2025-08-09T04:00:00,2025-08-09T10:00:00,long,100,116523,117305
2025-08-09T10:00:00,2025-08-10T02:00:00,short,100,117305,116615
2025-08-10T02:00:00,2025-08-10T04:00:00,long,100,116615,118363
2025-08-10T04:00:00,2025-08-10T08:00:00,short,100,118363,117949
2025-08-10T08:00:00,2025-08-10T16:00:00,long,100,117949,118639
2025-08-10T16:00:00,2025-08-10T18:00:00,short,100,118639,118593
2025-08-10T20:00:00,2025-08-11T06:00:00,long,100,118685,121905
2025-08-11T06:00:00,2025-08-11T14:00:00,short,100,121905,120157
2025-08-11T14:00:00,2025-08-11T16:00:00,long,100,120157,120157
2025-08-11T16:00:00,2025-08-12T00:00:00,short,100,120065,118823
2025-08-12T00:00:00,2025-08-12T02:00:00,long,100,118823,118823
2025-08-12T06:00:00,2025-08-12T08:00:00,long,100,118961,118777
2025-08-12T08:00:00,2025-08-12T10:00:00,short,100,118777,118501
2025-08-12T10:00:00,2025-08-12T16:00:00,long,100,118501,119743
2025-08-12T16:00:00,2025-08-12T18:00:00,short,100,119743,119329
2025-08-12T18:00:00,2025-08-13T00:00:00,long,100,119329,119927
2025-08-13T00:00:00,2025-08-13T06:00:00,short,100,119927,119191
2025-08-13T06:00:00,2025-08-13T14:00:00,long,100,119191,121629
2025-08-13T14:00:00,2025-08-13T16:00:00,short,100,121629,121031
2025-08-13T16:00:00,2025-08-13T20:00:00,long,100,121031,122549
2025-08-13T20:00:00,2025-08-13T22:00:00,short,100,122549,122687
2025-08-13T22:00:00,2025-08-14T04:00:00,long,100,122871,123239
2025-08-14T04:00:00,2025-08-14T22:00:00,short,100,123239,117995
2025-08-14T22:00:00,2025-08-15T08:00:00,long,100,117995,118777
2025-08-15T08:00:00,2025-08-15T10:00:00,short,100,118777,118777
2025-08-15T10:00:00,2025-08-15T12:00:00,long,100,118869,118869
2025-08-15T12:00:00,2025-08-15T16:00:00,short,100,118869,117397
2025-08-15T16:00:00,2025-08-15T18:00:00,long,100,117397,117443
2025-08-15T18:00:00,2025-08-15T20:00:00,short,100,117351,117029
2025-08-15T20:00:00,2025-08-16T02:00:00,long,100,117029,117627
2025-08-16T02:00:00,2025-08-16T04:00:00,short,100,117627,117489
2025-08-16T04:00:00,2025-08-16T08:00:00,long,100,117535,117443
2025-08-16T08:00:00,2025-08-16T10:00:00,short,100,117443,117397
2025-08-16T10:00:00,2025-08-16T20:00:00,long,100,117397,117489
2025-08-16T20:00:00,2025-08-17T02:00:00,short,100,117489,117489
2025-08-17T02:00:00,2025-08-17T14:00:00,long,100,117489,118225
2025-08-17T14:00:00,2025-08-18T04:00:00,short,100,118225,115419
2025-08-18T04:00:00,2025-08-18T06:00:00,long,100,115419,115557
2025-08-18T06:00:00,2025-08-18T14:00:00,short,100,115511,114959
2025-08-18T14:00:00,2025-08-18T22:00:00,long,100,114959,116477
2025-08-18T22:00:00,2025-08-19T04:00:00,short,100,116477,114913
2025-08-19T04:00:00,2025-08-19T12:00:00,long,100,114913,115327
2025-08-19T12:00:00,2025-08-19T20:00:00,short,100,115327,113257
2025-08-19T20:00:00,2025-08-19T22:00:00,long,100,113257,113257
2025-08-19T22:00:00,2025-08-20T00:00:00,short,100,113165,112935
2025-08-20T00:00:00,2025-08-20T06:00:00,long,100,112935,113533
2025-08-20T06:00:00,2025-08-20T08:00:00,short,100,113533,113579
2025-08-20T08:00:00,2025-08-20T12:00:00,long,100,113671,113533
2025-08-20T12:00:00,2025-08-20T14:00:00,short,100,113533,112751
2025-08-20T14:00:00,2025-08-21T02:00:00,long,100,112751,114545
2025-08-21T02:00:00,2025-08-21T12:00:00,short,100,114545,113257
2025-08-21T12:00:00,2025-08-21T14:00:00,long,100,113257,113349
2025-08-21T14:00:00,2025-08-21T20:00:00,short,100,113303,112337
2025-08-21T20:00:00,2025-08-21T22:00:00,long,100,112337,112475
2025-08-21T22:00:00,2025-08-22T00:00:00,short,100,112429,112567
2025-08-22T00:00:00,2025-08-22T06:00:00,long,100,112567,113027
2025-08-22T06:00:00,2025-08-22T12:00:00,short,100,113027,112429
2025-08-22T12:00:00,2025-08-22T18:00:00,long,100,112429,116845
2025-08-22T18:00:00,2025-08-22T20:00:00,short,100,116845,116753
2025-08-22T20:00:00,2025-08-22T22:00:00,long,100,116799,116891
2025-08-22T22:00:00,2025-08-23T04:00:00,short,100,116891,115695
2025-08-23T04:00:00,2025-08-23T06:00:00,long,100,115695,115833
2025-08-23T06:00:00,2025-08-23T16:00:00,short,100,115787,114959
2025-08-23T16:00:00,2025-08-23T20:00:00,long,100,114959,114959
2025-08-23T22:00:00,2025-08-24T02:00:00,long,100,115097,115281
2025-08-24T02:00:00,2025-08-24T20:00:00,short,100,115281,112751
2025-08-24T20:00:00,2025-08-25T00:00:00,long,100,112751,113303
2025-08-25T00:00:00,2025-08-25T08:00:00,short,100,113303,111647
2025-08-25T08:00:00,2025-08-25T10:00:00,long,100,111647,111647
2025-08-25T10:00:00,2025-08-25T12:00:00,short,100,111555,111325
2025-08-25T12:00:00,2025-08-25T18:00:00,long,100,111325,112245
2025-08-25T18:00:00,2025-08-25T22:00:00,short,100,112245,109991
2025-08-25T22:00:00,2025-08-26T00:00:00,long,100,109991,109945
2025-08-26T04:00:00,2025-08-26T08:00:00,long,100,109991,110083
2025-08-26T08:00:00,2025-08-26T12:00:00,short,100,110083,110037
2025-08-26T12:00:00,2025-08-26T14:00:00,long,100,110037,109945
2025-08-26T14:00:00,2025-08-26T16:00:00,short,100,109945,109761
2025-08-26T16:00:00,2025-08-27T00:00:00,long,100,109761,111555
2025-08-27T00:00:00,2025-08-27T02:00:00,short,100,111555,111371
2025-08-27T02:00:00,2025-08-27T06:00:00,long,100,111417,111279
2025-08-27T06:00:00,2025-08-27T08:00:00,short,100,111279,110819
2025-08-27T08:00:00,2025-08-27T18:00:00,long,100,110819,112153
2025-08-27T18:00:00,2025-08-28T00:00:00,short,100,112153,111371
2025-08-28T00:00:00,2025-08-28T08:00:00,long,100,111371,112935
2025-08-28T08:00:00,2025-08-28T20:00:00,short,100,112935,112015
2025-08-28T20:00:00,2025-08-29T00:00:00,long,100,112015,112337
2025-08-29T00:00:00,2025-08-29T02:00:00,short,100,112337,111555
2025-08-29T02:00:00,2025-08-29T04:00:00,long,100,111555,111555
2025-08-29T04:00:00,2025-08-29T10:00:00,short,100,111463,109899
2025-08-29T10:00:00,2025-08-29T12:00:00,long,100,109899,109945
2025-08-29T12:00:00,2025-08-29T20:00:00,short,100,109853,108335
2025-08-29T20:00:00,2025-08-29T22:00:00,long,100,108335,108289
2025-08-30T00:00:00,2025-08-30T02:00:00,short,100,108151,107553
2025-08-30T02:00:00,2025-08-30T12:00:00,long,100,107553,108473
2025-08-30T12:00:00,2025-08-30T14:00:00,short,100,108473,108611
2025-08-30T14:00:00,2025-08-30T16:00:00,long,100,108749,108703
2025-08-30T16:00:00,2025-08-30T22:00:00,short,100,108703,108703
2025-08-30T22:00:00,2025-08-31T02:00:00,long,100,108795,109209
2025-08-31T02:00:00,2025-08-31T06:00:00,short,100,109209,108703
2025-08-31T06:00:00,2025-08-31T08:00:00,long,100,108703,108565
2025-08-31T08:00:00,2025-08-31T14:00:00,short,100,108473,108519
2025-08-31T14:00:00,2025-08-31T22:00:00,long,100,108519,108841
2025-08-31T22:00:00,2025-09-01T04:00:00,short,100,108841,107783
2025-09-01T04:00:00,2025-09-01T10:00:00,long,100,107783,109347
2025-09-01T10:00:00,2025-09-01T12:00:00,short,100,109347,108841
2025-09-01T12:00:00,2025-09-01T14:00:00,long,100,108841,108887
2025-09-01T14:00:00,2025-09-01T16:00:00,short,100,108841,108841
2025-09-01T16:00:00,2025-09-01T20:00:00,long,100,108841,109025
2025-09-01T20:00:00,2025-09-01T22:00:00,short,100,109025,107875
2025-09-01T22:00:00,2025-09-02T10:00:00,long,100,107875,110267
2025-09-02T10:00:00,2025-09-02T12:00:00,short,100,110267,109807
2025-09-02T12:00:00,2025-09-02T14:00:00,long,100,109807,111003
2025-09-02T14:00:00,2025-09-02T16:00:00,short,100,111003,110911
2025-09-02T18:00:00,2025-09-02T20:00:00,short,100,110773,110865
2025-09-02T20:00:00,2025-09-03T02:00:00,long,100,110865,111049
2025-09-03T02:00:00,2025-09-03T06:00:00,short,100,111049,110819
2025-09-03T06:00:00,2025-09-03T18:00:00,long,100,110819,112107
2025-09-03T18:00:00,2025-09-04T00:00:00,short,100,112107,111831
2025-09-04T00:00:00,2025-09-04T02:00:00,long,100,111831,111785
2025-09-04T02:00:00,2025-09-04T08:00:00,short,100,111739,110589
2025-09-04T08:00:00,2025-09-04T12:00:00,long,100,110589,110681
2025-09-04T12:00:00,2025-09-04T16:00:00,short,100,110635,109623
2025-09-04T16:00:00,2025-09-05T08:00:00,long,100,109623,112751
2025-09-05T08:00:00,2025-09-05T12:00:00,short,100,112751,112383
2025-09-05T12:00:00,2025-09-05T14:00:00,long,100,112383,112935
2025-09-05T14:00:00,2025-09-05T18:00:00,short,100,112935,110727
2025-09-05T18:00:00,2025-09-05T20:00:00,long,100,110727,111463
2025-09-05T20:00:00,2025-09-06T00:00:00,short,100,111463,110681
2025-09-06T00:00:00,2025-09-06T04:00:00,long,100,110681,110865
2025-09-06T04:00:00,2025-09-06T06:00:00,short,100,110819,110819
2025-09-06T06:00:00,2025-09-06T08:00:00,long,100,110819,110681
2025-09-06T08:00:00,2025-09-06T10:00:00,short,100,110681,110773
2025-09-06T10:00:00,2025-09-06T14:00:00,long,100,110773,110727
2025-09-06T14:00:00,2025-09-06T20:00:00,short,100,110727,110175
2025-09-06T20:00:00,2025-09-07T16:00:00,long,100,110175,111141
2025-09-07T16:00:00,2025-09-07T18:00:00,short,100,111141,111049
2025-09-07T18:00:00,2025-09-07T20:00:00,long,100,111095,111095
2025-09-07T20:00:00,2025-09-08T02:00:00,short,100,111095,111003
2025-09-08T02:00:00,2025-09-08T12:00:00,long,100,111003,111923
2025-09-08T12:00:00,2025-09-08T14:00:00,short,100,111923,111969
2025-09-08T14:00:00,2025-09-08T16:00:00,long,100,112061,112475
2025-09-08T16:00:00,2025-09-08T20:00:00,short,100,112475,112199
2025-09-08T20:00:00,2025-09-08T22:00:00,long,100,112199,112153
2025-09-08T22:00:00,2025-09-09T02:00:00,short,100,112107,111463
2025-09-09T02:00:00,2025-09-09T10:00:00,long,100,111463,112797
2025-09-09T10:00:00,2025-09-09T12:00:00,short,100,112797,112521
2025-09-09T12:00:00,2025-09-09T14:00:00,long,100,112521,112613
2025-09-09T14:00:00,2025-09-09T16:00:00,short,100,112567,110957
2025-09-09T16:00:00,2025-09-10T00:00:00,long,100,110957,111371
2025-09-10T00:00:00,2025-09-10T02:00:00,short,100,111371,111095
2025-09-10T02:00:00,2025-09-10T08:00:00,long,100,111095,112337
2025-09-10T08:00:00,2025-09-10T12:00:00,short,100,112337,112383
2025-09-10T12:00:00,2025-09-10T14:00:00,long,100,112521,113809
2025-09-10T14:00:00,2025-09-10T20:00:00,short,100,113809,113717
2025-09-10T20:00:00,2025-09-11T04:00:00,long,100,113763,114223
2025-09-11T04:00:00,2025-09-11T12:00:00,short,100,114223,114039
2025-09-11T12:00:00,2025-09-11T14:00:00,long,100,114085,114453
2025-09-11T14:00:00,2025-09-11T16:00:00,short,100,114453,114269
2025-09-11T16:00:00,2025-09-11T18:00:00,long,100,114269,114453
2025-09-11T18:00:00,2025-09-11T22:00:00,short,100,114453,114499
2025-09-11T22:00:00,2025-09-12T00:00:00,long,100,114545,115327
2025-09-12T00:00:00,2025-09-12T04:00:00,short,100,115327,115327
2025-09-12T04:00:00,2025-09-12T06:00:00,long,100,115419,115465
2025-09-12T06:00:00,2025-09-12T12:00:00,short,100,115465,115051
2025-09-12T12:00:00,2025-09-12T20:00:00,long,100,115051,116431
2025-09-12T20:00:00,2025-09-12T22:00:00,short,100,116431,115925
2025-09-12T22:00:00,2025-09-13T00:00:00,long,100,115925,115879
2025-09-13T00:00:00,2025-09-13T02:00:00,short,100,115787,115833
2025-09-13T02:00:00,2025-09-13T04:00:00,long,100,115833,115833
2025-09-13T04:00:00,2025-09-13T08:00:00,short,100,115787,115787
2025-09-13T08:00:00,2025-09-13T10:00:00,long,100,115787,115879
2025-09-13T10:00:00,2025-09-13T18:00:00,short,100,115879,115695
2025-09-13T18:00:00,2025-09-14T02:00:00,long,100,115695,115741
2025-09-14T02:00:00,2025-09-14T04:00:00,short,100,115695,115741
2025-09-14T04:00:00,2025-09-14T10:00:00,long,100,115741,115833
2025-09-14T10:00:00,2025-09-14T16:00:00,short,100,115833,115327
2025-09-14T16:00:00,2025-09-14T22:00:00,long,100,115327,115879
2025-09-14T22:00:00,2025-09-15T02:00:00,short,100,115879,115327
2025-09-15T02:00:00,2025-09-15T06:00:00,long,100,115327,116339
2025-09-15T06:00:00,2025-09-15T10:00:00,short,100,116339,115005
2025-09-15T10:00:00,2025-09-15T12:00:00,long,100,115005,114913
2025-09-15T12:00:00,2025-09-15T14:00:00,short,100,114775,114729
2025-09-15T14:00:00,2025-09-15T22:00:00,long,100,114729,115327
2025-09-15T22:00:00,2025-09-16T02:00:00,short,100,115327,115143
2025-09-16T02:00:00,2025-09-16T08:00:00,long,100,115189,115741
2025-09-16T08:00:00,2025-09-16T14:00:00,short,100,115741,115327
2025-09-16T14:00:00,2025-09-17T00:00:00,long,100,115327,116615
2025-09-17T00:00:00,2025-09-17T04:00:00,short,100,116615,116477
2025-09-17T04:00:00,2025-09-17T08:00:00,long,100,116523,116983
2025-09-17T08:00:00,2025-09-17T18:00:00,short,100,116983,115603
2025-09-17T18:00:00,2025-09-18T04:00:00,long,100,115603,117397
2025-09-18T04:00:00,2025-09-18T08:00:00,short,100,117397,117213
2025-09-18T08:00:00,2025-09-18T10:00:00,long,100,117259,117167
2025-09-18T10:00:00,2025-09-18T12:00:00,short,100,117167,117121
2025-09-18T12:00:00,2025-09-18T18:00:00,long,100,117121,117397
2025-09-18T18:00:00,2025-09-19T00:00:00,short,100,117397,117213
2025-09-19T00:00:00,2025-09-19T02:00:00,long,100,117213,117075
2025-09-19T02:00:00,2025-09-19T20:00:00,short,100,117075,115235
2025-09-19T20:00:00,2025-09-20T02:00:00,long,100,115235,115419
2025-09-20T02:00:00,2025-09-20T04:00:00,short,100,115373,115511
2025-09-20T04:00:00,2025-09-20T08:00:00,long,100,115511,115741
2025-09-20T08:00:00,2025-09-20T10:00:00,short,100,115741,115741
2025-09-20T10:00:00,2025-09-20T16:00:00,long,100,115787,115787
2025-09-20T16:00:00,2025-09-21T02:00:00,short,100,115787,115603
2025-09-21T02:00:00,2025-09-21T08:00:00,long,100,115603,115603
2025-09-21T14:00:00,2025-09-22T02:00:00,short,100,115557,114407
2025-09-22T02:00:00,2025-09-22T04:00:00,long,100,114407,114499
2025-09-22T04:00:00,2025-09-22T10:00:00,short,100,114453,112475
2025-09-22T10:00:00,2025-09-22T14:00:00,long,100,112475,112935
2025-09-22T14:00:00,2025-09-22T20:00:00,short,100,112935,112245
2025-09-22T20:00:00,2025-09-22T22:00:00,long,100,112245,112797
2025-09-22T22:00:00,2025-09-23T02:00:00,short,100,112797,112291
2025-09-23T02:00:00,2025-09-23T08:00:00,long,100,112291,112889
2025-09-23T08:00:00,2025-09-23T20:00:00,short,100,112889,111785
2025-09-23T20:00:00,2025-09-23T22:00:00,long,100,111785,112015
2025-09-23T22:00:00,2025-09-24T00:00:00,short,100,112015,112061
2025-09-24T00:00:00,2025-09-24T02:00:00,long,100,112061,112291
2025-09-24T02:00:00,2025-09-24T04:00:00,short,100,112291,111785
2025-09-24T04:00:00,2025-09-24T12:00:00,long,100,111785,112843
2025-09-24T12:00:00,2025-09-24T14:00:00,short,100,112843,112889
2025-09-24T14:00:00,2025-09-24T18:00:00,long,100,112981,113533
2025-09-24T18:00:00,2025-09-25T14:00:00,short,100,113533,111141
2025-09-25T14:00:00,2025-09-25T16:00:00,long,100,111141,111417
2025-09-25T16:00:00,2025-09-25T18:00:00,short,100,111417,108933
2025-09-25T18:00:00,2025-09-25T22:00:00,long,100,108933,109209
2025-09-25T22:00:00,2025-09-26T00:00:00,short,100,109209,109071
2025-09-26T00:00:00,2025-09-26T02:00:00,long,100,109071,109531
2025-09-26T02:00:00,2025-09-26T08:00:00,short,100,109531,109393
2025-09-26T08:00:00,2025-09-26T10:00:00,long,100,109439,109439
2025-09-26T10:00:00,2025-09-26T12:00:00,short,100,109439,109209
2025-09-26T12:00:00,2025-09-26T14:00:00,long,100,109209,109531
2025-09-26T14:00:00,2025-09-26T16:00:00,short,100,109531,109117
2025-09-26T16:00:00,2025-09-26T18:00:00,long,100,109117,109761
2025-09-26T18:00:00,2025-09-26T20:00:00,short,100,109761,109255
2025-09-26T20:00:00,2025-09-27T00:00:00,long,100,109255,109439
2025-09-27T00:00:00,2025-09-27T02:00:00,short,100,109393,109531
2025-09-27T02:00:00,2025-09-27T06:00:00,long,100,109531,109439
2025-09-27T06:00:00,2025-09-27T20:00:00,short,100,109439,109439
2025-09-27T20:00:00,2025-09-28T00:00:00,long,100,109439,109439
2025-09-28T00:00:00,2025-09-28T02:00:00,short,100,109439,109439
2025-09-28T02:00:00,2025-09-28T04:00:00,long,100,109439,109301
2025-09-28T04:00:00,2025-09-28T06:00:00,short,100,109301,109485
2025-09-28T06:00:00,2025-09-28T10:00:00,long,100,109485,109301
2025-09-28T10:00:00,2025-09-28T12:00:00,short,100,109301,109485
2025-09-28T12:00:00,2025-09-29T00:00:00,long,100,109485,111969
2025-09-29T00:00:00,2025-09-29T08:00:00,short,100,111969,111877
2025-09-29T08:00:00,2025-09-30T02:00:00,long,100,111923,114315
2025-09-30T02:00:00,2025-09-30T10:00:00,short,100,114315,112935
2025-09-30T10:00:00,2025-09-30T14:00:00,long,100,112935,113211
2025-09-30T14:00:00,2025-09-30T16:00:00,short,100,113211,113165
2025-09-30T16:00:00,2025-09-30T20:00:00,long,100,113211,114177
2025-09-30T20:00:00,2025-10-01T00:00:00,short,100,114177,114177
2025-10-01T00:00:00,2025-10-01T02:00:00,long,100,114269,114407
2025-10-01T02:00:00,2025-10-01T04:00:00,short,100,114407,114269
2025-10-01T04:00:00,2025-10-01T16:00:00,long,100,114315,117213
2025-10-01T16:00:00,2025-10-01T18:00:00,short,100,117213,116845
2025-10-01T18:00:00,2025-10-02T04:00:00,long,100,116845,118547
2025-10-02T04:00:00,2025-10-02T06:00:00,short,100,118547,118455
2025-10-02T06:00:00,2025-10-02T10:00:00,long,100,118501,118685
2025-10-02T10:00:00,2025-10-02T12:00:00,short,100,118685,118823
2025-10-02T12:00:00,2025-10-02T20:00:00,long,100,118869,120617
2025-10-02T20:00:00,2025-10-02T22:00:00,short,100,120617,120249
2025-10-02T22:00:00,2025-10-03T00:00:00,long,100,120249,120387
2025-10-03T00:00:00,2025-10-03T02:00:00,short,100,120341,119973
2025-10-03T02:00:00,2025-10-03T04:00:00,long,100,119973,120065
2025-10-03T04:00:00,2025-10-03T08:00:00,short,100,120019,119789
2025-10-03T08:00:00,2025-10-03T16:00:00,long,100,119789,122089
2025-10-03T16:00:00,2025-10-03T18:00:00,short,100,122089,122181
2025-10-03T18:00:00,2025-10-03T20:00:00,long,100,122319,122503
2025-10-03T20:00:00,2025-10-04T02:00:00,short,100,122503,121997
2025-10-04T02:00:00,2025-10-04T06:00:00,long,100,121997,122319
2025-10-04T06:00:00,2025-10-04T12:00:00,short,100,122319,122089
2025-10-04T12:00:00,2025-10-04T14:00:00,long,100,122089,122227
2025-10-04T14:00:00,2025-10-04T18:00:00,short,100,122227,121859
2025-10-04T18:00:00,2025-10-05T06:00:00,long,100,121859,124941
2025-10-05T06:00:00,2025-10-05T10:00:00,short,100,124941,123193
2025-10-05T10:00:00,2025-10-05T12:00:00,long,100,123193,123331
2025-10-05T12:00:00,2025-10-05T16:00:00,short,100,123285,122917
2025-10-05T16:00:00,2025-10-05T18:00:00,long,100,122917,122917
2025-10-05T18:00:00,2025-10-05T20:00:00,short,100,122825,122687
2025-10-05T20:00:00,2025-10-06T02:00:00,long,100,122687,123837
2025-10-06T02:00:00,2025-10-06T08:00:00,short,100,123837,123515
2025-10-06T08:00:00,2025-10-06T20:00:00,long,100,123515,125217
2025-10-06T20:00:00,2025-10-07T08:00:00,short,100,125217,123791
2025-10-07T08:00:00,2025-10-07T12:00:00,long,100,123791,124251
2025-10-07T12:00:00,2025-10-07T18:00:00,short,100,124251,121261
2025-10-07T18:00:00,2025-10-07T22:00:00,long,100,121261,121813
2025-10-07T22:00:00,2025-10-08T00:00:00,short,100,121813,121399
2025-10-08T00:00:00,2025-10-08T02:00:00,long,100,121399,121813
2025-10-08T02:00:00,2025-10-08T06:00:00,short,100,121813,121445
2025-10-08T06:00:00,2025-10-08T12:00:00,long,100,121445,122687
2025-10-08T12:00:00,2025-10-08T16:00:00,short,100,122687,122319
2025-10-08T16:00:00,2025-10-08T18:00:00,long,100,122319,123883
2025-10-08T18:00:00,2025-10-09T10:00:00,short,100,123883,121905
2025-10-09T10:00:00,2025-10-09T12:00:00,long,100,121905,122549
2025-10-09T12:00:00,2025-10-09T20:00:00,short,100,122549,121031
2025-10-09T20:00:00,2025-10-10T02:00:00,long,100,121031,121445
2025-10-10T02:00:00,2025-10-10T04:00:00,short,100,121445,121077
2025-10-10T04:00:00,2025-10-10T06:00:00,long,100,121077,121445
2025-10-10T06:00:00,2025-10-10T08:00:00,short,100,121445,121031
2025-10-10T08:00:00,2025-10-10T14:00:00,long,100,121031,121445
2025-10-10T14:00:00,2025-10-11T02:00:00,short,100,121445,111233
2025-10-11T02:00:00,2025-10-11T06:00:00,long,100,111233,112199
2025-10-11T06:00:00,2025-10-11T08:00:00,short,100,112199,110451
2025-10-11T08:00:00,2025-10-11T14:00:00,long,100,110451,112061
2025-10-11T14:00:00,2025-10-11T16:00:00,short,100,112061,111877
2025-10-11T16:00:00,2025-10-11T18:00:00,long,100,111923,111831
2025-10-11T18:00:00,2025-10-12T02:00:00,short,100,111831,110083
2025-10-12T02:00:00,2025-10-12T06:00:00,long,100,110083,111509
2025-10-12T06:00:00,2025-10-12T08:00:00,short,100,111509,111601
2025-10-12T08:00:00,2025-10-12T12:00:00,long,100,111739,111647
2025-10-12T12:00:00,2025-10-12T14:00:00,short,100,111647,111371
2025-10-12T14:00:00,2025-10-13T02:00:00,long,100,111371,115511
2025-10-13T02:00:00,2025-10-13T06:00:00,short,100,115511,114729
2025-10-13T06:00:00,2025-10-13T08:00:00,long,100,114729,115235
2025-10-13T08:00:00,2025-10-13T12:00:00,short,100,115235,114315
2025-10-13T12:00:00,2025-10-13T14:00:00,long,100,114315,115189
2025-10-13T14:00:00,2025-10-13T16:00:00,short,100,115189,114407
2025-10-13T16:00:00,2025-10-13T22:00:00,long,100,114407,115557
2025-10-13T22:00:00,2025-10-14T14:00:00,short,100,115557,111141
2025-10-14T14:00:00,2025-10-14T16:00:00,long,100,111141,112705
2025-10-14T16:00:00,2025-10-14T20:00:00,short,100,112705,112705
2025-10-14T20:00:00,2025-10-15T00:00:00,long,100,112797,112935
2025-10-15T00:00:00,2025-10-15T04:00:00,short,100,112935,112153
2025-10-15T04:00:00,2025-10-15T10:00:00,long,100,112153,112383
2025-10-15T10:00:00,2025-10-15T16:00:00,short,100,112383,110911
2025-10-15T16:00:00,2025-10-15T20:00:00,long,100,110911,111049
2025-10-15T20:00:00,2025-10-16T00:00:00,short,100,111003,110865
2025-10-16T00:00:00,2025-10-16T04:00:00,long,100,110865,111141
2025-10-16T04:00:00,2025-10-16T08:00:00,short,100,111141,110681
2025-10-16T08:00:00,2025-10-16T12:00:00,long,100,110681,111233
2025-10-16T12:00:00,2025-10-16T20:00:00,short,100,111233,108335
2025-10-16T20:00:00,2025-10-16T22:00:00,long,100,108335,108289
2025-10-16T22:00:00,2025-10-17T00:00:00,short,100,108151,108243
2025-10-17T00:00:00,2025-10-17T04:00:00,long,100,108243,108933
2025-10-17T04:00:00,2025-10-17T10:00:00,short,100,108933,104655
2025-10-17T10:00:00,2025-10-17T16:00:00,long,100,104655,106587
2025-10-17T16:00:00,2025-10-17T20:00:00,short,100,106587,106541
2025-10-17T20:00:00,2025-10-17T22:00:00,long,100,106633,107139
2025-10-17T22:00:00,2025-10-18T00:00:00,short,100,107139,106495
2025-10-18T00:00:00,2025-10-18T02:00:00,long,100,106495,107001
2025-10-18T02:00:00,2025-10-18T08:00:00,short,100,107001,106817
2025-10-18T08:00:00,2025-10-18T12:00:00,long,100,106863,107001
2025-10-18T12:00:00,2025-10-18T18:00:00,short,100,107001,106955
2025-10-18T18:00:00,2025-10-19T00:00:00,long,100,107001,106955
2025-10-19T00:00:00,2025-10-19T02:00:00,short,100,106955,107047
2025-10-19T02:00:00,2025-10-19T04:00:00,long,100,107047,107139
2025-10-19T04:00:00,2025-10-19T08:00:00,short,100,107139,106909
2025-10-19T08:00:00,2025-10-19T18:00:00,long,100,106909,108887
2025-10-19T18:00:00,2025-10-20T02:00:00,short,100,108887,108197
2025-10-20T02:00:00,2025-10-20T08:00:00,long,100,108197,110957
2025-10-20T08:00:00,2025-10-20T12:00:00,short,100,110957,111049
2025-10-20T16:00:00,2025-10-20T18:00:00,short,100,111003,110359
2025-10-20T18:00:00,2025-10-20T20:00:00,long,100,110359,110635
2025-10-20T20:00:00,2025-10-21T06:00:00,short,100,110635,107691
2025-10-21T06:00:00,2025-10-21T08:00:00,long,100,107691,107921
2025-10-21T08:00:00,2025-10-21T10:00:00,short,100,107875,107829
2025-10-21T10:00:00,2025-10-21T12:00:00,long,100,107829,108427
2025-10-21T12:00:00,2025-10-21T14:00:00,short,100,108427,108519
2025-10-21T14:00:00,2025-10-21T16:00:00,long,100,108611,113257
2025-10-21T16:00:00,2025-10-22T06:00:00,short,100,113257,108289
2025-10-22T06:00:00,2025-10-22T08:00:00,long,100,108289,108197
2025-10-22T08:00:00,2025-10-22T12:00:00,short,100,108059,107691
2025-10-22T12:00:00,2025-10-22T14:00:00,long,100,107691,108611
2025-10-22T14:00:00,2025-10-22T22:00:00,short,100,108611,107323
2025-10-22T22:00:00,2025-10-23T10:00:00,long,100,107323,109255
2025-10-23T10:00:00,2025-10-23T12:00:00,short,100,109255,109347
2025-10-23T12:00:00,2025-10-23T18:00:00,long,100,109485,111003
2025-10-23T18:00:00,2025-10-23T22:00:00,short,100,111003,109669
2025-10-23T22:00:00,2025-10-24T02:00:00,long,100,109669,110405
2025-10-24T02:00:00,2025-10-24T04:00:00,short,100,110405,110543
2025-10-24T04:00:00,2025-10-24T06:00:00,long,100,110681,111095
2025-10-24T06:00:00,2025-10-24T08:00:00,short,100,111095,111141
2025-10-24T08:00:00,2025-10-24T10:00:00,long,100,111233,111187
2025-10-24T10:00:00,2025-10-24T16:00:00,short,100,111187,110175
2025-10-24T16:00:00,2025-10-25T14:00:00,long,100,110175,111463
2025-10-25T14:00:00,2025-10-25T18:00:00,short,100,111463,111463
2025-10-25T18:00:00,2025-10-25T20:00:00,long,100,111555,111463
2025-10-25T20:00:00,2025-10-25T22:00:00,short,100,111463,111555
2025-10-25T22:00:00,2025-10-26T02:00:00,long,100,111601,111463
2025-10-26T02:00:00,2025-10-26T04:00:00,short,100,111463,111325
2025-10-26T04:00:00,2025-10-26T16:00:00,long,100,111325,113533
2025-10-26T16:00:00,2025-10-26T18:00:00,short,100,113533,113533
2025-10-26T20:00:00,2025-10-26T22:00:00,short,100,113441,113625
2025-10-26T22:00:00,2025-10-27T02:00:00,long,100,113625,115051
2025-10-27T02:00:00,2025-10-27T04:00:00,short,100,115051,115051
2025-10-27T04:00:00,2025-10-27T08:00:00,long,100,115143,115419
2025-10-27T08:00:00,2025-10-27T10:00:00,short,100,115419,115327
2025-10-27T12:00:00,2025-10-27T16:00:00,short,100,115189,115097
2025-10-27T16:00:00,2025-10-27T18:00:00,long,100,115097,115557
2025-10-27T18:00:00,2025-10-28T00:00:00,short,100,115557,114223
2025-10-28T00:00:00,2025-10-28T02:00:00,long,100,114223,114269
2025-10-28T02:00:00,2025-10-28T06:00:00,short,100,114177,113717
2025-10-28T06:00:00,2025-10-28T10:00:00,long,100,113717,114315
2025-10-28T10:00:00,2025-10-28T12:00:00,short,100,114315,114407
2025-10-28T12:00:00,2025-10-28T14:00:00,long,100,114499,115373
2025-10-28T14:00:00,2025-10-28T16:00:00,short,100,115373,114683
2025-10-28T16:00:00,2025-10-28T18:00:00,long,100,114683,115143
2025-10-28T18:00:00,2025-10-29T04:00:00,short,100,115143,112613
2025-10-29T04:00:00,2025-10-29T08:00:00,long,100,112613,113349
2025-10-29T08:00:00,2025-10-29T10:00:00,short,100,113349,113073
2025-10-29T10:00:00,2025-10-29T12:00:00,long,100,113073,112981
2025-10-29T12:00:00,2025-10-29T16:00:00,short,100,112935,111647
2025-10-29T16:00:00,2025-10-29T18:00:00,long,100,111647,111693
2025-10-29T18:00:00,2025-10-29T20:00:00,short,100,111601,110727
2025-10-29T20:00:00,2025-10-29T22:00:00,long,100,110727,111463
2025-10-29T22:00:00,2025-10-30T00:00:00,short,100,111463,110129
2025-10-30T00:00:00,2025-10-30T04:00:00,long,100,110129,110543
2025-10-30T04:00:00,2025-10-30T06:00:00,short,100,110543,110313
2025-10-30T06:00:00,2025-10-30T08:00:00,long,100,110313,111187
2025-10-30T08:00:00,2025-10-30T20:00:00,short,100,111187,106679
2025-10-30T20:00:00,2025-10-31T02:00:00,long,100,106679,109439
2025-10-31T02:00:00,2025-10-31T04:00:00,short,100,109439,109301
2025-10-31T04:00:00,2025-10-31T06:00:00,long,100,109347,109761
2025-10-31T06:00:00,2025-10-31T08:00:00,short,100,109761,109531
2025-10-31T08:00:00,2025-10-31T12:00:00,long,100,109531,110221
2025-10-31T12:00:00,2025-10-31T18:00:00,short,100,110221,109439
2025-10-31T18:00:00,2025-10-31T20:00:00,long,100,109439,109715
2025-10-31T20:00:00,2025-11-01T00:00:00,short,100,109715,109669
2025-11-01T00:00:00,2025-11-01T06:00:00,long,100,109715,110037
2025-11-01T06:00:00,2025-11-01T10:00:00,short,100,110037,110129
2025-11-01T12:00:00,2025-11-01T14:00:00,short,100,109991,110037
2025-11-01T14:00:00,2025-11-01T16:00:00,long,100,110083,110129
2025-11-01T16:00:00,2025-11-01T18:00:00,short,100,110129,110267
2025-11-01T18:00:00,2025-11-01T20:00:00,long,100,110267,110083
2025-11-01T20:00:00,2025-11-01T22:00:00,short,100,110083,109945
2025-11-01T22:00:00,2025-11-02T00:00:00,long,100,109945,109945
2025-11-02T00:00:00,2025-11-02T02:00:00,short,100,109899,110037
2025-11-02T02:00:00,2025-11-02T08:00:00,long,100,110037,110681
2025-11-02T08:00:00,2025-11-02T10:00:00,short,100,110681,110773
2025-11-02T10:00:00,2025-11-02T12:00:00,long,100,110911,111049
2025-11-02T12:00:00,2025-11-02T22:00:00,short,100,111049,110129
2025-11-02T22:00:00,2025-11-03T00:00:00,long,100,110129,110405
2025-11-03T00:00:00,2025-11-03T10:00:00,short,100,110405,107323
2025-11-03T10:00:00,2025-11-03T14:00:00,long,100,107323,107691
2025-11-03T14:00:00,2025-11-03T16:00:00,short,100,107691,105851
2025-11-03T16:00:00,2025-11-03T18:00:00,long,100,105851,107323
2025-11-03T18:00:00,2025-11-04T00:00:00,short,100,107323,106725
2025-11-04T00:00:00,2025-11-04T04:00:00,long,100,106725,106955
2025-11-04T04:00:00,2025-11-04T06:00:00,short,100,106955,104287
2025-11-04T06:00:00,2025-11-04T08:00:00,long,100,104287,104333
2025-11-04T08:00:00,2025-11-04T10:00:00,short,100,104241,103965
2025-11-04T10:00:00,2025-11-04T12:00:00,long,100,103965,104425
2025-11-04T12:00:00,2025-11-04T22:00:00,short,100,104425,100423
2025-11-04T22:00:00,2025-11-05T00:00:00,long,100,100423,101343
2025-11-05T00:00:00,2025-11-05T02:00:00,short,100,101343,100837
2025-11-05T02:00:00,2025-11-05T04:00:00,long,100,100837,101987
2025-11-05T04:00:00,2025-11-05T06:00:00,short,100,101987,101895
2025-11-05T06:00:00,2025-11-05T20:00:00,long,100,101941,103781
2025-11-05T20:00:00,2025-11-05T22:00:00,short,100,103781,103735
2025-11-05T22:00:00,2025-11-06T00:00:00,long,100,103827,103735
2025-11-06T00:00:00,2025-11-06T02:00:00,short,100,103735,103459
2025-11-06T02:00:00,2025-11-06T04:00:00,long,100,103459,103505
2025-11-06T04:00:00,2025-11-06T10:00:00,short,100,103459,102953
2025-11-06T10:00:00,2025-11-06T14:00:00,long,100,102953,103137
2025-11-06T14:00:00,2025-11-06T22:00:00,short,100,103091,101251
2025-11-06T22:00:00,2025-11-07T06:00:00,long,100,101251,102263
2025-11-07T06:00:00,2025-11-07T14:00:00,short,100,102263,100469
2025-11-07T14:00:00,2025-11-07T22:00:00,long,100,100469,103689
2025-11-07T22:00:00,2025-11-08T16:00:00,short,100,103689,101849
2025-11-08T16:00:00,2025-11-09T00:00:00,long,100,101849,102125
2025-11-09T00:00:00,2025-11-09T04:00:00,short,100,102125,101803
2025-11-09T04:00:00,2025-11-09T08:00:00,long,100,101803,101757
2025-11-09T08:00:00,2025-11-09T10:00:00,short,100,101711,101711
2025-11-09T10:00:00,2025-11-09T20:00:00,long,100,101711,104609
2025-11-09T20:00:00,2025-11-09T22:00:00,short,100,104609,104609
2025-11-09T22:00:00,2025-11-10T10:00:00,long,100,104701,106265
2025-11-10T10:00:00,2025-11-10T12:00:00,short,100,106265,106265
2025-11-10T12:00:00,2025-11-10T14:00:00,long,100,106357,106403
2025-11-10T14:00:00,2025-11-10T16:00:00,short,100,106403,105161
2025-11-10T16:00:00,2025-11-10T18:00:00,long,100,105161,105805
2025-11-10T18:00:00,2025-11-10T22:00:00,short,100,105805,105759
2025-11-10T22:00:00,2025-11-11T04:00:00,long,100,105805,106265
2025-11-11T04:00:00,2025-11-11T08:00:00,short,100,106265,104931
2025-11-11T08:00:00,2025-11-11T12:00:00,long,100,104931,105115
2025-11-11T12:00:00,2025-11-11T22:00:00,short,100,105069,102769
2025-11-11T22:00:00,2025-11-12T06:00:00,long,100,102769,103183
2025-11-12T06:00:00,2025-11-12T08:00:00,short,100,103183,103183
2025-11-12T08:00:00,2025-11-12T14:00:00,long,100,103229,104839
2025-11-12T14:00:00,2025-11-12T20:00:00,short,100,104839,101435
2025-11-12T20:00:00,2025-11-12T22:00:00,long,100,101435,101757
2025-11-12T22:00:00,2025-11-13T00:00:00,short,100,101757,101711
2025-11-13T00:00:00,2025-11-13T08:00:00,long,100,101757,103275
2025-11-13T08:00:00,2025-11-13T10:00:00,short,100,103275,102907
2025-11-13T10:00:00,2025-11-13T12:00:00,long,100,102907,102815
2025-11-13T12:00:00,2025-11-13T20:00:00,short,100,102769,98813
2025-11-13T20:00:00,2025-11-14T00:00:00,long,100,98813,99503
2025-11-14T00:00:00,2025-11-14T14:00:00,short,100,99503,95363
2025-11-14T14:00:00,2025-11-14T16:00:00,long,100,95363,96651
2025-11-14T16:00:00,2025-11-15T00:00:00,short,100,96651,94719
2025-11-15T00:00:00,2025-11-15T08:00:00,long,100,94719,96237
2025-11-15T08:00:00,2025-11-15T12:00:00,short,100,96237,95823
2025-11-15T12:00:00,2025-11-15T14:00:00,long,100,95823,96237
2025-11-15T14:00:00,2025-11-15T22:00:00,short,100,96237,95409
2025-11-15T22:00:00,2025-11-16T00:00:00,long,100,95409,95455
2025-11-16T00:00:00,2025-11-16T02:00:00,short,100,95363,95363
2025-11-16T02:00:00,2025-11-16T10:00:00,long,100,95363,96467
2025-11-16T10:00:00,2025-11-16T22:00:00,short,100,96467,93661
2025-11-16T22:00:00,2025-11-17T04:00:00,long,100,93661,95317
2025-11-17T04:00:00,2025-11-17T06:00:00,short,100,95317,95225
2025-11-17T06:00:00,2025-11-17T10:00:00,long,100,95271,95501
2025-11-17T10:00:00,2025-11-17T20:00:00,short,100,95501,91821
2025-11-17T20:00:00,2025-11-18T00:00:00,long,100,91821,92005
2025-11-18T00:00:00,2025-11-18T06:00:00,short,100,91959,90349
2025-11-18T06:00:00,2025-11-18T20:00:00,long,100,90349,93063
2025-11-18T20:00:00,2025-11-18T22:00:00,short,100,93063,92603
2025-11-18T22:00:00,2025-11-19T00:00:00,long,100,92603,92833
2025-11-19T00:00:00,2025-11-19T06:00:00,short,100,92833,90579
2025-11-19T06:00:00,2025-11-19T08:00:00,long,100,90579,91729
2025-11-19T08:00:00,2025-11-19T20:00:00,short,100,91729,89015
2025-11-19T20:00:00,2025-11-20T02:00:00,long,100,89015,92419
2025-11-20T02:00:00,2025-11-20T04:00:00,short,100,92419,92511
2025-11-20T06:00:00,2025-11-20T20:00:00,short,100,92465,87037
2025-11-20T20:00:00,2025-11-20T22:00:00,long,100,87037,87129
2025-11-20T22:00:00,2025-11-21T00:00:00,short,100,87083,86715
2025-11-21T00:00:00,2025-11-21T02:00:00,long,100,86715,86899
2025-11-21T02:00:00,2025-11-21T04:00:00,short,100,86853,85887
2025-11-21T04:00:00,2025-11-21T06:00:00,long,100,85887,86025
2025-11-21T06:00:00,2025-11-21T12:00:00,short,100,85979,82345
2025-11-21T12:00:00,2025-11-21T14:00:00,long,100,82345,83955
2025-11-21T14:00:00,2025-11-21T16:00:00,short,100,83955,83035
2025-11-21T16:00:00,2025-11-21T18:00:00,long,100,83035,84737
2025-11-21T18:00:00,2025-11-21T20:00:00,short,100,84737,84277
2025-11-21T20:00:00,2025-11-22T02:00:00,long,100,84277,85013
2025-11-22T02:00:00,2025-11-22T06:00:00,short,100,85013,84415
2025-11-22T06:00:00,2025-11-22T08:00:00,long,100,84415,84415
2025-11-22T08:00:00,2025-11-22T10:00:00,short,100,84323,84001
2025-11-22T10:00:00,2025-11-22T12:00:00,long,100,84001,83955
2025-11-22T14:00:00,2025-11-22T20:00:00,long,100,84047,84415
2025-11-22T20:00:00,2025-11-22T22:00:00,short,100,84415,84507
2025-11-22T22:00:00,2025-11-23T06:00:00,long,100,84599,86163
2025-11-23T06:00:00,2025-11-23T08:00:00,short,100,86163,85841
2025-11-23T08:00:00,2025-11-23T10:00:00,long,100,85841,86255
2025-11-23T10:00:00,2025-11-23T12:00:00,short,100,86255,86393
2025-11-23T12:00:00,2025-11-23T16:00:00,long,100,86485,86899
2025-11-23T16:00:00,2025-11-23T18:00:00,short,100,86899,86807
2025-11-23T18:00:00,2025-11-23T22:00:00,long,100,86853,87773
2025-11-23T22:00:00,2025-11-24T00:00:00,short,100,87773,86945
2025-11-24T00:00:00,2025-11-24T06:00:00,long,100,86945,87267
2025-11-24T06:00:00,2025-11-24T10:00:00,short,100,87267,86071
2025-11-24T10:00:00,2025-11-24T12:00:00,long,100,86071,86117
2025-11-24T14:00:00,2025-11-24T22:00:00,long,100,86255,88555
2025-11-24T22:00:00,2025-11-25T04:00:00,short,100,88555,87865
2025-11-25T04:00:00,2025-11-25T06:00:00,long,100,87865,87957
2025-11-25T06:00:00,2025-11-25T10:00:00,short,100,87911,87359
2025-11-25T10:00:00,2025-11-25T12:00:00,long,100,87359,87221
2025-11-25T12:00:00,2025-11-25T16:00:00,short,100,87083,87129
2025-11-25T16:00:00,2025-11-25T18:00:00,long,100,87129,87497
2025-11-25T18:00:00,2025-11-25T20:00:00,short,100,87497,86945
2025-11-25T20:00:00,2025-11-26T02:00:00,long,100,86945,87727
2025-11-26T02:00:00,2025-11-26T04:00:00,short,100,87727,87221
2025-11-26T04:00:00,2025-11-26T08:00:00,long,100,87221,87727
2025-11-26T08:00:00,2025-11-26T10:00:00,short,100,87727,86945
2025-11-26T10:00:00,2025-11-26T14:00:00,long,100,86945,86945
2025-11-26T16:00:00,2025-11-27T04:00:00,long,100,87037,90947
2025-11-27T04:00:00,2025-11-27T06:00:00,short,100,90947,91039
2025-11-27T06:00:00,2025-11-27T10:00:00,long,100,91177,91361
2025-11-27T10:00:00,2025-11-27T16:00:00,short,100,91361,90993
2025-11-27T16:00:00,2025-11-27T22:00:00,long,100,90993,91315
2025-11-27T22:00:00,2025-11-28T02:00:00,short,100,91315,90901
2025-11-28T02:00:00,2025-11-28T06:00:00,long,100,90901,91407
2025-11-28T06:00:00,2025-11-28T08:00:00,short,100,91407,90993
2025-11-28T08:00:00,2025-11-28T10:00:00,long,100,90993,91453
2025-11-28T10:00:00,2025-11-28T12:00:00,short,100,91453,91499
2025-11-28T12:00:00,2025-11-28T16:00:00,long,100,91591,92235
2025-11-28T16:00:00,2025-11-28T18:00:00,short,100,92235,90763
2025-11-28T18:00:00,2025-11-28T20:00:00,long,100,90763,90993
2025-11-28T20:00:00,2025-11-29T10:00:00,short,100,90993,90671
2025-11-29T10:00:00,2025-11-29T16:00:00,long,100,90671,90901
2025-11-29T16:00:00,2025-11-29T18:00:00,short,100,90901,90487
2025-11-29T18:00:00,2025-11-29T22:00:00,long,100,90487,90809
2025-11-29T22:00:00,2025-11-30T00:00:00,short,100,90809,90901
2025-11-30T04:00:00,2025-11-30T06:00:00,short,100,90763,90901
2025-11-30T06:00:00,2025-11-30T10:00:00,long,100,90901,91223
2025-11-30T10:00:00,2025-11-30T12:00:00,short,100,91223,91131
2025-11-30T12:00:00,2025-11-30T14:00:00,long,100,91177,91637
2025-11-30T14:00:00,2025-12-01T06:00:00,short,100,91637,86117
2025-12-01T06:00:00,2025-12-01T10:00:00,long,100,86117,86485
2025-12-01T10:00:00,2025-12-01T16:00:00,short,100,86485,84829
2025-12-01T16:00:00,2025-12-01T22:00:00,long,100,84829,86209
2025-12-01T22:00:00,2025-12-02T00:00:00,short,100,86209,86347
2025-12-02T02:00:00,2025-12-02T08:00:00,long,100,86531,86807
2025-12-02T08:00:00,2025-12-02T10:00:00,short,100,86807,86853
2025-12-02T10:00:00,2025-12-02T20:00:00,long,100,86945,91683
2025-12-02T20:00:00,2025-12-03T00:00:00,short,100,91683,91407
2025-12-03T00:00:00,2025-12-03T06:00:00,long,100,91407,93431
2025-12-03T06:00:00,2025-12-03T08:00:00,short,100,93431,93109
2025-12-03T08:00:00,2025-12-03T10:00:00,long,100,93109,93017
2025-12-03T10:00:00,2025-12-03T12:00:00,short,100,92971,93063
2025-12-03T12:00:00,2025-12-03T14:00:00,long,100,93063,92971
2025-12-03T14:00:00,2025-12-03T16:00:00,short,100,92925,92465
2025-12-03T16:00:00,2025-12-03T22:00:00,long,100,92465,93477
2025-12-03T22:00:00,2025-12-04T02:00:00,short,100,93477,93339
2025-12-04T02:00:00,2025-12-04T04:00:00,long,100,93385,93385
2025-12-04T04:00:00,2025-12-04T06:00:00,short,100,93385,93063
2025-12-04T06:00:00,2025-12-04T10:00:00,long,100,93063,93247
2025-12-04T10:00:00,2025-12-04T14:00:00,short,100,93247,92649
2025-12-04T14:00:00,2025-12-04T16:00:00,long,100,92649,92833
2025-12-04T16:00:00,2025-12-04T20:00:00,short,100,92787,92097
2025-12-04T20:00:00,2025-12-04T22:00:00,long,100,92097,92005
2025-12-05T00:00:00,2025-12-05T02:00:00,long,100,92143,92235
2025-12-05T02:00:00,2025-12-05T06:00:00,short,100,92189,92051
2025-12-05T06:00:00,2025-12-05T08:00:00,long,100,92051,92143
2025-12-05T08:00:00,2025-12-05T10:00:00,short,100,92097,91223
2025-12-05T10:00:00,2025-12-05T12:00:00,long,100,91223,91223
2025-12-05T12:00:00,2025-12-05T18:00:00,short,100,91131,89429
2025-12-05T18:00:00,2025-12-05T20:00:00,long,100,89429,89475
2025-12-05T20:00:00,2025-12-05T22:00:00,short,100,89383,89245
2025-12-05T22:00:00,2025-12-06T18:00:00,long,100,89245,89567
2025-12-06T18:00:00,2025-12-07T02:00:00,short,100,89567,89383
2025-12-07T02:00:00,2025-12-07T04:00:00,long,100,89383,89567
2025-12-07T04:00:00,2025-12-07T14:00:00,short,100,89567,89153
2025-12-07T14:00:00,2025-12-07T20:00:00,long,100,89153,91223
2025-12-07T20:00:00,2025-12-07T22:00:00,short,100,91223,90303
2025-12-07T22:00:00,2025-12-08T12:00:00,long,100,90303,91775
2025-12-08T12:00:00,2025-12-08T16:00:00,short,100,91775,90073
2025-12-08T16:00:00,2025-12-08T18:00:00,long,100,90073,90119
2025-12-08T20:00:00,2025-12-08T22:00:00,long,100,90211,91131
2025-12-08T22:00:00,2025-12-09T02:00:00,short,100,91131,90165
2025-12-09T02:00:00,2025-12-09T04:00:00,long,100,90165,90257
2025-12-09T04:00:00,2025-12-09T06:00:00,short,100,90211,89981
2025-12-09T06:00:00,2025-12-09T08:00:00,long,100,89981,90349
2025-12-09T08:00:00,2025-12-09T10:00:00,short,100,90349,90211
2025-12-09T10:00:00,2025-12-09T18:00:00,long,100,90257,93753
2025-12-09T18:00:00,2025-12-10T02:00:00,short,100,93753,92419
2025-12-10T02:00:00,2025-12-10T10:00:00,long,100,92419,92741
2025-12-10T10:00:00,2025-12-10T16:00:00,short,100,92741,92189
2025-12-10T16:00:00,2025-12-10T20:00:00,long,100,92189,92741
2025-12-10T20:00:00,2025-12-11T04:00:00,short,100,92741,89981
2025-12-11T04:00:00,2025-12-11T08:00:00,long,100,89981,90165
2025-12-11T12:00:00,2025-12-11T16:00:00,short,100,90119,89981
2025-12-11T16:00:00,2025-12-11T22:00:00,long,100,89981,92695
2025-12-11T22:00:00,2025-12-12T02:00:00,short,100,92695,92281
2025-12-12T02:00:00,2025-12-12T12:00:00,long,100,92281,92327
2025-12-12T12:00:00,2025-12-12T16:00:00,short,100,92281,90073
2025-12-12T16:00:00,2025-12-13T12:00:00,long,100,90073,90211
2025-12-13T14:00:00,2025-12-13T22:00:00,short,100,90165,90211
2025-12-13T22:00:00,2025-12-14T08:00:00,long,100,90211,90119
2025-12-14T08:00:00,2025-12-14T12:00:00,short,100,90119,89475
2025-12-14T12:00:00,2025-12-14T14:00:00,long,100,89475,89337
2025-12-14T14:00:00,2025-12-15T00:00:00,short,100,89199,88279
2025-12-15T00:00:00,2025-12-15T10:00:00,long,100,88279,89659
2025-12-15T10:00:00,2025-12-15T18:00:00,short,100,89659,85887
2025-12-15T18:00:00,2025-12-16T00:00:00,long,100,85887,86255
2025-12-16T00:00:00,2025-12-16T04:00:00,short,100,86255,85979
2025-12-16T04:00:00,2025-12-16T12:00:00,long,100,85979,87083
2025-12-16T12:00:00,2025-12-16T14:00:00,short,100,87083,86531
2025-12-16T14:00:00,2025-12-16T16:00:00,long,100,86531,87819
2025-12-16T16:00:00,2025-12-16T18:00:00,short,100,87819,87221
2025-12-16T18:00:00,2025-12-17T00:00:00,long,100,87221,87681
2025-12-17T00:00:00,2025-12-17T06:00:00,short,100,87681,86761
2025-12-17T06:00:00,2025-12-17T08:00:00,long,100,86761,86899
2025-12-17T08:00:00,2025-12-17T10:00:00,short,100,86853,86531
2025-12-17T10:00:00,2025-12-17T14:00:00,long,100,86531,87405
2025-12-17T14:00:00,2025-12-17T22:00:00,short,100,87405,86117
2025-12-17T22:00:00,2025-12-18T00:00:00,long,100,86117,86117
2025-12-18T02:00:00,2025-12-18T04:00:00,long,100,86209,86485
2025-12-18T04:00:00,2025-12-18T06:00:00,short,100,86485,86531
2025-12-18T06:00:00,2025-12-18T14:00:00,long,100,86577,88647
2025-12-18T14:00:00,2025-12-18T20:00:00,short,100,88647,84599
2025-12-18T20:00:00,2025-12-18T22:00:00,long,100,84599,85473
2025-12-18T22:00:00,2025-12-19T02:00:00,short,100,85473,85473
2025-12-19T02:00:00,2025-12-19T12:00:00,long,100,85565,88003
2025-12-19T12:00:00,2025-12-19T18:00:00,short,100,88003,87083
2025-12-19T18:00:00,2025-12-21T00:00:00,long,100,87083,88187
2025-12-21T00:00:00,2025-12-21T02:00:00,short,100,88187,88095
2025-12-21T06:00:00,2025-12-21T10:00:00,long,100,88141,88739
2025-12-21T10:00:00,2025-12-21T14:00:00,short,100,88739,87819
2025-12-21T14:00:00,2025-12-21T20:00:00,long,100,87819,88279
2025-12-21T20:00:00,2025-12-21T22:00:00,short,100,88279,88233
2025-12-21T22:00:00,2025-12-22T14:00:00,long,100,88279,89751
2025-12-22T14:00:00,2025-12-22T20:00:00,short,100,89751,88187
2025-12-22T20:00:00,2025-12-23T02:00:00,long,100,88187,88417
2025-12-23T02:00:00,2025-12-23T10:00:00,short,100,88417,87681
2025-12-23T10:00:00,2025-12-23T12:00:00,long,100,87681,87727
2025-12-23T12:00:00,2025-12-23T18:00:00,short,100,87635,87313
2025-12-23T18:00:00,2025-12-23T22:00:00,long,100,87313,87635
2025-12-23T22:00:00,2025-12-24T00:00:00,short,100,87635,87589
2025-12-24T00:00:00,2025-12-24T02:00:00,long,100,87635,87497
2025-12-24T02:00:00,2025-12-24T10:00:00,short,100,87497,86945
2025-12-24T10:00:00,2025-12-24T14:00:00,long,100,86945,87083
2025-12-24T14:00:00,2025-12-24T16:00:00,short,100,87037,87129
2025-12-24T16:00:00,2025-12-25T04:00:00,long,100,87129,87681
2025-12-25T04:00:00,2025-12-25T06:00:00,short,100,87681,87819
2025-12-25T08:00:00,2025-12-25T12:00:00,short,100,87635,87589
2025-12-25T12:00:00,2025-12-25T16:00:00,long,100,87635,88187
2025-12-25T16:00:00,2025-12-26T02:00:00,short,100,88187,87175
2025-12-26T02:00:00,2025-12-26T06:00:00,long,100,87175,88785
2025-12-26T06:00:00,2025-12-26T08:00:00,short,100,88785,88555
2025-12-26T08:00:00,2025-12-26T10:00:00,long,100,88555,88693
2025-12-26T10:00:00,2025-12-26T12:00:00,short,100,88693,88647
2025-12-26T12:00:00,2025-12-26T14:00:00,long,100,88647,88831
2025-12-26T14:00:00,2025-12-26T16:00:00,short,100,88831,87221
2025-12-26T16:00:00,2025-12-26T22:00:00,long,100,87221,87313
2025-12-27T00:00:00,2025-12-27T10:00:00,long,100,87451,87405
2025-12-27T10:00:00,2025-12-27T20:00:00,short,100,87405,87589
2025-12-27T20:00:00,2025-12-28T02:00:00,long,100,87589,87681
2025-12-28T02:00:00,2025-12-28T08:00:00,short,100,87681,87773
2025-12-28T08:00:00,2025-12-28T16:00:00,long,100,87819,87727
2025-12-28T16:00:00,2025-12-28T22:00:00,short,100,87727,87681
2025-12-28T22:00:00,2025-12-29T04:00:00,long,100,87727,89935
2025-12-29T04:00:00,2025-12-29T14:00:00,short,100,89935,87543
2025-12-29T14:00:00,2025-12-29T18:00:00,long,100,87543,87681
2025-12-29T18:00:00,2025-12-30T02:00:00,short,100,87635,87359
2025-12-30T02:00:00,2025-12-30T04:00:00,long,100,87359,87221
2025-12-30T06:00:00,2025-12-30T16:00:00,long,100,87405,88831
2025-12-30T16:00:00,2025-12-30T22:00:00,short,100,88831,88371
2025-12-30T22:00:00,2025-12-31T02:00:00,long,100,88371,88463
2025-12-31T02:00:00,2025-12-31T06:00:00,short,100,88417,88555
2025-12-31T06:00:00,2025-12-31T14:00:00,long,100,88555,88831
2025-12-31T14:00:00,2025-12-31T20:00:00,short,100,88831,87681
2025-12-31T20:00:00,2025-12-31T22:00:00,long,100,87681,87681
2025-12-31T22:00:00,2026-01-01T00:00:00,short,100,87589,87727
2026-01-01T00:00:00,2026-01-01T02:00:00,long,100,87727,87819
2026-01-01T02:00:00,2026-01-01T08:00:00,short,100,87819,87773
2026-01-01T08:00:00,2026-01-02T00:00:00,long,100,87773,88647
2026-01-02T00:00:00,2026-01-02T02:00:00,short,100,88647,88739
2026-01-02T02:00:00,2026-01-02T04:00:00,long,100,88877,88785
2026-01-02T04:00:00,2026-01-02T06:00:00,short,100,88785,88831
2026-01-02T06:00:00,2026-01-02T12:00:00,long,100,88877,89291
2026-01-02T12:00:00,2026-01-02T16:00:00,short,100,89291,89429
2026-01-02T16:00:00,2026-01-02T18:00:00,long,100,89521,90211
2026-01-02T18:00:00,2026-01-02T20:00:00,short,100,90211,89981
2026-01-02T20:00:00,2026-01-03T04:00:00,long,100,89981,90119
2026-01-03T04:00:00,2026-01-03T08:00:00,short,100,90119,89705
2026-01-03T08:00:00,2026-01-04T10:00:00,long,100,89705,91315
2026-01-04T10:00:00,2026-01-04T20:00:00,short,100,91315,91269
2026-01-04T22:00:00,2026-01-05T04:00:00,long,100,91361,92787
2026-01-05T04:00:00,2026-01-05T06:00:00,short,100,92787,92465
2026-01-05T06:00:00,2026-01-05T12:00:00,long,100,92465,92925
2026-01-05T12:00:00,2026-01-05T14:00:00,short,100,92925,92833
2026-01-05T14:00:00,2026-01-05T20:00:00,long,100,92879,94121
2026-01-05T20:00:00,2026-01-06T08:00:00,short,100,94121,93385
2026-01-06T08:00:00,2026-01-06T12:00:00,long,100,93385,93661
2026-01-06T12:00:00,2026-01-06T18:00:00,short,100,93661,91729
2026-01-06T18:00:00,2026-01-07T00:00:00,long,100,91729,93569
2026-01-07T00:00:00,2026-01-07T02:00:00,short,100,93569,92557
2026-01-07T02:00:00,2026-01-07T04:00:00,long,100,92557,92695
2026-01-07T04:00:00,2026-01-07T06:00:00,short,100,92649,92649
2026-01-07T06:00:00,2026-01-07T08:00:00,long,100,92649,92741
2026-01-07T08:00:00,2026-01-07T10:00:00,short,100,92741,91775
2026-01-07T10:00:00,2026-01-07T14:00:00,long,100,91775,91913
2026-01-07T14:00:00,2026-01-07T22:00:00,short,100,91867,91223
2026-01-07T22:00:00,2026-01-08T02:00:00,long,100,91223,91223
2026-01-08T02:00:00,2026-01-08T10:00:00,short,100,91131,90165
2026-01-08T10:00:00,2026-01-08T12:00:00,long,100,90165,90073
2026-01-08T12:00:00,2026-01-08T14:00:00,short,100,89935,90073
2026-01-08T14:00:00,2026-01-08T18:00:00,long,100,90073,91177
2026-01-08T18:00:00,2026-01-08T20:00:00,short,100,91177,90993
2026-01-08T20:00:00,2026-01-08T22:00:00,long,100,91039,91131
2026-01-08T22:00:00,2026-01-09T02:00:00,short,100,91131,91177
2026-01-09T02:00:00,2026-01-09T04:00:00,long,100,91223,91085
2026-01-09T04:00:00,2026-01-09T12:00:00,short,100,91085,90487
2026-01-09T12:00:00,2026-01-09T18:00:00,long,100,90487,91223
2026-01-09T18:00:00,2026-01-09T20:00:00,short,100,91223,90395
2026-01-09T20:00:00,2026-01-10T16:00:00,long,100,90395,90579
2026-01-10T16:00:00,2026-01-10T18:00:00,short,100,90533,90625
2026-01-10T18:00:00,2026-01-10T20:00:00,long,100,90625,90487
2026-01-10T20:00:00,2026-01-11T00:00:00,short,100,90487,90579
2026-01-11T00:00:00,2026-01-11T18:00:00,long,100,90579,90809
2026-01-11T18:00:00,2026-01-11T20:00:00,short,100,90809,90763
2026-01-11T22:00:00,2026-01-12T06:00:00,long,100,90809,91913
2026-01-12T06:00:00,2026-01-12T14:00:00,short,100,91913,90763
2026-01-12T14:00:00,2026-01-12T16:00:00,long,100,90763,91499
2026-01-12T16:00:00,2026-01-12T18:00:00,short,100,91499,91591
2026-01-12T18:00:00,2026-01-12T20:00:00,long,100,91729,91729
2026-01-12T20:00:00,2026-01-12T22:00:00,short,100,91729,91131
2026-01-12T22:00:00,2026-01-13T00:00:00,long,100,91131,91131
2026-01-13T02:00:00,2026-01-13T10:00:00,long,100,91269,92097
2026-01-13T10:00:00,2026-01-13T14:00:00,short,100,92097,92097
2026-01-13T14:00:00,2026-01-13T16:00:00,long,100,92189,93293
2026-01-13T16:00:00,2026-01-13T18:00:00,short,100,93293,93293
2026-01-13T18:00:00,2026-01-13T20:00:00,long,100,93385,94075
2026-01-13T20:00:00,2026-01-13T22:00:00,short,100,94075,94167
2026-01-13T22:00:00,2026-01-14T00:00:00,long,100,94305,95271
2026-01-14T00:00:00,2026-01-14T02:00:00,short,100,95271,95317
2026-01-14T02:00:00,2026-01-14T04:00:00,long,100,95455,95547
2026-01-14T04:00:00,2026-01-14T06:00:00,short,100,95547,95087
2026-01-14T06:00:00,2026-01-14T08:00:00,long,100,95087,95041
2026-01-14T10:00:00,2026-01-14T12:00:00,short,100,94949,94949
2026-01-14T12:00:00,2026-01-14T22:00:00,long,100,94949,97387
2026-01-14T22:00:00,2026-01-15T04:00:00,short,100,97387,96099
2026-01-15T04:00:00,2026-01-15T10:00:00,long,100,96099,96835
2026-01-15T10:00:00,2026-01-15T12:00:00,short,100,96835,96651
2026-01-15T12:00:00,2026-01-15T14:00:00,long,100,96697,96697
2026-01-15T14:00:00,2026-01-16T00:00:00,short,100,96697,95639
2026-01-16T00:00:00,2026-01-16T02:00:00,long,100,95639,95501
2026-01-16T02:00:00,2026-01-16T04:00:00,short,100,95363,95455
2026-01-16T04:00:00,2026-01-16T10:00:00,long,100,95455,95501
2026-01-16T10:00:00,2026-01-16T16:00:00,short,100,95455,94719
2026-01-16T16:00:00,2026-01-16T18:00:00,long,100,94719,94949
2026-01-16T18:00:00,2026-01-16T20:00:00,short,100,94949,95087
2026-01-16T20:00:00,2026-01-17T00:00:00,long,100,95087,95363
2026-01-17T00:00:00,2026-01-17T08:00:00,short,100,95363,95225
2026-01-17T08:00:00,2026-01-17T16:00:00,long,100,95271,95363
2026-01-17T16:00:00,2026-01-18T02:00:00,short,100,95363,95087
2026-01-18T02:00:00,2026-01-18T06:00:00,long,100,95087,95041
2026-01-18T06:00:00,2026-01-18T08:00:00,short,100,94995,95133
2026-01-18T08:00:00,2026-01-18T10:00:00,long,100,95133,95133
2026-01-18T10:00:00,2026-01-18T16:00:00,short,100,95133,95225
2026-01-18T16:00:00,2026-01-18T22:00:00,long,100,95225,95225
2026-01-18T22:00:00,2026-01-19T02:00:00,short,100,95225,92695
2026-01-19T02:00:00,2026-01-19T04:00:00,long,100,92695,92557
2026-01-19T06:00:00,2026-01-19T12:00:00,long,100,92603,92971
2026-01-19T12:00:00,2026-01-19T16:00:00,short,100,92971,93109
2026-01-19T16:00:00,2026-01-19T18:00:00,long,100,93155,93109
2026-01-19T18:00:00,2026-01-20T10:00:00,short,100,93109,91177
2026-01-20T10:00:00,2026-01-20T12:00:00,long,100,91177,91085
2026-01-20T12:00:00,2026-01-21T00:00:00,short,100,90947,88555
2026-01-21T00:00:00,2026-01-21T06:00:00,long,100,88555,89751
2026-01-21T06:00:00,2026-01-21T14:00:00,short,100,89751,88785
2026-01-21T14:00:00,2026-01-21T16:00:00,long,100,88785,90119
2026-01-21T16:00:00,2026-01-21T18:00:00,short,100,90119,88003
2026-01-21T18:00:00,2026-01-21T20:00:00,long,100,88003,90211
2026-01-21T20:00:00,2026-01-22T00:00:00,short,100,90211,89567
2026-01-22T00:00:00,2026-01-22T02:00:00,long,100,89567,89981
2026-01-22T02:00:00,2026-01-22T04:00:00,short,100,89981,89981
2026-01-22T04:00:00,2026-01-22T06:00:00,long,100,90027,89889
2026-01-22T06:00:00,2026-01-22T08:00:00,short,100,89889,89889
2026-01-22T08:00:00,2026-01-22T10:00:00,long,100,89889,89889
2026-01-22T10:00:00,2026-01-22T16:00:00,short,100,89889,89107
2026-01-22T16:00:00,2026-01-22T20:00:00,long,100,89107,89567
2026-01-22T20:00:00,2026-01-22T22:00:00,short,100,89567,89337
2026-01-22T22:00:00,2026-01-23T04:00:00,long,100,89337,89751
2026-01-23T04:00:00,2026-01-23T10:00:00,short,100,89751,89107
2026-01-23T10:00:00,2026-01-23T18:00:00,long,100,89107,90441
2026-01-23T18:00:00,2026-01-23T22:00:00,short,100,90441,89475
2026-01-23T22:00:00,2026-01-24T00:00:00,long,100,89475,89475
2026-01-24T02:00:00,2026-01-24T06:00:00,long,100,89613,89613
2026-01-24T06:00:00,2026-01-24T16:00:00,short,100,89613,89383
2026-01-24T16:00:00,2026-01-24T22:00:00,long,100,89383,89245
2026-01-24T22:00:00,2026-01-25T10:00:00,short,100,89199,88509
2026-01-25T10:00:00,2026-01-25T14:00:00,long,100,88509,88739
2026-01-25T14:00:00,2026-01-25T22:00:00,short,100,88739,86623
2026-01-25T22:00:00,2026-01-26T02:00:00,long,100,86623,87497
2026-01-26T02:00:00,2026-01-26T04:00:00,short,100,87497,87359
2026-01-26T04:00:00,2026-01-26T08:00:00,long,100,87405,87819
2026-01-26T08:00:00,2026-01-26T10:00:00,short,100,87819,87773
2026-01-26T10:00:00,2026-01-26T14:00:00,long,100,87819,87773
2026-01-26T14:00:00,2026-01-26T18:00:00,short,100,87773,87727
2026-01-26T18:00:00,2026-01-27T04:00:00,long,100,87727,88601
2026-01-27T04:00:00,2026-01-27T14:00:00,short,100,88601,88003
2026-01-27T14:00:00,2026-01-27T16:00:00,long,100,88003,87911
2026-01-27T16:00:00,2026-01-27T18:00:00,short,100,87819,87635
2026-01-27T18:00:00,2026-01-28T02:00:00,long,100,87635,89199
2026-01-28T02:00:00,2026-01-28T08:00:00,short,100,89199,89199
2026-01-28T08:00:00,2026-01-28T14:00:00,long,100,89291,90073
2026-01-28T14:00:00,2026-01-28T16:00:00,short,100,90073,89567
2026-01-28T16:00:00,2026-01-28T18:00:00,long,100,89567,90027
2026-01-28T18:00:00,2026-01-29T04:00:00,short,100,90027,88187
2026-01-29T04:00:00,2026-01-29T08:00:00,long,100,88187,88141
2026-01-29T08:00:00,2026-01-29T12:00:00,short,100,88003,87957
2026-01-29T12:00:00,2026-01-29T14:00:00,long,100,87957,87911
2026-01-29T14:00:00,2026-01-29T20:00:00,short,100,87819,84139
2026-01-29T20:00:00,2026-01-30T00:00:00,long,100,84139,84461
2026-01-30T00:00:00,2026-01-30T02:00:00,short,100,84461,82575
2026-01-30T02:00:00,2026-01-30T08:00:00,long,100,82575,82713
2026-01-30T08:00:00,2026-01-30T10:00:00,short,100,82667,82437
2026-01-30T10:00:00,2026-01-30T12:00:00,long,100,82437,82989
2026-01-30T12:00:00,2026-01-30T14:00:00,short,100,82989,82805
2026-01-30T14:00:00,2026-01-31T00:00:00,long,100,82851,84093
2026-01-31T00:00:00,2026-01-31T20:00:00,short,100,84093,77883
2026-01-31T20:00:00,2026-02-01T00:00:00,long,100,77883,78527
2026-02-01T00:00:00,2026-02-01T02:00:00,short,100,78527,78619
2026-02-01T02:00:00,2026-02-01T04:00:00,long,100,78711,78711
2026-02-01T04:00:00,2026-02-01T08:00:00,short,100,78711,78481
2026-02-01T08:00:00,2026-02-01T10:00:00,long,100,78481,78895
2026-02-01T10:00:00,2026-02-01T16:00:00,short,100,78895,77745
2026-02-01T16:00:00,2026-02-01T18:00:00,long,100,77745,77607
2026-02-01T18:00:00,2026-02-01T22:00:00,short,100,77469,76641
2026-02-01T22:00:00,2026-02-02T02:00:00,long,100,76641,77331
2026-02-02T02:00:00,2026-02-02T06:00:00,short,100,77331,75629
2026-02-02T06:00:00,2026-02-02T18:00:00,long,100,75629,78803
2026-02-02T18:00:00,2026-02-02T20:00:00,short,100,78803,78435
2026-02-02T20:00:00,2026-02-03T02:00:00,long,100,78435,78849
2026-02-03T02:00:00,2026-02-03T06:00:00,short,100,78849,78389
2026-02-03T06:00:00,2026-02-03T08:00:00,long,100,78389,78665
2026-02-03T08:00:00,2026-02-03T12:00:00,short,100,78665,78205
2026-02-03T12:00:00,2026-02-03T14:00:00,long,100,78205,78159
2026-02-03T14:00:00,2026-02-03T20:00:00,short,100,78067,75031
2026-02-03T20:00:00,2026-02-03T22:00:00,long,100,75031,76089
2026-02-03T22:00:00,2026-02-04T00:00:00,short,100,76089,75859
2026-02-04T00:00:00,2026-02-04T04:00:00,long,100,75859,76503
2026-02-04T04:00:00,2026-02-04T06:00:00,short,100,76503,76365
2026-02-04T06:00:00,2026-02-04T08:00:00,long,100,76411,76365
2026-02-04T08:00:00,2026-02-04T18:00:00,short,100,76365,72731
2026-02-04T18:00:00,2026-02-04T20:00:00,long,100,72731,73789
2026-02-04T20:00:00,2026-02-04T22:00:00,short,100,73789,72915
2026-02-04T22:00:00,2026-02-05T00:00:00,long,100,72915,73053
2026-02-05T00:00:00,2026-02-05T08:00:00,short,100,73007,70845
2026-02-05T08:00:00,2026-02-05T10:00:00,long,100,70845,71443
2026-02-05T10:00:00,2026-02-06T00:00:00,short,100,71443,63025
2026-02-06T00:00:00,2026-02-06T02:00:00,long,100,63025,65555
2026-02-06T02:00:00,2026-02-06T04:00:00,short,100,65555,64267
2026-02-06T04:00:00,2026-02-06T06:00:00,long,100,64267,66245
2026-02-06T06:00:00,2026-02-06T08:00:00,short,100,66245,64911
2026-02-06T08:00:00,2026-02-06T20:00:00,long,100,64911,70569
2026-02-06T20:00:00,2026-02-06T22:00:00,short,100,70569,70431
2026-02-06T22:00:00,2026-02-07T00:00:00,long,100,70477,70431
2026-02-07T00:00:00,2026-02-07T02:00:00,short,100,70431,70569
2026-02-07T02:00:00,2026-02-07T04:00:00,long,100,70569,70753
2026-02-07T04:00:00,2026-02-07T12:00:00,short,100,70753,68085
2026-02-07T12:00:00,2026-02-07T22:00:00,long,100,68085,69327
2026-02-07T22:00:00,2026-02-08T00:00:00,short,100,69327,69373
2026-02-08T02:00:00,2026-02-08T04:00:00,short,100,69235,69189
2026-02-08T04:00:00,2026-02-08T14:00:00,long,100,69235,71305
2026-02-08T14:00:00,2026-02-08T18:00:00,short,100,71305,70937
2026-02-08T18:00:00,2026-02-08T20:00:00,long,100,70937,71259
2026-02-08T20:00:00,2026-02-09T02:00:00,short,100,71259,70477
2026-02-09T02:00:00,2026-02-09T04:00:00,long,100,70477,71167
2026-02-09T04:00:00,2026-02-09T14:00:00,short,100,71167,68729
2026-02-09T14:00:00,2026-02-09T20:00:00,long,100,68729,70753
2026-02-09T20:00:00,2026-02-10T00:00:00,short,100,70753,70293
2026-02-10T00:00:00,2026-02-10T02:00:00,long,100,70293,70339
2026-02-10T02:00:00,2026-02-10T08:00:00,short,100,70293,69051
2026-02-10T08:00:00,2026-02-10T10:00:00,long,100,69051,69005
2026-02-10T10:00:00,2026-02-10T12:00:00,short,100,68867,68591
2026-02-10T12:00:00,2026-02-10T18:00:00,long,100,68591,69741
2026-02-10T18:00:00,2026-02-10T22:00:00,short,100,69741,68821
2026-02-10T22:00:00,2026-02-11T02:00:00,long,100,68821,68775
2026-02-11T02:00:00,2026-02-11T10:00:00,short,100,68683,67027
2026-02-11T10:00:00,2026-02-11T14:00:00,long,100,67027,67257
2026-02-11T14:00:00,2026-02-11T18:00:00,short,100,67211,66613
2026-02-11T18:00:00,2026-02-11T22:00:00,long,100,66613,67625
2026-02-11T22:00:00,2026-02-12T00:00:00,short,100,67625,67211
2026-02-12T00:00:00,2026-02-12T02:00:00,long,100,67211,67579
2026-02-12T02:00:00,2026-02-12T08:00:00,short,100,67579,67257
2026-02-12T08:00:00,2026-02-12T14:00:00,long,100,67257,68177
2026-02-12T14:00:00,2026-02-12T18:00:00,short,100,68177,65555
2026-02-12T18:00:00,2026-02-13T04:00:00,long,100,65555,66383
2026-02-13T04:00:00,2026-02-13T08:00:00,short,100,66383,66291
2026-02-13T08:00:00,2026-02-13T18:00:00,long,100,66337,68867
2026-02-13T18:00:00,2026-02-14T06:00:00,short,100,68867,68913
2026-02-14T06:00:00,2026-02-14T12:00:00,long,100,69051,70293
2026-02-14T12:00:00,2026-02-14T14:00:00,short,100,70293,69557
2026-02-14T14:00:00,2026-02-15T00:00:00,long,100,69557,69741
2026-02-15T00:00:00,2026-02-15T02:00:00,short,100,69695,69787
2026-02-15T02:00:00,2026-02-15T08:00:00,long,100,69787,70615
2026-02-15T08:00:00,2026-02-15T14:00:00,short,100,70615,69051
2026-02-15T14:00:00,2026-02-15T16:00:00,long,100,69051,68959
2026-02-15T16:00:00,2026-02-15T20:00:00,short,100,68821,68453
2026-02-15T20:00:00,2026-02-16T00:00:00,long,100,68453,68683
2026-02-16T00:00:00,2026-02-16T06:00:00,short,100,68683,68499
2026-02-16T06:00:00,2026-02-16T10:00:00,long,100,68499,68821
2026-02-16T10:00:00,2026-02-16T16:00:00,short,100,68821,67671
2026-02-16T16:00:00,2026-02-17T00:00:00,long,100,67671,68729
2026-02-17T00:00:00,2026-02-17T06:00:00,short,100,68729,68361
2026-02-17T06:00:00,2026-02-17T08:00:00,long,100,68361,68223
2026-02-17T08:00:00,2026-02-17T12:00:00,short,100,68177,67993
2026-02-17T12:00:00,2026-02-17T14:00:00,long,100,67993,67993
2026-02-17T14:00:00,2026-02-17T18:00:00,short,100,67901,67395
2026-02-17T18:00:00,2026-02-17T20:00:00,long,100,67395,67671
2026-02-17T20:00:00,2026-02-18T02:00:00,short,100,67671,67303
2026-02-18T02:00:00,2026-02-18T10:00:00,long,100,67303,67993
2026-02-18T10:00:00,2026-02-18T14:00:00,short,100,67993,67349
2026-02-18T14:00:00,2026-02-18T16:00:00,long,100,67349,67579
2026-02-18T16:00:00,2026-02-18T20:00:00,short,100,67579,66291
2026-02-18T20:00:00,2026-02-19T08:00:00,long,100,66291,67027
2026-02-19T08:00:00,2026-02-19T14:00:00,short,100,67027,66061
2026-02-19T14:00:00,2026-02-19T20:00:00,long,100,66061,66889
2026-02-19T20:00:00,2026-02-20T00:00:00,short,100,66889,67027
2026-02-20T00:00:00,2026-02-20T10:00:00,long,100,67165,68039
2026-02-20T10:00:00,2026-02-20T14:00:00,short,100,68039,66935
2026-02-20T14:00:00,2026-02-21T02:00:00,long,100,66935,67809
2026-02-21T02:00:00,2026-02-21T04:00:00,short,100,67809,67763
2026-02-21T04:00:00,2026-02-21T16:00:00,long,100,67855,68407
2026-02-21T16:00:00,2026-02-21T18:00:00,short,100,68407,68545
2026-02-21T20:00:00,2026-02-22T00:00:00,short,100,68361,68085
2026-02-22T00:00:00,2026-02-22T02:00:00,long,100,68085,68039
2026-02-22T02:00:00,2026-02-22T10:00:00,short,100,67993,68131
2026-02-22T10:00:00,2026-02-22T12:00:00,long,100,68131,68085
2026-02-22T12:00:00,2026-02-22T20:00:00,short,100,68039,67533
2026-02-22T20:00:00,2026-02-23T00:00:00,long,100,67533,67487
2026-02-23T00:00:00,2026-02-23T02:00:00,short,100,67395,64497
2026-02-23T02:00:00,2026-02-23T10:00:00,long,100,64497,66199
2026-02-23T10:00:00,2026-02-23T20:00:00,short,100,66199,64451
2026-02-23T20:00:00,2026-02-24T00:00:00,long,100,64451,64451
2026-02-24T00:00:00,2026-02-24T08:00:00,short,100,64359,63255
2026-02-24T08:00:00,2026-02-24T12:00:00,long,100,63255,63117
2026-02-24T12:00:00,2026-02-24T14:00:00,short,100,62933,62979
2026-02-24T14:00:00,2026-02-24T20:00:00,long,100,62979,64267
2026-02-24T20:00:00,2026-02-25T00:00:00,short,100,64267,64129
2026-02-25T00:00:00,2026-02-25T02:00:00,long,100,64175,65739
2026-02-25T02:00:00,2026-02-25T06:00:00,short,100,65739,65003
2026-02-25T06:00:00,2026-02-25T10:00:00,long,100,65003,65371
2026-02-25T10:00:00,2026-02-25T12:00:00,short,100,65371,65509
2026-02-25T12:00:00,2026-02-25T20:00:00,long,100,65555,68867
2026-02-25T20:00:00,2026-02-26T00:00:00,short,100,68867,68131
2026-02-26T00:00:00,2026-02-26T06:00:00,long,100,68131,68269
2026-02-26T06:00:00,2026-02-26T08:00:00,short,100,68223,67901
2026-02-26T08:00:00,2026-02-26T10:00:00,long,100,67901,68453
2026-02-26T10:00:00,2026-02-26T18:00:00,short,100,68453,66981
2026-02-26T18:00:00,2026-02-26T20:00:00,long,100,66981,67441
2026-02-26T20:00:00,2026-02-27T02:00:00,short,100,67441,67487
2026-02-27T02:00:00,2026-02-27T08:00:00,long,100,67579,67533
2026-02-27T08:00:00,2026-02-27T12:00:00,short,100,67533,66245
2026-02-27T12:00:00,2026-02-27T14:00:00,long,100,66245,66153
2026-02-27T16:00:00,2026-02-27T20:00:00,short,100,66015,65555
2026-02-27T20:00:00,2026-02-28T04:00:00,long,100,65555,65693
2026-02-28T04:00:00,2026-02-28T10:00:00,short,100,65647,63807
2026-02-28T10:00:00,2026-02-28T14:00:00,long,100,63807,64911
2026-02-28T14:00:00,2026-02-28T16:00:00,short,100,64911,64911
2026-02-28T16:00:00,2026-03-01T04:00:00,long,100,65003,67303
2026-03-01T04:00:00,2026-03-01T12:00:00,short,100,67303,66567
2026-03-01T12:00:00,2026-03-01T14:00:00,long,100,66567,66797
2026-03-01T14:00:00,2026-03-01T22:00:00,short,100,66797,65785
2026-03-01T22:00:00,2026-03-02T06:00:00,long,100,65785,66613
2026-03-02T06:00:00,2026-03-02T08:00:00,short,100,66613,66107
2026-03-02T08:00:00,2026-03-02T12:00:00,long,100,66107,66199
2026-03-02T12:00:00,2026-03-02T14:00:00,short,100,66153,65555
2026-03-02T14:00:00,2026-03-02T18:00:00,long,100,65555,69005
2026-03-02T18:00:00,2026-03-02T20:00:00,short,100,69005,69051
2026-03-02T20:00:00,2026-03-02T22:00:00,long,100,69189,69235
2026-03-02T22:00:00,2026-03-03T06:00:00,short,100,69235,68085
2026-03-03T06:00:00,2026-03-03T08:00:00,long,100,68085,68039
2026-03-03T08:00:00,2026-03-03T10:00:00,short,100,67901,66751
2026-03-03T10:00:00,2026-03-03T12:00:00,long,100,66751,66889
2026-03-03T14:00:00,2026-03-03T20:00:00,long,100,67027,68223
2026-03-03T20:00:00,2026-03-03T22:00:00,short,100,68223,68085
2026-03-03T22:00:00,2026-03-04T02:00:00,long,100,68131,68223
2026-03-04T02:00:00,2026-03-04T04:00:00,short,100,68223,67809
2026-03-04T04:00:00,2026-03-04T10:00:00,long,100,67809,71351
2026-03-04T10:00:00,2026-03-04T12:00:00,short,100,71351,71213
2026-03-04T12:00:00,2026-03-04T16:00:00,long,100,71259,73191
2026-03-04T16:00:00,2026-03-04T18:00:00,short,100,73191,73283
2026-03-04T18:00:00,2026-03-04T20:00:00,long,100,73421,73467
2026-03-04T20:00:00,2026-03-05T08:00:00,short,100,73467,72179
2026-03-05T08:00:00,2026-03-05T12:00:00,long,100,72179,72731
2026-03-05T12:00:00,2026-03-05T18:00:00,short,100,72731,70845
2026-03-05T18:00:00,2026-03-05T22:00:00,long,100,70845,70937
2026-03-05T22:00:00,2026-03-06T00:00:00,short,100,70891,70983
2026-03-06T00:00:00,2026-03-06T02:00:00,long,100,70983,71121
2026-03-06T02:00:00,2026-03-06T06:00:00,short,100,71121,70569
2026-03-06T06:00:00,2026-03-06T08:00:00,long,100,70569,70937
2026-03-06T08:00:00,2026-03-06T18:00:00,short,100,70937,68085
2026-03-06T18:00:00,2026-03-06T22:00:00,long,100,68085,68085
2026-03-07T00:00:00,2026-03-07T02:00:00,long,100,68223,68131
2026-03-07T02:00:00,2026-03-07T08:00:00,short,100,68085,67993
2026-03-07T08:00:00,2026-03-07T12:00:00,long,100,67993,67855
2026-03-07T12:00:00,2026-03-07T20:00:00,short,100,67855,67211
2026-03-07T20:00:00,2026-03-07T22:00:00,long,100,67211,67303
2026-03-07T22:00:00,2026-03-08T04:00:00,short,100,67257,67165
2026-03-08T04:00:00,2026-03-08T10:00:00,long,100,67165,67487
2026-03-08T10:00:00,2026-03-08T18:00:00,short,100,67487,67165
2026-03-08T18:00:00,2026-03-08T20:00:00,long,100,67165,67211
2026-03-08T20:00:00,2026-03-09T00:00:00,short,100,67165,66107
2026-03-09T00:00:00,2026-03-09T06:00:00,long,100,66107,67717
2026-03-09T06:00:00,2026-03-09T08:00:00,short,100,67717,67625
2026-03-09T08:00:00,2026-03-09T10:00:00,long,100,67671,67855
2026-03-09T10:00:00,2026-03-09T12:00:00,short,100,67855,67855
2026-03-09T12:00:00,2026-03-09T14:00:00,long,100,67901,68821
2026-03-09T14:00:00,2026-03-09T18:00:00,short,100,68821,68729
2026-03-09T18:00:00,2026-03-09T20:00:00,long,100,68775,68867
2026-03-09T20:00:00,2026-03-10T00:00:00,short,100,68867,68545
2026-03-10T00:00:00,2026-03-10T10:00:00,long,100,68545,70891
2026-03-10T10:00:00,2026-03-10T14:00:00,short,100,70891,70063
2026-03-10T14:00:00,2026-03-10T16:00:00,long,100,70063,71167
2026-03-10T16:00:00,2026-03-10T22:00:00,short,100,71167,69879
2026-03-10T22:00:00,2026-03-11T02:00:00,long,100,69879,69879
2026-03-11T02:00:00,2026-03-11T06:00:00,short,100,69787,69649
2026-03-11T06:00:00,2026-03-11T08:00:00,long,100,69649,69511
2026-03-11T08:00:00,2026-03-11T12:00:00,short,100,69465,69327
2026-03-11T12:00:00,2026-03-11T18:00:00,long,100,69327,70569
2026-03-11T18:00:00,2026-03-11T20:00:00,short,100,70569,70707
2026-03-11T22:00:00,2026-03-12T06:00:00,short,100,70615,69557
2026-03-12T06:00:00,2026-03-12T12:00:00,long,100,69557,70247
2026-03-12T12:00:00,2026-03-12T14:00:00,short,100,70247,70063
2026-03-12T14:00:00,2026-03-12T16:00:00,long,100,70109,70155
2026-03-12T16:00:00,2026-03-12T18:00:00,short,100,70155,70293
2026-03-12T18:00:00,2026-03-12T20:00:00,long,100,70293,70293
2026-03-12T20:00:00,2026-03-12T22:00:00,short,100,70293,70385
2026-03-12T22:00:00,2026-03-13T02:00:00,long,100,70431,71489
2026-03-13T02:00:00,2026-03-13T04:00:00,short,100,71489,71489
2026-03-13T06:00:00,2026-03-13T14:00:00,long,100,71581,73191
2026-03-13T14:00:00,2026-03-13T18:00:00,short,100,73191,71167
2026-03-13T18:00:00,2026-03-13T20:00:00,long,100,71167,71029
2026-03-14T00:00:00,2026-03-14T02:00:00,short,100,70845,70937
2026-03-14T02:00:00,2026-03-14T06:00:00,long,100,70937,70937
2026-03-14T06:00:00,2026-03-14T10:00:00,short,100,70845,70661
2026-03-14T10:00:00,2026-03-14T14:00:00,long,100,70661,70661
2026-03-14T14:00:00,2026-03-14T18:00:00,short,100,70615,70661
2026-03-14T18:00:00,2026-03-15T00:00:00,long,100,70661,71029
2026-03-15T00:00:00,2026-03-15T02:00:00,short,100,71029,71075
2026-03-15T02:00:00,2026-03-15T12:00:00,long,100,71167,71627
2026-03-15T12:00:00,2026-03-15T16:00:00,short,100,71627,71627
2026-03-15T16:00:00,2026-03-15T18:00:00,long,100,71719,71673
2026-03-15T18:00:00,2026-03-15T20:00:00,short,100,71673,71627
2026-03-15T20:00:00,2026-03-16T06:00:00,long,100,71673,74019
2026-03-16T06:00:00,2026-03-16T10:00:00,short,100,74019,73375
2026-03-16T10:00:00,2026-03-16T14:00:00,long,100,73375,73927
2026-03-16T14:00:00,2026-03-16T16:00:00,short,100,73927,73375
2026-03-16T16:00:00,2026-03-17T02:00:00,long,100,73375,75445
2026-03-17T02:00:00,2026-03-17T06:00:00,short,100,75445,74157
2026-03-17T06:00:00,2026-03-17T08:00:00,long,100,74157,74111
2026-03-17T08:00:00,2026-03-17T10:00:00,short,100,73973,74019
2026-03-17T10:00:00,2026-03-17T12:00:00,long,100,74019,73881
2026-03-17T12:00:00,2026-03-17T14:00:00,short,100,73835,73697
2026-03-17T14:00:00,2026-03-17T22:00:00,long,100,73697,74479
2026-03-17T22:00:00,2026-03-18T00:00:00,short,100,74479,73973
2026-03-18T00:00:00,2026-03-18T04:00:00,long,100,73973,74249
2026-03-18T04:00:00,2026-03-18T08:00:00,short,100,74249,74019
2026-03-18T08:00:00,2026-03-18T10:00:00,long,100,74019,74019
2026-03-18T10:00:00,2026-03-18T16:00:00,short,100,73973,71581
2026-03-18T16:00:00,2026-03-18T18:00:00,long,100,71581,71443
2026-03-18T18:00:00,2026-03-18T20:00:00,short,100,71259,71167
2026-03-18T20:00:00,2026-03-19T00:00:00,long,100,71167,71121
2026-03-19T02:00:00,2026-03-19T04:00:00,long,100,71213,71029
2026-03-19T04:00:00,2026-03-19T08:00:00,short,100,71029,70293
2026-03-19T08:00:00,2026-03-19T10:00:00,long,100,70293,70339
2026-03-19T10:00:00,2026-03-19T16:00:00,short,100,70247,69557
2026-03-19T16:00:00,2026-03-19T22:00:00,long,100,69557,70201
2026-03-19T22:00:00,2026-03-20T00:00:00,short,100,70201,70017
2026-03-20T00:00:00,2026-03-20T08:00:00,long,100,70063,70661
2026-03-20T08:00:00,2026-03-20T16:00:00,short,100,70661,70017
2026-03-20T16:00:00,2026-03-21T14:00:00,long,100,70017,70569
2026-03-21T14:00:00,2026-03-22T02:00:00,short,100,70569,69051
2026-03-22T02:00:00,2026-03-22T04:00:00,long,100,69051,69189
2026-03-22T04:00:00,2026-03-22T12:00:00,short,100,69143,68361
2026-03-22T12:00:00,2026-03-22T16:00:00,long,100,68361,68683
2026-03-22T16:00:00,2026-03-23T02:00:00,short,100,68683,67993
2026-03-23T02:00:00,2026-03-23T06:00:00,long,100,67993,68729
2026-03-23T06:00:00,2026-03-23T10:00:00,short,100,68729,68407
2026-03-23T10:00:00,2026-03-23T14:00:00,long,100,68407,71305
2026-03-23T14:00:00,2026-03-23T16:00:00,short,100,71305,70247
2026-03-23T16:00:00,2026-03-23T18:00:00,long,100,70247,70937
2026-03-23T18:00:00,2026-03-23T20:00:00,short,100,70937,70799
2026-03-23T20:00:00,2026-03-24T00:00:00,long,100,70845,70707
2026-03-24T00:00:00,2026-03-24T06:00:00,short,100,70707,70431
2026-03-24T06:00:00,2026-03-24T10:00:00,long,100,70431,71167
2026-03-24T10:00:00,2026-03-24T18:00:00,short,100,71167,69373
2026-03-24T18:00:00,2026-03-25T06:00:00,long,100,69373,70937
2026-03-25T06:00:00,2026-03-25T08:00:00,short,100,70937,71029
2026-03-25T08:00:00,2026-03-25T14:00:00,long,100,71167,71489
2026-03-25T14:00:00,2026-03-25T20:00:00,short,100,71489,70937
2026-03-25T20:00:00,2026-03-26T02:00:00,long,100,70937,71167
2026-03-26T02:00:00,2026-03-26T12:00:00,short,100,71167,69419
2026-03-26T12:00:00,2026-03-26T14:00:00,long,100,69419,69511
2026-03-26T14:00:00,2026-03-26T20:00:00,short,100,69465,68637
2026-03-26T20:00:00,2026-03-26T22:00:00,long,100,68637,68775
2026-03-27T00:00:00,2026-03-27T02:00:00,long,100,68913,68913
2026-03-27T02:00:00,2026-03-27T18:00:00,short,100,68913,65785
2026-03-27T18:00:00,2026-03-28T00:00:00,long,100,65785,66199
2026-03-28T00:00:00,2026-03-28T04:00:00,short,100,66199,66245
2026-03-28T04:00:00,2026-03-28T08:00:00,long,100,66291,66383
2026-03-28T08:00:00,2026-03-28T12:00:00,short,100,66383,66383
2026-03-28T12:00:00,2026-03-28T16:00:00,long,100,66429,66843
2026-03-28T16:00:00,2026-03-29T00:00:00,short,100,66843,66521
2026-03-29T00:00:00,2026-03-29T04:00:00,long,100,66521,66705
2026-03-29T04:00:00,2026-03-29T10:00:00,short,100,66705,66751
2026-03-29T10:00:00,2026-03-29T12:00:00,long,100,66797,66659
2026-03-29T12:00:00,2026-03-29T20:00:00,short,100,66659,66475
2026-03-29T20:00:00,2026-03-29T22:00:00,long,100,66475,66567
2026-03-29T22:00:00,2026-03-30T00:00:00,short,100,66521,66107
2026-03-30T00:00:00,2026-03-30T08:00:00,long,100,66107,67441
2026-03-30T08:00:00,2026-03-30T10:00:00,short,100,67441,67579
2026-03-30T12:00:00,2026-03-30T14:00:00,short,100,67533,67625
2026-03-30T16:00:00,2026-03-30T20:00:00,short,100,67441,66705
2026-03-30T20:00:00,2026-03-31T02:00:00,long,100,66705,67763
2026-03-31T02:00:00,2026-03-31T10:00:00,short,100,67763,66245
2026-03-31T10:00:00,2026-03-31T14:00:00,long,100,66245,67119
2026-03-31T14:00:00,2026-03-31T16:00:00,short,100,67119,66843
2026-03-31T16:00:00,2026-04-01T00:00:00,long,100,66843,68085
2026-04-01T00:00:00,2026-04-01T02:00:00,short,100,68085,67855
2026-04-01T02:00:00,2026-04-01T12:00:00,long,100,67855,68499
2026-04-01T12:00:00,2026-04-01T14:00:00,short,100,68499,68223
2026-04-01T14:00:00,2026-04-01T16:00:00,long,100,68223,68775
2026-04-01T16:00:00,2026-04-01T20:00:00,short,100,68775,68315
2026-04-01T20:00:00,2026-04-01T22:00:00,long,100,68315,68223
2026-04-01T22:00:00,2026-04-02T06:00:00,short,100,68131,66705
2026-04-02T06:00:00,2026-04-02T08:00:00,long,100,66705,66797
2026-04-02T08:00:00,2026-04-02T14:00:00,short,100,66751,66337
2026-04-02T14:00:00,2026-04-02T16:00:00,long,100,66337,66705
2026-04-02T16:00:00,2026-04-02T18:00:00,short,100,66705,66751
2026-04-02T18:00:00,2026-04-02T22:00:00,long,100,66797,66843
2026-04-02T22:00:00,2026-04-03T06:00:00,short,100,66843,66705
2026-04-03T06:00:00,2026-04-03T08:00:00,long,100,66705,66889
2026-04-03T08:00:00,2026-04-03T10:00:00,short,100,66889,66935
2026-04-03T10:00:00,2026-04-03T12:00:00,long,100,66981,66889
2026-04-03T12:00:00,2026-04-03T14:00:00,short,100,66889,66751
2026-04-03T14:00:00,2026-04-04T00:00:00,long,100,66751,66797
2026-04-04T06:00:00,2026-04-05T00:00:00,long,100,66935,67211
2026-04-05T00:00:00,2026-04-05T08:00:00,short,100,67211,66935
2026-04-05T08:00:00,2026-04-05T12:00:00,long,100,66935,66889
2026-04-05T12:00:00,2026-04-05T14:00:00,short,100,66843,66981
2026-04-05T14:00:00,2026-04-06T00:00:00,long,100,66981,68821
2026-04-06T00:00:00,2026-04-06T02:00:00,short,100,68821,68913
2026-04-06T02:00:00,2026-04-06T10:00:00,long,100,69051,69557
2026-04-06T10:00:00,2026-04-06T14:00:00,short,100,69557,69557
2026-04-06T14:00:00,2026-04-06T16:00:00,long,100,69649,69833
2026-04-06T16:00:00,2026-04-06T18:00:00,short,100,69833,69649
2026-04-06T18:00:00,2026-04-06T20:00:00,long,100,69649,69603
2026-04-06T20:00:00,2026-04-07T02:00:00,short,100,69603,68545
2026-04-07T02:00:00,2026-04-07T04:00:00,long,100,68545,68637
2026-04-07T04:00:00,2026-04-07T08:00:00,short,100,68591,68729
2026-04-07T08:00:00,2026-04-07T10:00:00,long,100,68729,69005
2026-04-07T10:00:00,2026-04-07T16:00:00,short,100,69005,68315
2026-04-07T16:00:00,2026-04-08T00:00:00,long,100,68315,71719
2026-04-08T00:00:00,2026-04-08T04:00:00,short,100,71719,71443
2026-04-08T04:00:00,2026-04-08T06:00:00,long,100,71443,71581
2026-04-08T06:00:00,2026-04-08T16:00:00,short,100,71581,71443
2026-04-08T16:00:00,2026-04-08T18:00:00,long,100,71443,71719
2026-04-08T18:00:00,2026-04-08T20:00:00,short,100,71719,71397
2026-04-08T20:00:00,2026-04-08T22:00:00,long,100,71397,71397
2026-04-08T22:00:00,2026-04-09T08:00:00,short,100,71351,71075
2026-04-09T08:00:00,2026-04-09T10:00:00,long,100,71075,71397
2026-04-09T10:00:00,2026-04-09T14:00:00,short,100,71397,70937
2026-04-09T14:00:00,2026-04-09T18:00:00,long,100,70937,72133
2026-04-09T18:00:00,2026-04-09T20:00:00,short,100,72133,72179
2026-04-09T22:00:00,2026-04-10T00:00:00,short,100,72087,71903
2026-04-10T00:00:00,2026-04-10T02:00:00,long,100,71903,71995
2026-04-10T02:00:00,2026-04-10T04:00:00,short,100,71949,71949
2026-04-10T04:00:00,2026-04-10T06:00:00,long,100,71949,71995
2026-04-10T06:00:00,2026-04-10T08:00:00,short,100,71995,71581
2026-04-10T08:00:00,2026-04-10T22:00:00,long,100,71581,73053
2026-04-10T22:00:00,2026-04-11T08:00:00,short,100,73053,72869
2026-04-11T08:00:00,2026-04-11T12:00:00,long,100,72915,72777
2026-04-11T12:00:00,2026-04-11T14:00:00,short,100,72777,72731
2026-04-11T14:00:00,2026-04-11T20:00:00,long,100,72731,73467
2026-04-11T20:00:00,2026-04-12T18:00:00,short,100,73467,71029
2026-04-12T18:00:00,2026-04-12T22:00:00,long,100,71029,71167
2026-04-12T22:00:00,2026-04-13T00:00:00,short,100,71121,70845
2026-04-13T00:00:00,2026-04-13T02:00:00,long,100,70845,71029
2026-04-13T02:00:00,2026-04-13T12:00:00,short,100,71029,70937
2026-04-13T12:00:00,2026-04-14T04:00:00,long,100,70937,74249
2026-04-14T04:00:00,2026-04-14T06:00:00,short,100,74249,74295
2026-04-14T06:00:00,2026-04-14T10:00:00,long,100,74433,74387
2026-04-14T10:00:00,2026-04-14T12:00:00,short,100,74387,74479
2026-04-14T12:00:00,2026-04-14T14:00:00,long,100,74525,75353
2026-04-14T14:00:00,2026-04-15T00:00:00,short,100,75353,74295
2026-04-15T00:00:00,2026-04-15T02:00:00,long,100,74295,74479
2026-04-15T02:00:00,2026-04-15T08:00:00,short,100,74433,73881
2026-04-15T08:00:00,2026-04-15T12:00:00,long,100,73881,74019
2026-04-15T14:00:00,2026-04-15T16:00:00,short,100,73973,73973
2026-04-15T16:00:00,2026-04-15T20:00:00,long,100,73973,74801
2026-04-15T20:00:00,2026-04-16T02:00:00,short,100,74801,74801
2026-04-16T02:00:00,2026-04-16T06:00:00,long,100,74893,74847
2026-04-16T06:00:00,2026-04-16T14:00:00,short,100,74847,73927
2026-04-16T14:00:00,2026-04-16T16:00:00,long,100,73927,74571
2026-04-16T16:00:00,2026-04-16T18:00:00,short,100,74571,74433
2026-04-16T18:00:00,2026-04-16T20:00:00,long,100,74479,75215
2026-04-16T20:00:00,2026-04-16T22:00:00,short,100,75215,75031
2026-04-16T22:00:00,2026-04-17T00:00:00,long,100,75077,74985
2026-04-17T00:00:00,2026-04-17T06:00:00,short,100,74985,74755
2026-04-17T06:00:00,2026-04-17T10:00:00,long,100,74755,75583
2026-04-17T10:00:00,2026-04-17T12:00:00,short,100,75583,75675
2026-04-17T12:00:00,2026-04-17T16:00:00,long,100,75813,77561
2026-04-17T16:00:00,2026-04-18T00:00:00,short,100,77561,77193
2026-04-18T00:00:00,2026-04-18T02:00:00,long,100,77193,77055
2026-04-18T02:00:00,2026-04-18T04:00:00,short,100,77009,77055
2026-04-18T04:00:00,2026-04-18T06:00:00,long,100,77055,76963
2026-04-18T06:00:00,2026-04-18T20:00:00,short,100,76917,75767
2026-04-18T20:00:00,2026-04-18T22:00:00,long,100,75767,75629
2026-04-19T06:00:00,2026-04-19T10:00:00,short,100,75445,75123
2026-04-19T10:00:00,2026-04-19T16:00:00,long,100,75123,75721
2026-04-19T16:00:00,2026-04-19T18:00:00,short,100,75721,74847
2026-04-19T18:00:00,2026-04-19T20:00:00,long,100,74847,74801
2026-04-19T20:00:00,2026-04-20T00:00:00,short,100,74709,73927
2026-04-20T00:00:00,2026-04-20T04:00:00,long,100,73927,74433
2026-04-20T04:00:00,2026-04-20T06:00:00,short,100,74433,74341
2026-04-20T06:00:00,2026-04-20T20:00:00,long,100,74387,76089
2026-04-20T20:00:00,2026-04-21T06:00:00,short,100,76089,75813
2026-04-21T06:00:00,2026-04-21T12:00:00,long,100,75813,76227
2026-04-21T12:00:00,2026-04-21T20:00:00,short,100,76227,75169
2026-04-21T20:00:00,2026-04-22T16:00:00,long,100,75169,79079
2026-04-22T16:00:00,2026-04-23T00:00:00,short,100,79079,78297
2026-04-23T00:00:00,2026-04-23T02:00:00,long,100,78297,78205
2026-04-23T02:00:00,2026-04-23T04:00:00,short,100,78067,77837
2026-04-23T04:00:00,2026-04-23T08:00:00,long,100,77837,77883
2026-04-23T08:00:00,2026-04-23T14:00:00,short,100,77837,77653
2026-04-23T14:00:00,2026-04-23T16:00:00,long,100,77653,78205
2026-04-23T16:00:00,2026-04-23T20:00:00,short,100,78205,77837
2026-04-23T20:00:00,2026-04-24T02:00:00,long,100,77837,78205
2026-04-24T02:00:00,2026-04-24T04:00:00,short,100,78205,77791
2026-04-24T04:00:00,2026-04-24T06:00:00,long,100,77791,77791
2026-04-24T06:00:00,2026-04-24T10:00:00,short,100,77745,77653
2026-04-24T10:00:00,2026-04-24T12:00:00,long,100,77653,78067
2026-04-24T12:00:00,2026-04-25T02:00:00,short,100,78067,77561
2026-04-25T02:00:00,2026-04-25T04:00:00,long,100,77561,77515
2026-04-25T08:00:00,2026-04-25T14:00:00,long,100,77607,77561
2026-04-25T14:00:00,2026-04-25T20:00:00,short,100,77515,77377
2026-04-25T20:00:00,2026-04-26T00:00:00,long,100,77377,77423
2026-04-26T00:00:00,2026-04-26T04:00:00,short,100,77377,77515
2026-04-26T04:00:00,2026-04-27T02:00:00,long,100,77515,79079
2026-04-27T02:00:00,2026-04-27T08:00:00,short,100,79079,77699
2026-04-27T08:00:00,2026-04-27T12:00:00,long,100,77699,77745
2026-04-27T14:00:00,2026-04-27T18:00:00,short,100,77653,76871
2026-04-27T18:00:00,2026-04-27T20:00:00,long,100,76871,76733
2026-04-27T22:00:00,2026-04-28T00:00:00,long,100,76917,77239
2026-04-28T00:00:00,2026-04-28T16:00:00,short,100,77239,76181
2026-04-28T16:00:00,2026-04-29T06:00:00,long,100,76181,77101
2026-04-29T06:00:00,2026-04-29T08:00:00,short,100,77101,77101
2026-04-29T08:00:00,2026-04-29T12:00:00,long,100,77193,77469
2026-04-29T12:00:00,2026-04-29T16:00:00,short,100,77469,76043
2026-04-29T16:00:00,2026-04-29T18:00:00,long,100,76043,76043
2026-04-29T18:00:00,2026-04-29T20:00:00,short,100,75951,75629
2026-04-29T20:00:00,2026-04-29T22:00:00,long,100,75629,75767
2026-04-29T22:00:00,2026-04-30T00:00:00,short,100,75721,75859
2026-04-30T00:00:00,2026-04-30T02:00:00,long,100,75859,76089
2026-04-30T02:00:00,2026-04-30T06:00:00,short,100,76089,75721
2026-04-30T06:00:00,2026-04-30T10:00:00,long,100,75721,75997
2026-04-30T10:00:00,2026-04-30T12:00:00,short,100,75997,76135
2026-04-30T12:00:00,2026-04-30T16:00:00,long,100,76135,76273
2026-04-30T16:00:00,2026-04-30T18:00:00,short,100,76273,76319
2026-04-30T18:00:00,2026-04-30T20:00:00,long,100,76411,76273
2026-04-30T20:00:00,2026-04-30T22:00:00,short,100,76273,76319
2026-05-01T00:00:00,2026-05-01T14:00:00,long,100,76365,78527
2026-05-01T14:00:00,2026-05-01T16:00:00,short,100,78527,78527
2026-05-01T18:00:00,2026-05-02T02:00:00,short,100,78389,78343
2026-05-02T02:00:00,2026-05-02T04:00:00,long,100,78343,78251
2026-05-02T04:00:00,2026-05-02T08:00:00,short,100,78251,78251
2026-05-02T08:00:00,2026-05-02T10:00:00,long,100,78251,78159
2026-05-02T10:00:00,2026-05-02T12:00:00,short,100,78113,78205
2026-05-02T12:00:00,2026-05-03T00:00:00,long,100,78205,78527
2026-05-03T00:00:00,2026-05-03T06:00:00,short,100,78527,78297
2026-05-03T06:00:00,2026-05-03T22:00:00,long,100,78297,78619
2026-05-03T22:00:00,2026-05-04T00:00:00,short,100,78619,78665
2026-05-04T00:00:00,2026-05-04T04:00:00,long,100,78711,80137
2026-05-04T04:00:00,2026-05-04T08:00:00,short,100,80137,79815
2026-05-04T08:00:00,2026-05-04T10:00:00,long,100,79815,79677
2026-05-04T10:00:00,2026-05-04T14:00:00,short,100,79677,78849
2026-05-04T14:00:00,2026-05-04T18:00:00,long,100,78849,80183
2026-05-04T18:00:00,2026-05-04T20:00:00,short,100,80183,80137
2026-05-04T20:00:00,2026-05-04T22:00:00,long,100,80229,80091
2026-05-04T22:00:00,2026-05-05T00:00:00,short,100,80091,79953
2026-05-05T00:00:00,2026-05-05T06:00:00,long,100,79953,80781
2026-05-05T06:00:00,2026-05-05T10:00:00,short,100,80781,80689
2026-05-05T10:00:00,2026-05-05T16:00:00,long,100,80735,81333
2026-05-05T16:00:00,2026-05-05T18:00:00,short,100,81333,81333
2026-05-05T18:00:00,2026-05-05T20:00:00,long,100,81425,81425
2026-05-05T20:00:00,2026-05-06T00:00:00,short,100,81425,81011
2026-05-06T00:00:00,2026-05-06T04:00:00,long,100,81011,81379
2026-05-06T04:00:00,2026-05-06T06:00:00,short,100,81379,81379
2026-05-06T08:00:00,2026-05-06T12:00:00,long,100,81425,82345
2026-05-06T12:00:00,2026-05-07T04:00:00,short,100,82345,80965
2026-05-07T04:00:00,2026-05-07T08:00:00,long,100,80965,81333
2026-05-07T08:00:00,2026-05-07T16:00:00,short,100,81333,80045
2026-05-07T16:00:00,2026-05-07T20:00:00,long,100,80045,79953
2026-05-07T20:00:00,2026-05-07T22:00:00,short,100,79815,79815
2026-05-07T22:00:00,2026-05-08T00:00:00,long,100,79815,79861
2026-05-08T00:00:00,2026-05-08T08:00:00,short,100,79815,79723
2026-05-08T08:00:00,2026-05-08T12:00:00,long,100,79723,80045
2026-05-08T12:00:00,2026-05-08T14:00:00,short,100,80045,79723
2026-05-08T14:00:00,2026-05-08T16:00:00,long,100,79723,79999
2026-05-08T16:00:00,2026-05-08T18:00:00,short,100,79999,80137
2026-05-08T18:00:00,2026-05-09T06:00:00,long,100,80137,80183
2026-05-09T06:00:00,2026-05-09T10:00:00,short,100,80183,80275
2026-05-09T10:00:00,2026-05-09T20:00:00,long,100,80321,80735
2026-05-09T20:00:00,2026-05-10T02:00:00,short,100,80735,80781
2026-05-10T04:00:00,2026-05-10T12:00:00,short,100,80643,80827
2026-05-10T12:00:00,2026-05-10T20:00:00,long,100,80827,81287
2026-05-10T20:00:00,2026-05-10T22:00:00,short,100,81287,80781
2026-05-10T22:00:00,2026-05-11T00:00:00,long,100,80781,82069
2026-05-11T00:00:00,2026-05-11T08:00:00,short,100,82069,80873
2026-05-11T08:00:00,2026-05-11T12:00:00,long,100,80873,81011
2026-05-11T14:00:00,2026-05-11T20:00:00,long,100,81149,81747
2026-05-11T20:00:00,2026-05-12T04:00:00,short,100,81747,81195
2026-05-12T04:00:00,2026-05-12T06:00:00,long,100,81195,81057
2026-05-12T06:00:00,2026-05-12T16:00:00,short,100,80965,80459
2026-05-12T16:00:00,2026-05-12T20:00:00,long,100,80459,80643
2026-05-12T20:00:00,2026-05-13T00:00:00,short,100,80597,80643
2026-05-13T00:00:00,2026-05-13T04:00:00,long,100,80643,81057
2026-05-13T04:00:00,2026-05-13T08:00:00,short,100,81057,81103
2026-05-13T08:00:00,2026-05-13T10:00:00,long,100,81195,81149
2026-05-13T10:00:00,2026-05-13T16:00:00,short,100,81149,78941
2026-05-13T16:00:00,2026-05-13T20:00:00,long,100,78941,79447
2026-05-13T20:00:00,2026-05-14T00:00:00,short,100,79447,79447
2026-05-14T00:00:00,2026-05-14T02:00:00,long,100,79539,79447
2026-05-14T02:00:00,2026-05-14T04:00:00,short,100,79447,79125
2026-05-14T04:00:00,2026-05-14T06:00:00,long,100,79125,79677
2026-05-14T06:00:00,2026-05-14T12:00:00,short,100,79677,79355
2026-05-14T12:00:00,2026-05-14T18:00:00,long,100,79355,81471
2026-05-14T18:00:00,2026-05-15T06:00:00,short,100,81471,80505
2026-05-15T06:00:00,2026-05-15T08:00:00,long,100,80505,80689
2026-05-15T08:00:00,2026-05-15T10:00:00,short,100,80643,80551
2026-05-15T10:00:00,2026-05-15T12:00:00,long,100,80551,80459
2026-05-15T12:00:00,2026-05-15T14:00:00,short,100,80459,78849
2026-05-15T14:00:00,2026-05-15T18:00:00,long,100,78849,79263
2026-05-15T18:00:00,2026-05-15T22:00:00,short,100,79263,79079
2026-05-15T22:00:00,2026-05-16T04:00:00,long,100,79079,78987
2026-05-16T04:00:00,2026-05-16T14:00:00,short,100,78987,78159
2026-05-16T14:00:00,2026-05-16T22:00:00,long,100,78159,78067
2026-05-17T00:00:00,2026-05-17T02:00:00,short,100,77929,77837
2026-05-17T02:00:00,2026-05-17T12:00:00,long,100,77837,78205
2026-05-17T12:00:00,2026-05-17T18:00:00,short,100,78205,78159
2026-05-17T18:00:00,2026-05-17T22:00:00,long,100,78205,78251
2026-05-17T22:00:00,2026-05-18T06:00:00,short,100,78251,77055
2026-05-18T06:00:00,2026-05-18T08:00:00,long,100,77055,76917
2026-05-18T10:00:00,2026-05-18T12:00:00,long,100,77009,77147
2026-05-18T12:00:00,2026-05-18T16:00:00,short,100,77101,76549
2026-05-18T16:00:00,2026-05-19T00:00:00,long,100,76549,76917
2026-05-19T00:00:00,2026-05-19T02:00:00,short,100,76917,76733
2026-05-19T02:00:00,2026-05-19T08:00:00,long,100,76733,77055
2026-05-19T08:00:00,2026-05-19T12:00:00,short,100,77055,76825
2026-05-19T12:00:00,2026-05-19T14:00:00,long,100,76825,76733
2026-05-19T14:00:00,2026-05-19T16:00:00,short,100,76687,76595
2026-05-19T16:00:00,2026-05-19T22:00:00,long,100,76595,76779
2026-05-19T22:00:00,2026-05-20T04:00:00,short,100,76779,76871
2026-05-20T04:00:00,2026-05-20T12:00:00,long,100,76871,77285
2026-05-20T12:00:00,2026-05-20T14:00:00,short,100,77285,77285
2026-05-20T14:00:00,2026-05-20T20:00:00,long,100,77377,77469
2026-05-20T20:00:00,2026-05-21T00:00:00,short,100,77469,77561
2026-05-21T00:00:00,2026-05-21T04:00:00,long,100,77607,77883
2026-05-21T04:00:00,2026-05-21T14:00:00,short,100,77883,77239
2026-05-21T14:00:00,2026-05-21T18:00:00,long,100,77239,77653
2026-05-21T18:00:00,2026-05-22T02:00:00,short,100,77653,77745
2026-05-22T04:00:00,2026-05-22T10:00:00,short,100,77607,77423
2026-05-22T10:00:00,2026-05-22T12:00:00,long,100,77423,77285
2026-05-22T12:00:00,2026-05-23T02:00:00,short,100,77285,75629
2026-05-23T02:00:00,2026-05-23T04:00:00,long,100,75629,75491
2026-05-23T06:00:00,2026-05-23T10:00:00,short,100,75307,74755
2026-05-23T10:00:00,2026-05-24T02:00:00,long,100,74755,76687
2026-05-24T02:00:00,2026-05-24T04:00:00,short,100,76687,76825
2026-05-24T10:00:00,2026-05-24T12:00:00,long,100,77009,77147
2026-05-24T12:00:00,2026-05-24T16:00:00,short,100,77147,76503
2026-05-24T16:00:00,2026-05-24T20:00:00,long,100,76503,76595
2026-05-24T20:00:00,2026-05-24T22:00:00,short,100,76549,76227
2026-05-24T22:00:00,2026-05-25T00:00:00,long,100,76227,76917
2026-05-25T00:00:00,2026-05-25T02:00:00,short,100,76917,77009
2026-05-25T04:00:00,2026-05-25T10:00:00,long,100,77147,77423
2026-05-25T10:00:00,2026-05-25T14:00:00,short,100,77423,77423
2026-05-25T14:00:00,2026-05-25T18:00:00,long,100,77515,77469
2026-05-25T18:00:00,2026-05-26T04:00:00,short,100,77469,76779
2026-05-26T04:00:00,2026-05-26T06:00:00,long,100,76779,76779
2026-05-26T06:00:00,2026-05-26T10:00:00,short,100,76687,76779
2026-05-26T10:00:00,2026-05-26T14:00:00,long,100,76779,77055
2026-05-26T14:00:00,2026-05-27T06:00:00,short,100,77055,75813
2026-05-27T06:00:00,2026-05-27T10:00:00,long,100,75813,75813
2026-05-27T10:00:00,2026-05-27T14:00:00,short,100,75721,75215
2026-05-27T14:00:00,2026-05-27T16:00:00,long,100,75215,75215
2026-05-27T16:00:00,2026-05-27T18:00:00,short,100,75123,74939
2026-05-27T18:00:00,2026-05-27T20:00:00,long,100,74939,74939
2026-05-27T20:00:00,2026-05-28T06:00:00,short,100,74893,73145
2026-05-28T06:00:00,2026-05-28T12:00:00,long,100,73145,73375
2026-05-28T12:00:00,2026-05-28T16:00:00,short,100,73329,73053
2026-05-28T16:00:00,2026-05-28T18:00:00,long,100,73053,73421
2026-05-28T18:00:00,2026-05-28T20:00:00,short,100,73421,73513
2026-05-28T20:00:00,2026-05-28T22:00:00,long,100,73559,73697
2026-05-28T22:00:00,2026-05-29T04:00:00,short,100,73697,73421
2026-05-29T04:00:00,2026-05-29T06:00:00,long,100,73421,73559
2026-05-29T06:00:00,2026-05-29T08:00:00,short,100,73559,73605
2026-05-29T08:00:00,2026-05-29T10:00:00,long,100,73605,73605
2026-05-29T10:00:00,2026-05-29T14:00:00,short,100,73605,73283
2026-05-29T14:00:00,2026-05-29T18:00:00,long,100,73283,73789
2026-05-29T18:00:00,2026-05-30T00:00:00,short,100,73789,73559
2026-05-30T00:00:00,2026-05-30T02:00:00,long,100,73559,73513
2026-05-30T02:00:00,2026-05-30T04:00:00,short,100,73467,73605
2026-05-30T04:00:00,2026-05-30T22:00:00,long,100,73605,73835
2026-05-30T22:00:00,2026-05-31T00:00:00,short,100,73835,73973
2026-05-31T00:00:00,2026-05-31T06:00:00,long,100,74019,73973
2026-05-31T06:00:00,2026-05-31T10:00:00,short,100,73973,73973
2026-05-31T12:00:00,2026-05-31T20:00:00,short,100,73835,73697
2026-05-31T20:00:00,2026-05-31T22:00:00,long,100,73697,73743
2026-05-31T22:00:00,2026-06-01T02:00:00,short,100,73697,73421
2026-06-01T02:00:00,2026-06-01T04:00:00,long,100,73421,73605
2026-06-01T04:00:00,2026-06-01T16:00:00,short,100,73605,71259
2026-06-01T16:00:00,2026-06-01T18:00:00,long,100,71259,71535
2026-06-01T18:00:00,2026-06-01T22:00:00,short,100,71535,71167
2026-06-01T22:00:00,2026-06-02T00:00:00,long,100,71167,71259
2026-06-02T00:00:00,2026-06-02T02:00:00,short,100,71213,70707
2026-06-02T02:00:00,2026-06-02T04:00:00,long,100,70707,70799
2026-06-02T04:00:00,2026-06-02T16:00:00,short,100,70753,67441
2026-06-02T16:00:00,2026-06-02T18:00:00,long,100,67441,67349
2026-06-02T20:00:00,2026-06-02T22:00:00,long,100,67395,67441
2026-06-02T22:00:00,2026-06-03T00:00:00,short,100,67395,66843
2026-06-03T00:00:00,2026-06-03T02:00:00,long,100,66843,66797
2026-06-03T02:00:00,2026-06-03T04:00:00,short,100,66705,65923
2026-06-03T04:00:00,2026-06-03T06:00:00,long,100,65923,67165
2026-06-03T06:00:00,2026-06-03T20:00:00,short,100,67165,65601
2026-06-03T20:00:00,2026-06-03T22:00:00,long,100,65601,65601
2026-06-03T22:00:00,2026-06-04T02:00:00,short,100,65509,62289
2026-06-04T02:00:00,2026-06-04T04:00:00,long,100,62289,64221
2026-06-04T04:00:00,2026-06-04T12:00:00,short,100,64221,62703
2026-06-04T12:00:00,2026-06-04T14:00:00,long,100,62703,64083
2026-06-04T14:00:00,2026-06-04T22:00:00,short,100,64083,63439
2026-06-04T22:00:00,2026-06-05T00:00:00,long,100,63439,63761
2026-06-05T00:00:00,2026-06-05T06:00:00,short,100,63761,62473
2026-06-05T06:00:00,2026-06-05T08:00:00,long,100,62473,62979
2026-06-05T08:00:00,2026-06-05T16:00:00,short,100,62979,60587
2026-06-05T16:00:00,2026-06-05T18:00:00,long,100,60587,60679
2026-06-05T18:00:00,2026-06-05T20:00:00,short,100,60633,60403
2026-06-05T20:00:00,2026-06-05T22:00:00,long,100,60403,61553
2026-06-05T22:00:00,2026-06-06T04:00:00,short,100,61553,60817
2026-06-06T04:00:00,2026-06-06T10:00:00,long,100,60817,60817
2026-06-06T16:00:00,2026-06-06T20:00:00,short,100,60725,60725
2026-06-06T20:00:00,2026-06-07T12:00:00,long,100,60725,62427
2026-06-07T12:00:00,2026-06-07T14:00:00,short,100,62427,61783
2026-06-07T14:00:00,2026-06-07T18:00:00,long,100,61783,61967
2026-06-07T18:00:00,2026-06-07T20:00:00,short,100,61921,61415
2026-06-07T20:00:00,2026-06-08T00:00:00,long,100,61415,63163
2026-06-08T00:00:00,2026-06-08T06:00:00,short,100,63163,62887
2026-06-08T06:00:00,2026-06-08T16:00:00,long,100,62887,63577
2026-06-08T16:00:00,2026-06-08T20:00:00,short,100,63577,63531
2026-06-08T20:00:00,2026-06-08T22:00:00,long,100,63623,63577
2026-06-08T22:00:00,2026-06-09T02:00:00,short,100,63577,62887
2026-06-09T02:00:00,2026-06-09T06:00:00,long,100,62887,63163
2026-06-09T06:00:00,2026-06-09T16:00:00,short,100,63163,61277
2026-06-09T16:00:00,2026-06-09T20:00:00,long,100,61277,61921
2026-06-09T20:00:00,2026-06-10T06:00:00,short,100,61921,61507
2026-06-10T06:00:00,2026-06-10T08:00:00,long,100,61507,61553
2026-06-10T08:00:00,2026-06-10T12:00:00,short,100,61507,61185
2026-06-10T12:00:00,2026-06-10T16:00:00,long,100,61185,62427
2026-06-10T16:00:00,2026-06-10T22:00:00,short,100,62427,61507
2026-06-10T22:00:00,2026-06-11T14:00:00,long,100,61507,62933
2026-06-11T14:00:00,2026-06-11T16:00:00,short,100,62933,62841
2026-06-11T16:00:00,2026-06-11T20:00:00,long,100,62887,63485
2026-06-11T20:00:00,2026-06-11T22:00:00,short,100,63485,63623
2026-06-12T00:00:00,2026-06-12T02:00:00,short,100,63439,63531
2026-06-12T04:00:00,2026-06-12T08:00:00,short,100,63347,63255
2026-06-12T08:00:00,2026-06-12T12:00:00,long,100,63255,63623
2026-06-12T12:00:00,2026-06-12T14:00:00,short,100,63623,63301
2026-06-12T14:00:00,2026-06-12T18:00:00,long,100,63301,63669
2026-06-12T18:00:00,2026-06-13T00:00:00,short,100,63669,63623
2026-06-13T00:00:00,2026-06-13T02:00:00,long,100,63669,63715
2026-06-13T02:00:00,2026-06-13T06:00:00,short,100,63715,63623
2026-06-13T06:00:00,2026-06-13T08:00:00,long,100,63623,63715
2026-06-13T08:00:00,2026-06-13T10:00:00,short,100,63715,63853
2026-06-13T10:00:00,2026-06-13T16:00:00,long,100,63853,64129
2026-06-13T16:00:00,2026-06-13T18:00:00,short,100,64129,64083
2026-06-13T18:00:00,2026-06-14T04:00:00,long,100,64129,64359
2026-06-14T04:00:00,2026-06-14T08:00:00,short,100,64359,64451
2026-06-14T08:00:00,2026-06-14T10:00:00,long,100,64497,64497
2026-06-14T10:00:00,2026-06-14T20:00:00,short,100,64497,63853
2026-06-14T20:00:00,2026-06-15T00:00:00,long,100,63853,65555
2026-06-15T00:00:00,2026-06-15T02:00:00,short,100,65555,65601
2026-06-15T02:00:00,2026-06-15T06:00:00,long,100,65739,65785
2026-06-15T06:00:00,2026-06-15T10:00:00,short,100,65785,65739
2026-06-15T10:00:00,2026-06-15T16:00:00,long,100,65785,67073
2026-06-15T16:00:00,2026-06-16T06:00:00,short,100,67073,66199
2026-06-16T06:00:00,2026-06-16T12:00:00,long,100,66199,66337
2026-06-16T12:00:00,2026-06-17T00:00:00,short,100,66291,65831
2026-06-17T00:00:00,2026-06-17T02:00:00,long,100,65831,65785
2026-06-17T06:00:00,2026-06-17T12:00:00,short,100,65693,64957
2026-06-17T12:00:00,2026-06-17T18:00:00,long,100,64957,65923
2026-06-17T18:00:00,2026-06-17T22:00:00,short,100,65923,64405
2026-06-17T22:00:00,2026-06-18T02:00:00,long,100,64405,64359
2026-06-18T02:00:00,2026-06-18T06:00:00,short,100,64221,64129
2026-06-18T06:00:00,2026-06-18T08:00:00,long,100,64129,64359
2026-06-18T08:00:00,2026-06-18T16:00:00,short,100,64359,62519
2026-06-18T16:00:00,2026-06-19T02:00:00,long,100,62519,62841
2026-06-19T02:00:00,2026-06-19T10:00:00,short,100,62841,62519
2026-06-19T10:00:00,2026-06-19T18:00:00,long,100,62519,63025
2026-06-19T18:00:00,2026-06-19T22:00:00,short,100,63025,63117
2026-06-19T22:00:00,2026-06-20T12:00:00,long,100,63209,63531
2026-06-20T12:00:00,2026-06-20T14:00:00,short,100,63531,63485
2026-06-20T14:00:00,2026-06-20T16:00:00,long,100,63531,64037
2026-06-20T16:00:00,2026-06-20T18:00:00,short,100,64037,63945
2026-06-20T22:00:00,2026-06-21T04:00:00,long,100,63991,64267
2026-06-21T04:00:00,2026-06-22T00:00:00,short,100,64267,63439
2026-06-22T00:00:00,2026-06-22T02:00:00,long,100,63439,64451
2026-06-22T02:00:00,2026-06-22T04:00:00,short,100,64451,64037
2026-06-22T04:00:00,2026-06-22T08:00:00,long,100,64037,64129
2026-06-22T08:00:00,2026-06-22T10:00:00,short,100,64083,64221
2026-06-22T10:00:00,2026-06-22T14:00:00,long,100,64221,65417
2026-06-22T14:00:00,2026-06-23T00:00:00,short,100,65417,64175
2026-06-23T00:00:00,2026-06-23T02:00:00,long,100,64175,64037
2026-06-23T04:00:00,2026-06-23T10:00:00,short,100,63853,62519
2026-06-23T10:00:00,2026-06-23T16:00:00,long,100,62519,62381
2026-06-23T20:00:00,2026-06-24T02:00:00,long,100,62473,62749
2026-06-24T02:00:00,2026-06-24T04:00:00,short,100,62749,62841
2026-06-24T04:00:00,2026-06-24T06:00:00,long,100,62887,62749
2026-06-24T06:00:00,2026-06-24T10:00:00,short,100,62749,62749
2026-06-24T10:00:00,2026-06-24T12:00:00,long,100,62795,62795
2026-06-24T12:00:00,2026-06-24T18:00:00,short,100,62795,59529
2026-06-24T18:00:00,2026-06-25T00:00:00,long,100,59529,60909
2026-06-25T00:00:00,2026-06-25T04:00:00,short,100,60909,61001
2026-06-25T04:00:00,2026-06-25T08:00:00,long,100,61139,61737
2026-06-25T08:00:00,2026-06-25T14:00:00,short,100,61737,58425
2026-06-25T14:00:00,2026-06-25T18:00:00,long,100,58425,59483
2026-06-25T18:00:00,2026-06-25T20:00:00,short,100,59483,59437
2026-06-25T20:00:00,2026-06-25T22:00:00,long,100,59529,60081
2026-06-25T22:00:00,2026-06-26T02:00:00,short,100,60081,59575
2026-06-26T02:00:00,2026-06-26T04:00:00,long,100,59575,59897
2026-06-26T04:00:00,2026-06-26T06:00:00,short,100,59897,60035
2026-06-26T06:00:00,2026-06-26T08:00:00,long,100,60081,60403
2026-06-26T08:00:00,2026-06-26T12:00:00,short,100,60403,59575
2026-06-26T12:00:00,2026-06-26T16:00:00,long,100,59575,60127
2026-06-26T16:00:00,2026-06-26T20:00:00,short,100,60127,59897
2026-06-26T20:00:00,2026-06-27T00:00:00,long,100,59897,59897
2026-06-27T02:00:00,2026-06-27T04:00:00,long,100,60035,60173
2026-06-27T04:00:00,2026-06-27T06:00:00,short,100,60173,60311
2026-06-27T06:00:00,2026-06-27T08:00:00,long,100,60357,60403
2026-06-27T08:00:00,2026-06-27T12:00:00,short,100,60403,60495
2026-06-27T12:00:00,2026-06-27T16:00:00,long,100,60541,60679
2026-06-27T16:00:00,2026-06-28T00:00:00,short,100,60679,60173
2026-06-28T00:00:00,2026-06-28T04:00:00,long,100,60173,60081
2026-06-28T04:00:00,2026-06-28T06:00:00,short,100,59989,60081
2026-06-28T06:00:00,2026-06-28T12:00:00,long,100,60081,60173
2026-06-28T12:00:00,2026-06-28T22:00:00,short,100,60127,59575
2026-06-28T22:00:00,2026-06-29T00:00:00,long,100,59575,59437
2026-06-29T02:00:00,2026-06-29T10:00:00,long,100,59529,59943
2026-06-29T10:00:00,2026-06-29T14:00:00,short,100,59943,59713
2026-06-29T14:00:00,2026-06-29T22:00:00,long,100,59713,60311
2026-06-29T22:00:00,2026-06-30T18:00:00,short,100,60311,58517
2026-06-30T18:00:00,2026-06-30T20:00:00,long,100,58517,58701
2026-06-30T20:00:00,2026-07-01T00:00:00,short,100,58655,58747
2026-07-01T00:00:00,2026-07-01T06:00:00,long,100,58747,59023
2026-07-01T06:00:00,2026-07-01T08:00:00,short,100,59023,58885
2026-07-01T08:00:00,2026-07-01T10:00:00,long,100,58931,58793
2026-07-01T10:00:00,2026-07-01T12:00:00,short,100,58793,58701
2026-07-01T12:00:00,2026-07-01T18:00:00,long,100,58701,59989
2026-07-01T18:00:00,2026-07-01T20:00:00,short,100,59989,60127
2026-07-01T20:00:00,2026-07-01T22:00:00,long,100,60311,60679
2026-07-01T22:00:00,2026-07-02T00:00:00,short,100,60679,60127
2026-07-02T00:00:00,2026-07-02T04:00:00,long,100,60127,60863
2026-07-02T04:00:00,2026-07-02T08:00:00,short,100,60863,60311
2026-07-02T08:00:00,2026-07-02T14:00:00,long,100,60311,61737
2026-07-02T14:00:00,2026-07-02T16:00:00,short,100,61737,61691
2026-07-02T18:00:00,2026-07-02T20:00:00,short,100,61553,61553
2026-07-02T20:00:00,2026-07-03T02:00:00,long,100,61553,61461
2026-07-03T02:00:00,2026-07-03T04:00:00,short,100,61461,61507
2026-07-03T04:00:00,2026-07-03T14:00:00,long,100,61507,61921
2026-07-03T14:00:00,2026-07-03T16:00:00,short,100,61921,62013
2026-07-03T16:00:00,2026-07-03T22:00:00,long,100,62105,62565
2026-07-03T22:00:00,2026-07-04T02:00:00,short,100,62565,62611
2026-07-04T04:00:00,2026-07-04T06:00:00,short,100,62519,62565
2026-07-04T12:00:00,2026-07-04T22:00:00,long,100,62565,63117
2026-07-04T22:00:00,2026-07-05T06:00:00,short,100,63117,62887
2026-07-05T06:00:00,2026-07-05T08:00:00,long,100,62887,62887
2026-07-05T08:00:00,2026-07-05T12:00:00,short,100,62841,62703
2026-07-05T12:00:00,2026-07-05T16:00:00,long,100,62703,62657
2026-07-05T16:00:00,2026-07-05T18:00:00,short,100,62611,62703
2026-07-05T18:00:00,2026-07-06T02:00:00,long,100,62703,63485
2026-07-06T02:00:00,2026-07-06T14:00:00,short,100,63485,61921
2026-07-06T14:00:00,2026-07-06T22:00:00,long,100,61921,64313
2026-07-06T22:00:00,2026-07-07T08:00:00,short,100,64313,63209
2026-07-07T08:00:00,2026-07-07T12:00:00,long,100,63209,63209
2026-07-07T12:00:00,2026-07-07T14:00:00,short,100,63117,63163
2026-07-07T14:00:00,2026-07-07T18:00:00,long,100,63163,63991
2026-07-07T18:00:00,2026-07-08T06:00:00,short,100,63991,62795
2026-07-08T06:00:00,2026-07-08T08:00:00,long,100,62795,62749
2026-07-08T08:00:00,2026-07-08T10:00:00,short,100,62611,62151
2026-07-08T10:00:00,2026-07-08T12:00:00,long,100,62151,62151
2026-07-08T12:00:00,2026-07-08T16:00:00,short,100,62059,61829
2026-07-08T16:00:00,2026-07-09T00:00:00,long,100,61829,62105
2026-07-09T00:00:00,2026-07-09T04:00:00,short,100,62105,62013
2026-07-09T04:00:00,2026-07-09T10:00:00,long,100,62059,62841
2026-07-09T10:00:00,2026-07-09T12:00:00,short,100,62841,62887
2026-07-09T12:00:00,2026-07-09T14:00:00,long,100,62979,62887
2026-07-09T14:00:00,2026-07-09T16:00:00,short,100,62887,62979
2026-07-09T16:00:00,2026-07-10T06:00:00,long,100,63025,63945
2026-07-10T06:00:00,2026-07-10T08:00:00,short,100,63945,64083
2026-07-10T08:00:00,2026-07-10T14:00:00,long,100,64221,64313
2026-07-10T14:00:00,2026-07-10T20:00:00,short,100,64313,63991
2026-07-10T20:00:00,2026-07-11T00:00:00,long,100,63991,63991
2026-07-11T00:00:00,2026-07-11T02:00:00,short,100,63945,64083
2026-07-11T02:00:00,2026-07-11T22:00:00,long,100,64083,64175
2026-07-11T22:00:00,2026-07-12T00:00:00,short,100,64175,63899
2026-07-12T00:00:00,2026-07-12T04:00:00,long,100,63899,64037
2026-07-12T04:00:00,2026-07-12T10:00:00,short,100,63991,64037
2026-07-12T10:00:00,2026-07-12T20:00:00,long,100,64037,64037
2026-07-12T20:00:00,2026-07-13T06:00:00,short,100,64037,62933
2026-07-13T06:00:00,2026-07-13T10:00:00,long,100,62933,62933
2026-07-13T12:00:00,2026-07-13T14:00:00,short,100,62841,62473
2026-07-13T14:00:00,2026-07-13T16:00:00,long,100,62473,62473
2026-07-13T16:00:00,2026-07-13T18:00:00,short,100,62381,62013
2026-07-13T18:00:00,2026-07-13T20:00:00,long,100,62013,62151
2026-07-13T20:00:00,2026-07-13T22:00:00,short,100,62105,62151
2026-07-13T22:00:00,2026-07-14T06:00:00,long,100,62151,62565
2026-07-14T06:00:00,2026-07-14T10:00:00,short,100,62565,62657
2026-07-14T10:00:00,2026-07-14T16:00:00,long,100,62749,64589
2026-07-14T16:00:00,2026-07-14T22:00:00,short,100,64589,64727
2026-07-14T22:00:00,2026-07-15T00:00:00,long,100,64911,64911
2026-07-15T00:00:00,2026-07-15T02:00:00,short,100,64911,64773
2026-07-15T04:00:00,2026-07-15T06:00:00,long,100,64819,64773
2026-07-15T06:00:00,2026-07-15T08:00:00,short,100,64773,64635
2026-07-15T08:00:00,2026-07-15T16:00:00,long,100,64635,65233
2026-07-15T16:00:00,2026-07-16T04:00:00,short,100,65233,64773
2026-07-16T04:00:00,2026-07-16T06:00:00,long,100,64773,64773
2026-07-16T06:00:00,2026-07-16T10:00:00,short,100,64727,64221
2026-07-16T10:00:00,2026-07-16T16:00:00,long,100,64221,64543
2026-07-16T16:00:00,2026-07-16T18:00:00,short,100,64543,64175
2026-07-16T18:00:00,2026-07-16T20:00:00,long,100,64175,64129
2026-07-16T22:00:00,2026-07-17T08:00:00,short,100,64083,62979
2026-07-17T08:00:00,2026-07-17T12:00:00,long,100,62979,63117
2026-07-17T14:00:00,2026-07-17T22:00:00,long,100,63255,63991
2026-07-17T22:00:00,2026-07-18T02:00:00,short,100,63991,64037
2026-07-18T04:00:00,2026-07-18T10:00:00,short,100,63899,64083
2026-07-18T10:00:00,2026-07-19T08:00:00,long,100,64083,64635
2026-07-19T08:00:00,2026-07-19T22:00:00,short,100,64635,64543
2026-07-19T22:00:00,2026-07-20T00:00:00,long,100,64589,64589
2026-07-20T00:00:00,2026-07-20T02:00:00,short,100,64589,64727
2026-07-20T02:00:00,2026-07-20T04:00:00,long,100,64727,64727
2026-07-20T04:00:00,2026-07-20T06:00:00,short,100,64727,64221
2026-07-20T06:00:00,2026-07-20T12:00:00,long,100,64221,64819
2026-07-20T12:00:00,2026-07-20T14:00:00,short,100,64819,64451
2026-07-20T14:00:00,2026-07-20T18:00:00,long,100,64451,65463
2026-07-20T18:00:00,2026-07-20T20:00:00,short,100,65463,65233
2026-07-20T20:00:00,2026-07-21T14:00:00,long,100,65233,66613
2026-07-21T14:00:00,2026-07-21T18:00:00,short,100,66613,66337
2026-07-21T18:00:00,2026-07-22T00:00:00,long,100,66337,66383
2026-07-22T02:00:00,2026-07-22T10:00:00,short,100,66337,65969
2026-07-22T10:00:00,2026-07-22T18:00:00,long,100,65969,65877
2026-07-22T20:00:00,2026-07-23T00:00:00,long,100,66015,65877
2026-07-23T00:00:00,2026-07-23T08:00:00,short,100,65877,65555
2026-07-23T08:00:00,2026-07-23T10:00:00,long,100,65555,65509
2026-07-23T12:00:00,2026-07-23T18:00:00,short,100,65417,64819
2026-07-23T18:00:00,2026-07-24T04:00:00,long,100,64819,65279
2026-07-24T04:00:00,2026-07-24T06:00:00,short,100,65279,65417
2026-07-24T06:00:00,2026-07-24T08:00:00,long,100,65509,65371
2026-07-24T08:00:00,2026-07-24T18:00:00,short,100,65371,64221
2026-07-24T18:00:00,2026-07-24T20:00:00,long,100,64221,64083
2026-07-25T12:00:00,2026-07-26T04:00:00,long,100,64129,64359
2026-07-26T04:00:00,2026-07-26T08:00:00,short,100,64359,64497
2026-07-26T08:00:00,2026-07-27T00:00:00,long,100,64497,65233
2026-07-27T00:00:00,2026-07-27T02:00:00,short,100,65233,65279
2026-07-27T04:00:00,2026-07-27T06:00:00,long,100,65371,65279
2026-07-27T06:00:00,2026-07-27T12:00:00,short,100,65279,65233
2026-07-27T14:00:00,2026-07-27T16:00:00,short,100,65095,64635
2026-07-27T16:00:00,2026-07-27T20:00:00,long,100,64635,64865
2026-07-27T20:00:00,2026-07-28T02:00:00,short,100,64865,63347
2026-07-28T02:00:00,2026-07-28T12:00:00,long,100,63347,63301
2026-07-28T12:00:00,2026-07-28T14:00:00,short,100,63163,63209
2026-07-28T14:00:00,2026-07-28T16:00:00,long,100,63209,63807
2026-07-28T16:00:00,2026-07-28T18:00:00,short,100,63807,63807
2026-07-28T18:00:00,2026-07-29T00:00:00,long,100,63899,63807
2026-07-29T00:00:00,2026-07-29T04:00:00,short,100,63807,63807
2026-07-29T04:00:00,2026-07-29T10:00:00,long,100,63853,64497
2026-07-29T10:00:00,2026-07-29T12:00:00,short,100,64497,64589
2026-07-29T14:00:00,2026-07-29T16:00:00,short,100,64543,64083
2026-07-29T16:00:00,2026-07-29T18:00:00,long,100,64083,64129
2026-07-29T18:00:00,2026-07-29T20:00:00,short,100,64083,63715
2026-07-29T20:00:00,2026-07-30T04:00:00,long,100,63715,64083
2026-07-30T04:00:00,2026-07-30T08:00:00,short,100,64083,64129
2026-07-30T08:00:00,2026-07-30T14:00:00,long,100,64175,64819
2026-07-30T14:00:00,2026-07-30T16:00:00,short,100,64819,64819
2026-07-30T18:00:00,2026-07-31T16:00:00,short,100,64727,62841
2026-07-31T16:00:00,2026-07-31T18:00:00,long,100,62841,63117
2026-07-31T18:00:00,2026-08-01T02:00:00,short,100,63117,63025
2026-08-01T16:00:00,2026-08-01T20:00:00,short,100,62887,62657
2026-08-01T20:00:00,2026-08-02T08:00:00,long,100,62657,63301
2026-08-02T08:00:00,2026-08-02T16:00:00,short,100,63301,63163
2026-08-02T16:00:00,2026-08-03T00:00:00,long,100,63209,63393
2026-08-03T00:00:00,2026-08-03T08:00:00,short,100,63393,62749
2026-08-03T08:00:00,2026-08-03T10:00:00,long,100,62749,62703
2026-08-03T10:00:00,2026-08-03T12:00:00,short,100,62611,62657
2026-08-03T12:00:00,2026-08-03T20:00:00,long,100,62657,63715
2026-08-03T20:00:00,2026-08-04T00:00:00,short,100,63715,63669
2026-08-04T00:00:00,2026-08-04T06:00:00,long,100,63761,63715
2026-08-04T06:00:00,2026-08-04T10:00:00,short,100,63715,63761
2026-08-04T10:00:00,2026-08-04T12:00:00,long,100,63807,63807
2026-08-04T12:00:00,2026-08-04T14:00:00,short,100,63807,63807
2026-08-04T14:00:00,2026-08-04T16:00:00,long,100,63853,63991
2026-08-04T16:00:00,2026-08-04T18:00:00,short,100,63991,64037
2026-08-04T18:00:00,2026-08-04T22:00:00,long,100,64083,64083
2026-08-04T22:00:00,2026-08-05T00:00:00,short,100,64083,64175
2026-08-05T00:00:00,2026-08-05T02:00:00,long,100,64221,64221
2026-08-05T02:00:00,2026-08-05T04:00:00,short,100,64221,64267
2026-08-05T04:00:00,2026-08-05T06:00:00,long,100,64313,64221
2026-08-05T06:00:00,2026-08-05T12:00:00,short,100,64221,64221
2026-08-05T12:00:00,2026-08-05T22:00:00,long,100,64221,64635
2026-08-05T22:00:00,2026-08-06T04:00:00,short,100,64635,64681
2026-08-06T04:00:00,2026-08-06T06:00:00,long,100,64773,64773
2026-08-06T06:00:00,2026-08-06T14:00:00,short,100,64773,64589
2026-08-06T14:00:00,2026-08-06T18:00:00,long,100,64589,64497
2026-08-06T18:00:00,2026-08-07T08:00:00,short,100,64497,64451
2026-08-07T08:00:00,2026-08-07T14:00:00,long,100,64451,64865
2026-08-07T14:00:00,2026-08-07T18:00:00,short,100,64865,64911
2026-08-08T02:00:00,2026-08-08T22:00:00,long,100,65003,64911
2026-08-08T22:00:00,2026-08-09T10:00:00,short,100,64911,64911
2026-08-09T10:00:00,2026-08-09T22:00:00,long,100,64957,65049
2026-08-09T22:00:00,2026-08-10T00:00:00,short,100,65049,65003
2026-08-10T00:00:00,2026-08-10T02:00:00,long,100,65049,65049
2026-08-10T02:00:00,2026-08-10T04:00:00,short,100,65049,65049
2026-08-10T04:00:00,2026-08-10T08:00:00,long,100,65049,65049
2026-08-10T08:00:00,2026-08-10T10:00:00,short,100,65049,65049
2026-08-10T10:00:00,2026-08-10T12:00:00,long,100,65049,65003
2026-08-10T12:00:00,2026-08-11T02:00:00,short,100,65003,64083
2026-08-11T02:00:00,2026-08-11T04:00:00,long,100,64083,63991
2026-08-11T06:00:00,2026-08-11T12:00:00,long,100,64083,64221
2026-08-11T12:00:00,2026-08-11T20:00:00,short,100,64221,63669
2026-08-11T20:00:00,2026-08-12T12:00:00,long,100,63669,64037
2026-08-12T12:00:00,2026-08-13T02:00:00,short,100,64037,63577
2026-08-13T02:00:00,2026-08-13T10:00:00,long,100,63577,63669
2026-08-13T10:00:00,2026-08-13T12:00:00,short,100,63623,63577
2026-08-13T12:00:00,2026-08-13T14:00:00,long,100,63577,63577
2026-08-13T14:00:00,2026-08-13T18:00:00,short,100,63531,63301
2026-08-13T18:00:00,2026-08-14T02:00:00,long,100,63301,63393
2026-08-14T02:00:00,2026-08-14T04:00:00,short,100,63347,63393
2026-08-14T04:00:00,2026-08-14T06:00:00,long,100,63393,63255
2026-08-14T06:00:00,2026-08-14T14:00:00,short,100,63255,62795
2026-08-14T14:00:00,2026-08-16T08:00:00,long,100,62795,62979
2026-08-16T08:00:00,2026-08-16T12:00:00,short,100,62933,63071
2026-08-16T12:00:00,2026-08-16T20:00:00,long,100,63071,62979
2026-08-16T20:00:00,2026-08-17T00:00:00,short,100,62979,63025
2026-08-17T00:00:00,2026-08-17T08:00:00,long,100,63025,63347
2026-08-17T08:00:00,2026-08-17T10:00:00,short,100,63347,63393
2026-08-17T10:00:00,2026-08-18T00:00:00,long,100,63485,64359
2026-08-18T00:00:00,2026-08-18T10:00:00,short,100,64359,64313
2026-08-18T12:00:00,2026-08-18T14:00:00,short,100,64221,64313
2026-08-18T14:00:00,2026-08-18T16:00:00,long,100,64313,64727
2026-08-18T16:00:00,2026-08-18T22:00:00,short,100,64727,64727
2026-08-19T00:00:00,2026-08-19T08:00:00,short,100,64589,64359
2026-08-19T08:00:00,2026-08-19T16:00:00,long,100,64359,68361
2026-08-19T16:00:00,2026-08-19T18:00:00,short,100,68361,68315
2026-08-19T18:00:00,2026-08-19T22:00:00,long,100,68407,69511
2026-08-19T22:00:00,2026-08-20T00:00:00,short,100,69511,69419
2026-08-20T00:00:00,2026-08-20T02:00:00,long,100,69465,69603
2026-08-20T02:00:00,2026-08-20T04:00:00,short,100,69603,69327
2026-08-20T04:00:00,2026-08-20T12:00:00,long,100,69327,71765
2026-08-20T12:00:00,2026-08-20T14:00:00,short,100,71765,71765
2026-08-20T14:00:00,2026-08-21T02:00:00,long,100,71857,74939
2026-08-21T02:00:00,2026-08-21T04:00:00,short,100,74939,74617
2026-08-21T04:00:00,2026-08-21T10:00:00,long,100,74617,77745
2026-08-21T10:00:00,2026-08-21T12:00:00,short,100,77745,76871
2026-08-21T12:00:00,2026-08-21T18:00:00,long,100,76871,77239
2026-08-21T18:00:00,2026-08-21T20:00:00,short,100,77239,77101
2026-08-21T20:00:00,2026-08-21T22:00:00,long,100,77147,78389
2026-08-21T22:00:00,2026-08-22T02:00:00,short,100,78389,77975
2026-08-22T02:00:00,2026-08-22T04:00:00,long,100,77975,78297
2026-08-22T04:00:00,2026-08-22T12:00:00,short,100,78297,77193
2026-08-22T10:00:00,2026-08-22T14:00:00,long,100,77193.0,77193.0
2026-08-22T12:00:00,2026-08-22T14:00:00,long,100,77193,77193
2026-08-22T14:00:00,2026-08-22T16:00:00,short,100,77101,77101
2026-08-22T16:00:00,2026-08-22T20:00:00,long,100,77101,77285
2026-08-22T20:00:00,2026-08-22T22:00:00,short,100,77285,76963
2026-08-22T22:00:00,2026-08-23T02:00:00,long,100,76963,77055
2026-08-23T02:00:00,2026-08-23T08:00:00,short,100,77009,76181
2026-08-23T08:00:00,2026-08-23T14:00:00,long,100,76181,77331
2026-08-23T14:00:00,2026-08-23T18:00:00,short,100,77331,77239
2026-08-23T18:00:00,2026-08-24T00:00:00,long,100,77285,77653
2026-08-24T00:00:00,2026-08-24T04:00:00,short,100,77653,77009
2026-08-24T02:00:00,2026-08-28T10:00:00,long,100,77009.0,79401.0
2026-08-24T04:00:00,2026-08-24T16:00:00,long,100,77009,78895
2026-08-24T16:00:00,2026-08-24T20:00:00,short,100,78895,78849
2026-08-24T20:00:00,2026-08-25T06:00:00,long,100,78941,80551
2026-08-25T06:00:00,2026-08-25T14:00:00,short,100,80551,78803
2026-08-25T14:00:00,2026-08-25T16:00:00,long,100,78803,79355
2026-08-25T16:00:00,2026-08-26T00:00:00,short,100,79355,78665
2026-08-26T00:00:00,2026-08-26T06:00:00,long,100,78665,78895
2026-08-26T06:00:00,2026-08-26T16:00:00,short,100,78895,78159
2026-08-26T16:00:00,2026-08-27T00:00:00,long,100,78159,78849
2026-08-27T00:00:00,2026-08-27T06:00:00,short,100,78849,78987
2026-08-27T08:00:00,2026-08-27T10:00:00,long,100,79125,79815
2026-08-27T10:00:00,2026-08-27T14:00:00,short,100,79815,79585
2026-08-27T14:00:00,2026-08-27T18:00:00,long,100,79585,80275
2026-08-27T18:00:00,2026-08-27T20:00:00,short,100,80275,79999
2026-08-27T20:00:00,2026-08-28T02:00:00,long,100,79999,80321
2026-08-28T02:00:00,2026-08-28T10:00:00,short,100,80321,79401
2026-08-28T10:00:00,2026-08-28T12:00:00,long,100,79401,79447
2026-08-28T12:00:00,2026-08-28T22:00:00,short,100,79355,77515
2026-08-28T22:00:00,2026-08-29T02:00:00,long,100,77515,77699
2026-08-29T00:00:00,2026-08-29T04:00:00,short,100,77653.0,77561.0
2026-08-29T02:00:00,2026-08-29T04:00:00,short,100,77653,77607
2026-08-29T04:00:00,2026-08-30T00:00:00,long,100,77607,78067
2026-08-30T00:00:00,2026-08-30T04:00:00,short,100,78067,78159
2026-08-30T08:00:00,2026-08-30T10:00:00,short,100,78021,78067
2026-08-30T10:00:00,2026-08-30T18:00:00,long,100,78113,78849
2026-08-30T18:00:00,2026-08-31T04:00:00,short,100,78849,77791
2026-08-31T04:00:00,2026-08-31T10:00:00,long,100,77791,78343
2026-08-31T10:00:00,2026-08-31T14:00:00,short,100,78343,78021
2026-08-31T14:00:00,2026-08-31T22:00:00,long,100,78021,78757
2026-08-31T22:00:00,2026-09-01T02:00:00,short,100,78757,78527
2026-09-01T00:00:00,2026-09-01T06:00:00,long,100,78711.0,78987.0
2026-09-01T02:00:00,2026-09-01T06:00:00,long,100,78527,78987
2026-09-01T06:00:00,2026-09-01T10:00:00,short,100,78987,78021
2026-09-01T10:00:00,2026-09-01T14:00:00,long,100,78021,77929
2026-09-01T16:00:00,2026-09-01T22:00:00,short,100,77791,77331
2026-09-01T22:00:00,2026-09-02T00:00:00,long,100,77331,77285
2026-09-02T00:00:00,2026-09-02T02:00:00,short,100,77193,77101
2026-09-02T02:00:00,2026-09-02T06:00:00,long,100,77101,77469
2026-09-02T06:00:00,2026-09-02T12:00:00,short,100,77469,76871
2026-09-02T12:00:00,2026-09-04T16:00:00,long,100,76871.0,79447.0
2026-09-03T00:00:00,2026-09-03T10:00:00,short,100,77193.0,77745.0
2026-09-03T10:00:00,2026-09-03T16:00:00,long,100,77883.0,81149.0
2026-09-03T16:00:00,2026-09-03T18:00:00,short,100,81149.0,81149.0
2026-09-03T18:00:00,2026-09-03T20:00:00,long,100,81241.0,81609.0
2026-09-03T20:00:00,2026-09-04T04:00:00,short,100,81609.0,80965.0
2026-09-04T04:00:00,2026-09-04T06:00:00,long,100,80965.0,80827.0
2026-09-04T06:00:00,2026-09-04T08:00:00,short,100,80689.0,80735.0
2026-09-04T08:00:00,2026-09-04T12:00:00,long,100,80735.0,81057.0
2026-09-04T12:00:00,2026-09-04T16:00:00,short,100,81057.0,79447.0
2026-09-04T16:00:00,2026-09-04T20:00:00,long,100,79447.0,79585.0
2026-09-05T00:00:00,2026-09-05T06:00:00,short,100,79539.0,79677.0
2026-09-05T06:00:00,2026-09-05T08:00:00,long,100,79677.0,79585.0
2026-09-05T08:00:00,2026-09-05T14:00:00,short,100,79585.0,79769.0
2026-09-05T14:00:00,2026-09-05T18:00:00,long,100,79769.0,79723.0
2026-09-05T18:00:00,2026-09-05T20:00:00,short,100,79907.0,79861.0
2026-09-05T20:00:00,2026-09-05T22:00:00,long,100,79907.0,79769.0
2026-09-05T22:00:00,2026-09-06T00:00:00,short,100,79769.0,79953.0
2026-09-06T00:00:00,2026-09-06T06:00:00,long,100,79953.0,79861.0
2026-09-06T06:00:00,2026-09-06T10:00:00,short,100,79861.0,79907.0
2026-09-06T10:00:00,2026-09-06T14:00:00,long,100,79907.0,79723.0
2026-09-06T14:00:00,2026-09-06T20:00:00,short,100,79723.0,79907.0
2026-09-06T20:00:00,2026-09-07T00:00:00,long,100,79907.0,80137.0
2026-09-07T00:00:00,2026-09-07T04:00:00,short,100,80137.0,79723.0
2026-09-07T04:00:00,2026-09-07T06:00:00,long,100,79723.0,79631.0
2026-09-07T06:00:00,2026-09-07T16:00:00,short,100,79539.0,78941.0
2026-09-07T16:00:00,2026-09-07T20:00:00,long,100,78941.0,79171.0
2026-09-07T20:00:00,2026-09-08T00:00:00,short,100,79171.0,79263.0
2026-09-08T00:00:00,2026-09-08T02:00:00,long,100,79263.0,79309.0
2026-09-08T02:00:00,2026-09-08T08:00:00,short,100,79309.0,78619.0
2026-09-08T08:00:00,2026-09-08T10:00:00,long,100,78619.0,78619.0
2026-09-08T10:00:00,2026-09-08T14:00:00,short,100,78527.0,78113.0
2026-09-08T14:00:00,2026-09-08T16:00:00,long,100,78113.0,78757.0
2026-09-08T16:00:00,2026-09-09T00:00:00,short,100,78757.0,78573.0
2026-09-09T00:00:00,2026-09-09T03:05:33,long,100,78619.0,78655.21
2026-09-09T02:00:00,2026-09-09T04:00:00,short,100,78757.0,78711.0
2026-09-09T04:00:00,2026-09-09T08:00:00,long,100,78757.0,79079.0
2026-09-09T08:00:00,2026-09-09T10:00:00,short,100,79079.0,79033.0
2026-09-09T10:00:00,2026-09-09T12:00:00,long,100,79079.0,79171.0
2026-09-09T12:00:00,2026-09-09T16:00:00,short,100,79171.0,78757.0
2026-09-09T16:00:00,2026-09-09T18:00:00,long,100,78757.0,78619.0
2026-09-09T18:00:00,2026-09-09T22:00:00,short,100,78527.0,78297.0
2026-09-09T22:00:00,2026-09-10T00:00:00,long,100,78297.0,78159.0
2026-09-10T00:00:00,2026-09-10T02:00:00,short,100,78067.0,78205.0
2026-09-10T02:00:00,2026-09-10T06:02:03,long,100,78205.0,78498.48
2026-09-10T06:00:00,2026-09-10T16:00:00,short,100,78297.0,77285.0
2026-09-10T16:00:00,2026-09-10T18:00:00,long,100,77285.0,77193.0
2026-09-10T22:00:00,2026-09-11T00:00:00,short,100,77055.0,76687.0
2026-09-11T00:00:00,2026-09-11T02:00:00,long,100,76687.0,76825.0
2026-09-11T02:00:00,2026-09-11T04:00:00,short,100,76779.0,76963.0
2026-09-11T04:00:00,2026-09-11T08:00:00,long,100,76963.0,77101.0
2026-09-11T08:00:00,2026-09-11T12:00:00,short,100,77101.0,77101.0
2026-09-11T12:00:00,2026-09-11T14:00:00,long,100,77147.0,79125.0
2026-09-11T14:00:00,2026-09-11T22:00:00,short,100,79125.0,77239.0
2026-09-11T22:00:00,2026-09-12T16:00:00,long,100,77239.0,77193.0
2026-09-12T20:00:00,2026-09-13T02:00:00,long,100,77239.0,77147.0
2026-09-13T04:00:00,2026-09-13T06:00:00,long,100,77331.0,77147.0
2026-09-13T06:00:00,2026-09-13T14:00:00,short,100,77147.0,76917.0
2026-09-13T14:00:00,2026-09-13T22:00:00,long,100,76917.0,77147.0
2026-09-13T22:00:00,2026-09-14T00:00:00,short,100,77147.0,76917.0
2026-09-14T00:00:00,2026-09-14T10:00:00,long,100,76917.0,77975.0
2026-09-14T10:00:00,2026-09-14T12:00:00,short,100,77975.0,77883.0
2026-09-14T12:00:00,2026-09-14T20:00:00,long,100,77929.0,78803.0
2026-09-14T20:00:00,2026-09-15T16:00:00,short,100,78803.0,76641.0
2026-09-15T16:00:00,2026-09-15T18:00:00,long,100,76641.0,76825.0
2026-09-15T18:00:00,2026-09-15T22:00:00,short,100,76779.0,75583.0
2026-09-15T22:00:00,2026-09-16T00:00:00,long,100,75583.0,75491.0
2026-09-16T02:00:00,2026-09-16T06:00:00,long,100,75583.0,75752.5
2026-09-16T06:00:00,2026-09-16T08:00:00,short,100,75752.5,75860.5
2026-09-16T08:00:00,2026-09-16T12:00:00,long,100,75906.5,76072.0
2026-09-16T12:00:00,2026-09-16T14:00:00,short,100,76072.0,75751.0
2026-09-16T14:00:00,2026-09-16T20:00:00,long,100,75751.0,75914.0
2026-09-16T20:00:00,2026-09-16T22:00:00,short,100,75914.0,76052.0
2026-09-16T22:00:00,2026-09-17T04:00:00,long,100,76052.0,76259.5
2026-09-17T04:00:00,2026-09-17T06:00:00,short,100,76259.5,
2026-09-17T18:00:00,2026-09-18T00:00:00,short,100,76595.0,76549.0
2026-09-18T00:00:00,2026-09-18T10:00:00,long,100,76641.0,78021.0
2026-09-18T10:00:00,PENDING,short,100,78021.0,
