2024-01-16T08:30:00,2024-01-24T05:30:00,short,100,45545,39151
2024-01-24T05:30:00,2024-01-29T07:30:00,long,100,39151,42049
2024-01-29T07:30:00,2024-01-29T12:00:00,short,100,42049,42187
2024-01-30T15:00:00,2024-01-31T07:30:00,long,100,42463,43245
2024-01-31T07:30:00,2024-01-31T11:30:00,short,100,43245,42647
2024-01-31T11:30:00,2024-02-01T09:30:00,long,100,42647,42555
2024-02-01T09:30:00,2024-02-01T14:00:00,short,100,42509,42325
2024-02-01T14:00:00,2024-02-01T15:30:00,long,100,42325,42739
2024-02-01T15:30:00,2024-02-02T05:30:00,short,100,42693,42647
2024-02-02T05:30:00,2024-02-02T08:00:00,long,100,42693,43061
2024-02-02T08:00:00,2024-02-02T10:30:00,short,100,43061,43153
2024-02-02T13:00:00,2024-02-02T14:30:00,short,100,43061,42831
2024-02-02T15:00:00,2024-02-02T17:30:00,long,100,42877,43107
2024-02-02T17:30:00,2024-02-02T19:30:00,short,100,43061,43061
2024-02-02T19:30:00,2024-02-02T20:30:00,long,100,43107,42969
2024-02-02T20:30:00,2024-02-02T21:00:00,short,100,42969,43061
2024-02-02T21:00:00,2024-02-03T00:30:00,long,100,43061,43199
2024-02-03T00:30:00,2024-02-03T01:00:00,short,100,43199,43337
2024-02-03T01:00:00,2024-02-03T01:30:00,long,100,43337,43199
2024-02-03T01:30:00,2024-02-03T15:00:00,short,100,43199,43153
2024-02-03T17:30:00,2024-02-03T18:30:00,long,100,43199,43061
2024-02-03T18:30:00,2024-02-04T09:00:00,short,100,43061,42923
2024-02-04T09:00:00,2024-02-04T14:30:00,long,100,42923,42923
2024-02-04T14:30:00,2024-02-04T20:30:00,short,100,42877,42739
2024-02-04T20:30:00,2024-02-04T21:30:00,long,100,42739,42785
2024-02-04T22:00:00,2024-02-05T01:30:00,short,100,42693,42555
2024-02-05T01:30:00,2024-02-05T02:00:00,long,100,42555,42417
2024-02-05T02:00:00,2024-02-05T03:00:00,short,100,42417,42555
2024-02-05T03:00:00,2024-02-05T14:30:00,long,100,42555,43291
2024-02-05T14:30:00,2024-02-05T16:30:00,short,100,43291,42693
2024-02-05T16:30:00,2024-02-05T17:00:00,long,100,42693,42647
2024-02-05T19:00:00,2024-02-05T20:00:00,long,100,42785,42693
2024-02-05T20:00:00,2024-02-05T23:00:00,short,100,42647,42555
2024-02-05T23:00:00,2024-02-06T05:00:00,long,100,42555,42785
2024-02-06T06:00:00,2024-02-06T07:00:00,short,100,42739,42877
2024-02-06T07:00:00,2024-02-06T10:00:00,long,100,42877,42923
2024-02-06T10:00:00,2024-02-06T13:00:00,short,100,42923,42923
2024-02-06T13:00:00,2024-02-06T16:30:00,long,100,42969,43199
2024-02-06T16:30:00,2024-02-06T19:30:00,short,100,43199,43291
2024-02-06T19:30:00,2024-02-06T20:00:00,long,100,43337,43199
2024-02-06T20:00:00,2024-02-06T22:30:00,short,100,43199,43245
2024-02-06T23:00:00,2024-02-07T04:30:00,short,100,43107,42969
2024-02-07T05:30:00,2024-02-07T10:30:00,long,100,43015,43015
2024-02-07T10:30:00,2024-02-07T11:00:00,short,100,42969,43015
2024-02-07T11:00:00,2024-02-07T16:00:00,long,100,43015,43015
2024-02-07T16:30:00,2024-02-07T19:00:00,long,100,43153,43521
2024-02-07T19:00:00,2024-02-07T19:30:00,short,100,43521,43613
2024-02-07T20:00:00,2024-02-07T21:30:00,long,100,43705,44165
2024-02-07T21:30:00,2024-02-07T22:00:00,short,100,44165,44303
2024-02-07T22:30:00,2024-02-07T23:30:00,short,100,44211,44303
2024-02-08T00:00:00,2024-02-08T02:00:00,long,100,44441,44533
2024-02-08T02:00:00,2024-02-08T02:30:00,short,100,44533,44671
2024-02-08T03:30:00,2024-02-08T08:00:00,short,100,44533,44625
2024-02-08T08:30:00,2024-02-08T11:30:00,long,100,44717,44671
2024-02-08T11:30:00,2024-02-08T13:30:00,short,100,44671,44809
2024-02-08T13:30:00,2024-02-08T16:00:00,long,100,44855,45269
2024-02-08T16:00:00,2024-02-08T18:00:00,short,100,45269,45223
2024-02-08T19:00:00,2024-02-08T21:30:00,long,100,45361,45315
2024-02-08T21:30:00,2024-02-09T01:30:00,short,100,45315,45453
2024-02-09T01:30:00,2024-02-09T03:00:00,long,100,45499,46143
2024-02-09T03:00:00,2024-02-09T05:30:00,short,100,46143,46143
2024-02-09T05:30:00,2024-02-09T06:00:00,long,100,46281,46143
2024-02-09T06:00:00,2024-02-09T07:00:00,short,100,46143,46281
2024-02-09T07:00:00,2024-02-09T07:30:00,long,100,46327,46235
2024-02-09T07:30:00,2024-02-09T08:00:00,short,100,46235,46373
2024-02-09T08:00:00,2024-02-09T09:30:00,long,100,46419,46511
2024-02-09T09:30:00,2024-02-09T10:30:00,short,100,46511,46649
2024-02-09T10:30:00,2024-02-09T14:00:00,long,100,46695,47293
2024-02-09T14:00:00,2024-02-09T14:30:00,short,100,47293,47063
2024-02-09T15:00:00,2024-02-09T18:30:00,long,100,47155,47937
2024-02-09T18:30:00,2024-02-09T21:30:00,short,100,47937,47523
2024-02-09T22:00:00,2024-02-10T01:00:00,short,100,47385,47247
2024-02-10T01:00:00,2024-02-10T04:00:00,long,100,47247,47339
2024-02-10T07:30:00,2024-02-10T09:00:00,short,100,47247,47247
2024-02-10T09:00:00,2024-02-10T09:30:00,long,100,47247,47109
2024-02-10T09:30:00,2024-02-10T11:00:00,short,100,47109,47063
2024-02-10T11:00:00,2024-02-10T17:00:00,long,100,47063,47201
2024-02-10T17:00:00,2024-02-10T18:00:00,short,100,47155,47293
2024-02-10T18:00:00,2024-02-10T21:30:00,long,100,47293,47937
2024-02-10T21:30:00,2024-02-10T22:30:00,short,100,47937,47845
2024-02-11T00:00:00,2024-02-11T02:30:00,short,100,47707,47799
2024-02-11T03:00:00,2024-02-11T04:00:00,long,100,47845,48397
2024-02-11T04:00:00,2024-02-11T11:00:00,short,100,48397,48305
2024-02-11T11:00:00,2024-02-11T12:30:00,long,100,48397,48305
2024-02-11T12:30:00,2024-02-11T14:30:00,short,100,48305,48259
2024-02-11T15:00:00,2024-02-11T15:30:00,short,100,48121,48167
2024-02-11T15:30:00,2024-02-11T18:00:00,long,100,48167,48167
2024-02-11T18:00:00,2024-02-11T18:30:00,short,100,48121,48213
2024-02-11T18:30:00,2024-02-11T20:30:00,long,100,48213,48213
2024-02-11T20:30:00,2024-02-11T21:30:00,short,100,48167,48167
2024-02-11T23:30:00,2024-02-12T01:00:00,long,100,48213,48535
2024-02-12T01:00:00,2024-02-12T07:00:00,short,100,48535,48259
2024-02-12T07:00:00,2024-02-12T07:30:00,long,100,48305,48259
2024-02-12T07:30:00,2024-02-12T08:00:00,short,100,48213,48305
2024-02-12T08:00:00,2024-02-12T08:30:00,long,100,48305,48167
2024-02-12T08:30:00,2024-02-12T10:00:00,short,100,48167,48029
2024-02-12T10:00:00,2024-02-12T10:30:00,long,100,48029,47891
2024-02-12T10:30:00,2024-02-12T12:30:00,short,100,47891,47983
2024-02-12T12:30:00,2024-02-12T13:00:00,long,100,47983,47937
2024-02-12T13:00:00,2024-02-12T14:00:00,short,100,47891,48029
2024-02-12T14:00:00,2024-02-12T16:00:00,long,100,48029,49823
2024-02-12T16:00:00,2024-02-12T17:00:00,short,100,49823,49777
2024-02-12T17:00:00,2024-02-12T17:30:00,long,100,49961,49961
2024-02-12T17:30:00,2024-02-12T18:00:00,short,100,49961,50007
2024-02-12T18:30:00,2024-02-12T19:00:00,short,100,49869,49869
2024-02-12T19:00:00,2024-02-12T19:30:00,long,100,49915,49777
2024-02-12T19:30:00,2024-02-12T20:00:00,short,100,49777,49685
2024-02-12T20:00:00,2024-02-12T21:30:00,long,100,49731,50007
2024-02-12T21:30:00,2024-02-12T22:00:00,short,100,49961,49961
2024-02-12T22:00:00,2024-02-12T23:00:00,long,100,50007,49961
2024-02-12T23:00:00,2024-02-13T00:00:00,short,100,49961,50007
2024-02-13T00:00:00,2024-02-13T01:00:00,long,100,50053,50053
2024-02-13T01:00:00,2024-02-13T01:30:00,short,100,50053,50191
2024-02-13T01:30:00,2024-02-13T02:30:00,long,100,50191,50053
2024-02-13T02:30:00,2024-02-13T05:00:00,short,100,50053,49961
2024-02-13T05:30:00,2024-02-13T10:30:00,long,100,50007,50053
2024-02-13T10:30:00,2024-02-13T11:30:00,short,100,50007,49961
2024-02-13T11:30:00,2024-02-13T12:00:00,long,100,50007,49869
2024-02-13T12:00:00,2024-02-13T15:00:00,short,100,49869,48903
2024-02-13T15:00:00,2024-02-13T15:30:00,long,100,48903,48857
2024-02-13T16:00:00,2024-02-13T16:30:00,long,100,48857,48719
2024-02-13T16:30:00,2024-02-13T17:00:00,short,100,48627,48581
2024-02-13T17:00:00,2024-02-13T19:30:00,long,100,48581,49041
2024-02-13T19:30:00,2024-02-13T20:00:00,short,100,48995,49133
2024-02-13T20:00:00,2024-02-13T21:30:00,long,100,49179,49547
2024-02-13T21:30:00,2024-02-13T23:30:00,short,100,49547,49639
2024-02-14T00:00:00,2024-02-14T03:00:00,short,100,49593,49593
2024-02-14T04:00:00,2024-02-14T05:00:00,short,100,49455,49501
2024-02-14T05:00:00,2024-02-14T10:00:00,long,100,49547,51387
2024-02-14T10:00:00,2024-02-14T11:30:00,short,100,51387,51479
2024-02-14T12:00:00,2024-02-14T12:30:00,long,100,51709,51571
2024-02-14T12:30:00,2024-02-14T13:00:00,short,100,51571,51709
2024-02-14T14:00:00,2024-02-14T14:30:00,short,100,51663,51801
2024-02-14T14:30:00,2024-02-14T15:00:00,long,100,51893,51847
2024-02-14T15:00:00,2024-02-14T17:00:00,short,100,51847,51709
2024-02-14T18:00:00,2024-02-14T19:30:00,short,100,51571,51571
2024-02-14T19:30:00,2024-02-14T21:00:00,long,100,51617,51617
2024-02-14T21:00:00,2024-02-14T21:30:00,short,100,51571,51617
2024-02-14T21:30:00,2024-02-15T01:00:00,long,100,51617,52169
2024-02-15T01:00:00,2024-02-15T02:00:00,short,100,52169,52077
2024-02-15T03:00:00,2024-02-15T04:30:00,long,100,52169,52215
2024-02-15T04:30:00,2024-02-15T07:00:00,short,100,52215,52077
2024-02-15T07:30:00,2024-02-15T08:00:00,short,100,51939,51893
2024-02-15T08:00:00,2024-02-15T13:00:00,long,100,51893,52169
2024-02-15T13:00:00,2024-02-15T13:30:00,short,100,52123,52261
2024-02-15T13:30:00,2024-02-15T15:00:00,long,100,52261,52491
2024-02-15T15:00:00,2024-02-15T16:00:00,short,100,52491,52123
2024-02-15T16:00:00,2024-02-15T17:30:00,long,100,52169,52169
2024-02-15T17:30:00,2024-02-15T18:00:00,short,100,52123,51985
2024-02-15T18:00:00,2024-02-15T19:00:00,long,100,51985,51893
2024-02-15T19:00:00,2024-02-15T19:30:00,short,100,51847,51985
2024-02-15T19:30:00,2024-02-15T20:00:00,long,100,51985,51939
2024-02-15T20:00:00,2024-02-15T22:00:00,short,100,51893,51525
2024-02-15T22:00:00,2024-02-16T04:30:00,long,100,51525,52123
2024-02-16T04:30:00,2024-02-16T10:00:00,short,100,52123,51939
2024-02-16T10:30:00,2024-02-16T14:00:00,long,100,52031,52307
2024-02-16T14:00:00,2024-02-16T16:00:00,short,100,52307,51985
2024-02-16T16:00:00,2024-02-16T16:30:00,long,100,52031,52031
2024-02-16T17:00:00,2024-02-16T21:00:00,short,100,51985,51893
2024-02-16T21:00:00,2024-02-17T00:30:00,long,100,51893,51985
2024-02-17T03:00:00,2024-02-17T10:30:00,short,100,51939,51755
2024-02-17T10:30:00,2024-02-17T12:00:00,long,100,51755,51617
2024-02-17T12:00:00,2024-02-17T12:30:00,short,100,51617,51755
2024-02-17T12:30:00,2024-02-17T13:00:00,long,100,51755,51617
2024-02-17T13:00:00,2024-02-17T15:00:00,short,100,51571,51019
2024-02-17T15:00:00,2024-02-17T16:00:00,long,100,51019,50881
2024-02-17T16:30:00,2024-02-17T22:30:00,long,100,50927,51709
2024-02-17T22:30:00,2024-02-18T03:30:00,short,100,51709,51433
2024-02-18T03:30:00,2024-02-18T06:30:00,long,100,51479,51525
2024-02-18T06:30:00,2024-02-18T07:00:00,short,100,51479,51617
2024-02-18T07:00:00,2024-02-18T11:00:00,long,100,51617,51801
2024-02-18T11:00:00,2024-02-18T12:00:00,short,100,51801,51893
2024-02-18T12:30:00,2024-02-18T13:00:00,short,100,51755,51663
2024-02-18T14:30:00,2024-02-18T16:00:00,long,100,51709,51709
2024-02-18T16:30:00,2024-02-18T18:00:00,long,100,51847,51755
2024-02-18T18:00:00,2024-02-18T18:30:00,short,100,51755,51847
2024-02-18T18:30:00,2024-02-18T20:00:00,long,100,51847,51709
2024-02-18T20:00:00,2024-02-18T20:30:00,short,100,51709,51801
2024-02-18T20:30:00,2024-02-18T23:30:00,long,100,51801,52123
2024-02-18T23:30:00,2024-02-19T00:00:00,short,100,52123,52261
2024-02-19T00:00:00,2024-02-19T01:00:00,long,100,52261,52123
2024-02-19T01:00:00,2024-02-19T02:00:00,short,100,52123,52169
2024-02-19T03:00:00,2024-02-19T04:00:00,short,100,52031,52169
2024-02-19T04:00:00,2024-02-19T04:30:00,long,100,52215,52077
2024-02-19T04:30:00,2024-02-19T06:00:00,short,100,52077,52215
2024-02-19T06:00:00,2024-02-19T08:00:00,long,100,52215,52307
2024-02-19T08:00:00,2024-02-19T09:00:00,short,100,52307,52261
2024-02-19T09:00:00,2024-02-19T10:00:00,long,100,52307,52215
2024-02-19T10:00:00,2024-02-19T10:30:00,short,100,52215,52353
2024-02-19T10:30:00,2024-02-19T18:30:00,long,100,52353,52261
2024-02-19T18:30:00,2024-02-20T14:00:00,short,100,52261,52077
2024-02-20T14:00:00,2024-02-20T19:00:00,long,100,52123,52169
2024-02-20T19:00:00,2024-02-21T04:30:00,short,100,52123,51571
2024-02-21T04:30:00,2024-02-21T06:30:00,long,100,51571,51847
2024-02-21T06:30:00,2024-02-21T10:00:00,short,100,51801,51249
2024-02-21T10:00:00,2024-02-21T11:00:00,long,100,51249,51157
2024-02-21T11:00:00,2024-02-21T12:00:00,short,100,51065,51157
2024-02-21T12:00:00,2024-02-21T13:00:00,long,100,51157,51157
2024-02-21T13:00:00,2024-02-21T13:30:00,short,100,51065,51203
2024-02-21T13:30:00,2024-02-21T14:00:00,long,100,51203,51065
2024-02-21T14:00:00,2024-02-21T15:00:00,short,100,51065,51065
2024-02-21T15:00:00,2024-02-21T15:30:00,long,100,51065,51157
2024-02-21T16:30:00,2024-02-21T17:00:00,long,100,51295,51249
2024-02-21T17:00:00,2024-02-21T19:30:00,short,100,51249,51019
2024-02-21T19:30:00,2024-02-21T20:30:00,long,100,51065,50973
2024-02-21T20:30:00,2024-02-21T21:00:00,short,100,50927,51065
2024-02-21T21:00:00,2024-02-22T00:00:00,long,100,51065,51709
2024-02-22T00:00:00,2024-02-22T02:00:00,short,100,51709,51387
2024-02-22T02:00:00,2024-02-22T04:30:00,long,100,51433,51433
2024-02-22T05:00:00,2024-02-22T05:30:00,long,100,51571,51525
2024-02-22T05:30:00,2024-02-22T06:00:00,short,100,51525,51663
2024-02-22T06:00:00,2024-02-22T09:00:00,long,100,51663,51755
2024-02-22T09:00:00,2024-02-22T09:30:00,short,100,51755,51847
2024-02-22T09:30:00,2024-02-22T10:30:00,long,100,51893,51847
2024-02-22T10:30:00,2024-02-22T14:30:00,short,100,51847,51249
2024-02-22T14:30:00,2024-02-22T16:00:00,long,100,51249,51433
2024-02-22T17:00:00,2024-02-22T18:00:00,long,100,51571,51571
2024-02-22T18:30:00,2024-02-22T19:00:00,long,100,51709,51617
2024-02-22T19:00:00,2024-02-22T20:00:00,short,100,51617,51709
2024-02-22T20:00:00,2024-02-22T21:00:00,long,100,51755,51801
2024-02-22T21:00:00,2024-02-22T22:30:00,short,100,51801,51387
2024-02-22T22:30:00,2024-02-22T23:00:00,long,100,51387,51341
2024-02-23T00:30:00,2024-02-23T01:30:00,long,100,51479,51341
2024-02-23T01:30:00,2024-02-23T04:00:00,short,100,51295,51203
2024-02-23T04:00:00,2024-02-23T07:00:00,long,100,51203,51157
2024-02-23T07:00:00,2024-02-23T08:00:00,short,100,51111,51065
2024-02-23T08:00:00,2024-02-23T08:30:00,long,100,51065,50927
2024-02-23T08:30:00,2024-02-23T09:30:00,short,100,50927,51065
2024-02-23T09:30:00,2024-02-23T12:00:00,long,100,51065,51065
2024-02-23T12:00:00,2024-02-23T13:30:00,short,100,51019,51065
2024-02-23T13:30:00,2024-02-23T15:00:00,long,100,51065,51019
2024-02-23T15:00:00,2024-02-23T16:30:00,short,100,50973,51019
2024-02-23T16:30:00,2024-02-23T20:00:00,long,100,51019,51019
2024-02-23T20:00:00,2024-02-23T20:30:00,short,100,50973,51111
2024-02-23T20:30:00,2024-02-23T21:30:00,long,100,51111,50973
2024-02-23T21:30:00,2024-02-24T00:30:00,short,100,50973,50927
2024-02-24T01:00:00,2024-02-24T02:00:00,short,100,50789,50789
2024-02-24T02:00:00,2024-02-24T18:30:00,long,100,50789,51479
2024-02-24T18:30:00,2024-02-24T19:00:00,short,100,51479,51571
2024-02-25T00:00:00,2024-02-25T01:30:00,short,100,51525,51617
2024-02-25T01:30:00,2024-02-25T02:30:00,long,100,51709,51663
2024-02-25T02:30:00,2024-02-25T05:30:00,short,100,51663,51709
2024-02-25T08:30:00,2024-02-25T14:30:00,short,100,51617,51755
2024-02-25T15:30:00,2024-02-25T17:30:00,short,100,51617,51571
2024-02-25T17:30:00,2024-02-25T20:30:00,long,100,51617,51755
2024-02-25T21:00:00,2024-02-25T22:00:00,short,100,51709,51847
2024-02-25T22:00:00,2024-02-25T22:30:00,long,100,51847,51709
2024-02-25T22:30:00,2024-02-26T05:30:00,short,100,51709,51617
2024-02-26T07:00:00,2024-02-26T10:00:00,short,100,51479,51111
2024-02-26T10:00:00,2024-02-26T11:30:00,long,100,51111,51111
2024-02-26T12:30:00,2024-02-26T13:30:00,long,100,51203,51249
2024-02-26T13:30:00,2024-02-26T14:00:00,short,100,51203,51341
2024-02-26T14:00:00,2024-02-26T17:00:00,long,100,51341,53273
2024-02-26T17:00:00,2024-02-26T17:30:00,short,100,53273,53411
2024-02-26T19:00:00,2024-02-26T20:00:00,long,100,53641,54377
2024-02-26T20:00:00,2024-02-26T20:30:00,short,100,54377,54469
2024-02-26T23:30:00,2024-02-27T00:00:00,short,100,54515,54607
2024-02-27T01:00:00,2024-02-27T03:30:00,long,100,54745,56447
2024-02-27T03:30:00,2024-02-27T04:00:00,short,100,56447,55803
2024-02-27T04:00:00,2024-02-27T04:30:00,long,100,55803,55941
2024-02-27T04:30:00,2024-02-27T05:00:00,short,100,55849,55895
2024-02-27T05:00:00,2024-02-27T07:00:00,long,100,55895,56217
2024-02-27T07:00:00,2024-02-27T07:30:00,short,100,56217,56125
2024-02-27T08:00:00,2024-02-27T08:30:00,long,100,56217,56263
2024-02-27T08:30:00,2024-02-27T09:00:00,short,100,56263,56401
2024-02-27T09:00:00,2024-02-27T12:30:00,long,100,56401,56769
2024-02-27T12:30:00,2024-02-27T13:30:00,short,100,56769,56907
2024-02-27T13:30:00,2024-02-27T14:00:00,long,100,56999,56999
2024-02-27T14:00:00,2024-02-27T14:30:00,short,100,56999,56953
2024-02-27T14:30:00,2024-02-27T15:30:00,long,100,57045,57045
2024-02-27T15:30:00,2024-02-27T16:00:00,short,100,57045,56861
2024-02-27T16:00:00,2024-02-27T17:30:00,long,100,56907,56953
2024-02-27T17:30:00,2024-02-27T18:00:00,short,100,56907,56907
2024-02-27T18:00:00,2024-02-27T20:00:00,long,100,56953,57183
2024-02-27T20:00:00,2024-02-27T22:00:00,short,100,57183,56861
2024-02-27T22:00:00,2024-02-28T01:30:00,long,100,56907,56907
2024-02-28T01:30:00,2024-02-28T02:00:00,short,100,56861,56907
2024-02-28T02:00:00,2024-02-28T09:00:00,long,100,56907,59299
2024-02-28T09:00:00,2024-02-28T09:30:00,short,100,59299,59161
2024-02-28T09:30:00,2024-02-28T10:00:00,long,100,59299,59207
2024-02-28T10:00:00,2024-02-28T10:30:00,short,100,59207,59299
2024-02-28T11:00:00,2024-02-28T11:30:00,long,100,59345,59253
2024-02-28T11:30:00,2024-02-28T12:00:00,short,100,59253,59115
2024-02-28T12:00:00,2024-02-28T14:00:00,long,100,59161,60403
2024-02-28T14:00:00,2024-02-28T14:30:00,short,100,60403,60311
2024-02-28T14:30:00,2024-02-28T15:30:00,long,100,60449,61047
2024-02-28T15:30:00,2024-02-28T16:00:00,short,100,61047,61139
2024-02-28T16:00:00,2024-02-28T17:00:00,long,100,61323,62381
2024-02-28T17:00:00,2024-02-28T18:30:00,short,100,62381,60403
2024-02-28T18:30:00,2024-02-28T19:30:00,long,100,60403,61277
2024-02-28T19:30:00,2024-02-28T20:30:00,short,100,61277,60127
2024-02-28T20:30:00,2024-02-29T00:00:00,long,100,60127,62335
2024-02-29T00:00:00,2024-02-29T01:30:00,short,100,62335,61369
2024-02-29T01:30:00,2024-02-29T02:00:00,long,100,61369,61323
2024-02-29T02:30:00,2024-02-29T03:00:00,long,100,61415,61691
2024-02-29T03:00:00,2024-02-29T03:30:00,short,100,61645,61507
2024-02-29T03:30:00,2024-02-29T05:00:00,long,100,61553,62381
2024-02-29T05:00:00,2024-02-29T05:30:00,short,100,62381,62289
2024-02-29T05:30:00,2024-02-29T07:00:00,long,100,62427,62979
2024-02-29T07:00:00,2024-02-29T08:30:00,short,100,62979,62657
2024-02-29T08:30:00,2024-02-29T09:00:00,long,100,62703,62703
2024-02-29T09:00:00,2024-02-29T09:30:00,short,100,62657,62611
2024-02-29T09:30:00,2024-02-29T10:00:00,long,100,62611,62611
2024-02-29T10:00:00,2024-02-29T10:30:00,short,100,62565,62565
2024-02-29T10:30:00,2024-02-29T12:00:00,long,100,62565,62887
2024-02-29T12:00:00,2024-02-29T13:30:00,short,100,62887,62381
2024-02-29T13:30:00,2024-02-29T14:30:00,long,100,62381,63117
2024-02-29T14:30:00,2024-02-29T15:00:00,short,100,63117,63071
2024-02-29T15:00:00,2024-02-29T15:30:00,long,100,63163,63117
2024-02-29T15:30:00,2024-02-29T19:00:00,short,100,63117,61001
2024-02-29T19:00:00,2024-02-29T21:00:00,long,100,61001,62013
2024-02-29T21:00:00,2024-02-29T21:30:00,short,100,62013,61093
2024-02-29T21:30:00,2024-02-29T22:00:00,long,100,61093,61277
2024-02-29T22:00:00,2024-02-29T22:30:00,short,100,61185,61185
2024-02-29T22:30:00,2024-02-29T23:30:00,long,100,61185,61369
2024-02-29T23:30:00,2024-03-01T00:00:00,short,100,61323,61323
2024-03-01T00:00:00,2024-03-01T00:30:00,long,100,61369,61691
2024-03-01T00:30:00,2024-03-01T03:30:00,short,100,61691,61001
2024-03-01T03:30:00,2024-03-01T05:30:00,long,100,61001,61415
2024-03-01T05:30:00,2024-03-01T06:00:00,short,100,61369,61461
2024-03-01T06:00:00,2024-03-01T06:30:00,long,100,61507,61553
2024-03-01T06:30:00,2024-03-01T08:00:00,short,100,61553,61645
2024-03-01T08:00:00,2024-03-01T10:30:00,long,100,61691,62013
2024-03-01T10:30:00,2024-03-01T12:00:00,short,100,62013,62059
2024-03-01T12:00:00,2024-03-01T14:00:00,long,100,62151,62381
2024-03-01T14:00:00,2024-03-01T16:00:00,short,100,62381,61461
2024-03-01T16:00:00,2024-03-01T16:30:00,long,100,61461,61461
2024-03-01T17:00:00,2024-03-01T19:00:00,long,100,61599,62197
2024-03-01T19:00:00,2024-03-01T19:30:00,short,100,62197,62197
2024-03-01T20:00:00,2024-03-01T21:00:00,long,100,62335,62841
2024-03-01T21:00:00,2024-03-01T23:00:00,short,100,62841,62565
2024-03-01T23:30:00,2024-03-02T03:30:00,short,100,62473,62243
2024-03-02T03:30:00,2024-03-02T04:00:00,long,100,62243,62243
2024-03-02T04:00:00,2024-03-02T06:00:00,short,100,62151,62151
2024-03-02T06:00:00,2024-03-02T06:30:00,long,100,62151,62151
2024-03-02T06:30:00,2024-03-02T10:00:00,short,100,62105,62013
2024-03-02T10:00:00,2024-03-02T11:30:00,long,100,62013,61875
2024-03-02T11:30:00,2024-03-02T12:00:00,short,100,61875,62013
2024-03-02T12:00:00,2024-03-02T13:00:00,long,100,62013,61967
2024-03-02T13:00:00,2024-03-02T15:00:00,short,100,61921,61921
2024-03-02T15:00:00,2024-03-02T15:30:00,long,100,61921,61875
2024-03-02T15:30:00,2024-03-02T16:30:00,short,100,61829,61921
2024-03-02T16:30:00,2024-03-02T17:30:00,long,100,61921,61783
2024-03-02T17:30:00,2024-03-02T18:00:00,short,100,61783,61921
2024-03-02T18:00:00,2024-03-02T20:00:00,long,100,61921,61967
2024-03-02T20:00:00,2024-03-02T23:00:00,short,100,61921,61875
2024-03-02T23:00:00,2024-03-03T00:00:00,long,100,61921,61921
2024-03-03T00:00:00,2024-03-03T02:30:00,short,100,61875,61875
2024-03-03T03:00:00,2024-03-03T05:00:00,long,100,61921,61967
2024-03-03T05:00:00,2024-03-03T06:00:00,short,100,61921,62059
2024-03-03T06:00:00,2024-03-03T06:30:00,long,100,62059,61921
2024-03-03T06:30:00,2024-03-03T09:00:00,short,100,61921,61691
2024-03-03T09:00:00,2024-03-03T09:30:00,long,100,61737,61737
2024-03-03T11:30:00,2024-03-03T12:30:00,long,100,61875,62519
2024-03-03T12:30:00,2024-03-03T13:30:00,short,100,62519,62289
2024-03-03T13:30:00,2024-03-03T14:30:00,long,100,62381,62289
2024-03-03T14:30:00,2024-03-03T16:00:00,short,100,62289,62289
2024-03-03T16:00:00,2024-03-03T17:30:00,long,100,62335,62703
2024-03-03T17:30:00,2024-03-03T18:00:00,short,100,62703,62749
2024-03-03T18:30:00,2024-03-03T21:00:00,long,100,62841,62703
2024-03-03T21:00:00,2024-03-03T21:30:00,short,100,62703,62841
2024-03-03T21:30:00,2024-03-03T22:30:00,long,100,62887,63071
2024-03-03T22:30:00,2024-03-03T23:00:00,short,100,63071,62979
2024-03-03T23:30:00,2024-03-04T00:30:00,long,100,63071,63669
2024-03-04T00:30:00,2024-03-04T01:00:00,short,100,63669,63577
2024-03-04T01:00:00,2024-03-04T01:30:00,long,100,63715,63761
2024-03-04T01:30:00,2024-03-04T02:00:00,short,100,63761,63669
2024-03-04T03:00:00,2024-03-04T03:30:00,long,100,63761,63623
2024-03-04T03:30:00,2024-03-04T04:00:00,short,100,63623,63623
2024-03-04T04:00:00,2024-03-04T05:00:00,long,100,63669,63531
2024-03-04T05:00:00,2024-03-04T06:00:00,short,100,63531,63577
2024-03-04T06:00:00,2024-03-04T10:00:00,long,100,63577,65187
2024-03-04T10:00:00,2024-03-04T11:30:00,short,100,65187,65049
2024-03-04T11:30:00,2024-03-04T12:00:00,long,100,65187,65141
2024-03-04T12:00:00,2024-03-04T12:30:00,short,100,65141,65187
2024-03-04T13:00:00,2024-03-04T13:30:00,long,100,65233,65095
2024-03-04T13:30:00,2024-03-04T14:00:00,short,100,65095,65233
2024-03-04T14:00:00,2024-03-04T17:30:00,long,100,65233,67257
2024-03-04T17:30:00,2024-03-04T18:30:00,short,100,67257,66429
2024-03-04T18:30:00,2024-03-04T21:00:00,long,100,66429,67487
2024-03-04T21:00:00,2024-03-04T21:30:00,short,100,67487,67119
2024-03-04T21:30:00,2024-03-05T00:00:00,long,100,67165,68177
2024-03-05T00:00:00,2024-03-05T00:30:00,short,100,68177,68223
2024-03-05T01:00:00,2024-03-05T02:00:00,long,100,68407,68453
2024-03-05T02:00:00,2024-03-05T03:30:00,short,100,68453,68223
2024-03-05T04:00:00,2024-03-05T06:00:00,short,100,68085,67119
2024-03-05T06:00:00,2024-03-05T07:00:00,long,100,67119,67303
2024-03-05T07:00:00,2024-03-05T08:00:00,short,100,67211,66429
2024-03-05T08:00:00,2024-03-05T09:00:00,long,100,66429,66797
2024-03-05T09:30:00,2024-03-05T10:00:00,short,100,66751,66659
2024-03-05T10:00:00,2024-03-05T10:30:00,long,100,66705,66889
2024-03-05T10:30:00,2024-03-05T12:00:00,short,100,66843,66889
2024-03-05T12:00:00,2024-03-05T14:00:00,long,100,66935,67671
2024-03-05T14:00:00,2024-03-05T14:30:00,short,100,67671,67763
2024-03-05T14:30:00,2024-03-05T15:00:00,long,100,67947,68545
2024-03-05T15:00:00,2024-03-05T17:30:00,short,100,68545,64635
2024-03-05T17:30:00,2024-03-05T18:00:00,long,100,64635,65509
2024-03-05T18:00:00,2024-03-05T20:00:00,short,100,65509,61691
2024-03-05T20:00:00,2024-03-05T20:30:00,long,100,61691,62657
2024-03-05T20:30:00,2024-03-05T21:00:00,short,100,62657,62059
2024-03-05T21:00:00,2024-03-05T21:30:00,long,100,62059,63715
2024-03-05T21:30:00,2024-03-05T22:30:00,short,100,63715,63255
2024-03-05T22:30:00,2024-03-06T00:30:00,long,100,63301,63853
2024-03-06T00:30:00,2024-03-06T03:00:00,short,100,63853,62979
2024-03-06T03:00:00,2024-03-06T06:00:00,long,100,62979,66245
2024-03-06T06:00:00,2024-03-06T07:00:00,short,100,66245,65923
2024-03-06T07:00:00,2024-03-06T08:30:00,long,100,66015,67211
2024-03-06T08:30:00,2024-03-06T09:00:00,short,100,67211,67073
2024-03-06T09:30:00,2024-03-06T10:00:00,short,100,66935,66291
2024-03-06T10:00:00,2024-03-06T12:00:00,long,100,66291,67119
2024-03-06T12:00:00,2024-03-06T13:00:00,short,100,67119,66107
2024-03-06T13:00:00,2024-03-06T14:30:00,long,100,66107,66613
2024-03-06T14:30:00,2024-03-06T15:00:00,short,100,66567,66153
2024-03-06T15:00:00,2024-03-06T17:00:00,long,100,66153,66981
2024-03-06T17:00:00,2024-03-06T17:30:00,short,100,66981,66981
2024-03-06T17:30:00,2024-03-06T18:00:00,long,100,67119,67257
2024-03-06T18:00:00,2024-03-06T20:00:00,short,100,67257,66981
2024-03-06T20:00:00,2024-03-06T20:30:00,long,100,67027,66889
2024-03-06T20:30:00,2024-03-07T00:30:00,short,100,66889,65969
2024-03-07T00:30:00,2024-03-07T01:00:00,long,100,65969,66153
2024-03-07T01:30:00,2024-03-07T02:00:00,long,100,66291,66337
2024-03-07T02:00:00,2024-03-07T02:30:00,short,100,66291,66107
2024-03-07T02:30:00,2024-03-07T03:30:00,long,100,66153,66153
2024-03-07T03:30:00,2024-03-07T04:00:00,short,100,66107,66015
2024-03-07T04:00:00,2024-03-07T04:30:00,long,100,66015,66061
2024-03-07T04:30:00,2024-03-07T05:00:00,short,100,66015,66015
2024-03-07T05:00:00,2024-03-07T05:30:00,long,100,66015,65969
2024-03-07T05:30:00,2024-03-07T06:00:00,short,100,65923,65969
2024-03-07T06:00:00,2024-03-07T06:30:00,long,100,65969,66015
2024-03-07T06:30:00,2024-03-07T07:00:00,short,100,65969,66015
2024-03-07T07:00:00,2024-03-07T08:30:00,long,100,66015,66705
2024-03-07T08:30:00,2024-03-07T10:00:00,short,100,66705,66843
2024-03-07T10:00:00,2024-03-07T11:00:00,long,100,66981,66843
2024-03-07T11:00:00,2024-03-07T11:30:00,short,100,66843,66889
2024-03-07T12:00:00,2024-03-07T13:00:00,short,100,66843,66935
2024-03-07T14:00:00,2024-03-07T14:30:00,long,100,66981,67165
2024-03-07T14:30:00,2024-03-07T15:30:00,short,100,67165,67073
2024-03-07T15:30:00,2024-03-07T17:30:00,long,100,67165,67717
2024-03-07T17:30:00,2024-03-07T19:30:00,short,100,67717,67533
2024-03-07T20:00:00,2024-03-07T20:30:00,long,100,67625,67671
2024-03-07T20:30:00,2024-03-07T22:00:00,short,100,67671,67395
2024-03-07T22:00:00,2024-03-07T22:30:00,long,100,67441,67303
2024-03-07T22:30:00,2024-03-08T00:30:00,short,100,67303,67027
2024-03-08T00:30:00,2024-03-08T01:00:00,long,100,67027,66981
2024-03-08T02:30:00,2024-03-08T04:30:00,long,100,67119,67073
2024-03-08T05:00:00,2024-03-08T06:30:00,short,100,66981,67073
2024-03-08T06:30:00,2024-03-08T07:00:00,long,100,67073,67533
2024-03-08T07:00:00,2024-03-08T08:30:00,short,100,67533,67257
2024-03-08T08:30:00,2024-03-08T09:30:00,long,100,67303,67165
2024-03-08T09:30:00,2024-03-08T10:00:00,short,100,67165,67257
2024-03-08T10:00:00,2024-03-08T12:00:00,long,100,67257,67625
2024-03-08T12:00:00,2024-03-08T13:30:00,short,100,67625,67625
2024-03-08T13:30:00,2024-03-08T15:30:00,long,100,67717,69603
2024-03-08T15:30:00,2024-03-08T16:30:00,short,100,69603,66981
2024-03-08T16:30:00,2024-03-08T21:00:00,long,100,66981,68913
2024-03-08T21:00:00,2024-03-09T02:00:00,short,100,68913,68085
2024-03-09T02:00:00,2024-03-09T08:30:00,long,100,68085,68361
2024-03-09T08:30:00,2024-03-09T10:30:00,short,100,68315,68223
2024-03-09T11:00:00,2024-03-09T14:00:00,long,100,68269,68315
2024-03-09T14:30:00,2024-03-09T15:00:00,short,100,68269,68315
2024-03-09T16:00:00,2024-03-09T18:00:00,short,100,68177,68269
2024-03-09T18:00:00,2024-03-09T21:00:00,long,100,68269,68223
2024-03-09T21:00:00,2024-03-09T21:30:00,short,100,68223,68361
2024-03-09T21:30:00,2024-03-10T01:30:00,long,100,68361,68959
2024-03-10T01:30:00,2024-03-10T02:00:00,short,100,68959,69097
2024-03-10T02:30:00,2024-03-10T03:00:00,short,100,69005,69005
2024-03-10T03:30:00,2024-03-10T06:00:00,long,100,69097,69327
2024-03-10T06:00:00,2024-03-10T06:30:00,short,100,69327,69373
2024-03-10T08:00:00,2024-03-10T09:00:00,long,100,69465,69465
2024-03-10T09:00:00,2024-03-10T09:30:00,short,100,69465,69465
2024-03-10T09:30:00,2024-03-10T11:00:00,long,100,69557,69741
2024-03-10T11:00:00,2024-03-10T12:00:00,short,100,69741,69741
2024-03-10T13:00:00,2024-03-10T16:00:00,short,100,69649,69373
2024-03-10T16:00:00,2024-03-10T16:30:00,long,100,69419,69511
2024-03-10T16:30:00,2024-03-10T19:30:00,short,100,69465,69419
2024-03-10T19:30:00,2024-03-10T20:00:00,long,100,69465,69327
2024-03-10T20:00:00,2024-03-10T23:00:00,short,100,69327,68545
2024-03-10T23:00:00,2024-03-11T00:00:00,long,100,68545,68775
2024-03-11T00:00:00,2024-03-11T01:30:00,short,100,68683,68177
2024-03-11T01:30:00,2024-03-11T02:30:00,long,100,68177,68315
2024-03-11T03:00:00,2024-03-11T04:30:00,long,100,68453,68545
2024-03-11T05:00:00,2024-03-11T08:30:00,long,100,68683,71535
2024-03-11T08:30:00,2024-03-11T09:00:00,short,100,71535,71443
2024-03-11T09:00:00,2024-03-11T10:30:00,long,100,71581,71719
2024-03-11T10:30:00,2024-03-11T11:00:00,short,100,71719,71719
2024-03-11T11:30:00,2024-03-11T12:00:00,short,100,71581,71719
2024-03-11T12:00:00,2024-03-11T13:30:00,long,100,71765,72133
2024-03-11T13:30:00,2024-03-11T14:00:00,short,100,72133,71627
2024-03-11T14:00:00,2024-03-11T14:30:00,long,100,71627,72133
2024-03-11T14:30:00,2024-03-11T15:00:00,short,100,72133,72271
2024-03-11T15:00:00,2024-03-11T15:30:00,long,100,72271,72271
2024-03-11T15:30:00,2024-03-11T16:00:00,short,100,72271,72133
2024-03-11T16:00:00,2024-03-11T17:00:00,long,100,72225,72409
2024-03-11T17:00:00,2024-03-11T17:30:00,short,100,72409,72501
2024-03-11T18:00:00,2024-03-11T19:00:00,long,100,72547,72409
2024-03-11T19:00:00,2024-03-11T20:00:00,short,100,72409,72133
2024-03-11T20:00:00,2024-03-11T20:30:00,long,100,72179,72133
2024-03-11T21:00:00,2024-03-11T22:30:00,long,100,72271,72547
2024-03-11T22:30:00,2024-03-12T01:00:00,short,100,72547,72225
2024-03-12T01:00:00,2024-03-12T02:30:00,long,100,72271,72317
2024-03-12T02:30:00,2024-03-12T04:00:00,short,100,72271,71811
2024-03-12T04:00:00,2024-03-12T04:30:00,long,100,71811,71857
2024-03-12T05:00:00,2024-03-12T06:00:00,long,100,71949,71857
2024-03-12T06:00:00,2024-03-12T06:30:00,short,100,71811,71719
2024-03-12T06:30:00,2024-03-12T07:00:00,long,100,71719,72133
2024-03-12T07:00:00,2024-03-12T08:30:00,short,100,72133,71673
2024-03-12T08:30:00,2024-03-12T10:00:00,long,100,71673,71857
2024-03-12T10:00:00,2024-03-12T10:30:00,short,100,71811,71857
2024-03-12T10:30:00,2024-03-12T12:00:00,long,100,71857,71949
2024-03-12T12:00:00,2024-03-12T12:30:00,short,100,71903,71811
2024-03-12T12:30:00,2024-03-12T14:00:00,long,100,71857,72179
2024-03-12T14:00:00,2024-03-12T15:00:00,short,100,72179,71857
2024-03-12T15:00:00,2024-03-12T15:30:00,long,100,71903,71949
2024-03-12T15:30:00,2024-03-12T17:30:00,short,100,71903,69419
2024-03-12T17:30:00,2024-03-12T18:00:00,long,100,69419,70891
2024-03-12T18:00:00,2024-03-12T18:30:00,short,100,70891,70937
2024-03-12T18:30:00,2024-03-12T19:30:00,long,100,71121,71305
2024-03-12T19:30:00,2024-03-12T20:30:00,short,100,71305,71029
2024-03-12T21:00:00,2024-03-12T21:30:00,short,100,70937,70937
2024-03-12T21:30:00,2024-03-13T02:00:00,long,100,70937,71903
2024-03-13T02:00:00,2024-03-13T02:30:00,short,100,71903,72041
2024-03-13T04:30:00,2024-03-13T09:30:00,long,100,72225,73375
2024-03-13T09:30:00,2024-03-13T14:00:00,short,100,73375,72317
2024-03-13T14:00:00,2024-03-13T14:30:00,long,100,72317,72501
2024-03-13T14:30:00,2024-03-13T15:00:00,short,100,72409,72501
2024-03-13T15:00:00,2024-03-13T17:00:00,long,100,72501,72823
2024-03-13T17:00:00,2024-03-13T18:00:00,short,100,72823,72915
2024-03-13T18:00:00,2024-03-13T19:00:00,long,100,72961,73007
2024-03-13T19:00:00,2024-03-13T19:30:00,short,100,73007,72915
2024-03-13T19:30:00,2024-03-13T20:00:00,long,100,73007,73283
2024-03-13T20:00:00,2024-03-13T21:30:00,short,100,73283,73191
2024-03-13T21:30:00,2024-03-13T22:00:00,long,100,73283,73145
2024-03-13T22:00:00,2024-03-14T00:00:00,short,100,73145,73145
2024-03-14T00:00:00,2024-03-14T00:30:00,long,100,73191,73053
2024-03-14T00:30:00,2024-03-14T01:30:00,short,100,73053,72915
2024-03-14T01:30:00,2024-03-14T04:30:00,long,100,72915,73191
2024-03-14T04:30:00,2024-03-14T05:30:00,short,100,73145,73099
2024-03-14T05:30:00,2024-03-14T07:00:00,long,100,73145,73421
2024-03-14T07:00:00,2024-03-14T08:00:00,short,100,73421,73421
2024-03-14T08:00:00,2024-03-14T08:30:00,long,100,73513,73375
2024-03-14T08:30:00,2024-03-14T09:00:00,short,100,73375,73467
2024-03-14T09:30:00,2024-03-14T12:30:00,short,100,73329,72869
2024-03-14T12:30:00,2024-03-14T13:00:00,long,100,72869,72731
2024-03-14T13:00:00,2024-03-14T14:00:00,short,100,72685,71995
2024-03-14T14:00:00,2024-03-14T14:30:00,long,100,71995,72087
2024-03-14T14:30:00,2024-03-14T16:30:00,short,100,71949,70523
2024-03-14T16:30:00,2024-03-14T17:00:00,long,100,70523,71213
2024-03-14T17:00:00,2024-03-14T17:30:00,short,100,71213,70891
2024-03-14T17:30:00,2024-03-14T18:00:00,long,100,70937,70937
2024-03-14T18:00:00,2024-03-14T20:00:00,short,100,70891,69557
2024-03-14T20:00:00,2024-03-14T23:30:00,long,100,69557,71397
2024-03-14T23:30:00,2024-03-15T00:00:00,short,100,71397,71535
2024-03-15T00:00:00,2024-03-15T00:30:00,long,100,71765,71995
2024-03-15T00:30:00,2024-03-15T03:30:00,short,100,71995,67671
2024-03-15T03:30:00,2024-03-15T04:30:00,long,100,67671,68131
2024-03-15T04:30:00,2024-03-15T05:00:00,short,100,68085,67717
2024-03-15T05:00:00,2024-03-15T05:30:00,long,100,67717,67717
2024-03-15T05:30:00,2024-03-15T06:00:00,short,100,67625,67579
2024-03-15T06:00:00,2024-03-15T07:00:00,long,100,67579,68499
2024-03-15T07:00:00,2024-03-15T07:30:00,short,100,68499,68407
2024-03-15T07:30:00,2024-03-15T08:00:00,long,100,68545,68407
2024-03-15T08:00:00,2024-03-15T09:30:00,short,100,68407,67165
2024-03-15T09:30:00,2024-03-15T10:00:00,long,100,67165,67717
2024-03-15T10:00:00,2024-03-15T11:30:00,short,100,67717,67073
2024-03-15T11:30:00,2024-03-15T14:00:00,long,100,67073,68315
2024-03-15T14:00:00,2024-03-15T14:30:00,short,100,68315,68315
2024-03-15T14:30:00,2024-03-15T15:00:00,long,100,68499,68499
2024-03-15T15:00:00,2024-03-15T16:30:00,short,100,68499,67993
2024-03-15T16:30:00,2024-03-15T19:00:00,long,100,67993,70109
2024-03-15T19:00:00,2024-03-15T21:00:00,short,100,70109,68039
2024-03-15T21:00:00,2024-03-16T00:30:00,long,100,68039,69741
2024-03-16T00:30:00,2024-03-16T03:30:00,short,100,69741,69235
2024-03-16T03:30:00,2024-03-16T04:00:00,long,100,69281,69235
2024-03-16T04:00:00,2024-03-16T05:30:00,short,100,69189,68959
2024-03-16T05:30:00,2024-03-16T08:00:00,long,100,68959,69235
2024-03-16T08:30:00,2024-03-16T11:30:00,short,100,69189,68131
2024-03-16T11:30:00,2024-03-16T12:30:00,long,100,68131,68223
2024-03-16T12:30:00,2024-03-16T13:00:00,short,100,68085,68039
2024-03-16T13:00:00,2024-03-16T13:30:00,long,100,68039,68039
2024-03-16T13:30:00,2024-03-16T14:00:00,short,100,67947,67855
2024-03-16T14:00:00,2024-03-16T16:30:00,long,100,67855,68223
2024-03-16T16:30:00,2024-03-16T18:30:00,short,100,68177,67119
2024-03-16T18:30:00,2024-03-16T19:30:00,long,100,67119,67395
2024-03-16T19:30:00,2024-03-16T20:00:00,short,100,67303,67073
2024-03-16T20:00:00,2024-03-16T21:00:00,long,100,67073,67027
2024-03-16T21:00:00,2024-03-16T22:00:00,short,100,66981,66429
2024-03-16T22:00:00,2024-03-16T22:30:00,long,100,66429,66429
2024-03-16T23:00:00,2024-03-17T00:00:00,short,100,66291,65509
2024-03-17T00:00:00,2024-03-17T00:30:00,long,100,65509,65877
2024-03-17T00:30:00,2024-03-17T01:00:00,short,100,65831,65325
2024-03-17T01:00:00,2024-03-17T04:00:00,long,100,65325,66383
2024-03-17T04:00:00,2024-03-17T07:00:00,short,100,66383,65141
2024-03-17T07:00:00,2024-03-17T09:30:00,long,100,65141,66475
2024-03-17T09:30:00,2024-03-17T10:00:00,short,100,66475,66613
2024-03-17T10:00:00,2024-03-17T11:30:00,long,100,66797,67027
2024-03-17T11:30:00,2024-03-17T13:00:00,short,100,67027,66751
2024-03-17T13:00:00,2024-03-17T15:00:00,long,100,66843,67441
2024-03-17T15:00:00,2024-03-17T15:30:00,short,100,67441,67533
2024-03-17T15:30:00,2024-03-17T16:30:00,long,100,67671,67993
2024-03-17T16:30:00,2024-03-17T17:00:00,short,100,67993,68085
2024-03-17T17:00:00,2024-03-17T18:00:00,long,100,68223,68453
2024-03-17T18:00:00,2024-03-17T19:30:00,short,100,68453,68361
2024-03-17T19:30:00,2024-03-17T20:30:00,long,100,68453,68453
2024-03-17T20:30:00,2024-03-17T22:00:00,short,100,68453,68361
2024-03-17T22:00:00,2024-03-17T22:30:00,long,100,68407,68407
2024-03-17T22:30:00,2024-03-17T23:30:00,short,100,68407,68315
2024-03-17T23:30:00,2024-03-18T00:00:00,long,100,68361,68315
2024-03-18T00:00:00,2024-03-18T01:30:00,short,100,68269,67487
2024-03-18T01:30:00,2024-03-18T02:00:00,long,100,67487,67533
2024-03-18T02:30:00,2024-03-18T05:30:00,long,100,67579,68683
2024-03-18T05:30:00,2024-03-18T08:30:00,short,100,68683,67625
2024-03-18T08:30:00,2024-03-18T09:30:00,long,100,67625,68039
2024-03-18T09:30:00,2024-03-18T10:30:00,short,100,67993,67993
2024-03-18T10:30:00,2024-03-18T11:30:00,long,100,68039,68269
2024-03-18T11:30:00,2024-03-18T12:00:00,short,100,68269,68407
2024-03-18T12:00:00,2024-03-18T13:00:00,long,100,68407,68407
2024-03-18T13:00:00,2024-03-18T15:30:00,short,100,68407,67165
2024-03-18T15:30:00,2024-03-18T16:30:00,long,100,67165,67625
2024-03-18T16:30:00,2024-03-18T17:30:00,short,100,67579,67211
2024-03-18T17:30:00,2024-03-18T18:00:00,long,100,67211,67303
2024-03-18T18:00:00,2024-03-18T19:00:00,short,100,67211,67119
2024-03-18T19:00:00,2024-03-18T19:30:00,long,100,67119,67211
2024-03-18T19:30:00,2024-03-18T20:00:00,short,100,67165,67073
2024-03-18T20:00:00,2024-03-18T22:00:00,long,100,67073,67487
2024-03-18T22:00:00,2024-03-18T22:30:00,short,100,67487,67395
2024-03-18T22:30:00,2024-03-18T23:30:00,long,100,67487,67717
2024-03-18T23:30:00,2024-03-19T00:00:00,short,100,67717,67855
2024-03-19T00:30:00,2024-03-19T02:00:00,short,100,67717,66061
2024-03-19T02:00:00,2024-03-19T02:30:00,long,100,66061,66061
2024-03-19T02:30:00,2024-03-19T03:30:00,short,100,65877,65785
2024-03-19T03:30:00,2024-03-19T04:00:00,long,100,65785,65739
2024-03-19T04:00:00,2024-03-19T05:30:00,short,100,65601,64957
2024-03-19T05:30:00,2024-03-19T06:00:00,long,100,64957,65095
2024-03-19T06:30:00,2024-03-19T07:30:00,short,100,64957,64635
2024-03-19T07:30:00,2024-03-19T08:00:00,long,100,64635,64589
2024-03-19T08:00:00,2024-03-19T09:00:00,short,100,64497,63669
2024-03-19T09:00:00,2024-03-19T10:00:00,long,100,63669,64037
2024-03-19T10:00:00,2024-03-19T10:30:00,short,100,63991,63209
2024-03-19T10:30:00,2024-03-19T11:00:00,long,100,63209,63117
2024-03-19T11:00:00,2024-03-19T11:30:00,short,100,62979,62703
2024-03-19T11:30:00,2024-03-19T13:30:00,long,100,62703,63623
2024-03-19T13:30:00,2024-03-19T14:30:00,short,100,63623,62749
2024-03-19T14:30:00,2024-03-19T17:30:00,long,100,62749,65417
2024-03-19T17:30:00,2024-03-19T19:00:00,short,100,65417,64911
2024-03-19T19:30:00,2024-03-19T21:30:00,short,100,64773,63899
2024-03-19T21:30:00,2024-03-19T22:00:00,long,100,63899,63899
2024-03-19T22:00:00,2024-03-19T23:30:00,short,100,63715,62013
2024-03-19T23:30:00,2024-03-20T01:00:00,long,100,62013,63209
2024-03-20T01:00:00,2024-03-20T02:00:00,short,100,63209,62473
2024-03-20T02:00:00,2024-03-20T02:30:00,long,100,62473,62887
2024-03-20T02:30:00,2024-03-20T03:00:00,short,100,62841,62979
2024-03-20T03:00:00,2024-03-20T03:30:00,long,100,62979,63301
2024-03-20T03:30:00,2024-03-20T05:30:00,short,100,63301,61185
2024-03-20T05:30:00,2024-03-20T06:30:00,long,100,61185,61829
2024-03-20T06:30:00,2024-03-20T07:00:00,short,100,61829,61829
2024-03-20T07:00:00,2024-03-20T08:30:00,long,100,61921,62841
2024-03-20T08:30:00,2024-03-20T09:00:00,short,100,62841,62841
2024-03-20T09:00:00,2024-03-20T10:30:00,long,100,63025,63117
2024-03-20T10:30:00,2024-03-20T11:00:00,short,100,63117,63163
2024-03-20T11:00:00,2024-03-20T11:30:00,long,100,63255,63761
2024-03-20T11:30:00,2024-03-20T12:00:00,short,100,63761,63485
2024-03-20T12:00:00,2024-03-20T13:00:00,long,100,63577,63899
2024-03-20T13:00:00,2024-03-20T13:30:00,short,100,63899,63577
2024-03-20T13:30:00,2024-03-20T15:00:00,long,100,63623,64129
2024-03-20T15:00:00,2024-03-20T16:30:00,short,100,64129,62979
2024-03-20T16:30:00,2024-03-21T00:00:00,long,100,62979,67717
2024-03-21T00:00:00,2024-03-21T01:00:00,short,100,67717,67809
2024-03-21T01:30:00,2024-03-21T04:00:00,short,100,67809,66843
2024-03-21T04:00:00,2024-03-21T04:30:00,long,100,66843,66751
2024-03-21T05:00:00,2024-03-21T05:30:00,short,100,66613,66705
2024-03-21T05:30:00,2024-03-21T06:30:00,long,100,66705,67073
2024-03-21T06:30:00,2024-03-21T07:00:00,short,100,67027,67119
2024-03-21T07:00:00,2024-03-21T07:30:00,long,100,67165,67165
2024-03-21T07:30:00,2024-03-21T08:00:00,short,100,67165,67119
2024-03-21T08:00:00,2024-03-21T09:00:00,long,100,67165,67211
2024-03-21T09:00:00,2024-03-21T11:30:00,short,100,67211,67027
2024-03-21T11:30:00,2024-03-21T13:30:00,long,100,67073,67441
2024-03-21T13:30:00,2024-03-21T14:00:00,short,100,67441,66797
2024-03-21T14:00:00,2024-03-21T14:30:00,long,100,66797,67119
2024-03-21T14:30:00,2024-03-21T15:30:00,short,100,67073,66429
2024-03-21T15:30:00,2024-03-21T17:00:00,long,100,66429,66659
2024-03-21T17:00:00,2024-03-21T19:30:00,short,100,66567,65279
2024-03-21T19:30:00,2024-03-21T21:00:00,long,100,65279,65417
2024-03-21T21:00:00,2024-03-21T21:30:00,short,100,65279,65279
2024-03-21T21:30:00,2024-03-21T22:30:00,long,100,65279,65509
2024-03-21T22:30:00,2024-03-21T23:30:00,short,100,65463,65509
2024-03-21T23:30:00,2024-03-22T01:30:00,long,100,65555,65647
2024-03-22T01:30:00,2024-03-22T02:00:00,short,100,65647,65371
2024-03-22T02:00:00,2024-03-22T07:00:00,long,100,65417,66291
2024-03-22T07:00:00,2024-03-22T09:00:00,short,100,66291,66015
2024-03-22T09:30:00,2024-03-22T11:00:00,short,100,65877,64819
2024-03-22T11:00:00,2024-03-22T11:30:00,long,100,64819,64773
2024-03-22T11:30:00,2024-03-22T12:00:00,short,100,64589,64359
2024-03-22T12:00:00,2024-03-22T12:30:00,long,100,64359,64359
2024-03-22T12:30:00,2024-03-22T15:00:00,short,100,64221,62887
2024-03-22T15:00:00,2024-03-22T15:30:00,long,100,62887,63991
2024-03-22T15:30:00,2024-03-22T17:30:00,short,100,63991,63531
2024-03-22T17:30:00,2024-03-22T19:00:00,long,100,63577,63577
2024-03-22T19:30:00,2024-03-22T20:00:00,long,100,63715,63761
2024-03-22T20:00:00,2024-03-22T23:00:00,short,100,63715,63117
2024-03-22T23:00:00,2024-03-23T00:00:00,long,100,63117,63623
2024-03-23T00:00:00,2024-03-23T01:00:00,short,100,63623,63761
2024-03-23T01:00:00,2024-03-23T02:00:00,long,100,63761,63945
2024-03-23T02:00:00,2024-03-23T04:00:00,short,100,63945,63715
2024-03-23T04:00:00,2024-03-23T08:00:00,long,100,63807,64451
2024-03-23T08:00:00,2024-03-23T08:30:00,short,100,64451,64497
2024-03-23T09:00:00,2024-03-23T09:30:00,short,100,64451,64497
2024-03-23T10:30:00,2024-03-23T11:00:00,short,100,64405,64451
2024-03-23T11:00:00,2024-03-23T13:00:00,long,100,64497,64589
2024-03-23T13:00:00,2024-03-23T13:30:00,short,100,64589,64635
2024-03-23T14:00:00,2024-03-23T15:00:00,long,100,64681,65095
2024-03-23T15:00:00,2024-03-23T15:30:00,short,100,65095,64911
2024-03-23T15:30:00,2024-03-23T18:00:00,long,100,65003,65509
2024-03-23T18:00:00,2024-03-23T20:00:00,short,100,65509,65049
2024-03-23T21:00:00,2024-03-23T21:30:00,short,100,64911,65003
2024-03-23T21:30:00,2024-03-23T22:30:00,long,100,65003,64865
2024-03-23T22:30:00,2024-03-24T00:00:00,short,100,64819,64175
2024-03-24T00:00:00,2024-03-24T02:00:00,long,100,64175,64451
2024-03-24T02:00:00,2024-03-24T04:30:00,short,100,64359,64083
2024-03-24T04:30:00,2024-03-24T07:00:00,long,100,64083,64175
2024-03-24T07:30:00,2024-03-24T09:00:00,long,100,64267,65095
2024-03-24T09:00:00,2024-03-24T10:00:00,short,100,65095,65003
2024-03-24T10:00:00,2024-03-24T10:30:00,long,100,65141,65095
2024-03-24T10:30:00,2024-03-24T11:30:00,short,100,65095,65233
2024-03-24T11:30:00,2024-03-24T13:00:00,long,100,65233,65555
2024-03-24T13:00:00,2024-03-24T14:00:00,short,100,65555,65555
2024-03-24T14:00:00,2024-03-24T14:30:00,long,100,65647,65693
2024-03-24T14:30:00,2024-03-24T17:30:00,short,100,65693,65187
2024-03-24T17:30:00,2024-03-24T19:00:00,long,100,65187,65693
2024-03-24T19:00:00,2024-03-24T19:30:00,short,100,65693,65831
2024-03-24T19:30:00,2024-03-24T20:30:00,long,100,65831,66245
2024-03-24T20:30:00,2024-03-24T21:00:00,short,100,66245,66291
2024-03-24T21:00:00,2024-03-24T23:30:00,long,100,66429,67211
2024-03-24T23:30:00,2024-03-25T01:00:00,short,100,67211,66797
2024-03-25T01:30:00,2024-03-25T02:30:00,short,100,66659,66705
2024-03-25T02:30:00,2024-03-25T04:00:00,long,100,66705,67211
2024-03-25T04:00:00,2024-03-25T04:30:00,short,100,67211,67303
2024-03-25T04:30:00,2024-03-25T05:30:00,long,100,67395,67395
2024-03-25T05:30:00,2024-03-25T08:00:00,short,100,67395,66981
2024-03-25T08:00:00,2024-03-25T08:30:00,long,100,67027,66981
2024-03-25T08:30:00,2024-03-25T09:30:00,short,100,66935,67027
2024-03-25T09:30:00,2024-03-25T11:00:00,long,100,67027,66981
2024-03-25T11:00:00,2024-03-25T12:00:00,short,100,66935,66981
2024-03-25T12:00:00,2024-03-25T13:00:00,long,100,66981,66981
2024-03-25T13:00:00,2024-03-25T13:30:00,short,100,66935,67073
2024-03-25T13:30:00,2024-03-25T16:00:00,long,100,67073,69649
2024-03-25T16:00:00,2024-03-25T16:30:00,short,100,69649,69695
2024-03-25T16:30:00,2024-03-25T17:30:00,long,100,69925,70523
2024-03-25T17:30:00,2024-03-25T18:00:00,short,100,70523,70661
2024-03-25T18:30:00,2024-03-25T19:00:00,long,100,70845,70707
2024-03-25T19:00:00,2024-03-25T19:30:00,short,100,70707,70753
2024-03-25T19:30:00,2024-03-25T20:00:00,long,100,70891,70891
2024-03-25T20:00:00,2024-03-25T22:00:00,short,100,70891,69971
2024-03-25T22:00:00,2024-03-25T23:00:00,long,100,69971,70247
2024-03-25T23:00:00,2024-03-26T01:00:00,short,100,70155,70063
2024-03-26T01:00:00,2024-03-26T05:00:00,long,100,70109,70477
2024-03-26T05:00:00,2024-03-26T06:30:00,short,100,70477,70477
2024-03-26T06:30:00,2024-03-26T07:30:00,long,100,70569,71351
2024-03-26T07:30:00,2024-03-26T08:00:00,short,100,71351,70615
2024-03-26T08:00:00,2024-03-26T10:00:00,long,100,70615,71029
2024-03-26T10:00:00,2024-03-26T12:00:00,short,100,70983,70845
2024-03-26T12:30:00,2024-03-26T13:00:00,long,100,70891,70983
2024-03-26T13:00:00,2024-03-26T14:30:00,short,100,70937,69833
2024-03-26T14:30:00,2024-03-26T15:00:00,long,100,69833,70247
2024-03-26T15:00:00,2024-03-26T15:30:00,short,100,70201,70293
2024-03-26T16:00:00,2024-03-26T17:00:00,short,100,70155,69925
2024-03-26T17:00:00,2024-03-26T18:30:00,long,100,69971,70063
2024-03-26T18:30:00,2024-03-26T20:00:00,short,100,70017,69649
2024-03-26T20:00:00,2024-03-26T21:30:00,long,100,69649,70017
2024-03-26T22:00:00,2024-03-26T22:30:00,short,100,69971,70063
2024-03-26T22:30:00,2024-03-26T23:00:00,long,100,70109,70155
2024-03-26T23:00:00,2024-03-27T00:00:00,short,100,70155,70155
2024-03-27T00:00:00,2024-03-27T01:00:00,long,100,70201,70523
2024-03-27T01:00:00,2024-03-27T02:30:00,short,100,70523,70523
2024-03-27T02:30:00,2024-03-27T03:00:00,long,100,70615,70477
2024-03-27T03:00:00,2024-03-27T05:00:00,short,100,70477,70385
2024-03-27T05:30:00,2024-03-27T06:00:00,long,100,70431,70339
2024-03-27T06:00:00,2024-03-27T09:00:00,short,100,70339,69741
2024-03-27T09:00:00,2024-03-27T11:00:00,long,100,69741,70063
2024-03-27T11:30:00,2024-03-27T13:30:00,long,100,70201,71535
2024-03-27T13:30:00,2024-03-27T14:30:00,short,100,71535,69925
2024-03-27T14:30:00,2024-03-27T15:00:00,long,100,69925,69925
2024-03-27T15:00:00,2024-03-27T16:00:00,short,100,69741,69051
2024-03-27T16:00:00,2024-03-27T17:30:00,long,100,69051,69097
2024-03-27T17:30:00,2024-03-27T19:00:00,short,100,68959,68729
2024-03-27T19:00:00,2024-03-27T19:30:00,long,100,68729,68683
2024-03-27T20:00:00,2024-03-27T20:30:00,long,100,68775,68913
2024-03-27T20:30:00,2024-03-27T21:00:00,short,100,68867,69005
2024-03-27T21:00:00,2024-03-27T21:30:00,long,100,69005,69097
2024-03-27T21:30:00,2024-03-27T22:00:00,short,100,69097,69051
2024-03-27T22:00:00,2024-03-27T23:00:00,long,100,69097,69281
2024-03-27T23:00:00,2024-03-27T23:30:00,short,100,69281,69373
2024-03-27T23:30:00,2024-03-28T00:30:00,long,100,69419,69787
2024-03-28T00:30:00,2024-03-28T03:30:00,short,100,69787,69373
2024-03-28T04:00:00,2024-03-28T10:00:00,long,100,69419,70523
2024-03-28T10:00:00,2024-03-28T10:30:00,short,100,70523,70523
2024-03-28T10:30:00,2024-03-28T11:30:00,long,100,70707,70753
2024-03-28T11:30:00,2024-03-28T12:30:00,short,100,70753,70707
2024-03-28T12:30:00,2024-03-28T13:30:00,long,100,70799,70937
2024-03-28T13:30:00,2024-03-28T14:00:00,short,100,70937,71075
2024-03-28T14:00:00,2024-03-28T15:00:00,long,100,71121,71397
2024-03-28T15:00:00,2024-03-28T15:30:00,short,100,71397,71213
2024-03-28T15:30:00,2024-03-28T16:00:00,long,100,71305,71167
2024-03-28T16:00:00,2024-03-28T18:00:00,short,100,71167,70891
2024-03-28T18:00:00,2024-03-28T18:30:00,long,100,70891,70845
2024-03-28T18:30:00,2024-03-28T19:00:00,short,100,70799,70707
2024-03-28T19:00:00,2024-03-28T20:00:00,long,100,70707,70707
2024-03-28T20:00:00,2024-03-28T21:00:00,short,100,70615,70753
2024-03-28T21:00:00,2024-03-28T22:00:00,long,100,70753,70799
2024-03-28T22:00:00,2024-03-28T22:30:00,short,100,70753,70891
2024-03-28T22:30:00,2024-03-28T23:30:00,long,100,70891,70799
2024-03-28T23:30:00,2024-03-29T01:00:00,short,100,70799,70891
2024-03-29T01:00:00,2024-03-29T01:30:00,long,100,70891,70799
2024-03-29T01:30:00,2024-03-29T03:30:00,short,100,70799,70523
2024-03-29T03:30:00,2024-03-29T04:30:00,long,100,70523,70385
2024-03-29T04:30:00,2024-03-29T06:00:00,short,100,70385,70385
2024-03-29T06:00:00,2024-03-29T07:00:00,long,100,70385,70293
2024-03-29T07:30:00,2024-03-29T08:30:00,short,100,70247,69971
2024-03-29T08:30:00,2024-03-29T09:00:00,long,100,69971,69879
2024-03-29T09:30:00,2024-03-29T10:00:00,short,100,69787,69925
2024-03-29T10:00:00,2024-03-29T12:00:00,long,100,69925,70109
2024-03-29T12:00:00,2024-03-29T12:30:00,short,100,70063,70155
2024-03-29T12:30:00,2024-03-29T14:30:00,long,100,70155,70293
2024-03-29T14:30:00,2024-03-29T16:00:00,short,100,70293,69373
2024-03-29T16:00:00,2024-03-29T16:30:00,long,100,69373,69327
2024-03-29T16:30:00,2024-03-29T17:00:00,short,100,69189,69327
2024-03-29T17:00:00,2024-03-29T21:00:00,long,100,69327,69557
2024-03-29T21:00:00,2024-03-29T22:00:00,short,100,69511,69603
2024-03-29T22:00:00,2024-03-30T02:00:00,long,100,69603,69971
2024-03-30T02:00:00,2024-03-30T04:30:00,short,100,69971,69971
2024-03-30T04:30:00,2024-03-30T05:00:00,long,100,70063,70017
2024-03-30T05:00:00,2024-03-30T06:00:00,short,100,70017,70109
2024-03-30T06:30:00,2024-03-30T08:00:00,short,100,69971,70017
2024-03-30T09:00:00,2024-03-30T14:30:00,long,100,70063,70109
2024-03-30T14:30:00,2024-03-30T16:30:00,short,100,70109,70201
2024-03-30T16:30:00,2024-03-30T17:00:00,long,100,70201,70109
2024-03-30T17:00:00,2024-03-31T00:00:00,short,100,70109,69741
2024-03-31T00:00:00,2024-03-31T02:30:00,long,100,69741,70017
2024-03-31T03:00:00,2024-03-31T04:30:00,short,100,69971,70109
2024-03-31T04:30:00,2024-03-31T06:30:00,long,100,70109,70201
2024-03-31T06:30:00,2024-03-31T07:30:00,short,100,70201,70339
2024-03-31T07:30:00,2024-03-31T08:30:00,long,100,70339,70293
2024-03-31T08:30:00,2024-03-31T11:00:00,short,100,70293,70431
2024-03-31T12:30:00,2024-03-31T15:00:00,long,100,70477,70523
2024-03-31T15:00:00,2024-03-31T16:00:00,short,100,70523,70477
2024-03-31T16:00:00,2024-03-31T21:00:00,long,100,70569,70937
2024-03-31T21:00:00,2024-03-31T21:30:00,short,100,70937,70937
2024-03-31T22:00:00,2024-04-01T00:00:00,long,100,71029,71167
2024-04-01T00:00:00,2024-04-01T00:30:00,short,100,71167,71259
2024-04-01T01:00:00,2024-04-01T06:00:00,short,100,71121,69327
2024-04-01T06:00:00,2024-04-01T08:00:00,long,100,69327,69511
2024-04-01T08:00:00,2024-04-01T09:00:00,short,100,69373,69511
2024-04-01T09:00:00,2024-04-01T09:30:00,long,100,69511,69373
2024-04-01T09:30:00,2024-04-01T10:30:00,short,100,69373,69511
2024-04-01T10:30:00,2024-04-01T11:30:00,long,100,69511,69465
2024-04-01T12:00:00,2024-04-01T13:30:00,long,100,69603,69879
2024-04-01T13:30:00,2024-04-01T16:00:00,short,100,69879,68407
2024-04-01T16:00:00,2024-04-01T17:00:00,long,100,68407,68545
2024-04-01T17:30:00,2024-04-01T20:00:00,long,100,68591,69465
2024-04-01T20:00:00,2024-04-01T20:30:00,short,100,69465,69557
2024-04-01T20:30:00,2024-04-01T21:30:00,long,100,69741,69603
2024-04-01T21:30:00,2024-04-01T22:00:00,short,100,69603,69695
2024-04-02T00:00:00,2024-04-02T05:30:00,short,100,69603,66613
2024-04-02T05:30:00,2024-04-02T07:30:00,long,100,66613,66705
2024-04-02T07:30:00,2024-04-02T08:00:00,short,100,66567,66567
2024-04-02T08:00:00,2024-04-02T08:30:00,long,100,66567,66429
2024-04-02T08:30:00,2024-04-02T10:00:00,short,100,66383,66291
2024-04-02T10:00:00,2024-04-02T10:30:00,long,100,66291,66153
2024-04-02T10:30:00,2024-04-02T11:30:00,short,100,66107,65371
2024-04-02T11:30:00,2024-04-02T12:30:00,long,100,65371,65647
2024-04-02T12:30:00,2024-04-02T13:30:00,short,100,65555,65049
2024-04-02T13:30:00,2024-04-02T14:30:00,long,100,65049,65739
2024-04-02T14:30:00,2024-04-02T15:00:00,short,100,65739,65831
2024-04-02T15:30:00,2024-04-02T16:00:00,short,100,65739,65003
2024-04-02T16:00:00,2024-04-02T17:00:00,long,100,65003,65417
2024-04-02T17:30:00,2024-04-02T20:30:00,long,100,65555,65831
2024-04-02T20:30:00,2024-04-02T21:30:00,short,100,65831,65601
2024-04-02T21:30:00,2024-04-02T23:00:00,long,100,65693,65647
2024-04-02T23:00:00,2024-04-03T00:30:00,short,100,65647,65325
2024-04-03T00:30:00,2024-04-03T05:30:00,long,100,65325,66245
2024-04-03T05:30:00,2024-04-03T06:00:00,short,100,66245,66199
2024-04-03T06:00:00,2024-04-03T07:30:00,long,100,66337,66199
2024-04-03T07:30:00,2024-04-03T08:00:00,short,100,66199,66245
2024-04-03T08:30:00,2024-04-03T10:00:00,long,100,66291,66383
2024-04-03T10:00:00,2024-04-03T11:30:00,short,100,66383,66015
2024-04-03T11:30:00,2024-04-03T12:00:00,long,100,66061,65969
2024-04-03T12:00:00,2024-04-03T14:00:00,short,100,65923,65923
2024-04-03T14:00:00,2024-04-03T14:30:00,long,100,65923,66659
2024-04-03T14:30:00,2024-04-03T16:00:00,short,100,66659,66015
2024-04-03T16:00:00,2024-04-03T16:30:00,long,100,66015,66291
2024-04-03T16:30:00,2024-04-03T18:30:00,short,100,66245,65831
2024-04-03T18:30:00,2024-04-03T19:00:00,long,100,65831,65923
2024-04-03T19:00:00,2024-04-03T21:30:00,short,100,65831,65877
2024-04-03T21:30:00,2024-04-03T23:30:00,long,100,65877,65969
2024-04-04T00:00:00,2024-04-04T02:00:00,long,100,66107,66107
2024-04-04T02:00:00,2024-04-04T02:30:00,short,100,66107,65739
2024-04-04T02:30:00,2024-04-04T03:00:00,long,100,65739,65647
2024-04-04T03:00:00,2024-04-04T04:30:00,short,100,65601,65509
2024-04-04T04:30:00,2024-04-04T16:30:00,long,100,65509,67809
2024-04-04T16:30:00,2024-04-04T17:30:00,short,100,67809,67947
2024-04-04T17:30:00,2024-04-04T18:30:00,long,100,68177,68775
2024-04-04T18:30:00,2024-04-04T19:00:00,short,100,68775,68683
2024-04-04T19:30:00,2024-04-04T20:30:00,short,100,68591,67947
2024-04-04T20:30:00,2024-04-04T21:30:00,long,100,67947,67855
2024-04-04T22:00:00,2024-04-05T00:00:00,long,100,67947,68361
2024-04-05T00:00:00,2024-04-05T00:30:00,short,100,68315,68361
2024-04-05T00:30:00,2024-04-05T01:00:00,long,100,68453,68499
2024-04-05T01:00:00,2024-04-05T01:30:00,short,100,68499,68223
2024-04-05T02:00:00,2024-04-05T03:00:00,short,100,68085,67809
2024-04-05T03:00:00,2024-04-05T04:00:00,long,100,67809,67809
2024-04-05T04:30:00,2024-04-05T05:30:00,short,100,67717,66843
2024-04-05T05:30:00,2024-04-05T07:00:00,long,100,66843,67027
2024-04-05T08:00:00,2024-04-05T08:30:00,long,100,67119,67303
2024-04-05T08:30:00,2024-04-05T09:30:00,short,100,67303,66797
2024-04-05T09:30:00,2024-04-05T11:00:00,long,100,66797,66889
2024-04-05T11:00:00,2024-04-05T12:00:00,short,100,66797,66659
2024-04-05T12:00:00,2024-04-05T15:00:00,long,100,66659,67993
2024-04-05T15:00:00,2024-04-05T15:30:00,short,100,67993,67809
2024-04-05T15:30:00,2024-04-05T16:00:00,long,100,67901,68085
2024-04-05T16:00:00,2024-04-05T18:30:00,short,100,68085,67625
2024-04-05T18:30:00,2024-04-05T19:30:00,long,100,67625,67717
2024-04-05T19:30:00,2024-04-05T20:00:00,short,100,67625,67533
2024-04-05T20:00:00,2024-04-05T21:30:00,long,100,67533,67625
2024-04-05T21:30:00,2024-04-05T22:00:00,short,100,67579,67625
2024-04-05T22:00:00,2024-04-06T01:30:00,long,100,67625,67763
2024-04-06T01:30:00,2024-04-06T03:00:00,short,100,67717,67763
2024-04-06T03:30:00,2024-04-06T04:00:00,long,100,67809,67671
2024-04-06T04:00:00,2024-04-06T04:30:00,short,100,67671,67809
2024-04-06T04:30:00,2024-04-06T07:00:00,long,100,67809,67993
2024-04-06T07:00:00,2024-04-06T12:00:00,short,100,67993,67855
2024-04-06T13:00:00,2024-04-06T13:30:00,short,100,67717,67717
2024-04-06T13:30:00,2024-04-06T23:30:00,long,100,67717,69281
2024-04-06T23:30:00,2024-04-07T00:30:00,short,100,69281,69005
2024-04-07T01:00:00,2024-04-07T02:30:00,long,100,69097,69511
2024-04-07T02:30:00,2024-04-07T03:00:00,short,100,69511,69419
2024-04-07T03:00:00,2024-04-07T04:00:00,long,100,69511,69373
2024-04-07T04:00:00,2024-04-07T05:00:00,short,100,69373,69373
2024-04-07T07:00:00,2024-04-07T09:00:00,long,100,69419,69373
2024-04-07T09:00:00,2024-04-07T13:00:00,short,100,69373,69419
2024-04-07T13:00:00,2024-04-07T14:00:00,long,100,69419,69327
2024-04-07T14:00:00,2024-04-07T14:30:00,short,100,69327,69419
2024-04-07T14:30:00,2024-04-07T15:30:00,long,100,69419,69603
2024-04-07T15:30:00,2024-04-07T16:00:00,short,100,69603,69695
2024-04-07T16:00:00,2024-04-07T17:00:00,long,100,69695,69925
2024-04-07T17:00:00,2024-04-07T20:00:00,short,100,69925,69235
2024-04-07T20:00:00,2024-04-07T21:30:00,long,100,69235,69235
2024-04-07T21:30:00,2024-04-07T22:00:00,short,100,69143,69189
2024-04-07T22:00:00,2024-04-08T00:00:00,long,100,69189,69235
2024-04-08T00:30:00,2024-04-08T01:30:00,long,100,69327,69603
2024-04-08T01:30:00,2024-04-08T03:30:00,short,100,69603,69419
2024-04-08T03:30:00,2024-04-08T04:00:00,long,100,69465,69373
2024-04-08T04:00:00,2024-04-08T05:00:00,short,100,69373,69511
2024-04-08T05:00:00,2024-04-08T09:30:00,long,100,69511,72271
2024-04-08T09:30:00,2024-04-08T10:30:00,short,100,72271,72225
2024-04-08T10:30:00,2024-04-08T11:30:00,long,100,72409,72409
2024-04-08T11:30:00,2024-04-08T14:30:00,short,100,72409,71765
2024-04-08T14:30:00,2024-04-08T15:00:00,long,100,71765,71673
2024-04-08T15:30:00,2024-04-08T17:00:00,long,100,71811,71673
2024-04-08T17:00:00,2024-04-08T17:30:00,short,100,71581,71489
2024-04-08T17:30:00,2024-04-08T19:30:00,long,100,71489,71765
2024-04-08T19:30:00,2024-04-08T20:30:00,short,100,71719,71719
2024-04-08T20:30:00,2024-04-08T23:30:00,long,100,71765,71765
2024-04-08T23:30:00,2024-04-09T02:00:00,short,100,71765,71443
2024-04-09T02:00:00,2024-04-09T03:30:00,long,100,71443,71443
2024-04-09T03:30:00,2024-04-09T08:30:00,short,100,71351,70293
2024-04-09T08:30:00,2024-04-09T09:30:00,long,100,70293,70431
2024-04-09T10:30:00,2024-04-09T12:30:00,long,100,70523,70661
2024-04-09T13:30:00,2024-04-09T15:30:00,short,100,70615,69051
2024-04-09T15:30:00,2024-04-09T16:00:00,long,100,69051,69143
2024-04-09T16:30:00,2024-04-09T17:00:00,short,100,69005,68821
2024-04-09T17:00:00,2024-04-09T19:30:00,long,100,68821,69005
2024-04-09T20:00:00,2024-04-09T23:00:00,long,100,69143,69189
2024-04-09T23:00:00,2024-04-09T23:30:00,short,100,69189,69143
2024-04-09T23:30:00,2024-04-10T01:00:00,long,100,69189,69143
2024-04-10T01:00:00,2024-04-10T01:30:00,short,100,69143,69005
2024-04-10T01:30:00,2024-04-10T02:00:00,long,100,69051,69189
2024-04-10T02:00:00,2024-04-10T03:00:00,short,100,69143,68821
2024-04-10T03:00:00,2024-04-10T07:30:00,long,100,68821,69327
2024-04-10T07:30:00,2024-04-10T09:30:00,short,100,69327,69189
2024-04-10T10:00:00,2024-04-10T11:00:00,short,100,69051,69005
2024-04-10T11:00:00,2024-04-10T12:00:00,long,100,69051,68959
2024-04-10T12:00:00,2024-04-10T13:30:00,short,100,68913,67901
2024-04-10T13:30:00,2024-04-10T17:30:00,long,100,67901,69465
2024-04-10T17:30:00,2024-04-10T19:00:00,short,100,69465,69419
2024-04-10T19:00:00,2024-04-10T20:00:00,long,100,69557,69971
2024-04-10T20:00:00,2024-04-10T21:30:00,short,100,69971,69833
2024-04-10T21:30:00,2024-04-10T22:30:00,long,100,69925,70799
2024-04-10T22:30:00,2024-04-10T23:00:00,short,100,70799,70661
2024-04-11T00:00:00,2024-04-11T00:30:00,short,100,70523,70523
2024-04-11T00:30:00,2024-04-11T03:30:00,long,100,70569,70845
2024-04-11T03:30:00,2024-04-11T06:00:00,short,100,70845,70707
2024-04-11T07:00:00,2024-04-11T07:30:00,long,100,70753,70799
2024-04-11T07:30:00,2024-04-11T08:00:00,short,100,70799,70891
2024-04-11T08:00:00,2024-04-11T09:00:00,long,100,70891,70891
2024-04-11T09:00:00,2024-04-11T12:30:00,short,100,70891,70201
2024-04-11T12:30:00,2024-04-11T13:00:00,long,100,70201,70753
2024-04-11T13:00:00,2024-04-11T15:00:00,short,100,70753,69741
2024-04-11T15:00:00,2024-04-11T16:00:00,long,100,69741,69879
2024-04-11T16:00:00,2024-04-11T16:30:00,short,100,69787,69925
2024-04-11T16:30:00,2024-04-11T17:30:00,long,100,69925,70201
2024-04-11T17:30:00,2024-04-11T19:00:00,short,100,70201,70293
2024-04-11T19:00:00,2024-04-11T20:30:00,long,100,70339,70523
2024-04-11T20:30:00,2024-04-11T22:00:00,short,100,70523,70293
2024-04-11T22:30:00,2024-04-12T00:00:00,short,100,70155,70155
2024-04-12T00:00:00,2024-04-12T04:00:00,long,100,70155,70845
2024-04-12T04:00:00,2024-04-12T04:30:00,short,100,70845,70983
2024-04-12T04:30:00,2024-04-12T05:00:00,long,100,71075,71029
2024-04-12T05:00:00,2024-04-12T10:30:00,short,100,71029,70845
2024-04-12T12:30:00,2024-04-12T15:00:00,short,100,70753,69419
2024-04-12T15:00:00,2024-04-12T15:30:00,long,100,69419,69603
2024-04-12T15:30:00,2024-04-12T17:30:00,short,100,69511,68039
2024-04-12T17:30:00,2024-04-12T18:00:00,long,100,68039,68039
2024-04-12T18:00:00,2024-04-12T19:00:00,short,100,67855,66705
2024-04-12T19:00:00,2024-04-12T20:30:00,long,100,66705,67211
2024-04-12T20:30:00,2024-04-12T22:00:00,short,100,67165,67073
2024-04-12T22:00:00,2024-04-12T23:00:00,long,100,67119,66981
2024-04-12T23:00:00,2024-04-12T23:30:00,short,100,66981,67119
2024-04-12T23:30:00,2024-04-13T00:00:00,long,100,67119,67073
2024-04-13T00:00:00,2024-04-13T02:00:00,short,100,67073,66061
2024-04-13T02:00:00,2024-04-13T05:30:00,long,100,66061,67487
2024-04-13T05:30:00,2024-04-13T06:30:00,short,100,67487,67487
2024-04-13T07:00:00,2024-04-13T07:30:00,short,100,67349,67487
2024-04-13T08:30:00,2024-04-13T09:30:00,short,100,67349,67303
2024-04-13T09:30:00,2024-04-13T10:00:00,long,100,67349,67303
2024-04-13T10:00:00,2024-04-13T10:30:00,short,100,67303,67441
2024-04-13T10:30:00,2024-04-13T11:30:00,long,100,67441,67349
2024-04-13T11:30:00,2024-04-13T12:30:00,short,100,67349,67441
2024-04-13T12:30:00,2024-04-13T13:30:00,long,100,67441,67533
2024-04-13T13:30:00,2024-04-13T14:00:00,short,100,67533,67671
2024-04-13T14:00:00,2024-04-13T14:30:00,long,100,67671,67579
2024-04-13T14:30:00,2024-04-13T15:00:00,short,100,67579,67671
2024-04-13T15:00:00,2024-04-13T15:30:00,long,100,67717,67809
2024-04-13T15:30:00,2024-04-13T18:00:00,short,100,67809,66935
2024-04-13T18:00:00,2024-04-13T19:00:00,long,100,66935,67027
2024-04-13T19:30:00,2024-04-13T21:30:00,short,100,66889,61967
2024-04-13T21:30:00,2024-04-13T22:00:00,long,100,61967,62841
2024-04-13T22:00:00,2024-04-13T22:30:00,short,100,62841,62933
2024-04-13T22:30:00,2024-04-13T23:30:00,long,100,63071,64267
2024-04-13T23:30:00,2024-04-14T00:30:00,short,100,64267,63761
2024-04-14T01:00:00,2024-04-14T02:00:00,long,100,63807,63669
2024-04-14T02:00:00,2024-04-14T03:30:00,short,100,63623,62933
2024-04-14T03:30:00,2024-04-14T04:30:00,long,100,62933,63991
2024-04-14T04:30:00,2024-04-14T05:00:00,short,100,63991,64037
2024-04-14T05:00:00,2024-04-14T07:30:00,long,100,64175,64497
2024-04-14T07:30:00,2024-04-14T08:00:00,short,100,64497,64589
2024-04-14T08:00:00,2024-04-14T08:30:00,long,100,64727,64727
2024-04-14T08:30:00,2024-04-14T10:00:00,short,100,64727,64313
2024-04-14T10:30:00,2024-04-14T11:00:00,long,100,64359,64313
2024-04-14T11:00:00,2024-04-14T12:00:00,short,100,64267,64267
2024-04-14T12:00:00,2024-04-14T13:30:00,long,100,64267,64451
2024-04-14T13:30:00,2024-04-14T15:00:00,short,100,64405,64129
2024-04-14T15:00:00,2024-04-14T15:30:00,long,100,64129,64221
2024-04-14T15:30:00,2024-04-14T16:00:00,short,100,64175,64313
2024-04-14T16:00:00,2024-04-14T16:30:00,long,100,64313,64543
2024-04-14T16:30:00,2024-04-14T17:30:00,short,100,64543,63301
2024-04-14T17:30:00,2024-04-14T19:00:00,long,100,63301,64267
2024-04-14T19:00:00,2024-04-14T19:30:00,short,100,64267,64129
2024-04-14T20:30:00,2024-04-14T22:00:00,short,100,64037,63761
2024-04-14T22:00:00,2024-04-15T00:00:00,long,100,63761,65509
2024-04-15T00:00:00,2024-04-15T01:00:00,short,100,65509,65601
2024-04-15T01:30:00,2024-04-15T05:00:00,short,100,65463,65095
2024-04-15T05:00:00,2024-04-15T07:30:00,long,100,65141,66291
2024-04-15T07:30:00,2024-04-15T09:00:00,short,100,66291,66337
2024-04-15T09:00:00,2024-04-15T10:00:00,long,100,66521,66521
2024-04-15T10:00:00,2024-04-15T12:00:00,short,100,66521,66061
2024-04-15T13:00:00,2024-04-15T13:30:00,long,100,66107,66015
2024-04-15T13:30:00,2024-04-15T15:00:00,short,100,65969,64405
2024-04-15T15:00:00,2024-04-15T15:30:00,long,100,64405,64543
2024-04-15T16:00:00,2024-04-15T17:30:00,short,100,64405,63945
2024-04-15T17:30:00,2024-04-15T18:00:00,long,100,63945,63807
2024-04-15T18:00:00,2024-04-15T19:30:00,short,100,63669,63301
2024-04-15T19:30:00,2024-04-15T20:30:00,long,100,63301,63209
2024-04-15T21:30:00,2024-04-15T22:00:00,long,100,63209,63163
2024-04-15T22:00:00,2024-04-15T22:30:00,short,100,63071,63163
2024-04-15T22:30:00,2024-04-15T23:00:00,long,100,63163,63347
2024-04-15T23:00:00,2024-04-15T23:30:00,short,100,63301,63439
2024-04-15T23:30:00,2024-04-16T00:00:00,long,100,63439,63301
2024-04-16T00:00:00,2024-04-16T01:00:00,short,100,63301,63393
2024-04-16T01:00:00,2024-04-16T01:30:00,long,100,63393,63531
2024-04-16T01:30:00,2024-04-16T02:30:00,short,100,63531,62979
2024-04-16T02:30:00,2024-04-16T03:00:00,long,100,62979,63301
2024-04-16T03:00:00,2024-04-16T05:00:00,short,100,63255,62611
2024-04-16T05:00:00,2024-04-16T08:00:00,long,100,62611,63347
2024-04-16T08:00:00,2024-04-16T08:30:00,short,100,63347,63347
2024-04-16T09:00:00,2024-04-16T09:30:00,long,100,63485,63347
2024-04-16T09:30:00,2024-04-16T10:30:00,short,100,63347,62059
2024-04-16T10:30:00,2024-04-16T12:30:00,long,100,62059,63025
2024-04-16T12:30:00,2024-04-16T13:00:00,short,100,63025,63163
2024-04-16T13:30:00,2024-04-16T15:00:00,short,100,63071,62243
2024-04-16T15:00:00,2024-04-16T15:30:00,long,100,62243,62151
2024-04-16T15:30:00,2024-04-16T16:00:00,short,100,62013,61875
2024-04-16T16:00:00,2024-04-16T17:30:00,long,100,61875,62887
2024-04-16T17:30:00,2024-04-16T18:00:00,short,100,62887,62611
2024-04-16T18:00:00,2024-04-16T19:30:00,long,100,62703,62887
2024-04-16T19:30:00,2024-04-16T20:00:00,short,100,62887,62887
2024-04-16T20:00:00,2024-04-16T22:00:00,long,100,62933,63853
2024-04-16T22:00:00,2024-04-16T22:30:00,short,100,63853,63807
2024-04-17T00:30:00,2024-04-17T02:00:00,long,100,63945,63899
2024-04-17T02:00:00,2024-04-17T03:00:00,short,100,63899,63991
2024-04-17T03:00:00,2024-04-17T03:30:00,long,100,64037,63899
2024-04-17T03:30:00,2024-04-17T04:30:00,short,100,63899,63945
2024-04-17T04:30:00,2024-04-17T05:30:00,long,100,63991,64037
2024-04-17T05:30:00,2024-04-17T08:00:00,short,100,64037,63439
2024-04-17T08:00:00,2024-04-17T08:30:00,long,100,63439,63485
2024-04-17T08:30:00,2024-04-17T09:00:00,short,100,63393,63439
2024-04-17T09:00:00,2024-04-17T09:30:00,long,100,63439,63393
2024-04-17T09:30:00,2024-04-17T13:30:00,short,100,63347,62519
2024-04-17T13:30:00,2024-04-17T14:00:00,long,100,62519,62519
2024-04-17T14:00:00,2024-04-17T16:00:00,short,100,62381,60449
2024-04-17T16:00:00,2024-04-17T16:30:00,long,100,60449,60633
2024-04-17T16:30:00,2024-04-17T17:00:00,short,100,60495,60357
2024-04-17T17:00:00,2024-04-17T18:30:00,long,100,60357,61645
2024-04-17T18:30:00,2024-04-17T20:00:00,short,100,61645,61185
2024-04-17T20:00:00,2024-04-17T20:30:00,long,100,61231,61277
2024-04-17T20:30:00,2024-04-17T21:00:00,short,100,61231,60955
2024-04-17T21:00:00,2024-04-17T21:30:00,long,100,60955,61277
2024-04-17T22:00:00,2024-04-17T23:00:00,long,100,61415,61553
2024-04-17T23:00:00,2024-04-18T00:30:00,short,100,61553,61323
2024-04-18T00:30:00,2024-04-18T02:00:00,long,100,61369,61507
2024-04-18T02:30:00,2024-04-18T04:30:00,long,100,61645,61875
2024-04-18T04:30:00,2024-04-18T07:00:00,short,100,61875,61231
2024-04-18T07:00:00,2024-04-18T08:00:00,long,100,61231,61093
2024-04-18T08:30:00,2024-04-18T11:30:00,long,100,61231,62795
2024-04-18T11:30:00,2024-04-18T12:30:00,short,100,62795,62289
2024-04-18T13:00:00,2024-04-18T15:00:00,long,100,62335,63669
2024-04-18T15:00:00,2024-04-18T16:00:00,short,100,63669,63669
2024-04-18T16:00:00,2024-04-18T16:30:00,long,100,63853,63715
2024-04-18T16:30:00,2024-04-18T18:30:00,short,100,63715,63025
2024-04-18T18:30:00,2024-04-19T00:00:00,long,100,63025,63393
2024-04-19T00:00:00,2024-04-19T02:30:00,short,100,63347,59851
2024-04-19T02:30:00,2024-04-19T03:30:00,long,100,59851,61829
2024-04-19T03:30:00,2024-04-19T04:00:00,short,100,61829,61875
2024-04-19T04:00:00,2024-04-19T05:00:00,long,100,62059,62289
2024-04-19T05:00:00,2024-04-19T06:30:00,short,100,62289,62151
2024-04-19T06:30:00,2024-04-19T07:00:00,long,100,62243,64497
2024-04-19T07:00:00,2024-04-19T07:30:00,short,100,64497,64589
2024-04-19T11:30:00,2024-04-19T12:30:00,long,100,64819,65187
2024-04-19T12:30:00,2024-04-19T13:30:00,short,100,65187,64865
2024-04-19T14:00:00,2024-04-19T14:30:00,short,100,64773,64129
2024-04-19T14:30:00,2024-04-19T15:30:00,long,100,64129,64451
2024-04-19T16:00:00,2024-04-19T16:30:00,short,100,64405,63991
2024-04-19T16:30:00,2024-04-19T18:00:00,long,100,63991,64497
2024-04-19T18:00:00,2024-04-19T19:00:00,short,100,64497,64359
2024-04-19T20:00:00,2024-04-19T21:00:00,short,100,64267,64221
2024-04-19T21:00:00,2024-04-19T22:00:00,long,100,64267,64267
2024-04-19T22:30:00,2024-04-19T23:30:00,short,100,64221,63623
2024-04-19T23:30:00,2024-04-20T00:30:00,long,100,63623,63715
2024-04-20T00:30:00,2024-04-20T01:30:00,short,100,63623,63577
2024-04-20T01:30:00,2024-04-20T07:00:00,long,100,63577,63991
2024-04-20T07:00:00,2024-04-20T11:00:00,short,100,63991,63715
2024-04-20T11:00:00,2024-04-20T14:00:00,long,100,63761,63807
2024-04-20T14:30:00,2024-04-20T18:00:00,long,100,63945,65095
2024-04-20T18:00:00,2024-04-20T23:00:00,short,100,65095,64773
2024-04-20T23:00:00,2024-04-21T00:30:00,long,100,64865,64819
2024-04-21T00:30:00,2024-04-21T01:00:00,short,100,64773,64911
2024-04-21T01:00:00,2024-04-21T01:30:00,long,100,64911,64957
2024-04-21T01:30:00,2024-04-21T02:00:00,short,100,64957,65095
2024-04-21T02:00:00,2024-04-21T03:00:00,long,100,65095,65233
2024-04-21T03:00:00,2024-04-21T05:00:00,short,100,65233,65141
2024-04-21T05:30:00,2024-04-21T06:00:00,short,100,65003,65141
2024-04-21T06:00:00,2024-04-21T06:30:00,long,100,65141,65095
2024-04-21T06:30:00,2024-04-21T07:30:00,short,100,65095,65141
2024-04-21T07:30:00,2024-04-21T08:00:00,long,100,65141,65049
2024-04-21T08:00:00,2024-04-21T11:00:00,short,100,65049,65049
2024-04-21T11:00:00,2024-04-21T12:30:00,long,100,65049,65095
2024-04-21T12:30:00,2024-04-21T13:00:00,short,100,65049,65141
2024-04-21T13:00:00,2024-04-21T13:30:00,long,100,65141,65049
2024-04-21T13:30:00,2024-04-21T14:00:00,short,100,65049,65003
2024-04-21T14:00:00,2024-04-21T14:30:00,long,100,65049,64911
2024-04-21T14:30:00,2024-04-21T15:00:00,short,100,64911,65003
2024-04-21T15:00:00,2024-04-21T16:00:00,long,100,65003,64911
2024-04-21T16:00:00,2024-04-21T17:30:00,short,100,64911,64727
2024-04-21T17:30:00,2024-04-21T19:00:00,long,100,64727,64681
2024-04-21T19:30:00,2024-04-21T21:00:00,short,100,64635,64727
2024-04-21T21:00:00,2024-04-21T21:30:00,long,100,64727,64865
2024-04-21T21:30:00,2024-04-21T22:00:00,short,100,64819,64773
2024-04-21T22:00:00,2024-04-22T01:30:00,long,100,64819,64865
2024-04-22T01:30:00,2024-04-22T02:00:00,short,100,64819,64773
2024-04-22T02:00:00,2024-04-22T07:00:00,long,100,64819,66245
2024-04-22T07:00:00,2024-04-22T08:00:00,short,100,66245,66153
2024-04-22T08:30:00,2024-04-22T10:30:00,short,100,66061,66107
2024-04-22T11:00:00,2024-04-22T13:00:00,short,100,65969,66061
2024-04-22T13:00:00,2024-04-22T14:30:00,long,100,66107,66291
2024-04-22T14:30:00,2024-04-22T15:30:00,short,100,66291,65969
2024-04-22T15:30:00,2024-04-22T17:30:00,long,100,66015,66613
2024-04-22T17:30:00,2024-04-22T19:30:00,short,100,66613,66429
2024-04-22T19:30:00,2024-04-22T23:30:00,long,100,66521,66889
2024-04-22T23:30:00,2024-04-23T00:30:00,short,100,66889,66935
2024-04-23T00:30:00,2024-04-23T01:30:00,long,100,67027,66935
2024-04-23T01:30:00,2024-04-23T05:30:00,short,100,66935,66429
2024-04-23T05:30:00,2024-04-23T06:30:00,long,100,66429,66475
2024-04-23T06:30:00,2024-04-23T09:00:00,short,100,66383,66291
2024-04-23T09:00:00,2024-04-23T09:30:00,long,100,66291,66153
2024-04-23T09:30:00,2024-04-23T10:30:00,short,100,66153,66199
2024-04-23T10:30:00,2024-04-23T11:00:00,long,100,66199,66107
2024-04-23T13:30:00,2024-04-23T15:00:00,long,100,66245,66751
2024-04-23T15:00:00,2024-04-23T16:00:00,short,100,66751,66567
2024-04-23T16:00:00,2024-04-23T19:00:00,long,100,66659,66613
2024-04-23T19:00:00,2024-04-23T20:30:00,short,100,66613,66337
2024-04-23T20:30:00,2024-04-24T02:00:00,long,100,66337,66659
2024-04-24T02:00:00,2024-04-24T04:00:00,short,100,66613,66705
2024-04-24T04:00:00,2024-04-24T05:00:00,long,100,66751,66843
2024-04-24T05:00:00,2024-04-24T06:30:00,short,100,66843,66797
2024-04-24T07:30:00,2024-04-24T11:00:00,short,100,66659,66521
2024-04-24T11:00:00,2024-04-24T12:30:00,long,100,66567,66521
2024-04-24T12:30:00,2024-04-24T16:30:00,short,100,66475,64589
2024-04-24T16:30:00,2024-04-24T18:00:00,long,100,64589,64819
2024-04-24T18:00:00,2024-04-24T19:00:00,short,100,64727,64313
2024-04-24T19:00:00,2024-04-24T19:30:00,long,100,64313,64313
2024-04-24T19:30:00,2024-04-24T20:30:00,short,100,64221,64083
2024-04-24T20:30:00,2024-04-24T22:00:00,long,100,64083,64267
2024-04-24T22:30:00,2024-04-24T23:30:00,short,100,64175,64221
2024-04-24T23:30:00,2024-04-25T01:30:00,long,100,64221,64405
2024-04-25T01:30:00,2024-04-25T02:00:00,short,100,64359,64221
2024-04-25T02:00:00,2024-04-25T04:00:00,long,100,64267,64221
2024-04-25T04:00:00,2024-04-25T04:30:00,short,100,64175,64313
2024-04-25T04:30:00,2024-04-25T05:00:00,long,100,64313,64267
2024-04-25T05:00:00,2024-04-25T05:30:00,short,100,64267,64267
2024-04-25T05:30:00,2024-04-25T07:30:00,long,100,64267,64175
2024-04-25T07:30:00,2024-04-25T11:00:00,short,100,64175,63623
2024-04-25T11:00:00,2024-04-25T12:30:00,long,100,63623,63899
2024-04-25T12:30:00,2024-04-25T13:30:00,short,100,63853,63347
2024-04-25T13:30:00,2024-04-25T14:30:00,long,100,63347,63531
2024-04-25T14:30:00,2024-04-25T15:00:00,short,100,63439,63531
2024-04-25T15:00:00,2024-04-25T21:30:00,long,100,63531,64773
2024-04-25T21:30:00,2024-04-26T01:30:00,short,100,64773,64313
2024-04-26T01:30:00,2024-04-26T03:00:00,long,100,64359,64359
2024-04-26T04:30:00,2024-04-26T07:00:00,short,100,64313,64405
2024-04-26T07:00:00,2024-04-26T07:30:00,long,100,64405,64359
2024-04-26T07:30:00,2024-04-26T08:00:00,short,100,64313,64405
2024-04-26T08:00:00,2024-04-26T10:00:00,long,100,64405,64359
2024-04-26T10:00:00,2024-04-26T11:30:00,short,100,64359,64267
2024-04-26T12:30:00,2024-04-26T13:30:00,short,100,64129,63991
2024-04-26T13:30:00,2024-04-26T14:00:00,long,100,63991,64405
2024-04-26T14:00:00,2024-04-26T16:00:00,short,100,64359,63623
2024-04-26T16:00:00,2024-04-26T19:00:00,long,100,63623,63899
2024-04-26T19:30:00,2024-04-26T20:00:00,short,100,63807,63899
2024-04-26T20:00:00,2024-04-26T22:00:00,long,100,63899,63899
2024-04-26T22:00:00,2024-04-27T02:00:00,short,100,63899,62795
2024-04-27T02:00:00,2024-04-27T02:30:00,long,100,62795,63071
2024-04-27T02:30:00,2024-04-27T03:00:00,short,100,62979,63071
2024-04-27T03:00:00,2024-04-27T05:30:00,long,100,63071,62979
2024-04-27T05:30:00,2024-04-27T07:00:00,short,100,62979,63117
2024-04-27T07:00:00,2024-04-27T07:30:00,long,100,63117,62979
2024-04-27T07:30:00,2024-04-27T08:30:00,short,100,62979,63071
2024-04-27T08:30:00,2024-04-27T09:00:00,long,100,63071,62933
2024-04-27T09:00:00,2024-04-27T12:00:00,short,100,62933,62979
2024-04-27T12:00:00,2024-04-27T15:00:00,long,100,62979,63071
2024-04-27T15:00:00,2024-04-27T17:00:00,short,100,63025,62933
2024-04-27T17:00:00,2024-04-27T18:00:00,long,100,62979,63255
2024-04-27T18:00:00,2024-04-27T18:30:00,short,100,63255,63163
2024-04-27T18:30:00,2024-04-27T20:00:00,long,100,63209,63209
2024-04-27T20:00:00,2024-04-27T20:30:00,short,100,63209,63301
2024-04-27T20:30:00,2024-04-27T21:00:00,long,100,63301,63163
2024-04-27T21:00:00,2024-04-27T21:30:00,short,100,63163,63301
2024-04-27T21:30:00,2024-04-28T01:00:00,long,100,63301,63577
2024-04-28T01:00:00,2024-04-28T02:30:00,short,100,63577,63715
2024-04-28T02:30:00,2024-04-28T03:30:00,long,100,63715,64037
2024-04-28T03:30:00,2024-04-28T06:30:00,short,100,64037,63991
2024-04-28T07:30:00,2024-04-28T13:00:00,short,100,63899,63669
2024-04-28T13:00:00,2024-04-28T14:00:00,long,100,63715,63623
2024-04-28T15:00:00,2024-04-28T16:00:00,short,100,63577,63715
2024-04-28T16:00:00,2024-04-28T17:00:00,long,100,63715,63577
2024-04-28T17:00:00,2024-04-28T17:30:00,short,100,63577,63715
2024-04-28T17:30:00,2024-04-28T19:30:00,long,100,63715,63761
2024-04-28T19:30:00,2024-04-28T23:30:00,short,100,63715,63163
2024-04-28T23:30:00,2024-04-29T02:00:00,long,100,63163,63117
2024-04-29T02:30:00,2024-04-29T04:00:00,short,100,62979,62427
2024-04-29T04:00:00,2024-04-29T05:00:00,long,100,62427,62427
2024-04-29T05:30:00,2024-04-29T06:00:00,long,100,62473,62335
2024-04-29T06:30:00,2024-04-29T07:30:00,short,100,62243,62381
2024-04-29T07:30:00,2024-04-29T09:00:00,long,100,62381,62289
2024-04-29T09:30:00,2024-04-29T10:30:00,long,100,62427,62427
2024-04-29T11:00:00,2024-04-29T12:30:00,short,100,62381,62473
2024-04-29T12:30:00,2024-04-29T13:00:00,long,100,62473,62519
2024-04-29T13:30:00,2024-04-29T14:00:00,short,100,62473,62197
2024-04-29T14:00:00,2024-04-29T16:30:00,long,100,62197,62887
2024-04-29T16:30:00,2024-04-29T17:00:00,short,100,62887,62933
2024-04-29T17:00:00,2024-04-29T17:30:00,long,100,63071,63071
2024-04-29T17:30:00,2024-04-29T19:30:00,short,100,63071,62887
2024-04-29T19:30:00,2024-04-29T23:30:00,long,100,62979,63853
2024-04-29T23:30:00,2024-04-30T00:00:00,short,100,63853,63991
2024-04-30T00:30:00,2024-04-30T01:00:00,long,100,64175,64451
2024-04-30T01:00:00,2024-04-30T02:30:00,short,100,64451,63807
2024-04-30T02:30:00,2024-04-30T03:30:00,long,100,63807,63715
2024-04-30T04:00:00,2024-04-30T14:30:00,short,100,63623,61001
2024-04-30T14:30:00,2024-04-30T15:00:00,long,100,61001,61139
2024-04-30T15:00:00,2024-04-30T17:00:00,short,100,61001,60449
2024-04-30T17:00:00,2024-04-30T18:00:00,long,100,60449,60311
2024-04-30T18:30:00,2024-04-30T19:00:00,long,100,60449,60311
2024-04-30T19:00:00,2024-04-30T20:00:00,short,100,60173,59483
2024-04-30T20:00:00,2024-04-30T21:30:00,long,100,59483,60173
2024-04-30T21:30:00,2024-04-30T22:00:00,short,100,60173,60311
2024-04-30T22:00:00,2024-04-30T22:30:00,long,100,60357,60679
2024-04-30T22:30:00,2024-04-30T23:30:00,short,100,60679,60725
2024-05-01T00:00:00,2024-05-01T02:30:00,short,100,60587,59897
2024-05-01T02:30:00,2024-05-01T05:00:00,long,100,59897,60127
2024-05-01T05:00:00,2024-05-01T08:30:00,short,100,60035,57183
2024-05-01T08:30:00,2024-05-01T09:30:00,long,100,57183,57275
2024-05-01T09:30:00,2024-05-01T10:00:00,short,100,57137,57229
2024-05-01T10:00:00,2024-05-01T11:00:00,long,100,57229,57597
2024-05-01T11:00:00,2024-05-01T11:30:00,short,100,57551,57689
2024-05-01T11:30:00,2024-05-01T13:00:00,long,100,57735,57919
2024-05-01T13:00:00,2024-05-01T14:00:00,short,100,57919,57459
2024-05-01T15:00:00,2024-05-01T16:00:00,short,100,57321,57045
2024-05-01T16:00:00,2024-05-01T16:30:00,long,100,57045,57275
2024-05-01T16:30:00,2024-05-01T17:00:00,short,100,57183,57183
2024-05-01T17:00:00,2024-05-01T19:00:00,long,100,57229,58793
2024-05-01T19:00:00,2024-05-01T20:00:00,short,100,58793,57137
2024-05-01T20:00:00,2024-05-01T21:30:00,long,100,57137,58011
2024-05-01T21:30:00,2024-05-01T22:00:00,short,100,58011,58057
2024-05-01T22:30:00,2024-05-01T23:30:00,short,100,57919,58011
2024-05-01T23:30:00,2024-05-02T00:00:00,long,100,58103,58241
2024-05-02T00:00:00,2024-05-02T02:00:00,short,100,58241,57275
2024-05-02T02:00:00,2024-05-02T03:30:00,long,100,57275,57551
2024-05-02T03:30:00,2024-05-02T04:00:00,short,100,57459,57551
2024-05-02T04:00:00,2024-05-02T04:30:00,long,100,57551,57459
2024-05-02T04:30:00,2024-05-02T05:30:00,short,100,57459,57505
2024-05-02T05:30:00,2024-05-02T09:00:00,long,100,57505,57735
2024-05-02T09:00:00,2024-05-02T11:00:00,short,100,57735,57873
2024-05-02T11:00:00,2024-05-02T12:30:00,long,100,57873,58563
2024-05-02T12:30:00,2024-05-02T13:00:00,short,100,58563,58701
2024-05-02T13:30:00,2024-05-02T14:00:00,short,100,58609,58563
2024-05-02T14:00:00,2024-05-02T16:00:00,long,100,58655,59207
2024-05-02T16:00:00,2024-05-02T17:30:00,short,100,59207,59207
2024-05-02T18:00:00,2024-05-02T18:30:00,short,100,59115,59253
2024-05-02T18:30:00,2024-05-02T19:00:00,long,100,59345,59299
2024-05-02T19:00:00,2024-05-02T19:30:00,short,100,59299,59299
2024-05-02T19:30:00,2024-05-02T20:00:00,long,100,59345,59253
2024-05-02T20:00:00,2024-05-02T21:00:00,short,100,59253,58885
2024-05-02T21:00:00,2024-05-02T23:30:00,long,100,58885,59161
2024-05-02T23:30:00,2024-05-03T00:30:00,short,100,59115,59069
2024-05-03T01:00:00,2024-05-03T01:30:00,long,100,59115,59299
2024-05-03T01:30:00,2024-05-03T02:00:00,short,100,59299,59437
2024-05-03T02:00:00,2024-05-03T04:30:00,long,100,59437,59621
2024-05-03T04:30:00,2024-05-03T08:00:00,short,100,59621,59345
2024-05-03T08:30:00,2024-05-03T09:00:00,short,100,59207,59345
2024-05-03T09:00:00,2024-05-03T10:00:00,long,100,59345,59299
2024-05-03T10:30:00,2024-05-03T11:00:00,short,100,59253,59207
2024-05-03T11:00:00,2024-05-03T12:00:00,long,100,59207,59161
2024-05-03T12:30:00,2024-05-03T15:00:00,long,100,59299,61553
2024-05-03T15:00:00,2024-05-03T15:30:00,short,100,61553,61507
2024-05-03T15:30:00,2024-05-03T16:30:00,long,100,61691,61829
2024-05-03T16:30:00,2024-05-03T17:00:00,short,100,61829,61829
2024-05-03T17:00:00,2024-05-03T17:30:00,long,100,61921,61783
2024-05-03T17:30:00,2024-05-03T19:30:00,short,100,61783,61921
2024-05-03T19:30:00,2024-05-03T21:00:00,long,100,61967,62749
2024-05-03T21:00:00,2024-05-03T21:30:00,short,100,62749,62657
2024-05-03T21:30:00,2024-05-03T23:30:00,long,100,62795,62979
2024-05-03T23:30:00,2024-05-04T00:30:00,short,100,62979,62979
2024-05-04T00:30:00,2024-05-04T01:30:00,long,100,63071,63439
2024-05-04T01:30:00,2024-05-04T04:30:00,short,100,63439,62887
2024-05-04T04:30:00,2024-05-04T06:00:00,long,100,62887,63255
2024-05-04T06:00:00,2024-05-04T08:30:00,short,100,63209,63117
2024-05-04T08:30:00,2024-05-04T11:00:00,long,100,63163,64267
2024-05-04T11:00:00,2024-05-04T12:30:00,short,100,64267,64037
2024-05-04T12:30:00,2024-05-04T13:00:00,long,100,64129,63991
2024-05-04T13:00:00,2024-05-04T16:30:00,short,100,63991,63715
2024-05-04T16:30:00,2024-05-04T17:00:00,long,100,63715,63577
2024-05-04T17:00:00,2024-05-04T18:00:00,short,100,63577,63623
2024-05-04T18:00:00,2024-05-04T20:30:00,long,100,63623,63899
2024-05-04T20:30:00,2024-05-04T21:00:00,short,100,63853,63991
2024-05-04T21:00:00,2024-05-04T21:30:00,long,100,63991,63899
2024-05-04T21:30:00,2024-05-04T23:00:00,short,100,63899,63807
2024-05-04T23:00:00,2024-05-05T00:30:00,long,100,63853,63807
2024-05-05T00:30:00,2024-05-05T03:30:00,short,100,63807,63255
2024-05-05T03:30:00,2024-05-05T05:30:00,long,100,63255,63255
2024-05-05T06:00:00,2024-05-05T08:30:00,long,100,63347,63669
2024-05-05T11:00:00,2024-05-05T12:00:00,long,100,63807,63715
2024-05-05T12:00:00,2024-05-05T13:00:00,short,100,63715,63853
2024-05-05T13:00:00,2024-05-05T14:00:00,long,100,63899,63991
2024-05-05T14:00:00,2024-05-05T14:30:00,short,100,63991,63991
2024-05-05T14:30:00,2024-05-05T16:00:00,long,100,64083,64267
2024-05-05T16:00:00,2024-05-05T16:30:00,short,100,64267,64359
2024-05-05T17:30:00,2024-05-05T21:00:00,short,100,64221,63807
2024-05-05T21:00:00,2024-05-05T22:00:00,long,100,63807,63715
2024-05-05T22:30:00,2024-05-05T23:30:00,long,100,63853,64037
2024-05-05T23:30:00,2024-05-06T00:00:00,short,100,63991,64129
2024-05-06T00:00:00,2024-05-06T01:30:00,long,100,64129,64175
2024-05-06T01:30:00,2024-05-06T04:30:00,short,100,64175,63991
2024-05-06T04:30:00,2024-05-06T08:30:00,long,100,64037,65233
2024-05-06T08:30:00,2024-05-06T09:00:00,short,100,65233,65279
2024-05-06T09:30:00,2024-05-06T11:00:00,short,100,65141,64175
2024-05-06T11:00:00,2024-05-06T12:00:00,long,100,64175,64083
2024-05-06T12:00:00,2024-05-06T13:30:00,short,100,63899,63715
2024-05-06T13:30:00,2024-05-06T14:30:00,long,100,63715,63807
2024-05-06T14:30:00,2024-05-06T15:00:00,short,100,63669,63393
2024-05-06T15:00:00,2024-05-06T16:30:00,long,100,63393,63485
2024-05-06T16:30:00,2024-05-06T17:00:00,short,100,63393,63301
2024-05-06T17:00:00,2024-05-06T17:30:00,long,100,63301,63209
2024-05-06T17:30:00,2024-05-06T18:30:00,short,100,63163,63301
2024-05-06T18:30:00,2024-05-06T19:00:00,long,100,63301,63301
2024-05-06T19:00:00,2024-05-06T19:30:00,short,100,63255,63163
2024-05-06T19:30:00,2024-05-06T23:00:00,long,100,63163,63439
2024-05-06T23:00:00,2024-05-07T00:30:00,short,100,63393,63347
2024-05-07T00:30:00,2024-05-07T02:30:00,long,100,63393,63761
2024-05-07T02:30:00,2024-05-07T03:30:00,short,100,63761,63117
2024-05-07T03:30:00,2024-05-07T07:30:00,long,100,63117,63669
2024-05-07T07:30:00,2024-05-07T08:00:00,short,100,63669,63807
2024-05-07T08:00:00,2024-05-07T09:30:00,long,100,63807,64175
2024-05-07T09:30:00,2024-05-07T10:30:00,short,100,64175,63991
2024-05-07T10:30:00,2024-05-07T11:30:00,long,100,64083,63991
2024-05-07T11:30:00,2024-05-07T12:30:00,short,100,63991,63623
2024-05-07T12:30:00,2024-05-07T13:00:00,long,100,63623,63577
2024-05-07T13:30:00,2024-05-07T14:30:00,short,100,63485,63393
2024-05-07T14:30:00,2024-05-07T15:00:00,long,100,63393,63945
2024-05-07T15:00:00,2024-05-07T21:00:00,short,100,63945,63163
2024-05-07T21:00:00,2024-05-07T22:00:00,long,100,63163,63025
2024-05-07T22:30:00,2024-05-08T00:30:00,short,100,62887,62519
2024-05-08T00:30:00,2024-05-08T04:30:00,long,100,62519,62749
2024-05-08T04:30:00,2024-05-08T05:00:00,short,100,62657,62657
2024-05-08T05:00:00,2024-05-08T06:00:00,long,100,62657,62565
2024-05-08T06:00:00,2024-05-08T06:30:00,short,100,62565,62335
2024-05-08T06:30:00,2024-05-08T07:00:00,long,100,62335,62381
2024-05-08T07:00:00,2024-05-08T08:00:00,short,100,62289,62289
2024-05-08T08:00:00,2024-05-08T09:00:00,long,100,62289,62243
2024-05-08T09:00:00,2024-05-08T09:30:00,short,100,62197,62335
2024-05-08T09:30:00,2024-05-08T11:00:00,long,100,62335,62335
2024-05-08T11:00:00,2024-05-08T11:30:00,short,100,62289,62289
2024-05-08T11:30:00,2024-05-08T13:00:00,long,100,62289,62197
2024-05-08T13:00:00,2024-05-08T13:30:00,short,100,62197,62151
2024-05-08T13:30:00,2024-05-08T15:00:00,long,100,62151,62427
2024-05-08T15:00:00,2024-05-08T15:30:00,short,100,62381,62243
2024-05-08T15:30:00,2024-05-08T18:30:00,long,100,62289,62565
2024-05-08T18:30:00,2024-05-08T19:30:00,short,100,62565,62197
2024-05-08T20:00:00,2024-05-08T23:30:00,short,100,62059,61185
2024-05-08T23:30:00,2024-05-09T03:00:00,long,100,61185,61507
2024-05-09T03:30:00,2024-05-09T04:00:00,long,100,61645,61553
2024-05-09T04:00:00,2024-05-09T06:00:00,short,100,61553,61645
2024-05-09T06:00:00,2024-05-09T06:30:00,long,100,61645,61645
2024-05-09T06:30:00,2024-05-09T09:30:00,short,100,61645,61277
2024-05-09T09:30:00,2024-05-09T10:00:00,long,100,61277,61185
2024-05-09T10:00:00,2024-05-09T11:00:00,short,100,61139,61001
2024-05-09T11:00:00,2024-05-09T13:00:00,long,100,61001,61369
2024-05-09T13:30:00,2024-05-09T14:30:00,short,100,61323,61369
2024-05-09T14:30:00,2024-05-09T16:30:00,long,100,61415,62381
2024-05-09T16:30:00,2024-05-09T17:00:00,short,100,62381,62013
2024-05-09T18:00:00,2024-05-09T23:00:00,long,100,62059,63117
2024-05-09T23:00:00,2024-05-09T23:30:00,short,100,63117,63071
2024-05-10T00:00:00,2024-05-10T04:00:00,short,100,62979,62979
2024-05-10T05:00:00,2024-05-10T06:00:00,short,100,62887,62841
2024-05-10T06:00:00,2024-05-10T07:30:00,long,100,62887,63117
2024-05-10T07:30:00,2024-05-10T09:30:00,short,100,63071,63117
2024-05-10T09:30:00,2024-05-10T10:30:00,long,100,63163,63025
2024-05-10T10:30:00,2024-05-10T11:30:00,short,100,63025,63163
2024-05-10T11:30:00,2024-05-10T12:30:00,long,100,63163,63209
2024-05-10T12:30:00,2024-05-10T13:30:00,short,100,63209,62979
2024-05-10T13:30:00,2024-05-10T14:00:00,long,100,63025,62887
2024-05-10T14:00:00,2024-05-10T15:00:00,short,100,62887,61231
2024-05-10T15:00:00,2024-05-10T15:30:00,long,100,61231,61093
2024-05-10T16:30:00,2024-05-10T17:00:00,long,100,61047,60955
2024-05-10T17:00:00,2024-05-10T18:30:00,short,100,60817,60587
2024-05-10T18:30:00,2024-05-10T20:30:00,long,100,60587,60587
2024-05-10T21:00:00,2024-05-11T00:30:00,long,100,60633,60771
2024-05-11T01:00:00,2024-05-11T02:00:00,long,100,60909,60817
2024-05-11T02:00:00,2024-05-11T02:30:00,short,100,60817,60909
2024-05-11T02:30:00,2024-05-11T03:30:00,long,100,60909,60771
2024-05-11T03:30:00,2024-05-11T05:00:00,short,100,60771,60863
2024-05-11T05:00:00,2024-05-11T08:00:00,long,100,60909,60863
2024-05-11T08:00:00,2024-05-11T09:30:00,short,100,60863,60909
2024-05-11T09:30:00,2024-05-11T10:00:00,long,100,60955,60817
2024-05-11T10:00:00,2024-05-11T12:00:00,short,100,60817,60817
2024-05-11T12:30:00,2024-05-11T13:00:00,short,100,60679,60817
2024-05-11T13:00:00,2024-05-11T14:30:00,long,100,60817,60817
2024-05-11T15:00:00,2024-05-11T17:00:00,long,100,60955,61139
2024-05-11T17:00:00,2024-05-11T17:30:00,short,100,61139,61139
2024-05-11T20:00:00,2024-05-12T00:00:00,short,100,61047,61001
2024-05-12T00:00:00,2024-05-12T01:00:00,long,100,61047,60909
2024-05-12T01:00:00,2024-05-12T04:00:00,short,100,60909,61047
2024-05-12T04:00:00,2024-05-12T06:30:00,long,100,61047,60955
2024-05-12T06:30:00,2024-05-12T08:30:00,short,100,60955,61001
2024-05-12T08:30:00,2024-05-12T09:30:00,long,100,61001,60955
2024-05-12T09:30:00,2024-05-12T10:00:00,short,100,60955,61093
2024-05-12T10:00:00,2024-05-12T10:30:00,long,100,61093,61139
2024-05-12T14:00:00,2024-05-12T14:30:00,long,100,61277,61139
2024-05-12T14:30:00,2024-05-12T15:00:00,short,100,61139,61277
2024-05-12T15:00:00,2024-05-12T16:30:00,long,100,61277,61553
2024-05-12T16:30:00,2024-05-12T17:00:00,short,100,61553,61461
2024-05-12T17:30:00,2024-05-12T18:30:00,long,100,61553,61461
2024-05-12T18:30:00,2024-05-12T21:30:00,short,100,61461,61185
2024-05-12T21:30:00,2024-05-13T00:30:00,long,100,61231,61553
2024-05-13T00:30:00,2024-05-13T03:30:00,short,100,61507,61001
2024-05-13T03:30:00,2024-05-13T04:00:00,long,100,61001,61047
2024-05-13T05:00:00,2024-05-13T06:00:00,short,100,60955,61047
2024-05-13T06:00:00,2024-05-13T10:00:00,long,100,61047,62979
2024-05-13T10:00:00,2024-05-13T11:30:00,short,100,62979,62795
2024-05-13T14:00:00,2024-05-13T14:30:00,long,100,62933,62887
2024-05-13T14:30:00,2024-05-13T15:00:00,short,100,62887,62887
2024-05-13T15:00:00,2024-05-13T17:00:00,long,100,62933,63071
2024-05-13T17:00:00,2024-05-13T17:30:00,short,100,63071,62795
2024-05-13T17:30:00,2024-05-13T18:00:00,long,100,62841,62703
2024-05-13T18:00:00,2024-05-13T18:30:00,short,100,62703,62795
2024-05-13T18:30:00,2024-05-13T21:00:00,long,100,62795,63025
2024-05-13T21:00:00,2024-05-13T23:30:00,short,100,62979,62933
2024-05-13T23:30:00,2024-05-14T00:30:00,long,100,62979,62841
2024-05-14T00:30:00,2024-05-14T01:00:00,short,100,62841,62933
2024-05-14T01:00:00,2024-05-14T01:30:00,long,100,62933,62933
2024-05-14T01:30:00,2024-05-14T05:00:00,short,100,62887,62703
2024-05-14T05:00:00,2024-05-14T06:00:00,long,100,62749,62611
2024-05-14T06:00:00,2024-05-14T06:30:00,short,100,62611,61783
2024-05-14T06:30:00,2024-05-14T07:00:00,long,100,61783,61921
2024-05-14T07:30:00,2024-05-14T08:00:00,long,100,62059,61921
2024-05-14T08:30:00,2024-05-14T11:00:00,short,100,61875,61783
2024-05-14T11:00:00,2024-05-14T12:30:00,long,100,61783,61783
2024-05-14T12:30:00,2024-05-14T13:00:00,short,100,61737,61691
2024-05-14T13:00:00,2024-05-14T13:30:00,long,100,61691,61875
2024-05-14T13:30:00,2024-05-14T14:00:00,short,100,61829,61829
2024-05-14T14:00:00,2024-05-14T14:30:00,long,100,61875,61875
2024-05-14T14:30:00,2024-05-14T15:00:00,short,100,61875,61921
2024-05-14T15:00:00,2024-05-14T15:30:00,long,100,61921,61783
2024-05-14T15:30:00,2024-05-14T18:30:00,short,100,61783,61415
2024-05-14T18:30:00,2024-05-14T23:30:00,long,100,61415,61553
2024-05-15T00:00:00,2024-05-15T00:30:00,long,100,61691,61645
2024-05-15T00:30:00,2024-05-15T01:00:00,short,100,61599,61553
2024-05-15T01:00:00,2024-05-15T09:00:00,long,100,61599,62059
2024-05-15T09:00:00,2024-05-15T09:30:00,short,100,62059,62151
2024-05-15T09:30:00,2024-05-15T10:30:00,long,100,62243,62703
2024-05-15T10:30:00,2024-05-15T12:00:00,short,100,62703,62657
2024-05-15T12:30:00,2024-05-15T13:30:00,long,100,62795,64175
2024-05-15T13:30:00,2024-05-15T14:00:00,short,100,64175,64267
2024-05-15T14:30:00,2024-05-15T15:30:00,long,100,64497,64727
2024-05-15T15:30:00,2024-05-15T16:00:00,short,100,64727,64865
2024-05-15T17:00:00,2024-05-15T21:00:00,long,100,65049,65877
2024-05-15T21:00:00,2024-05-15T22:00:00,short,100,65877,66015
2024-05-15T23:00:00,2024-05-16T00:30:00,long,100,66245,66107
2024-05-16T00:30:00,2024-05-16T06:00:00,short,100,66107,65969
2024-05-16T07:00:00,2024-05-16T10:30:00,long,100,66061,66199
2024-05-16T10:30:00,2024-05-16T11:30:00,short,100,66199,66291
2024-05-16T11:30:00,2024-05-16T12:00:00,long,100,66337,66429
2024-05-16T12:00:00,2024-05-16T13:30:00,short,100,66429,66153
2024-05-16T13:30:00,2024-05-16T14:00:00,long,100,66199,66245
2024-05-16T14:00:00,2024-05-16T15:00:00,short,100,66199,65785
2024-05-16T15:00:00,2024-05-16T16:00:00,long,100,65785,65693
2024-05-16T16:00:00,2024-05-16T17:30:00,short,100,65601,64911
2024-05-16T17:30:00,2024-05-16T18:00:00,long,100,64911,64911
2024-05-16T18:30:00,2024-05-16T19:30:00,long,100,65003,65371
2024-05-16T19:30:00,2024-05-16T21:00:00,short,100,65325,65325
2024-05-16T21:30:00,2024-05-16T22:00:00,long,100,65417,65325
2024-05-16T22:00:00,2024-05-16T22:30:00,short,100,65325,65371
2024-05-16T22:30:00,2024-05-16T23:00:00,long,100,65417,65325
2024-05-16T23:00:00,2024-05-17T00:00:00,short,100,65325,65417
2024-05-17T00:00:00,2024-05-17T01:00:00,long,100,65417,65371
2024-05-17T01:00:00,2024-05-17T01:30:00,short,100,65371,65371
2024-05-17T02:00:00,2024-05-17T02:30:00,short,100,65233,65371
2024-05-17T02:30:00,2024-05-17T04:00:00,long,100,65371,65509
2024-05-17T04:30:00,2024-05-17T05:30:00,short,100,65463,65601
2024-05-17T05:30:00,2024-05-17T08:00:00,long,100,65601,66245
2024-05-17T08:00:00,2024-05-17T09:30:00,short,100,66245,66291
2024-05-17T10:30:00,2024-05-17T11:00:00,long,100,66429,66337
2024-05-17T11:00:00,2024-05-17T12:30:00,short,100,66337,66383
2024-05-17T13:30:00,2024-05-17T14:00:00,short,100,66291,66061
2024-05-17T14:00:00,2024-05-17T15:30:00,long,100,66107,67257
2024-05-17T15:30:00,2024-05-17T18:30:00,short,100,67257,66659
2024-05-17T18:30:00,2024-05-17T20:00:00,long,100,66659,66889
2024-05-17T22:00:00,2024-05-17T23:00:00,short,100,66843,66889
2024-05-17T23:00:00,2024-05-18T00:00:00,long,100,66889,66889
2024-05-18T00:00:00,2024-05-18T00:30:00,short,100,66889,66935
2024-05-18T00:30:00,2024-05-18T06:00:00,long,100,66935,66797
2024-05-18T06:00:00,2024-05-18T06:30:00,short,100,66797,66889
2024-05-18T06:30:00,2024-05-18T07:30:00,long,100,66889,67027
2024-05-18T07:30:00,2024-05-18T08:00:00,short,100,66981,67027
2024-05-18T09:30:00,2024-05-18T12:00:00,long,100,67073,67119
2024-05-18T12:00:00,2024-05-18T13:00:00,short,100,67119,67119
2024-05-18T13:30:00,2024-05-18T14:00:00,short,100,66981,67027
2024-05-18T14:00:00,2024-05-18T14:30:00,long,100,67073,66935
2024-05-18T14:30:00,2024-05-18T16:00:00,short,100,66935,66935
2024-05-18T16:00:00,2024-05-18T16:30:00,long,100,66935,66889
2024-05-18T18:30:00,2024-05-18T19:30:00,short,100,66843,66981
2024-05-18T19:30:00,2024-05-18T21:00:00,long,100,66981,66843
2024-05-18T21:00:00,2024-05-18T22:30:00,short,100,66843,66981
2024-05-18T22:30:00,2024-05-19T04:00:00,long,100,66981,67073
2024-05-19T04:00:00,2024-05-19T04:30:00,short,100,67027,67165
2024-05-19T04:30:00,2024-05-19T05:30:00,long,100,67165,67073
2024-05-19T05:30:00,2024-05-19T07:00:00,short,100,67073,67211
2024-05-19T07:00:00,2024-05-19T08:30:00,long,100,67211,67165
2024-05-19T08:30:00,2024-05-19T09:30:00,short,100,67165,67165
2024-05-19T09:30:00,2024-05-19T11:00:00,long,100,67211,67165
2024-05-19T11:00:00,2024-05-19T11:30:00,short,100,67165,67211
2024-05-19T11:30:00,2024-05-19T12:00:00,long,100,67257,67211
2024-05-19T12:00:00,2024-05-19T13:30:00,short,100,67211,66935
2024-05-19T13:30:00,2024-05-19T14:00:00,long,100,66981,66935
2024-05-19T16:00:00,2024-05-19T20:00:00,short,100,66889,66245
2024-05-19T20:00:00,2024-05-19T20:30:00,long,100,66245,66199
2024-05-19T21:30:00,2024-05-19T23:00:00,long,100,66291,66245
2024-05-20T00:30:00,2024-05-20T01:00:00,long,100,66337,66383
2024-05-20T01:00:00,2024-05-20T01:30:00,short,100,66337,66429
2024-05-20T01:30:00,2024-05-20T03:00:00,long,100,66429,66567
2024-05-20T03:00:00,2024-05-20T03:30:00,short,100,66567,66705
2024-05-20T03:30:00,2024-05-20T06:30:00,long,100,66705,67027
2024-05-20T06:30:00,2024-05-20T07:00:00,short,100,67027,66521
2024-05-20T07:00:00,2024-05-20T08:30:00,long,100,66521,66797
2024-05-20T08:30:00,2024-05-20T09:00:00,short,100,66751,66889
2024-05-20T09:00:00,2024-05-20T11:30:00,long,100,66889,67073
2024-05-20T11:30:00,2024-05-20T13:30:00,short,100,67073,67119
2024-05-20T14:00:00,2024-05-20T14:30:00,short,100,66981,66981
2024-05-20T14:30:00,2024-05-20T20:00:00,long,100,67027,69925
2024-05-20T20:00:00,2024-05-20T21:30:00,short,100,69925,69419
2024-05-20T21:30:00,2024-05-20T22:30:00,long,100,69465,69603
2024-05-20T23:00:00,2024-05-21T00:30:00,long,100,69741,71397
2024-05-21T00:30:00,2024-05-21T01:30:00,short,100,71397,71121
2024-05-21T02:00:00,2024-05-21T02:30:00,short,100,71029,71167
2024-05-21T02:30:00,2024-05-21T04:00:00,long,100,71167,71167
2024-05-21T04:00:00,2024-05-21T05:30:00,short,100,71121,71121
2024-05-21T05:30:00,2024-05-21T07:00:00,long,100,71167,71121
2024-05-21T07:30:00,2024-05-21T08:00:00,short,100,71075,71075
2024-05-21T08:30:00,2024-05-21T09:00:00,short,100,70937,71075
2024-05-21T09:00:00,2024-05-21T13:00:00,long,100,71075,71167
2024-05-21T13:00:00,2024-05-21T15:00:00,short,100,71121,70385
2024-05-21T15:00:00,2024-05-21T15:30:00,long,100,70385,70247
2024-05-21T15:30:00,2024-05-21T16:00:00,short,100,70109,69971
2024-05-21T16:00:00,2024-05-21T16:30:00,long,100,69971,69925
2024-05-21T16:30:00,2024-05-21T17:00:00,short,100,69787,69833
2024-05-21T17:00:00,2024-05-21T18:00:00,long,100,69833,69787
2024-05-21T18:00:00,2024-05-21T18:30:00,short,100,69695,69833
2024-05-21T18:30:00,2024-05-21T19:00:00,long,100,69833,69741
2024-05-21T19:00:00,2024-05-21T20:00:00,short,100,69695,69465
2024-05-21T20:00:00,2024-05-21T21:00:00,long,100,69465,69603
2024-05-21T21:30:00,2024-05-21T23:30:00,long,100,69741,70155
2024-05-21T23:30:00,2024-05-22T00:00:00,short,100,70155,70247
2024-05-22T00:30:00,2024-05-22T02:00:00,short,100,70155,70293
2024-05-22T02:30:00,2024-05-22T05:00:00,short,100,70155,69787
2024-05-22T05:00:00,2024-05-22T07:00:00,long,100,69833,69787
2024-05-22T07:00:00,2024-05-22T07:30:00,short,100,69695,69787
2024-05-22T07:30:00,2024-05-22T11:00:00,long,100,69787,70063
2024-05-22T11:30:00,2024-05-22T12:00:00,short,100,70017,69925
2024-05-22T12:00:00,2024-05-22T12:30:00,long,100,69971,69971
2024-05-22T12:30:00,2024-05-22T14:30:00,short,100,69925,69787
2024-05-22T14:30:00,2024-05-22T16:30:00,long,100,69833,70339
2024-05-22T16:30:00,2024-05-22T18:30:00,short,100,70339,69603
2024-05-22T18:30:00,2024-05-22T20:30:00,long,100,69603,69511
2024-05-22T21:30:00,2024-05-22T22:00:00,long,100,69557,69419
2024-05-22T22:00:00,2024-05-23T00:00:00,short,100,69327,69327
2024-05-23T00:00:00,2024-05-23T06:00:00,long,100,69327,69419
2024-05-23T06:30:00,2024-05-23T10:30:00,long,100,69557,69603
2024-05-23T10:30:00,2024-05-23T11:00:00,short,100,69557,69695
2024-05-23T11:00:00,2024-05-23T12:30:00,long,100,69695,69833
2024-05-23T12:30:00,2024-05-23T15:00:00,short,100,69833,67901
2024-05-23T15:00:00,2024-05-23T15:30:00,long,100,67901,68085
2024-05-23T16:30:00,2024-05-23T17:00:00,short,100,67947,67993
2024-05-23T17:00:00,2024-05-23T17:30:00,long,100,67993,67993
2024-05-23T17:30:00,2024-05-23T18:30:00,short,100,67947,67257
2024-05-23T18:30:00,2024-05-23T19:30:00,long,100,67257,67349
2024-05-23T19:30:00,2024-05-23T20:00:00,short,100,67211,67349
2024-05-23T20:00:00,2024-05-23T21:00:00,long,100,67349,67671
2024-05-23T21:00:00,2024-05-23T21:30:00,short,100,67671,67533
2024-05-23T21:30:00,2024-05-23T22:00:00,long,100,67579,67809
2024-05-23T22:00:00,2024-05-23T23:30:00,short,100,67809,67763
2024-05-23T23:30:00,2024-05-24T00:00:00,long,100,67855,67855
2024-05-24T00:00:00,2024-05-24T00:30:00,short,100,67855,67901
2024-05-24T01:00:00,2024-05-24T02:30:00,short,100,67763,67855
2024-05-24T02:30:00,2024-05-24T03:00:00,long,100,67901,67901
2024-05-24T03:00:00,2024-05-24T07:00:00,short,100,67901,67073
2024-05-24T07:00:00,2024-05-24T07:30:00,long,100,67073,67165
2024-05-24T08:00:00,2024-05-24T08:30:00,short,100,67027,66889
2024-05-24T08:30:00,2024-05-24T13:30:00,long,100,66889,67349
2024-05-24T13:30:00,2024-05-24T14:00:00,short,100,67349,67211
2024-05-24T14:00:00,2024-05-24T16:00:00,long,100,67257,68177
2024-05-24T16:00:00,2024-05-24T16:30:00,short,100,68177,68223
2024-05-24T16:30:00,2024-05-24T19:00:00,long,100,68407,68913
2024-05-24T19:00:00,2024-05-24T19:30:00,short,100,68913,69005
2024-05-24T19:30:00,2024-05-24T20:00:00,long,100,69189,69051
2024-05-24T20:00:00,2024-05-25T01:00:00,short,100,69051,68729
2024-05-25T01:30:00,2024-05-25T02:00:00,short,100,68591,68729
2024-05-25T02:00:00,2024-05-25T06:00:00,long,100,68729,68683
2024-05-25T07:00:00,2024-05-25T11:30:00,long,100,68821,69419
2024-05-25T11:30:00,2024-05-25T12:00:00,short,100,69419,69235
2024-05-25T12:30:00,2024-05-25T13:00:00,short,100,69143,69235
2024-05-25T13:00:00,2024-05-25T13:30:00,long,100,69235,69143
2024-05-25T13:30:00,2024-05-25T15:00:00,short,100,69143,69143
2024-05-25T15:00:00,2024-05-25T15:30:00,long,100,69143,69005
2024-05-25T15:30:00,2024-05-25T16:00:00,short,100,69005,69051
2024-05-25T16:00:00,2024-05-25T22:00:00,long,100,69051,69051
2024-05-25T23:00:00,2024-05-26T00:00:00,long,100,69189,69235
2024-05-26T00:00:00,2024-05-26T03:30:00,short,100,69189,69097
2024-05-26T03:30:00,2024-05-26T04:00:00,long,100,69143,69005
2024-05-26T04:00:00,2024-05-26T05:30:00,short,100,69005,69143
2024-05-26T05:30:00,2024-05-26T08:30:00,long,100,69143,69189
2024-05-26T08:30:00,2024-05-26T13:30:00,short,100,69143,69143
2024-05-26T13:30:00,2024-05-26T14:00:00,long,100,69189,69051
2024-05-26T14:00:00,2024-05-26T14:30:00,short,100,69051,69189
2024-05-26T14:30:00,2024-05-26T15:30:00,long,100,69189,69189
2024-05-26T15:30:00,2024-05-26T19:30:00,short,100,69143,68913
2024-05-26T19:30:00,2024-05-26T20:00:00,long,100,68959,68821
2024-05-26T20:00:00,2024-05-26T22:00:00,short,100,68775,68637
2024-05-26T22:00:00,2024-05-26T22:30:00,long,100,68637,68591
2024-05-26T23:00:00,2024-05-27T00:00:00,short,100,68499,68591
2024-05-27T00:00:00,2024-05-27T03:30:00,long,100,68591,69005
2024-05-27T03:30:00,2024-05-27T05:30:00,short,100,69005,68545
2024-05-27T05:30:00,2024-05-27T06:30:00,long,100,68545,68453
2024-05-27T06:30:00,2024-05-27T07:00:00,short,100,68407,68545
2024-05-27T07:00:00,2024-05-27T08:30:00,long,100,68545,68683
2024-05-27T08:30:00,2024-05-27T12:30:00,short,100,68637,68637
2024-05-27T12:30:00,2024-05-27T16:30:00,long,100,68683,70339
2024-05-27T16:30:00,2024-05-27T20:00:00,short,100,70339,69465
2024-05-27T20:00:00,2024-05-27T22:00:00,long,100,69465,69695
2024-05-27T22:30:00,2024-05-28T02:00:00,short,100,69603,68821
2024-05-28T02:00:00,2024-05-28T02:30:00,long,100,68821,68683
2024-05-28T03:00:00,2024-05-28T05:30:00,short,100,68499,67947
2024-05-28T05:30:00,2024-05-28T06:00:00,long,100,67947,67947
2024-05-28T06:30:00,2024-05-28T07:00:00,long,100,67947,67855
2024-05-28T07:30:00,2024-05-28T08:00:00,short,100,67763,67855
2024-05-28T08:00:00,2024-05-28T11:00:00,long,100,67855,68499
2024-05-28T11:00:00,2024-05-28T13:00:00,short,100,68499,68407
2024-05-28T13:30:00,2024-05-28T14:00:00,short,100,68315,67901
2024-05-28T14:00:00,2024-05-28T14:30:00,long,100,67901,67947
2024-05-28T15:30:00,2024-05-28T16:00:00,long,100,68085,68269
2024-05-28T16:00:00,2024-05-28T17:00:00,short,100,68223,67901
2024-05-28T17:00:00,2024-05-28T17:30:00,long,100,67947,67855
2024-05-28T17:30:00,2024-05-28T18:00:00,short,100,67809,67901
2024-05-28T18:00:00,2024-05-28T20:30:00,long,100,67901,68315
2024-05-28T20:30:00,2024-05-28T21:00:00,short,100,68315,68453
2024-05-28T21:00:00,2024-05-28T23:00:00,long,100,68453,68499
2024-05-28T23:00:00,2024-05-29T00:30:00,short,100,68499,68545
2024-05-29T02:00:00,2024-05-29T02:30:00,long,100,68637,68775
2024-05-29T02:30:00,2024-05-29T03:00:00,short,100,68775,68821
2024-05-29T04:00:00,2024-05-29T05:00:00,long,100,68913,68775
2024-05-29T05:00:00,2024-05-29T10:00:00,short,100,68775,67993
2024-05-29T10:00:00,2024-05-29T11:00:00,long,100,67993,67947
2024-05-29T11:30:00,2024-05-29T12:30:00,short,100,67809,67947
2024-05-29T12:30:00,2024-05-29T14:00:00,long,100,67947,67809
2024-05-29T14:00:00,2024-05-29T16:30:00,short,100,67717,67533
2024-05-29T16:30:00,2024-05-29T18:00:00,long,100,67533,67487
2024-05-29T18:00:00,2024-05-29T19:00:00,short,100,67395,67441
2024-05-29T19:00:00,2024-05-29T19:30:00,long,100,67441,67625
2024-05-29T19:30:00,2024-05-29T20:30:00,short,100,67579,67395
2024-05-29T20:30:00,2024-05-30T00:30:00,long,100,67441,67625
2024-05-30T00:30:00,2024-05-30T01:30:00,short,100,67579,67717
2024-05-30T01:30:00,2024-05-30T02:30:00,long,100,67717,67993
2024-05-30T02:30:00,2024-05-30T03:30:00,short,100,67993,68085
2024-05-30T04:00:00,2024-05-30T05:00:00,long,100,68177,68085
2024-05-30T05:00:00,2024-05-30T08:30:00,short,100,68085,67579
2024-05-30T08:30:00,2024-05-30T09:00:00,long,100,67579,67625
2024-05-30T09:30:00,2024-05-30T11:30:00,long,100,67717,67947
2024-05-30T11:30:00,2024-05-30T12:00:00,short,100,67901,67947
2024-05-30T12:00:00,2024-05-30T14:30:00,long,100,67993,68499
2024-05-30T14:30:00,2024-05-30T15:30:00,short,100,68499,68499
2024-05-30T16:00:00,2024-05-30T16:30:00,short,100,68407,68545
2024-05-30T16:30:00,2024-05-30T19:00:00,long,100,68591,69235
2024-05-30T19:00:00,2024-05-30T23:00:00,short,100,69235,68499
2024-05-30T23:00:00,2024-05-30T23:30:00,long,100,68499,68361
2024-05-31T00:30:00,2024-05-31T05:00:00,long,100,68499,68407
2024-05-31T05:30:00,2024-05-31T06:30:00,long,100,68499,68361
2024-05-31T06:30:00,2024-05-31T07:00:00,short,100,68315,68407
2024-05-31T07:00:00,2024-05-31T07:30:00,long,100,68407,68269
2024-05-31T07:30:00,2024-05-31T10:00:00,short,100,68269,68085
2024-05-31T10:00:00,2024-05-31T13:30:00,long,100,68085,68545
2024-05-31T13:30:00,2024-05-31T16:30:00,short,100,68545,67165
2024-05-31T16:30:00,2024-05-31T21:30:00,long,100,67165,67579
2024-05-31T23:00:00,2024-05-31T23:30:00,short,100,67533,67441
2024-05-31T23:30:00,2024-06-01T05:00:00,long,100,67487,67579
2024-06-01T05:30:00,2024-06-01T15:30:00,long,100,67717,67671
2024-06-01T15:30:00,2024-06-01T17:30:00,short,100,67671,67809
2024-06-01T17:30:00,2024-06-02T01:30:00,long,100,67809,67763
2024-06-02T01:30:00,2024-06-02T04:30:00,short,100,67763,67901
2024-06-02T04:30:00,2024-06-02T05:30:00,long,100,67901,67763
2024-06-02T05:30:00,2024-06-02T06:30:00,short,100,67763,67855
2024-06-02T07:30:00,2024-06-02T11:30:00,short,100,67717,67717
2024-06-02T11:30:00,2024-06-02T12:00:00,long,100,67763,68177
2024-06-02T12:00:00,2024-06-02T13:00:00,short,100,68177,68131
2024-06-02T14:00:00,2024-06-02T15:00:00,long,100,68223,68223
2024-06-02T15:00:00,2024-06-02T15:30:00,short,100,68223,68223
2024-06-02T16:00:00,2024-06-02T18:30:00,short,100,68085,67763
2024-06-02T18:30:00,2024-06-02T19:00:00,long,100,67763,67625
2024-06-02T19:00:00,2024-06-02T19:30:00,short,100,67625,67717
2024-06-02T19:30:00,2024-06-02T23:30:00,long,100,67717,67809
2024-06-03T00:00:00,2024-06-03T00:30:00,short,100,67717,67855
2024-06-03T00:30:00,2024-06-03T02:30:00,long,100,67855,68499
2024-06-03T02:30:00,2024-06-03T04:30:00,short,100,68499,68499
2024-06-03T05:30:00,2024-06-03T07:00:00,long,100,68637,68959
2024-06-03T07:00:00,2024-06-03T08:00:00,short,100,68959,69051
2024-06-03T08:00:00,2024-06-03T08:30:00,long,100,69189,69189
2024-06-03T08:30:00,2024-06-03T10:00:00,short,100,69189,69189
2024-06-03T10:30:00,2024-06-03T11:00:00,short,100,69097,69051
2024-06-03T11:00:00,2024-06-03T11:30:00,long,100,69097,69097
2024-06-03T11:30:00,2024-06-03T12:00:00,short,100,69097,69235
2024-06-03T12:00:00,2024-06-03T14:30:00,long,100,69235,69695
2024-06-03T14:30:00,2024-06-03T15:00:00,short,100,69695,68913
2024-06-03T15:00:00,2024-06-03T16:00:00,long,100,68913,69465
2024-06-03T16:00:00,2024-06-03T17:30:00,short,100,69465,69281
2024-06-03T17:30:00,2024-06-03T19:00:00,long,100,69327,69189
2024-06-03T19:00:00,2024-06-03T19:30:00,short,100,69189,69281
2024-06-03T19:30:00,2024-06-03T20:30:00,long,100,69281,69281
2024-06-03T20:30:00,2024-06-04T00:30:00,short,100,69235,69005
2024-06-04T00:30:00,2024-06-04T02:30:00,long,100,69005,69143
2024-06-04T03:00:00,2024-06-04T04:30:00,long,100,69281,69143
2024-06-04T04:30:00,2024-06-04T08:00:00,short,100,69143,69097
2024-06-04T08:00:00,2024-06-04T08:30:00,long,100,69143,69005
2024-06-04T08:30:00,2024-06-04T10:00:00,short,100,69005,68867
2024-06-04T10:00:00,2024-06-04T17:00:00,long,100,68867,70707
2024-06-04T17:00:00,2024-06-04T17:30:00,short,100,70707,70615
2024-06-04T18:00:00,2024-06-04T18:30:00,long,100,70753,70799
2024-06-04T18:30:00,2024-06-04T20:30:00,short,100,70799,70431
2024-06-04T21:00:00,2024-06-04T22:30:00,long,100,70477,70569
2024-06-04T23:00:00,2024-06-05T00:00:00,short,100,70523,70615
2024-06-05T00:00:00,2024-06-05T02:30:00,long,100,70615,70845
2024-06-05T02:30:00,2024-06-05T03:30:00,short,100,70845,70983
2024-06-05T03:30:00,2024-06-05T05:00:00,long,100,70983,71029
2024-06-05T05:00:00,2024-06-05T06:30:00,short,100,71029,71167
2024-06-05T07:30:00,2024-06-05T08:30:00,long,100,71213,71075
2024-06-05T08:30:00,2024-06-05T09:00:00,short,100,71075,71075
2024-06-05T09:30:00,2024-06-05T11:00:00,short,100,70937,70983
2024-06-05T12:00:00,2024-06-05T12:30:00,short,100,70845,70891
2024-06-05T12:30:00,2024-06-05T13:30:00,long,100,70891,70983
2024-06-05T13:30:00,2024-06-05T14:30:00,short,100,70937,70845
2024-06-05T14:30:00,2024-06-05T16:30:00,long,100,70891,71489
2024-06-05T16:30:00,2024-06-05T17:00:00,short,100,71489,71443
2024-06-05T17:30:00,2024-06-05T18:00:00,long,100,71535,71489
2024-06-05T18:00:00,2024-06-05T19:30:00,short,100,71489,71121
2024-06-05T19:30:00,2024-06-05T21:00:00,long,100,71121,71167
2024-06-05T21:00:00,2024-06-05T21:30:00,short,100,71075,71167
2024-06-05T21:30:00,2024-06-05T23:00:00,long,100,71167,71029
2024-06-05T23:00:00,2024-06-05T23:30:00,short,100,71029,71029
2024-06-05T23:30:00,2024-06-06T00:30:00,long,100,71029,71029
2024-06-06T00:30:00,2024-06-06T01:00:00,short,100,70983,71121
2024-06-06T01:00:00,2024-06-06T03:30:00,long,100,71121,71075
2024-06-06T03:30:00,2024-06-06T04:30:00,short,100,71029,71121
2024-06-06T04:30:00,2024-06-06T05:00:00,long,100,71121,70983
2024-06-06T05:00:00,2024-06-06T06:00:00,short,100,70983,70983
2024-06-06T06:00:00,2024-06-06T08:30:00,long,100,70983,70891
2024-06-06T08:30:00,2024-06-06T09:00:00,short,100,70891,71029
2024-06-06T09:00:00,2024-06-06T12:30:00,long,100,71029,71213
2024-06-06T12:30:00,2024-06-06T14:30:00,short,100,71167,71305
2024-06-06T14:30:00,2024-06-06T15:30:00,long,100,71305,71443
2024-06-06T15:30:00,2024-06-06T17:00:00,short,100,71443,71121
2024-06-06T17:00:00,2024-06-06T18:00:00,long,100,71167,71075
2024-06-06T18:00:00,2024-06-06T20:30:00,short,100,71029,70661
2024-06-06T20:30:00,2024-06-07T01:00:00,long,100,70661,70753
2024-06-07T01:30:00,2024-06-07T02:00:00,long,100,70891,70753
2024-06-07T02:30:00,2024-06-07T07:30:00,long,100,70891,71167
2024-06-07T07:30:00,2024-06-07T09:00:00,short,100,71167,71259
2024-06-07T09:30:00,2024-06-07T12:30:00,long,100,71305,71765
2024-06-07T12:30:00,2024-06-07T13:00:00,short,100,71765,71351
2024-06-07T13:00:00,2024-06-07T14:00:00,long,100,71397,71397
2024-06-07T14:00:00,2024-06-07T18:30:00,short,100,71351,69189
2024-06-07T18:30:00,2024-06-07T20:00:00,long,100,69189,69097
2024-06-07T20:30:00,2024-06-07T21:30:00,long,100,69189,69235
2024-06-07T22:00:00,2024-06-07T23:00:00,long,100,69373,69327
2024-06-08T00:00:00,2024-06-08T04:00:00,long,100,69465,69373
2024-06-08T04:00:00,2024-06-08T07:00:00,short,100,69373,69511
2024-06-08T07:00:00,2024-06-08T08:00:00,long,100,69511,69419
2024-06-08T08:00:00,2024-06-08T11:00:00,short,100,69419,69557
2024-06-08T11:00:00,2024-06-08T11:30:00,long,100,69557,69419
2024-06-08T11:30:00,2024-06-08T13:30:00,short,100,69419,69419
2024-06-08T13:30:00,2024-06-08T14:00:00,long,100,69465,69327
2024-06-08T14:00:00,2024-06-08T14:30:00,short,100,69327,69465
2024-06-08T14:30:00,2024-06-08T16:00:00,long,100,69465,69373
2024-06-08T16:00:00,2024-06-08T17:00:00,short,100,69373,69465
2024-06-08T17:00:00,2024-06-08T22:00:00,long,100,69465,69327
2024-06-08T22:00:00,2024-06-09T04:30:00,short,100,69327,69373
2024-06-09T04:30:00,2024-06-09T13:00:00,long,100,69373,69557
2024-06-09T13:00:00,2024-06-09T14:30:00,short,100,69511,69511
2024-06-09T16:00:00,2024-06-09T19:30:00,long,100,69557,69695
2024-06-09T19:30:00,2024-06-10T01:30:00,short,100,69695,69649
2024-06-10T02:00:00,2024-06-10T03:30:00,long,100,69695,69603
2024-06-10T03:30:00,2024-06-10T08:00:00,short,100,69603,69465
2024-06-10T08:00:00,2024-06-10T08:30:00,long,100,69511,69373
2024-06-10T08:30:00,2024-06-10T09:30:00,short,100,69373,69465
2024-06-10T09:30:00,2024-06-10T12:30:00,long,100,69465,69373
2024-06-10T14:00:00,2024-06-10T16:00:00,long,100,69511,69879
2024-06-10T16:00:00,2024-06-10T16:30:00,short,100,69879,69925
2024-06-10T16:30:00,2024-06-10T17:00:00,long,100,70017,69879
2024-06-10T17:00:00,2024-06-10T17:30:00,short,100,69879,69971
2024-06-10T17:30:00,2024-06-10T18:00:00,long,100,70017,69925
2024-06-10T18:00:00,2024-06-10T20:00:00,short,100,69925,69649
2024-06-10T22:00:00,2024-06-11T03:00:00,short,100,69511,68315
2024-06-11T03:00:00,2024-06-11T04:00:00,long,100,68315,68361
2024-06-11T04:00:00,2024-06-11T04:30:00,short,100,68223,68085
2024-06-11T04:30:00,2024-06-11T05:00:00,long,100,68085,67947
2024-06-11T05:00:00,2024-06-11T07:00:00,short,100,67855,67855
2024-06-11T07:00:00,2024-06-11T07:30:00,long,100,67855,67717
2024-06-11T07:30:00,2024-06-11T10:00:00,short,100,67625,67257
2024-06-11T10:00:00,2024-06-11T10:30:00,long,100,67257,67165
2024-06-11T10:30:00,2024-06-11T12:30:00,short,100,67027,66981
2024-06-11T12:30:00,2024-06-11T13:30:00,long,100,66981,67119
2024-06-11T13:30:00,2024-06-11T14:00:00,short,100,67027,66935
2024-06-11T14:00:00,2024-06-11T14:30:00,long,100,66935,66843
2024-06-11T15:30:00,2024-06-11T16:00:00,short,100,66797,66429
2024-06-11T16:00:00,2024-06-11T16:30:00,long,100,66429,66521
2024-06-11T17:00:00,2024-06-11T17:30:00,short,100,66429,66475
2024-06-11T17:30:00,2024-06-11T20:30:00,long,100,66475,67257
2024-06-11T20:30:00,2024-06-11T21:30:00,short,100,67257,67395
2024-06-12T00:00:00,2024-06-12T01:30:00,short,100,67257,67119
2024-06-12T01:30:00,2024-06-12T02:30:00,long,100,67211,67395
2024-06-12T02:30:00,2024-06-12T04:00:00,short,100,67395,67533
2024-06-12T04:00:00,2024-06-12T05:00:00,long,100,67533,67441
2024-06-12T05:00:00,2024-06-12T07:00:00,short,100,67441,67441
2024-06-12T09:30:00,2024-06-12T11:00:00,long,100,67533,67855
2024-06-12T11:00:00,2024-06-12T12:00:00,short,100,67855,67947
2024-06-12T12:00:00,2024-06-12T13:00:00,long,100,68039,69189
2024-06-12T13:00:00,2024-06-12T13:30:00,short,100,69189,69327
2024-06-12T14:00:00,2024-06-12T15:00:00,long,100,69557,69833
2024-06-12T15:00:00,2024-06-12T16:30:00,short,100,69833,69511
2024-06-12T16:30:00,2024-06-12T18:00:00,long,100,69603,69649
2024-06-12T18:00:00,2024-06-12T20:00:00,short,100,69603,67717
2024-06-12T20:00:00,2024-06-12T22:00:00,long,100,67717,68361
2024-06-12T22:00:00,2024-06-13T00:30:00,short,100,68361,68361
2024-06-13T01:00:00,2024-06-13T04:00:00,short,100,68223,67579
2024-06-13T04:00:00,2024-06-13T04:30:00,long,100,67579,67579
2024-06-13T04:30:00,2024-06-13T05:00:00,short,100,67441,67441
2024-06-13T05:00:00,2024-06-13T06:00:00,long,100,67441,67487
2024-06-13T07:00:00,2024-06-13T08:00:00,long,100,67579,67579
2024-06-13T09:00:00,2024-06-13T10:30:00,short,100,67533,67579
2024-06-13T10:30:00,2024-06-13T11:30:00,long,100,67579,67763
2024-06-13T11:30:00,2024-06-13T12:00:00,short,100,67717,67855
2024-06-13T12:00:00,2024-06-13T12:30:00,long,100,67855,67763
2024-06-13T12:30:00,2024-06-13T13:00:00,short,100,67763,67901
2024-06-13T13:00:00,2024-06-13T13:30:00,long,100,67901,67947
2024-06-13T13:30:00,2024-06-13T14:30:00,short,100,67947,67441
2024-06-13T14:30:00,2024-06-13T15:00:00,long,100,67441,67303
2024-06-13T15:00:00,2024-06-13T16:00:00,short,100,67257,66659
2024-06-13T16:00:00,2024-06-13T17:00:00,long,100,66659,66843
2024-06-13T17:00:00,2024-06-13T17:30:00,short,100,66751,66843
2024-06-13T17:30:00,2024-06-13T18:00:00,long,100,66843,66843
2024-06-13T19:30:00,2024-06-13T21:30:00,short,100,66797,66797
2024-06-13T21:30:00,2024-06-13T22:00:00,long,100,66797,66889
2024-06-13T23:30:00,2024-06-14T01:30:00,short,100,66843,66797
2024-06-14T01:30:00,2024-06-14T03:00:00,long,100,66843,66843
2024-06-14T03:00:00,2024-06-14T04:00:00,short,100,66797,66889
2024-06-14T04:00:00,2024-06-14T04:30:00,long,100,66889,66751
2024-06-14T04:30:00,2024-06-14T05:00:00,short,100,66751,66843
2024-06-14T05:00:00,2024-06-14T06:00:00,long,100,66843,66889
2024-06-14T08:00:00,2024-06-14T09:00:00,long,100,67027,67073
2024-06-14T09:00:00,2024-06-14T11:00:00,short,100,67073,67073
2024-06-14T11:00:00,2024-06-14T13:30:00,long,100,67119,67211
2024-06-14T13:30:00,2024-06-14T14:30:00,short,100,67211,66889
2024-06-14T14:30:00,2024-06-14T15:00:00,long,100,66935,66889
2024-06-14T15:30:00,2024-06-14T17:00:00,short,100,66843,65463
2024-06-14T17:00:00,2024-06-14T17:30:00,long,100,65463,65417
2024-06-14T18:30:00,2024-06-14T19:30:00,long,100,65463,65509
2024-06-14T20:00:00,2024-06-14T20:30:00,long,100,65647,65785
2024-06-14T20:30:00,2024-06-14T21:00:00,short,100,65739,65877
2024-06-14T21:00:00,2024-06-14T22:00:00,long,100,65877,66061
2024-06-14T22:00:00,2024-06-15T00:00:00,short,100,66061,66107
2024-06-15T00:30:00,2024-06-15T01:30:00,long,100,66199,66061
2024-06-15T01:30:00,2024-06-15T02:00:00,short,100,66061,66199
2024-06-15T03:30:00,2024-06-15T05:30:00,long,100,66245,66199
2024-06-15T05:30:00,2024-06-15T06:00:00,short,100,66199,66337
2024-06-15T06:00:00,2024-06-15T06:30:00,long,100,66337,66199
2024-06-15T06:30:00,2024-06-15T08:30:00,short,100,66199,66245
2024-06-15T10:30:00,2024-06-15T14:00:00,long,100,66291,66199
2024-06-15T14:00:00,2024-06-15T15:00:00,short,100,66199,66337
2024-06-15T15:00:00,2024-06-15T16:00:00,long,100,66337,66245
2024-06-15T16:00:00,2024-06-15T21:00:00,short,100,66245,66153
2024-06-15T22:30:00,2024-06-16T01:00:00,long,100,66199,66107
2024-06-16T01:00:00,2024-06-16T05:00:00,short,100,66107,66245
2024-06-16T05:00:00,2024-06-16T11:00:00,long,100,66245,66567
2024-06-16T11:00:00,2024-06-16T12:00:00,short,100,66567,66659
2024-06-16T13:30:00,2024-06-16T14:00:00,long,100,66705,66613
2024-06-16T14:00:00,2024-06-16T15:30:00,short,100,66613,66705
2024-06-16T15:30:00,2024-06-16T16:00:00,long,100,66751,66613
2024-06-16T16:00:00,2024-06-16T22:00:00,short,100,66613,66705
2024-06-16T22:00:00,2024-06-16T23:00:00,long,100,66751,66613
2024-06-16T23:00:00,2024-06-17T00:00:00,short,100,66613,66751
2024-06-17T00:00:00,2024-06-17T00:30:00,long,100,66751,66659
2024-06-17T00:30:00,2024-06-17T04:00:00,short,100,66659,66383
2024-06-17T04:30:00,2024-06-17T05:30:00,long,100,66429,66383
2024-06-17T05:30:00,2024-06-17T07:00:00,short,100,66337,66337
2024-06-17T07:00:00,2024-06-17T07:30:00,long,100,66337,66199
2024-06-17T07:30:00,2024-06-17T10:30:00,short,100,66199,65785
2024-06-17T10:30:00,2024-06-17T11:30:00,long,100,65785,65831
2024-06-17T12:00:00,2024-06-17T14:00:00,short,100,65739,65371
2024-06-17T14:00:00,2024-06-17T14:30:00,long,100,65371,65463
2024-06-17T15:30:00,2024-06-17T16:00:00,short,100,65371,65509
2024-06-17T16:00:00,2024-06-17T19:00:00,long,100,65509,66935
2024-06-17T19:00:00,2024-06-17T21:00:00,short,100,66935,66567
2024-06-17T21:00:00,2024-06-17T23:00:00,long,100,66613,66521
2024-06-17T23:00:00,2024-06-18T02:00:00,short,100,66521,65325
2024-06-18T02:00:00,2024-06-18T04:30:00,long,100,65325,65555
2024-06-18T05:00:00,2024-06-18T05:30:00,long,100,65693,65693
2024-06-18T05:30:00,2024-06-18T07:00:00,short,100,65647,65693
2024-06-18T08:30:00,2024-06-18T09:00:00,long,100,65739,65601
2024-06-18T09:00:00,2024-06-18T11:30:00,short,100,65601,65371
2024-06-18T11:30:00,2024-06-18T12:00:00,long,100,65371,65279
2024-06-18T12:00:00,2024-06-18T12:30:00,short,100,65233,65187
2024-06-18T12:30:00,2024-06-18T13:00:00,long,100,65187,65141
2024-06-18T13:00:00,2024-06-18T14:00:00,short,100,65049,65049
2024-06-18T14:00:00,2024-06-18T14:30:00,long,100,65049,64957
2024-06-18T14:30:00,2024-06-18T15:30:00,short,100,64911,64635
2024-06-18T15:30:00,2024-06-18T17:00:00,long,100,64635,64589
2024-06-18T17:00:00,2024-06-18T17:30:00,short,100,64497,64589
2024-06-18T17:30:00,2024-06-18T19:00:00,long,100,64589,64589
2024-06-18T19:30:00,2024-06-18T20:30:00,short,100,64497,64635
2024-06-18T20:30:00,2024-06-18T23:00:00,long,100,64635,65141
2024-06-18T23:00:00,2024-06-19T00:30:00,short,100,65141,65049
2024-06-19T00:30:00,2024-06-19T01:30:00,long,100,65141,65049
2024-06-19T01:30:00,2024-06-19T02:00:00,short,100,65049,65187
2024-06-19T02:00:00,2024-06-19T02:30:00,long,100,65187,65371
2024-06-19T02:30:00,2024-06-19T03:00:00,short,100,65371,65463
2024-06-19T03:00:00,2024-06-19T04:30:00,long,100,65509,65417
2024-06-19T04:30:00,2024-06-19T06:30:00,short,100,65417,65555
2024-06-19T06:30:00,2024-06-19T07:00:00,long,100,65601,65509
2024-06-19T07:00:00,2024-06-19T07:30:00,short,100,65509,65371
2024-06-19T08:00:00,2024-06-19T09:30:00,short,100,65233,65325
2024-06-19T09:30:00,2024-06-19T10:00:00,long,100,65325,65187
2024-06-19T10:00:00,2024-06-19T10:30:00,short,100,65187,65279
2024-06-19T10:30:00,2024-06-19T11:30:00,long,100,65279,65417
2024-06-19T11:30:00,2024-06-19T16:00:00,short,100,65371,65095
2024-06-19T16:30:00,2024-06-19T17:00:00,short,100,64957,65049
2024-06-19T17:00:00,2024-06-19T17:30:00,long,100,65049,65095
2024-06-19T18:30:00,2024-06-19T21:00:00,short,100,65003,65003
2024-06-19T21:00:00,2024-06-19T22:00:00,long,100,65003,64957
2024-06-19T22:30:00,2024-06-19T23:30:00,short,100,64911,65003
2024-06-19T23:30:00,2024-06-20T00:00:00,long,100,65003,64911
2024-06-20T00:00:00,2024-06-20T00:30:00,short,100,64911,65049
2024-06-20T00:30:00,2024-06-20T01:30:00,long,100,65049,65141
2024-06-20T04:30:00,2024-06-20T08:30:00,long,100,65279,65693
2024-06-20T08:30:00,2024-06-20T10:30:00,short,100,65693,65785
2024-06-20T10:30:00,2024-06-20T11:30:00,long,100,65877,66291
2024-06-20T11:30:00,2024-06-20T16:30:00,short,100,66291,64865
2024-06-20T16:30:00,2024-06-20T17:00:00,long,100,64865,64773
2024-06-20T17:30:00,2024-06-20T19:30:00,long,100,64911,65049
2024-06-20T21:00:00,2024-06-20T21:30:00,long,100,65187,65095
2024-06-20T21:30:00,2024-06-21T01:30:00,short,100,65095,65003
2024-06-21T02:30:00,2024-06-21T04:30:00,short,100,64865,64681
2024-06-21T04:30:00,2024-06-21T05:00:00,long,100,64681,64589
2024-06-21T05:30:00,2024-06-21T07:30:00,long,100,64727,64589
2024-06-21T07:30:00,2024-06-21T09:00:00,short,100,64543,63807
2024-06-21T09:00:00,2024-06-21T10:00:00,long,100,63807,63945
2024-06-21T11:00:00,2024-06-21T11:30:00,long,100,64037,63899
2024-06-21T11:30:00,2024-06-21T14:00:00,short,100,63853,63807
2024-06-21T14:00:00,2024-06-21T15:00:00,long,100,63807,64083
2024-06-21T15:00:00,2024-06-21T18:00:00,short,100,64037,63761
2024-06-21T18:00:00,2024-06-21T19:00:00,long,100,63807,64037
2024-06-21T19:30:00,2024-06-21T21:00:00,long,100,64175,64129
2024-06-21T21:00:00,2024-06-21T21:30:00,short,100,64129,64037
2024-06-21T21:30:00,2024-06-22T00:00:00,long,100,64083,64037
2024-06-22T00:00:00,2024-06-22T01:30:00,short,100,64037,64175
2024-06-22T01:30:00,2024-06-22T08:00:00,long,100,64175,64359
2024-06-22T08:00:00,2024-06-23T00:30:00,short,100,64359,64405
2024-06-23T00:30:00,2024-06-23T01:00:00,long,100,64451,64405
2024-06-23T01:00:00,2024-06-23T02:30:00,short,100,64405,64543
2024-06-23T02:30:00,2024-06-23T03:30:00,long,100,64543,64405
2024-06-23T03:30:00,2024-06-23T17:00:00,short,100,64405,64129
2024-06-23T20:00:00,2024-06-23T21:30:00,short,100,63991,63899
2024-06-23T21:30:00,2024-06-23T22:00:00,long,100,63899,63761
2024-06-23T22:00:00,2024-06-24T01:00:00,short,100,63715,63255
2024-06-24T01:00:00,2024-06-24T02:30:00,long,100,63255,63163
2024-06-24T02:30:00,2024-06-24T03:00:00,short,100,63025,63025
2024-06-24T03:00:00,2024-06-24T03:30:00,long,100,63025,62887
2024-06-24T04:00:00,2024-06-24T07:30:00,short,100,62795,62473
2024-06-24T07:30:00,2024-06-24T09:00:00,long,100,62473,62611
2024-06-24T09:00:00,2024-06-24T11:30:00,short,100,62519,61047
2024-06-24T11:30:00,2024-06-24T14:00:00,long,100,61047,61415
2024-06-24T14:00:00,2024-06-24T17:30:00,short,100,61369,60173
2024-06-24T17:30:00,2024-06-24T19:00:00,long,100,60173,60265
2024-06-24T19:00:00,2024-06-24T20:30:00,short,100,60127,59069
2024-06-24T20:30:00,2024-06-25T05:30:00,long,100,59069,61231
2024-06-25T05:30:00,2024-06-25T06:30:00,short,100,61231,61185
2024-06-25T07:00:00,2024-06-25T08:30:00,short,100,61047,60863
2024-06-25T08:30:00,2024-06-25T10:00:00,long,100,60909,61323
2024-06-25T10:00:00,2024-06-25T13:00:00,short,100,61323,61185
2024-06-25T13:00:00,2024-06-25T13:30:00,long,100,61277,61139
2024-06-25T13:30:00,2024-06-25T14:00:00,short,100,61139,61277
2024-06-25T14:00:00,2024-06-25T14:30:00,long,100,61277,61967
2024-06-25T14:30:00,2024-06-25T17:00:00,short,100,61967,61553
2024-06-25T17:00:00,2024-06-25T17:30:00,long,100,61599,61599
2024-06-25T17:30:00,2024-06-25T18:00:00,short,100,61553,61461
2024-06-25T18:00:00,2024-06-25T19:00:00,long,100,61461,61967
2024-06-25T19:00:00,2024-06-25T22:00:00,short,100,61967,62059
2024-06-25T22:00:00,2024-06-25T22:30:00,long,100,62151,62013
2024-06-25T22:30:00,2024-06-26T01:00:00,short,100,62013,61875
2024-06-26T01:00:00,2024-06-26T02:30:00,long,100,61921,62013
2024-06-26T02:30:00,2024-06-26T07:30:00,short,100,61967,61691
2024-06-26T07:30:00,2024-06-26T08:00:00,long,100,61737,61599
2024-06-26T08:00:00,2024-06-26T11:30:00,short,100,61553,61415
2024-06-26T11:30:00,2024-06-26T15:00:00,long,100,61415,61599
2024-06-26T15:00:00,2024-06-26T15:30:00,short,100,61507,61507
2024-06-26T16:30:00,2024-06-26T19:30:00,short,100,61369,61001
2024-06-26T19:30:00,2024-06-26T20:00:00,long,100,61001,60863
2024-06-26T20:00:00,2024-06-26T20:30:00,short,100,60771,60909
2024-06-26T20:30:00,2024-06-26T22:00:00,long,100,60909,60909
2024-06-27T00:00:00,2024-06-27T00:30:00,short,100,60817,60955
2024-06-27T00:30:00,2024-06-27T05:00:00,long,100,60955,61001
2024-06-27T05:00:00,2024-06-27T08:30:00,short,100,60955,60909
2024-06-27T09:00:00,2024-06-27T10:30:00,long,100,60955,61139
2024-06-27T10:30:00,2024-06-27T11:30:00,short,100,61093,61231
2024-06-27T11:30:00,2024-06-27T12:30:00,long,100,61231,61323
2024-06-27T12:30:00,2024-06-27T13:00:00,short,100,61323,61461
2024-06-27T13:00:00,2024-06-27T14:30:00,long,100,61461,62059
2024-06-27T14:30:00,2024-06-27T16:30:00,short,100,62059,61737
2024-06-27T17:00:00,2024-06-27T17:30:00,long,100,61783,61829
2024-06-27T19:00:00,2024-06-27T21:00:00,short,100,61783,61599
2024-06-27T21:00:00,2024-06-28T00:00:00,long,100,61599,61553
2024-06-28T00:00:00,2024-06-28T01:00:00,short,100,61507,61645
2024-06-28T01:00:00,2024-06-28T02:00:00,long,100,61645,61921
2024-06-28T02:00:00,2024-06-28T03:00:00,short,100,61875,61875
2024-06-28T04:00:00,2024-06-28T04:30:00,short,100,61737,61645
2024-06-28T04:30:00,2024-06-28T05:00:00,long,100,61691,61599
2024-06-28T05:00:00,2024-06-28T08:30:00,short,100,61553,61507
2024-06-28T08:30:00,2024-06-28T09:00:00,long,100,61507,61369
2024-06-28T09:00:00,2024-06-28T09:30:00,short,100,61369,61507
2024-06-28T09:30:00,2024-06-28T12:30:00,long,100,61507,61599
2024-06-28T12:30:00,2024-06-28T13:00:00,short,100,61553,61507
2024-06-28T13:30:00,2024-06-28T15:30:00,short,100,61369,61093
2024-06-28T15:30:00,2024-06-28T16:00:00,long,100,61093,60955
2024-06-28T16:00:00,2024-06-28T17:00:00,short,100,60909,61001
2024-06-28T17:00:00,2024-06-28T17:30:00,long,100,61001,60863
2024-06-28T18:00:00,2024-06-28T20:00:00,short,100,60771,60311
2024-06-28T20:00:00,2024-06-29T02:30:00,long,100,60311,60771
2024-06-29T07:00:00,2024-06-29T08:00:00,long,100,60909,61001
2024-06-29T08:00:00,2024-06-29T11:30:00,short,100,61001,61093
2024-06-29T14:00:00,2024-06-29T15:30:00,short,100,61001,61139
2024-06-29T16:00:00,2024-06-29T17:30:00,short,100,61001,61093
2024-06-29T22:00:00,2024-06-30T01:00:00,short,100,60955,61093
2024-06-30T01:30:00,2024-06-30T06:30:00,short,100,60955,60955
2024-06-30T06:30:00,2024-06-30T07:30:00,long,100,61001,61507
2024-06-30T07:30:00,2024-06-30T09:00:00,short,100,61507,61645
2024-06-30T09:00:00,2024-06-30T09:30:00,long,100,61691,61553
2024-06-30T09:30:00,2024-06-30T10:00:00,short,100,61553,61645
2024-06-30T12:30:00,2024-06-30T13:00:00,short,100,61507,61645
2024-06-30T17:00:00,2024-06-30T20:30:00,long,100,61737,62105
2024-06-30T20:30:00,2024-06-30T22:00:00,short,100,62105,62105
2024-06-30T22:00:00,2024-06-30T23:30:00,long,100,62243,62841
2024-06-30T23:30:00,2024-07-01T00:30:00,short,100,62841,62887
2024-07-01T01:00:00,2024-07-01T02:30:00,long,100,63025,63485
2024-07-01T02:30:00,2024-07-01T05:00:00,short,100,63485,63439
2024-07-01T07:00:00,2024-07-01T12:30:00,short,100,63301,62841
2024-07-01T12:30:00,2024-07-01T13:30:00,long,100,62841,62795
2024-07-01T13:30:00,2024-07-01T14:00:00,short,100,62703,62795
2024-07-01T14:00:00,2024-07-01T18:00:00,long,100,62795,63531
2024-07-01T18:00:00,2024-07-01T18:30:00,short,100,63531,63623
2024-07-01T19:00:00,2024-07-01T20:00:00,short,100,63531,63393
2024-07-01T21:00:00,2024-07-02T00:00:00,short,100,63255,63025
2024-07-02T00:00:00,2024-07-02T01:00:00,long,100,63025,62887
2024-07-02T01:00:00,2024-07-02T02:00:00,short,100,62887,63025
2024-07-02T02:00:00,2024-07-02T04:30:00,long,100,63025,63025
2024-07-02T06:00:00,2024-07-02T11:00:00,short,100,62933,62795
2024-07-02T11:00:00,2024-07-02T13:30:00,long,100,62795,62749
2024-07-02T13:30:00,2024-07-02T17:30:00,short,100,62703,62059
2024-07-02T17:30:00,2024-07-02T19:00:00,long,100,62059,62197
2024-07-02T19:00:00,2024-07-02T20:00:00,short,100,62105,62105
2024-07-02T20:00:00,2024-07-02T21:30:00,long,100,62105,61967
2024-07-02T21:30:00,2024-07-02T22:30:00,short,100,61967,62105
2024-07-02T22:30:00,2024-07-03T00:30:00,long,100,62105,62059
2024-07-03T01:30:00,2024-07-03T05:30:00,short,100,62013,61047
2024-07-03T05:30:00,2024-07-03T06:30:00,long,100,61047,61001
2024-07-03T08:30:00,2024-07-03T09:00:00,short,100,60817,60679
2024-07-03T09:00:00,2024-07-03T10:00:00,long,100,60679,60541
2024-07-03T10:00:00,2024-07-03T10:30:00,short,100,60403,60265
2024-07-03T10:30:00,2024-07-03T11:00:00,long,100,60265,60265
2024-07-03T11:30:00,2024-07-03T12:00:00,long,100,60357,60311
2024-07-03T12:00:00,2024-07-03T13:00:00,short,100,60219,60219
2024-07-03T13:00:00,2024-07-03T14:00:00,long,100,60219,60449
2024-07-03T14:00:00,2024-07-03T15:00:00,short,100,60403,60449
2024-07-03T15:30:00,2024-07-03T16:00:00,short,100,60311,60311
2024-07-03T16:00:00,2024-07-03T16:30:00,long,100,60357,60495
2024-07-03T17:30:00,2024-07-03T21:00:00,short,100,60449,59759
2024-07-03T21:00:00,2024-07-04T01:00:00,long,100,59759,60311
2024-07-04T01:00:00,2024-07-04T02:00:00,short,100,60311,58747
2024-07-04T02:00:00,2024-07-04T04:00:00,long,100,58747,58931
2024-07-04T04:00:00,2024-07-04T04:30:00,short,100,58839,58931
2024-07-04T04:30:00,2024-07-04T06:00:00,long,100,58931,58839
2024-07-04T06:00:00,2024-07-04T06:30:00,short,100,58793,58747
2024-07-04T06:30:00,2024-07-04T07:00:00,long,100,58747,58655
2024-07-04T07:00:00,2024-07-04T09:30:00,short,100,58609,57689
2024-07-04T09:30:00,2024-07-04T10:00:00,long,100,57689,57643
2024-07-04T10:30:00,2024-07-04T11:00:00,long,100,57689,57827
2024-07-04T11:00:00,2024-07-04T13:30:00,short,100,57735,57091
2024-07-04T13:30:00,2024-07-04T14:00:00,long,100,57091,57321
2024-07-04T14:00:00,2024-07-04T14:30:00,short,100,57229,57137
2024-07-04T14:30:00,2024-07-04T16:00:00,long,100,57137,58011
2024-07-04T16:00:00,2024-07-04T16:30:00,short,100,58011,58057
2024-07-04T16:30:00,2024-07-04T18:00:00,long,100,58195,58195
2024-07-04T18:00:00,2024-07-04T19:00:00,short,100,58195,58333
2024-07-04T19:00:00,2024-07-04T19:30:00,long,100,58425,58379
2024-07-04T19:30:00,2024-07-04T20:30:00,short,100,58379,58333
2024-07-04T21:00:00,2024-07-04T22:00:00,long,100,58425,58333
2024-07-04T22:00:00,2024-07-05T00:30:00,short,100,58333,57229
2024-07-05T00:30:00,2024-07-05T01:00:00,long,100,57229,57275
2024-07-05T01:00:00,2024-07-05T01:30:00,short,100,57137,57137
2024-07-05T01:30:00,2024-07-05T02:00:00,long,100,57137,57045
2024-07-05T02:00:00,2024-07-05T05:00:00,short,100,56953,54101
2024-07-05T05:00:00,2024-07-05T06:00:00,long,100,54101,54607
2024-07-05T06:00:00,2024-07-05T07:30:00,short,100,54561,54423
2024-07-05T08:00:00,2024-07-05T09:00:00,short,100,54285,54239
2024-07-05T09:00:00,2024-07-05T12:30:00,long,100,54239,55481
2024-07-05T12:30:00,2024-07-05T13:00:00,short,100,55481,55159
2024-07-05T13:00:00,2024-07-05T14:00:00,long,100,55251,55665
2024-07-05T14:00:00,2024-07-05T14:30:00,short,100,55665,55481
2024-07-05T14:30:00,2024-07-05T16:30:00,long,100,55573,56493
2024-07-05T16:30:00,2024-07-05T17:00:00,short,100,56493,56539
2024-07-05T17:00:00,2024-07-05T17:30:00,long,100,56723,56723
2024-07-05T17:30:00,2024-07-05T18:30:00,short,100,56723,56539
2024-07-05T19:00:00,2024-07-05T19:30:00,long,100,56631,56539
2024-07-05T19:30:00,2024-07-05T21:30:00,short,100,56539,56493
2024-07-05T21:30:00,2024-07-06T00:00:00,long,100,56539,56539
2024-07-06T00:00:00,2024-07-06T00:30:00,short,100,56493,56493
2024-07-06T00:30:00,2024-07-06T01:00:00,long,100,56539,56447
2024-07-06T01:00:00,2024-07-06T02:30:00,short,100,56447,56355
2024-07-06T02:30:00,2024-07-06T03:00:00,long,100,56355,56309
2024-07-06T03:30:00,2024-07-06T04:00:00,long,100,56447,56309
2024-07-06T04:00:00,2024-07-06T05:00:00,short,100,56309,56217
2024-07-06T05:00:00,2024-07-06T09:00:00,long,100,56217,56493
2024-07-06T09:00:00,2024-07-06T09:30:00,short,100,56447,56585
2024-07-06T09:30:00,2024-07-06T10:00:00,long,100,56585,56631
2024-07-06T10:00:00,2024-07-06T10:30:00,short,100,56631,56769
2024-07-06T10:30:00,2024-07-06T11:00:00,long,100,56769,56677
2024-07-06T11:00:00,2024-07-06T13:30:00,short,100,56677,56815
2024-07-06T13:30:00,2024-07-06T14:00:00,long,100,56861,56861
2024-07-06T14:00:00,2024-07-06T14:30:00,short,100,56861,56953
2024-07-06T14:30:00,2024-07-06T18:00:00,long,100,56999,57781
2024-07-06T18:00:00,2024-07-06T20:00:00,short,100,57781,57919
2024-07-06T20:00:00,2024-07-06T20:30:00,long,100,58103,57965
2024-07-06T20:30:00,2024-07-06T22:30:00,short,100,57965,58011
2024-07-06T22:30:00,2024-07-07T00:00:00,long,100,58149,58195
2024-07-07T00:00:00,2024-07-07T01:30:00,short,100,58195,58057
2024-07-07T01:30:00,2024-07-07T03:00:00,long,100,58149,58195
2024-07-07T03:00:00,2024-07-07T05:00:00,short,100,58195,57735
2024-07-07T05:00:00,2024-07-07T06:30:00,long,100,57735,57597
2024-07-07T07:00:00,2024-07-07T08:00:00,short,100,57551,57413
2024-07-07T08:00:00,2024-07-07T10:30:00,long,100,57413,57597
2024-07-07T10:30:00,2024-07-07T15:00:00,short,100,57505,56907
2024-07-07T15:00:00,2024-07-07T17:00:00,long,100,56907,56953
2024-07-07T17:00:00,2024-07-07T17:30:00,short,100,56815,56953
2024-07-07T17:30:00,2024-07-07T18:30:00,long,100,56953,57137
2024-07-07T19:00:00,2024-07-07T20:00:00,short,100,57091,57229
2024-07-07T20:00:00,2024-07-07T21:00:00,long,100,57229,57091
2024-07-07T21:00:00,2024-07-07T21:30:00,short,100,57091,56355
2024-07-07T21:30:00,2024-07-07T22:00:00,long,100,56355,56493
2024-07-07T22:30:00,2024-07-08T01:30:00,short,100,56401,54975
2024-07-08T01:30:00,2024-07-08T03:00:00,long,100,54975,55205
2024-07-08T03:00:00,2024-07-08T03:30:00,short,100,55113,55113
2024-07-08T03:30:00,2024-07-08T09:30:00,long,100,55113,57735
2024-07-08T09:30:00,2024-07-08T11:00:00,short,100,57735,56999
2024-07-08T11:00:00,2024-07-08T14:00:00,long,100,56999,57091
2024-07-08T14:00:00,2024-07-08T14:30:00,short,100,56999,55757
2024-07-08T14:30:00,2024-07-08T15:30:00,long,100,55757,56217
2024-07-08T15:30:00,2024-07-08T16:30:00,short,100,56171,55711
2024-07-08T16:30:00,2024-07-08T20:30:00,long,100,55711,56309
2024-07-08T20:30:00,2024-07-08T21:00:00,short,100,56309,56355
2024-07-08T21:00:00,2024-07-08T22:30:00,long,100,56447,56677
2024-07-08T22:30:00,2024-07-09T01:00:00,short,100,56677,56585
2024-07-09T01:00:00,2024-07-09T01:30:00,long,100,56677,56677
2024-07-09T01:30:00,2024-07-09T02:00:00,short,100,56677,56677
2024-07-09T02:00:00,2024-07-09T03:00:00,long,100,56723,57091
2024-07-09T03:00:00,2024-07-09T03:30:00,short,100,57091,56999
2024-07-09T03:30:00,2024-07-09T07:00:00,long,100,57091,57413
2024-07-09T07:00:00,2024-07-09T08:00:00,short,100,57413,57275
2024-07-09T08:00:00,2024-07-09T10:00:00,long,100,57367,57459
2024-07-09T10:00:00,2024-07-09T11:00:00,short,100,57459,57551
2024-07-09T11:30:00,2024-07-09T13:30:00,short,100,57413,57367
2024-07-09T14:00:00,2024-07-09T14:30:00,long,100,57413,57413
2024-07-09T14:30:00,2024-07-09T15:00:00,short,100,57367,57183
2024-07-09T15:00:00,2024-07-09T17:30:00,long,100,57229,57551
2024-07-09T17:30:00,2024-07-09T18:00:00,short,100,57505,57643
2024-07-09T18:00:00,2024-07-09T21:30:00,long,100,57689,57781
2024-07-09T21:30:00,2024-07-09T22:30:00,short,100,57781,57919
2024-07-09T22:30:00,2024-07-10T00:00:00,long,100,57965,57873
2024-07-10T00:00:00,2024-07-10T01:00:00,short,100,57873,57643
2024-07-10T01:00:00,2024-07-10T05:00:00,long,100,57689,59207
2024-07-10T05:00:00,2024-07-10T06:30:00,short,100,59207,59207
2024-07-10T07:00:00,2024-07-10T10:30:00,short,100,59115,58655
2024-07-10T10:30:00,2024-07-10T11:00:00,long,100,58655,58563
2024-07-10T11:00:00,2024-07-10T16:00:00,short,100,58517,57827
2024-07-10T16:00:00,2024-07-10T16:30:00,long,100,57827,57827
2024-07-10T16:30:00,2024-07-10T20:30:00,short,100,57689,57459
2024-07-10T20:30:00,2024-07-10T23:00:00,long,100,57459,57643
2024-07-11T00:00:00,2024-07-11T00:30:00,short,100,57551,57643
2024-07-11T00:30:00,2024-07-11T02:00:00,long,100,57643,58103
2024-07-11T02:00:00,2024-07-11T03:30:00,short,100,58103,57551
2024-07-11T03:30:00,2024-07-11T13:30:00,long,100,57551,58655
2024-07-11T13:30:00,2024-07-11T16:00:00,short,100,58655,57551
2024-07-11T16:00:00,2024-07-11T18:00:00,long,100,57551,57735
2024-07-11T18:30:00,2024-07-11T19:00:00,long,100,57873,57735
2024-07-11T19:00:00,2024-07-11T20:30:00,short,100,57689,57505
2024-07-11T20:30:00,2024-07-11T21:00:00,long,100,57505,57459
2024-07-11T21:00:00,2024-07-11T22:00:00,short,100,57413,57551
2024-07-11T22:00:00,2024-07-11T22:30:00,long,100,57551,57413
2024-07-11T22:30:00,2024-07-12T00:00:00,short,100,57367,57413
2024-07-12T00:00:00,2024-07-12T00:30:00,long,100,57413,57367
2024-07-12T00:30:00,2024-07-12T01:30:00,short,100,57321,56815
2024-07-12T01:30:00,2024-07-12T03:00:00,long,100,56815,57183
2024-07-12T03:00:00,2024-07-12T04:30:00,short,100,57137,56907
2024-07-12T04:30:00,2024-07-12T07:00:00,long,100,56953,57137
2024-07-12T07:00:00,2024-07-12T08:30:00,short,100,57091,57229
2024-07-12T08:30:00,2024-07-12T09:00:00,long,100,57229,57229
2024-07-12T09:00:00,2024-07-12T10:30:00,short,100,57229,57137
2024-07-12T10:30:00,2024-07-12T14:30:00,long,100,57183,57781
2024-07-12T14:30:00,2024-07-12T15:00:00,short,100,57781,57919
2024-07-12T15:00:00,2024-07-12T19:00:00,long,100,58011,58149
2024-07-12T19:00:00,2024-07-12T20:30:00,short,100,58149,57505
2024-07-12T20:30:00,2024-07-13T03:30:00,long,100,57505,57781
2024-07-13T05:00:00,2024-07-13T06:30:00,long,100,57919,58011
2024-07-13T06:30:00,2024-07-13T07:00:00,short,100,58011,58149
2024-07-13T07:00:00,2024-07-13T08:30:00,long,100,58149,58011
2024-07-13T08:30:00,2024-07-13T09:00:00,short,100,58011,58057
2024-07-13T09:00:00,2024-07-13T10:30:00,long,100,58149,58517
2024-07-13T10:30:00,2024-07-13T11:30:00,short,100,58517,58563
2024-07-13T12:30:00,2024-07-13T13:30:00,long,100,58655,58609
2024-07-13T13:30:00,2024-07-13T14:30:00,short,100,58609,58701
2024-07-13T14:30:00,2024-07-13T16:00:00,long,100,58793,58701
2024-07-13T16:00:00,2024-07-13T17:30:00,short,100,58701,58747
2024-07-13T18:00:00,2024-07-13T22:30:00,short,100,58609,58563
2024-07-13T22:30:00,2024-07-13T23:00:00,long,100,58609,59345
2024-07-13T23:00:00,2024-07-14T00:00:00,short,100,59345,59345
2024-07-14T00:30:00,2024-07-14T01:00:00,long,100,59483,59575
2024-07-14T01:00:00,2024-07-14T01:30:00,short,100,59575,59667
2024-07-14T02:00:00,2024-07-14T03:00:00,short,100,59575,59437
2024-07-14T03:00:00,2024-07-14T06:00:00,long,100,59483,60081
2024-07-14T06:00:00,2024-07-14T07:30:00,short,100,60081,60035
2024-07-14T08:00:00,2024-07-14T08:30:00,long,100,60127,60173
2024-07-14T08:30:00,2024-07-14T09:00:00,short,100,60173,60311
2024-07-14T09:30:00,2024-07-14T11:30:00,short,100,60173,60081
2024-07-14T11:30:00,2024-07-14T12:00:00,long,100,60127,59989
2024-07-14T12:00:00,2024-07-14T14:30:00,short,100,59989,59667
2024-07-14T14:30:00,2024-07-14T15:00:00,long,100,59667,59897
2024-07-14T15:30:00,2024-07-14T16:00:00,long,100,60035,59943
2024-07-14T16:00:00,2024-07-14T16:30:00,short,100,59943,60035
2024-07-14T16:30:00,2024-07-14T17:00:00,long,100,60035,59989
2024-07-14T17:00:00,2024-07-14T20:30:00,short,100,59989,60081
2024-07-14T20:30:00,2024-07-14T22:00:00,long,100,60081,61093
2024-07-14T22:00:00,2024-07-14T23:00:00,short,100,61093,61001
2024-07-14T23:00:00,2024-07-14T23:30:00,long,100,61139,61001
2024-07-14T23:30:00,2024-07-15T00:00:00,short,100,61001,60909
2024-07-15T00:00:00,2024-07-15T08:30:00,long,100,60955,62841
2024-07-15T08:30:00,2024-07-15T12:00:00,short,100,62841,62611
2024-07-15T12:00:00,2024-07-15T12:30:00,long,100,62703,62611
2024-07-15T12:30:00,2024-07-15T13:00:00,short,100,62611,62703
2024-07-15T13:00:00,2024-07-15T15:30:00,long,100,62703,63025
2024-07-15T15:30:00,2024-07-15T16:00:00,short,100,63025,63117
2024-07-15T16:00:00,2024-07-15T17:30:00,long,100,63209,63301
2024-07-15T17:30:00,2024-07-15T18:00:00,short,100,63301,63163
2024-07-15T18:00:00,2024-07-15T19:00:00,long,100,63255,63301
2024-07-15T19:00:00,2024-07-15T20:00:00,short,100,63301,63439
2024-07-15T20:00:00,2024-07-15T21:00:00,long,100,63439,63577
2024-07-15T21:00:00,2024-07-15T22:00:00,short,100,63577,63669
2024-07-15T22:00:00,2024-07-16T00:00:00,long,100,63715,64543
2024-07-16T00:00:00,2024-07-16T01:30:00,short,100,64543,64681
2024-07-16T01:30:00,2024-07-16T02:00:00,long,100,64865,64727
2024-07-16T02:00:00,2024-07-16T02:30:00,short,100,64727,64727
2024-07-16T04:00:00,2024-07-16T06:00:00,short,100,64681,63807
2024-07-16T06:00:00,2024-07-16T06:30:00,long,100,63807,63761
2024-07-16T06:30:00,2024-07-16T07:00:00,short,100,63623,63025
2024-07-16T07:00:00,2024-07-16T07:30:00,long,100,63025,62887
2024-07-16T08:00:00,2024-07-16T08:30:00,short,100,62703,62749
2024-07-16T08:30:00,2024-07-16T12:30:00,long,100,62749,63991
2024-07-16T12:30:00,2024-07-16T13:00:00,short,100,63991,63853
2024-07-16T13:30:00,2024-07-16T14:00:00,short,100,63715,63531
2024-07-16T14:00:00,2024-07-16T16:00:00,long,100,63577,64681
2024-07-16T16:00:00,2024-07-16T17:30:00,short,100,64681,64497
2024-07-16T18:00:00,2024-07-16T20:00:00,long,100,64589,65003
2024-07-16T20:00:00,2024-07-16T21:00:00,short,100,65003,64773
2024-07-16T21:30:00,2024-07-16T22:30:00,short,100,64635,64451
2024-07-16T22:30:00,2024-07-16T23:30:00,long,100,64451,65095
2024-07-16T23:30:00,2024-07-17T00:00:00,short,100,65095,65141
2024-07-17T00:00:00,2024-07-17T01:30:00,long,100,65233,65739
2024-07-17T01:30:00,2024-07-17T02:00:00,short,100,65739,65785
2024-07-17T02:30:00,2024-07-17T03:30:00,short,100,65647,65693
2024-07-17T04:30:00,2024-07-17T05:30:00,long,100,65785,65785
2024-07-17T05:30:00,2024-07-17T09:00:00,short,100,65785,65325
2024-07-17T09:00:00,2024-07-17T10:30:00,long,100,65325,65233
2024-07-17T10:30:00,2024-07-17T13:30:00,short,100,65187,64865
2024-07-17T13:30:00,2024-07-17T14:00:00,long,100,64865,65003
2024-07-17T14:00:00,2024-07-17T14:30:00,short,100,64911,64957
2024-07-17T14:30:00,2024-07-17T15:30:00,long,100,64957,65003
2024-07-17T15:30:00,2024-07-17T18:00:00,short,100,64957,64405
2024-07-17T18:00:00,2024-07-17T19:30:00,long,100,64405,64543
2024-07-17T21:00:00,2024-07-17T22:00:00,short,100,64451,64405
2024-07-17T22:00:00,2024-07-17T22:30:00,long,100,64405,64267
2024-07-17T22:30:00,2024-07-18T00:30:00,short,100,64267,64267
2024-07-18T00:30:00,2024-07-18T04:00:00,long,100,64267,64727
2024-07-18T04:00:00,2024-07-18T05:30:00,short,100,64727,64727
2024-07-18T06:00:00,2024-07-18T07:00:00,long,100,64819,64819
2024-07-18T07:00:00,2024-07-18T08:00:00,short,100,64819,64819
2024-07-18T08:30:00,2024-07-18T10:00:00,long,100,64865,64773
2024-07-18T10:00:00,2024-07-18T10:30:00,short,100,64773,64635
2024-07-18T11:30:00,2024-07-18T13:30:00,long,100,64681,64727
2024-07-18T13:30:00,2024-07-18T16:00:00,short,100,64681,63669
2024-07-18T16:00:00,2024-07-18T17:00:00,long,100,63669,63761
2024-07-18T17:30:00,2024-07-18T20:00:00,short,100,63623,63577
2024-07-18T20:00:00,2024-07-19T00:00:00,long,100,63577,63853
2024-07-19T00:00:00,2024-07-19T01:30:00,short,100,63807,63761
2024-07-19T01:30:00,2024-07-19T04:00:00,long,100,63807,64175
2024-07-19T04:00:00,2024-07-19T06:00:00,short,100,64175,64267
2024-07-19T06:00:00,2024-07-19T06:30:00,long,100,64359,64267
2024-07-19T06:30:00,2024-07-19T08:30:00,short,100,64267,63715
2024-07-19T08:30:00,2024-07-19T09:30:00,long,100,63715,63715
2024-07-19T10:00:00,2024-07-19T13:00:00,long,100,63807,64267
2024-07-19T13:00:00,2024-07-19T13:30:00,short,100,64267,64221
2024-07-19T13:30:00,2024-07-19T15:00:00,long,100,64313,65555
2024-07-19T15:00:00,2024-07-19T15:30:00,short,100,65555,65417
2024-07-19T15:30:00,2024-07-19T18:00:00,long,100,65555,66567
2024-07-19T18:00:00,2024-07-19T18:30:00,short,100,66567,66613
2024-07-19T18:30:00,2024-07-19T20:00:00,long,100,66797,66981
2024-07-19T20:00:00,2024-07-19T21:00:00,short,100,66981,67027
2024-07-19T21:30:00,2024-07-20T01:00:00,short,100,66981,66567
2024-07-20T01:00:00,2024-07-20T01:30:00,long,100,66567,66475
2024-07-20T01:30:00,2024-07-20T02:00:00,short,100,66429,66475
2024-07-20T02:00:00,2024-07-20T07:30:00,long,100,66475,66521
2024-07-20T14:00:00,2024-07-20T19:30:00,long,100,66613,67303
2024-07-20T19:30:00,2024-07-20T20:00:00,short,100,67303,67349
2024-07-20T21:00:00,2024-07-20T22:00:00,short,100,67211,67165
2024-07-21T00:30:00,2024-07-21T01:00:00,short,100,67027,67165
2024-07-21T01:00:00,2024-07-21T03:30:00,long,100,67165,67165
2024-07-21T03:30:00,2024-07-21T09:00:00,short,100,67165,66843
2024-07-21T09:00:00,2024-07-21T10:30:00,long,100,66843,66797
2024-07-21T10:30:00,2024-07-21T11:30:00,short,100,66751,66889
2024-07-21T11:30:00,2024-07-21T13:30:00,long,100,66889,66797
2024-07-21T13:30:00,2024-07-21T14:00:00,short,100,66751,66889
2024-07-21T14:00:00,2024-07-21T15:30:00,long,100,66889,67119
2024-07-21T16:00:00,2024-07-21T16:30:00,short,100,67073,67211
2024-07-21T16:30:00,2024-07-21T17:00:00,long,100,67211,67441
2024-07-21T17:00:00,2024-07-21T18:00:00,short,100,67441,66797
2024-07-21T18:00:00,2024-07-21T18:30:00,long,100,66797,66843
2024-07-21T19:00:00,2024-07-21T20:30:00,long,100,66981,67947
2024-07-21T20:30:00,2024-07-21T21:30:00,short,100,67947,67855
2024-07-21T21:30:00,2024-07-21T22:00:00,long,100,67993,68085
2024-07-21T22:00:00,2024-07-21T23:30:00,short,100,68085,68131
2024-07-22T00:00:00,2024-07-22T01:00:00,long,100,68223,68085
2024-07-22T01:00:00,2024-07-22T02:00:00,short,100,68085,67993
2024-07-22T02:00:00,2024-07-22T03:00:00,long,100,68039,67993
2024-07-22T03:00:00,2024-07-22T09:00:00,short,100,67993,67257
2024-07-22T09:00:00,2024-07-22T11:00:00,long,100,67257,67349
2024-07-22T11:30:00,2024-07-22T13:00:00,long,100,67487,67533
2024-07-22T13:30:00,2024-07-22T15:30:00,short,100,67487,66889
2024-07-22T15:30:00,2024-07-22T20:00:00,long,100,66889,68039
2024-07-22T20:00:00,2024-07-22T20:30:00,short,100,68039,68039
2024-07-22T21:00:00,2024-07-23T01:30:00,short,100,67993,67395
2024-07-23T01:30:00,2024-07-23T03:30:00,long,100,67395,67487
2024-07-23T04:00:00,2024-07-23T06:00:00,short,100,67395,66567
2024-07-23T06:00:00,2024-07-23T06:30:00,long,100,66567,66567
2024-07-23T07:00:00,2024-07-23T07:30:00,short,100,66429,66475
2024-07-23T07:30:00,2024-07-23T10:30:00,long,100,66475,66843
2024-07-23T11:00:00,2024-07-23T14:00:00,short,100,66797,66245
2024-07-23T14:00:00,2024-07-23T15:00:00,long,100,66245,67073
2024-07-23T15:00:00,2024-07-23T15:30:00,short,100,67073,66567
2024-07-23T15:30:00,2024-07-23T16:00:00,long,100,66567,66475
2024-07-23T16:00:00,2024-07-23T17:00:00,short,100,66429,66015
2024-07-23T17:00:00,2024-07-23T18:00:00,long,100,66015,65877
2024-07-23T19:00:00,2024-07-23T19:30:00,long,100,65923,65831
2024-07-23T19:30:00,2024-07-23T20:00:00,short,100,65693,65647
2024-07-23T20:00:00,2024-07-24T00:30:00,long,100,65647,65831
2024-07-24T01:00:00,2024-07-24T01:30:00,long,100,65923,65923
2024-07-24T01:30:00,2024-07-24T02:30:00,short,100,65923,65739
2024-07-24T02:30:00,2024-07-24T04:30:00,long,100,65785,65877
2024-07-24T04:30:00,2024-07-24T05:30:00,short,100,65831,65785
2024-07-24T05:30:00,2024-07-24T11:30:00,long,100,65831,66337
2024-07-24T11:30:00,2024-07-24T12:00:00,short,100,66337,66475
2024-07-24T12:30:00,2024-07-24T13:00:00,short,100,66337,66337
2024-07-24T13:00:00,2024-07-24T13:30:00,long,100,66429,66567
2024-07-24T13:30:00,2024-07-24T14:00:00,short,100,66567,66475
2024-07-24T14:00:00,2024-07-24T15:00:00,long,100,66567,66705
2024-07-24T15:00:00,2024-07-24T16:30:00,short,100,66705,66337
2024-07-24T16:30:00,2024-07-24T18:00:00,long,100,66383,66429
2024-07-24T18:00:00,2024-07-24T19:00:00,short,100,66383,65923
2024-07-24T19:00:00,2024-07-24T19:30:00,long,100,65923,65923
2024-07-24T19:30:00,2024-07-24T20:00:00,short,100,65831,65739
2024-07-24T20:00:00,2024-07-24T21:00:00,long,100,65739,65877
2024-07-24T21:00:00,2024-07-25T00:00:00,short,100,65785,65463
2024-07-25T00:00:00,2024-07-25T01:00:00,long,100,65463,65417
2024-07-25T01:00:00,2024-07-25T05:30:00,short,100,65325,64267
2024-07-25T05:30:00,2024-07-25T06:00:00,long,100,64267,64175
2024-07-25T06:30:00,2024-07-25T07:30:00,long,100,64267,64221
2024-07-25T08:00:00,2024-07-25T08:30:00,short,100,64083,64175
2024-07-25T08:30:00,2024-07-25T09:30:00,long,100,64175,64313
2024-07-25T10:00:00,2024-07-25T10:30:00,short,100,64267,64175
2024-07-25T11:00:00,2024-07-25T11:30:00,long,100,64221,64129
2024-07-25T11:30:00,2024-07-25T12:00:00,short,100,64083,64221
2024-07-25T12:00:00,2024-07-25T13:30:00,long,100,64221,64129
2024-07-25T13:30:00,2024-07-25T14:00:00,short,100,64129,64175
2024-07-25T14:00:00,2024-07-25T15:00:00,long,100,64175,64681
2024-07-25T15:00:00,2024-07-25T15:30:00,short,100,64681,64773
2024-07-25T16:00:00,2024-07-25T17:00:00,long,100,64865,64773
2024-07-25T17:00:00,2024-07-25T17:30:00,short,100,64773,64911
2024-07-25T17:30:00,2024-07-25T18:00:00,long,100,64957,64957
2024-07-25T18:00:00,2024-07-25T19:00:00,short,100,64957,64727
2024-07-25T19:00:00,2024-07-25T19:30:00,long,100,64773,64865
2024-07-25T19:30:00,2024-07-25T20:00:00,short,100,64819,64819
2024-07-25T20:30:00,2024-07-25T22:30:00,long,100,64865,65693
2024-07-25T22:30:00,2024-07-25T23:00:00,short,100,65693,65739
2024-07-26T00:00:00,2024-07-26T04:00:00,long,100,65877,66935
2024-07-26T04:00:00,2024-07-26T04:30:00,short,100,66935,67073
2024-07-26T05:30:00,2024-07-26T06:30:00,short,100,66935,67027
2024-07-26T07:30:00,2024-07-26T08:00:00,short,100,66981,67027
2024-07-26T08:00:00,2024-07-26T11:00:00,long,100,67119,67211
2024-07-26T11:00:00,2024-07-26T11:30:00,short,100,67211,67303
2024-07-26T11:30:00,2024-07-26T14:00:00,long,100,67349,67717
2024-07-26T14:00:00,2024-07-26T14:30:00,short,100,67717,67349
2024-07-26T15:00:00,2024-07-26T16:30:00,long,100,67395,67487
2024-07-26T16:30:00,2024-07-26T17:00:00,short,100,67441,67487
2024-07-26T17:00:00,2024-07-26T17:30:00,long,100,67487,67441
2024-07-26T17:30:00,2024-07-26T18:30:00,short,100,67441,67487
2024-07-26T18:30:00,2024-07-26T20:00:00,long,100,67487,67809
2024-07-26T20:00:00,2024-07-26T21:00:00,short,100,67809,67625
2024-07-26T21:00:00,2024-07-27T01:00:00,long,100,67671,67809
2024-07-27T01:00:00,2024-07-27T02:00:00,short,100,67763,67809
2024-07-27T02:30:00,2024-07-27T03:00:00,long,100,67855,67855
2024-07-27T03:00:00,2024-07-27T04:30:00,short,100,67855,67901
2024-07-27T05:00:00,2024-07-27T07:30:00,long,100,67947,68085
2024-07-27T07:30:00,2024-07-27T09:00:00,short,100,68085,68131
2024-07-27T09:00:00,2024-07-27T11:00:00,long,100,68177,68085
2024-07-27T11:00:00,2024-07-27T11:30:00,short,100,68085,68223
2024-07-27T11:30:00,2024-07-27T14:00:00,long,100,68223,69051
2024-07-27T14:00:00,2024-07-27T18:00:00,short,100,69051,68683
2024-07-27T18:00:00,2024-07-27T18:30:00,long,100,68729,68821
2024-07-27T18:30:00,2024-07-27T20:30:00,short,100,68775,67533
2024-07-27T20:30:00,2024-07-27T22:00:00,long,100,67533,68729
2024-07-27T22:00:00,2024-07-28T01:00:00,short,100,68729,68085
2024-07-28T01:00:00,2024-07-28T01:30:00,long,100,68085,68039
2024-07-28T02:30:00,2024-07-28T03:00:00,long,100,68177,68039
2024-07-28T03:30:00,2024-07-28T06:00:00,short,100,67993,67487
2024-07-28T06:00:00,2024-07-28T06:30:00,long,100,67487,67441
2024-07-28T07:30:00,2024-07-28T08:00:00,long,100,67579,67441
2024-07-28T08:00:00,2024-07-28T10:00:00,short,100,67349,67487
2024-07-28T10:00:00,2024-07-28T14:00:00,long,100,67487,67809
2024-07-28T14:00:00,2024-07-28T17:00:00,short,100,67763,67809
2024-07-28T17:30:00,2024-07-28T19:30:00,long,100,67855,68085
2024-07-28T19:30:00,2024-07-28T22:00:00,short,100,68085,68131
2024-07-28T22:00:00,2024-07-28T22:30:00,long,100,68223,68131
2024-07-28T22:30:00,2024-07-28T23:00:00,short,100,68131,68131
2024-07-28T23:30:00,2024-07-29T00:30:00,long,100,68177,68683
2024-07-29T00:30:00,2024-07-29T02:00:00,short,100,68683,68683
2024-07-29T02:00:00,2024-07-29T03:30:00,long,100,68821,69373
2024-07-29T03:30:00,2024-07-29T05:00:00,short,100,69373,69465
2024-07-29T05:30:00,2024-07-29T06:30:00,long,100,69649,69649
2024-07-29T06:30:00,2024-07-29T10:30:00,short,100,69649,69603
2024-07-29T11:00:00,2024-07-29T11:30:00,long,100,69695,69649
2024-07-29T11:30:00,2024-07-29T12:00:00,short,100,69649,69695
2024-07-29T12:00:00,2024-07-29T13:00:00,long,100,69741,69649
2024-07-29T13:00:00,2024-07-29T15:30:00,short,100,69649,68131
2024-07-29T15:30:00,2024-07-29T16:00:00,long,100,68131,67993
2024-07-29T16:00:00,2024-07-29T17:30:00,short,100,67763,66889
2024-07-29T17:30:00,2024-07-29T19:30:00,long,100,66889,67349
2024-07-29T19:30:00,2024-07-29T20:30:00,short,100,67303,67349
2024-07-29T20:30:00,2024-07-29T21:00:00,long,100,67395,67257
2024-07-29T21:00:00,2024-07-29T21:30:00,short,100,67257,67303
2024-07-29T21:30:00,2024-07-29T22:00:00,long,100,67349,67395
2024-07-29T22:00:00,2024-07-30T00:30:00,short,100,67395,66475
2024-07-30T00:30:00,2024-07-30T01:30:00,long,100,66475,66567
2024-07-30T01:30:00,2024-07-30T02:30:00,short,100,66429,66153
2024-07-30T02:30:00,2024-07-30T05:00:00,long,100,66153,66659
2024-07-30T05:00:00,2024-07-30T06:00:00,short,100,66659,66567
2024-07-30T06:00:00,2024-07-30T08:00:00,long,100,66659,66797
2024-07-30T08:00:00,2024-07-30T12:30:00,short,100,66797,66429
2024-07-30T12:30:00,2024-07-30T13:30:00,long,100,66475,66567
2024-07-30T13:30:00,2024-07-30T15:00:00,short,100,66521,65969
2024-07-30T15:00:00,2024-07-30T16:30:00,long,100,65969,66153
2024-07-30T17:00:00,2024-07-30T18:00:00,short,100,66061,66015
2024-07-30T18:00:00,2024-07-30T18:30:00,long,100,66015,65877
2024-07-30T18:30:00,2024-07-30T19:30:00,short,100,65877,65923
2024-07-30T19:30:00,2024-07-31T00:00:00,long,100,65923,66107
2024-07-31T00:00:00,2024-07-31T00:30:00,short,100,66061,66153
2024-07-31T00:30:00,2024-07-31T02:30:00,long,100,66153,66199
2024-07-31T02:30:00,2024-07-31T05:30:00,short,100,66199,65923
2024-07-31T05:30:00,2024-07-31T07:30:00,long,100,65969,66291
2024-07-31T07:30:00,2024-07-31T08:30:00,short,100,66245,66337
2024-07-31T10:00:00,2024-07-31T12:30:00,short,100,66199,66153
2024-07-31T12:30:00,2024-07-31T14:00:00,long,100,66199,66337
2024-07-31T14:00:00,2024-07-31T14:30:00,short,100,66291,66245
2024-07-31T14:30:00,2024-07-31T15:30:00,long,100,66291,66337
2024-07-31T16:00:00,2024-07-31T16:30:00,long,100,66475,66383
2024-07-31T16:30:00,2024-07-31T17:00:00,short,100,66383,66475
2024-07-31T17:00:00,2024-07-31T18:00:00,long,100,66521,66521
2024-07-31T18:00:00,2024-07-31T18:30:00,short,100,66521,66291
2024-07-31T18:30:00,2024-07-31T19:00:00,long,100,66337,66337
2024-07-31T19:00:00,2024-07-31T21:30:00,short,100,66291,64727
2024-07-31T21:30:00,2024-07-31T22:00:00,long,100,64727,64865
2024-07-31T22:00:00,2024-07-31T22:30:00,short,100,64727,64865
2024-07-31T22:30:00,2024-07-31T23:00:00,long,100,64865,64865
2024-07-31T23:00:00,2024-08-01T05:00:00,short,100,64819,63899
2024-08-01T05:00:00,2024-08-01T09:30:00,long,100,63899,64451
2024-08-01T09:30:00,2024-08-01T10:30:00,short,100,64451,64589
2024-08-01T10:30:00,2024-08-01T13:00:00,long,100,64589,64727
2024-08-01T13:00:00,2024-08-01T13:30:00,short,100,64727,64727
2024-08-01T14:00:00,2024-08-01T17:30:00,short,100,64635,62841
2024-08-01T17:30:00,2024-08-01T18:00:00,long,100,62841,63117
2024-08-01T18:30:00,2024-08-01T19:00:00,short,100,63025,63117
2024-08-01T19:00:00,2024-08-01T22:30:00,long,100,63117,65371
2024-08-01T22:30:00,2024-08-01T23:30:00,short,100,65371,65279
2024-08-02T00:00:00,2024-08-02T02:30:00,short,100,65233,64129
2024-08-02T02:30:00,2024-08-02T05:00:00,long,100,64129,64451
2024-08-02T05:30:00,2024-08-02T06:30:00,short,100,64359,64037
2024-08-02T06:30:00,2024-08-02T07:30:00,long,100,64037,64359
2024-08-02T07:30:00,2024-08-02T08:00:00,short,100,64313,64313
2024-08-02T08:00:00,2024-08-02T11:30:00,long,100,64359,64727
2024-08-02T11:30:00,2024-08-02T12:30:00,short,100,64727,64681
2024-08-02T12:30:00,2024-08-02T14:00:00,long,100,64773,65095
2024-08-02T14:00:00,2024-08-02T15:30:00,short,100,65095,63025
2024-08-02T15:30:00,2024-08-02T16:00:00,long,100,63025,63301
2024-08-02T16:00:00,2024-08-02T16:30:00,short,100,63209,63209
2024-08-02T16:30:00,2024-08-02T17:00:00,long,100,63209,63209
2024-08-02T17:30:00,2024-08-02T21:30:00,short,100,63163,61829
2024-08-02T21:30:00,2024-08-02T22:30:00,long,100,61829,61875
2024-08-02T22:30:00,2024-08-02T23:00:00,short,100,61737,61507
2024-08-02T23:00:00,2024-08-02T23:30:00,long,100,61507,61645
2024-08-02T23:30:00,2024-08-03T01:30:00,short,100,61553,61323
2024-08-03T01:30:00,2024-08-03T04:30:00,long,100,61323,61737
2024-08-03T04:30:00,2024-08-03T05:30:00,short,100,61691,61691
2024-08-03T05:30:00,2024-08-03T07:30:00,long,100,61737,61691
2024-08-03T07:30:00,2024-08-03T09:30:00,short,100,61691,61737
2024-08-03T09:30:00,2024-08-03T12:30:00,long,100,61783,61967
2024-08-03T12:30:00,2024-08-03T14:00:00,short,100,61967,62059
2024-08-03T15:00:00,2024-08-03T16:00:00,short,100,61921,61047
2024-08-03T16:00:00,2024-08-03T16:30:00,long,100,61047,60909
2024-08-03T17:00:00,2024-08-03T19:30:00,short,100,60771,60127
2024-08-03T19:30:00,2024-08-03T20:30:00,long,100,60127,60403
2024-08-03T21:00:00,2024-08-03T23:30:00,long,100,60495,60679
2024-08-03T23:30:00,2024-08-04T01:30:00,short,100,60679,60679
2024-08-04T01:30:00,2024-08-04T03:00:00,long,100,60771,60817
2024-08-04T03:00:00,2024-08-04T05:30:00,short,100,60817,60725
2024-08-04T05:30:00,2024-08-04T07:00:00,long,100,60771,60679
2024-08-04T07:00:00,2024-08-04T08:30:00,short,100,60679,60541
2024-08-04T08:30:00,2024-08-04T13:00:00,long,100,60587,60909
2024-08-04T13:00:00,2024-08-04T18:00:00,short,100,60909,58011
2024-08-04T18:00:00,2024-08-04T19:30:00,long,100,58011,59299
2024-08-04T19:30:00,2024-08-04T22:00:00,short,100,59299,58609
2024-08-04T22:00:00,2024-08-04T22:30:00,long,100,58609,58747
2024-08-04T23:00:00,2024-08-05T01:30:00,short,100,58655,54377
2024-08-05T01:30:00,2024-08-05T02:00:00,long,100,54377,54285
2024-08-05T02:30:00,2024-08-05T03:00:00,long,100,54239,54561
2024-08-05T03:00:00,2024-08-05T04:00:00,short,100,54515,54055
2024-08-05T04:00:00,2024-08-05T04:30:00,long,100,54055,54009
2024-08-05T04:30:00,2024-08-05T06:30:00,short,100,53917,50191
2024-08-05T06:30:00,2024-08-05T10:00:00,long,100,50191,52583
2024-08-05T10:00:00,2024-08-05T10:30:00,short,100,52583,51295
2024-08-05T10:30:00,2024-08-05T11:00:00,long,100,51295,51295
2024-08-05T11:00:00,2024-08-05T11:30:00,short,100,51111,50973
2024-08-05T11:30:00,2024-08-05T12:00:00,long,100,50973,51249
2024-08-05T12:00:00,2024-08-05T13:30:00,short,100,51203,49915
2024-08-05T13:30:00,2024-08-05T16:30:00,long,100,49915,55251
2024-08-05T16:30:00,2024-08-05T17:00:00,short,100,55251,54147
2024-08-05T17:00:00,2024-08-05T18:00:00,long,100,54147,54561
2024-08-05T18:00:00,2024-08-05T19:00:00,short,100,54515,53273
2024-08-05T19:00:00,2024-08-05T21:30:00,long,100,53273,54423
2024-08-05T21:30:00,2024-08-05T22:00:00,short,100,54423,54515
2024-08-05T22:00:00,2024-08-05T22:30:00,long,100,54699,54745
2024-08-05T22:30:00,2024-08-06T00:00:00,short,100,54745,54147
2024-08-06T00:00:00,2024-08-06T01:00:00,long,100,54147,55895
2024-08-06T01:00:00,2024-08-06T05:30:00,short,100,55895,55665
2024-08-06T05:30:00,2024-08-06T06:00:00,long,100,55757,55803
2024-08-06T06:00:00,2024-08-06T07:30:00,short,100,55803,55757
2024-08-06T07:30:00,2024-08-06T08:00:00,long,100,55803,55895
2024-08-06T08:00:00,2024-08-06T09:30:00,short,100,55895,55067
2024-08-06T09:30:00,2024-08-06T10:30:00,long,100,55067,55113
2024-08-06T11:30:00,2024-08-06T12:30:00,long,100,55159,55297
2024-08-06T12:30:00,2024-08-06T13:00:00,short,100,55251,54883
2024-08-06T13:00:00,2024-08-06T15:00:00,long,100,54883,56033
2024-08-06T15:00:00,2024-08-06T15:30:00,short,100,56033,55987
2024-08-06T15:30:00,2024-08-06T17:30:00,long,100,56125,56723
2024-08-06T17:30:00,2024-08-06T18:00:00,short,100,56723,56585
2024-08-06T18:00:00,2024-08-06T18:30:00,long,100,56677,56769
2024-08-06T18:30:00,2024-08-06T22:30:00,short,100,56769,56217
2024-08-06T22:30:00,2024-08-06T23:00:00,long,100,56217,56079
2024-08-06T23:00:00,2024-08-07T00:30:00,short,100,56033,56079
2024-08-07T00:30:00,2024-08-07T01:00:00,long,100,56079,56171
2024-08-07T01:30:00,2024-08-07T02:30:00,long,100,56309,56999
2024-08-07T02:30:00,2024-08-07T03:30:00,short,100,56999,56861
2024-08-07T04:00:00,2024-08-07T05:30:00,long,100,56953,56907
2024-08-07T05:30:00,2024-08-07T06:00:00,short,100,56907,56907
2024-08-07T07:00:00,2024-08-07T07:30:00,short,100,56769,56815
2024-08-07T07:30:00,2024-08-07T10:30:00,long,100,56861,57367
2024-08-07T10:30:00,2024-08-07T12:00:00,short,100,57367,57137
2024-08-07T12:30:00,2024-08-07T13:30:00,long,100,57229,57137
2024-08-07T13:30:00,2024-08-07T19:00:00,short,100,57137,54975
2024-08-07T19:00:00,2024-08-07T19:30:00,long,100,54975,54837
2024-08-07T20:00:00,2024-08-07T22:00:00,long,100,54883,55251
2024-08-07T22:00:00,2024-08-07T22:30:00,short,100,55205,54929
2024-08-07T22:30:00,2024-08-07T23:00:00,long,100,54975,55159
2024-08-08T00:00:00,2024-08-08T00:30:00,short,100,55113,55067
2024-08-08T00:30:00,2024-08-08T02:30:00,long,100,55113,57459
2024-08-08T02:30:00,2024-08-08T03:00:00,short,100,57459,57459
2024-08-08T03:30:00,2024-08-08T05:00:00,short,100,57367,56907
2024-08-08T05:00:00,2024-08-08T07:30:00,long,100,56907,57229
2024-08-08T07:30:00,2024-08-08T09:30:00,short,100,57183,57321
2024-08-08T09:30:00,2024-08-08T11:30:00,long,100,57321,57367
2024-08-08T11:30:00,2024-08-08T12:30:00,short,100,57367,57321
2024-08-08T12:30:00,2024-08-08T13:00:00,long,100,57367,57827
2024-08-08T13:00:00,2024-08-08T14:00:00,short,100,57827,57413
2024-08-08T14:00:00,2024-08-08T17:30:00,long,100,57459,59621
2024-08-08T17:30:00,2024-08-08T18:00:00,short,100,59621,59575
2024-08-08T18:30:00,2024-08-08T19:00:00,short,100,59437,59437
2024-08-08T19:00:00,2024-08-08T19:30:00,long,100,59529,59483
2024-08-08T19:30:00,2024-08-08T20:00:00,short,100,59483,59529
2024-08-08T20:00:00,2024-08-08T20:30:00,long,100,59575,59483
2024-08-08T20:30:00,2024-08-08T21:00:00,short,100,59483,59621
2024-08-08T21:00:00,2024-08-08T22:00:00,long,100,59621,60955
2024-08-08T22:00:00,2024-08-08T22:30:00,short,100,60955,61093
2024-08-08T22:30:00,2024-08-08T23:00:00,long,100,61323,62197
2024-08-08T23:00:00,2024-08-09T01:30:00,short,100,62197,61369
2024-08-09T01:30:00,2024-08-09T02:00:00,long,100,61369,61277
2024-08-09T03:00:00,2024-08-09T04:00:00,long,100,61369,61277
2024-08-09T04:00:00,2024-08-09T05:00:00,short,100,61185,60863
2024-08-09T05:00:00,2024-08-09T06:00:00,long,100,60863,60817
2024-08-09T06:30:00,2024-08-09T07:30:00,long,100,60909,60955
2024-08-09T07:30:00,2024-08-09T08:30:00,short,100,60863,61001
2024-08-09T08:30:00,2024-08-09T09:00:00,long,100,61001,60955
2024-08-09T09:00:00,2024-08-09T11:30:00,short,100,60955,60633
2024-08-09T11:30:00,2024-08-09T12:00:00,long,100,60633,60541
2024-08-09T12:00:00,2024-08-09T12:30:00,short,100,60495,60495
2024-08-09T12:30:00,2024-08-09T13:00:00,long,100,60495,60449
2024-08-09T13:00:00,2024-08-09T13:30:00,short,100,60357,60495
2024-08-09T13:30:00,2024-08-09T14:00:00,long,100,60495,60357
2024-08-09T14:00:00,2024-08-09T16:00:00,short,100,60311,59989
2024-08-09T16:00:00,2024-08-09T17:30:00,long,100,59989,60265
2024-08-09T17:30:00,2024-08-09T18:30:00,short,100,60219,60219
2024-08-09T18:30:00,2024-08-09T21:00:00,long,100,60265,60587
2024-08-09T21:00:00,2024-08-09T21:30:00,short,100,60587,60265
2024-08-09T21:30:00,2024-08-09T23:00:00,long,100,60311,60679
2024-08-09T23:00:00,2024-08-09T23:30:00,short,100,60679,60725
2024-08-09T23:30:00,2024-08-10T00:30:00,long,100,60817,60817
2024-08-10T00:30:00,2024-08-10T01:00:00,short,100,60817,60633
2024-08-10T01:30:00,2024-08-10T02:00:00,short,100,60495,60587
2024-08-10T02:00:00,2024-08-10T03:00:00,long,100,60587,60449
2024-08-10T03:00:00,2024-08-10T06:30:00,short,100,60449,60495
2024-08-10T06:30:00,2024-08-10T10:00:00,long,100,60495,60725
2024-08-10T11:00:00,2024-08-10T12:30:00,long,100,60863,60771
2024-08-10T12:30:00,2024-08-10T14:00:00,short,100,60771,60587
2024-08-10T14:00:00,2024-08-10T15:30:00,long,100,60633,60495
2024-08-10T15:30:00,2024-08-10T16:00:00,short,100,60495,60633
2024-08-10T16:00:00,2024-08-10T22:00:00,long,100,60633,60955
2024-08-10T22:00:00,2024-08-10T23:30:00,short,100,60955,60955
2024-08-11T00:30:00,2024-08-11T03:30:00,long,100,61047,61185
2024-08-11T03:30:00,2024-08-11T05:00:00,short,100,61185,61047
2024-08-11T08:00:00,2024-08-11T09:30:00,long,100,61139,61231
2024-08-11T09:30:00,2024-08-11T13:30:00,short,100,61231,60449
2024-08-11T13:30:00,2024-08-11T14:30:00,long,100,60449,60357
2024-08-11T15:30:00,2024-08-11T17:30:00,short,100,60219,60219
2024-08-11T17:30:00,2024-08-11T18:00:00,long,100,60219,60127
2024-08-11T18:30:00,2024-08-11T19:00:00,long,100,60265,60127
2024-08-11T19:00:00,2024-08-11T21:30:00,short,100,60035,58655
2024-08-11T21:30:00,2024-08-11T22:00:00,long,100,58655,58885
2024-08-11T22:00:00,2024-08-11T22:30:00,short,100,58793,58793
2024-08-11T22:30:00,2024-08-11T23:30:00,long,100,58793,58885
2024-08-11T23:30:00,2024-08-12T01:30:00,short,100,58839,58609
2024-08-12T01:30:00,2024-08-12T02:00:00,long,100,58609,58471
2024-08-12T02:00:00,2024-08-12T02:30:00,short,100,58471,58563
2024-08-12T02:30:00,2024-08-12T03:00:00,long,100,58563,58609
2024-08-12T03:30:00,2024-08-12T05:00:00,short,100,58563,58655
2024-08-12T05:00:00,2024-08-12T06:00:00,long,100,58655,58517
2024-08-12T06:00:00,2024-08-12T07:30:00,short,100,58517,58517
2024-08-12T07:30:00,2024-08-12T08:30:00,long,100,58517,58563
2024-08-12T08:30:00,2024-08-12T10:00:00,short,100,58517,58425
2024-08-12T10:00:00,2024-08-12T13:00:00,long,100,58471,59667
2024-08-12T13:00:00,2024-08-12T14:00:00,short,100,59667,58333
2024-08-12T14:00:00,2024-08-12T15:00:00,long,100,58333,60127
2024-08-12T15:00:00,2024-08-12T15:30:00,short,100,60127,59759
2024-08-12T15:30:00,2024-08-12T16:00:00,long,100,59805,60081
2024-08-12T16:00:00,2024-08-12T19:00:00,short,100,60081,58701
2024-08-12T19:00:00,2024-08-12T19:30:00,long,100,58701,59023
2024-08-12T20:00:00,2024-08-12T20:30:00,long,100,59161,59023
2024-08-12T20:30:00,2024-08-12T21:30:00,short,100,59023,58931
2024-08-12T21:30:00,2024-08-13T01:00:00,long,100,58977,59621
2024-08-13T01:00:00,2024-08-13T01:30:00,short,100,59621,59667
2024-08-13T02:00:00,2024-08-13T04:30:00,short,100,59621,59207
2024-08-13T04:30:00,2024-08-13T06:00:00,long,100,59207,59115
2024-08-13T06:00:00,2024-08-13T06:30:00,short,100,59069,59207
2024-08-13T06:30:00,2024-08-13T07:00:00,long,100,59207,59253
2024-08-13T07:00:00,2024-08-13T07:30:00,short,100,59207,59207
2024-08-13T07:30:00,2024-08-13T08:00:00,long,100,59207,59115
2024-08-13T08:00:00,2024-08-13T11:30:00,short,100,59115,58839
2024-08-13T11:30:00,2024-08-13T13:00:00,long,100,58839,58977
2024-08-13T13:00:00,2024-08-13T13:30:00,short,100,58885,59023
2024-08-13T13:30:00,2024-08-13T15:00:00,long,100,59023,59483
2024-08-13T15:00:00,2024-08-13T16:00:00,short,100,59483,59575
2024-08-13T16:00:00,2024-08-13T18:00:00,long,100,59667,61093
2024-08-13T18:00:00,2024-08-13T21:00:00,short,100,61093,60725
2024-08-13T21:00:00,2024-08-13T22:00:00,long,100,60771,60863
2024-08-13T22:00:00,2024-08-13T23:30:00,short,100,60817,60633
2024-08-14T00:30:00,2024-08-14T01:00:00,long,100,60679,60633
2024-08-14T01:00:00,2024-08-14T02:00:00,short,100,60587,60679
2024-08-14T02:00:00,2024-08-14T03:30:00,long,100,60679,60909
2024-08-14T04:00:00,2024-08-14T04:30:00,long,100,61047,61001
2024-08-14T04:30:00,2024-08-14T07:30:00,short,100,61001,60909
2024-08-14T07:30:00,2024-08-14T08:00:00,long,100,60955,60817
2024-08-14T08:00:00,2024-08-14T10:00:00,short,100,60817,60955
2024-08-14T10:00:00,2024-08-14T10:30:00,long,100,60955,61093
2024-08-14T10:30:00,2024-08-14T11:30:00,short,100,61047,61185
2024-08-14T11:30:00,2024-08-14T12:30:00,long,100,61185,61369
2024-08-14T12:30:00,2024-08-14T15:30:00,short,100,61369,59207
2024-08-14T15:30:00,2024-08-14T16:00:00,long,100,59207,59299
2024-08-14T16:00:00,2024-08-14T16:30:00,short,100,59161,59115
2024-08-14T16:30:00,2024-08-14T18:30:00,long,100,59115,59069
2024-08-14T18:30:00,2024-08-14T20:30:00,short,100,58977,59069
2024-08-14T20:30:00,2024-08-14T21:00:00,long,100,59069,59023
2024-08-14T21:30:00,2024-08-15T00:00:00,short,100,58977,58839
2024-08-15T00:00:00,2024-08-15T01:00:00,long,100,58839,58839
2024-08-15T01:30:00,2024-08-15T02:00:00,short,100,58747,58333
2024-08-15T02:00:00,2024-08-15T04:00:00,long,100,58333,58287
2024-08-15T04:30:00,2024-08-15T05:30:00,long,100,58425,58379
2024-08-15T05:30:00,2024-08-15T07:30:00,short,100,58287,57965
2024-08-15T07:30:00,2024-08-15T16:30:00,long,100,57965,59667
2024-08-15T16:30:00,2024-08-15T21:00:00,short,100,59667,56815
2024-08-15T21:00:00,2024-08-15T23:30:00,long,100,56815,57551
2024-08-15T23:30:00,2024-08-16T01:30:00,short,100,57551,57321
2024-08-16T01:30:00,2024-08-16T03:30:00,long,100,57413,58011
2024-08-16T03:30:00,2024-08-16T04:00:00,short,100,58011,58011
2024-08-16T04:00:00,2024-08-16T05:00:00,long,100,58149,58149
2024-08-16T05:00:00,2024-08-16T06:00:00,short,100,58149,58287
2024-08-16T06:00:00,2024-08-16T08:30:00,long,100,58333,58333
2024-08-16T08:30:00,2024-08-16T09:00:00,short,100,58333,58471
2024-08-16T09:00:00,2024-08-16T10:00:00,long,100,58517,58517
2024-08-16T10:00:00,2024-08-16T10:30:00,short,100,58517,58471
2024-08-16T12:00:00,2024-08-16T13:00:00,short,100,58333,58011
2024-08-16T13:00:00,2024-08-16T13:30:00,long,100,58011,58425
2024-08-16T13:30:00,2024-08-16T15:30:00,short,100,58379,58011
2024-08-16T15:30:00,2024-08-16T19:30:00,long,100,58011,59621
2024-08-16T19:30:00,2024-08-16T22:00:00,short,100,59621,59161
2024-08-16T22:30:00,2024-08-17T00:30:00,short,100,59023,59023
2024-08-17T00:30:00,2024-08-17T03:00:00,long,100,59023,59069
2024-08-17T03:30:00,2024-08-17T10:00:00,long,100,59161,59207
2024-08-17T10:00:00,2024-08-17T12:00:00,short,100,59161,59253
2024-08-17T12:00:00,2024-08-17T14:00:00,long,100,59253,59253
2024-08-17T14:00:00,2024-08-17T14:30:00,short,100,59253,59391
2024-08-17T14:30:00,2024-08-17T15:00:00,long,100,59391,59391
2024-08-17T15:00:00,2024-08-17T16:00:00,short,100,59391,59529
2024-08-17T16:00:00,2024-08-17T17:30:00,long,100,59529,59437
2024-08-17T17:30:00,2024-08-17T23:30:00,short,100,59437,59437
2024-08-17T23:30:00,2024-08-18T01:00:00,long,100,59483,59529
2024-08-18T01:00:00,2024-08-18T02:30:00,short,100,59529,59575
2024-08-18T02:30:00,2024-08-18T03:00:00,long,100,59621,59989
2024-08-18T03:00:00,2024-08-18T04:30:00,short,100,59989,59483
2024-08-18T04:30:00,2024-08-18T10:30:00,long,100,59483,59943
2024-08-18T10:30:00,2024-08-18T11:30:00,short,100,59943,59989
2024-08-18T12:00:00,2024-08-18T12:30:00,long,100,60081,59943
2024-08-18T12:30:00,2024-08-18T13:00:00,short,100,59943,60081
2024-08-18T13:30:00,2024-08-18T16:00:00,short,100,59943,59943
2024-08-18T16:30:00,2024-08-18T18:00:00,short,100,59805,59575
2024-08-18T18:00:00,2024-08-18T21:00:00,long,100,59575,59667
2024-08-18T21:30:00,2024-08-19T01:00:00,short,100,59575,58471
2024-08-19T01:00:00,2024-08-19T04:00:00,long,100,58471,58563
2024-08-19T08:00:00,2024-08-19T09:30:00,long,100,58609,58471
2024-08-19T09:30:00,2024-08-19T10:00:00,short,100,58425,58103
2024-08-19T10:00:00,2024-08-19T10:30:00,long,100,58103,58011
2024-08-19T11:30:00,2024-08-19T13:30:00,long,100,58149,58609
2024-08-19T13:30:00,2024-08-19T14:00:00,short,100,58609,58287
2024-08-19T14:30:00,2024-08-19T21:30:00,long,100,58333,58931
2024-08-19T21:30:00,2024-08-19T22:00:00,short,100,58931,59069
2024-08-19T22:30:00,2024-08-20T01:30:00,long,100,59161,60403
2024-08-20T01:30:00,2024-08-20T02:30:00,short,100,60403,60541
2024-08-20T04:00:00,2024-08-20T06:30:00,long,100,60771,60955
2024-08-20T06:30:00,2024-08-20T09:00:00,short,100,60955,60863
2024-08-20T09:30:00,2024-08-20T12:00:00,short,100,60817,60679
2024-08-20T12:00:00,2024-08-20T13:00:00,long,100,60725,60587
2024-08-20T13:00:00,2024-08-20T13:30:00,short,100,60587,60679
2024-08-20T13:30:00,2024-08-20T14:00:00,long,100,60679,60771
2024-08-20T14:00:00,2024-08-20T16:00:00,short,100,60725,58977
2024-08-20T16:00:00,2024-08-20T16:30:00,long,100,58977,58839
2024-08-20T17:30:00,2024-08-20T18:30:00,long,100,58885,59161
2024-08-20T19:00:00,2024-08-20T20:30:00,long,100,59299,59437
2024-08-20T20:30:00,2024-08-20T21:30:00,short,100,59437,59253
2024-08-20T21:30:00,2024-08-20T23:00:00,long,100,59299,59253
2024-08-20T23:00:00,2024-08-21T00:00:00,short,100,59253,59161
2024-08-21T00:00:00,2024-08-21T00:30:00,long,100,59207,59069
2024-08-21T00:30:00,2024-08-21T01:30:00,short,100,59069,59115
2024-08-21T01:30:00,2024-08-21T08:00:00,long,100,59115,59575
2024-08-21T08:00:00,2024-08-21T10:00:00,short,100,59575,59345
2024-08-21T10:30:00,2024-08-21T14:00:00,long,100,59391,59759
2024-08-21T14:00:00,2024-08-21T15:00:00,short,100,59759,59575
2024-08-21T16:30:00,2024-08-21T20:00:00,long,100,59621,61415
2024-08-21T20:00:00,2024-08-21T22:00:00,short,100,61415,61369
2024-08-21T22:30:00,2024-08-22T01:00:00,short,100,61277,60955
2024-08-22T02:00:00,2024-08-22T03:00:00,short,100,60817,60311
2024-08-22T03:00:00,2024-08-22T05:00:00,long,100,60311,60679
2024-08-22T06:00:00,2024-08-22T09:30:00,long,100,60817,60863
2024-08-22T09:30:00,2024-08-22T10:00:00,short,100,60863,61001
2024-08-22T10:00:00,2024-08-22T12:30:00,long,100,61001,61185
2024-08-22T12:30:00,2024-08-22T18:00:00,short,100,61185,60311
2024-08-22T18:00:00,2024-08-22T18:30:00,long,100,60311,60403
2024-08-22T19:00:00,2024-08-22T20:00:00,short,100,60265,60357
2024-08-22T20:00:00,2024-08-22T21:30:00,long,100,60357,60495
2024-08-22T22:30:00,2024-08-23T00:00:00,short,100,60449,60541
2024-08-23T00:00:00,2024-08-23T02:30:00,long,100,60541,60587
2024-08-23T02:30:00,2024-08-23T04:00:00,short,100,60587,60725
2024-08-23T04:00:00,2024-08-23T05:30:00,long,100,60725,60863
2024-08-23T05:30:00,2024-08-23T06:30:00,short,100,60863,60955
2024-08-23T06:30:00,2024-08-23T07:00:00,long,100,61001,61093
2024-08-23T07:00:00,2024-08-23T08:00:00,short,100,61093,61185
2024-08-23T08:30:00,2024-08-23T09:30:00,long,100,61277,61139
2024-08-23T09:30:00,2024-08-23T12:30:00,short,100,61139,60909
2024-08-23T12:30:00,2024-08-23T13:00:00,long,100,60955,61047
2024-08-23T14:00:00,2024-08-23T14:30:00,long,100,61185,61691
2024-08-23T14:30:00,2024-08-23T15:00:00,short,100,61691,61093
2024-08-23T15:00:00,2024-08-23T22:30:00,long,100,61093,64451
2024-08-23T22:30:00,2024-08-24T02:30:00,short,100,64451,63945
2024-08-24T03:30:00,2024-08-24T04:00:00,short,100,63807,63945
2024-08-24T04:00:00,2024-08-24T08:00:00,long,100,63945,64129
2024-08-24T08:30:00,2024-08-24T09:00:00,long,100,64267,64313
2024-08-24T09:00:00,2024-08-24T12:00:00,short,100,64313,64083
2024-08-24T12:00:00,2024-08-24T12:30:00,long,100,64129,64083
2024-08-24T13:30:00,2024-08-24T15:00:00,long,100,64221,64129
2024-08-24T15:00:00,2024-08-24T16:00:00,short,100,64129,64083
2024-08-24T16:00:00,2024-08-24T17:00:00,long,100,64129,64175
2024-08-24T17:00:00,2024-08-24T18:00:00,short,100,64129,64175
2024-08-24T18:00:00,2024-08-24T18:30:00,long,100,64221,64267
2024-08-24T18:30:00,2024-08-24T19:00:00,short,100,64221,64313
2024-08-24T19:00:00,2024-08-24T19:30:00,long,100,64359,64221
2024-08-24T19:30:00,2024-08-24T22:00:00,short,100,64221,63761
2024-08-24T22:00:00,2024-08-25T00:30:00,long,100,63761,64175
2024-08-25T00:30:00,2024-08-25T01:00:00,short,100,64129,64267
2024-08-25T01:00:00,2024-08-25T01:30:00,long,100,64267,64129
2024-08-25T01:30:00,2024-08-25T02:00:00,short,100,64129,64267
2024-08-25T02:30:00,2024-08-25T08:00:00,short,100,64129,64037
2024-08-25T08:30:00,2024-08-25T11:00:00,short,100,63899,63991
2024-08-25T11:00:00,2024-08-25T11:30:00,long,100,63991,63853
2024-08-25T11:30:00,2024-08-25T13:00:00,short,100,63853,63991
2024-08-25T13:00:00,2024-08-25T15:30:00,long,100,63991,64083
2024-08-25T16:30:00,2024-08-25T17:30:00,short,100,64037,64175
2024-08-25T17:30:00,2024-08-25T22:00:00,long,100,64175,64313
2024-08-25T22:00:00,2024-08-25T22:30:00,short,100,64313,64451
2024-08-25T22:30:00,2024-08-25T23:30:00,long,100,64451,64589
2024-08-25T23:30:00,2024-08-26T00:00:00,short,100,64589,64313
2024-08-26T00:30:00,2024-08-26T02:30:00,short,100,64175,64083
2024-08-26T02:30:00,2024-08-26T04:30:00,long,100,64083,63991
2024-08-26T05:00:00,2024-08-26T08:00:00,short,100,63945,63807
2024-08-26T08:00:00,2024-08-26T09:00:00,long,100,63807,63669
2024-08-26T09:00:00,2024-08-26T09:30:00,short,100,63623,63715
2024-08-26T09:30:00,2024-08-26T10:30:00,long,100,63715,63761
2024-08-26T11:00:00,2024-08-26T11:30:00,long,100,63899,63853
2024-08-26T11:30:00,2024-08-26T13:00:00,short,100,63807,63807
2024-08-26T14:00:00,2024-08-26T15:30:00,short,100,63669,63531
2024-08-26T15:30:00,2024-08-26T17:30:00,long,100,63531,63577
2024-08-26T17:30:00,2024-08-26T18:00:00,short,100,63485,63485
2024-08-26T18:00:00,2024-08-26T19:00:00,long,100,63485,63485
2024-08-26T19:30:00,2024-08-26T21:30:00,short,100,63439,63117
2024-08-26T21:30:00,2024-08-26T22:30:00,long,100,63117,63025
2024-08-26T23:00:00,2024-08-26T23:30:00,long,100,63117,62979
2024-08-26T23:30:00,2024-08-27T00:00:00,short,100,62933,62933
2024-08-27T00:00:00,2024-08-27T00:30:00,long,100,62933,62841
2024-08-27T00:30:00,2024-08-27T01:00:00,short,100,62795,62841
2024-08-27T01:00:00,2024-08-27T01:30:00,long,100,62841,63025
2024-08-27T01:30:00,2024-08-27T04:30:00,short,100,62979,63025
2024-08-27T04:30:00,2024-08-27T06:00:00,long,100,63071,62979
2024-08-27T06:00:00,2024-08-27T07:30:00,short,100,62979,62933
2024-08-27T08:00:00,2024-08-27T08:30:00,short,100,62795,62841
2024-08-27T08:30:00,2024-08-27T09:30:00,long,100,62841,62749
2024-08-27T09:30:00,2024-08-27T11:00:00,short,100,62749,62473
2024-08-27T11:00:00,2024-08-27T11:30:00,long,100,62473,62381
2024-08-27T13:00:00,2024-08-27T13:30:00,long,100,62473,62335
2024-08-27T13:30:00,2024-08-27T16:00:00,short,100,62289,61875
2024-08-27T16:00:00,2024-08-27T16:30:00,long,100,61875,61829
2024-08-27T16:30:00,2024-08-27T17:00:00,short,100,61691,61645
2024-08-27T17:00:00,2024-08-27T20:00:00,long,100,61645,61967
2024-08-27T20:30:00,2024-08-27T22:30:00,short,100,61921,59069
2024-08-27T22:30:00,2024-08-27T23:30:00,long,100,59069,59529
2024-08-27T23:30:00,2024-08-28T01:30:00,short,100,59483,59161
2024-08-28T01:30:00,2024-08-28T02:00:00,long,100,59207,59253
2024-08-28T02:00:00,2024-08-28T02:30:00,short,100,59207,59299
2024-08-28T02:30:00,2024-08-28T04:30:00,long,100,59299,59437
2024-08-28T04:30:00,2024-08-28T08:00:00,short,100,59391,58747
2024-08-28T08:00:00,2024-08-28T10:00:00,long,100,58747,60035
2024-08-28T10:00:00,2024-08-28T11:00:00,short,100,60035,59897
2024-08-28T12:00:00,2024-08-28T12:30:00,long,100,60035,59897
2024-08-28T12:30:00,2024-08-28T14:00:00,short,100,59897,59483
2024-08-28T14:00:00,2024-08-28T14:30:00,long,100,59483,59483
2024-08-28T14:30:00,2024-08-28T15:30:00,short,100,59391,58885
2024-08-28T15:30:00,2024-08-28T16:00:00,long,100,58885,58885
2024-08-28T16:00:00,2024-08-28T16:30:00,short,100,58747,58517
2024-08-28T16:30:00,2024-08-28T17:00:00,long,100,58517,59069
2024-08-28T17:00:00,2024-08-28T18:00:00,short,100,59069,58793
2024-08-28T18:00:00,2024-08-28T19:00:00,long,100,58839,59299
2024-08-28T19:00:00,2024-08-28T20:00:00,short,100,59299,59069
2024-08-28T20:00:00,2024-08-28T21:30:00,long,100,59115,59207
2024-08-28T21:30:00,2024-08-28T22:30:00,short,100,59161,59023
2024-08-28T22:30:00,2024-08-28T23:00:00,long,100,59069,59069
2024-08-29T00:30:00,2024-08-29T01:00:00,long,100,59207,59115
2024-08-29T01:00:00,2024-08-29T02:00:00,short,100,59115,59115
2024-08-29T02:00:00,2024-08-29T09:30:00,long,100,59161,59575
2024-08-29T09:30:00,2024-08-29T10:00:00,short,100,59575,59713
2024-08-29T10:00:00,2024-08-29T15:30:00,long,100,59759,60863
2024-08-29T15:30:00,2024-08-29T17:30:00,short,100,60863,60449
2024-08-29T17:30:00,2024-08-29T18:00:00,long,100,60495,60403
2024-08-29T18:00:00,2024-08-29T19:00:00,short,100,60357,59299
2024-08-29T19:00:00,2024-08-29T19:30:00,long,100,59299,59345
2024-08-29T19:30:00,2024-08-29T20:00:00,short,100,59207,59345
2024-08-29T20:00:00,2024-08-29T22:00:00,long,100,59345,59345
2024-08-29T22:00:00,2024-08-29T23:00:00,short,100,59253,59299
2024-08-29T23:00:00,2024-08-30T00:30:00,long,100,59299,59207
2024-08-30T00:30:00,2024-08-30T01:30:00,short,100,59207,59207
2024-08-30T01:30:00,2024-08-30T03:00:00,long,100,59207,59115
2024-08-30T03:00:00,2024-08-30T06:00:00,short,100,59069,58931
2024-08-30T06:00:00,2024-08-30T07:30:00,long,100,58931,59391
2024-08-30T07:30:00,2024-08-30T08:00:00,short,100,59391,59391
2024-08-30T09:00:00,2024-08-30T11:30:00,long,100,59483,59391
2024-08-30T11:30:00,2024-08-30T12:00:00,short,100,59391,59483
2024-08-30T12:00:00,2024-08-30T14:00:00,long,100,59529,59483
2024-08-30T14:00:00,2024-08-30T16:30:00,short,100,59483,58241
2024-08-30T16:30:00,2024-08-30T19:00:00,long,100,58241,59207
2024-08-30T19:00:00,2024-08-30T20:00:00,short,100,59207,58839
2024-08-30T20:00:00,2024-08-31T00:30:00,long,100,58885,59207
2024-08-31T00:30:00,2024-08-31T04:30:00,short,100,59207,59345
2024-08-31T04:30:00,2024-08-31T05:00:00,long,100,59345,59207
2024-08-31T05:00:00,2024-08-31T10:00:00,short,100,59207,59069
2024-08-31T10:30:00,2024-08-31T13:30:00,long,100,59115,59023
2024-08-31T13:30:00,2024-08-31T14:00:00,short,100,59023,59069
2024-08-31T14:00:00,2024-08-31T15:00:00,long,100,59069,58977
2024-08-31T15:00:00,2024-08-31T18:00:00,short,100,58977,59115
2024-08-31T18:00:00,2024-08-31T18:30:00,long,100,59115,58977
2024-08-31T18:30:00,2024-08-31T20:30:00,short,100,58977,58977
2024-08-31T20:30:00,2024-09-01T00:30:00,long,100,58977,58885
2024-09-01T00:30:00,2024-09-01T02:30:00,short,100,58885,58471
2024-09-01T02:30:00,2024-09-01T04:30:00,long,100,58471,58471
2024-09-01T05:00:00,2024-09-01T06:00:00,short,100,58379,58149
2024-09-01T06:00:00,2024-09-01T08:00:00,long,100,58149,58287
2024-09-01T10:00:00,2024-09-01T11:30:00,short,100,58195,58103
2024-09-01T11:30:00,2024-09-01T12:00:00,long,100,58103,58103
2024-09-01T12:00:00,2024-09-01T13:30:00,short,100,58057,58103
2024-09-01T13:30:00,2024-09-01T14:00:00,long,100,58103,58057
2024-09-01T14:00:00,2024-09-01T14:30:00,short,100,58011,57827
2024-09-01T14:30:00,2024-09-01T17:00:00,long,100,57827,58057
2024-09-01T17:00:00,2024-09-01T17:30:00,short,100,58011,58011
2024-09-01T17:30:00,2024-09-01T19:00:00,long,100,58057,58379
2024-09-01T19:00:00,2024-09-01T19:30:00,short,100,58379,58471
2024-09-01T19:30:00,2024-09-01T20:30:00,long,100,58517,58425
2024-09-01T20:30:00,2024-09-01T21:30:00,short,100,58425,58333
2024-09-01T22:00:00,2024-09-02T00:00:00,short,100,58241,57459
2024-09-02T00:00:00,2024-09-02T01:00:00,long,100,57459,57413
2024-09-02T03:00:00,2024-09-02T04:30:00,long,100,57551,57551
2024-09-02T04:30:00,2024-09-02T05:00:00,short,100,57459,57551
2024-09-02T05:00:00,2024-09-02T07:00:00,long,100,57551,57597
2024-09-02T07:00:00,2024-09-02T08:00:00,short,100,57551,57643
2024-09-02T08:00:00,2024-09-02T09:00:00,long,100,57643,58057
2024-09-02T09:00:00,2024-09-02T09:30:00,short,100,58057,58103
2024-09-02T09:30:00,2024-09-02T11:30:00,long,100,58195,58471
2024-09-02T11:30:00,2024-09-02T14:00:00,short,100,58471,58333
2024-09-02T14:00:00,2024-09-02T16:00:00,long,100,58425,58425
2024-09-02T16:00:00,2024-09-02T17:30:00,short,100,58425,58517
2024-09-02T17:30:00,2024-09-02T21:30:00,long,100,58517,59115
2024-09-02T21:30:00,2024-09-02T22:00:00,short,100,59115,59161
2024-09-02T22:30:00,2024-09-02T23:00:00,long,100,59299,59207
2024-09-02T23:00:00,2024-09-03T00:30:00,short,100,59207,59207
2024-09-03T00:30:00,2024-09-03T02:30:00,long,100,59299,59391
2024-09-03T02:30:00,2024-09-03T05:00:00,short,100,59391,59253
2024-09-03T06:00:00,2024-09-03T07:30:00,short,100,59115,59069
2024-09-03T07:30:00,2024-09-03T08:00:00,long,100,59069,58977
2024-09-03T08:00:00,2024-09-03T10:00:00,short,100,58977,58931
2024-09-03T10:00:00,2024-09-03T10:30:00,long,100,58931,59069
2024-09-03T12:00:00,2024-09-03T12:30:00,long,100,59207,59115
2024-09-03T12:30:00,2024-09-03T15:00:00,short,100,59115,57827
2024-09-03T15:00:00,2024-09-03T15:30:00,long,100,57827,57689
2024-09-03T17:00:00,2024-09-03T17:30:00,long,100,57827,57919
2024-09-03T17:30:00,2024-09-03T18:00:00,short,100,57827,57827
2024-09-03T18:00:00,2024-09-03T21:00:00,long,100,57827,58057
2024-09-03T21:00:00,2024-09-03T21:30:00,short,100,58011,58103
2024-09-03T21:30:00,2024-09-03T22:00:00,long,100,58149,58011
2024-09-03T22:00:00,2024-09-04T00:00:00,short,100,58011,57689
2024-09-04T00:00:00,2024-09-04T00:30:00,long,100,57689,57689
2024-09-04T00:30:00,2024-09-04T01:30:00,short,100,57597,56585
2024-09-04T01:30:00,2024-09-04T02:00:00,long,100,56585,56677
2024-09-04T03:00:00,2024-09-04T03:30:00,long,100,56723,56677
2024-09-04T03:30:00,2024-09-04T04:30:00,short,100,56631,56723
2024-09-04T04:30:00,2024-09-04T05:00:00,long,100,56723,56585
2024-09-04T05:00:00,2024-09-04T06:00:00,short,100,56585,56401
2024-09-04T06:00:00,2024-09-04T06:30:00,long,100,56401,56401
2024-09-04T06:30:00,2024-09-04T07:00:00,short,100,56309,56401
2024-09-04T07:00:00,2024-09-04T09:30:00,long,100,56401,56677
2024-09-04T09:30:00,2024-09-04T12:00:00,short,100,56631,56631
2024-09-04T12:00:00,2024-09-04T13:00:00,long,100,56677,56539
2024-09-04T13:00:00,2024-09-04T14:30:00,short,100,56539,56585
2024-09-04T14:30:00,2024-09-04T17:00:00,long,100,56631,58241
2024-09-04T17:00:00,2024-09-04T19:00:00,short,100,58241,57827
2024-09-04T19:00:00,2024-09-04T23:30:00,long,100,57873,57965
2024-09-05T00:00:00,2024-09-05T00:30:00,long,100,58103,58149
2024-09-05T00:30:00,2024-09-05T01:00:00,short,100,58149,58103
2024-09-05T01:00:00,2024-09-05T01:30:00,long,100,58149,58011
2024-09-05T01:30:00,2024-09-05T04:00:00,short,100,58011,57229
2024-09-05T04:00:00,2024-09-05T06:00:00,long,100,57229,57137
2024-09-05T06:00:00,2024-09-05T07:00:00,short,100,56999,56953
2024-09-05T07:00:00,2024-09-05T08:30:00,long,100,56953,57091
2024-09-05T08:30:00,2024-09-05T13:30:00,short,100,56999,56769
2024-09-05T13:30:00,2024-09-05T14:30:00,long,100,56769,56907
2024-09-05T14:30:00,2024-09-05T16:00:00,short,100,56815,56125
2024-09-05T16:00:00,2024-09-05T19:00:00,long,100,56125,56493
2024-09-05T19:00:00,2024-09-05T21:00:00,short,100,56447,56217
2024-09-05T22:00:00,2024-09-05T22:30:00,short,100,56079,56079
2024-09-05T22:30:00,2024-09-06T03:30:00,long,100,56079,56631
2024-09-06T03:30:00,2024-09-06T04:00:00,short,100,56631,56677
2024-09-06T04:30:00,2024-09-06T07:30:00,short,100,56585,55711
2024-09-06T07:30:00,2024-09-06T11:00:00,long,100,55711,56033
2024-09-06T11:00:00,2024-09-06T12:30:00,short,100,55987,56079
2024-09-06T12:30:00,2024-09-06T13:00:00,long,100,56079,56769
2024-09-06T13:00:00,2024-09-06T17:00:00,short,100,56769,54193
2024-09-06T17:00:00,2024-09-06T17:30:00,long,100,54193,54147
2024-09-06T17:30:00,2024-09-06T19:00:00,short,100,53963,53503
2024-09-06T19:00:00,2024-09-06T19:30:00,long,100,53503,53503
2024-09-06T20:30:00,2024-09-06T21:00:00,short,100,53365,53043
2024-09-06T21:00:00,2024-09-06T22:30:00,long,100,53043,53641
2024-09-06T22:30:00,2024-09-06T23:00:00,short,100,53641,53733
2024-09-06T23:30:00,2024-09-07T01:30:00,long,100,53825,53779
2024-09-07T01:30:00,2024-09-07T04:30:00,short,100,53779,53917
2024-09-07T04:30:00,2024-09-07T09:00:00,long,100,53963,54193
2024-09-07T09:00:00,2024-09-07T09:30:00,short,100,54193,54285
2024-09-07T11:00:00,2024-09-07T16:30:00,long,100,54377,54607
2024-09-07T16:30:00,2024-09-07T18:00:00,short,100,54607,54285
2024-09-07T19:00:00,2024-09-07T20:30:00,long,100,54331,54239
2024-09-07T20:30:00,2024-09-07T23:30:00,short,100,54239,54101
2024-09-07T23:30:00,2024-09-08T02:30:00,long,100,54101,54285
2024-09-08T03:30:00,2024-09-08T05:30:00,long,100,54423,54331
2024-09-08T05:30:00,2024-09-08T07:30:00,short,100,54331,54469
2024-09-08T07:30:00,2024-09-08T08:00:00,long,100,54469,54331
2024-09-08T08:00:00,2024-09-08T08:30:00,short,100,54331,54469
2024-09-08T08:30:00,2024-09-08T09:30:00,long,100,54469,54469
2024-09-08T09:30:00,2024-09-08T10:00:00,short,100,54469,54561
2024-09-08T10:00:00,2024-09-08T12:00:00,long,100,54607,54469
2024-09-08T12:00:00,2024-09-08T13:30:00,short,100,54469,54331
2024-09-08T13:30:00,2024-09-08T14:00:00,long,100,54377,54285
2024-09-08T14:00:00,2024-09-08T16:00:00,short,100,54285,53825
2024-09-08T16:00:00,2024-09-08T18:00:00,long,100,53825,54331
2024-09-08T18:00:00,2024-09-08T18:30:00,short,100,54331,54377
2024-09-08T19:30:00,2024-09-08T21:30:00,short,100,54285,54423
2024-09-08T21:30:00,2024-09-08T22:30:00,long,100,54469,55021
2024-09-08T22:30:00,2024-09-08T23:00:00,short,100,55021,54653
2024-09-08T23:00:00,2024-09-09T02:00:00,long,100,54699,54929
2024-09-09T02:00:00,2024-09-09T02:30:00,short,100,54883,54975
2024-09-09T02:30:00,2024-09-09T03:00:00,long,100,55021,54975
2024-09-09T03:00:00,2024-09-09T03:30:00,short,100,54975,55067
2024-09-09T03:30:00,2024-09-09T04:00:00,long,100,55113,54975
2024-09-09T04:00:00,2024-09-09T06:30:00,short,100,54975,54837
2024-09-09T06:30:00,2024-09-09T07:00:00,long,100,54883,54791
2024-09-09T07:00:00,2024-09-09T07:30:00,short,100,54791,54929
2024-09-09T07:30:00,2024-09-09T09:30:00,long,100,54929,55113
2024-09-09T10:00:00,2024-09-09T11:00:00,long,100,55251,55297
2024-09-09T11:00:00,2024-09-09T12:30:00,short,100,55297,55205
2024-09-09T12:30:00,2024-09-09T14:00:00,long,100,55297,55527
2024-09-09T14:00:00,2024-09-09T15:00:00,short,100,55527,54975
2024-09-09T15:00:00,2024-09-09T20:00:00,long,100,54975,56907
2024-09-09T20:00:00,2024-09-09T20:30:00,short,100,56907,56953
2024-09-09T21:00:00,2024-09-09T21:30:00,long,100,57137,57505
2024-09-09T21:30:00,2024-09-10T00:30:00,short,100,57505,56769
2024-09-10T00:30:00,2024-09-10T01:00:00,long,100,56769,56861
2024-09-10T02:00:00,2024-09-10T02:30:00,short,100,56769,56815
2024-09-10T02:30:00,2024-09-10T03:00:00,long,100,56815,56677
2024-09-10T03:00:00,2024-09-10T04:00:00,short,100,56677,56677
2024-09-10T04:00:00,2024-09-10T08:30:00,long,100,56677,57091
2024-09-10T08:30:00,2024-09-10T10:30:00,short,100,57091,57183
2024-09-10T12:00:00,2024-09-10T12:30:00,long,100,57229,57183
2024-09-10T12:30:00,2024-09-10T14:00:00,short,100,57183,56907
2024-09-10T14:00:00,2024-09-10T15:30:00,long,100,56953,56999
2024-09-10T15:30:00,2024-09-10T16:00:00,short,100,56953,56677
2024-09-10T16:00:00,2024-09-10T20:00:00,long,100,56677,57781
2024-09-10T20:00:00,2024-09-10T22:30:00,short,100,57781,57643
2024-09-11T00:00:00,2024-09-11T00:30:00,short,100,57551,57643
2024-09-11T01:00:00,2024-09-11T02:00:00,short,100,57505,56861
2024-09-11T02:00:00,2024-09-11T03:00:00,long,100,56861,56861
2024-09-11T03:00:00,2024-09-11T03:30:00,short,100,56723,56815
2024-09-11T03:30:00,2024-09-11T04:00:00,long,100,56815,56677
2024-09-11T04:00:00,2024-09-11T06:00:00,short,100,56631,56309
2024-09-11T06:00:00,2024-09-11T08:00:00,long,100,56309,56539
2024-09-11T08:30:00,2024-09-11T09:00:00,short,100,56447,56539
2024-09-11T09:00:00,2024-09-11T10:00:00,long,100,56539,56493
2024-09-11T10:00:00,2024-09-11T11:00:00,short,100,56493,56631
2024-09-11T11:00:00,2024-09-11T13:30:00,long,100,56631,56677
2024-09-11T13:30:00,2024-09-11T14:00:00,short,100,56677,55849
2024-09-11T14:00:00,2024-09-11T18:30:00,long,100,55849,57735
2024-09-11T18:30:00,2024-09-11T19:00:00,short,100,57735,57597
2024-09-11T20:30:00,2024-09-11T22:30:00,short,100,57459,57459
2024-09-11T23:30:00,2024-09-12T00:00:00,short,100,57321,57413
2024-09-12T00:00:00,2024-09-12T04:30:00,long,100,57413,58195
2024-09-12T04:30:00,2024-09-12T07:00:00,short,100,58195,58057
2024-09-12T08:00:00,2024-09-12T08:30:00,long,100,58149,58149
2024-09-12T08:30:00,2024-09-12T11:00:00,short,100,58149,58103
2024-09-12T12:30:00,2024-09-12T13:00:00,short,100,57965,57781
2024-09-12T13:00:00,2024-09-12T13:30:00,long,100,57781,57643
2024-09-12T13:30:00,2024-09-12T14:00:00,short,100,57643,57735
2024-09-12T14:00:00,2024-09-12T14:30:00,long,100,57735,58103
2024-09-12T14:30:00,2024-09-12T15:00:00,short,100,58057,57643
2024-09-12T15:00:00,2024-09-12T15:30:00,long,100,57643,57505
2024-09-12T15:30:00,2024-09-12T16:00:00,short,100,57505,57597
2024-09-12T16:00:00,2024-09-12T18:30:00,long,100,57597,58241
2024-09-12T18:30:00,2024-09-12T19:00:00,short,100,58241,58287
2024-09-12T20:00:00,2024-09-12T22:00:00,short,100,58195,58057
2024-09-12T22:30:00,2024-09-13T01:00:00,long,100,58103,57965
2024-09-13T01:00:00,2024-09-13T01:30:00,short,100,57965,58103
2024-09-13T01:30:00,2024-09-13T02:00:00,long,100,58103,58011
2024-09-13T02:00:00,2024-09-13T04:00:00,short,100,58011,58011
2024-09-13T04:00:00,2024-09-13T04:30:00,long,100,58011,57873
2024-09-13T04:30:00,2024-09-13T05:30:00,short,100,57873,57965
2024-09-13T05:30:00,2024-09-13T06:00:00,long,100,57965,57827
2024-09-13T06:00:00,2024-09-13T07:00:00,short,100,57827,57919
2024-09-13T07:00:00,2024-09-13T08:30:00,long,100,57919,57919
2024-09-13T09:00:00,2024-09-13T09:30:00,long,100,58057,58011
2024-09-13T09:30:00,2024-09-13T10:00:00,short,100,58011,58149
2024-09-13T10:00:00,2024-09-13T11:00:00,long,100,58149,58195
2024-09-13T11:00:00,2024-09-13T12:30:00,short,100,58195,57873
2024-09-13T12:30:00,2024-09-13T13:00:00,long,100,57919,57781
2024-09-13T13:00:00,2024-09-13T13:30:00,short,100,57781,57827
2024-09-13T13:30:00,2024-09-13T16:30:00,long,100,57827,59483
2024-09-13T16:30:00,2024-09-13T17:00:00,short,100,59483,59575
2024-09-13T19:00:00,2024-09-13T19:30:00,long,100,59805,59805
2024-09-13T19:30:00,2024-09-13T20:00:00,short,100,59805,59805
2024-09-13T21:00:00,2024-09-13T23:00:00,long,100,59943,60403
2024-09-13T23:00:00,2024-09-13T23:30:00,short,100,60403,60449
2024-09-14T00:30:00,2024-09-14T01:00:00,short,100,60357,60495
2024-09-14T01:30:00,2024-09-14T06:30:00,short,100,60403,60081
2024-09-14T07:30:00,2024-09-14T08:00:00,long,100,60127,59989
2024-09-14T08:00:00,2024-09-14T09:30:00,short,100,59989,60081
2024-09-14T09:30:00,2024-09-14T10:00:00,long,100,60081,59943
2024-09-14T10:30:00,2024-09-14T12:00:00,short,100,59897,59851
2024-09-14T12:00:00,2024-09-14T13:00:00,long,100,59851,59713
2024-09-14T13:00:00,2024-09-14T13:30:00,short,100,59713,59805
2024-09-14T13:30:00,2024-09-14T18:00:00,long,100,59805,59805
2024-09-14T18:00:00,2024-09-14T18:30:00,short,100,59713,59759
2024-09-14T18:30:00,2024-09-15T04:30:00,long,100,59759,60081
2024-09-15T05:00:00,2024-09-15T08:00:00,long,100,60219,60081
2024-09-15T08:00:00,2024-09-15T12:30:00,short,100,60081,60081
2024-09-15T12:30:00,2024-09-15T14:00:00,long,100,60127,60035
2024-09-15T14:00:00,2024-09-15T14:30:00,short,100,60035,60173
2024-09-15T14:30:00,2024-09-15T16:00:00,long,100,60173,60173
2024-09-15T16:00:00,2024-09-15T18:30:00,short,100,60173,59989
2024-09-15T19:00:00,2024-09-15T21:30:00,short,100,59851,59667
2024-09-15T21:30:00,2024-09-15T22:00:00,long,100,59667,59529
2024-09-15T22:00:00,2024-09-16T03:00:00,short,100,59483,58425
2024-09-16T03:00:00,2024-09-16T04:00:00,long,100,58425,58425
2024-09-16T05:00:00,2024-09-16T08:30:00,long,100,58517,58931
2024-09-16T08:30:00,2024-09-16T10:30:00,short,100,58931,58747
2024-09-16T12:00:00,2024-09-16T15:00:00,short,100,58609,57781
2024-09-16T15:00:00,2024-09-16T16:30:00,long,100,57781,57827
2024-09-16T17:30:00,2024-09-16T18:00:00,long,100,57873,58057
2024-09-16T18:00:00,2024-09-16T18:30:00,short,100,58011,57919
2024-09-16T20:00:00,2024-09-16T21:00:00,short,100,57781,57873
2024-09-16T21:00:00,2024-09-17T00:30:00,long,100,57873,58057
2024-09-17T00:30:00,2024-09-17T01:00:00,short,100,58011,57735
2024-09-17T01:00:00,2024-09-17T06:00:00,long,100,57781,58471
2024-09-17T06:00:00,2024-09-17T07:00:00,short,100,58471,58563
2024-09-17T08:30:00,2024-09-17T11:30:00,long,100,58701,59069
2024-09-17T11:30:00,2024-09-17T12:00:00,short,100,59069,59207
2024-09-17T12:30:00,2024-09-17T13:30:00,long,100,59345,59207
2024-09-17T13:30:00,2024-09-17T14:00:00,short,100,59207,59115
2024-09-17T14:00:00,2024-09-17T16:00:00,long,100,59207,61001
2024-09-17T16:00:00,2024-09-17T20:00:00,short,100,61001,60127
2024-09-17T20:00:00,2024-09-17T20:30:00,long,100,60127,60081
2024-09-17T21:00:00,2024-09-17T22:00:00,long,100,60219,60173
2024-09-17T23:30:00,2024-09-18T00:00:00,long,100,60311,60173
2024-09-18T00:00:00,2024-09-18T00:30:00,short,100,60127,60173
2024-09-18T00:30:00,2024-09-18T01:30:00,long,100,60173,60127
2024-09-18T01:30:00,2024-09-18T02:30:00,short,100,60081,60219
2024-09-18T02:30:00,2024-09-18T04:30:00,long,100,60219,60449
2024-09-18T04:30:00,2024-09-18T06:30:00,short,100,60403,60403
2024-09-18T06:30:00,2024-09-18T08:00:00,long,100,60449,60357
2024-09-18T08:00:00,2024-09-18T10:30:00,short,100,60357,59805
2024-09-18T10:30:00,2024-09-18T11:30:00,long,100,59805,59805
2024-09-18T12:30:00,2024-09-18T13:30:00,long,100,59943,59851
2024-09-18T13:30:00,2024-09-18T14:00:00,short,100,59759,59621
2024-09-18T14:00:00,2024-09-18T14:30:00,long,100,59621,59529
2024-09-18T14:30:00,2024-09-18T15:00:00,short,100,59483,59621
2024-09-18T15:00:00,2024-09-18T15:30:00,long,100,59621,59483
2024-09-18T15:30:00,2024-09-18T16:00:00,short,100,59437,59529
2024-09-18T16:00:00,2024-09-18T17:00:00,long,100,59529,59759
2024-09-18T17:30:00,2024-09-18T19:00:00,long,100,59897,60449
2024-09-18T19:00:00,2024-09-18T20:30:00,short,100,60449,60127
2024-09-18T20:30:00,2024-09-18T21:30:00,long,100,60173,60219
2024-09-18T21:30:00,2024-09-18T22:00:00,short,100,60173,60311
2024-09-18T22:00:00,2024-09-19T01:00:00,long,100,60311,62059
2024-09-19T01:00:00,2024-09-19T01:30:00,short,100,62059,61875
2024-09-19T01:30:00,2024-09-19T04:00:00,long,100,62013,62059
2024-09-19T04:00:00,2024-09-19T04:30:00,short,100,62059,62013
2024-09-19T04:30:00,2024-09-19T05:00:00,long,100,62059,61967
2024-09-19T05:00:00,2024-09-19T07:00:00,short,100,61967,62105
2024-09-19T07:00:00,2024-09-19T08:30:00,long,100,62105,61967
2024-09-19T08:30:00,2024-09-19T09:00:00,short,100,61967,62059
2024-09-19T09:00:00,2024-09-19T10:30:00,long,100,62059,62473
2024-09-19T10:30:00,2024-09-19T11:00:00,short,100,62473,62427
2024-09-19T11:00:00,2024-09-19T13:30:00,long,100,62519,63117
2024-09-19T13:30:00,2024-09-19T14:00:00,short,100,63117,63163
2024-09-19T14:00:00,2024-09-19T14:30:00,long,100,63301,63209
2024-09-19T14:30:00,2024-09-19T15:00:00,short,100,63209,63071
2024-09-19T15:00:00,2024-09-19T17:00:00,long,100,63163,63393
2024-09-19T17:00:00,2024-09-19T17:30:00,short,100,63393,63485
2024-09-19T17:30:00,2024-09-19T18:00:00,long,100,63531,63577
2024-09-19T18:00:00,2024-09-19T22:30:00,short,100,63577,62887
2024-09-19T22:30:00,2024-09-20T00:00:00,long,100,62887,62841
2024-09-20T01:00:00,2024-09-20T02:00:00,long,100,62887,62887
2024-09-20T02:30:00,2024-09-20T06:00:00,long,100,63025,63715
2024-09-20T06:00:00,2024-09-20T06:30:00,short,100,63715,63807
2024-09-20T07:00:00,2024-09-20T09:00:00,short,100,63669,63393
2024-09-20T09:00:00,2024-09-20T11:00:00,long,100,63439,63485
2024-09-20T11:00:00,2024-09-20T14:00:00,short,100,63439,63025
2024-09-20T14:00:00,2024-09-20T14:30:00,long,100,63025,63117
2024-09-20T14:30:00,2024-09-20T15:30:00,short,100,63025,63071
2024-09-20T15:30:00,2024-09-20T16:00:00,long,100,63071,63025
2024-09-20T16:00:00,2024-09-20T18:30:00,short,100,62979,62795
2024-09-20T18:30:00,2024-09-20T20:00:00,long,100,62795,62749
2024-09-20T20:30:00,2024-09-20T21:30:00,long,100,62841,63071
2024-09-20T22:00:00,2024-09-20T23:00:00,long,100,63209,63117
2024-09-20T23:00:00,2024-09-21T06:00:00,short,100,63117,63025
2024-09-21T06:00:00,2024-09-21T06:30:00,long,100,63071,62979
2024-09-21T06:30:00,2024-09-21T07:30:00,short,100,62979,63117
2024-09-21T07:30:00,2024-09-21T10:00:00,long,100,63117,62979
2024-09-21T10:00:00,2024-09-21T11:30:00,short,100,62979,63117
2024-09-21T11:30:00,2024-09-21T15:00:00,long,100,63117,63163
2024-09-21T15:00:00,2024-09-21T16:30:00,short,100,63163,63255
2024-09-21T16:30:00,2024-09-21T20:30:00,long,100,63255,63117
2024-09-21T20:30:00,2024-09-21T22:30:00,short,100,63117,63255
2024-09-21T22:30:00,2024-09-22T00:00:00,long,100,63255,63163
2024-09-22T00:00:00,2024-09-22T00:30:00,short,100,63163,63255
2024-09-22T00:30:00,2024-09-22T01:30:00,long,100,63255,63117
2024-09-22T01:30:00,2024-09-22T03:00:00,short,100,63117,63117
2024-09-22T03:00:00,2024-09-22T05:00:00,long,100,63163,63025
2024-09-22T05:00:00,2024-09-22T08:00:00,short,100,63025,63025
2024-09-22T08:00:00,2024-09-22T09:00:00,long,100,63025,62887
2024-09-22T09:00:00,2024-09-22T12:00:00,short,100,62887,62841
2024-09-22T12:00:00,2024-09-22T13:00:00,long,100,62841,62703
2024-09-22T13:00:00,2024-09-22T14:30:00,short,100,62703,62703
2024-09-22T14:30:00,2024-09-22T15:30:00,long,100,62703,62611
2024-09-22T16:30:00,2024-09-22T19:00:00,long,100,62749,62887
2024-09-22T19:00:00,2024-09-22T19:30:00,short,100,62841,62933
2024-09-22T19:30:00,2024-09-22T21:30:00,long,100,62933,63071
2024-09-22T21:30:00,2024-09-22T22:30:00,short,100,63071,62887
2024-09-22T22:30:00,2024-09-22T23:00:00,long,100,62933,63761
2024-09-22T23:00:00,2024-09-23T00:30:00,short,100,63761,63347
2024-09-23T00:30:00,2024-09-23T03:30:00,long,100,63393,64497
2024-09-23T03:30:00,2024-09-23T09:00:00,short,100,64497,63623
2024-09-23T09:00:00,2024-09-23T10:00:00,long,100,63623,63577
2024-09-23T11:00:00,2024-09-23T14:00:00,short,100,63439,63347
2024-09-23T14:00:00,2024-09-23T14:30:00,long,100,63347,63531
2024-09-23T14:30:00,2024-09-23T15:00:00,short,100,63439,63485
2024-09-23T15:00:00,2024-09-23T16:00:00,long,100,63485,63439
2024-09-23T16:00:00,2024-09-23T18:00:00,short,100,63439,63393
2024-09-23T18:00:00,2024-09-23T19:30:00,long,100,63393,63301
2024-09-23T19:30:00,2024-09-24T02:30:00,short,100,63301,63071
2024-09-24T02:30:00,2024-09-24T09:00:00,long,100,63071,63669
2024-09-24T09:00:00,2024-09-24T10:00:00,short,100,63669,63669
2024-09-24T10:30:00,2024-09-24T14:30:00,short,100,63577,63025
2024-09-24T14:30:00,2024-09-24T18:00:00,long,100,63025,63623
2024-09-24T18:00:00,2024-09-24T18:30:00,short,100,63623,63715
2024-09-24T19:00:00,2024-09-24T21:00:00,long,100,63807,64129
2024-09-24T21:00:00,2024-09-24T22:00:00,short,100,64129,64175
2024-09-24T22:00:00,2024-09-24T23:00:00,long,100,64313,64405
2024-09-24T23:00:00,2024-09-25T01:00:00,short,100,64405,64267
2024-09-25T01:00:00,2024-09-25T03:00:00,long,100,64359,64267
2024-09-25T03:00:00,2024-09-25T03:30:00,short,100,64267,64405
2024-09-25T03:30:00,2024-09-25T04:30:00,long,100,64405,64313
2024-09-25T04:30:00,2024-09-25T11:30:00,short,100,64313,63761
2024-09-25T11:30:00,2024-09-25T12:30:00,long,100,63761,63715
2024-09-25T12:30:00,2024-09-25T13:30:00,short,100,63623,63715
2024-09-25T13:30:00,2024-09-25T15:00:00,long,100,63715,63761
2024-09-25T15:30:00,2024-09-25T18:30:00,short,100,63669,63301
2024-09-25T18:30:00,2024-09-25T19:30:00,long,100,63301,63209
2024-09-25T19:30:00,2024-09-25T20:00:00,short,100,63117,63255
2024-09-25T20:00:00,2024-09-25T22:30:00,long,100,63255,63301
2024-09-25T23:00:00,2024-09-26T00:00:00,short,100,63209,63255
2024-09-26T00:00:00,2024-09-26T00:30:00,long,100,63255,63117
2024-09-26T00:30:00,2024-09-26T01:30:00,short,100,63117,63071
2024-09-26T01:30:00,2024-09-26T08:30:00,long,100,63071,63669
2024-09-26T08:30:00,2024-09-26T09:00:00,short,100,63669,63807
2024-09-26T09:00:00,2024-09-26T09:30:00,long,100,63853,63807
2024-09-26T09:30:00,2024-09-26T10:00:00,short,100,63807,63899
2024-09-26T10:00:00,2024-09-26T13:00:00,long,100,63991,64359
2024-09-26T13:00:00,2024-09-26T14:00:00,short,100,64359,64497
2024-09-26T14:00:00,2024-09-26T14:30:00,long,100,64635,64589
2024-09-26T14:30:00,2024-09-26T15:00:00,short,100,64589,64543
2024-09-26T15:00:00,2024-09-26T17:30:00,long,100,64635,65279
2024-09-26T17:30:00,2024-09-26T18:30:00,short,100,65279,65233
2024-09-26T19:00:00,2024-09-26T21:00:00,short,100,65141,64819
2024-09-26T21:00:00,2024-09-26T23:00:00,long,100,64819,64911
2024-09-26T23:30:00,2024-09-27T01:30:00,long,100,65049,65095
2024-09-27T02:00:00,2024-09-27T03:00:00,short,100,65049,65049
2024-09-27T03:30:00,2024-09-27T05:00:00,long,100,65095,65187
2024-09-27T05:00:00,2024-09-27T05:30:00,short,100,65187,65279
2024-09-27T05:30:00,2024-09-27T06:30:00,long,100,65279,65325
2024-09-27T06:30:00,2024-09-27T07:00:00,short,100,65325,65463
2024-09-27T07:00:00,2024-09-27T10:00:00,long,100,65463,65601
2024-09-27T10:00:00,2024-09-27T12:30:00,short,100,65601,65509
2024-09-27T12:30:00,2024-09-27T15:30:00,long,100,65601,66153
2024-09-27T15:30:00,2024-09-27T16:00:00,short,100,66153,66107
2024-09-27T16:30:00,2024-09-27T17:00:00,long,100,66245,66153
2024-09-27T17:00:00,2024-09-27T17:30:00,short,100,66153,65923
2024-09-27T18:00:00,2024-09-27T18:30:00,short,100,65785,65693
2024-09-27T18:30:00,2024-09-27T19:00:00,long,100,65693,65739
2024-09-27T20:30:00,2024-09-27T23:00:00,long,100,65831,65739
2024-09-28T00:30:00,2024-09-28T01:00:00,long,100,65877,65785
2024-09-28T01:00:00,2024-09-28T01:30:00,short,100,65785,65923
2024-09-28T01:30:00,2024-09-28T03:00:00,long,100,65923,66015
2024-09-28T03:00:00,2024-09-28T10:00:00,short,100,66015,65693
2024-09-28T10:30:00,2024-09-28T12:00:00,long,100,65739,65647
2024-09-28T12:00:00,2024-09-28T14:00:00,short,100,65601,65693
2024-09-28T14:00:00,2024-09-28T15:30:00,long,100,65693,65601
2024-09-28T16:30:00,2024-09-28T17:00:00,short,100,65555,65693
2024-09-28T17:00:00,2024-09-28T20:30:00,long,100,65693,65601
2024-09-28T22:00:00,2024-09-29T00:30:00,long,100,65739,65739
2024-09-29T00:30:00,2024-09-29T01:00:00,short,100,65693,65785
2024-09-29T01:00:00,2024-09-29T04:00:00,long,100,65785,65739
2024-09-29T04:00:00,2024-09-29T08:30:00,short,100,65739,65601
2024-09-29T10:00:00,2024-09-29T10:30:00,short,100,65463,65601
2024-09-29T10:30:00,2024-09-29T14:30:00,long,100,65601,65647
2024-09-29T15:30:00,2024-09-29T20:30:00,long,100,65785,65785
2024-09-29T20:30:00,2024-09-30T00:30:00,short,100,65785,65371
2024-09-30T00:30:00,2024-09-30T01:00:00,long,100,65371,65325
2024-09-30T01:00:00,2024-09-30T03:30:00,short,100,65233,64543
2024-09-30T03:30:00,2024-09-30T04:00:00,long,100,64543,64451
2024-09-30T05:00:00,2024-09-30T06:30:00,long,100,64497,64405
2024-09-30T07:00:00,2024-09-30T08:00:00,long,100,64451,64451
2024-09-30T08:00:00,2024-09-30T11:00:00,short,100,64359,63715
2024-09-30T11:00:00,2024-09-30T13:30:00,long,100,63715,63899
2024-09-30T14:30:00,2024-09-30T17:30:00,short,100,63807,63623
2024-09-30T17:30:00,2024-09-30T18:00:00,long,100,63623,63577
2024-09-30T18:00:00,2024-09-30T18:30:00,short,100,63531,63301
2024-09-30T18:30:00,2024-09-30T22:00:00,long,100,63301,63623
2024-09-30T22:00:00,2024-10-01T00:30:00,short,100,63577,63531
2024-10-01T00:30:00,2024-10-01T01:30:00,long,100,63577,63439
2024-10-01T01:30:00,2024-10-01T02:30:00,short,100,63439,63485
2024-10-01T02:30:00,2024-10-01T05:00:00,long,100,63485,63715
2024-10-01T06:00:00,2024-10-01T09:30:00,long,100,63853,63899
2024-10-01T09:30:00,2024-10-01T15:30:00,short,100,63899,62519
2024-10-01T15:30:00,2024-10-01T16:00:00,long,100,62519,62519
2024-10-01T16:00:00,2024-10-01T16:30:00,short,100,62335,62473
2024-10-01T16:30:00,2024-10-01T17:00:00,long,100,62473,62335
2024-10-01T17:00:00,2024-10-01T17:30:00,short,100,62243,61691
2024-10-01T17:30:00,2024-10-01T18:30:00,long,100,61691,62197
2024-10-01T18:30:00,2024-10-01T21:00:00,short,100,62151,60909
2024-10-01T21:00:00,2024-10-01T22:00:00,long,100,60909,61001
2024-10-01T22:00:00,2024-10-02T00:00:00,short,100,60863,60863
2024-10-02T00:00:00,2024-10-02T04:00:00,long,100,60863,61599
2024-10-02T04:00:00,2024-10-02T06:00:00,short,100,61599,61599
2024-10-02T08:30:00,2024-10-02T09:00:00,long,100,61737,61645
2024-10-02T09:00:00,2024-10-02T10:00:00,short,100,61645,61415
2024-10-02T10:00:00,2024-10-02T10:30:00,long,100,61461,61369
2024-10-02T10:30:00,2024-10-02T11:00:00,short,100,61369,61323
2024-10-02T11:00:00,2024-10-02T11:30:00,long,100,61323,61185
2024-10-02T11:30:00,2024-10-02T13:30:00,short,100,61185,60955
2024-10-02T13:30:00,2024-10-02T14:00:00,long,100,60955,61231
2024-10-02T14:00:00,2024-10-02T15:00:00,short,100,61185,61231
2024-10-02T15:00:00,2024-10-02T16:30:00,long,100,61277,61875
2024-10-02T16:30:00,2024-10-02T20:00:00,short,100,61875,60357
2024-10-02T20:00:00,2024-10-02T22:00:00,long,100,60357,60725
2024-10-02T22:00:00,2024-10-02T22:30:00,short,100,60679,60679
2024-10-02T22:30:00,2024-10-02T23:00:00,long,100,60725,60725
2024-10-02T23:00:00,2024-10-03T00:30:00,short,100,60725,60817
2024-10-03T00:30:00,2024-10-03T01:30:00,long,100,60817,61001
2024-10-03T01:30:00,2024-10-03T02:00:00,short,100,61001,61139
2024-10-03T02:00:00,2024-10-03T05:00:00,long,100,61139,61277
2024-10-03T05:00:00,2024-10-03T06:00:00,short,100,61277,61323
2024-10-03T07:00:00,2024-10-03T09:00:00,short,100,61185,60495
2024-10-03T09:00:00,2024-10-03T11:00:00,long,100,60495,60863
2024-10-03T11:00:00,2024-10-03T15:30:00,short,100,60817,60311
2024-10-03T15:30:00,2024-10-03T16:00:00,long,100,60311,60495
2024-10-03T16:00:00,2024-10-03T17:00:00,short,100,60403,60311
2024-10-03T17:00:00,2024-10-03T20:00:00,long,100,60311,60863
2024-10-03T20:00:00,2024-10-04T01:00:00,short,100,60863,60679
2024-10-04T01:00:00,2024-10-04T02:00:00,long,100,60771,61047
2024-10-04T02:00:00,2024-10-04T04:00:00,short,100,61047,61093
2024-10-04T04:00:00,2024-10-04T04:30:00,long,100,61185,61047
2024-10-04T04:30:00,2024-10-04T05:00:00,short,100,61047,61093
2024-10-04T05:00:00,2024-10-04T06:30:00,long,100,61139,61093
2024-10-04T06:30:00,2024-10-04T07:00:00,short,100,61093,61231
2024-10-04T07:00:00,2024-10-04T09:00:00,long,100,61231,61369
2024-10-04T09:00:00,2024-10-04T11:30:00,short,100,61369,61461
2024-10-04T12:00:00,2024-10-04T13:00:00,long,100,61507,61737
2024-10-04T13:00:00,2024-10-04T14:30:00,short,100,61737,61093
2024-10-04T14:30:00,2024-10-04T17:00:00,long,100,61093,62059
2024-10-04T17:00:00,2024-10-04T18:00:00,short,100,62059,62151
2024-10-04T18:30:00,2024-10-04T20:00:00,long,100,62289,62197
2024-10-04T20:00:00,2024-10-04T20:30:00,short,100,62197,62335
2024-10-04T20:30:00,2024-10-04T21:30:00,long,100,62427,62289
2024-10-04T21:30:00,2024-10-05T00:30:00,short,100,62289,62151
2024-10-05T01:00:00,2024-10-05T01:30:00,short,100,62059,62105
2024-10-05T01:30:00,2024-10-05T02:30:00,long,100,62105,61967
2024-10-05T02:30:00,2024-10-05T03:00:00,short,100,61967,61921
2024-10-05T03:00:00,2024-10-05T03:30:00,long,100,61921,61829
2024-10-05T04:00:00,2024-10-05T07:30:00,long,100,61967,62059
2024-10-05T08:30:00,2024-10-05T13:30:00,long,100,62197,62151
2024-10-05T13:30:00,2024-10-05T21:00:00,short,100,62151,61875
2024-10-05T22:00:00,2024-10-06T00:30:00,long,100,61921,61875
2024-10-06T01:00:00,2024-10-06T02:00:00,long,100,62013,62013
2024-10-06T02:30:00,2024-10-06T08:00:00,short,100,61967,62013
2024-10-06T08:00:00,2024-10-06T15:00:00,long,100,62059,62565
2024-10-06T15:00:00,2024-10-06T15:30:00,short,100,62565,62611
2024-10-06T15:30:00,2024-10-06T16:30:00,long,100,62749,62611
2024-10-06T16:30:00,2024-10-06T17:00:00,short,100,62611,62703
2024-10-06T17:30:00,2024-10-06T18:00:00,short,100,62611,62703
2024-10-06T18:00:00,2024-10-06T19:30:00,long,100,62749,62749
2024-10-06T19:30:00,2024-10-06T22:00:00,short,100,62749,62473
2024-10-06T22:00:00,2024-10-07T02:30:00,long,100,62519,63669
2024-10-07T02:30:00,2024-10-07T04:00:00,short,100,63669,63669
2024-10-07T04:30:00,2024-10-07T06:00:00,short,100,63531,63531
2024-10-07T06:30:00,2024-10-07T07:00:00,long,100,63623,63531
2024-10-07T07:00:00,2024-10-07T08:00:00,short,100,63531,63623
2024-10-07T08:00:00,2024-10-07T09:00:00,long,100,63623,63485
2024-10-07T09:00:00,2024-10-07T09:30:00,short,100,63485,63255
2024-10-07T09:30:00,2024-10-07T10:00:00,long,100,63255,63117
2024-10-07T10:00:00,2024-10-07T11:30:00,short,100,63117,62933
2024-10-07T11:30:00,2024-10-07T12:30:00,long,100,62933,63025
2024-10-07T12:30:00,2024-10-07T13:00:00,short,100,62933,62979
2024-10-07T13:00:00,2024-10-07T14:30:00,long,100,62979,64037
2024-10-07T14:30:00,2024-10-07T16:30:00,short,100,64037,63807
2024-10-07T17:00:00,2024-10-07T17:30:00,short,100,63715,63715
2024-10-07T17:30:00,2024-10-07T18:00:00,long,100,63761,63715
2024-10-07T18:00:00,2024-10-07T19:00:00,short,100,63669,62979
2024-10-07T19:00:00,2024-10-07T20:00:00,long,100,62979,63209
2024-10-07T20:00:00,2024-10-07T21:00:00,short,100,63117,63163
2024-10-07T21:00:00,2024-10-07T22:00:00,long,100,63163,63209
2024-10-07T22:30:00,2024-10-08T00:00:00,short,100,63163,62381
2024-10-08T00:00:00,2024-10-08T01:00:00,long,100,62381,62381
2024-10-08T01:30:00,2024-10-08T02:00:00,long,100,62519,62519
2024-10-08T02:00:00,2024-10-08T02:30:00,short,100,62427,62565
2024-10-08T02:30:00,2024-10-08T03:00:00,long,100,62565,62657
2024-10-08T03:00:00,2024-10-08T04:00:00,short,100,62611,62749
2024-10-08T04:00:00,2024-10-08T05:00:00,long,100,62749,62611
2024-10-08T05:00:00,2024-10-08T05:30:00,short,100,62611,62565
2024-10-08T06:00:00,2024-10-08T06:30:00,short,100,62427,62381
2024-10-08T06:30:00,2024-10-08T07:00:00,long,100,62381,62381
2024-10-08T07:00:00,2024-10-08T07:30:00,short,100,62335,62289
2024-10-08T07:30:00,2024-10-08T12:30:00,long,100,62289,62473
2024-10-08T12:30:00,2024-10-08T13:00:00,short,100,62427,62565
2024-10-08T13:00:00,2024-10-08T14:00:00,long,100,62565,62887
2024-10-08T14:00:00,2024-10-08T14:30:00,short,100,62887,62473
2024-10-08T14:30:00,2024-10-08T15:00:00,long,100,62519,62657
2024-10-08T15:00:00,2024-10-08T16:00:00,short,100,62611,62335
2024-10-08T16:00:00,2024-10-08T17:00:00,long,100,62335,62381
2024-10-08T17:00:00,2024-10-08T17:30:00,short,100,62289,62381
2024-10-08T17:30:00,2024-10-08T18:00:00,long,100,62381,62289
2024-10-08T18:00:00,2024-10-08T20:00:00,short,100,62289,62289
2024-10-08T20:00:00,2024-10-08T22:00:00,long,100,62289,62289
2024-10-08T22:00:00,2024-10-08T23:30:00,short,100,62243,62197
2024-10-08T23:30:00,2024-10-09T02:30:00,long,100,62197,62243
2024-10-09T03:00:00,2024-10-09T06:30:00,long,100,62381,62381
2024-10-09T07:00:00,2024-10-09T09:30:00,short,100,62335,62289
2024-10-09T10:00:00,2024-10-09T11:30:00,short,100,62151,62243
2024-10-09T11:30:00,2024-10-09T12:00:00,long,100,62243,62105
2024-10-09T12:00:00,2024-10-09T14:00:00,short,100,62105,61967
2024-10-09T14:00:00,2024-10-09T16:00:00,long,100,61967,62151
2024-10-09T16:00:00,2024-10-09T21:00:00,short,100,62105,60587
2024-10-09T21:00:00,2024-10-09T22:00:00,long,100,60587,60725
2024-10-09T22:30:00,2024-10-09T23:00:00,long,100,60817,60679
2024-10-09T23:00:00,2024-10-10T01:00:00,short,100,60633,60587
2024-10-10T01:00:00,2024-10-10T07:30:00,long,100,60587,60955
2024-10-10T07:30:00,2024-10-10T08:00:00,short,100,60909,61001
2024-10-10T08:00:00,2024-10-10T08:30:00,long,100,61047,60955
2024-10-10T08:30:00,2024-10-10T09:30:00,short,100,60955,60817
2024-10-10T09:30:00,2024-10-10T12:30:00,long,100,60863,61139
2024-10-10T12:30:00,2024-10-10T13:00:00,short,100,61139,61093
2024-10-10T13:00:00,2024-10-10T13:30:00,long,100,61185,61047
2024-10-10T13:30:00,2024-10-10T15:30:00,short,100,61047,60679
2024-10-10T15:30:00,2024-10-10T16:00:00,long,100,60679,60679
2024-10-10T16:00:00,2024-10-10T18:30:00,short,100,60587,59253
2024-10-10T18:30:00,2024-10-11T00:00:00,long,100,59253,60173
2024-10-11T00:00:00,2024-10-11T01:30:00,short,100,60173,60311
2024-10-11T01:30:00,2024-10-11T02:00:00,long,100,60449,60449
2024-10-11T02:00:00,2024-10-11T02:30:00,short,100,60449,60587
2024-10-11T06:00:00,2024-10-11T07:30:00,long,100,60725,60633
2024-10-11T07:30:00,2024-10-11T09:00:00,short,100,60633,60771
2024-10-11T09:00:00,2024-10-11T18:00:00,long,100,60863,62749
2024-10-11T18:00:00,2024-10-11T18:30:00,short,100,62749,62841
2024-10-11T19:30:00,2024-10-11T21:30:00,long,100,63071,62933
2024-10-11T21:30:00,2024-10-12T00:00:00,short,100,62933,62611
2024-10-12T00:00:00,2024-10-12T02:00:00,long,100,62657,62657
2024-10-12T02:30:00,2024-10-12T04:00:00,short,100,62611,62657
2024-10-12T04:00:00,2024-10-12T11:30:00,long,100,62657,62979
2024-10-12T11:30:00,2024-10-12T12:30:00,short,100,62979,63025
2024-10-12T12:30:00,2024-10-12T15:30:00,long,100,63071,63163
2024-10-12T15:30:00,2024-10-12T17:00:00,short,100,63163,63209
2024-10-12T17:30:00,2024-10-12T19:00:00,short,100,63117,63071
2024-10-12T21:00:00,2024-10-13T01:00:00,long,100,63117,63117
2024-10-13T01:00:00,2024-10-13T04:00:00,short,100,63117,62887
2024-10-13T05:00:00,2024-10-13T07:00:00,long,100,62933,62795
2024-10-13T07:00:00,2024-10-13T07:30:00,short,100,62795,62887
2024-10-13T07:30:00,2024-10-13T10:30:00,long,100,62887,62749
2024-10-13T10:30:00,2024-10-13T12:00:00,short,100,62749,62703
2024-10-13T12:00:00,2024-10-13T13:30:00,long,100,62703,62611
2024-10-13T14:30:00,2024-10-13T15:30:00,short,100,62565,62197
2024-10-13T15:30:00,2024-10-13T17:30:00,long,100,62197,62565
2024-10-13T17:30:00,2024-10-13T19:00:00,short,100,62519,62565
2024-10-13T19:00:00,2024-10-13T23:00:00,long,100,62611,62703
2024-10-13T23:00:00,2024-10-13T23:30:00,short,100,62703,62795
2024-10-13T23:30:00,2024-10-14T00:00:00,long,100,62841,62749
2024-10-14T00:00:00,2024-10-14T01:00:00,short,100,62749,62657
2024-10-14T01:00:00,2024-10-14T01:30:00,long,100,62703,62657
2024-10-14T01:30:00,2024-10-14T03:00:00,short,100,62657,62703
2024-10-14T03:00:00,2024-10-14T04:30:00,long,100,62703,64129
2024-10-14T04:30:00,2024-10-14T06:00:00,short,100,64129,64083
2024-10-14T07:30:00,2024-10-14T08:30:00,long,100,64221,64451
2024-10-14T08:30:00,2024-10-14T09:00:00,short,100,64451,64543
2024-10-14T09:00:00,2024-10-14T12:00:00,long,100,64635,64819
2024-10-14T12:00:00,2024-10-14T12:30:00,short,100,64819,64865
2024-10-14T13:00:00,2024-10-14T13:30:00,short,100,64773,64865
2024-10-14T13:30:00,2024-10-14T14:30:00,long,100,64957,65923
2024-10-14T14:30:00,2024-10-14T18:00:00,short,100,65923,65739
2024-10-14T18:00:00,2024-10-14T18:30:00,long,100,65831,65739
2024-10-14T18:30:00,2024-10-14T19:00:00,short,100,65739,65877
2024-10-14T19:00:00,2024-10-14T20:30:00,long,100,65877,65877
2024-10-14T20:30:00,2024-10-14T22:00:00,short,100,65877,65969
2024-10-14T22:00:00,2024-10-14T23:00:00,long,100,66015,66291
2024-10-14T23:00:00,2024-10-15T00:00:00,short,100,66291,66245
2024-10-15T00:00:00,2024-10-15T00:30:00,long,100,66337,66245
2024-10-15T00:30:00,2024-10-15T04:00:00,short,100,66245,65555
2024-10-15T04:00:00,2024-10-15T05:00:00,long,100,65555,65463
2024-10-15T06:00:00,2024-10-15T09:00:00,long,100,65509,65647
2024-10-15T10:00:00,2024-10-15T10:30:00,long,100,65785,65647
2024-10-15T10:30:00,2024-10-15T12:00:00,short,100,65647,65555
2024-10-15T12:00:00,2024-10-15T14:00:00,long,100,65601,67533
2024-10-15T14:00:00,2024-10-15T15:00:00,short,100,67533,65555
2024-10-15T15:00:00,2024-10-15T17:00:00,long,100,65555,66705
2024-10-15T17:00:00,2024-10-15T17:30:00,short,100,66705,66751
2024-10-15T18:00:00,2024-10-15T18:30:00,long,100,66935,66935
2024-10-15T18:30:00,2024-10-15T19:30:00,short,100,66935,66935
2024-10-15T20:00:00,2024-10-15T22:00:00,short,100,66843,66567
2024-10-15T22:00:00,2024-10-15T22:30:00,long,100,66613,66705
2024-10-15T23:30:00,2024-10-16T00:00:00,long,100,66843,66935
2024-10-16T00:00:00,2024-10-16T01:00:00,short,100,66935,66935
2024-10-16T01:00:00,2024-10-16T01:30:00,long,100,66981,67349
2024-10-16T01:30:00,2024-10-16T05:00:00,short,100,67349,67165
2024-10-16T06:00:00,2024-10-16T08:00:00,short,100,67073,67027
2024-10-16T08:00:00,2024-10-16T11:30:00,long,100,67027,67993
2024-10-16T11:30:00,2024-10-16T12:00:00,short,100,67993,67993
2024-10-16T12:30:00,2024-10-16T14:00:00,short,100,67901,67533
2024-10-16T14:00:00,2024-10-16T14:30:00,long,100,67533,67625
2024-10-16T15:00:00,2024-10-16T15:30:00,long,100,67763,67855
2024-10-16T15:30:00,2024-10-16T16:30:00,short,100,67809,67855
2024-10-16T17:30:00,2024-10-16T18:30:00,long,100,67901,67855
2024-10-16T18:30:00,2024-10-16T20:00:00,short,100,67855,67901
2024-10-16T20:30:00,2024-10-16T22:30:00,short,100,67763,67763
2024-10-16T22:30:00,2024-10-16T23:00:00,long,100,67809,67671
2024-10-16T23:00:00,2024-10-17T00:00:00,short,100,67671,67763
2024-10-17T00:00:00,2024-10-17T00:30:00,long,100,67763,67671
2024-10-17T00:30:00,2024-10-17T01:30:00,short,100,67671,67809
2024-10-17T01:30:00,2024-10-17T02:00:00,long,100,67809,67809
2024-10-17T02:00:00,2024-10-17T03:00:00,short,100,67763,67625
2024-10-17T04:00:00,2024-10-17T06:00:00,short,100,67487,67441
2024-10-17T06:00:00,2024-10-17T06:30:00,long,100,67441,67303
2024-10-17T06:30:00,2024-10-17T07:30:00,short,100,67303,67257
2024-10-17T07:30:00,2024-10-17T09:30:00,long,100,67257,67303
2024-10-17T09:30:00,2024-10-17T10:30:00,short,100,67211,67257
2024-10-17T10:30:00,2024-10-17T11:00:00,long,100,67257,67119
2024-10-17T11:00:00,2024-10-17T12:00:00,short,100,67119,67027
2024-10-17T12:00:00,2024-10-17T13:00:00,long,100,67027,67027
2024-10-17T14:30:00,2024-10-17T16:00:00,long,100,67119,67441
2024-10-17T16:00:00,2024-10-17T20:00:00,short,100,67441,66981
2024-10-17T20:00:00,2024-10-17T20:30:00,long,100,66981,67027
2024-10-17T20:30:00,2024-10-17T21:00:00,short,100,66935,67073
2024-10-17T21:00:00,2024-10-18T00:30:00,long,100,67073,67303
2024-10-18T00:30:00,2024-10-18T01:00:00,short,100,67257,67349
2024-10-18T01:00:00,2024-10-18T02:00:00,long,100,67395,67947
2024-10-18T02:00:00,2024-10-18T02:30:00,short,100,67947,68039
2024-10-18T03:00:00,2024-10-18T04:00:00,short,100,67993,67717
2024-10-18T04:00:00,2024-10-18T04:30:00,long,100,67763,67717
2024-10-18T05:00:00,2024-10-18T07:30:00,long,100,67855,68039
2024-10-18T07:30:00,2024-10-18T13:00:00,short,100,68039,67855
2024-10-18T13:30:00,2024-10-18T19:00:00,long,100,67901,68729
2024-10-18T19:00:00,2024-10-18T23:00:00,short,100,68729,68361
2024-10-18T23:00:00,2024-10-19T04:00:00,long,100,68407,68361
2024-10-19T10:00:00,2024-10-19T14:00:00,short,100,68315,68269
2024-10-19T14:00:00,2024-10-19T15:00:00,long,100,68269,68177
2024-10-19T16:00:00,2024-10-19T18:00:00,short,100,68131,68223
2024-10-19T18:00:00,2024-10-19T21:30:00,long,100,68223,68177
2024-10-19T22:00:00,2024-10-20T00:30:00,long,100,68315,68223
2024-10-20T01:30:00,2024-10-20T04:00:00,short,100,68177,68269
2024-10-20T04:00:00,2024-10-20T05:00:00,long,100,68269,68177
2024-10-20T05:00:00,2024-10-20T06:30:00,short,100,68177,68315
2024-10-20T06:30:00,2024-10-20T12:30:00,long,100,68315,68315
2024-10-20T12:30:00,2024-10-20T13:30:00,short,100,68269,68361
2024-10-20T13:30:00,2024-10-20T15:00:00,long,100,68361,68499
2024-10-20T15:00:00,2024-10-20T15:30:00,short,100,68499,68591
2024-10-20T15:30:00,2024-10-20T16:30:00,long,100,68591,68499
2024-10-20T16:30:00,2024-10-20T18:00:00,short,100,68499,68637
2024-10-20T18:00:00,2024-10-20T19:00:00,long,100,68637,68545
2024-10-20T19:00:00,2024-10-20T20:00:00,short,100,68545,68637
2024-10-20T20:00:00,2024-10-21T00:30:00,long,100,68683,69281
2024-10-21T00:30:00,2024-10-21T01:00:00,short,100,69281,69281
2024-10-21T01:00:00,2024-10-21T01:30:00,long,100,69419,69327
2024-10-21T01:30:00,2024-10-21T03:30:00,short,100,69327,68913
2024-10-21T03:30:00,2024-10-21T04:00:00,long,100,68913,68867
2024-10-21T04:00:00,2024-10-21T04:30:00,short,100,68821,68959
2024-10-21T04:30:00,2024-10-21T06:30:00,long,100,68959,69005
2024-10-21T06:30:00,2024-10-21T15:30:00,short,100,68959,67165
2024-10-21T15:30:00,2024-10-21T16:00:00,long,100,67165,67257
2024-10-21T16:00:00,2024-10-21T16:30:00,short,100,67119,67165
2024-10-21T16:30:00,2024-10-21T18:00:00,long,100,67165,67395
2024-10-21T18:00:00,2024-10-21T18:30:00,short,100,67349,67349
2024-10-21T18:30:00,2024-10-21T20:00:00,long,100,67395,67625
2024-10-21T20:00:00,2024-10-21T20:30:00,short,100,67625,67763
2024-10-21T20:30:00,2024-10-21T23:00:00,long,100,67763,67717
2024-10-21T23:00:00,2024-10-22T00:30:00,short,100,67717,67119
2024-10-22T00:30:00,2024-10-22T02:30:00,long,100,67119,67441
2024-10-22T02:30:00,2024-10-22T03:00:00,short,100,67395,67441
2024-10-22T04:00:00,2024-10-22T06:30:00,long,100,67487,67625
2024-10-22T06:30:00,2024-10-22T10:00:00,short,100,67625,67027
2024-10-22T10:00:00,2024-10-22T11:30:00,long,100,67027,67303
2024-10-22T12:00:00,2024-10-22T14:30:00,short,100,67257,67165
2024-10-22T14:30:00,2024-10-22T15:00:00,long,100,67211,67441
2024-10-22T15:00:00,2024-10-22T17:00:00,short,100,67395,67119
2024-10-22T17:00:00,2024-10-22T18:30:00,long,100,67165,67349
2024-10-22T19:00:00,2024-10-22T19:30:00,long,100,67487,67487
2024-10-22T19:30:00,2024-10-22T21:30:00,short,100,67487,67579
2024-10-22T22:00:00,2024-10-22T23:00:00,long,100,67625,67579
2024-10-22T23:00:00,2024-10-23T01:00:00,short,100,67579,67349
2024-10-23T02:00:00,2024-10-23T03:30:00,short,100,67211,67119
2024-10-23T03:30:00,2024-10-23T05:30:00,long,100,67119,67073
2024-10-23T06:00:00,2024-10-23T06:30:00,long,100,67211,67165
2024-10-23T06:30:00,2024-10-23T09:30:00,short,100,67119,66521
2024-10-23T09:30:00,2024-10-23T10:30:00,long,100,66521,66475
2024-10-23T11:00:00,2024-10-23T11:30:00,long,100,66521,66429
2024-10-23T12:00:00,2024-10-23T12:30:00,short,100,66337,66429
2024-10-23T12:30:00,2024-10-23T14:30:00,long,100,66429,66659
2024-10-23T14:30:00,2024-10-23T18:30:00,short,100,66613,65785
2024-10-23T18:30:00,2024-10-23T21:00:00,long,100,65785,66521
2024-10-23T21:00:00,2024-10-23T22:30:00,short,100,66521,66521
2024-10-23T23:00:00,2024-10-24T00:00:00,long,100,66613,66567
2024-10-24T00:00:00,2024-10-24T00:30:00,short,100,66567,66705
2024-10-24T00:30:00,2024-10-24T01:00:00,long,100,66751,67349
2024-10-24T01:00:00,2024-10-24T02:00:00,short,100,67349,67395
2024-10-24T03:30:00,2024-10-24T04:00:00,short,100,67303,67349
2024-10-24T06:30:00,2024-10-24T07:00:00,short,100,67257,67257
2024-10-24T07:00:00,2024-10-24T07:30:00,long,100,67303,67165
2024-10-24T07:30:00,2024-10-24T09:00:00,short,100,67165,67027
2024-10-24T09:00:00,2024-10-24T09:30:00,long,100,67027,66889
2024-10-24T09:30:00,2024-10-24T10:00:00,short,100,66889,66981
2024-10-24T10:00:00,2024-10-24T14:00:00,long,100,66981,67763
2024-10-24T14:00:00,2024-10-24T14:30:00,short,100,67763,67671
2024-10-24T14:30:00,2024-10-24T15:30:00,long,100,67763,67671
2024-10-24T15:30:00,2024-10-24T18:00:00,short,100,67671,67763
2024-10-24T18:00:00,2024-10-24T20:00:00,long,100,67809,68131
2024-10-24T20:00:00,2024-10-24T21:00:00,short,100,68131,68223
2024-10-24T21:00:00,2024-10-24T21:30:00,long,100,68315,68499
2024-10-24T21:30:00,2024-10-25T03:00:00,short,100,68499,68131
2024-10-25T03:00:00,2024-10-25T03:30:00,long,100,68177,68039
2024-10-25T03:30:00,2024-10-25T07:30:00,short,100,68039,67487
2024-10-25T07:30:00,2024-10-25T14:30:00,long,100,67487,68499
2024-10-25T14:30:00,2024-10-25T18:00:00,short,100,68499,66981
2024-10-25T18:00:00,2024-10-25T18:30:00,long,100,66981,67257
2024-10-25T18:30:00,2024-10-25T21:00:00,short,100,67165,67027
2024-10-25T21:00:00,2024-10-25T22:30:00,long,100,67027,67119
2024-10-25T22:30:00,2024-10-25T23:30:00,short,100,67073,66015
2024-10-25T23:30:00,2024-10-26T07:30:00,long,100,66015,66981
2024-10-26T07:30:00,2024-10-26T08:00:00,short,100,66981,67119
2024-10-26T09:30:00,2024-10-26T10:00:00,short,100,67073,67165
2024-10-26T10:30:00,2024-10-26T11:30:00,short,100,67073,67165
2024-10-26T12:00:00,2024-10-26T15:00:00,short,100,67027,66935
2024-10-26T15:00:00,2024-10-26T21:00:00,long,100,66981,67211
2024-10-26T21:00:00,2024-10-27T03:00:00,short,100,67165,67165
2024-10-27T03:00:00,2024-10-27T04:30:00,long,100,67211,67119
2024-10-27T04:30:00,2024-10-27T08:00:00,short,100,67119,67257
2024-10-27T08:00:00,2024-10-27T09:00:00,long,100,67257,67119
2024-10-27T09:00:00,2024-10-27T12:00:00,short,100,67119,67257
2024-10-27T12:00:00,2024-10-27T18:00:00,long,100,67257,67671
2024-10-27T18:00:00,2024-10-27T19:00:00,short,100,67671,67717
2024-10-27T19:00:00,2024-10-27T20:30:00,long,100,67809,67717
2024-10-27T20:30:00,2024-10-27T21:00:00,short,100,67717,67855
2024-10-27T21:00:00,2024-10-27T22:30:00,long,100,67901,68131
2024-10-27T22:30:00,2024-10-28T02:00:00,short,100,68131,67901
2024-10-28T02:30:00,2024-10-28T03:00:00,short,100,67763,67901
2024-10-28T03:00:00,2024-10-28T03:30:00,long,100,67901,67809
2024-10-28T03:30:00,2024-10-28T05:30:00,short,100,67809,67855
2024-10-28T05:30:00,2024-10-28T06:00:00,long,100,67855,67809
2024-10-28T06:30:00,2024-10-28T07:30:00,long,100,67947,68453
2024-10-28T07:30:00,2024-10-28T09:30:00,short,100,68453,68453
2024-10-28T09:30:00,2024-10-28T10:30:00,long,100,68545,68591
2024-10-28T10:30:00,2024-10-28T11:00:00,short,100,68591,68729
2024-10-28T11:00:00,2024-10-28T13:30:00,long,100,68775,68821
2024-10-28T13:30:00,2024-10-28T16:00:00,short,100,68821,68637
2024-10-28T16:00:00,2024-10-28T16:30:00,long,100,68729,68683
2024-10-28T16:30:00,2024-10-28T17:00:00,short,100,68683,68821
2024-10-28T17:00:00,2024-10-28T19:30:00,long,100,68821,69649
2024-10-28T19:30:00,2024-10-28T20:30:00,short,100,69649,69603
2024-10-28T21:00:00,2024-10-28T21:30:00,short,100,69557,69695
2024-10-28T21:30:00,2024-10-28T23:00:00,long,100,69741,69787
2024-10-28T23:00:00,2024-10-28T23:30:00,short,100,69787,69925
2024-10-28T23:30:00,2024-10-29T00:00:00,long,100,69925,69833
2024-10-29T00:00:00,2024-10-29T00:30:00,short,100,69833,69971
2024-10-29T01:30:00,2024-10-29T02:30:00,long,100,70017,71213
2024-10-29T02:30:00,2024-10-29T04:00:00,short,100,71213,71121
2024-10-29T05:00:00,2024-10-29T05:30:00,short,100,70983,71029
2024-10-29T06:30:00,2024-10-29T07:00:00,long,100,71121,71075
2024-10-29T07:00:00,2024-10-29T08:00:00,short,100,71075,71167
2024-10-29T08:00:00,2024-10-29T10:00:00,long,100,71167,71167
2024-10-29T10:00:00,2024-10-29T11:00:00,short,100,71167,71259
2024-10-29T11:00:00,2024-10-29T12:00:00,long,100,71259,71305
2024-10-29T12:00:00,2024-10-29T13:30:00,short,100,71305,71305
2024-10-29T13:30:00,2024-10-29T14:00:00,long,100,71351,71719
2024-10-29T14:00:00,2024-10-29T14:30:00,short,100,71719,71719
2024-10-29T14:30:00,2024-10-29T17:30:00,long,100,71811,72777
2024-10-29T17:30:00,2024-10-29T18:00:00,short,100,72777,72823
2024-10-29T18:30:00,2024-10-29T19:00:00,long,100,73007,73053
2024-10-29T19:00:00,2024-10-29T20:30:00,short,100,73053,72179
2024-10-29T20:30:00,2024-10-30T00:00:00,long,100,72179,72593
2024-10-30T00:00:00,2024-10-30T01:30:00,short,100,72547,72363
2024-10-30T01:30:00,2024-10-30T02:30:00,long,100,72409,72363
2024-10-30T03:00:00,2024-10-30T05:00:00,short,100,72317,72455
2024-10-30T05:00:00,2024-10-30T06:00:00,long,100,72455,72409
2024-10-30T06:30:00,2024-10-30T08:00:00,short,100,72363,72455
2024-10-30T08:00:00,2024-10-30T08:30:00,long,100,72455,72409
2024-10-30T08:30:00,2024-10-30T09:00:00,short,100,72409,72409
2024-10-30T09:00:00,2024-10-30T10:30:00,long,100,72409,72455
2024-10-30T10:30:00,2024-10-30T13:30:00,short,100,72409,71995
2024-10-30T13:30:00,2024-10-30T15:00:00,long,100,71995,72271
2024-10-30T15:00:00,2024-10-30T15:30:00,short,100,72225,72087
2024-10-30T15:30:00,2024-10-30T17:00:00,long,100,72133,71995
2024-10-30T17:00:00,2024-10-30T18:00:00,short,100,71995,71995
2024-10-30T18:00:00,2024-10-30T19:00:00,long,100,71995,71949
2024-10-30T19:00:00,2024-10-30T20:00:00,short,100,71903,71995
2024-10-30T20:00:00,2024-10-30T21:00:00,long,100,71995,72731
2024-10-30T21:00:00,2024-10-30T21:30:00,short,100,72731,72455
2024-10-30T22:00:00,2024-10-30T22:30:00,long,100,72547,72409
2024-10-30T22:30:00,2024-10-30T23:00:00,short,100,72409,72547
2024-10-30T23:00:00,2024-10-30T23:30:00,long,100,72547,72547
2024-10-30T23:30:00,2024-10-31T01:00:00,short,100,72501,72363
2024-10-31T01:30:00,2024-10-31T03:00:00,long,100,72409,72409
2024-10-31T03:00:00,2024-10-31T07:00:00,short,100,72363,72409
2024-10-31T07:00:00,2024-10-31T08:00:00,long,100,72409,72271
2024-10-31T08:00:00,2024-10-31T09:00:00,short,100,72271,72363
2024-10-31T09:00:00,2024-10-31T10:00:00,long,100,72363,72271
2024-10-31T10:00:00,2024-10-31T10:30:00,short,100,72271,72409
2024-10-31T10:30:00,2024-10-31T11:00:00,long,100,72409,72547
2024-10-31T11:00:00,2024-10-31T17:00:00,short,100,72501,70615
2024-10-31T17:00:00,2024-10-31T18:00:00,long,100,70615,70661
2024-10-31T18:00:00,2024-10-31T18:30:00,short,100,70477,70523
2024-10-31T18:30:00,2024-10-31T19:00:00,long,100,70523,70569
2024-10-31T19:00:00,2024-10-31T21:00:00,short,100,70477,70247
2024-10-31T21:00:00,2024-10-31T22:00:00,long,100,70247,70339
2024-10-31T22:30:00,2024-10-31T23:30:00,long,100,70477,70523
2024-10-31T23:30:00,2024-11-01T00:00:00,short,100,70477,70477
2024-11-01T00:00:00,2024-11-01T00:30:00,long,100,70523,70385
2024-11-01T00:30:00,2024-11-01T02:30:00,short,100,70385,69603
2024-11-01T02:30:00,2024-11-01T03:30:00,long,100,69603,69511
2024-11-01T03:30:00,2024-11-01T04:00:00,short,100,69373,69511
2024-11-01T04:00:00,2024-11-01T06:00:00,long,100,69511,69465
2024-11-01T06:00:00,2024-11-01T08:00:00,short,100,69373,69419
2024-11-01T08:00:00,2024-11-01T08:30:00,long,100,69419,69373
2024-11-01T09:30:00,2024-11-01T11:30:00,long,100,69511,70063
2024-11-01T11:30:00,2024-11-01T12:30:00,short,100,70063,70155
2024-11-01T12:30:00,2024-11-01T13:00:00,long,100,70247,70247
2024-11-01T13:00:00,2024-11-01T13:30:00,short,100,70247,70339
2024-11-01T13:30:00,2024-11-01T14:30:00,long,100,70431,71351
2024-11-01T14:30:00,2024-11-01T16:00:00,short,100,71351,69557
2024-11-01T16:00:00,2024-11-01T16:30:00,long,100,69557,70109
2024-11-01T16:30:00,2024-11-01T17:00:00,short,100,70063,70063
2024-11-01T17:30:00,2024-11-01T19:30:00,short,100,69925,69235
2024-11-01T19:30:00,2024-11-01T20:30:00,long,100,69235,69235
2024-11-01T21:00:00,2024-11-01T21:30:00,short,100,69097,69143
2024-11-01T21:30:00,2024-11-02T02:30:00,long,100,69143,69741
2024-11-02T02:30:00,2024-11-02T05:30:00,short,100,69741,69695
2024-11-02T06:00:00,2024-11-02T06:30:00,short,100,69603,69741
2024-11-02T06:30:00,2024-11-02T08:00:00,long,100,69787,69649
2024-11-02T08:00:00,2024-11-02T10:30:00,short,100,69649,69603
2024-11-02T10:30:00,2024-11-02T12:00:00,long,100,69649,69511
2024-11-02T12:00:00,2024-11-02T13:00:00,short,100,69511,69603
2024-11-02T13:00:00,2024-11-02T13:30:00,long,100,69603,69557
2024-11-02T13:30:00,2024-11-02T15:00:00,short,100,69511,69327
2024-11-02T15:00:00,2024-11-02T17:00:00,long,100,69327,69419
2024-11-02T18:00:00,2024-11-02T18:30:00,short,100,69373,69465
2024-11-02T18:30:00,2024-11-02T23:00:00,long,100,69465,69373
2024-11-02T23:00:00,2024-11-02T23:30:00,short,100,69373,69281
2024-11-02T23:30:00,2024-11-03T00:30:00,long,100,69281,69235
2024-11-03T00:30:00,2024-11-03T03:30:00,short,100,69189,68361
2024-11-03T03:30:00,2024-11-03T05:30:00,long,100,68361,68407
2024-11-03T06:30:00,2024-11-03T07:00:00,long,100,68545,68453
2024-11-03T09:30:00,2024-11-03T10:00:00,short,100,68361,68407
2024-11-03T10:00:00,2024-11-03T10:30:00,long,100,68407,68453
2024-11-03T10:30:00,2024-11-03T12:00:00,short,100,68407,68499
2024-11-03T12:00:00,2024-11-03T13:00:00,long,100,68499,68361
2024-11-03T13:00:00,2024-11-03T15:30:00,short,100,68361,67763
2024-11-03T15:30:00,2024-11-03T16:30:00,long,100,67763,68223
2024-11-03T16:30:00,2024-11-03T17:00:00,short,100,68177,68269
2024-11-03T17:00:00,2024-11-03T18:30:00,long,100,68315,68223
2024-11-03T18:30:00,2024-11-03T19:00:00,short,100,68223,68085
2024-11-03T19:00:00,2024-11-03T21:30:00,long,100,68131,69143
2024-11-03T21:30:00,2024-11-04T00:30:00,short,100,69143,68683
2024-11-04T00:30:00,2024-11-04T03:00:00,long,100,68729,69143
2024-11-04T03:00:00,2024-11-04T04:00:00,short,100,69143,69189
2024-11-04T04:00:00,2024-11-04T04:30:00,long,100,69281,69235
2024-11-04T04:30:00,2024-11-04T06:00:00,short,100,69235,69005
2024-11-04T06:00:00,2024-11-04T07:00:00,long,100,69051,68959
2024-11-04T07:00:00,2024-11-04T09:00:00,short,100,68959,68775
2024-11-04T09:00:00,2024-11-04T09:30:00,long,100,68775,68637
2024-11-04T09:30:00,2024-11-04T10:00:00,short,100,68637,68775
2024-11-04T10:00:00,2024-11-04T13:30:00,long,100,68775,68913
2024-11-04T13:30:00,2024-11-04T15:30:00,short,100,68867,68545
2024-11-04T15:30:00,2024-11-04T16:00:00,long,100,68545,68499
2024-11-04T16:00:00,2024-11-04T19:00:00,short,100,68407,67809
2024-11-04T19:00:00,2024-11-04T19:30:00,long,100,67809,67855
2024-11-04T20:00:00,2024-11-04T21:00:00,short,100,67717,67487
2024-11-04T21:00:00,2024-11-04T21:30:00,long,100,67487,67395
2024-11-04T21:30:00,2024-11-04T22:00:00,short,100,67303,67211
2024-11-04T22:00:00,2024-11-04T23:00:00,long,100,67211,67763
2024-11-04T23:00:00,2024-11-04T23:30:00,short,100,67763,67855
2024-11-05T00:00:00,2024-11-05T01:00:00,long,100,67901,67855
2024-11-05T01:00:00,2024-11-05T01:30:00,short,100,67855,67763
2024-11-05T01:30:00,2024-11-05T02:30:00,long,100,67855,67855
2024-11-05T02:30:00,2024-11-05T03:00:00,short,100,67855,67993
2024-11-05T03:00:00,2024-11-05T06:00:00,long,100,67993,68591
2024-11-05T06:00:00,2024-11-05T06:30:00,short,100,68591,68729
2024-11-05T07:00:00,2024-11-05T07:30:00,short,100,68637,68683
2024-11-05T07:30:00,2024-11-05T09:00:00,long,100,68821,68867
2024-11-05T09:00:00,2024-11-05T12:30:00,short,100,68867,68867
2024-11-05T13:00:00,2024-11-05T13:30:00,short,100,68729,68821
2024-11-05T14:00:00,2024-11-05T15:00:00,long,100,68867,69787
2024-11-05T15:00:00,2024-11-05T15:30:00,short,100,69787,69511
2024-11-05T15:30:00,2024-11-05T17:30:00,long,100,69603,70017
2024-11-05T17:30:00,2024-11-05T18:30:00,short,100,70017,70063
2024-11-05T18:30:00,2024-11-05T19:00:00,long,100,70155,70109
2024-11-05T19:00:00,2024-11-05T20:00:00,short,100,70109,69143
2024-11-05T20:00:00,2024-11-05T21:30:00,long,100,69143,69327
2024-11-05T21:30:00,2024-11-05T22:30:00,short,100,69235,69281
2024-11-05T22:30:00,2024-11-05T23:30:00,long,100,69281,69603
2024-11-05T23:30:00,2024-11-06T00:00:00,short,100,69603,69465
2024-11-06T00:00:00,2024-11-06T04:30:00,long,100,69511,74571
2024-11-06T04:30:00,2024-11-06T05:00:00,short,100,74571,74387
2024-11-06T05:30:00,2024-11-06T06:30:00,long,100,74525,74663
2024-11-06T06:30:00,2024-11-06T08:30:00,short,100,74663,73237
2024-11-06T08:30:00,2024-11-06T10:00:00,long,100,73237,73651
2024-11-06T10:00:00,2024-11-06T10:30:00,short,100,73605,73697
2024-11-06T10:30:00,2024-11-06T12:30:00,long,100,73743,74295
2024-11-06T12:30:00,2024-11-06T14:00:00,short,100,74295,74065
2024-11-06T14:00:00,2024-11-06T14:30:00,long,100,74157,74065
2024-11-06T14:30:00,2024-11-06T15:00:00,short,100,74065,73789
2024-11-06T15:00:00,2024-11-06T20:00:00,long,100,73789,75675
2024-11-06T20:00:00,2024-11-06T20:30:00,short,100,75675,75721
2024-11-06T20:30:00,2024-11-06T21:00:00,long,100,75905,75997
2024-11-06T21:00:00,2024-11-06T21:30:00,short,100,75997,75859
2024-11-06T22:00:00,2024-11-06T23:00:00,short,100,75767,75813
2024-11-06T23:00:00,2024-11-06T23:30:00,long,100,75859,75721
2024-11-06T23:30:00,2024-11-07T00:30:00,short,100,75721,75353
2024-11-07T00:30:00,2024-11-07T01:30:00,long,100,75353,75399
2024-11-07T02:00:00,2024-11-07T03:00:00,short,100,75307,75399
2024-11-07T03:00:00,2024-11-07T03:30:00,long,100,75399,75261
2024-11-07T03:30:00,2024-11-07T05:00:00,short,100,75261,74939
2024-11-07T05:00:00,2024-11-07T05:30:00,long,100,74939,74801
2024-11-07T05:30:00,2024-11-07T08:00:00,short,100,74755,74893
2024-11-07T08:00:00,2024-11-07T09:30:00,long,100,74893,75031
2024-11-07T09:30:00,2024-11-07T10:30:00,short,100,74939,75077
2024-11-07T10:30:00,2024-11-07T11:00:00,long,100,75077,74939
2024-11-07T11:00:00,2024-11-07T12:00:00,short,100,74939,74939
2024-11-07T12:00:00,2024-11-07T13:00:00,long,100,74939,74893
2024-11-07T13:00:00,2024-11-07T14:00:00,short,100,74847,74847
2024-11-07T14:00:00,2024-11-07T16:00:00,long,100,74847,75951
2024-11-07T16:00:00,2024-11-07T16:30:00,short,100,75951,75767
2024-11-07T16:30:00,2024-11-07T19:00:00,long,100,75859,76457
2024-11-07T19:00:00,2024-11-07T19:30:00,short,100,76457,76411
2024-11-07T19:30:00,2024-11-07T20:00:00,long,100,76549,76411
2024-11-07T20:00:00,2024-11-07T22:30:00,short,100,76411,75767
2024-11-07T22:30:00,2024-11-08T00:30:00,long,100,75767,76043
2024-11-08T00:30:00,2024-11-08T01:00:00,short,100,75997,76135
2024-11-08T01:00:00,2024-11-08T01:30:00,long,100,76135,76135
2024-11-08T01:30:00,2024-11-08T03:30:00,short,100,76135,75859
2024-11-08T03:30:00,2024-11-08T04:30:00,long,100,75905,75813
2024-11-08T05:00:00,2024-11-08T06:00:00,long,100,75951,75905
2024-11-08T07:00:00,2024-11-08T08:00:00,long,100,76043,76043
2024-11-08T08:00:00,2024-11-08T09:00:00,short,100,75997,75997
2024-11-08T09:00:00,2024-11-08T11:30:00,long,100,76043,76089
2024-11-08T11:30:00,2024-11-08T12:30:00,short,100,76043,76089
2024-11-08T12:30:00,2024-11-08T13:00:00,long,100,76135,75997
2024-11-08T13:00:00,2024-11-08T13:30:00,short,100,75997,76043
2024-11-08T13:30:00,2024-11-08T14:00:00,long,100,76043,76181
2024-11-08T14:00:00,2024-11-08T15:00:00,short,100,76135,75905
2024-11-08T15:00:00,2024-11-08T16:00:00,long,100,75951,76319
2024-11-08T16:00:00,2024-11-08T17:30:00,short,100,76319,76089
2024-11-08T17:30:00,2024-11-08T19:30:00,long,100,76135,76871
2024-11-08T19:30:00,2024-11-08T22:00:00,short,100,76871,76595
2024-11-08T22:30:00,2024-11-08T23:30:00,short,100,76457,76457
2024-11-08T23:30:00,2024-11-09T01:00:00,long,100,76457,76365
2024-11-09T01:00:00,2024-11-09T02:30:00,short,100,76319,76411
2024-11-09T02:30:00,2024-11-09T03:00:00,long,100,76411,76319
2024-11-09T03:00:00,2024-11-09T04:30:00,short,100,76273,76411
2024-11-09T04:30:00,2024-11-09T06:30:00,long,100,76411,76457
2024-11-09T07:00:00,2024-11-09T07:30:00,short,100,76411,76549
2024-11-09T07:30:00,2024-11-09T11:00:00,long,100,76549,76411
2024-11-09T11:00:00,2024-11-09T11:30:00,short,100,76411,76503
2024-11-09T11:30:00,2024-11-09T12:00:00,long,100,76503,76365
2024-11-09T12:00:00,2024-11-09T13:30:00,short,100,76365,76457
2024-11-09T13:30:00,2024-11-09T14:00:00,long,100,76457,76319
2024-11-09T14:00:00,2024-11-09T17:30:00,short,100,76319,76135
2024-11-09T17:30:00,2024-11-09T19:30:00,long,100,76135,76181
2024-11-09T20:00:00,2024-11-09T23:30:00,long,100,76319,76687
2024-11-09T23:30:00,2024-11-10T00:00:00,short,100,76687,76779
2024-11-10T00:30:00,2024-11-10T01:30:00,long,100,76871,76733
2024-11-10T01:30:00,2024-11-10T02:00:00,short,100,76733,76825
2024-11-10T02:00:00,2024-11-10T02:30:00,long,100,76917,77193
2024-11-10T02:30:00,2024-11-10T03:00:00,short,100,77193,77147
2024-11-10T03:00:00,2024-11-10T03:30:00,long,100,77239,77285
2024-11-10T03:30:00,2024-11-10T04:00:00,short,100,77285,77331
2024-11-10T04:30:00,2024-11-10T05:30:00,long,100,77377,79585
2024-11-10T05:30:00,2024-11-10T08:00:00,short,100,79585,79033
2024-11-10T08:00:00,2024-11-10T12:00:00,long,100,79079,79769
2024-11-10T12:00:00,2024-11-10T12:30:00,short,100,79769,79493
2024-11-10T12:30:00,2024-11-10T13:30:00,long,100,79539,79769
2024-11-10T13:30:00,2024-11-10T15:30:00,short,100,79769,79723
2024-11-10T15:30:00,2024-11-10T18:30:00,long,100,79769,80781
2024-11-10T18:30:00,2024-11-10T21:00:00,short,100,80781,79171
2024-11-10T21:00:00,2024-11-10T22:30:00,long,100,79171,80781
2024-11-10T22:30:00,2024-11-11T00:00:00,short,100,80781,80597
2024-11-11T00:00:00,2024-11-11T00:30:00,long,100,80689,80643
2024-11-11T00:30:00,2024-11-11T01:00:00,short,100,80643,80735
2024-11-11T01:00:00,2024-11-11T03:00:00,long,100,80781,81333
2024-11-11T03:00:00,2024-11-11T03:30:00,short,100,81333,81103
2024-11-11T03:30:00,2024-11-11T04:00:00,long,100,81195,81563
2024-11-11T04:00:00,2024-11-11T04:30:00,short,100,81563,81333
2024-11-11T04:30:00,2024-11-11T05:00:00,long,100,81379,81379
2024-11-11T05:00:00,2024-11-11T06:00:00,short,100,81333,80919
2024-11-11T06:00:00,2024-11-11T06:30:00,long,100,80919,81011
2024-11-11T06:30:00,2024-11-11T07:30:00,short,100,80919,80965
2024-11-11T07:30:00,2024-11-11T13:00:00,long,100,80965,82023
2024-11-11T13:00:00,2024-11-11T14:30:00,short,100,82023,81931
2024-11-11T14:30:00,2024-11-11T21:30:00,long,100,82069,88141
2024-11-11T21:30:00,2024-11-11T22:30:00,short,100,88141,87083
2024-11-11T22:30:00,2024-11-11T23:30:00,long,100,87083,88877
2024-11-11T23:30:00,2024-11-12T00:30:00,short,100,88877,88187
2024-11-12T00:30:00,2024-11-12T01:00:00,long,100,88187,88969
2024-11-12T01:00:00,2024-11-12T03:30:00,short,100,88969,87911
2024-11-12T03:30:00,2024-11-12T04:30:00,long,100,87911,88601
2024-11-12T04:30:00,2024-11-12T06:00:00,short,100,88601,88601
2024-11-12T06:30:00,2024-11-12T07:00:00,long,100,88693,89475
2024-11-12T07:00:00,2024-11-12T08:30:00,short,100,89475,89061
2024-11-12T08:30:00,2024-11-12T09:00:00,long,100,89107,89383
2024-11-12T09:00:00,2024-11-12T11:00:00,short,100,89337,87129
2024-11-12T11:00:00,2024-11-12T11:30:00,long,100,87129,87359
2024-11-12T11:30:00,2024-11-12T13:30:00,short,100,87267,86301
2024-11-12T13:30:00,2024-11-12T14:00:00,long,100,86301,86301
2024-11-12T14:00:00,2024-11-12T14:30:00,short,100,86117,86209
2024-11-12T14:30:00,2024-11-12T15:00:00,long,100,86209,86945
2024-11-12T15:00:00,2024-11-12T16:30:00,short,100,86945,86715
2024-11-12T16:30:00,2024-11-12T17:30:00,long,100,86807,87313
2024-11-12T17:30:00,2024-11-12T18:00:00,short,100,87313,87129
2024-11-12T18:00:00,2024-11-12T19:30:00,long,100,87221,89337
2024-11-12T19:30:00,2024-11-12T20:00:00,short,100,89337,88877
2024-11-12T20:00:00,2024-11-12T21:00:00,long,100,88923,89383
2024-11-12T21:00:00,2024-11-12T22:30:00,short,100,89383,88233
2024-11-12T22:30:00,2024-11-12T23:00:00,long,100,88233,88509
2024-11-12T23:00:00,2024-11-13T00:00:00,short,100,88417,88141
2024-11-13T00:00:00,2024-11-13T00:30:00,long,100,88141,88187
2024-11-13T00:30:00,2024-11-13T01:30:00,short,100,88095,88187
2024-11-13T01:30:00,2024-11-13T02:00:00,long,100,88187,88187
2024-11-13T02:00:00,2024-11-13T02:30:00,short,100,88141,87681
2024-11-13T02:30:00,2024-11-13T03:00:00,long,100,87681,87819
2024-11-13T03:00:00,2024-11-13T05:00:00,short,100,87727,87359
2024-11-13T05:00:00,2024-11-13T05:30:00,long,100,87359,87267
2024-11-13T05:30:00,2024-11-13T07:00:00,short,100,87175,86669
2024-11-13T07:00:00,2024-11-13T08:30:00,long,100,86669,87451
2024-11-13T08:30:00,2024-11-13T09:00:00,short,100,87451,87405
2024-11-13T09:00:00,2024-11-13T09:30:00,long,100,87497,87451
2024-11-13T09:30:00,2024-11-13T10:30:00,short,100,87451,87543
2024-11-13T10:30:00,2024-11-13T12:30:00,long,100,87589,87635
2024-11-13T12:30:00,2024-11-13T13:00:00,short,100,87635,87773
2024-11-13T13:00:00,2024-11-13T16:30:00,long,100,87773,92787
2024-11-13T16:30:00,2024-11-13T18:00:00,short,100,92787,92419
2024-11-13T18:00:00,2024-11-13T19:00:00,long,100,92465,92695
2024-11-13T19:00:00,2024-11-13T20:00:00,short,100,92649,90395
2024-11-13T20:00:00,2024-11-13T20:30:00,long,100,90395,90487
2024-11-13T20:30:00,2024-11-13T22:00:00,short,100,90349,88739
2024-11-13T22:00:00,2024-11-14T00:00:00,long,100,88739,90257
2024-11-14T00:00:00,2024-11-14T00:30:00,short,100,90257,90165
2024-11-14T01:00:00,2024-11-14T01:30:00,short,100,90027,89843
2024-11-14T01:30:00,2024-11-14T02:00:00,long,100,89889,90303
2024-11-14T02:00:00,2024-11-14T02:30:00,short,100,90303,90119
2024-11-14T02:30:00,2024-11-14T03:00:00,long,100,90165,90027
2024-11-14T03:00:00,2024-11-14T04:30:00,short,100,90027,89889
2024-11-14T04:30:00,2024-11-14T05:00:00,long,100,89889,90027
2024-11-14T05:00:00,2024-11-14T05:30:00,short,100,89981,90027
2024-11-14T05:30:00,2024-11-14T06:30:00,long,100,90027,89889
2024-11-14T06:30:00,2024-11-14T07:00:00,short,100,89889,89475
2024-11-14T07:00:00,2024-11-14T08:30:00,long,100,89475,90993
2024-11-14T08:30:00,2024-11-14T09:00:00,short,100,90993,90717
2024-11-14T09:30:00,2024-11-14T12:00:00,long,100,90809,91361
2024-11-14T12:00:00,2024-11-14T14:00:00,short,100,91361,90947
2024-11-14T14:00:00,2024-11-14T14:30:00,long,100,90993,91223
2024-11-14T14:30:00,2024-11-14T15:00:00,short,100,91177,88877
2024-11-14T15:00:00,2024-11-14T15:30:00,long,100,88877,89061
2024-11-14T15:30:00,2024-11-14T16:00:00,short,100,88923,88141
2024-11-14T16:00:00,2024-11-14T17:00:00,long,100,88141,89061
2024-11-14T17:00:00,2024-11-14T17:30:00,short,100,89061,88739
2024-11-14T17:30:00,2024-11-14T18:30:00,long,100,88785,89199
2024-11-14T18:30:00,2024-11-14T19:00:00,short,100,89199,89245
2024-11-14T19:00:00,2024-11-14T20:00:00,long,100,89337,89429
2024-11-14T20:00:00,2024-11-14T21:00:00,short,100,89429,87819
2024-11-14T21:00:00,2024-11-14T22:00:00,long,100,87819,88049
2024-11-14T22:00:00,2024-11-15T00:00:00,short,100,87957,87543
2024-11-15T00:00:00,2024-11-15T00:30:00,long,100,87543,88141
2024-11-15T00:30:00,2024-11-15T01:30:00,short,100,88141,87865
2024-11-15T01:30:00,2024-11-15T03:30:00,long,100,87911,88233
2024-11-15T03:30:00,2024-11-15T05:00:00,short,100,88233,87681
2024-11-15T05:00:00,2024-11-15T07:30:00,long,100,87681,88141
2024-11-15T07:30:00,2024-11-15T08:30:00,short,100,88141,87819
2024-11-15T08:30:00,2024-11-15T12:30:00,long,100,87865,90165
2024-11-15T12:30:00,2024-11-15T13:30:00,short,100,90165,89797
2024-11-15T13:30:00,2024-11-15T14:00:00,long,100,89843,90073
2024-11-15T14:00:00,2024-11-15T15:30:00,short,100,90027,88463
2024-11-15T15:30:00,2024-11-15T16:30:00,long,100,88463,89521
2024-11-15T16:30:00,2024-11-15T17:00:00,short,100,89521,89521
2024-11-15T17:30:00,2024-11-15T18:00:00,short,100,89475,89613
2024-11-15T18:00:00,2024-11-15T18:30:00,long,100,89705,89705
2024-11-15T18:30:00,2024-11-15T19:00:00,short,100,89705,89521
2024-11-15T19:00:00,2024-11-15T21:00:00,long,100,89567,91315
2024-11-15T21:00:00,2024-11-15T21:30:00,short,100,91315,91453
2024-11-15T21:30:00,2024-11-15T22:00:00,long,100,91683,91591
2024-11-15T22:00:00,2024-11-16T00:30:00,short,100,91591,91085
2024-11-16T01:00:00,2024-11-16T01:30:00,long,100,91131,91223
2024-11-16T02:00:00,2024-11-16T02:30:00,long,100,91361,91545
2024-11-16T02:30:00,2024-11-16T04:30:00,short,100,91545,91361
2024-11-16T05:00:00,2024-11-16T05:30:00,long,100,91407,91453
2024-11-16T05:30:00,2024-11-16T07:00:00,short,100,91407,91407
2024-11-16T07:30:00,2024-11-16T08:00:00,short,100,91269,91269
2024-11-16T08:00:00,2024-11-16T09:00:00,long,100,91269,91315
2024-11-16T09:00:00,2024-11-16T10:00:00,short,100,91269,91407
2024-11-16T10:00:00,2024-11-16T11:00:00,long,100,91407,91361
2024-11-16T11:00:00,2024-11-16T14:00:00,short,100,91361,90947
2024-11-16T14:00:00,2024-11-16T14:30:00,long,100,90947,90993
2024-11-16T15:00:00,2024-11-16T15:30:00,short,100,90901,90579
2024-11-16T15:30:00,2024-11-16T19:00:00,long,100,90579,91177
2024-11-16T19:00:00,2024-11-16T19:30:00,short,100,91177,91177
2024-11-16T20:00:00,2024-11-16T21:00:00,short,100,91039,90901
2024-11-16T21:00:00,2024-11-16T22:00:00,long,100,90947,90993
2024-11-16T22:00:00,2024-11-16T23:00:00,short,100,90947,90533
2024-11-16T23:00:00,2024-11-17T01:00:00,long,100,90533,90717
2024-11-17T01:30:00,2024-11-17T02:30:00,short,100,90625,89935
2024-11-17T02:30:00,2024-11-17T05:30:00,long,100,89935,90533
2024-11-17T05:30:00,2024-11-17T06:00:00,short,100,90533,90625
2024-11-17T07:00:00,2024-11-17T08:00:00,short,100,90533,90671
2024-11-17T08:30:00,2024-11-17T10:00:00,long,100,90717,91177
2024-11-17T10:00:00,2024-11-17T12:00:00,short,100,91177,90901
2024-11-17T12:30:00,2024-11-17T13:00:00,long,100,90993,90993
2024-11-17T13:00:00,2024-11-17T14:30:00,short,100,90947,90303
2024-11-17T14:30:00,2024-11-17T18:00:00,long,100,90303,90487
2024-11-17T18:00:00,2024-11-17T19:30:00,short,100,90395,90119
2024-11-17T19:30:00,2024-11-17T20:00:00,long,100,90119,89981
2024-11-17T20:00:00,2024-11-17T22:00:00,short,100,89935,89383
2024-11-17T22:00:00,2024-11-18T02:00:00,long,100,89383,90671
2024-11-18T02:00:00,2024-11-18T03:30:00,short,100,90671,90579
2024-11-18T03:30:00,2024-11-18T04:00:00,long,100,90717,90625
2024-11-18T04:00:00,2024-11-18T05:00:00,short,100,90625,90671
2024-11-18T05:00:00,2024-11-18T05:30:00,long,100,90717,90763
2024-11-18T05:30:00,2024-11-18T06:00:00,short,100,90763,90809
2024-11-18T06:00:00,2024-11-18T07:00:00,long,100,90855,92051
2024-11-18T07:00:00,2024-11-18T07:30:00,short,100,92051,91729
2024-11-18T07:30:00,2024-11-18T09:30:00,long,100,91821,92051
2024-11-18T09:30:00,2024-11-18T10:00:00,short,100,92051,91913
2024-11-18T10:00:00,2024-11-18T10:30:00,long,100,91959,91913
2024-11-18T10:30:00,2024-11-18T12:00:00,short,100,91913,90487
2024-11-18T12:00:00,2024-11-18T12:30:00,long,100,90487,90533
2024-11-18T13:00:00,2024-11-18T14:00:00,short,100,90395,89705
2024-11-18T14:00:00,2024-11-18T16:00:00,long,100,89705,92281
2024-11-18T16:00:00,2024-11-18T17:00:00,short,100,92281,91683
2024-11-18T17:00:00,2024-11-18T17:30:00,long,100,91683,91821
2024-11-18T17:30:00,2024-11-18T19:30:00,short,100,91729,90073
2024-11-18T19:30:00,2024-11-18T20:30:00,long,100,90073,91683
2024-11-18T20:30:00,2024-11-18T21:00:00,short,100,91683,91637
2024-11-18T21:00:00,2024-11-18T21:30:00,long,100,91775,91637
2024-11-18T21:30:00,2024-11-18T23:30:00,short,100,91637,90441
2024-11-18T23:30:00,2024-11-19T01:30:00,long,100,90441,90947
2024-11-19T01:30:00,2024-11-19T02:00:00,short,100,90901,90901
2024-11-19T02:00:00,2024-11-19T05:00:00,long,100,90993,91545
2024-11-19T05:00:00,2024-11-19T05:30:00,short,100,91545,91545
2024-11-19T05:30:00,2024-11-19T07:00:00,long,100,91683,91867
2024-11-19T07:00:00,2024-11-19T08:30:00,short,100,91867,91867
2024-11-19T09:00:00,2024-11-19T09:30:00,short,100,91729,91407
2024-11-19T09:30:00,2024-11-19T11:00:00,long,100,91407,91683
2024-11-19T11:00:00,2024-11-19T11:30:00,short,100,91637,91729
2024-11-19T11:30:00,2024-11-19T13:00:00,long,100,91729,92373
2024-11-19T13:00:00,2024-11-19T14:00:00,short,100,92373,91315
2024-11-19T14:00:00,2024-11-19T15:00:00,long,100,91315,91729
2024-11-19T15:00:00,2024-11-19T15:30:00,short,100,91683,91821
2024-11-19T15:30:00,2024-11-19T19:30:00,long,100,91821,93569
2024-11-19T19:30:00,2024-11-19T23:00:00,short,100,93569,91959
2024-11-19T23:00:00,2024-11-20T00:00:00,long,100,91959,92189
2024-11-20T00:00:00,2024-11-20T03:30:00,short,100,92097,91959
2024-11-20T03:30:00,2024-11-20T06:30:00,long,100,91959,92419
2024-11-20T06:30:00,2024-11-20T07:00:00,short,100,92419,92511
2024-11-20T07:00:00,2024-11-20T09:30:00,long,100,92557,93155
2024-11-20T09:30:00,2024-11-20T10:00:00,short,100,93155,93247
2024-11-20T11:00:00,2024-11-20T11:30:00,short,100,93247,93339
2024-11-20T11:30:00,2024-11-20T12:30:00,long,100,93431,93523
2024-11-20T12:30:00,2024-11-20T13:00:00,short,100,93523,93661
2024-11-20T13:00:00,2024-11-20T16:00:00,long,100,93707,94581
2024-11-20T16:00:00,2024-11-20T16:30:00,short,100,94581,93707
2024-11-20T16:30:00,2024-11-20T17:30:00,long,100,93707,93937
2024-11-20T18:30:00,2024-11-20T19:30:00,short,100,93845,93523
2024-11-20T19:30:00,2024-11-20T21:00:00,long,100,93523,94121
2024-11-20T21:00:00,2024-11-20T21:30:00,short,100,94121,94259
2024-11-20T21:30:00,2024-11-20T22:00:00,long,100,94305,94213
2024-11-20T22:00:00,2024-11-20T23:30:00,short,100,94213,94121
2024-11-20T23:30:00,2024-11-21T00:30:00,long,100,94213,94673
2024-11-21T00:30:00,2024-11-21T01:00:00,short,100,94673,94811
2024-11-21T01:00:00,2024-11-21T01:30:00,long,100,94903,94765
2024-11-21T01:30:00,2024-11-21T02:30:00,short,100,94765,94351
2024-11-21T02:30:00,2024-11-21T05:30:00,long,100,94397,97525
2024-11-21T05:30:00,2024-11-21T08:30:00,short,100,97525,97065
2024-11-21T08:30:00,2024-11-21T12:30:00,long,100,97111,97893
2024-11-21T12:30:00,2024-11-21T13:30:00,short,100,97893,97295
2024-11-21T13:30:00,2024-11-21T14:00:00,long,100,97295,97433
2024-11-21T14:00:00,2024-11-21T15:30:00,short,100,97341,96375
2024-11-21T15:30:00,2024-11-21T19:30:00,long,100,96375,98629
2024-11-21T19:30:00,2024-11-21T20:00:00,short,100,98629,97985
2024-11-21T20:00:00,2024-11-21T20:30:00,long,100,97985,98491
2024-11-21T20:30:00,2024-11-21T22:00:00,short,100,98491,98123
2024-11-21T22:00:00,2024-11-22T00:30:00,long,100,98169,98307
2024-11-22T00:30:00,2024-11-22T01:00:00,short,100,98261,98169
2024-11-22T01:00:00,2024-11-22T01:30:00,long,100,98215,98307
2024-11-22T01:30:00,2024-11-22T02:00:00,short,100,98261,98215
2024-11-22T02:00:00,2024-11-22T05:30:00,long,100,98261,98859
2024-11-22T05:30:00,2024-11-22T06:30:00,short,100,98859,98951
2024-11-22T06:30:00,2024-11-22T08:30:00,long,100,99089,99135
2024-11-22T08:30:00,2024-11-22T09:30:00,short,100,99135,98721
2024-11-22T09:30:00,2024-11-22T10:00:00,long,100,98767,98675
2024-11-22T10:00:00,2024-11-22T11:00:00,short,100,98629,98537
2024-11-22T11:00:00,2024-11-22T12:00:00,long,100,98537,98767
2024-11-22T12:30:00,2024-11-22T13:30:00,short,100,98721,97801
2024-11-22T13:30:00,2024-11-22T14:00:00,long,100,97801,97709
2024-11-22T14:30:00,2024-11-22T15:00:00,short,100,97525,97525
2024-11-22T15:00:00,2024-11-22T16:00:00,long,100,97525,98537
2024-11-22T16:00:00,2024-11-22T16:30:00,short,100,98537,98675
2024-11-22T16:30:00,2024-11-22T17:30:00,long,100,98859,98997
2024-11-22T17:30:00,2024-11-22T18:30:00,short,100,98997,98905
2024-11-22T18:30:00,2024-11-22T19:30:00,long,100,99043,99227
2024-11-22T19:30:00,2024-11-22T20:00:00,short,100,99227,99227
2024-11-22T20:30:00,2024-11-22T21:30:00,short,100,99135,99043
2024-11-22T21:30:00,2024-11-22T22:00:00,long,100,99089,99181
2024-11-22T22:00:00,2024-11-22T23:00:00,short,100,99135,98813
2024-11-22T23:00:00,2024-11-23T00:30:00,long,100,98813,98767
2024-11-23T00:30:00,2024-11-23T01:30:00,short,100,98721,98583
2024-11-23T01:30:00,2024-11-23T02:00:00,long,100,98583,98491
2024-11-23T03:00:00,2024-11-23T03:30:00,long,100,98583,98675
2024-11-23T04:00:00,2024-11-23T05:30:00,short,100,98629,98675
2024-11-23T05:30:00,2024-11-23T06:00:00,long,100,98675,98675
2024-11-23T06:00:00,2024-11-23T06:30:00,short,100,98629,98767
2024-11-23T06:30:00,2024-11-23T07:00:00,long,100,98767,98629
2024-11-23T07:00:00,2024-11-23T12:00:00,short,100,98629,98583
2024-11-23T12:30:00,2024-11-23T13:30:00,long,100,98629,98629
2024-11-23T13:30:00,2024-11-23T14:00:00,short,100,98583,98721
2024-11-23T14:00:00,2024-11-23T15:30:00,long,100,98721,98629
2024-11-23T15:30:00,2024-11-23T17:00:00,short,100,98629,97939
2024-11-23T17:00:00,2024-11-23T18:00:00,long,100,97939,97847
2024-11-23T19:00:00,2024-11-23T20:30:00,short,100,97709,97387
2024-11-23T20:30:00,2024-11-23T22:00:00,long,100,97387,97847
2024-11-23T22:00:00,2024-11-23T23:30:00,short,100,97801,97663
2024-11-23T23:30:00,2024-11-24T02:30:00,long,100,97709,98445
2024-11-24T02:30:00,2024-11-24T05:30:00,short,100,98445,98353
2024-11-24T07:00:00,2024-11-24T07:30:00,short,100,98261,98399
2024-11-24T07:30:00,2024-11-24T08:00:00,long,100,98445,98353
2024-11-24T08:00:00,2024-11-24T13:00:00,short,100,98353,97157
2024-11-24T13:00:00,2024-11-24T13:30:00,long,100,97157,97479
2024-11-24T13:30:00,2024-11-24T14:30:00,short,100,97387,96835
2024-11-24T14:30:00,2024-11-24T15:00:00,long,100,96835,97019
2024-11-24T15:00:00,2024-11-24T16:00:00,short,100,96927,96145
2024-11-24T16:00:00,2024-11-24T16:30:00,long,100,96145,96513
2024-11-24T16:30:00,2024-11-24T18:00:00,short,100,96467,96099
2024-11-24T18:00:00,2024-11-24T19:00:00,long,100,96099,96467
2024-11-24T19:00:00,2024-11-24T19:30:00,short,100,96421,96421
2024-11-24T20:00:00,2024-11-24T21:00:00,long,100,96467,96743
2024-11-24T21:00:00,2024-11-24T21:30:00,short,100,96743,96881
2024-11-24T21:30:00,2024-11-24T23:30:00,long,100,96927,97939
2024-11-24T23:30:00,2024-11-25T01:30:00,short,100,97939,97295
2024-11-25T01:30:00,2024-11-25T02:30:00,long,100,97295,97479
2024-11-25T02:30:00,2024-11-25T03:00:00,short,100,97387,97525
2024-11-25T03:00:00,2024-11-25T04:00:00,long,100,97525,97755
2024-11-25T04:00:00,2024-11-25T04:30:00,short,100,97755,97893
2024-11-25T04:30:00,2024-11-25T06:30:00,long,100,97893,98123
2024-11-25T06:30:00,2024-11-25T08:00:00,short,100,98123,98261
2024-11-25T08:00:00,2024-11-25T09:30:00,long,100,98353,98583
2024-11-25T09:30:00,2024-11-25T11:00:00,short,100,98583,98583
2024-11-25T11:30:00,2024-11-25T15:00:00,short,100,98445,95593
2024-11-25T15:00:00,2024-11-25T15:30:00,long,100,95593,96053
2024-11-25T15:30:00,2024-11-25T16:00:00,short,100,96007,96145
2024-11-25T16:00:00,2024-11-25T16:30:00,long,100,96145,96053
2024-11-25T16:30:00,2024-11-25T17:30:00,short,100,96053,95317
2024-11-25T17:30:00,2024-11-25T18:30:00,long,100,95317,95363
2024-11-25T18:30:00,2024-11-25T20:00:00,short,100,95225,94903
2024-11-25T20:00:00,2024-11-25T21:00:00,long,100,94903,94949
2024-11-25T21:30:00,2024-11-25T22:30:00,short,100,94857,93615
2024-11-25T22:30:00,2024-11-25T23:00:00,long,100,93615,94351
2024-11-25T23:00:00,2024-11-26T00:00:00,short,100,94351,93293
2024-11-26T00:00:00,2024-11-26T00:30:00,long,100,93293,94167
2024-11-26T00:30:00,2024-11-26T01:00:00,short,100,94167,94029
2024-11-26T01:00:00,2024-11-26T02:00:00,long,100,94121,94765
2024-11-26T02:00:00,2024-11-26T02:30:00,short,100,94765,94673
2024-11-26T03:00:00,2024-11-26T03:30:00,short,100,94535,94535
2024-11-26T03:30:00,2024-11-26T04:00:00,long,100,94581,94443
2024-11-26T04:00:00,2024-11-26T05:30:00,short,100,94443,94535
2024-11-26T05:30:00,2024-11-26T06:30:00,long,100,94535,94811
2024-11-26T06:30:00,2024-11-26T08:30:00,short,100,94811,92741
2024-11-26T08:30:00,2024-11-26T10:00:00,long,100,92741,93477
2024-11-26T10:00:00,2024-11-26T11:30:00,short,100,93477,92005
2024-11-26T11:30:00,2024-11-26T12:00:00,long,100,92005,92327
2024-11-26T13:00:00,2024-11-26T13:30:00,long,100,92419,92465
2024-11-26T13:30:00,2024-11-26T14:30:00,short,100,92465,92373
2024-11-26T14:30:00,2024-11-26T15:00:00,long,100,92419,93201
2024-11-26T15:00:00,2024-11-26T16:00:00,short,100,93201,93017
2024-11-26T16:00:00,2024-11-26T16:30:00,long,100,93109,94167
2024-11-26T16:30:00,2024-11-26T21:00:00,short,100,94167,91315
2024-11-26T21:00:00,2024-11-26T22:30:00,long,100,91315,92189
2024-11-26T22:30:00,2024-11-26T23:30:00,short,100,92189,91913
2024-11-26T23:30:00,2024-11-27T00:30:00,long,100,91959,92143
2024-11-27T00:30:00,2024-11-27T01:00:00,short,100,92097,92143
2024-11-27T01:00:00,2024-11-27T03:00:00,long,100,92189,92879
2024-11-27T03:00:00,2024-11-27T04:00:00,short,100,92879,92787
2024-11-27T04:00:00,2024-11-27T04:30:00,long,100,92925,92971
2024-11-27T04:30:00,2024-11-27T05:00:00,short,100,92971,92741
2024-11-27T05:00:00,2024-11-27T06:30:00,long,100,92787,93109
2024-11-27T06:30:00,2024-11-27T07:00:00,short,100,93109,93247
2024-11-27T07:00:00,2024-11-27T08:00:00,long,100,93247,93477
2024-11-27T08:00:00,2024-11-27T08:30:00,short,100,93477,93523
2024-11-27T09:00:00,2024-11-27T10:00:00,short,100,93385,93523
2024-11-27T10:00:00,2024-11-27T11:00:00,long,100,93615,93707
2024-11-27T11:00:00,2024-11-27T12:30:00,short,100,93707,93063
2024-11-27T12:30:00,2024-11-27T15:00:00,long,100,93063,94719
2024-11-27T15:00:00,2024-11-27T15:30:00,short,100,94719,94719
2024-11-27T15:30:00,2024-11-27T16:30:00,long,100,94903,95731
2024-11-27T16:30:00,2024-11-27T17:00:00,short,100,95731,95823
2024-11-27T17:30:00,2024-11-27T18:00:00,long,100,96007,96145
2024-11-27T18:00:00,2024-11-27T19:00:00,short,100,96145,96283
2024-11-27T19:00:00,2024-11-27T20:30:00,long,100,96421,97111
2024-11-27T20:30:00,2024-11-27T22:00:00,short,100,97111,96467
2024-11-27T22:00:00,2024-11-27T22:30:00,long,100,96467,96375
2024-11-27T22:30:00,2024-11-28T00:30:00,short,100,96283,96053
2024-11-28T00:30:00,2024-11-28T01:00:00,long,100,96053,96513
2024-11-28T01:00:00,2024-11-28T03:30:00,short,100,96467,95363
2024-11-28T03:30:00,2024-11-28T05:00:00,long,100,95363,95639
2024-11-28T05:30:00,2024-11-28T07:00:00,short,100,95547,95593
2024-11-28T07:00:00,2024-11-28T07:30:00,long,100,95593,95547
2024-11-28T07:30:00,2024-11-28T08:00:00,short,100,95547,95455
2024-11-28T08:00:00,2024-11-28T09:00:00,long,100,95455,95455
2024-11-28T09:00:00,2024-11-28T11:30:00,short,100,95409,95133
2024-11-28T11:30:00,2024-11-28T12:00:00,long,100,95133,95409
2024-11-28T12:30:00,2024-11-28T13:00:00,long,100,95547,95409
2024-11-28T13:00:00,2024-11-28T13:30:00,short,100,95409,95409
2024-11-28T13:30:00,2024-11-28T14:00:00,long,100,95455,95639
2024-11-28T14:00:00,2024-11-28T17:00:00,short,100,95639,95179
2024-11-28T17:00:00,2024-11-28T17:30:00,long,100,95179,95179
2024-11-28T17:30:00,2024-11-28T18:00:00,short,100,95087,95041
2024-11-28T18:00:00,2024-11-28T19:00:00,long,100,95041,95225
2024-11-28T19:00:00,2024-11-28T21:00:00,short,100,95179,95041
2024-11-28T21:00:00,2024-11-28T23:30:00,long,100,95087,95777
2024-11-28T23:30:00,2024-11-29T01:00:00,short,100,95777,95685
2024-11-29T01:00:00,2024-11-29T03:00:00,long,100,95777,96651
2024-11-29T03:00:00,2024-11-29T03:30:00,short,100,96651,96651
2024-11-29T04:00:00,2024-11-29T05:00:00,short,100,96513,96467
2024-11-29T05:00:00,2024-11-29T05:30:00,long,100,96559,96421
2024-11-29T05:30:00,2024-11-29T06:00:00,short,100,96421,96329
2024-11-29T07:00:00,2024-11-29T08:00:00,short,100,96191,95869
2024-11-29T08:00:00,2024-11-29T12:30:00,long,100,95869,97157
2024-11-29T12:30:00,2024-11-29T13:30:00,short,100,97157,97065
2024-11-29T13:30:00,2024-11-29T16:30:00,long,100,97203,98077
2024-11-29T16:30:00,2024-11-29T18:00:00,short,100,98077,97203
2024-11-29T18:00:00,2024-11-29T18:30:00,long,100,97203,97203
2024-11-29T19:30:00,2024-11-29T20:30:00,long,100,97295,97387
2024-11-29T20:30:00,2024-11-29T21:30:00,short,100,97341,97433
2024-11-29T21:30:00,2024-11-29T22:00:00,long,100,97433,97341
2024-11-29T22:00:00,2024-11-29T23:30:00,short,100,97341,97479
2024-11-29T23:30:00,2024-11-30T00:00:00,long,100,97479,97433
2024-11-30T00:00:00,2024-11-30T02:00:00,short,100,97433,96651
2024-11-30T02:00:00,2024-11-30T03:00:00,long,100,96651,96513
2024-11-30T03:30:00,2024-11-30T06:00:00,long,100,96651,96973
2024-11-30T06:00:00,2024-11-30T07:00:00,short,100,96927,96835
2024-11-30T08:00:00,2024-11-30T09:00:00,long,100,96881,96835
2024-11-30T09:00:00,2024-11-30T09:30:00,short,100,96835,96835
2024-11-30T09:30:00,2024-11-30T10:00:00,long,100,96835,96697
2024-11-30T10:00:00,2024-11-30T11:00:00,short,100,96697,96375
2024-11-30T11:00:00,2024-11-30T11:30:00,long,100,96375,96329
2024-11-30T12:00:00,2024-11-30T13:30:00,long,100,96421,96467
2024-11-30T13:30:00,2024-11-30T14:00:00,short,100,96421,96559
2024-11-30T14:00:00,2024-11-30T14:30:00,long,100,96559,96559
2024-11-30T14:30:00,2024-11-30T15:00:00,short,100,96513,96651
2024-11-30T15:00:00,2024-11-30T16:00:00,long,100,96651,96605
2024-11-30T16:00:00,2024-11-30T16:30:00,short,100,96605,96743
2024-11-30T16:30:00,2024-11-30T17:30:00,long,100,96743,96835
2024-11-30T17:30:00,2024-11-30T18:30:00,short,100,96835,96973
2024-11-30T18:30:00,2024-11-30T19:00:00,long,100,96973,96927
2024-11-30T19:00:00,2024-11-30T19:30:00,short,100,96927,97065
2024-11-30T19:30:00,2024-11-30T20:00:00,long,100,97111,96973
2024-11-30T20:00:00,2024-12-01T00:00:00,short,100,96973,96559
2024-12-01T00:00:00,2024-12-01T00:30:00,long,100,96559,96559
2024-12-01T00:30:00,2024-12-01T01:00:00,short,100,96467,96513
2024-12-01T01:00:00,2024-12-01T01:30:00,long,100,96513,96375
2024-12-01T01:30:00,2024-12-01T03:00:00,short,100,96375,96007
2024-12-01T03:00:00,2024-12-01T05:30:00,long,100,96007,96421
2024-12-01T05:30:00,2024-12-01T07:00:00,short,100,96375,96513
2024-12-01T07:00:00,2024-12-01T09:00:00,long,100,96513,96927
2024-12-01T09:00:00,2024-12-01T09:30:00,short,100,96927,97065
2024-12-01T10:00:00,2024-12-01T11:00:00,short,100,96973,97019
2024-12-01T11:30:00,2024-12-01T12:00:00,long,100,97111,97019
2024-12-01T12:00:00,2024-12-01T13:00:00,short,100,97019,96973
2024-12-01T13:00:00,2024-12-01T13:30:00,long,100,97019,97249
2024-12-01T13:30:00,2024-12-01T14:30:00,short,100,97249,97249
2024-12-01T14:30:00,2024-12-01T15:00:00,long,100,97341,97249
2024-12-01T15:00:00,2024-12-01T16:00:00,short,100,97249,97249
2024-12-01T16:00:00,2024-12-01T17:00:00,long,100,97295,97157
2024-12-01T17:00:00,2024-12-01T17:30:00,short,100,97157,97295
2024-12-01T17:30:00,2024-12-01T18:30:00,long,100,97295,97341
2024-12-01T18:30:00,2024-12-01T20:30:00,short,100,97341,97065
2024-12-01T20:30:00,2024-12-01T22:00:00,long,100,97111,97709
2024-12-01T22:00:00,2024-12-01T22:30:00,short,100,97709,97571
2024-12-01T23:00:00,2024-12-01T23:30:00,long,100,97663,97525
2024-12-01T23:30:00,2024-12-02T00:30:00,short,100,97525,97387
2024-12-02T00:30:00,2024-12-02T02:00:00,long,100,97433,97985
2024-12-02T02:00:00,2024-12-02T04:30:00,short,100,97985,96697
2024-12-02T04:30:00,2024-12-02T05:30:00,long,100,96697,96651
2024-12-02T05:30:00,2024-12-02T07:30:00,short,100,96467,96053
2024-12-02T07:30:00,2024-12-02T08:00:00,long,100,96053,95961
2024-12-02T08:00:00,2024-12-02T09:00:00,short,100,95777,95271
2024-12-02T09:00:00,2024-12-02T10:00:00,long,100,95271,95409
2024-12-02T10:00:00,2024-12-02T11:00:00,short,100,95271,95179
2024-12-02T11:00:00,2024-12-02T11:30:00,long,100,95179,95225
2024-12-02T12:00:00,2024-12-02T12:30:00,long,100,95317,95317
2024-12-02T12:30:00,2024-12-02T13:00:00,short,100,95271,95133
2024-12-02T13:00:00,2024-12-02T16:00:00,long,100,95179,96973
2024-12-02T16:00:00,2024-12-02T18:00:00,short,100,96973,94811
2024-12-02T18:00:00,2024-12-02T19:00:00,long,100,94811,95547
2024-12-02T19:00:00,2024-12-02T19:30:00,short,100,95547,95639
2024-12-02T19:30:00,2024-12-02T20:30:00,long,100,95731,95961
2024-12-02T20:30:00,2024-12-02T23:00:00,short,100,95961,95501
2024-12-02T23:00:00,2024-12-03T01:00:00,long,100,95547,95731
2024-12-03T01:00:00,2024-12-03T02:00:00,short,100,95685,95731
2024-12-03T02:00:00,2024-12-03T04:30:00,long,100,95777,96053
2024-12-03T04:30:00,2024-12-03T05:30:00,short,100,96053,96099
2024-12-03T05:30:00,2024-12-03T06:30:00,long,100,96191,96099
2024-12-03T06:30:00,2024-12-03T10:00:00,short,100,96099,95455
2024-12-03T10:00:00,2024-12-03T10:30:00,long,100,95455,95317
2024-12-03T10:30:00,2024-12-03T11:00:00,short,100,95225,94857
2024-12-03T11:00:00,2024-12-03T12:00:00,long,100,94857,94903
2024-12-03T13:00:00,2024-12-03T14:00:00,short,100,94765,93937
2024-12-03T14:00:00,2024-12-03T15:30:00,long,100,93937,95777
2024-12-03T15:30:00,2024-12-03T16:00:00,short,100,95777,95869
2024-12-03T16:30:00,2024-12-03T17:30:00,short,100,95869,95317
2024-12-03T17:30:00,2024-12-03T18:00:00,long,100,95317,95777
2024-12-03T18:00:00,2024-12-03T18:30:00,short,100,95777,95593
2024-12-03T19:00:00,2024-12-03T19:30:00,short,100,95455,95501
2024-12-03T19:30:00,2024-12-03T22:00:00,long,100,95501,95961
2024-12-03T22:00:00,2024-12-03T22:30:00,short,100,95961,96099
2024-12-03T22:30:00,2024-12-03T23:00:00,long,100,96145,96053
2024-12-03T23:00:00,2024-12-04T00:00:00,short,100,96053,96007
2024-12-04T00:30:00,2024-12-04T01:30:00,short,100,95915,95915
2024-12-04T01:30:00,2024-12-04T02:00:00,long,100,95961,96191
2024-12-04T02:00:00,2024-12-04T02:30:00,short,100,96191,95777
2024-12-04T02:30:00,2024-12-04T06:30:00,long,100,95777,96605
2024-12-04T06:30:00,2024-12-04T08:30:00,short,100,96605,96743
2024-12-04T09:00:00,2024-12-04T10:00:00,long,100,96881,96743
2024-12-04T10:00:00,2024-12-04T14:00:00,short,100,96743,95869
2024-12-04T14:00:00,2024-12-04T15:30:00,long,100,95869,96007
2024-12-04T15:30:00,2024-12-04T17:00:00,short,100,95915,95041
2024-12-04T17:00:00,2024-12-04T21:00:00,long,100,95041,98675
2024-12-04T21:00:00,2024-12-04T22:00:00,short,100,98675,97939
2024-12-04T22:00:00,2024-12-04T22:30:00,long,100,97939,98353
2024-12-04T22:30:00,2024-12-04T23:00:00,short,100,98307,98353
2024-12-04T23:00:00,2024-12-04T23:30:00,long,100,98399,98905
2024-12-04T23:30:00,2024-12-05T02:00:00,short,100,98905,98399
2024-12-05T02:00:00,2024-12-05T04:00:00,long,100,98399,102953
2024-12-05T04:00:00,2024-12-05T04:30:00,short,100,102953,102999
2024-12-05T04:30:00,2024-12-05T05:30:00,long,100,103229,103367
2024-12-05T05:30:00,2024-12-05T07:00:00,short,100,103367,102125
2024-12-05T07:00:00,2024-12-05T10:30:00,long,100,102125,102723
2024-12-05T10:30:00,2024-12-05T11:00:00,short,100,102723,102493
2024-12-05T11:00:00,2024-12-05T13:30:00,long,100,102539,102999
2024-12-05T13:30:00,2024-12-05T14:30:00,short,100,102999,102815
2024-12-05T14:30:00,2024-12-05T15:00:00,long,100,102907,103505
2024-12-05T15:00:00,2024-12-05T17:30:00,short,100,103505,101021
2024-12-05T17:30:00,2024-12-05T18:00:00,long,100,101021,101251
2024-12-05T18:00:00,2024-12-05T19:00:00,short,100,101159,100423
2024-12-05T19:00:00,2024-12-05T19:30:00,long,100,100423,100515
2024-12-05T19:30:00,2024-12-05T20:30:00,short,100,100377,98537
2024-12-05T20:30:00,2024-12-05T21:30:00,long,100,98537,99089
2024-12-05T21:30:00,2024-12-05T22:30:00,short,100,99043,94259
2024-12-05T22:30:00,2024-12-05T23:30:00,long,100,94259,97019
2024-12-05T23:30:00,2024-12-06T00:30:00,short,100,97019,97111
2024-12-06T00:30:00,2024-12-06T02:00:00,long,100,97341,98031
2024-12-06T02:00:00,2024-12-06T03:30:00,short,100,98031,97433
2024-12-06T03:30:00,2024-12-06T04:00:00,long,100,97433,97663
2024-12-06T04:00:00,2024-12-06T04:30:00,short,100,97617,97617
2024-12-06T04:30:00,2024-12-06T05:30:00,long,100,97663,97939
2024-12-06T05:30:00,2024-12-06T06:00:00,short,100,97939,98031
2024-12-06T06:00:00,2024-12-06T07:00:00,long,100,98077,98077
2024-12-06T07:00:00,2024-12-06T07:30:00,short,100,98077,98077
2024-12-06T07:30:00,2024-12-06T08:30:00,long,100,98169,98491
2024-12-06T08:30:00,2024-12-06T10:30:00,short,100,98491,98123
2024-12-06T10:30:00,2024-12-06T11:00:00,long,100,98169,98077
2024-12-06T11:00:00,2024-12-06T11:30:00,short,100,98031,98169
2024-12-06T11:30:00,2024-12-06T12:30:00,long,100,98169,98031
2024-12-06T12:30:00,2024-12-06T13:00:00,short,100,98031,97801
2024-12-06T13:00:00,2024-12-06T15:00:00,long,100,97801,99365
2024-12-06T15:00:00,2024-12-06T15:30:00,short,100,99365,99227
2024-12-06T15:30:00,2024-12-06T16:00:00,long,100,99365,99227
2024-12-06T16:00:00,2024-12-06T17:00:00,short,100,99227,99227
2024-12-06T17:00:00,2024-12-06T18:30:00,long,100,99273,101435
2024-12-06T18:30:00,2024-12-06T19:30:00,short,100,101435,101573
2024-12-06T20:00:00,2024-12-06T20:30:00,long,100,101803,101711
2024-12-06T20:30:00,2024-12-06T23:30:00,short,100,101711,99641
2024-12-06T23:30:00,2024-12-07T01:00:00,long,100,99641,100147
2024-12-07T01:00:00,2024-12-07T01:30:00,short,100,100101,100147
2024-12-07T02:30:00,2024-12-07T04:30:00,short,100,100009,99457
2024-12-07T04:30:00,2024-12-07T05:30:00,long,100,99457,99457
2024-12-07T05:30:00,2024-12-07T06:00:00,short,100,99319,99319
2024-12-07T06:00:00,2024-12-07T09:30:00,long,100,99319,99687
2024-12-07T10:30:00,2024-12-07T14:30:00,short,100,99641,99503
2024-12-07T14:30:00,2024-12-07T16:00:00,long,100,99549,99641
2024-12-07T16:00:00,2024-12-07T16:30:00,short,100,99595,99733
2024-12-07T16:30:00,2024-12-07T21:00:00,long,100,99733,100239
2024-12-07T21:00:00,2024-12-07T23:00:00,short,100,100239,99825
2024-12-07T23:00:00,2024-12-07T23:30:00,long,100,99871,99963
2024-12-07T23:30:00,2024-12-08T00:30:00,short,100,99917,100009
2024-12-08T00:30:00,2024-12-08T01:30:00,long,100,100009,99917
2024-12-08T01:30:00,2024-12-08T02:00:00,short,100,99917,100009
2024-12-08T02:00:00,2024-12-08T03:00:00,long,100,100009,100147
2024-12-08T03:00:00,2024-12-08T06:00:00,short,100,100147,99779
2024-12-08T06:00:00,2024-12-08T07:30:00,long,100,99825,99733
2024-12-08T08:00:00,2024-12-08T09:00:00,short,100,99687,99181
2024-12-08T09:00:00,2024-12-08T09:30:00,long,100,99181,99227
2024-12-08T09:30:00,2024-12-08T10:00:00,short,100,99089,99043
2024-12-08T10:00:00,2024-12-08T10:30:00,long,100,99043,99273
2024-12-08T11:00:00,2024-12-08T14:00:00,long,100,99411,100331
2024-12-08T14:00:00,2024-12-08T15:30:00,short,100,100331,99917
2024-12-08T15:30:00,2024-12-08T16:00:00,long,100,99963,99871
2024-12-08T17:30:00,2024-12-08T18:00:00,long,100,100009,99917
2024-12-08T18:00:00,2024-12-08T19:30:00,short,100,99871,99733
2024-12-08T19:30:00,2024-12-08T20:00:00,long,100,99733,100055
2024-12-08T20:30:00,2024-12-08T21:00:00,short,100,100009,100009
2024-12-08T21:00:00,2024-12-09T00:00:00,long,100,100055,101021
2024-12-09T00:00:00,2024-12-09T04:30:00,short,100,101021,99319
2024-12-09T04:30:00,2024-12-09T06:00:00,long,100,99319,99411
2024-12-09T06:00:00,2024-12-09T07:30:00,short,100,99273,98951
2024-12-09T07:30:00,2024-12-09T08:00:00,long,100,98951,99503
2024-12-09T08:00:00,2024-12-09T10:30:00,short,100,99503,98583
2024-12-09T10:30:00,2024-12-09T11:00:00,long,100,98583,98675
2024-12-09T11:00:00,2024-12-09T12:00:00,short,100,98537,98307
2024-12-09T12:00:00,2024-12-09T15:00:00,long,100,98307,100055
2024-12-09T15:00:00,2024-12-09T16:00:00,short,100,100055,97985
2024-12-09T16:00:00,2024-12-09T16:30:00,long,100,97985,98123
2024-12-09T16:30:00,2024-12-09T18:00:00,short,100,97985,97571
2024-12-09T18:00:00,2024-12-09T18:30:00,long,100,97571,98169
2024-12-09T18:30:00,2024-12-09T21:00:00,short,100,98169,96513
2024-12-09T21:00:00,2024-12-09T22:30:00,long,100,96513,97019
2024-12-09T23:00:00,2024-12-09T23:30:00,long,100,97157,97341
2024-12-09T23:30:00,2024-12-10T00:00:00,short,100,97341,97479
2024-12-10T00:00:00,2024-12-10T02:00:00,long,100,97571,97847
2024-12-10T02:00:00,2024-12-10T03:30:00,short,100,97847,96145
2024-12-10T03:30:00,2024-12-10T04:00:00,long,100,96145,96835
2024-12-10T04:00:00,2024-12-10T04:30:00,short,100,96835,96605
2024-12-10T04:30:00,2024-12-10T05:00:00,long,100,96651,96927
2024-12-10T05:00:00,2024-12-10T05:30:00,short,100,96927,96743
2024-12-10T05:30:00,2024-12-10T07:00:00,long,100,96789,97341
2024-12-10T07:00:00,2024-12-10T07:30:00,short,100,97341,97157
2024-12-10T07:30:00,2024-12-10T12:00:00,long,100,97249,97571
2024-12-10T12:00:00,2024-12-10T13:00:00,short,100,97571,97341
2024-12-10T13:00:00,2024-12-10T14:30:00,long,100,97387,97847
2024-12-10T14:30:00,2024-12-10T16:30:00,short,100,97847,95547
2024-12-10T16:30:00,2024-12-10T17:00:00,long,100,95547,96237
2024-12-10T17:00:00,2024-12-10T18:00:00,short,100,96237,94673
2024-12-10T18:00:00,2024-12-10T22:00:00,long,100,94673,96789
2024-12-10T22:00:00,2024-12-10T23:00:00,short,100,96789,96927
2024-12-10T23:30:00,2024-12-11T02:00:00,short,100,96881,95915
2024-12-11T02:00:00,2024-12-11T05:00:00,long,100,95915,97387
2024-12-11T05:00:00,2024-12-11T05:30:00,short,100,97387,97479
2024-12-11T06:00:00,2024-12-11T07:30:00,long,100,97663,97525
2024-12-11T07:30:00,2024-12-11T08:00:00,short,100,97525,97433
2024-12-11T08:00:00,2024-12-11T09:00:00,long,100,97525,97939
2024-12-11T09:00:00,2024-12-11T09:30:00,short,100,97939,97939
2024-12-11T09:30:00,2024-12-11T11:30:00,long,100,98031,98261
2024-12-11T11:30:00,2024-12-11T13:00:00,short,100,98261,98399
2024-12-11T13:30:00,2024-12-11T15:30:00,long,100,98491,100331
2024-12-11T15:30:00,2024-12-11T16:00:00,short,100,100331,100469
2024-12-11T16:00:00,2024-12-11T16:30:00,long,100,100699,100929
2024-12-11T16:30:00,2024-12-11T18:00:00,short,100,100929,99917
2024-12-11T18:00:00,2024-12-11T20:30:00,long,100,99917,101159
2024-12-11T20:30:00,2024-12-11T21:30:00,short,100,101159,101113
2024-12-11T21:30:00,2024-12-11T22:30:00,long,100,101251,101343
2024-12-11T22:30:00,2024-12-12T02:00:00,short,100,101343,100653
2024-12-12T02:00:00,2024-12-12T03:00:00,long,100,100653,101619
2024-12-12T03:00:00,2024-12-12T05:00:00,short,100,101619,100837
2024-12-12T05:00:00,2024-12-12T05:30:00,long,100,100837,100745
2024-12-12T05:30:00,2024-12-12T07:00:00,short,100,100607,100699
2024-12-12T07:00:00,2024-12-12T07:30:00,long,100,100699,100653
2024-12-12T07:30:00,2024-12-12T08:00:00,short,100,100561,100607
2024-12-12T08:00:00,2024-12-12T09:30:00,long,100,100607,100837
2024-12-12T09:30:00,2024-12-12T12:00:00,short,100,100791,100515
2024-12-12T12:00:00,2024-12-12T13:30:00,long,100,100561,101067
2024-12-12T13:30:00,2024-12-12T14:00:00,short,100,101067,101021
2024-12-12T14:00:00,2024-12-12T15:00:00,long,100,101113,101527
2024-12-12T15:00:00,2024-12-12T15:30:00,short,100,101527,101573
2024-12-12T15:30:00,2024-12-12T16:30:00,long,100,101711,101711
2024-12-12T16:30:00,2024-12-12T17:30:00,short,100,101711,101573
2024-12-12T18:30:00,2024-12-12T20:30:00,short,100,101481,99595
2024-12-12T20:30:00,2024-12-12T21:30:00,long,100,99595,99871
2024-12-12T21:30:00,2024-12-12T22:00:00,short,100,99779,99871
2024-12-12T22:00:00,2024-12-12T23:00:00,long,100,99871,100239
2024-12-12T23:00:00,2024-12-13T00:00:00,short,100,100239,100147
2024-12-13T00:00:00,2024-12-13T00:30:00,long,100,100239,100101
2024-12-13T00:30:00,2024-12-13T02:30:00,short,100,100101,99457
2024-12-13T02:30:00,2024-12-13T05:30:00,long,100,99457,99825
2024-12-13T06:00:00,2024-12-13T06:30:00,long,100,99963,99871
2024-12-13T06:30:00,2024-12-13T07:30:00,short,100,99871,99779
2024-12-13T07:30:00,2024-12-13T09:00:00,long,100,99825,100101
2024-12-13T09:00:00,2024-12-13T10:30:00,short,100,100101,100147
2024-12-13T10:30:00,2024-12-13T11:30:00,long,100,100193,100423
2024-12-13T11:30:00,2024-12-13T13:30:00,short,100,100423,100239
2024-12-13T14:00:00,2024-12-13T15:30:00,long,100,100331,100975
2024-12-13T15:30:00,2024-12-13T16:00:00,short,100,100975,99963
2024-12-13T16:00:00,2024-12-13T18:30:00,long,100,99963,101527
2024-12-13T18:30:00,2024-12-13T19:30:00,short,100,101527,101389
2024-12-13T20:00:00,2024-12-13T21:00:00,long,100,101527,101481
2024-12-13T21:00:00,2024-12-13T22:30:00,short,100,101481,101251
2024-12-13T23:00:00,2024-12-13T23:30:00,short,100,101113,101205
2024-12-13T23:30:00,2024-12-14T00:30:00,long,100,101205,101251
2024-12-14T01:00:00,2024-12-14T01:30:00,long,100,101389,102447
2024-12-14T01:30:00,2024-12-14T02:30:00,short,100,102447,101941
2024-12-14T02:30:00,2024-12-14T04:00:00,long,100,101987,101987
2024-12-14T04:00:00,2024-12-14T06:00:00,short,100,101941,101803
2024-12-14T06:00:00,2024-12-14T06:30:00,long,100,101803,101849
2024-12-14T07:00:00,2024-12-14T07:30:00,short,100,101803,101757
2024-12-14T07:30:00,2024-12-14T09:00:00,long,100,101757,101665
2024-12-14T09:00:00,2024-12-14T11:00:00,short,100,101665,101573
2024-12-14T11:00:00,2024-12-14T12:00:00,long,100,101573,101481
2024-12-14T12:00:00,2024-12-14T13:30:00,short,100,101435,101159
2024-12-14T13:30:00,2024-12-14T16:00:00,long,100,101159,101435
2024-12-14T16:00:00,2024-12-14T16:30:00,short,100,101389,101527
2024-12-14T16:30:00,2024-12-14T17:00:00,long,100,101527,101527
2024-12-14T17:00:00,2024-12-14T19:00:00,short,100,101527,101021
2024-12-14T19:00:00,2024-12-14T20:00:00,long,100,101021,101113
2024-12-14T20:30:00,2024-12-14T21:00:00,short,100,101021,100883
2024-12-14T21:00:00,2024-12-14T21:30:00,long,100,100883,101021
2024-12-14T22:00:00,2024-12-14T22:30:00,long,100,101159,101067
2024-12-14T22:30:00,2024-12-14T23:00:00,short,100,101067,101205
2024-12-14T23:00:00,2024-12-15T02:00:00,long,100,101205,101895
2024-12-15T02:00:00,2024-12-15T04:00:00,short,100,101895,101849
2024-12-15T04:00:00,2024-12-15T04:30:00,long,100,101987,102493
2024-12-15T04:30:00,2024-12-15T05:00:00,short,100,102493,102447
2024-12-15T05:30:00,2024-12-15T08:30:00,short,100,102309,101849
2024-12-15T08:30:00,2024-12-15T13:00:00,long,100,101849,102769
2024-12-15T13:00:00,2024-12-15T13:30:00,short,100,102769,102769
2024-12-15T14:30:00,2024-12-15T15:30:00,long,100,102907,102815
2024-12-15T15:30:00,2024-12-15T16:00:00,short,100,102815,102769
2024-12-15T16:00:00,2024-12-15T17:00:00,long,100,102861,102999
2024-12-15T17:00:00,2024-12-15T17:30:00,short,100,102999,103091
2024-12-15T17:30:00,2024-12-15T19:30:00,long,100,103137,103183
2024-12-15T19:30:00,2024-12-15T21:30:00,short,100,103183,102861
2024-12-15T22:00:00,2024-12-15T23:30:00,long,100,102907,104655
2024-12-15T23:30:00,2024-12-16T00:00:00,short,100,104655,104563
2024-12-16T00:00:00,2024-12-16T01:00:00,long,100,104701,105299
2024-12-16T01:00:00,2024-12-16T01:30:00,short,100,105299,105207
2024-12-16T01:30:00,2024-12-16T02:00:00,long,100,105345,105391
2024-12-16T02:00:00,2024-12-16T03:00:00,short,100,105391,104701
2024-12-16T03:00:00,2024-12-16T03:30:00,long,100,104701,104793
2024-12-16T03:30:00,2024-12-16T04:30:00,short,100,104701,104655
2024-12-16T04:30:00,2024-12-16T07:30:00,long,100,104655,105023
2024-12-16T07:30:00,2024-12-16T09:00:00,short,100,104977,104655
2024-12-16T09:00:00,2024-12-16T09:30:00,long,100,104701,104609
2024-12-16T10:00:00,2024-12-16T10:30:00,short,100,104563,104563
2024-12-16T10:30:00,2024-12-16T11:00:00,long,100,104563,104563
2024-12-16T11:00:00,2024-12-16T12:00:00,short,100,104517,103873
2024-12-16T12:00:00,2024-12-16T12:30:00,long,100,103873,103735
2024-12-16T12:30:00,2024-12-16T13:00:00,short,100,103597,103735
2024-12-16T13:00:00,2024-12-16T13:30:00,long,100,103735,103919
2024-12-16T13:30:00,2024-12-16T14:00:00,short,100,103827,103965
2024-12-16T14:00:00,2024-12-16T18:30:00,long,100,103965,107553
2024-12-16T18:30:00,2024-12-16T19:30:00,short,100,107553,106265
2024-12-16T19:30:00,2024-12-16T20:00:00,long,100,106265,106449
2024-12-16T20:00:00,2024-12-16T21:00:00,short,100,106357,105897
2024-12-16T21:00:00,2024-12-16T22:30:00,long,100,105897,105851
2024-12-16T23:00:00,2024-12-16T23:30:00,short,100,105713,105667
2024-12-16T23:30:00,2024-12-17T00:30:00,long,100,105667,105943
2024-12-17T00:30:00,2024-12-17T01:00:00,short,100,105897,105943
2024-12-17T01:00:00,2024-12-17T02:30:00,long,100,105989,106357
2024-12-17T02:30:00,2024-12-17T03:00:00,short,100,106357,106311
2024-12-17T03:00:00,2024-12-17T04:00:00,long,100,106403,106633
2024-12-17T04:00:00,2024-12-17T05:00:00,short,100,106633,106587
2024-12-17T05:30:00,2024-12-17T06:00:00,long,100,106679,106633
2024-12-17T06:00:00,2024-12-17T06:30:00,short,100,106633,106541
2024-12-17T07:00:00,2024-12-17T07:30:00,long,100,106587,106955
2024-12-17T07:30:00,2024-12-17T08:00:00,short,100,106955,106909
2024-12-17T08:00:00,2024-12-17T10:00:00,long,100,107001,107185
2024-12-17T10:00:00,2024-12-17T10:30:00,short,100,107185,107139
2024-12-17T11:30:00,2024-12-17T12:30:00,short,100,107047,106909
2024-12-17T12:30:00,2024-12-17T13:30:00,long,100,106955,107277
2024-12-17T13:30:00,2024-12-17T14:00:00,short,100,107277,107369
2024-12-17T14:00:00,2024-12-17T15:00:00,long,100,107415,108059
2024-12-17T15:00:00,2024-12-17T15:30:00,short,100,108059,106127
2024-12-17T15:30:00,2024-12-17T18:00:00,long,100,106127,107369
2024-12-17T18:00:00,2024-12-17T19:00:00,short,100,107369,106679
2024-12-17T19:00:00,2024-12-17T19:30:00,long,100,106679,106541
2024-12-17T19:30:00,2024-12-17T20:30:00,short,100,106495,106495
2024-12-17T20:30:00,2024-12-17T21:00:00,long,100,106495,106587
2024-12-17T21:30:00,2024-12-17T23:00:00,short,100,106495,105989
2024-12-17T23:00:00,2024-12-18T01:30:00,long,100,105989,106127
2024-12-18T01:30:00,2024-12-18T02:00:00,short,100,106035,105437
2024-12-18T02:00:00,2024-12-18T02:30:00,long,100,105437,105437
2024-12-18T02:30:00,2024-12-18T05:00:00,short,100,105299,104011
2024-12-18T05:00:00,2024-12-18T05:30:00,long,100,104011,103873
2024-12-18T05:30:00,2024-12-18T06:00:00,short,100,103643,103643
2024-12-18T06:00:00,2024-12-18T06:30:00,long,100,103643,103781
2024-12-18T07:00:00,2024-12-18T08:00:00,long,100,103873,104057
2024-12-18T08:00:00,2024-12-18T09:00:00,short,100,104011,103919
2024-12-18T09:00:00,2024-12-18T09:30:00,long,100,103965,104149
2024-12-18T09:30:00,2024-12-18T10:00:00,short,100,104149,104149
2024-12-18T10:00:00,2024-12-18T12:30:00,long,100,104195,104839
2024-12-18T12:30:00,2024-12-18T13:00:00,short,100,104839,104977
2024-12-18T13:30:00,2024-12-18T14:00:00,short,100,104885,104655
2024-12-18T14:00:00,2024-12-18T14:30:00,long,100,104701,104563
2024-12-18T14:30:00,2024-12-18T15:00:00,short,100,104563,104103
2024-12-18T15:00:00,2024-12-18T16:00:00,long,100,104103,104241
2024-12-18T16:00:00,2024-12-18T16:30:00,short,100,104149,103827
2024-12-18T16:30:00,2024-12-18T19:00:00,long,100,103827,104609
2024-12-18T19:00:00,2024-12-18T21:00:00,short,100,104609,101021
2024-12-18T21:00:00,2024-12-18T21:30:00,long,100,101021,101113
2024-12-18T21:30:00,2024-12-18T22:00:00,short,100,100975,101113
2024-12-18T22:00:00,2024-12-18T23:00:00,long,100,101113,100975
2024-12-18T23:00:00,2024-12-19T00:00:00,short,100,100929,100331
2024-12-19T00:00:00,2024-12-19T01:00:00,long,100,100331,100745
2024-12-19T01:00:00,2024-12-19T02:30:00,short,100,100699,99089
2024-12-19T02:30:00,2024-12-19T04:00:00,long,100,99089,101021
2024-12-19T04:00:00,2024-12-19T05:00:00,short,100,101021,100837
2024-12-19T05:00:00,2024-12-19T06:00:00,long,100,100975,101113
2024-12-19T06:00:00,2024-12-19T06:30:00,short,100,101113,101113
2024-12-19T06:30:00,2024-12-19T12:30:00,long,100,101205,102263
2024-12-19T12:30:00,2024-12-19T13:00:00,short,100,102263,102079
2024-12-19T13:00:00,2024-12-19T13:30:00,long,100,102171,102033
2024-12-19T13:30:00,2024-12-19T14:00:00,short,100,102033,102033
2024-12-19T14:00:00,2024-12-19T14:30:00,long,100,102079,102263
2024-12-19T14:30:00,2024-12-19T15:30:00,short,100,102263,100055
2024-12-19T15:30:00,2024-12-19T16:00:00,long,100,100055,100515
2024-12-19T16:00:00,2024-12-19T16:30:00,short,100,100469,100607
2024-12-19T16:30:00,2024-12-19T17:00:00,long,100,100607,100561
2024-12-19T17:00:00,2024-12-19T18:30:00,short,100,100561,98583
2024-12-19T18:30:00,2024-12-19T19:00:00,long,100,98583,98767
2024-12-19T19:00:00,2024-12-19T21:00:00,short,100,98629,96559
2024-12-19T21:00:00,2024-12-19T21:30:00,long,100,96559,97387
2024-12-19T21:30:00,2024-12-19T22:00:00,short,100,97387,97525
2024-12-19T22:00:00,2024-12-19T23:00:00,long,100,97617,98169
2024-12-19T23:00:00,2024-12-20T00:30:00,short,100,98169,96973
2024-12-20T00:30:00,2024-12-20T01:00:00,long,100,96973,97065
2024-12-20T01:30:00,2024-12-20T02:00:00,short,100,96927,96467
2024-12-20T02:00:00,2024-12-20T03:30:00,long,100,96467,97433
2024-12-20T03:30:00,2024-12-20T04:00:00,short,100,97433,97203
2024-12-20T04:00:00,2024-12-20T04:30:00,long,100,97295,97617
2024-12-20T04:30:00,2024-12-20T06:30:00,short,100,97617,96835
2024-12-20T06:30:00,2024-12-20T07:30:00,long,100,96835,97893
2024-12-20T07:30:00,2024-12-20T12:00:00,short,100,97893,92879
2024-12-20T12:00:00,2024-12-20T16:30:00,long,100,92879,97157
2024-12-20T16:30:00,2024-12-20T17:00:00,short,100,97157,96789
2024-12-20T17:00:00,2024-12-20T18:00:00,long,100,96835,97111
2024-12-20T18:00:00,2024-12-20T18:30:00,short,100,97111,96881
2024-12-20T18:30:00,2024-12-20T19:30:00,long,100,96927,97387
2024-12-20T19:30:00,2024-12-20T21:30:00,short,100,97387,96283
2024-12-20T21:30:00,2024-12-21T00:00:00,long,100,96283,97617
2024-12-21T00:00:00,2024-12-21T00:30:00,short,100,97617,97341
2024-12-21T00:30:00,2024-12-21T01:00:00,long,100,97433,97387
2024-12-21T01:00:00,2024-12-21T03:30:00,short,100,97387,97479
2024-12-21T03:30:00,2024-12-21T04:00:00,long,100,97479,97341
2024-12-21T04:00:00,2024-12-21T04:30:00,short,100,97341,97479
2024-12-21T04:30:00,2024-12-21T08:00:00,long,100,97479,98813
2024-12-21T08:00:00,2024-12-21T11:30:00,short,100,98813,98031
2024-12-21T11:30:00,2024-12-21T12:00:00,long,100,98031,98123
2024-12-21T12:00:00,2024-12-21T13:30:00,short,100,98031,96789
2024-12-21T13:30:00,2024-12-21T14:30:00,long,100,96789,97295
2024-12-21T14:30:00,2024-12-21T15:00:00,short,100,97249,97157
2024-12-21T15:00:00,2024-12-21T16:30:00,long,100,97203,97387
2024-12-21T16:30:00,2024-12-21T17:00:00,short,100,97387,97387
2024-12-21T17:00:00,2024-12-21T18:30:00,long,100,97433,97387
2024-12-21T18:30:00,2024-12-21T19:30:00,short,100,97387,97065
2024-12-21T19:30:00,2024-12-21T20:30:00,long,100,97065,97663
2024-12-21T20:30:00,2024-12-21T22:00:00,short,100,97663,97019
2024-12-21T22:00:00,2024-12-22T01:30:00,long,100,97019,97157
2024-12-22T01:30:00,2024-12-22T03:00:00,short,100,97065,96835
2024-12-22T03:00:00,2024-12-22T03:30:00,long,100,96835,97019
2024-12-22T03:30:00,2024-12-22T05:00:00,short,100,96973,96237
2024-12-22T05:00:00,2024-12-22T05:30:00,long,100,96237,96145
2024-12-22T06:00:00,2024-12-22T07:00:00,long,100,96237,96559
2024-12-22T07:00:00,2024-12-22T08:00:00,short,100,96513,96375
2024-12-22T08:00:00,2024-12-22T10:30:00,long,100,96421,96927
2024-12-22T10:30:00,2024-12-22T11:00:00,short,100,96927,97065
2024-12-22T11:00:00,2024-12-22T11:30:00,long,100,97157,97111
2024-12-22T11:30:00,2024-12-22T13:00:00,short,100,97111,97111
2024-12-22T13:00:00,2024-12-22T13:30:00,long,100,97203,97065
2024-12-22T13:30:00,2024-12-22T16:00:00,short,100,97065,95455
2024-12-22T16:00:00,2024-12-22T17:00:00,long,100,95455,95501
2024-12-22T18:00:00,2024-12-22T18:30:00,long,100,95639,96007
2024-12-22T18:30:00,2024-12-22T20:00:00,short,100,96007,94949
2024-12-22T20:00:00,2024-12-22T21:30:00,long,100,94949,95409
2024-12-22T21:30:00,2024-12-22T22:30:00,short,100,95363,95087
2024-12-22T22:30:00,2024-12-22T23:00:00,long,100,95133,95409
2024-12-22T23:00:00,2024-12-23T01:30:00,short,100,95363,94397
2024-12-23T01:30:00,2024-12-23T02:00:00,long,100,94397,94305
2024-12-23T02:00:00,2024-12-23T02:30:00,short,100,94121,94121
2024-12-23T02:30:00,2024-12-23T04:30:00,long,100,94121,95915
2024-12-23T04:30:00,2024-12-23T07:00:00,short,100,95915,94949
2024-12-23T07:00:00,2024-12-23T08:00:00,long,100,94949,95225
2024-12-23T08:00:00,2024-12-23T08:30:00,short,100,95133,95179
2024-12-23T08:30:00,2024-12-23T11:00:00,long,100,95225,96191
2024-12-23T11:00:00,2024-12-23T12:00:00,short,100,96191,96053
2024-12-23T12:00:00,2024-12-23T13:00:00,long,100,96191,96099
2024-12-23T13:00:00,2024-12-23T14:00:00,short,100,96099,95041
2024-12-23T14:00:00,2024-12-23T14:30:00,long,100,95041,95363
2024-12-23T14:30:00,2024-12-23T16:00:00,short,100,95317,93385
2024-12-23T16:00:00,2024-12-23T17:00:00,long,100,93385,93799
2024-12-23T17:00:00,2024-12-23T19:00:00,short,100,93753,92879
2024-12-23T19:00:00,2024-12-23T19:30:00,long,100,92879,93293
2024-12-23T19:30:00,2024-12-23T20:30:00,short,100,93247,93109
2024-12-23T20:30:00,2024-12-23T23:30:00,long,100,93155,94995
2024-12-23T23:30:00,2024-12-24T00:30:00,short,100,94995,94535
2024-12-24T01:30:00,2024-12-24T02:30:00,short,100,94397,93937
2024-12-24T02:30:00,2024-12-24T06:00:00,long,100,93937,94397
2024-12-24T06:00:00,2024-12-24T07:00:00,short,100,94351,94029
2024-12-24T07:00:00,2024-12-24T09:00:00,long,100,94075,94305
2024-12-24T09:00:00,2024-12-24T11:00:00,short,100,94259,94029
2024-12-24T11:00:00,2024-12-24T12:00:00,long,100,94075,94213
2024-12-24T13:00:00,2024-12-24T18:00:00,long,100,94351,98583
2024-12-24T18:00:00,2024-12-24T18:30:00,short,100,98583,98537
2024-12-24T19:00:00,2024-12-24T20:00:00,short,100,98445,97709
2024-12-24T20:00:00,2024-12-24T20:30:00,long,100,97709,97663
2024-12-24T20:30:00,2024-12-24T21:00:00,short,100,97525,97387
2024-12-24T21:00:00,2024-12-25T00:00:00,long,100,97387,98583
2024-12-25T00:00:00,2024-12-25T02:30:00,short,100,98583,98123
2024-12-25T03:00:00,2024-12-25T03:30:00,long,100,98169,98031
2024-12-25T03:30:00,2024-12-25T04:00:00,short,100,98031,98123
2024-12-25T04:00:00,2024-12-25T06:00:00,long,100,98123,98077
2024-12-25T06:00:00,2024-12-25T07:00:00,short,100,98031,98031
2024-12-25T07:00:00,2024-12-25T08:30:00,long,100,98031,98031
2024-12-25T09:00:00,2024-12-25T10:30:00,long,100,98169,98721
2024-12-25T10:30:00,2024-12-25T11:00:00,short,100,98721,98537
2024-12-25T11:00:00,2024-12-25T11:30:00,long,100,98629,98675
2024-12-25T11:30:00,2024-12-25T12:00:00,short,100,98675,97985
2024-12-25T12:00:00,2024-12-25T15:00:00,long,100,97985,98491
2024-12-25T15:00:00,2024-12-25T15:30:00,short,100,98491,98399
2024-12-25T15:30:00,2024-12-25T16:00:00,long,100,98491,98353
2024-12-25T16:00:00,2024-12-25T17:00:00,short,100,98353,98491
2024-12-25T17:00:00,2024-12-25T18:30:00,long,100,98491,98767
2024-12-25T18:30:00,2024-12-25T19:00:00,short,100,98767,98859
2024-12-25T19:00:00,2024-12-25T20:30:00,long,100,98905,99135
2024-12-25T20:30:00,2024-12-25T22:00:00,short,100,99135,98629
2024-12-25T22:00:00,2024-12-26T00:30:00,long,100,98629,99227
2024-12-26T00:30:00,2024-12-26T01:30:00,short,100,99227,98951
2024-12-26T01:30:00,2024-12-26T02:30:00,long,100,98997,98905
2024-12-26T02:30:00,2024-12-26T03:00:00,short,100,98905,98813
2024-12-26T03:00:00,2024-12-26T04:00:00,long,100,98813,98813
2024-12-26T04:00:00,2024-12-26T11:00:00,short,100,98767,95547
2024-12-26T11:00:00,2024-12-26T11:30:00,long,100,95547,95685
2024-12-26T12:00:00,2024-12-26T12:30:00,long,100,95777,95639
2024-12-26T12:30:00,2024-12-26T13:30:00,short,100,95593,95547
2024-12-26T13:30:00,2024-12-26T14:30:00,long,100,95547,95593
2024-12-26T14:30:00,2024-12-26T15:00:00,short,100,95547,95547
2024-12-26T15:00:00,2024-12-26T15:30:00,long,100,95547,95961
2024-12-26T15:30:00,2024-12-26T16:30:00,short,100,95961,96053
2024-12-26T16:30:00,2024-12-26T17:00:00,long,100,96099,96375
2024-12-26T17:00:00,2024-12-26T19:30:00,short,100,96375,95685
2024-12-26T19:30:00,2024-12-26T20:00:00,long,100,95685,95961
2024-12-26T20:00:00,2024-12-26T21:00:00,short,100,95915,95639
2024-12-26T21:00:00,2024-12-26T23:00:00,long,100,95639,95639
2024-12-26T23:30:00,2024-12-27T01:00:00,long,100,95777,95639
2024-12-27T01:30:00,2024-12-27T02:30:00,long,100,95777,96237
2024-12-27T02:30:00,2024-12-27T03:00:00,short,100,96237,96145
2024-12-27T03:00:00,2024-12-27T04:30:00,long,100,96237,96237
2024-12-27T04:30:00,2024-12-27T05:30:00,short,100,96237,96145
2024-12-27T05:30:00,2024-12-27T07:00:00,long,100,96191,96421
2024-12-27T07:00:00,2024-12-27T08:00:00,short,100,96421,95225
2024-12-27T08:00:00,2024-12-27T08:30:00,long,100,95225,95915
2024-12-27T08:30:00,2024-12-27T09:00:00,short,100,95915,95823
2024-12-27T09:00:00,2024-12-27T10:00:00,long,100,95915,96697
2024-12-27T10:00:00,2024-12-27T11:30:00,short,100,96697,96651
2024-12-27T11:30:00,2024-12-27T12:00:00,long,100,96789,96789
2024-12-27T12:00:00,2024-12-27T17:30:00,short,100,96789,93891
2024-12-27T17:30:00,2024-12-27T19:00:00,long,100,93891,94397
2024-12-27T19:00:00,2024-12-27T19:30:00,short,100,94351,94443
2024-12-27T19:30:00,2024-12-27T20:00:00,long,100,94489,94581
2024-12-27T20:00:00,2024-12-27T21:00:00,short,100,94581,94627
2024-12-27T21:30:00,2024-12-28T00:00:00,short,100,94535,94443
2024-12-28T00:00:00,2024-12-28T00:30:00,long,100,94489,94351
2024-12-28T00:30:00,2024-12-28T01:30:00,short,100,94351,94397
2024-12-28T01:30:00,2024-12-28T02:30:00,long,100,94397,94397
2024-12-28T02:30:00,2024-12-28T03:00:00,short,100,94351,94397
2024-12-28T03:00:00,2024-12-28T04:30:00,long,100,94397,94443
2024-12-28T05:00:00,2024-12-28T06:00:00,long,100,94581,94535
2024-12-28T06:00:00,2024-12-28T08:30:00,short,100,94535,94489
2024-12-28T09:00:00,2024-12-28T12:30:00,long,100,94535,94535
2024-12-28T12:30:00,2024-12-28T13:00:00,short,100,94535,94673
2024-12-28T13:00:00,2024-12-28T14:30:00,long,100,94673,94673
2024-12-28T14:30:00,2024-12-28T15:00:00,short,100,94673,94673
2024-12-28T15:30:00,2024-12-28T16:00:00,short,100,94535,94535
2024-12-28T16:00:00,2024-12-28T18:00:00,long,100,94581,94903
2024-12-28T18:00:00,2024-12-28T19:00:00,short,100,94903,94949
2024-12-28T20:00:00,2024-12-28T20:30:00,short,100,94857,94949
2024-12-28T20:30:00,2024-12-29T00:00:00,long,100,94995,95133
2024-12-29T00:00:00,2024-12-29T02:00:00,short,100,95133,94995
2024-12-29T02:00:00,2024-12-29T08:00:00,long,100,95041,95087
2024-12-29T08:00:00,2024-12-29T20:30:00,short,100,95087,93615
2024-12-29T20:30:00,2024-12-29T21:30:00,long,100,93615,93707
2024-12-29T21:30:00,2024-12-29T23:00:00,short,100,93569,93247
2024-12-29T23:00:00,2024-12-30T00:30:00,long,100,93247,93523
2024-12-30T01:00:00,2024-12-30T02:00:00,long,100,93661,93753
2024-12-30T02:00:00,2024-12-30T02:30:00,short,100,93753,93615
2024-12-30T02:30:00,2024-12-30T03:30:00,long,100,93661,93753
2024-12-30T03:30:00,2024-12-30T05:30:00,short,100,93707,93385
2024-12-30T05:30:00,2024-12-30T07:00:00,long,100,93385,93707
2024-12-30T07:00:00,2024-12-30T07:30:00,short,100,93661,93615
2024-12-30T07:30:00,2024-12-30T12:30:00,long,100,93661,93937
2024-12-30T12:30:00,2024-12-30T14:00:00,short,100,93937,92833
2024-12-30T14:00:00,2024-12-30T14:30:00,long,100,92833,92971
2024-12-30T14:30:00,2024-12-30T15:30:00,short,100,92833,91821
2024-12-30T15:30:00,2024-12-30T16:00:00,long,100,91821,91959
2024-12-30T16:30:00,2024-12-30T19:00:00,long,100,92097,94397
2024-12-30T19:00:00,2024-12-30T19:30:00,short,100,94397,94259
2024-12-30T19:30:00,2024-12-30T20:30:00,long,100,94397,94443
2024-12-30T20:30:00,2024-12-30T22:00:00,short,100,94443,92189
2024-12-30T22:00:00,2024-12-31T00:00:00,long,100,92189,92603
2024-12-31T00:00:00,2024-12-31T01:30:00,short,100,92557,92281
2024-12-31T01:30:00,2024-12-31T02:30:00,long,100,92327,92419
2024-12-31T03:00:00,2024-12-31T04:30:00,long,100,92557,92419
2024-12-31T04:30:00,2024-12-31T05:00:00,short,100,92419,92557
2024-12-31T05:00:00,2024-12-31T08:30:00,long,100,92557,93937
2024-12-31T08:30:00,2024-12-31T09:30:00,short,100,93937,94029
2024-12-31T12:00:00,2024-12-31T12:30:00,long,100,94259,94581
2024-12-31T12:30:00,2024-12-31T13:00:00,short,100,94581,94627
2024-12-31T13:00:00,2024-12-31T13:30:00,long,100,94811,95593
2024-12-31T13:30:00,2024-12-31T14:00:00,short,100,95593,95685
2024-12-31T14:00:00,2024-12-31T14:30:00,long,100,95869,95731
2024-12-31T14:30:00,2024-12-31T19:30:00,short,100,95731,94029
2024-12-31T19:30:00,2024-12-31T20:30:00,long,100,94029,94029
2024-12-31T20:30:00,2024-12-31T21:30:00,short,100,93845,93661
2024-12-31T21:30:00,2024-12-31T22:00:00,long,100,93661,93753
2024-12-31T22:30:00,2024-12-31T23:00:00,short,100,93661,93615
2024-12-31T23:00:00,2024-12-31T23:30:00,long,100,93615,93569
2024-12-31T23:30:00,2025-01-01T00:00:00,short,100,93523,93661
2025-01-01T00:00:00,2025-01-01T01:00:00,long,100,93661,94213
2025-01-01T01:00:00,2025-01-01T02:00:00,short,100,94213,93753
2025-01-01T02:30:00,2025-01-01T03:00:00,long,100,93799,93891
2025-01-01T03:00:00,2025-01-01T05:00:00,short,100,93845,93707
2025-01-01T05:00:00,2025-01-01T05:30:00,long,100,93707,93753
2025-01-01T06:00:00,2025-01-01T07:00:00,short,100,93707,93799
2025-01-01T07:00:00,2025-01-01T07:30:00,long,100,93799,93661
2025-01-01T07:30:00,2025-01-01T09:30:00,short,100,93661,93293
2025-01-01T09:30:00,2025-01-01T13:00:00,long,100,93293,93707
2025-01-01T13:00:00,2025-01-01T13:30:00,short,100,93661,93799
2025-01-01T13:30:00,2025-01-01T14:00:00,long,100,93799,93891
2025-01-01T14:00:00,2025-01-01T14:30:00,short,100,93891,93983
2025-01-01T14:30:00,2025-01-01T16:00:00,long,100,94029,94259
2025-01-01T16:00:00,2025-01-01T17:30:00,short,100,94259,94121
2025-01-01T18:30:00,2025-01-01T22:00:00,long,100,94213,94811
2025-01-01T22:00:00,2025-01-02T00:00:00,short,100,94811,94719
2025-01-02T00:00:00,2025-01-02T01:30:00,long,100,94811,94949
2025-01-02T01:30:00,2025-01-02T02:00:00,short,100,94949,94949
2025-01-02T02:00:00,2025-01-02T03:00:00,long,100,95041,95041
2025-01-02T03:00:00,2025-01-02T04:00:00,short,100,95041,95179
2025-01-02T04:00:00,2025-01-02T05:30:00,long,100,95179,95593
2025-01-02T05:30:00,2025-01-02T06:30:00,short,100,95593,95593
2025-01-02T07:00:00,2025-01-02T11:00:00,long,100,95731,96559
2025-01-02T11:00:00,2025-01-02T11:30:00,short,100,96559,96651
2025-01-02T13:30:00,2025-01-02T14:30:00,short,100,96651,96559
2025-01-02T14:30:00,2025-01-02T15:00:00,long,100,96651,97111
2025-01-02T15:00:00,2025-01-02T16:00:00,short,100,97111,96605
2025-01-02T16:00:00,2025-01-02T16:30:00,long,100,96605,97249
2025-01-02T16:30:00,2025-01-02T18:00:00,short,100,97249,96881
2025-01-02T18:30:00,2025-01-02T19:30:00,long,100,96927,97387
2025-01-02T19:30:00,2025-01-02T20:00:00,short,100,97387,97387
2025-01-02T20:00:00,2025-01-02T20:30:00,long,100,97479,97433
2025-01-02T20:30:00,2025-01-03T00:00:00,short,100,97433,97019
2025-01-03T00:00:00,2025-01-03T00:30:00,long,100,97019,96881
2025-01-03T00:30:00,2025-01-03T01:30:00,short,100,96881,96927
2025-01-03T01:30:00,2025-01-03T02:30:00,long,100,96927,97065
2025-01-03T02:30:00,2025-01-03T03:30:00,short,100,96973,97065
2025-01-03T03:30:00,2025-01-03T04:00:00,long,100,97065,96927
2025-01-03T04:00:00,2025-01-03T09:00:00,short,100,96927,96237
2025-01-03T09:00:00,2025-01-03T12:30:00,long,100,96237,96697
2025-01-03T12:30:00,2025-01-03T14:00:00,short,100,96651,96605
2025-01-03T14:00:00,2025-01-03T14:30:00,long,100,96651,96927
2025-01-03T14:30:00,2025-01-03T15:00:00,short,100,96927,97065
2025-01-03T15:00:00,2025-01-03T16:30:00,long,100,97065,97847
2025-01-03T16:30:00,2025-01-03T17:00:00,short,100,97847,97939
2025-01-03T17:00:00,2025-01-03T17:30:00,long,100,98123,97985
2025-01-03T17:30:00,2025-01-03T18:00:00,short,100,97985,98123
2025-01-03T18:00:00,2025-01-03T20:30:00,long,100,98215,98491
2025-01-03T20:30:00,2025-01-03T22:00:00,short,100,98491,98399
2025-01-03T22:30:00,2025-01-04T02:30:00,short,100,98307,98031
2025-01-04T02:30:00,2025-01-04T03:00:00,long,100,98031,98169
2025-01-04T03:00:00,2025-01-04T03:30:00,short,100,98123,98169
2025-01-04T03:30:00,2025-01-04T04:00:00,long,100,98169,98031
2025-01-04T04:00:00,2025-01-04T05:00:00,short,100,98031,98031
2025-01-04T05:00:00,2025-01-04T08:30:00,long,100,98031,98077
2025-01-04T08:30:00,2025-01-04T11:30:00,short,100,98031,97801
2025-01-04T11:30:00,2025-01-04T15:00:00,long,100,97801,97847
2025-01-04T15:00:00,2025-01-04T17:30:00,short,100,97755,97801
2025-01-04T17:30:00,2025-01-04T21:30:00,long,100,97801,98399
2025-01-04T21:30:00,2025-01-04T22:30:00,short,100,98399,98399
2025-01-04T23:00:00,2025-01-05T04:00:00,short,100,98261,98261
2025-01-05T04:00:00,2025-01-05T04:30:00,long,100,98307,98353
2025-01-05T04:30:00,2025-01-05T05:00:00,short,100,98353,98445
2025-01-05T05:00:00,2025-01-05T05:30:00,long,100,98445,98307
2025-01-05T05:30:00,2025-01-05T10:30:00,short,100,98307,97709
2025-01-05T10:30:00,2025-01-05T11:30:00,long,100,97709,97571
2025-01-05T12:00:00,2025-01-05T13:30:00,long,100,97709,97755
2025-01-05T13:30:00,2025-01-05T14:30:00,short,100,97663,97617
2025-01-05T14:30:00,2025-01-05T17:00:00,long,100,97617,97893
2025-01-05T17:30:00,2025-01-05T18:30:00,short,100,97847,97847
2025-01-05T18:30:00,2025-01-05T20:30:00,long,100,97893,98307
2025-01-05T20:30:00,2025-01-05T21:30:00,short,100,98307,98353
2025-01-05T21:30:00,2025-01-05T23:00:00,long,100,98445,98491
2025-01-05T23:00:00,2025-01-06T00:00:00,short,100,98491,98491
2025-01-06T00:30:00,2025-01-06T01:30:00,short,100,98353,98261
2025-01-06T01:30:00,2025-01-06T06:00:00,long,100,98307,99457
2025-01-06T06:00:00,2025-01-06T11:00:00,short,100,99457,98905
2025-01-06T11:00:00,2025-01-06T12:30:00,long,100,98905,99365
2025-01-06T12:30:00,2025-01-06T13:00:00,short,100,99365,99227
2025-01-06T13:00:00,2025-01-06T14:00:00,long,100,99273,99273
2025-01-06T14:00:00,2025-01-06T14:30:00,short,100,99273,99135
2025-01-06T14:30:00,2025-01-06T16:30:00,long,100,99181,102263
2025-01-06T16:30:00,2025-01-06T18:00:00,short,100,102263,101941
2025-01-06T18:30:00,2025-01-06T19:00:00,short,100,101803,101803
2025-01-06T19:00:00,2025-01-06T19:30:00,long,100,101803,101757
2025-01-06T20:00:00,2025-01-06T21:30:00,long,100,101895,101941
2025-01-06T21:30:00,2025-01-06T22:00:00,short,100,101895,101665
2025-01-06T22:00:00,2025-01-07T00:30:00,long,100,101711,102171
2025-01-07T00:30:00,2025-01-07T01:30:00,short,100,102171,101803
2025-01-07T01:30:00,2025-01-07T02:30:00,long,100,101849,101757
2025-01-07T02:30:00,2025-01-07T04:00:00,short,100,101711,101757
2025-01-07T04:00:00,2025-01-07T04:30:00,long,100,101757,101711
2025-01-07T04:30:00,2025-01-07T05:00:00,short,100,101665,101711
2025-01-07T05:00:00,2025-01-07T07:30:00,long,100,101711,101619
2025-01-07T08:00:00,2025-01-07T09:00:00,long,100,101757,101711
2025-01-07T10:00:00,2025-01-07T12:30:00,short,100,101665,100745
2025-01-07T12:30:00,2025-01-07T13:30:00,long,100,100745,100745
2025-01-07T13:30:00,2025-01-07T14:00:00,short,100,100607,100699
2025-01-07T14:00:00,2025-01-07T14:30:00,long,100,100699,100607
2025-01-07T14:30:00,2025-01-07T20:30:00,short,100,100515,96421
2025-01-07T20:30:00,2025-01-07T21:30:00,long,100,96421,96743
2025-01-07T21:30:00,2025-01-07T22:00:00,short,100,96651,96605
2025-01-07T22:00:00,2025-01-07T23:30:00,long,100,96651,96973
2025-01-07T23:30:00,2025-01-08T00:30:00,short,100,96973,97019
2025-01-08T00:30:00,2025-01-08T01:00:00,long,100,97111,97111
2025-01-08T01:00:00,2025-01-08T05:00:00,short,100,97111,96421
2025-01-08T05:00:00,2025-01-08T05:30:00,long,100,96421,96467
2025-01-08T06:00:00,2025-01-08T07:00:00,short,100,96375,95409
2025-01-08T07:00:00,2025-01-08T09:30:00,long,100,95409,95731
2025-01-08T09:30:00,2025-01-08T10:00:00,short,100,95639,95501
2025-01-08T10:00:00,2025-01-08T11:00:00,long,100,95547,95731
2025-01-08T11:00:00,2025-01-08T13:00:00,short,100,95685,94995
2025-01-08T13:00:00,2025-01-08T13:30:00,long,100,94995,95409
2025-01-08T13:30:00,2025-01-08T15:30:00,short,100,95363,94949
2025-01-08T15:30:00,2025-01-08T16:00:00,long,100,94949,95317
2025-01-08T16:00:00,2025-01-08T17:30:00,short,100,95271,93155
2025-01-08T17:30:00,2025-01-08T18:30:00,long,100,93155,94719
2025-01-08T18:30:00,2025-01-08T19:00:00,short,100,94719,94351
2025-01-08T19:00:00,2025-01-08T19:30:00,long,100,94397,94581
2025-01-08T19:30:00,2025-01-08T21:00:00,short,100,94535,94121
2025-01-08T21:00:00,2025-01-08T23:00:00,long,100,94121,95087
2025-01-08T23:00:00,2025-01-08T23:30:00,short,100,95087,95087
2025-01-09T00:00:00,2025-01-09T00:30:00,short,100,94949,94949
2025-01-09T00:30:00,2025-01-09T01:30:00,long,100,95041,95087
2025-01-09T01:30:00,2025-01-09T02:30:00,short,100,95087,94627
2025-01-09T02:30:00,2025-01-09T03:00:00,long,100,94627,94627
2025-01-09T03:00:00,2025-01-09T04:00:00,short,100,94535,94167
2025-01-09T04:00:00,2025-01-09T06:30:00,long,100,94167,94305
2025-01-09T06:30:00,2025-01-09T09:00:00,short,100,94213,93109
2025-01-09T09:00:00,2025-01-09T10:00:00,long,100,93109,93339
2025-01-09T10:00:00,2025-01-09T10:30:00,short,100,93247,93385
2025-01-09T10:30:00,2025-01-09T11:30:00,long,100,93385,93523
2025-01-09T11:30:00,2025-01-09T12:00:00,short,100,93477,93523
2025-01-09T12:00:00,2025-01-09T12:30:00,long,100,93569,93477
2025-01-09T12:30:00,2025-01-09T14:00:00,short,100,93477,92097
2025-01-09T14:00:00,2025-01-09T16:00:00,long,100,92097,94029
2025-01-09T16:00:00,2025-01-09T16:30:00,short,100,94029,94121
2025-01-09T17:00:00,2025-01-09T18:30:00,short,100,94075,92833
2025-01-09T18:30:00,2025-01-09T19:00:00,long,100,92833,92879
2025-01-09T19:30:00,2025-01-09T20:30:00,short,100,92741,91407
2025-01-09T20:30:00,2025-01-09T21:30:00,long,100,91407,92051
2025-01-09T21:30:00,2025-01-09T22:00:00,short,100,92051,92189
2025-01-09T22:30:00,2025-01-09T23:00:00,long,100,92235,92235
2025-01-09T23:00:00,2025-01-09T23:30:00,short,100,92235,92327
2025-01-09T23:30:00,2025-01-10T02:30:00,long,100,92419,93293
2025-01-10T02:30:00,2025-01-10T03:00:00,short,100,93293,93431
2025-01-10T03:30:00,2025-01-10T04:00:00,long,100,93615,93477
2025-01-10T04:00:00,2025-01-10T04:30:00,short,100,93477,93615
2025-01-10T04:30:00,2025-01-10T09:30:00,long,100,93753,94719
2025-01-10T09:30:00,2025-01-10T10:30:00,short,100,94719,94857
2025-01-10T10:30:00,2025-01-10T11:00:00,long,100,95087,95041
2025-01-10T11:00:00,2025-01-10T11:30:00,short,100,95041,94857
2025-01-10T11:30:00,2025-01-10T12:00:00,long,100,94949,94903
2025-01-10T12:00:00,2025-01-10T12:30:00,short,100,94903,94857
2025-01-10T12:30:00,2025-01-10T13:00:00,long,100,94903,94857
2025-01-10T13:00:00,2025-01-10T14:00:00,short,100,94857,93661
2025-01-10T14:00:00,2025-01-10T14:30:00,long,100,93661,94259
2025-01-10T14:30:00,2025-01-10T15:30:00,short,100,94259,93385
2025-01-10T15:30:00,2025-01-10T16:00:00,long,100,93385,93569
2025-01-10T16:00:00,2025-01-10T16:30:00,short,100,93477,93523
2025-01-10T16:30:00,2025-01-10T18:00:00,long,100,93523,95593
2025-01-10T18:00:00,2025-01-10T19:30:00,short,100,95593,94995
2025-01-10T19:30:00,2025-01-10T20:00:00,long,100,94995,95179
2025-01-10T20:00:00,2025-01-10T21:00:00,short,100,95133,94765
2025-01-10T21:00:00,2025-01-10T21:30:00,long,100,94765,94719
2025-01-10T21:30:00,2025-01-10T22:00:00,short,100,94627,94673
2025-01-10T22:00:00,2025-01-10T23:30:00,long,100,94673,94673
2025-01-11T00:00:00,2025-01-11T02:30:00,short,100,94581,94397
2025-01-11T02:30:00,2025-01-11T03:00:00,long,100,94397,94259
2025-01-11T03:00:00,2025-01-11T05:00:00,short,100,94213,94167
2025-01-11T05:00:00,2025-01-11T06:30:00,long,100,94167,94167
2025-01-11T08:00:00,2025-01-11T08:30:00,long,100,94259,94213
2025-01-11T08:30:00,2025-01-11T09:00:00,short,100,94167,94167
2025-01-11T09:00:00,2025-01-11T13:00:00,long,100,94167,94397
2025-01-11T13:30:00,2025-01-11T14:30:00,short,100,94351,94489
2025-01-11T14:30:00,2025-01-11T15:00:00,long,100,94489,94443
2025-01-11T15:00:00,2025-01-11T18:00:00,short,100,94443,94259
2025-01-11T20:00:00,2025-01-11T22:00:00,long,100,94305,94719
2025-01-11T22:00:00,2025-01-12T01:30:00,short,100,94719,94489
2025-01-12T01:30:00,2025-01-12T03:00:00,long,100,94535,94443
2025-01-12T03:00:00,2025-01-12T03:30:00,short,100,94443,94535
2025-01-12T03:30:00,2025-01-12T05:30:00,long,100,94535,94489
2025-01-12T06:30:00,2025-01-12T11:00:00,short,100,94443,94029
2025-01-12T11:00:00,2025-01-12T15:30:00,long,100,94029,95041
2025-01-12T15:30:00,2025-01-12T16:30:00,short,100,95041,94995
2025-01-12T18:30:00,2025-01-12T20:00:00,short,100,94949,94765
2025-01-12T20:30:00,2025-01-12T23:00:00,short,100,94627,94029
2025-01-12T23:00:00,2025-01-13T01:00:00,long,100,94029,95133
2025-01-13T01:00:00,2025-01-13T04:00:00,short,100,95133,94351
2025-01-13T04:00:00,2025-01-13T04:30:00,long,100,94351,94627
2025-01-13T04:30:00,2025-01-13T13:00:00,short,100,94581,90855
2025-01-13T13:00:00,2025-01-13T13:30:00,long,100,90855,91269
2025-01-13T13:30:00,2025-01-13T14:30:00,short,100,91223,91085
2025-01-13T14:30:00,2025-01-13T16:00:00,long,100,91131,92005
2025-01-13T16:00:00,2025-01-13T17:00:00,short,100,92005,91499
2025-01-13T17:00:00,2025-01-13T18:00:00,long,100,91545,91867
2025-01-13T18:00:00,2025-01-13T18:30:00,short,100,91821,91821
2025-01-13T18:30:00,2025-01-13T20:00:00,long,100,91867,92097
2025-01-13T20:00:00,2025-01-13T20:30:00,short,100,92097,92235
2025-01-13T20:30:00,2025-01-13T22:30:00,long,100,92235,94351
2025-01-13T22:30:00,2025-01-13T23:30:00,short,100,94351,94397
2025-01-14T00:30:00,2025-01-14T01:00:00,short,100,94397,94535
2025-01-14T01:00:00,2025-01-14T01:30:00,long,100,94627,94765
2025-01-14T01:30:00,2025-01-14T02:00:00,short,100,94765,94903
2025-01-14T02:00:00,2025-01-14T02:30:00,long,100,94995,95041
2025-01-14T02:30:00,2025-01-14T03:00:00,short,100,95041,94949
2025-01-14T03:00:00,2025-01-14T03:30:00,long,100,95041,94903
2025-01-14T03:30:00,2025-01-14T04:00:00,short,100,94903,94949
2025-01-14T04:30:00,2025-01-14T05:30:00,long,100,94995,94949
2025-01-14T05:30:00,2025-01-14T06:30:00,short,100,94949,94949
2025-01-14T06:30:00,2025-01-14T07:30:00,long,100,94995,94857
2025-01-14T07:30:00,2025-01-14T08:00:00,short,100,94857,94949
2025-01-14T08:00:00,2025-01-14T10:00:00,long,100,94949,96973
2025-01-14T10:00:00,2025-01-14T13:30:00,short,100,96973,96053
2025-01-14T13:30:00,2025-01-14T14:30:00,long,100,96053,96559
2025-01-14T14:30:00,2025-01-14T15:00:00,short,100,96513,96375
2025-01-14T15:00:00,2025-01-14T16:00:00,long,100,96421,96329
2025-01-14T16:00:00,2025-01-14T17:00:00,short,100,96329,95869
2025-01-14T17:00:00,2025-01-14T21:00:00,long,100,95869,96651
2025-01-14T21:00:00,2025-01-14T22:00:00,short,100,96651,96605
2025-01-14T23:00:00,2025-01-15T00:00:00,short,100,96513,96605
2025-01-15T00:00:00,2025-01-15T00:30:00,long,100,96651,97065
2025-01-15T00:30:00,2025-01-15T01:00:00,short,100,97065,96973
2025-01-15T01:00:00,2025-01-15T02:00:00,long,100,97065,97157
2025-01-15T02:00:00,2025-01-15T03:00:00,short,100,97157,96927
2025-01-15T03:30:00,2025-01-15T04:30:00,long,100,96973,97111
2025-01-15T05:00:00,2025-01-15T06:30:00,short,100,97065,96973
2025-01-15T06:30:00,2025-01-15T07:30:00,long,100,97019,97341
2025-01-15T07:30:00,2025-01-15T08:00:00,short,100,97341,97387
2025-01-15T08:00:00,2025-01-15T08:30:00,long,100,97479,97341
2025-01-15T08:30:00,2025-01-15T10:00:00,short,100,97341,96927
2025-01-15T10:00:00,2025-01-15T10:30:00,long,100,96927,96927
2025-01-15T11:00:00,2025-01-15T12:30:00,short,100,96835,96697
2025-01-15T12:30:00,2025-01-15T14:00:00,long,100,96697,98767
2025-01-15T14:00:00,2025-01-15T14:30:00,short,100,98767,98813
2025-01-15T14:30:00,2025-01-15T15:30:00,long,100,98997,99503
2025-01-15T15:30:00,2025-01-15T16:00:00,short,100,99503,99043
2025-01-15T16:00:00,2025-01-15T16:30:00,long,100,99089,99089
2025-01-15T16:30:00,2025-01-15T17:00:00,short,100,99043,99089
2025-01-15T17:00:00,2025-01-15T17:30:00,long,100,99089,98951
2025-01-15T17:30:00,2025-01-15T18:00:00,short,100,98951,98721
2025-01-15T18:00:00,2025-01-15T20:30:00,long,100,98721,99963
2025-01-15T20:30:00,2025-01-15T21:00:00,short,100,99963,99641
2025-01-15T21:00:00,2025-01-15T21:30:00,long,100,99733,99595
2025-01-15T21:30:00,2025-01-15T22:30:00,short,100,99595,99687
2025-01-15T22:30:00,2025-01-16T00:00:00,long,100,99687,100285
2025-01-16T00:00:00,2025-01-16T01:30:00,short,100,100285,100009
2025-01-16T01:30:00,2025-01-16T02:00:00,long,100,100055,99917
2025-01-16T02:00:00,2025-01-16T04:00:00,short,100,99917,99595
2025-01-16T04:00:00,2025-01-16T05:00:00,long,100,99595,99457
2025-01-16T05:30:00,2025-01-16T06:00:00,short,100,99411,99503
2025-01-16T06:00:00,2025-01-16T08:00:00,long,100,99503,99595
2025-01-16T08:00:00,2025-01-16T09:30:00,short,100,99503,99043
2025-01-16T09:30:00,2025-01-16T10:30:00,long,100,99043,99135
2025-01-16T11:00:00,2025-01-16T12:00:00,short,100,99043,99181
2025-01-16T12:00:00,2025-01-16T13:00:00,long,100,99181,99181
2025-01-16T13:00:00,2025-01-16T13:30:00,short,100,99135,98859
2025-01-16T13:30:00,2025-01-16T14:30:00,long,100,98859,99135
2025-01-16T14:30:00,2025-01-16T15:00:00,short,100,99089,97709
2025-01-16T15:00:00,2025-01-16T16:30:00,long,100,97709,99503
2025-01-16T16:30:00,2025-01-16T17:00:00,short,100,99503,99411
2025-01-16T17:00:00,2025-01-16T18:00:00,long,100,99549,99687
2025-01-16T18:00:00,2025-01-16T18:30:00,short,100,99687,99549
2025-01-16T19:00:00,2025-01-16T20:30:00,long,100,99641,100423
2025-01-16T20:30:00,2025-01-16T21:30:00,short,100,100423,100009
2025-01-16T21:30:00,2025-01-16T22:00:00,long,100,100055,100009
2025-01-16T22:00:00,2025-01-16T22:30:00,short,100,99963,99687
2025-01-16T22:30:00,2025-01-17T02:30:00,long,100,99687,101665
2025-01-17T02:30:00,2025-01-17T04:00:00,short,100,101665,101113
2025-01-17T04:00:00,2025-01-17T05:30:00,long,100,101159,101435
2025-01-17T05:30:00,2025-01-17T07:00:00,short,100,101389,101435
2025-01-17T07:00:00,2025-01-17T07:30:00,long,100,101481,101481
2025-01-17T07:30:00,2025-01-17T08:00:00,short,100,101481,101527
2025-01-17T08:00:00,2025-01-17T09:00:00,long,100,101573,101941
2025-01-17T09:00:00,2025-01-17T10:00:00,short,100,101941,101941
2025-01-17T10:00:00,2025-01-17T13:00:00,long,100,102033,102539
2025-01-17T13:00:00,2025-01-17T14:00:00,short,100,102539,102585
2025-01-17T14:00:00,2025-01-17T17:30:00,long,100,102723,104793
2025-01-17T17:30:00,2025-01-17T18:00:00,short,100,104793,104195
2025-01-17T18:00:00,2025-01-17T20:00:00,long,100,104195,105621
2025-01-17T20:00:00,2025-01-17T21:00:00,short,100,105621,104793
2025-01-17T21:00:00,2025-01-17T21:30:00,long,100,104793,104839
2025-01-17T21:30:00,2025-01-18T00:00:00,short,100,104701,104195
2025-01-18T00:00:00,2025-01-18T01:30:00,long,100,104195,104471
2025-01-18T01:30:00,2025-01-18T02:00:00,short,100,104379,104333
2025-01-18T02:00:00,2025-01-18T03:00:00,long,100,104379,104241
2025-01-18T03:00:00,2025-01-18T04:30:00,short,100,104241,103137
2025-01-18T04:30:00,2025-01-18T05:30:00,long,100,103137,103459
2025-01-18T05:30:00,2025-01-18T06:00:00,short,100,103367,102907
2025-01-18T06:00:00,2025-01-18T07:00:00,long,100,102907,103229
2025-01-18T07:00:00,2025-01-18T08:30:00,short,100,103183,102907
2025-01-18T08:30:00,2025-01-18T09:30:00,long,100,102953,103275
2025-01-18T09:30:00,2025-01-18T11:00:00,short,100,103229,103229
2025-01-18T11:00:00,2025-01-18T12:30:00,long,100,103275,103413
2025-01-18T12:30:00,2025-01-18T13:30:00,short,100,103413,103505
2025-01-18T13:30:00,2025-01-18T14:00:00,long,100,103551,104195
2025-01-18T14:00:00,2025-01-18T15:00:00,short,100,104195,104103
2025-01-18T15:00:00,2025-01-18T16:00:00,long,100,104241,104379
2025-01-18T16:00:00,2025-01-18T17:00:00,short,100,104379,103367
2025-01-18T17:00:00,2025-01-18T20:00:00,long,100,103367,104195
2025-01-18T20:00:00,2025-01-18T20:30:00,short,100,104195,104011
2025-01-18T21:00:00,2025-01-18T21:30:00,long,100,104103,103965
2025-01-18T21:30:00,2025-01-18T22:00:00,short,100,103965,103965
2025-01-18T22:00:00,2025-01-19T00:00:00,long,100,104011,104379
2025-01-19T00:00:00,2025-01-19T01:00:00,short,100,104379,104241
2025-01-19T01:00:00,2025-01-19T02:30:00,long,100,104333,105023
2025-01-19T02:30:00,2025-01-19T03:30:00,short,100,105023,104931
2025-01-19T05:00:00,2025-01-19T05:30:00,short,100,104885,104839
2025-01-19T05:30:00,2025-01-19T07:00:00,long,100,104885,105391
2025-01-19T07:00:00,2025-01-19T09:30:00,short,100,105391,104471
2025-01-19T09:30:00,2025-01-19T10:00:00,long,100,104471,105207
2025-01-19T10:00:00,2025-01-19T10:30:00,short,100,105207,104609
2025-01-19T10:30:00,2025-01-19T11:30:00,long,100,104609,104747
2025-01-19T11:30:00,2025-01-19T12:00:00,short,100,104655,104471
2025-01-19T12:00:00,2025-01-19T14:30:00,long,100,104471,105299
2025-01-19T14:30:00,2025-01-19T16:00:00,short,100,105299,105115
2025-01-19T16:30:00,2025-01-19T17:30:00,short,100,105023,104701
2025-01-19T17:30:00,2025-01-19T18:30:00,long,100,104701,105023
2025-01-19T19:00:00,2025-01-19T20:00:00,long,100,105161,106081
2025-01-19T20:00:00,2025-01-19T20:30:00,short,100,106081,106035
2025-01-19T20:30:00,2025-01-19T21:00:00,long,100,106173,106173
2025-01-19T21:00:00,2025-01-19T22:00:00,short,100,106173,103827
2025-01-19T22:00:00,2025-01-19T22:30:00,long,100,103827,104057
2025-01-19T22:30:00,2025-01-19T23:30:00,short,100,103965,100653
2025-01-19T23:30:00,2025-01-20T00:00:00,long,100,100653,101159
2025-01-20T00:00:00,2025-01-20T01:00:00,short,100,101113,99917
2025-01-20T01:00:00,2025-01-20T03:00:00,long,100,99917,101757
2025-01-20T03:00:00,2025-01-20T03:30:00,short,100,101757,101757
2025-01-20T04:00:00,2025-01-20T04:30:00,short,100,101757,101849
2025-01-20T04:30:00,2025-01-20T05:30:00,long,100,101941,102309
2025-01-20T05:30:00,2025-01-20T06:00:00,short,100,102309,102447
2025-01-20T06:00:00,2025-01-20T07:30:00,long,100,102539,108611
2025-01-20T07:30:00,2025-01-20T08:00:00,short,100,108611,107277
2025-01-20T08:00:00,2025-01-20T09:30:00,long,100,107277,108151
2025-01-20T09:30:00,2025-01-20T10:00:00,short,100,108151,108289
2025-01-20T10:00:00,2025-01-20T10:30:00,long,100,108427,108427
2025-01-20T10:30:00,2025-01-20T11:00:00,short,100,108427,108105
2025-01-20T11:00:00,2025-01-20T11:30:00,long,100,108151,108335
2025-01-20T11:30:00,2025-01-20T12:30:00,short,100,108289,106817
2025-01-20T12:30:00,2025-01-20T14:00:00,long,100,106817,107829
2025-01-20T14:00:00,2025-01-20T14:30:00,short,100,107829,107645
2025-01-20T14:30:00,2025-01-20T15:00:00,long,100,107737,107829
2025-01-20T15:00:00,2025-01-20T16:00:00,short,100,107829,105161
2025-01-20T16:00:00,2025-01-20T17:00:00,long,100,105161,106541
2025-01-20T17:00:00,2025-01-20T18:00:00,short,100,106541,103091
2025-01-20T18:00:00,2025-01-20T19:00:00,long,100,103091,103735
2025-01-20T19:00:00,2025-01-20T19:30:00,short,100,103735,103321
2025-01-20T19:30:00,2025-01-20T20:30:00,long,100,103367,103781
2025-01-20T20:30:00,2025-01-20T21:00:00,short,100,103781,103735
2025-01-20T21:30:00,2025-01-20T22:00:00,short,100,103597,102723
2025-01-20T22:00:00,2025-01-20T23:00:00,long,100,102723,103413
2025-01-20T23:00:00,2025-01-21T01:30:00,short,100,103413,100607
2025-01-21T01:30:00,2025-01-21T04:00:00,long,100,100607,102769
2025-01-21T04:00:00,2025-01-21T06:00:00,short,100,102769,101527
2025-01-21T06:00:00,2025-01-21T07:30:00,long,100,101527,102263
2025-01-21T07:30:00,2025-01-21T08:00:00,short,100,102263,102079
2025-01-21T08:00:00,2025-01-21T09:00:00,long,100,102171,102263
2025-01-21T09:00:00,2025-01-21T09:30:00,short,100,102263,102401
2025-01-21T09:30:00,2025-01-21T13:30:00,long,100,102401,104471
2025-01-21T13:30:00,2025-01-21T14:00:00,short,100,104471,104563
2025-01-21T14:00:00,2025-01-21T14:30:00,long,100,104793,105069
2025-01-21T14:30:00,2025-01-21T15:00:00,short,100,105069,103367
2025-01-21T15:00:00,2025-01-21T16:30:00,long,100,103367,105207
2025-01-21T16:30:00,2025-01-21T17:00:00,short,100,105207,105069
2025-01-21T17:00:00,2025-01-21T20:30:00,long,100,105207,106817
2025-01-21T20:30:00,2025-01-21T21:30:00,short,100,106817,106219
2025-01-21T21:30:00,2025-01-21T22:00:00,long,100,106219,106633
2025-01-21T22:00:00,2025-01-21T23:30:00,short,100,106587,105851
2025-01-21T23:30:00,2025-01-22T00:00:00,long,100,105851,105989
2025-01-22T00:00:00,2025-01-22T01:30:00,short,100,105897,105805
2025-01-22T01:30:00,2025-01-22T02:30:00,long,100,105805,105851
2025-01-22T02:30:00,2025-01-22T03:00:00,short,100,105805,105667
2025-01-22T03:00:00,2025-01-22T03:30:00,long,100,105667,105713
2025-01-22T03:30:00,2025-01-22T08:30:00,short,100,105667,104977
2025-01-22T08:30:00,2025-01-22T09:00:00,long,100,104977,105115
2025-01-22T09:00:00,2025-01-22T10:30:00,short,100,105023,105115
2025-01-22T10:30:00,2025-01-22T11:00:00,long,100,105115,104977
2025-01-22T11:00:00,2025-01-22T11:30:00,short,100,104977,104885
2025-01-22T11:30:00,2025-01-22T13:00:00,long,100,104885,105161
2025-01-22T13:00:00,2025-01-22T14:00:00,short,100,105115,104195
2025-01-22T14:00:00,2025-01-22T14:30:00,long,100,104195,104517
2025-01-22T14:30:00,2025-01-22T17:00:00,short,100,104471,103827
2025-01-22T17:00:00,2025-01-22T18:30:00,long,100,103827,104149
2025-01-22T18:30:00,2025-01-22T19:00:00,short,100,104103,103965
2025-01-22T19:00:00,2025-01-22T20:00:00,long,100,104011,104425
2025-01-22T20:00:00,2025-01-22T21:30:00,short,100,104425,104011
2025-01-22T21:30:00,2025-01-22T22:00:00,long,100,104057,103919
2025-01-22T22:30:00,2025-01-23T01:00:00,short,100,103873,103413
2025-01-23T01:00:00,2025-01-23T01:30:00,long,100,103413,103413
2025-01-23T01:30:00,2025-01-23T02:30:00,short,100,103275,102539
2025-01-23T02:30:00,2025-01-23T03:30:00,long,100,102539,102769
2025-01-23T03:30:00,2025-01-23T04:30:00,short,100,102677,101941
2025-01-23T04:30:00,2025-01-23T06:30:00,long,100,101941,102677
2025-01-23T06:30:00,2025-01-23T07:30:00,short,100,102677,102355
2025-01-23T07:30:00,2025-01-23T08:00:00,long,100,102401,102539
2025-01-23T08:00:00,2025-01-23T10:00:00,short,100,102493,101803
2025-01-23T10:00:00,2025-01-23T10:30:00,long,100,101803,101803
2025-01-23T10:30:00,2025-01-23T11:00:00,short,100,101665,101757
2025-01-23T11:00:00,2025-01-23T12:00:00,long,100,101757,101849
2025-01-23T12:00:00,2025-01-23T13:30:00,short,100,101757,101665
2025-01-23T13:30:00,2025-01-23T15:00:00,long,100,101665,105023
2025-01-23T15:00:00,2025-01-23T15:30:00,short,100,105023,104333
2025-01-23T15:30:00,2025-01-23T16:30:00,long,100,104333,105759
2025-01-23T16:30:00,2025-01-23T17:00:00,short,100,105759,105207
2025-01-23T17:00:00,2025-01-23T18:00:00,long,100,105207,105759
2025-01-23T18:00:00,2025-01-23T20:00:00,short,100,105759,103873
2025-01-23T20:00:00,2025-01-23T20:30:00,long,100,103873,105575
2025-01-23T20:30:00,2025-01-23T21:30:00,short,100,105575,102861
2025-01-23T21:30:00,2025-01-23T22:30:00,long,100,102861,103919
2025-01-23T22:30:00,2025-01-23T23:00:00,short,100,103919,104011
2025-01-23T23:00:00,2025-01-23T23:30:00,long,100,104195,104149
2025-01-23T23:30:00,2025-01-24T01:00:00,short,100,104149,103597
2025-01-24T01:00:00,2025-01-24T01:30:00,long,100,103597,103459
2025-01-24T01:30:00,2025-01-24T02:00:00,short,100,103459,103321
2025-01-24T02:00:00,2025-01-24T02:30:00,long,100,103321,103229
2025-01-24T02:30:00,2025-01-24T03:00:00,short,100,103137,103091
2025-01-24T03:00:00,2025-01-24T06:00:00,long,100,103091,105023
2025-01-24T06:00:00,2025-01-24T06:30:00,short,100,105023,104977
2025-01-24T07:00:00,2025-01-24T07:30:00,short,100,104839,104793
2025-01-24T07:30:00,2025-01-24T09:30:00,long,100,104885,105391
2025-01-24T09:30:00,2025-01-24T10:00:00,short,100,105391,105207
2025-01-24T10:30:00,2025-01-24T13:00:00,long,100,105299,105345
2025-01-24T13:00:00,2025-01-24T14:00:00,short,100,105345,105253
2025-01-24T14:30:00,2025-01-24T16:30:00,long,100,105299,105805
2025-01-24T16:30:00,2025-01-24T17:00:00,short,100,105805,105713
2025-01-24T17:00:00,2025-01-24T18:30:00,long,100,105805,106679
2025-01-24T18:30:00,2025-01-24T21:00:00,short,100,106679,104931
2025-01-24T21:00:00,2025-01-24T21:30:00,long,100,104931,105115
2025-01-24T22:00:00,2025-01-24T23:30:00,short,100,104977,104701
2025-01-24T23:30:00,2025-01-25T00:00:00,long,100,104701,104701
2025-01-25T00:00:00,2025-01-25T01:00:00,short,100,104609,104517
2025-01-25T01:00:00,2025-01-25T02:30:00,long,100,104517,104563
2025-01-25T03:00:00,2025-01-25T04:00:00,long,100,104655,104977
2025-01-25T04:00:00,2025-01-25T07:00:00,short,100,104977,104425
2025-01-25T07:00:00,2025-01-25T08:00:00,long,100,104425,104287
2025-01-25T10:00:00,2025-01-25T10:30:00,short,100,104241,104379
2025-01-25T10:30:00,2025-01-25T11:00:00,long,100,104379,104379
2025-01-25T11:30:00,2025-01-25T12:00:00,long,100,104517,104517
2025-01-25T12:00:00,2025-01-25T12:30:00,short,100,104471,104517
2025-01-25T12:30:00,2025-01-25T14:00:00,long,100,104517,104563
2025-01-25T14:00:00,2025-01-25T15:00:00,short,100,104517,104655
2025-01-25T15:00:00,2025-01-25T16:00:00,long,100,104655,104747
2025-01-25T16:00:00,2025-01-25T17:30:00,short,100,104747,104793
2025-01-25T17:30:00,2025-01-25T20:30:00,long,100,104839,104885
2025-01-25T20:30:00,2025-01-25T21:30:00,short,100,104885,105023
2025-01-25T21:30:00,2025-01-25T22:00:00,long,100,105023,104931
2025-01-25T22:00:00,2025-01-25T22:30:00,short,100,104931,105069
2025-01-25T23:00:00,2025-01-26T01:00:00,short,100,104931,104701
2025-01-26T01:30:00,2025-01-26T02:00:00,short,100,104563,104701
2025-01-26T02:00:00,2025-01-26T04:30:00,long,100,104701,105161
2025-01-26T04:30:00,2025-01-26T11:30:00,short,100,105161,104747
2025-01-26T11:30:00,2025-01-26T14:00:00,long,100,104793,104747
2025-01-26T14:30:00,2025-01-26T19:00:00,long,100,104885,105023
2025-01-26T20:00:00,2025-01-26T20:30:00,long,100,105161,105023
2025-01-26T20:30:00,2025-01-27T00:00:00,short,100,105023,102723
2025-01-27T00:00:00,2025-01-27T00:30:00,long,100,102723,102677
2025-01-27T00:30:00,2025-01-27T03:00:00,short,100,102493,101113
2025-01-27T03:00:00,2025-01-27T03:30:00,long,100,101113,101619
2025-01-27T03:30:00,2025-01-27T07:30:00,short,100,101573,97893
2025-01-27T07:30:00,2025-01-27T09:00:00,long,100,97893,98905
2025-01-27T09:00:00,2025-01-27T09:30:00,short,100,98905,98859
2025-01-27T09:30:00,2025-01-27T10:00:00,long,100,98997,99273
2025-01-27T10:00:00,2025-01-27T11:00:00,short,100,99273,98537
2025-01-27T11:00:00,2025-01-27T11:30:00,long,100,98537,98905
2025-01-27T11:30:00,2025-01-27T12:00:00,short,100,98859,98813
2025-01-27T12:00:00,2025-01-27T13:30:00,long,100,98859,100699
2025-01-27T13:30:00,2025-01-27T14:00:00,short,100,100699,100561
2025-01-27T14:00:00,2025-01-27T15:00:00,long,100,100699,101711
2025-01-27T15:00:00,2025-01-27T19:00:00,short,100,101711,99273
2025-01-27T19:00:00,2025-01-27T21:30:00,long,100,99273,101481
2025-01-27T21:30:00,2025-01-27T22:00:00,short,100,101481,101435
2025-01-27T23:00:00,2025-01-28T00:30:00,long,100,101619,101987
2025-01-28T00:30:00,2025-01-28T02:00:00,short,100,101987,101527
2025-01-28T02:00:00,2025-01-28T06:00:00,long,100,101573,102861
2025-01-28T06:00:00,2025-01-28T07:00:00,short,100,102861,102861
2025-01-28T07:00:00,2025-01-28T07:30:00,long,100,103045,103091
2025-01-28T07:30:00,2025-01-28T09:30:00,short,100,103091,102585
2025-01-28T09:30:00,2025-01-28T10:30:00,long,100,102585,102815
2025-01-28T10:30:00,2025-01-28T13:00:00,short,100,102769,102723
2025-01-28T13:00:00,2025-01-28T13:30:00,long,100,102769,102631
2025-01-28T13:30:00,2025-01-28T15:00:00,short,100,102631,102677
2025-01-28T15:00:00,2025-01-28T15:30:00,long,100,102677,103045
2025-01-28T15:30:00,2025-01-28T16:30:00,short,100,103045,102171
2025-01-28T16:30:00,2025-01-28T17:30:00,long,100,102171,102677
2025-01-28T17:30:00,2025-01-28T18:00:00,short,100,102631,102631
2025-01-28T18:00:00,2025-01-28T18:30:00,long,100,102723,102723
2025-01-28T18:30:00,2025-01-28T19:30:00,short,100,102723,102309
2025-01-28T19:30:00,2025-01-28T20:00:00,long,100,102309,102263
2025-01-28T20:00:00,2025-01-28T21:00:00,short,100,102171,101389
2025-01-28T21:00:00,2025-01-28T21:30:00,long,100,101389,101297
2025-01-28T21:30:00,2025-01-28T22:00:00,short,100,101113,100423
2025-01-28T22:00:00,2025-01-28T23:00:00,long,100,100423,101067
2025-01-28T23:00:00,2025-01-28T23:30:00,short,100,101067,101021
2025-01-28T23:30:00,2025-01-29T04:30:00,long,100,101113,101941
2025-01-29T04:30:00,2025-01-29T05:00:00,short,100,101941,102079
2025-01-29T06:00:00,2025-01-29T07:00:00,long,100,102263,102585
2025-01-29T07:00:00,2025-01-29T07:30:00,short,100,102585,102631
2025-01-29T08:00:00,2025-01-29T08:30:00,long,100,102815,102677
2025-01-29T08:30:00,2025-01-29T10:00:00,short,100,102677,102447
2025-01-29T10:00:00,2025-01-29T12:00:00,long,100,102493,102447
2025-01-29T12:00:00,2025-01-29T14:00:00,short,100,102447,101941
2025-01-29T14:00:00,2025-01-29T14:30:00,long,100,101941,101987
2025-01-29T16:00:00,2025-01-29T16:30:00,short,100,101895,101987
2025-01-29T16:30:00,2025-01-29T19:00:00,long,100,101987,102631
2025-01-29T19:00:00,2025-01-29T19:30:00,short,100,102631,101619
2025-01-29T19:30:00,2025-01-29T20:30:00,long,100,101619,104149
2025-01-29T20:30:00,2025-01-29T23:00:00,short,100,104149,103597
2025-01-29T23:00:00,2025-01-29T23:30:00,long,100,103643,104011
2025-01-29T23:30:00,2025-01-30T00:30:00,short,100,103965,103643
2025-01-30T00:30:00,2025-01-30T04:00:00,long,100,103689,105023
2025-01-30T04:00:00,2025-01-30T04:30:00,short,100,105023,105161
2025-01-30T04:30:00,2025-01-30T05:00:00,long,100,105391,105299
2025-01-30T05:00:00,2025-01-30T07:30:00,short,100,105299,105115
2025-01-30T08:30:00,2025-01-30T09:00:00,short,100,104977,105115
2025-01-30T09:00:00,2025-01-30T10:00:00,long,100,105161,105207
2025-01-30T10:00:00,2025-01-30T10:30:00,short,100,105161,105299
2025-01-30T10:30:00,2025-01-30T11:00:00,long,100,105299,105207
2025-01-30T11:00:00,2025-01-30T11:30:00,short,100,105207,105207
2025-01-30T11:30:00,2025-01-30T12:00:00,long,100,105253,105115
2025-01-30T12:00:00,2025-01-30T13:00:00,short,100,105115,105115
2025-01-30T13:00:00,2025-01-30T13:30:00,long,100,105115,105115
2025-01-30T13:30:00,2025-01-30T14:30:00,short,100,105069,104931
2025-01-30T14:30:00,2025-01-30T15:00:00,long,100,104931,105759
2025-01-30T15:00:00,2025-01-30T16:00:00,short,100,105759,105575
2025-01-30T16:00:00,2025-01-30T16:30:00,long,100,105667,105759
2025-01-30T16:30:00,2025-01-30T17:30:00,short,100,105759,105253
2025-01-30T17:30:00,2025-01-30T18:00:00,long,100,105253,105115
2025-01-30T18:00:00,2025-01-30T18:30:00,short,100,105069,104977
2025-01-30T18:30:00,2025-01-30T19:00:00,long,100,104977,105391
2025-01-30T19:00:00,2025-01-30T19:30:00,short,100,105345,105483
2025-01-30T19:30:00,2025-01-30T20:30:00,long,100,105483,105529
2025-01-30T20:30:00,2025-01-30T21:00:00,short,100,105529,104977
2025-01-30T21:00:00,2025-01-30T23:30:00,long,100,104977,104977
2025-01-30T23:30:00,2025-01-31T00:30:00,short,100,104885,104793
2025-01-31T00:30:00,2025-01-31T01:00:00,long,100,104793,104747
2025-01-31T01:00:00,2025-01-31T01:30:00,short,100,104655,104563
2025-01-31T01:30:00,2025-01-31T02:00:00,long,100,104563,104563
2025-01-31T02:00:00,2025-01-31T03:30:00,short,100,104471,104241
2025-01-31T03:30:00,2025-01-31T04:30:00,long,100,104241,104287
2025-01-31T04:30:00,2025-01-31T05:00:00,short,100,104195,104103
2025-01-31T05:00:00,2025-01-31T05:30:00,long,100,104103,104241
2025-01-31T06:00:00,2025-01-31T07:30:00,long,100,104379,104471
2025-01-31T07:30:00,2025-01-31T09:00:00,short,100,104471,104149
2025-01-31T09:00:00,2025-01-31T13:30:00,long,100,104195,104655
2025-01-31T13:30:00,2025-01-31T15:00:00,short,100,104655,104563
2025-01-31T15:00:00,2025-01-31T16:00:00,long,100,104655,105253
2025-01-31T16:00:00,2025-01-31T16:30:00,short,100,105253,104885
2025-01-31T16:30:00,2025-01-31T17:00:00,long,100,104931,104931
2025-01-31T17:30:00,2025-01-31T21:30:00,short,100,104885,101757
2025-01-31T21:30:00,2025-02-01T00:00:00,long,100,101757,102217
2025-02-01T00:30:00,2025-02-01T01:30:00,long,100,102355,102493
2025-02-01T01:30:00,2025-02-01T02:00:00,short,100,102493,102631
2025-02-01T02:00:00,2025-02-01T02:30:00,long,100,102677,102539
2025-02-01T02:30:00,2025-02-01T05:00:00,short,100,102539,102355
2025-02-01T05:00:00,2025-02-01T06:00:00,long,100,102401,102309
2025-02-01T06:00:00,2025-02-01T10:00:00,short,100,102309,101803
2025-02-01T10:00:00,2025-02-01T10:30:00,long,100,101803,101711
2025-02-01T10:30:00,2025-02-01T11:00:00,short,100,101619,101711
2025-02-01T11:00:00,2025-02-01T13:30:00,long,100,101711,102079
2025-02-01T13:30:00,2025-02-01T14:00:00,short,100,102033,101941
2025-02-01T14:00:00,2025-02-01T14:30:00,long,100,101987,101941
2025-02-01T14:30:00,2025-02-01T15:00:00,short,100,101941,101895
2025-02-01T15:00:00,2025-02-01T16:30:00,long,100,101941,101895
2025-02-01T16:30:00,2025-02-01T17:00:00,short,100,101849,101987
2025-02-01T17:00:00,2025-02-01T18:00:00,long,100,101987,102079
2025-02-01T18:30:00,2025-02-01T21:00:00,short,100,102033,101343
2025-02-01T21:00:00,2025-02-01T21:30:00,long,100,101343,101297
2025-02-01T21:30:00,2025-02-02T00:00:00,short,100,101159,100653
2025-02-02T00:00:00,2025-02-02T01:30:00,long,100,100653,101205
2025-02-02T01:30:00,2025-02-02T04:00:00,short,100,101205,99319
2025-02-02T04:00:00,2025-02-02T06:30:00,long,100,99319,100285
2025-02-02T06:30:00,2025-02-02T08:00:00,short,100,100285,99733
2025-02-02T08:00:00,2025-02-02T09:00:00,long,100,99733,99641
2025-02-02T09:00:00,2025-02-02T09:30:00,short,100,99595,99641
2025-02-02T09:30:00,2025-02-02T10:00:00,long,100,99641,99503
2025-02-02T10:00:00,2025-02-02T10:30:00,short,100,99457,99411
2025-02-02T10:30:00,2025-02-02T11:00:00,long,100,99411,99273
2025-02-02T11:00:00,2025-02-02T13:00:00,short,100,99227,98307
2025-02-02T13:00:00,2025-02-02T14:30:00,long,100,98307,99227
2025-02-02T14:30:00,2025-02-02T15:30:00,short,100,99227,98951
2025-02-02T15:30:00,2025-02-02T16:00:00,long,100,99043,99181
2025-02-02T16:00:00,2025-02-02T18:00:00,short,100,99135,97341
2025-02-02T18:00:00,2025-02-02T18:30:00,long,100,97341,97663
2025-02-02T18:30:00,2025-02-02T19:00:00,short,100,97571,97157
2025-02-02T19:00:00,2025-02-02T20:30:00,long,100,97157,98077
2025-02-02T20:30:00,2025-02-02T22:00:00,short,100,98077,97065
2025-02-02T22:00:00,2025-02-02T23:00:00,long,100,97065,97801
2025-02-02T23:00:00,2025-02-02T23:30:00,short,100,97801,97111
2025-02-02T23:30:00,2025-02-03T00:00:00,long,100,97111,97571
2025-02-03T00:00:00,2025-02-03T02:00:00,short,100,97525,93477
2025-02-03T02:00:00,2025-02-03T02:30:00,long,100,93477,93753
2025-02-03T02:30:00,2025-02-03T03:00:00,short,100,93661,93661
2025-02-03T03:00:00,2025-02-03T03:30:00,long,100,93661,94305
2025-02-03T03:30:00,2025-02-03T05:00:00,short,100,94305,92925
2025-02-03T05:00:00,2025-02-03T06:30:00,long,100,92925,94213
2025-02-03T06:30:00,2025-02-03T07:00:00,short,100,94213,93983
2025-02-03T07:00:00,2025-02-03T09:30:00,long,100,94075,95685
2025-02-03T09:30:00,2025-02-03T10:30:00,short,100,95685,95179
2025-02-03T10:30:00,2025-02-03T11:00:00,long,100,95225,95547
2025-02-03T11:00:00,2025-02-03T12:00:00,short,100,95501,95225
2025-02-03T12:00:00,2025-02-03T12:30:00,long,100,95271,95225
2025-02-03T12:30:00,2025-02-03T13:30:00,short,100,95179,94489
2025-02-03T13:30:00,2025-02-03T16:00:00,long,100,94489,98629
2025-02-03T16:00:00,2025-02-03T17:30:00,short,100,98629,98675
2025-02-03T17:30:00,2025-02-03T20:00:00,long,100,98905,101665
2025-02-03T20:00:00,2025-02-03T21:30:00,short,100,101665,101251
2025-02-03T21:30:00,2025-02-03T22:30:00,long,100,101297,101803
2025-02-03T22:30:00,2025-02-04T01:00:00,short,100,101803,101205
2025-02-04T01:00:00,2025-02-04T02:00:00,long,100,101205,101159
2025-02-04T02:00:00,2025-02-04T06:00:00,short,100,101067,98951
2025-02-04T06:00:00,2025-02-04T07:00:00,long,100,98951,99135
2025-02-04T07:00:00,2025-02-04T08:00:00,short,100,98997,98583
2025-02-04T08:00:00,2025-02-04T08:30:00,long,100,98583,98491
2025-02-04T08:30:00,2025-02-04T09:00:00,short,100,98353,98353
2025-02-04T09:00:00,2025-02-04T09:30:00,long,100,98353,98491
2025-02-04T09:30:00,2025-02-04T10:00:00,short,100,98399,98445
2025-02-04T10:00:00,2025-02-04T11:30:00,long,100,98445,99135
2025-02-04T11:30:00,2025-02-04T12:00:00,short,100,99135,99043
2025-02-04T12:00:00,2025-02-04T13:30:00,long,100,99135,99273
2025-02-04T13:30:00,2025-02-04T14:00:00,short,100,99273,99089
2025-02-04T14:00:00,2025-02-04T15:00:00,long,100,99135,99779
2025-02-04T15:00:00,2025-02-04T15:30:00,short,100,99779,99089
2025-02-04T15:30:00,2025-02-04T16:30:00,long,100,99089,99549
2025-02-04T16:30:00,2025-02-04T17:30:00,short,100,99503,98997
2025-02-04T17:30:00,2025-02-04T18:00:00,long,100,98997,99043
2025-02-04T18:30:00,2025-02-04T19:30:00,long,100,99135,100193
2025-02-04T19:30:00,2025-02-04T20:30:00,short,100,100193,98399
2025-02-04T20:30:00,2025-02-04T21:00:00,long,100,98399,98445
2025-02-04T21:00:00,2025-02-04T22:00:00,short,100,98261,96605
2025-02-04T22:00:00,2025-02-04T23:00:00,long,100,96605,97479
2025-02-04T23:00:00,2025-02-04T23:30:00,short,100,97479,97617
2025-02-04T23:30:00,2025-02-05T01:30:00,long,100,97755,98077
2025-02-05T01:30:00,2025-02-05T02:30:00,short,100,98077,97525
2025-02-05T02:30:00,2025-02-05T03:00:00,long,100,97525,97847
2025-02-05T03:30:00,2025-02-05T04:00:00,long,100,97985,97893
2025-02-05T04:00:00,2025-02-05T04:30:00,short,100,97893,97985
2025-02-05T04:30:00,2025-02-05T05:00:00,long,100,98031,97893
2025-02-05T05:00:00,2025-02-05T05:30:00,short,100,97893,98031
2025-02-05T05:30:00,2025-02-05T06:00:00,long,100,98031,97985
2025-02-05T06:00:00,2025-02-05T07:30:00,short,100,97985,97755
2025-02-05T07:30:00,2025-02-05T08:30:00,long,100,97801,97709
2025-02-05T08:30:00,2025-02-05T09:00:00,short,100,97663,97709
2025-02-05T09:00:00,2025-02-05T09:30:00,long,100,97709,97617
2025-02-05T09:30:00,2025-02-05T10:00:00,short,100,97571,97479
2025-02-05T10:00:00,2025-02-05T10:30:00,long,100,97479,97755
2025-02-05T10:30:00,2025-02-05T11:00:00,short,100,97709,97801
2025-02-05T11:00:00,2025-02-05T12:30:00,long,100,97847,98353
2025-02-05T12:30:00,2025-02-05T13:00:00,short,100,98353,98123
2025-02-05T13:00:00,2025-02-05T14:30:00,long,100,98215,98537
2025-02-05T14:30:00,2025-02-05T15:00:00,short,100,98537,98353
2025-02-05T15:00:00,2025-02-05T15:30:00,long,100,98445,98353
2025-02-05T15:30:00,2025-02-05T16:30:00,short,100,98353,97893
2025-02-05T16:30:00,2025-02-05T17:00:00,long,100,97893,97801
2025-02-05T17:00:00,2025-02-05T19:00:00,short,100,97709,96835
2025-02-05T19:00:00,2025-02-05T20:30:00,long,100,96835,97433
2025-02-05T20:30:00,2025-02-05T23:30:00,short,100,97433,96421
2025-02-05T23:30:00,2025-02-06T03:00:00,long,100,96421,97157
2025-02-06T03:00:00,2025-02-06T03:30:00,short,100,97157,97295
2025-02-06T04:00:00,2025-02-06T07:00:00,long,100,97387,98169
2025-02-06T07:00:00,2025-02-06T09:00:00,short,100,98169,98169
2025-02-06T09:00:00,2025-02-06T11:00:00,long,100,98353,98813
2025-02-06T11:00:00,2025-02-06T11:30:00,short,100,98813,98721
2025-02-06T11:30:00,2025-02-06T12:00:00,long,100,98859,98721
2025-02-06T12:00:00,2025-02-06T13:30:00,short,100,98721,98353
2025-02-06T13:30:00,2025-02-06T14:00:00,long,100,98353,98445
2025-02-06T14:00:00,2025-02-06T17:00:00,short,100,98353,96697
2025-02-06T17:00:00,2025-02-06T17:30:00,long,100,96697,96651
2025-02-06T18:00:00,2025-02-06T18:30:00,short,100,96467,96283
2025-02-06T18:30:00,2025-02-06T19:30:00,long,100,96283,96237
2025-02-06T19:30:00,2025-02-06T20:00:00,short,100,96099,96053
2025-02-06T20:00:00,2025-02-06T21:00:00,long,100,96053,96743
2025-02-06T21:00:00,2025-02-06T21:30:00,short,100,96743,96605
2025-02-06T21:30:00,2025-02-06T22:00:00,long,100,96697,96651
2025-02-06T22:00:00,2025-02-06T22:30:00,short,100,96651,96651
2025-02-06T22:30:00,2025-02-06T23:00:00,long,100,96697,96789
2025-02-06T23:00:00,2025-02-07T00:00:00,short,100,96789,96697
2025-02-07T00:00:00,2025-02-07T00:30:00,long,100,96743,96651
2025-02-07T00:30:00,2025-02-07T01:00:00,short,100,96651,96605
2025-02-07T01:00:00,2025-02-07T03:00:00,long,100,96651,97387
2025-02-07T03:00:00,2025-02-07T04:00:00,short,100,97387,97479
2025-02-07T04:00:00,2025-02-07T04:30:00,long,100,97617,97479
2025-02-07T04:30:00,2025-02-07T05:30:00,short,100,97479,97341
2025-02-07T06:00:00,2025-02-07T07:00:00,short,100,97203,96881
2025-02-07T07:00:00,2025-02-07T07:30:00,long,100,96881,96789
2025-02-07T07:30:00,2025-02-07T08:00:00,short,100,96697,96835
2025-02-07T08:00:00,2025-02-07T10:30:00,long,100,96835,97203
2025-02-07T11:00:00,2025-02-07T13:00:00,long,100,97341,97755
2025-02-07T13:00:00,2025-02-07T13:30:00,short,100,97755,97755
2025-02-07T13:30:00,2025-02-07T15:00:00,long,100,97893,99503
2025-02-07T15:00:00,2025-02-07T18:00:00,short,100,99503,97525
2025-02-07T18:00:00,2025-02-07T18:30:00,long,100,97525,97755
2025-02-07T18:30:00,2025-02-07T21:30:00,short,100,97663,95869
2025-02-07T21:30:00,2025-02-07T22:00:00,long,100,95869,95823
2025-02-07T22:30:00,2025-02-08T01:30:00,long,100,95915,96513
2025-02-08T01:30:00,2025-02-08T02:00:00,short,100,96513,96605
2025-02-08T02:00:00,2025-02-08T03:00:00,long,100,96697,96559
2025-02-08T03:00:00,2025-02-08T03:30:00,short,100,96559,96651
2025-02-08T04:00:00,2025-02-08T07:30:00,short,100,96559,96099
2025-02-08T07:30:00,2025-02-08T08:30:00,long,100,96099,96053
2025-02-08T08:30:00,2025-02-08T09:00:00,short,100,95961,95961
2025-02-08T09:00:00,2025-02-08T10:30:00,long,100,95961,96053
2025-02-08T10:30:00,2025-02-08T11:30:00,short,100,95961,96007
2025-02-08T11:30:00,2025-02-08T12:00:00,long,100,96007,95961
2025-02-08T13:00:00,2025-02-08T14:00:00,long,100,96099,96053
2025-02-08T14:00:00,2025-02-08T14:30:00,short,100,96007,96099
2025-02-08T14:30:00,2025-02-08T15:00:00,long,100,96099,95961
2025-02-08T15:00:00,2025-02-08T16:00:00,short,100,95961,95961
2025-02-08T16:00:00,2025-02-08T20:00:00,long,100,95961,96421
2025-02-08T20:00:00,2025-02-08T21:30:00,short,100,96421,96513
2025-02-08T23:30:00,2025-02-09T00:30:00,short,100,96375,96513
2025-02-09T01:00:00,2025-02-09T02:00:00,long,100,96605,96789
2025-02-09T02:00:00,2025-02-09T03:00:00,short,100,96789,96789
2025-02-09T03:00:00,2025-02-09T04:00:00,long,100,96881,97111
2025-02-09T04:00:00,2025-02-09T04:30:00,short,100,97111,97111
2025-02-09T04:30:00,2025-02-09T05:00:00,long,100,97203,97065
2025-02-09T05:00:00,2025-02-09T07:00:00,short,100,97065,97019
2025-02-09T08:00:00,2025-02-09T08:30:00,long,100,97065,97019
2025-02-09T08:30:00,2025-02-09T14:00:00,short,100,97019,96007
2025-02-09T14:00:00,2025-02-09T17:00:00,long,100,96007,96283
2025-02-09T17:00:00,2025-02-09T18:30:00,short,100,96191,96191
2025-02-09T19:00:00,2025-02-09T20:00:00,short,100,96053,96099
2025-02-09T20:00:00,2025-02-09T20:30:00,long,100,96099,96329
2025-02-09T20:30:00,2025-02-09T22:00:00,short,100,96283,95271
2025-02-09T22:00:00,2025-02-10T01:00:00,long,100,95271,96513
2025-02-10T01:00:00,2025-02-10T02:30:00,short,100,96513,95685
2025-02-10T02:30:00,2025-02-10T10:30:00,long,100,95685,97709
2025-02-10T10:30:00,2025-02-10T11:00:00,short,100,97709,97801
2025-02-10T11:30:00,2025-02-10T13:00:00,short,100,97663,97479
2025-02-10T13:30:00,2025-02-10T14:00:00,long,100,97571,98031
2025-02-10T14:00:00,2025-02-10T15:30:00,short,100,98031,97203
2025-02-10T15:30:00,2025-02-10T16:00:00,long,100,97203,97065
2025-02-10T16:30:00,2025-02-10T19:30:00,long,100,97111,97387
2025-02-10T19:30:00,2025-02-10T22:00:00,short,100,97341,97387
2025-02-10T22:00:00,2025-02-10T22:30:00,long,100,97433,97341
2025-02-10T22:30:00,2025-02-10T23:30:00,short,100,97341,97387
2025-02-11T00:00:00,2025-02-11T02:00:00,long,100,97433,97801
2025-02-11T02:00:00,2025-02-11T02:30:00,short,100,97801,97709
2025-02-11T03:00:00,2025-02-11T04:30:00,short,100,97617,97663
2025-02-11T04:30:00,2025-02-11T06:00:00,long,100,97709,98215
2025-02-11T06:00:00,2025-02-11T06:30:00,short,100,98215,98353
2025-02-11T07:30:00,2025-02-11T11:00:00,short,100,98261,98031
2025-02-11T11:00:00,2025-02-11T12:00:00,long,100,98077,97939
2025-02-11T12:00:00,2025-02-11T12:30:00,short,100,97939,97755
2025-02-11T12:30:00,2025-02-11T13:00:00,long,100,97755,97617
2025-02-11T13:00:00,2025-02-11T14:30:00,short,100,97617,96881
2025-02-11T14:30:00,2025-02-11T16:00:00,long,100,96881,96789
2025-02-11T16:00:00,2025-02-11T20:00:00,short,100,96605,95133
2025-02-11T20:00:00,2025-02-11T22:00:00,long,100,95133,96191
2025-02-11T22:00:00,2025-02-11T23:00:00,short,100,96191,95685
2025-02-11T23:00:00,2025-02-11T23:30:00,long,100,95731,95777
2025-02-12T00:00:00,2025-02-12T01:00:00,long,100,95869,95869
2025-02-12T01:30:00,2025-02-12T02:00:00,long,100,96007,96053
2025-02-12T02:00:00,2025-02-12T03:00:00,short,100,96053,95685
2025-02-12T03:30:00,2025-02-12T04:00:00,short,100,95547,95363
2025-02-12T04:00:00,2025-02-12T09:00:00,long,100,95363,96191
2025-02-12T09:00:00,2025-02-12T11:00:00,short,100,96191,96099
2025-02-12T11:00:00,2025-02-12T11:30:00,long,100,96191,96053
2025-02-12T11:30:00,2025-02-12T12:00:00,short,100,96053,96191
2025-02-12T12:30:00,2025-02-12T13:00:00,short,100,96053,96053
2025-02-12T13:00:00,2025-02-12T13:30:00,long,100,96099,96329
2025-02-12T13:30:00,2025-02-12T14:30:00,short,100,96329,94811
2025-02-12T14:30:00,2025-02-12T16:00:00,long,100,94811,95593
2025-02-12T16:00:00,2025-02-12T16:30:00,short,100,95593,95455
2025-02-12T16:30:00,2025-02-12T17:30:00,long,100,95547,97341
2025-02-12T17:30:00,2025-02-12T18:30:00,short,100,97341,96927
2025-02-12T19:00:00,2025-02-12T19:30:00,short,100,96789,96835
2025-02-12T19:30:00,2025-02-12T20:30:00,long,100,96835,97203
2025-02-12T20:30:00,2025-02-12T21:00:00,short,100,97157,97111
2025-02-12T21:00:00,2025-02-12T22:30:00,long,100,97157,97755
2025-02-12T22:30:00,2025-02-12T23:30:00,short,100,97755,97847
2025-02-13T00:00:00,2025-02-13T00:30:00,short,100,97709,97801
2025-02-13T01:30:00,2025-02-13T02:00:00,long,100,97893,97801
2025-02-13T02:00:00,2025-02-13T09:00:00,short,100,97801,96053
2025-02-13T09:00:00,2025-02-13T11:00:00,long,100,96053,96053
2025-02-13T12:00:00,2025-02-13T13:30:00,short,100,95869,95915
2025-02-13T13:30:00,2025-02-13T14:00:00,long,100,95915,95915
2025-02-13T14:30:00,2025-02-13T15:00:00,short,100,95823,95961
2025-02-13T15:00:00,2025-02-13T16:00:00,long,100,95961,95823
2025-02-13T16:00:00,2025-02-13T17:00:00,short,100,95777,95501
2025-02-13T17:00:00,2025-02-13T17:30:00,long,100,95501,95639
2025-02-13T18:30:00,2025-02-13T19:00:00,long,100,95777,95823
2025-02-13T19:30:00,2025-02-13T20:00:00,short,100,95777,95731
2025-02-13T20:00:00,2025-02-13T22:30:00,long,100,95777,96283
2025-02-13T22:30:00,2025-02-13T23:00:00,short,100,96283,96421
2025-02-13T23:30:00,2025-02-14T01:00:00,long,100,96513,96651
2025-02-14T01:00:00,2025-02-14T02:00:00,short,100,96651,96651
2025-02-14T02:30:00,2025-02-14T03:00:00,short,100,96513,96605
2025-02-14T03:30:00,2025-02-14T04:00:00,long,100,96697,96927
2025-02-14T04:00:00,2025-02-14T06:30:00,short,100,96927,96789
2025-02-14T07:00:00,2025-02-14T08:30:00,long,100,96881,96835
2025-02-14T08:30:00,2025-02-14T09:00:00,short,100,96835,96927
2025-02-14T09:00:00,2025-02-14T11:00:00,long,100,96927,96881
2025-02-14T11:00:00,2025-02-14T13:30:00,short,100,96881,96605
2025-02-14T13:30:00,2025-02-14T14:00:00,long,100,96651,96605
2025-02-14T14:00:00,2025-02-14T14:30:00,short,100,96559,96697
2025-02-14T14:30:00,2025-02-14T15:00:00,long,100,96697,97111
2025-02-14T15:00:00,2025-02-14T15:30:00,short,100,97111,96513
2025-02-14T15:30:00,2025-02-14T16:00:00,long,100,96513,96789
2025-02-14T16:00:00,2025-02-14T16:30:00,short,100,96743,96835
2025-02-14T16:30:00,2025-02-14T17:00:00,long,100,96835,97525
2025-02-14T17:00:00,2025-02-14T17:30:00,short,100,97525,97433
2025-02-14T17:30:00,2025-02-14T18:00:00,long,100,97571,98399
2025-02-14T18:00:00,2025-02-14T21:30:00,short,100,98399,97203
2025-02-14T21:30:00,2025-02-14T22:30:00,long,100,97203,97295
2025-02-14T22:30:00,2025-02-14T23:00:00,short,100,97157,97203
2025-02-14T23:00:00,2025-02-15T00:00:00,long,100,97203,97295
2025-02-15T00:30:00,2025-02-15T03:30:00,long,100,97433,97617
2025-02-15T03:30:00,2025-02-15T08:30:00,short,100,97617,97479
2025-02-15T10:00:00,2025-02-15T14:00:00,long,100,97525,97571
2025-02-15T14:00:00,2025-02-15T18:30:00,short,100,97571,97525
2025-02-15T19:00:00,2025-02-15T22:00:00,long,100,97571,97479
2025-02-15T22:00:00,2025-02-15T22:30:00,short,100,97479,97525
2025-02-15T22:30:00,2025-02-16T02:30:00,long,100,97525,97479
2025-02-16T02:30:00,2025-02-16T05:30:00,short,100,97479,97571
2025-02-16T05:30:00,2025-02-16T06:30:00,long,100,97571,97433
2025-02-16T06:30:00,2025-02-16T09:30:00,short,100,97433,97295
2025-02-16T09:30:00,2025-02-16T10:00:00,long,100,97295,97203
2025-02-16T10:00:00,2025-02-16T11:30:00,short,100,97203,97295
2025-02-16T11:30:00,2025-02-16T12:30:00,long,100,97295,97157
2025-02-16T12:30:00,2025-02-16T15:00:00,short,100,97157,96973
2025-02-16T15:00:00,2025-02-16T15:30:00,long,100,96973,96927
2025-02-16T15:30:00,2025-02-16T16:00:00,short,100,96835,96973
2025-02-16T16:00:00,2025-02-16T17:30:00,long,100,96973,96927
2025-02-16T17:30:00,2025-02-16T19:00:00,short,100,96881,96881
2025-02-16T19:00:00,2025-02-16T20:30:00,long,100,96881,96881
2025-02-16T20:30:00,2025-02-16T21:00:00,short,100,96835,96973
2025-02-16T21:00:00,2025-02-16T22:00:00,long,100,96973,96973
2025-02-16T22:00:00,2025-02-17T00:00:00,short,100,96927,96237
2025-02-17T00:00:00,2025-02-17T00:30:00,long,100,96237,96283
2025-02-17T01:30:00,2025-02-17T02:30:00,long,100,96375,96329
2025-02-17T02:30:00,2025-02-17T05:30:00,short,100,96283,96145
2025-02-17T05:30:00,2025-02-17T07:00:00,long,100,96145,96191
2025-02-17T07:00:00,2025-02-17T09:00:00,short,100,96145,96191
2025-02-17T09:00:00,2025-02-17T09:30:00,long,100,96191,96099
2025-02-17T09:30:00,2025-02-17T10:00:00,short,100,96099,96237
2025-02-17T10:00:00,2025-02-17T10:30:00,long,100,96237,96099
2025-02-17T10:30:00,2025-02-17T11:00:00,short,100,96099,96145
2025-02-17T11:00:00,2025-02-17T11:30:00,long,100,96145,96007
2025-02-17T11:30:00,2025-02-17T12:00:00,short,100,96007,96145
2025-02-17T12:00:00,2025-02-17T15:00:00,long,100,96145,96605
2025-02-17T15:00:00,2025-02-17T17:30:00,short,100,96605,95455
2025-02-17T17:30:00,2025-02-17T18:30:00,long,100,95455,95317
2025-02-17T19:00:00,2025-02-17T22:00:00,long,100,95409,96237
2025-02-17T22:00:00,2025-02-18T01:00:00,short,100,96237,95731
2025-02-18T01:00:00,2025-02-18T02:30:00,long,100,95777,96099
2025-02-18T02:30:00,2025-02-18T03:00:00,short,100,96053,96145
2025-02-18T03:00:00,2025-02-18T04:00:00,long,100,96191,96053
2025-02-18T04:00:00,2025-02-18T07:00:00,short,100,96053,95501
2025-02-18T07:00:00,2025-02-18T07:30:00,long,100,95501,95409
2025-02-18T08:30:00,2025-02-18T09:00:00,short,100,95317,95363
2025-02-18T09:00:00,2025-02-18T11:30:00,long,100,95363,95593
2025-02-18T12:00:00,2025-02-18T14:30:00,long,100,95731,96283
2025-02-18T14:30:00,2025-02-18T15:30:00,short,100,96283,95501
2025-02-18T15:30:00,2025-02-18T16:00:00,long,100,95501,95409
2025-02-18T16:00:00,2025-02-18T19:30:00,short,100,95271,93799
2025-02-18T19:30:00,2025-02-19T00:00:00,long,100,93799,95455
2025-02-19T00:00:00,2025-02-19T01:30:00,short,100,95455,95317
2025-02-19T01:30:00,2025-02-19T03:00:00,long,100,95455,95639
2025-02-19T03:00:00,2025-02-19T05:30:00,short,100,95639,95271
2025-02-19T06:00:00,2025-02-19T08:30:00,long,100,95317,95593
2025-02-19T08:30:00,2025-02-19T09:00:00,short,100,95547,95685
2025-02-19T09:00:00,2025-02-19T12:30:00,long,100,95685,96237
2025-02-19T12:30:00,2025-02-19T13:00:00,short,100,96237,96237
2025-02-19T14:30:00,2025-02-19T15:00:00,short,100,96191,95823
2025-02-19T15:00:00,2025-02-19T18:00:00,long,100,95823,96191
2025-02-19T18:00:00,2025-02-19T19:00:00,short,100,96145,95777
2025-02-19T19:00:00,2025-02-20T00:00:00,long,100,95777,96467
2025-02-20T00:00:00,2025-02-20T00:30:00,short,100,96467,96559
2025-02-20T00:30:00,2025-02-20T01:00:00,long,100,96697,96697
2025-02-20T01:00:00,2025-02-20T01:30:00,short,100,96697,96743
2025-02-20T02:30:00,2025-02-20T03:00:00,long,100,96835,96927
2025-02-20T03:00:00,2025-02-20T04:00:00,short,100,96927,97065
2025-02-20T04:00:00,2025-02-20T05:00:00,long,100,97111,97111
2025-02-20T05:00:00,2025-02-20T08:00:00,short,100,97111,96973
2025-02-20T08:30:00,2025-02-20T11:30:00,long,100,97065,97157
2025-02-20T11:30:00,2025-02-20T12:00:00,short,100,97157,97295
2025-02-20T12:00:00,2025-02-20T14:30:00,long,100,97295,97617
2025-02-20T14:30:00,2025-02-20T15:00:00,short,100,97617,97019
2025-02-20T15:00:00,2025-02-20T15:30:00,long,100,97019,96927
2025-02-20T15:30:00,2025-02-20T16:00:00,short,100,96835,96973
2025-02-20T16:00:00,2025-02-20T16:30:00,long,100,96973,97525
2025-02-20T16:30:00,2025-02-20T17:00:00,short,100,97525,97617
2025-02-20T17:00:00,2025-02-20T20:30:00,long,100,97709,98353
2025-02-20T20:30:00,2025-02-20T23:00:00,short,100,98353,98215
2025-02-21T01:00:00,2025-02-21T01:30:00,short,100,98123,98215
2025-02-21T01:30:00,2025-02-21T02:30:00,long,100,98261,98169
2025-02-21T02:30:00,2025-02-21T03:00:00,short,100,98169,98169
2025-02-21T03:00:00,2025-02-21T03:30:00,long,100,98215,98077
2025-02-21T03:30:00,2025-02-21T05:00:00,short,100,98077,98215
2025-02-21T05:00:00,2025-02-21T07:30:00,long,100,98215,98215
2025-02-21T07:30:00,2025-02-21T09:00:00,short,100,98169,98261
2025-02-21T09:00:00,2025-02-21T11:30:00,long,100,98261,98583
2025-02-21T11:30:00,2025-02-21T12:00:00,short,100,98583,98675
2025-02-21T12:00:00,2025-02-21T14:00:00,long,100,98721,99135
2025-02-21T14:00:00,2025-02-21T16:00:00,short,100,99135,98215
2025-02-21T16:00:00,2025-02-21T16:30:00,long,100,98215,98169
2025-02-21T17:00:00,2025-02-21T21:30:00,short,100,98031,95179
2025-02-21T21:30:00,2025-02-22T00:00:00,long,100,95179,95961
2025-02-22T00:00:00,2025-02-22T00:30:00,short,100,95961,95869
2025-02-22T00:30:00,2025-02-22T01:30:00,long,100,95961,96145
2025-02-22T01:30:00,2025-02-22T02:30:00,short,100,96145,96237
2025-02-22T02:30:00,2025-02-22T06:30:00,long,100,96283,96329
2025-02-22T06:30:00,2025-02-22T09:00:00,short,100,96329,96329
2025-02-22T09:30:00,2025-02-22T13:30:00,long,100,96421,96605
2025-02-22T13:30:00,2025-02-22T16:00:00,short,100,96605,96651
2025-02-22T16:30:00,2025-02-22T17:00:00,short,100,96559,96559
2025-02-22T17:00:00,2025-02-22T18:30:00,long,100,96605,96559
2025-02-22T18:30:00,2025-02-22T19:00:00,short,100,96559,96513
2025-02-22T19:00:00,2025-02-22T23:30:00,long,100,96559,96467
2025-02-22T23:30:00,2025-02-23T00:30:00,short,100,96467,96605
2025-02-23T00:30:00,2025-02-23T01:00:00,long,100,96605,96467
2025-02-23T01:00:00,2025-02-23T03:00:00,short,100,96467,96513
2025-02-23T03:00:00,2025-02-23T03:30:00,long,100,96513,96375
2025-02-23T03:30:00,2025-02-23T06:30:00,short,100,96375,96329
2025-02-23T06:30:00,2025-02-23T08:00:00,long,100,96329,96283
2025-02-23T09:30:00,2025-02-23T13:30:00,short,100,96237,95869
2025-02-23T13:30:00,2025-02-23T14:30:00,long,100,95869,95823
2025-02-23T14:30:00,2025-02-23T15:00:00,short,100,95731,95639
2025-02-23T15:00:00,2025-02-23T15:30:00,long,100,95639,95547
2025-02-23T15:30:00,2025-02-23T16:00:00,short,100,95455,95501
2025-02-23T16:00:00,2025-02-23T16:30:00,long,100,95501,95409
2025-02-23T17:00:00,2025-02-23T17:30:00,short,100,95317,95363
2025-02-23T17:30:00,2025-02-23T20:00:00,long,100,95363,95639
2025-02-23T20:30:00,2025-02-23T21:00:00,long,100,95777,95639
2025-02-23T21:00:00,2025-02-23T22:30:00,short,100,95639,95731
2025-02-23T22:30:00,2025-02-24T00:30:00,long,100,95777,96191
2025-02-24T00:30:00,2025-02-24T05:00:00,short,100,96191,95409
2025-02-24T05:00:00,2025-02-24T08:00:00,long,100,95409,95685
2025-02-24T08:00:00,2025-02-24T08:30:00,short,100,95639,95501
2025-02-24T09:00:00,2025-02-24T09:30:00,long,100,95547,95823
2025-02-24T09:30:00,2025-02-24T11:00:00,short,100,95777,95685
2025-02-24T11:30:00,2025-02-24T13:30:00,long,100,95731,95777
2025-02-24T13:30:00,2025-02-24T16:00:00,short,100,95731,94443
2025-02-24T16:00:00,2025-02-24T16:30:00,long,100,94443,94627
2025-02-24T16:30:00,2025-02-24T17:00:00,short,100,94535,94535
2025-02-24T17:00:00,2025-02-24T17:30:00,long,100,94535,94811
2025-02-24T17:30:00,2025-02-24T19:00:00,short,100,94765,94305
2025-02-24T19:00:00,2025-02-24T19:30:00,long,100,94305,94259
2025-02-24T19:30:00,2025-02-24T20:00:00,short,100,94167,94029
2025-02-24T20:00:00,2025-02-24T20:30:00,long,100,94029,94029
2025-02-24T21:00:00,2025-02-24T21:30:00,long,100,94121,93983
2025-02-24T21:30:00,2025-02-25T00:30:00,short,100,93937,91729
2025-02-25T00:30:00,2025-02-25T01:00:00,long,100,91729,91729
2025-02-25T01:30:00,2025-02-25T03:00:00,long,100,91867,92189
2025-02-25T03:00:00,2025-02-25T03:30:00,short,100,92143,92143
2025-02-25T04:00:00,2025-02-25T04:30:00,long,100,92189,92097
2025-02-25T04:30:00,2025-02-25T05:30:00,short,100,92097,91959
2025-02-25T05:30:00,2025-02-25T06:00:00,long,100,92005,91913
2025-02-25T06:00:00,2025-02-25T08:00:00,short,100,91867,89475
2025-02-25T08:00:00,2025-02-25T08:30:00,long,100,89475,89521
2025-02-25T08:30:00,2025-02-25T10:30:00,short,100,89337,87911
2025-02-25T10:30:00,2025-02-25T11:00:00,long,100,87911,88049
2025-02-25T11:00:00,2025-02-25T11:30:00,short,100,87911,87819
2025-02-25T11:30:00,2025-02-25T13:00:00,long,100,87819,89199
2025-02-25T13:00:00,2025-02-25T14:00:00,short,100,89199,88969
2025-02-25T14:00:00,2025-02-25T14:30:00,long,100,89061,89015
2025-02-25T14:30:00,2025-02-25T15:30:00,short,100,89015,86761
2025-02-25T15:30:00,2025-02-25T16:00:00,long,100,86761,87083
2025-02-25T16:00:00,2025-02-25T16:30:00,short,100,86991,86485
2025-02-25T16:30:00,2025-02-25T17:30:00,long,100,86485,87313
2025-02-25T17:30:00,2025-02-25T19:30:00,short,100,87313,87037
2025-02-25T19:30:00,2025-02-25T20:30:00,long,100,87083,88463
2025-02-25T20:30:00,2025-02-25T21:00:00,short,100,88463,88279
2025-02-25T21:30:00,2025-02-25T23:30:00,long,100,88371,88877
2025-02-25T23:30:00,2025-02-26T01:00:00,short,100,88877,88279
2025-02-26T01:00:00,2025-02-26T03:30:00,long,100,88279,88969
2025-02-26T03:30:00,2025-02-26T04:00:00,short,100,88969,88969
2025-02-26T04:00:00,2025-02-26T04:30:00,long,100,89061,89061
2025-02-26T04:30:00,2025-02-26T05:00:00,short,100,89061,88785
2025-02-26T05:30:00,2025-02-26T06:00:00,short,100,88647,88509
2025-02-26T06:00:00,2025-02-26T07:30:00,long,100,88509,88831
2025-02-26T07:30:00,2025-02-26T09:00:00,short,100,88785,88555
2025-02-26T09:00:00,2025-02-26T11:00:00,long,100,88601,89061
2025-02-26T11:00:00,2025-02-26T14:30:00,short,100,89061,86025
2025-02-26T14:30:00,2025-02-26T15:30:00,long,100,86025,87497
2025-02-26T15:30:00,2025-02-26T17:00:00,short,100,87497,86945
2025-02-26T17:00:00,2025-02-26T17:30:00,long,100,86945,86853
2025-02-26T17:30:00,2025-02-26T20:30:00,short,100,86807,83679
2025-02-26T20:30:00,2025-02-26T22:00:00,long,100,83679,84461
2025-02-26T22:00:00,2025-02-27T00:00:00,short,100,84461,84323
2025-02-27T00:30:00,2025-02-27T01:30:00,long,100,84415,85013
2025-02-27T01:30:00,2025-02-27T02:00:00,short,100,85013,84829
2025-02-27T02:00:00,2025-02-27T02:30:00,long,100,84921,84783
2025-02-27T02:30:00,2025-02-27T03:00:00,short,100,84783,84369
2025-02-27T03:00:00,2025-02-27T04:00:00,long,100,84369,85013
2025-02-27T04:00:00,2025-02-27T04:30:00,short,100,85013,84875
2025-02-27T04:30:00,2025-02-27T08:00:00,long,100,84967,86163
2025-02-27T08:00:00,2025-02-27T08:30:00,short,100,86163,86025
2025-02-27T10:00:00,2025-02-27T11:00:00,long,100,86163,86807
2025-02-27T11:00:00,2025-02-27T13:00:00,short,100,86807,86439
2025-02-27T13:30:00,2025-02-27T14:00:00,short,100,86301,86209
2025-02-27T14:00:00,2025-02-27T14:30:00,long,100,86209,86163
2025-02-27T14:30:00,2025-02-27T15:00:00,short,100,86071,85059
2025-02-27T15:00:00,2025-02-27T15:30:00,long,100,85059,85519
2025-02-27T15:30:00,2025-02-27T17:00:00,short,100,85473,84599
2025-02-27T17:00:00,2025-02-27T17:30:00,long,100,84599,84599
2025-02-27T19:00:00,2025-02-27T20:30:00,short,100,84461,83035
2025-02-27T20:30:00,2025-02-27T22:00:00,long,100,83035,84231
2025-02-27T22:00:00,2025-02-27T22:30:00,short,100,84231,84139
2025-02-27T22:30:00,2025-02-27T23:00:00,long,100,84277,84553
2025-02-27T23:00:00,2025-02-27T23:30:00,short,100,84553,84691
2025-02-28T00:00:00,2025-02-28T02:00:00,short,100,84553,81747
2025-02-28T02:00:00,2025-02-28T02:30:00,long,100,81747,81793
2025-02-28T02:30:00,2025-02-28T03:00:00,short,100,81609,80873
2025-02-28T03:00:00,2025-02-28T03:30:00,long,100,80873,80781
2025-02-28T03:30:00,2025-02-28T05:30:00,short,100,80597,79907
2025-02-28T05:30:00,2025-02-28T06:00:00,long,100,79907,79815
2025-02-28T06:00:00,2025-02-28T07:00:00,short,100,79631,79493
2025-02-28T07:00:00,2025-02-28T07:30:00,long,100,79493,79355
2025-02-28T07:30:00,2025-02-28T08:30:00,short,100,79217,78987
2025-02-28T08:30:00,2025-02-28T10:00:00,long,100,78987,80229
2025-02-28T10:00:00,2025-02-28T11:00:00,short,100,80229,80045
2025-02-28T11:00:00,2025-02-28T11:30:00,long,100,80137,80459
2025-02-28T11:30:00,2025-02-28T12:30:00,short,100,80459,80321
2025-02-28T12:30:00,2025-02-28T15:30:00,long,100,80413,84093
2025-02-28T15:30:00,2025-02-28T16:30:00,short,100,84093,83725
2025-02-28T16:30:00,2025-02-28T17:00:00,long,100,83771,84185
2025-02-28T17:00:00,2025-02-28T18:00:00,short,100,84185,83725
2025-02-28T18:00:00,2025-02-28T20:00:00,long,100,83725,84277
2025-02-28T20:00:00,2025-02-28T20:30:00,short,100,84277,84001
2025-02-28T20:30:00,2025-03-01T00:30:00,long,100,84047,84139
2025-03-01T00:30:00,2025-03-01T01:00:00,short,100,84093,83955
2025-03-01T01:30:00,2025-03-01T03:00:00,long,100,84001,85013
2025-03-01T03:00:00,2025-03-01T03:30:00,short,100,85013,85059
2025-03-01T03:30:00,2025-03-01T05:00:00,long,100,85243,85979
2025-03-01T05:00:00,2025-03-01T08:00:00,short,100,85979,84875
2025-03-01T08:00:00,2025-03-01T10:00:00,long,100,84875,85243
2025-03-01T10:30:00,2025-03-01T11:30:00,short,100,85197,84599
2025-03-01T11:30:00,2025-03-01T12:00:00,long,100,84599,84461
2025-03-01T12:30:00,2025-03-01T13:00:00,long,100,84553,84599
2025-03-01T13:00:00,2025-03-01T13:30:00,short,100,84507,84507
2025-03-01T13:30:00,2025-03-01T17:00:00,long,100,84507,85059
2025-03-01T17:00:00,2025-03-01T17:30:00,short,100,85059,85105
2025-03-01T17:30:00,2025-03-01T18:00:00,long,100,85197,85059
2025-03-01T18:00:00,2025-03-01T18:30:00,short,100,85059,85197
2025-03-01T18:30:00,2025-03-01T22:00:00,long,100,85243,85887
2025-03-01T22:00:00,2025-03-01T22:30:00,short,100,85887,85979
2025-03-01T23:00:00,2025-03-01T23:30:00,short,100,85933,85749
2025-03-01T23:30:00,2025-03-02T00:00:00,long,100,85841,85887
2025-03-02T01:00:00,2025-03-02T02:00:00,long,100,86025,86117
2025-03-02T02:00:00,2025-03-02T03:00:00,short,100,86117,85887
2025-03-02T03:00:00,2025-03-02T03:30:00,long,100,85933,85795
2025-03-02T03:30:00,2025-03-02T05:00:00,short,100,85795,85841
2025-03-02T05:00:00,2025-03-02T07:00:00,long,100,85841,86163
2025-03-02T08:00:00,2025-03-02T09:00:00,short,100,86117,85841
2025-03-02T10:30:00,2025-03-02T12:00:00,long,100,85887,85887
2025-03-02T12:00:00,2025-03-02T12:30:00,short,100,85841,85887
2025-03-02T12:30:00,2025-03-02T13:00:00,long,100,85887,85841
2025-03-02T13:00:00,2025-03-02T15:00:00,short,100,85795,85243
2025-03-02T15:00:00,2025-03-02T18:00:00,long,100,85243,93891
2025-03-02T18:00:00,2025-03-02T19:00:00,short,100,93891,92925
2025-03-02T19:00:00,2025-03-02T21:00:00,long,100,92925,94121
2025-03-02T21:00:00,2025-03-02T21:30:00,short,100,94121,93983
2025-03-02T21:30:00,2025-03-02T23:00:00,long,100,94121,94121
2025-03-02T23:00:00,2025-03-02T23:30:00,short,100,94121,94259
2025-03-02T23:30:00,2025-03-03T00:00:00,long,100,94259,94121
2025-03-03T00:00:00,2025-03-03T02:30:00,short,100,94121,92557
2025-03-03T02:30:00,2025-03-03T03:00:00,long,100,92557,93155
2025-03-03T03:00:00,2025-03-03T04:30:00,short,100,93155,92787
2025-03-03T04:30:00,2025-03-03T06:00:00,long,100,92833,93109
2025-03-03T06:00:00,2025-03-03T07:00:00,short,100,93063,91775
2025-03-03T07:00:00,2025-03-03T08:00:00,long,100,91775,92143
2025-03-03T08:00:00,2025-03-03T09:00:00,short,100,92097,91591
2025-03-03T09:00:00,2025-03-03T14:00:00,long,100,91591,93385
2025-03-03T14:00:00,2025-03-03T15:00:00,short,100,93385,89383
2025-03-03T15:00:00,2025-03-03T15:30:00,long,100,89383,90947
2025-03-03T15:30:00,2025-03-03T16:00:00,short,100,90947,90119
2025-03-03T16:00:00,2025-03-03T16:30:00,long,100,90119,90119
2025-03-03T17:00:00,2025-03-03T18:00:00,long,100,90211,90165
2025-03-03T18:00:00,2025-03-03T20:00:00,short,100,90073,85703
2025-03-03T20:00:00,2025-03-03T21:30:00,long,100,85703,85887
2025-03-03T21:30:00,2025-03-03T22:00:00,short,100,85749,85473
2025-03-03T22:00:00,2025-03-03T23:00:00,long,100,85473,86439
2025-03-03T23:00:00,2025-03-04T00:00:00,short,100,86439,86347
2025-03-04T00:30:00,2025-03-04T02:30:00,short,100,86301,83357
2025-03-04T02:30:00,2025-03-04T04:00:00,long,100,83357,83817
2025-03-04T04:00:00,2025-03-04T05:00:00,short,100,83771,83541
2025-03-04T05:00:00,2025-03-04T06:30:00,long,100,83587,84093
2025-03-04T06:30:00,2025-03-04T08:00:00,short,100,84093,83311
2025-03-04T08:00:00,2025-03-04T09:30:00,long,100,83311,83679
2025-03-04T10:00:00,2025-03-04T10:30:00,short,100,83633,83771
2025-03-04T10:30:00,2025-03-04T12:00:00,long,100,83771,83817
2025-03-04T12:00:00,2025-03-04T12:30:00,short,100,83817,83449
2025-03-04T12:30:00,2025-03-04T13:00:00,long,100,83495,83587
2025-03-04T13:00:00,2025-03-04T13:30:00,short,100,83541,82621
2025-03-04T13:30:00,2025-03-04T15:00:00,long,100,82621,82989
2025-03-04T15:00:00,2025-03-04T15:30:00,short,100,82943,82437
2025-03-04T15:30:00,2025-03-04T16:00:00,long,100,82437,82805
2025-03-04T16:00:00,2025-03-04T16:30:00,short,100,82759,82345
2025-03-04T16:30:00,2025-03-04T20:30:00,long,100,82345,88187
2025-03-04T20:30:00,2025-03-04T21:00:00,short,100,88187,86899
2025-03-04T21:00:00,2025-03-04T21:30:00,long,100,86899,88601
2025-03-04T21:30:00,2025-03-04T22:00:00,short,100,88601,87589
2025-03-04T22:00:00,2025-03-04T22:30:00,long,100,87589,87589
2025-03-04T22:30:00,2025-03-05T01:00:00,short,100,87451,86945
2025-03-05T01:00:00,2025-03-05T02:00:00,long,100,86945,87405
2025-03-05T02:00:00,2025-03-05T02:30:00,short,100,87359,87405
2025-03-05T02:30:00,2025-03-05T03:30:00,long,100,87451,87497
2025-03-05T03:30:00,2025-03-05T04:00:00,short,100,87497,86899
2025-03-05T04:00:00,2025-03-05T04:30:00,long,100,86899,86853
2025-03-05T05:30:00,2025-03-05T09:30:00,long,100,86991,88417
2025-03-05T09:30:00,2025-03-05T10:00:00,short,100,88417,88555
2025-03-05T10:00:00,2025-03-05T11:00:00,long,100,88785,89705
2025-03-05T11:00:00,2025-03-05T11:30:00,short,100,89705,89751
2025-03-05T12:00:00,2025-03-05T13:00:00,long,100,89935,90165
2025-03-05T13:00:00,2025-03-05T14:00:00,short,100,90165,89567
2025-03-05T14:00:00,2025-03-05T14:30:00,long,100,89567,89567
2025-03-05T14:30:00,2025-03-05T15:30:00,short,100,89475,88233
2025-03-05T15:30:00,2025-03-05T16:00:00,long,100,88233,88187
2025-03-05T16:00:00,2025-03-05T16:30:00,short,100,88003,88003
2025-03-05T16:30:00,2025-03-05T17:30:00,long,100,88003,89843
2025-03-05T17:30:00,2025-03-05T18:30:00,short,100,89843,89521
2025-03-05T18:30:00,2025-03-05T21:00:00,long,100,89613,90257
2025-03-05T21:00:00,2025-03-05T21:30:00,short,100,90257,90349
2025-03-05T22:00:00,2025-03-05T22:30:00,short,100,90211,90119
2025-03-05T22:30:00,2025-03-06T00:00:00,long,100,90211,90395
2025-03-06T00:00:00,2025-03-06T01:00:00,short,100,90395,90165
2025-03-06T01:00:00,2025-03-06T03:00:00,long,100,90211,91637
2025-03-06T03:00:00,2025-03-06T04:30:00,short,100,91637,91729
2025-03-06T04:30:00,2025-03-06T06:00:00,long,100,91959,92557
2025-03-06T06:00:00,2025-03-06T08:00:00,short,100,92557,91453
2025-03-06T08:00:00,2025-03-06T08:30:00,long,100,91453,91407
2025-03-06T08:30:00,2025-03-06T10:00:00,short,100,91223,90855
2025-03-06T10:00:00,2025-03-06T10:30:00,long,100,90855,91499
2025-03-06T10:30:00,2025-03-06T11:00:00,short,100,91499,91361
2025-03-06T12:00:00,2025-03-06T14:00:00,short,100,91269,89705
2025-03-06T14:00:00,2025-03-06T14:30:00,long,100,89705,89797
2025-03-06T15:00:00,2025-03-06T16:00:00,long,100,89889,90717
2025-03-06T16:00:00,2025-03-06T19:30:00,short,100,90717,88233
2025-03-06T19:30:00,2025-03-06T23:30:00,long,100,88233,90119
2025-03-06T23:30:00,2025-03-07T01:00:00,short,100,90119,85611
2025-03-07T01:00:00,2025-03-07T02:00:00,long,100,85611,88049
2025-03-07T02:00:00,2025-03-07T03:00:00,short,100,88049,87359
2025-03-07T03:00:00,2025-03-07T03:30:00,long,100,87359,87405
2025-03-07T03:30:00,2025-03-07T04:00:00,short,100,87313,87083
2025-03-07T04:00:00,2025-03-07T06:00:00,long,100,87083,88003
2025-03-07T06:00:00,2025-03-07T06:30:00,short,100,88003,88095
2025-03-07T07:00:00,2025-03-07T08:00:00,long,100,88233,88233
2025-03-07T08:00:00,2025-03-07T08:30:00,short,100,88233,88233
2025-03-07T08:30:00,2025-03-07T09:30:00,long,100,88325,89061
2025-03-07T09:30:00,2025-03-07T10:00:00,short,100,89061,89015
2025-03-07T10:30:00,2025-03-07T11:00:00,long,100,89153,89061
2025-03-07T11:00:00,2025-03-07T12:00:00,short,100,89061,89107
2025-03-07T12:30:00,2025-03-07T13:00:00,short,100,89015,89107
2025-03-07T13:00:00,2025-03-07T13:30:00,long,100,89153,89245
2025-03-07T13:30:00,2025-03-07T14:30:00,short,100,89245,89199
2025-03-07T14:30:00,2025-03-07T15:00:00,long,100,89245,90303
2025-03-07T15:00:00,2025-03-07T17:00:00,short,100,90303,87359
2025-03-07T17:00:00,2025-03-07T19:00:00,long,100,87359,88417
2025-03-07T19:00:00,2025-03-07T21:00:00,short,100,88417,87129
2025-03-07T21:00:00,2025-03-07T21:30:00,long,100,87129,87037
2025-03-07T21:30:00,2025-03-07T22:30:00,short,100,86853,86163
2025-03-07T22:30:00,2025-03-07T23:00:00,long,100,86163,86577
2025-03-07T23:00:00,2025-03-07T23:30:00,short,100,86531,86669
2025-03-07T23:30:00,2025-03-08T00:00:00,long,100,86669,86623
2025-03-08T00:00:00,2025-03-08T02:30:00,short,100,86623,86117
2025-03-08T02:30:00,2025-03-08T03:00:00,long,100,86117,86025
2025-03-08T03:00:00,2025-03-08T03:30:00,short,100,85933,85841
2025-03-08T03:30:00,2025-03-08T05:00:00,long,100,85841,86255
2025-03-08T05:00:00,2025-03-08T06:00:00,short,100,86209,86301
2025-03-08T06:00:00,2025-03-08T06:30:00,long,100,86347,86485
2025-03-08T06:30:00,2025-03-08T09:00:00,short,100,86485,86209
2025-03-08T09:00:00,2025-03-08T09:30:00,long,100,86255,86209
2025-03-08T09:30:00,2025-03-08T10:00:00,short,100,86163,86025
2025-03-08T10:00:00,2025-03-08T10:30:00,long,100,86025,86071
2025-03-08T11:00:00,2025-03-08T12:00:00,short,100,86025,86071
2025-03-08T12:00:00,2025-03-08T15:30:00,long,100,86071,86347
2025-03-08T16:00:00,2025-03-08T16:30:00,short,100,86301,86025
2025-03-08T16:30:00,2025-03-08T17:00:00,long,100,86071,85979
2025-03-08T17:00:00,2025-03-08T18:00:00,short,100,85933,86025
2025-03-08T18:00:00,2025-03-08T21:30:00,long,100,86025,86301
2025-03-08T21:30:00,2025-03-08T22:30:00,short,100,86255,86163
2025-03-08T22:30:00,2025-03-08T23:30:00,long,100,86209,86163
2025-03-08T23:30:00,2025-03-09T00:00:00,short,100,86163,86301
2025-03-09T00:00:00,2025-03-09T01:00:00,long,100,86301,86255
2025-03-09T01:00:00,2025-03-09T03:30:00,short,100,86255,86117
2025-03-09T04:00:00,2025-03-09T07:00:00,short,100,85979,86025
2025-03-09T07:00:00,2025-03-09T07:30:00,long,100,86025,85979
2025-03-09T07:30:00,2025-03-09T11:30:00,short,100,85933,84967
2025-03-09T11:30:00,2025-03-09T12:00:00,long,100,84967,84875
2025-03-09T12:00:00,2025-03-09T14:30:00,short,100,84691,83449
2025-03-09T14:30:00,2025-03-09T15:00:00,long,100,83449,83449
2025-03-09T15:30:00,2025-03-09T16:00:00,short,100,83265,83173
2025-03-09T16:00:00,2025-03-09T16:30:00,long,100,83173,83081
2025-03-09T16:30:00,2025-03-09T18:00:00,short,100,82989,82483
2025-03-09T18:00:00,2025-03-09T18:30:00,long,100,82483,82851
2025-03-09T18:30:00,2025-03-09T20:00:00,short,100,82805,82759
2025-03-09T20:00:00,2025-03-09T20:30:00,long,100,82805,83035
2025-03-09T20:30:00,2025-03-09T23:00:00,short,100,83035,80459
2025-03-09T23:00:00,2025-03-10T00:00:00,long,100,80459,80551
2025-03-10T00:30:00,2025-03-10T03:00:00,long,100,80643,81977
2025-03-10T03:00:00,2025-03-10T03:30:00,short,100,81977,81885
2025-03-10T03:30:00,2025-03-10T05:30:00,long,100,82023,82437
2025-03-10T05:30:00,2025-03-10T06:30:00,short,100,82437,82299
2025-03-10T07:00:00,2025-03-10T07:30:00,short,100,82161,82207
2025-03-10T07:30:00,2025-03-10T08:00:00,long,100,82253,82161
2025-03-10T08:00:00,2025-03-10T09:00:00,short,100,82161,81471
2025-03-10T09:00:00,2025-03-10T09:30:00,long,100,81471,83081
2025-03-10T09:30:00,2025-03-10T10:30:00,short,100,83081,81977
2025-03-10T10:30:00,2025-03-10T12:00:00,long,100,81977,83357
2025-03-10T12:00:00,2025-03-10T12:30:00,short,100,83357,82897
2025-03-10T12:30:00,2025-03-10T13:00:00,long,100,82943,83081
2025-03-10T13:00:00,2025-03-10T15:00:00,short,100,83035,79953
2025-03-10T15:00:00,2025-03-10T15:30:00,long,100,79953,80137
2025-03-10T15:30:00,2025-03-10T19:00:00,short,100,79999,77791
2025-03-10T19:00:00,2025-03-10T22:00:00,long,100,77791,79355
2025-03-10T22:00:00,2025-03-10T22:30:00,short,100,79355,79401
2025-03-10T23:00:00,2025-03-11T00:30:00,short,100,79355,77423
2025-03-11T00:30:00,2025-03-11T04:30:00,long,100,77423,79907
2025-03-11T04:30:00,2025-03-11T05:00:00,short,100,79907,79815
2025-03-11T05:00:00,2025-03-11T06:30:00,long,100,79953,80229
2025-03-11T06:30:00,2025-03-11T07:00:00,short,100,80229,80183
2025-03-11T07:00:00,2025-03-11T09:30:00,long,100,80275,81471
2025-03-11T09:30:00,2025-03-11T10:00:00,short,100,81471,81517
2025-03-11T10:00:00,2025-03-11T12:30:00,long,100,81701,81609
2025-03-11T12:30:00,2025-03-11T13:00:00,short,100,81609,81333
2025-03-11T13:00:00,2025-03-11T13:30:00,long,100,81379,81287
2025-03-11T13:30:00,2025-03-11T15:00:00,short,100,81287,79907
2025-03-11T15:00:00,2025-03-11T17:00:00,long,100,79907,81287
2025-03-11T17:00:00,2025-03-11T17:30:00,short,100,81287,80965
2025-03-11T17:30:00,2025-03-11T19:30:00,long,100,81057,83081
2025-03-11T19:30:00,2025-03-11T20:30:00,short,100,83081,82759
2025-03-11T21:00:00,2025-03-11T23:00:00,long,100,82851,82989
2025-03-11T23:00:00,2025-03-11T23:30:00,short,100,82943,82759
2025-03-11T23:30:00,2025-03-12T00:30:00,long,100,82805,82759
2025-03-12T00:30:00,2025-03-12T01:00:00,short,100,82713,82851
2025-03-12T01:00:00,2025-03-12T02:00:00,long,100,82851,83081
2025-03-12T02:00:00,2025-03-12T05:30:00,short,100,83081,81931
2025-03-12T05:30:00,2025-03-12T06:00:00,long,100,81931,81839
2025-03-12T06:00:00,2025-03-12T07:00:00,short,100,81655,81563
2025-03-12T07:00:00,2025-03-12T09:00:00,long,100,81563,82483
2025-03-12T09:00:00,2025-03-12T09:30:00,short,100,82483,82345
2025-03-12T09:30:00,2025-03-12T10:00:00,long,100,82437,82529
2025-03-12T10:00:00,2025-03-12T10:30:00,short,100,82529,82391
2025-03-12T10:30:00,2025-03-12T13:00:00,long,100,82437,83863
2025-03-12T13:00:00,2025-03-12T15:30:00,short,100,83863,81379
2025-03-12T15:30:00,2025-03-12T17:30:00,long,100,81379,82575
2025-03-12T17:30:00,2025-03-12T18:00:00,short,100,82575,81931
2025-03-12T18:00:00,2025-03-12T23:00:00,long,100,81931,83449
2025-03-12T23:00:00,2025-03-12T23:30:00,short,100,83449,83541
2025-03-13T00:30:00,2025-03-13T01:00:00,short,100,83541,83541
2025-03-13T01:30:00,2025-03-13T02:30:00,long,100,83679,83771
2025-03-13T02:30:00,2025-03-13T03:00:00,short,100,83771,83863
2025-03-13T03:30:00,2025-03-13T05:00:00,short,100,83725,83403
2025-03-13T05:00:00,2025-03-13T05:30:00,long,100,83449,83311
2025-03-13T05:30:00,2025-03-13T06:30:00,short,100,83265,83127
2025-03-13T06:30:00,2025-03-13T07:30:00,long,100,83127,83219
2025-03-13T07:30:00,2025-03-13T08:30:00,short,100,83127,82759
2025-03-13T08:30:00,2025-03-13T10:00:00,long,100,82759,83219
2025-03-13T10:30:00,2025-03-13T12:00:00,short,100,83173,82989
2025-03-13T12:00:00,2025-03-13T12:30:00,long,100,83035,83127
2025-03-13T12:30:00,2025-03-13T13:00:00,short,100,83081,82575
2025-03-13T13:00:00,2025-03-13T13:30:00,long,100,82575,82759
2025-03-13T13:30:00,2025-03-13T14:00:00,short,100,82667,81839
2025-03-13T14:00:00,2025-03-13T15:00:00,long,100,81839,81793
2025-03-13T15:00:00,2025-03-13T18:00:00,short,100,81609,80183
2025-03-13T18:00:00,2025-03-13T19:00:00,long,100,80183,80735
2025-03-13T19:00:00,2025-03-13T20:00:00,short,100,80689,80321
2025-03-13T20:00:00,2025-03-13T20:30:00,long,100,80367,80505
2025-03-13T20:30:00,2025-03-13T21:00:00,short,100,80459,80459
2025-03-13T21:00:00,2025-03-13T23:00:00,long,100,80505,81195
2025-03-13T23:00:00,2025-03-14T00:00:00,short,100,81195,81195
2025-03-14T00:30:00,2025-03-14T03:00:00,long,100,81333,82023
2025-03-14T03:00:00,2025-03-14T05:30:00,short,100,82023,82023
2025-03-14T06:00:00,2025-03-14T06:30:00,short,100,81977,81931
2025-03-14T06:30:00,2025-03-14T14:00:00,long,100,82023,83403
2025-03-14T14:00:00,2025-03-14T14:30:00,short,100,83403,82897
2025-03-14T14:30:00,2025-03-14T15:30:00,long,100,82943,84737
2025-03-14T15:30:00,2025-03-14T16:30:00,short,100,84737,84553
2025-03-14T16:30:00,2025-03-14T17:00:00,long,100,84691,84645
2025-03-14T17:00:00,2025-03-14T18:30:00,short,100,84645,84415
2025-03-14T18:30:00,2025-03-14T20:00:00,long,100,84461,84415
2025-03-14T20:00:00,2025-03-14T21:00:00,short,100,84369,84139
2025-03-14T21:00:00,2025-03-14T23:00:00,long,100,84139,84231
2025-03-14T23:30:00,2025-03-15T00:00:00,short,100,84139,84093
2025-03-15T00:00:00,2025-03-15T03:30:00,long,100,84093,84415
2025-03-15T04:00:00,2025-03-15T09:30:00,short,100,84369,83863
2025-03-15T09:30:00,2025-03-15T10:00:00,long,100,83863,83817
2025-03-15T10:00:00,2025-03-15T10:30:00,short,100,83725,83771
2025-03-15T10:30:00,2025-03-15T14:00:00,long,100,83771,84231
2025-03-15T14:00:00,2025-03-15T15:00:00,short,100,84231,84231
2025-03-15T17:00:00,2025-03-15T18:00:00,long,100,84323,84277
2025-03-15T18:00:00,2025-03-15T20:00:00,short,100,84277,84323
2025-03-15T20:00:00,2025-03-15T23:00:00,long,100,84369,84277
2025-03-15T23:00:00,2025-03-16T03:00:00,short,100,84277,84001
2025-03-16T03:00:00,2025-03-16T06:30:00,long,100,84047,84231
2025-03-16T06:30:00,2025-03-16T07:30:00,short,100,84185,84277
2025-03-16T07:30:00,2025-03-16T08:00:00,long,100,84277,84139
2025-03-16T08:00:00,2025-03-16T12:00:00,short,100,84139,82529
2025-03-16T12:00:00,2025-03-16T12:30:00,long,100,82529,82713
2025-03-16T13:00:00,2025-03-16T13:30:00,long,100,82851,82805
2025-03-16T13:30:00,2025-03-16T14:00:00,short,100,82759,82667
2025-03-16T14:00:00,2025-03-16T15:00:00,long,100,82713,83173
2025-03-16T15:00:00,2025-03-16T15:30:00,short,100,83173,83173
2025-03-16T15:30:00,2025-03-16T16:30:00,long,100,83265,84139
2025-03-16T16:30:00,2025-03-16T17:30:00,short,100,84139,83725
2025-03-16T17:30:00,2025-03-16T18:30:00,long,100,83771,83817
2025-03-16T18:30:00,2025-03-16T20:30:00,short,100,83771,83173
2025-03-16T20:30:00,2025-03-16T21:00:00,long,100,83173,83081
2025-03-16T21:00:00,2025-03-16T23:00:00,short,100,82943,82207
2025-03-16T23:00:00,2025-03-17T05:00:00,long,100,82207,83541
2025-03-17T05:00:00,2025-03-17T06:30:00,short,100,83541,83035
2025-03-17T06:30:00,2025-03-17T10:00:00,long,100,83081,83541
2025-03-17T10:00:00,2025-03-17T11:00:00,short,100,83541,83449
2025-03-17T11:00:00,2025-03-17T12:00:00,long,100,83541,83403
2025-03-17T12:00:00,2025-03-17T14:30:00,short,100,83403,82897
2025-03-17T14:30:00,2025-03-17T16:30:00,long,100,82897,83449
2025-03-17T16:30:00,2025-03-17T17:00:00,short,100,83449,83541
2025-03-17T17:00:00,2025-03-17T20:00:00,long,100,83587,84323
2025-03-17T20:00:00,2025-03-17T22:00:00,short,100,84323,84093
2025-03-17T22:00:00,2025-03-17T22:30:00,long,100,84185,84047
2025-03-17T22:30:00,2025-03-17T23:30:00,short,100,84047,83955
2025-03-17T23:30:00,2025-03-18T00:00:00,long,100,84001,83863
2025-03-18T00:00:00,2025-03-18T02:00:00,short,100,83863,83311
2025-03-18T02:00:00,2025-03-18T02:30:00,long,100,83311,83311
2025-03-18T03:00:00,2025-03-18T07:00:00,short,100,83173,82575
2025-03-18T07:00:00,2025-03-18T09:00:00,long,100,82575,83081
2025-03-18T09:00:00,2025-03-18T14:00:00,short,100,83035,81471
2025-03-18T14:00:00,2025-03-18T15:30:00,long,100,81471,81655
2025-03-18T15:30:00,2025-03-18T16:00:00,short,100,81563,81701
2025-03-18T16:00:00,2025-03-18T16:30:00,long,100,81701,81931
2025-03-18T16:30:00,2025-03-18T18:30:00,short,100,81885,81471
2025-03-18T18:30:00,2025-03-18T20:00:00,long,100,81471,82115
2025-03-18T20:00:00,2025-03-18T21:00:00,short,100,82115,82115
2025-03-18T21:30:00,2025-03-18T22:00:00,short,100,81977,82115
2025-03-18T22:00:00,2025-03-19T01:00:00,long,100,82161,82897
2025-03-19T01:00:00,2025-03-19T02:30:00,short,100,82897,82713
2025-03-19T02:30:00,2025-03-19T04:00:00,long,100,82805,82851
2025-03-19T04:00:00,2025-03-19T04:30:00,short,100,82851,82897
2025-03-19T04:30:00,2025-03-19T07:30:00,long,100,82943,83127
2025-03-19T07:30:00,2025-03-19T08:00:00,short,100,83127,83265
2025-03-19T08:00:00,2025-03-19T12:00:00,long,100,83265,83679
2025-03-19T12:00:00,2025-03-19T12:30:00,short,100,83679,83725
2025-03-19T13:00:00,2025-03-19T14:00:00,long,100,83863,83909
2025-03-19T14:00:00,2025-03-19T14:30:00,short,100,83909,84047
2025-03-19T14:30:00,2025-03-19T16:30:00,long,100,84139,84507
2025-03-19T16:30:00,2025-03-19T18:30:00,short,100,84507,84323
2025-03-19T18:30:00,2025-03-19T19:00:00,long,100,84415,85473
2025-03-19T19:00:00,2025-03-19T19:30:00,short,100,85473,85105
2025-03-19T19:30:00,2025-03-19T20:30:00,long,100,85151,85473
2025-03-19T20:30:00,2025-03-19T21:00:00,short,100,85473,85427
2025-03-19T21:00:00,2025-03-20T00:30:00,long,100,85519,86669
2025-03-20T00:30:00,2025-03-20T01:00:00,short,100,86669,86071
2025-03-20T01:00:00,2025-03-20T01:30:00,long,100,86071,86117
2025-03-20T01:30:00,2025-03-20T02:30:00,short,100,86025,85933
2025-03-20T02:30:00,2025-03-20T03:00:00,long,100,85933,85887
2025-03-20T03:00:00,2025-03-20T05:30:00,short,100,85841,85611
2025-03-20T05:30:00,2025-03-20T09:00:00,long,100,85611,86025
2025-03-20T09:00:00,2025-03-20T11:00:00,short,100,85979,85289
2025-03-20T11:00:00,2025-03-20T12:30:00,long,100,85289,85289
2025-03-20T13:00:00,2025-03-20T13:30:00,short,100,85151,85289
2025-03-20T13:30:00,2025-03-20T14:30:00,long,100,85289,86117
2025-03-20T14:30:00,2025-03-20T17:30:00,short,100,86117,83909
2025-03-20T17:30:00,2025-03-20T18:00:00,long,100,83909,83955
2025-03-20T18:30:00,2025-03-20T21:30:00,long,100,84047,84323
2025-03-20T22:00:00,2025-03-20T22:30:00,short,100,84277,84139
2025-03-20T23:00:00,2025-03-20T23:30:00,short,100,84001,84139
2025-03-20T23:30:00,2025-03-21T01:00:00,long,100,84139,84323
2025-03-21T01:30:00,2025-03-21T02:00:00,long,100,84461,84599
2025-03-21T02:00:00,2025-03-21T04:00:00,short,100,84599,84553
2025-03-21T04:00:00,2025-03-21T05:00:00,long,100,84645,84507
2025-03-21T05:00:00,2025-03-21T08:30:00,short,100,84507,83955
2025-03-21T08:30:00,2025-03-21T10:00:00,long,100,83955,83955
2025-03-21T10:30:00,2025-03-21T11:00:00,long,100,84093,84001
2025-03-21T11:00:00,2025-03-21T11:30:00,short,100,83909,84047
2025-03-21T11:30:00,2025-03-21T12:30:00,long,100,84047,84047
2025-03-21T12:30:00,2025-03-21T13:00:00,short,100,84001,83541
2025-03-21T13:00:00,2025-03-21T15:00:00,long,100,83541,84047
2025-03-21T15:00:00,2025-03-21T16:00:00,short,100,84047,83679
2025-03-21T16:00:00,2025-03-21T17:00:00,long,100,83725,83909
2025-03-21T17:00:00,2025-03-21T17:30:00,short,100,83863,83863
2025-03-21T17:30:00,2025-03-21T19:30:00,long,100,83909,83909
2025-03-21T19:30:00,2025-03-21T20:00:00,short,100,83909,84047
2025-03-21T20:00:00,2025-03-21T22:30:00,long,100,84047,84185
2025-03-21T22:30:00,2025-03-22T00:00:00,short,100,84185,84231
2025-03-22T01:30:00,2025-03-22T02:00:00,short,100,84093,84139
2025-03-22T03:00:00,2025-03-22T08:00:00,long,100,84185,84139
2025-03-22T08:00:00,2025-03-22T09:00:00,short,100,84139,84277
2025-03-22T09:00:00,2025-03-22T11:30:00,long,100,84277,84231
2025-03-22T11:30:00,2025-03-22T16:00:00,short,100,84231,84139
2025-03-22T17:30:00,2025-03-22T20:30:00,long,100,84185,84047
2025-03-22T20:30:00,2025-03-22T21:00:00,short,100,84047,84001
2025-03-22T21:00:00,2025-03-22T23:00:00,long,100,84001,83863
2025-03-22T23:00:00,2025-03-23T00:00:00,short,100,83863,83955
2025-03-23T00:00:00,2025-03-23T04:00:00,long,100,83955,84047
2025-03-23T05:30:00,2025-03-23T11:30:00,long,100,84185,84737
2025-03-23T11:30:00,2025-03-23T13:00:00,short,100,84737,84783
2025-03-23T13:00:00,2025-03-23T14:00:00,long,100,84921,84875
2025-03-23T14:00:00,2025-03-23T15:00:00,short,100,84875,84967
2025-03-23T15:00:00,2025-03-23T17:30:00,long,100,85059,85059
2025-03-23T17:30:00,2025-03-23T18:30:00,short,100,85059,84921
2025-03-23T20:00:00,2025-03-23T20:30:00,long,100,85013,85013
2025-03-23T20:30:00,2025-03-23T21:30:00,short,100,85013,85105
2025-03-23T21:30:00,2025-03-23T22:30:00,long,100,85105,85289
2025-03-23T22:30:00,2025-03-23T23:00:00,short,100,85289,85427
2025-03-23T23:00:00,2025-03-24T00:30:00,long,100,85427,86209
2025-03-24T00:30:00,2025-03-24T02:00:00,short,100,86209,85703
2025-03-24T02:30:00,2025-03-24T07:00:00,long,100,85749,86899
2025-03-24T07:00:00,2025-03-24T08:00:00,short,100,86899,86991
2025-03-24T08:00:00,2025-03-24T09:00:00,long,100,87175,87221
2025-03-24T09:00:00,2025-03-24T10:00:00,short,100,87221,87267
2025-03-24T10:00:00,2025-03-24T11:00:00,long,100,87405,87589
2025-03-24T11:00:00,2025-03-24T11:30:00,short,100,87589,87589
2025-03-24T12:00:00,2025-03-24T13:30:00,short,100,87543,87405
2025-03-24T13:30:00,2025-03-24T14:30:00,long,100,87451,88095
2025-03-24T14:30:00,2025-03-24T15:30:00,short,100,88095,88049
2025-03-24T15:30:00,2025-03-24T16:00:00,long,100,88187,88187
2025-03-24T16:00:00,2025-03-24T16:30:00,short,100,88187,87911
2025-03-24T16:30:00,2025-03-24T18:00:00,long,100,87957,88233
2025-03-24T18:00:00,2025-03-24T18:30:00,short,100,88187,88325
2025-03-24T18:30:00,2025-03-24T19:00:00,long,100,88371,88279
2025-03-24T19:00:00,2025-03-24T20:00:00,short,100,88279,88325
2025-03-24T20:30:00,2025-03-24T21:00:00,short,100,88187,87911
2025-03-24T21:00:00,2025-03-24T21:30:00,long,100,87911,88049
2025-03-24T22:00:00,2025-03-24T23:30:00,short,100,88003,87313
2025-03-24T23:30:00,2025-03-25T01:00:00,long,100,87313,87405
2025-03-25T01:00:00,2025-03-25T05:00:00,short,100,87267,86577
2025-03-25T05:00:00,2025-03-25T06:30:00,long,100,86577,86577
2025-03-25T07:30:00,2025-03-25T08:00:00,short,100,86439,86577
2025-03-25T08:00:00,2025-03-25T12:00:00,long,100,86577,87175
2025-03-25T12:00:00,2025-03-25T13:00:00,short,100,87175,87221
2025-03-25T13:00:00,2025-03-25T13:30:00,long,100,87313,87543
2025-03-25T13:30:00,2025-03-25T14:00:00,short,100,87543,87681
2025-03-25T14:30:00,2025-03-25T15:30:00,long,100,87773,87819
2025-03-25T15:30:00,2025-03-25T16:00:00,short,100,87819,87819
2025-03-25T18:00:00,2025-03-25T19:00:00,short,100,87727,87865
2025-03-25T19:30:00,2025-03-25T20:30:00,long,100,87911,87957
2025-03-25T20:30:00,2025-03-25T21:00:00,short,100,87957,87911
2025-03-25T21:30:00,2025-03-26T00:00:00,short,100,87773,87497
2025-03-26T00:00:00,2025-03-26T02:00:00,long,100,87497,87635
2025-03-26T02:00:00,2025-03-26T04:30:00,short,100,87543,87267
2025-03-26T04:30:00,2025-03-26T08:00:00,long,100,87267,87957
2025-03-26T08:00:00,2025-03-26T10:00:00,short,100,87957,88049
2025-03-26T10:00:00,2025-03-26T11:30:00,long,100,88141,88003
2025-03-26T11:30:00,2025-03-26T16:00:00,short,100,88003,86761
2025-03-26T16:00:00,2025-03-26T16:30:00,long,100,86761,86807
2025-03-26T16:30:00,2025-03-26T17:00:00,short,100,86669,86577
2025-03-26T17:00:00,2025-03-26T18:30:00,long,100,86577,86485
2025-03-26T18:30:00,2025-03-26T19:30:00,short,100,86393,86255
2025-03-26T19:30:00,2025-03-26T21:00:00,long,100,86255,87083
2025-03-26T21:00:00,2025-03-26T23:30:00,short,100,87083,86807
2025-03-26T23:30:00,2025-03-27T04:30:00,long,100,86899,87451
2025-03-27T04:30:00,2025-03-27T06:00:00,short,100,87451,87451
2025-03-27T06:30:00,2025-03-27T07:30:00,short,100,87359,87405
2025-03-27T10:30:00,2025-03-27T14:00:00,short,100,87313,86439
2025-03-27T14:00:00,2025-03-27T15:30:00,long,100,86439,87083
2025-03-27T15:30:00,2025-03-27T18:00:00,short,100,87083,86945
2025-03-27T18:00:00,2025-03-27T19:30:00,long,100,87037,87175
2025-03-27T19:30:00,2025-03-27T20:00:00,short,100,87175,87129
2025-03-27T20:00:00,2025-03-27T22:00:00,long,100,87175,87359
2025-03-27T22:00:00,2025-03-28T00:30:00,short,100,87359,87083
2025-03-28T00:30:00,2025-03-28T01:00:00,long,100,87129,87175
2025-03-28T01:00:00,2025-03-28T01:30:00,short,100,87129,87221
2025-03-28T01:30:00,2025-03-28T02:30:00,long,100,87221,87083
2025-03-28T02:30:00,2025-03-28T08:30:00,short,100,87083,85197
2025-03-28T08:30:00,2025-03-28T09:30:00,long,100,85197,85151
2025-03-28T10:00:00,2025-03-28T10:30:00,long,100,85243,85105
2025-03-28T10:30:00,2025-03-28T11:00:00,short,100,84967,85013
2025-03-28T11:00:00,2025-03-28T12:30:00,long,100,85013,85197
2025-03-28T12:30:00,2025-03-28T13:00:00,short,100,85151,85105
2025-03-28T13:00:00,2025-03-28T13:30:00,long,100,85151,85197
2025-03-28T13:30:00,2025-03-28T17:30:00,short,100,85151,83909
2025-03-28T17:30:00,2025-03-28T18:00:00,long,100,83909,83863
2025-03-28T20:00:00,2025-03-28T20:30:00,long,100,83909,83771
2025-03-28T21:00:00,2025-03-28T23:00:00,long,100,83863,84277
2025-03-28T23:00:00,2025-03-28T23:30:00,short,100,84277,84323
2025-03-28T23:30:00,2025-03-29T00:30:00,long,100,84369,84323
2025-03-29T00:30:00,2025-03-29T03:00:00,short,100,84323,84001
2025-03-29T03:00:00,2025-03-29T05:00:00,long,100,84047,83955
2025-03-29T05:00:00,2025-03-29T05:30:00,short,100,83909,84001
2025-03-29T05:30:00,2025-03-29T06:00:00,long,100,84001,83863
2025-03-29T06:00:00,2025-03-29T06:30:00,short,100,83863,83771
2025-03-29T06:30:00,2025-03-29T09:00:00,long,100,83771,83725
2025-03-29T09:00:00,2025-03-29T12:30:00,short,100,83679,82437
2025-03-29T12:30:00,2025-03-29T14:00:00,long,100,82437,82667
2025-03-29T14:00:00,2025-03-29T17:30:00,short,100,82575,82299
2025-03-29T17:30:00,2025-03-29T18:30:00,long,100,82299,82299
2025-03-29T19:30:00,2025-03-29T20:00:00,long,100,82437,82621
2025-03-29T20:00:00,2025-03-29T23:30:00,short,100,82575,82529
2025-03-29T23:30:00,2025-03-30T03:30:00,long,100,82575,83127
2025-03-30T03:30:00,2025-03-30T05:00:00,short,100,83127,83173
2025-03-30T05:30:00,2025-03-30T06:30:00,short,100,83035,82989
2025-03-30T06:30:00,2025-03-30T07:30:00,long,100,83081,83035
2025-03-30T07:30:00,2025-03-30T08:00:00,short,100,83035,83173
2025-03-30T08:00:00,2025-03-30T10:00:00,long,100,83173,83311
2025-03-30T10:00:00,2025-03-30T12:00:00,short,100,83311,83219
2025-03-30T12:30:00,2025-03-30T14:30:00,short,100,83081,82805
2025-03-30T14:30:00,2025-03-30T15:30:00,long,100,82805,82667
2025-03-30T15:30:00,2025-03-30T18:00:00,short,100,82667,82437
2025-03-30T18:00:00,2025-03-30T19:00:00,long,100,82437,82621
2025-03-30T19:00:00,2025-03-30T22:30:00,short,100,82529,82345
2025-03-30T22:30:00,2025-03-30T23:00:00,long,100,82345,82299
2025-03-30T23:00:00,2025-03-30T23:30:00,short,100,82253,82023
2025-03-30T23:30:00,2025-03-31T00:00:00,long,100,82023,82253
2025-03-31T00:00:00,2025-03-31T01:00:00,short,100,82207,81747
2025-03-31T01:00:00,2025-03-31T01:30:00,long,100,81747,82023
2025-03-31T01:30:00,2025-03-31T02:30:00,short,100,81977,81839
2025-03-31T02:30:00,2025-03-31T03:00:00,long,100,81885,81793
2025-03-31T03:00:00,2025-03-31T04:30:00,short,100,81747,81655
2025-03-31T04:30:00,2025-03-31T06:00:00,long,100,81655,81977
2025-03-31T06:00:00,2025-03-31T06:30:00,short,100,81931,82023
2025-03-31T07:30:00,2025-03-31T08:00:00,short,100,81885,82023
2025-03-31T08:00:00,2025-03-31T08:30:00,long,100,82069,82023
2025-03-31T08:30:00,2025-03-31T10:00:00,short,100,82023,81563
2025-03-31T10:00:00,2025-03-31T11:00:00,long,100,81563,81977
2025-03-31T11:00:00,2025-03-31T11:30:00,short,100,81931,82023
2025-03-31T11:30:00,2025-03-31T12:00:00,long,100,82069,82069
2025-03-31T12:00:00,2025-03-31T12:30:00,short,100,82069,82207
2025-03-31T12:30:00,2025-03-31T13:00:00,long,100,82207,82621
2025-03-31T13:00:00,2025-03-31T14:00:00,short,100,82621,82621
2025-03-31T14:00:00,2025-03-31T15:30:00,long,100,82759,83449
2025-03-31T15:30:00,2025-03-31T16:00:00,short,100,83449,83495
2025-03-31T16:30:00,2025-03-31T18:00:00,short,100,83449,82805
2025-03-31T18:00:00,2025-03-31T18:30:00,long,100,82805,83219
2025-03-31T19:00:00,2025-03-31T20:00:00,short,100,83173,82575
2025-03-31T20:00:00,2025-03-31T20:30:00,long,100,82575,82621
2025-03-31T20:30:00,2025-03-31T21:00:00,short,100,82529,82529
2025-03-31T21:00:00,2025-03-31T22:00:00,long,100,82529,82437
2025-03-31T22:00:00,2025-03-31T23:30:00,short,100,82391,82437
2025-03-31T23:30:00,2025-04-01T03:30:00,long,100,82437,82897
2025-04-01T03:30:00,2025-04-01T04:00:00,short,100,82897,83035
2025-04-01T04:00:00,2025-04-01T05:30:00,long,100,83035,83081
2025-04-01T05:30:00,2025-04-01T06:00:00,short,100,83081,83081
2025-04-01T06:30:00,2025-04-01T10:30:00,long,100,83173,84231
2025-04-01T10:30:00,2025-04-01T12:00:00,short,100,84231,84047
2025-04-01T12:30:00,2025-04-01T13:00:00,short,100,83909,83679
2025-04-01T13:00:00,2025-04-01T14:00:00,long,100,83679,83541
2025-04-01T14:00:00,2025-04-01T14:30:00,short,100,83541,83035
2025-04-01T14:30:00,2025-04-01T16:00:00,long,100,83035,85105
2025-04-01T16:00:00,2025-04-01T16:30:00,short,100,85105,85013
2025-04-01T18:00:00,2025-04-01T18:30:00,short,100,84967,84967
2025-04-01T18:30:00,2025-04-01T19:00:00,long,100,85013,84967
2025-04-01T19:00:00,2025-04-01T20:30:00,short,100,84967,84967
2025-04-01T20:30:00,2025-04-01T22:30:00,long,100,85013,85059
2025-04-01T23:00:00,2025-04-01T23:30:00,long,100,85197,85197
2025-04-01T23:30:00,2025-04-02T01:30:00,short,100,85197,85059
2025-04-02T01:30:00,2025-04-02T02:00:00,long,100,85105,84967
2025-04-02T02:00:00,2025-04-02T07:30:00,short,100,84967,84231
2025-04-02T07:30:00,2025-04-02T10:30:00,long,100,84231,84921
2025-04-02T10:30:00,2025-04-02T12:30:00,short,100,84921,84691
2025-04-02T12:30:00,2025-04-02T13:00:00,long,100,84737,84875
2025-04-02T13:00:00,2025-04-02T13:30:00,short,100,84829,84691
2025-04-02T13:30:00,2025-04-02T17:00:00,long,100,84737,86853
2025-04-02T17:00:00,2025-04-02T19:00:00,short,100,86853,86347
2025-04-02T19:30:00,2025-04-02T20:00:00,long,100,86393,86669
2025-04-02T20:00:00,2025-04-02T21:30:00,short,100,86623,84737
2025-04-02T21:30:00,2025-04-02T22:00:00,long,100,84737,84691
2025-04-02T22:00:00,2025-04-03T00:00:00,short,100,84507,82667
2025-04-03T00:00:00,2025-04-03T02:00:00,long,100,82667,83541
2025-04-03T02:00:00,2025-04-03T02:30:00,short,100,83541,83495
2025-04-03T02:30:00,2025-04-03T03:00:00,long,100,83633,83633
2025-04-03T03:00:00,2025-04-03T04:30:00,short,100,83633,83449
2025-04-03T04:30:00,2025-04-03T05:30:00,long,100,83495,83403
2025-04-03T05:30:00,2025-04-03T07:00:00,short,100,83403,83173
2025-04-03T07:00:00,2025-04-03T09:30:00,long,100,83173,83495
2025-04-03T09:30:00,2025-04-03T13:30:00,short,100,83449,82069
2025-04-03T13:30:00,2025-04-03T14:30:00,long,100,82069,82207
2025-04-03T14:30:00,2025-04-03T15:00:00,short,100,82069,81609
2025-04-03T15:00:00,2025-04-03T16:30:00,long,100,81609,82069
2025-04-03T16:30:00,2025-04-03T18:30:00,short,100,82023,81839
2025-04-03T18:30:00,2025-04-03T19:00:00,long,100,81885,81977
2025-04-03T19:00:00,2025-04-03T19:30:00,short,100,81931,82023
2025-04-03T19:30:00,2025-04-03T20:00:00,long,100,82023,81885
2025-04-03T20:00:00,2025-04-03T20:30:00,short,100,81885,81885
2025-04-03T20:30:00,2025-04-04T00:30:00,long,100,81931,83127
2025-04-04T00:30:00,2025-04-04T02:00:00,short,100,83127,82805
2025-04-04T02:00:00,2025-04-04T03:30:00,long,100,82897,82759
2025-04-04T03:30:00,2025-04-04T05:00:00,short,100,82759,82851
2025-04-04T05:00:00,2025-04-04T06:30:00,long,100,82851,83081
2025-04-04T06:30:00,2025-04-04T07:00:00,short,100,83081,83127
2025-04-04T07:00:00,2025-04-04T10:00:00,long,100,83173,84369
2025-04-04T10:00:00,2025-04-04T11:30:00,short,100,84369,81885
2025-04-04T11:30:00,2025-04-04T12:00:00,long,100,81885,82529
2025-04-04T12:00:00,2025-04-04T12:30:00,short,100,82529,82575
2025-04-04T12:30:00,2025-04-04T13:00:00,long,100,82667,82713
2025-04-04T13:00:00,2025-04-04T13:30:00,short,100,82713,82667
2025-04-04T13:30:00,2025-04-04T14:00:00,long,100,82759,83219
2025-04-04T14:00:00,2025-04-04T15:00:00,short,100,83219,82713
2025-04-04T15:00:00,2025-04-04T15:30:00,long,100,82713,83081
2025-04-04T15:30:00,2025-04-04T16:00:00,short,100,83035,82943
2025-04-04T16:30:00,2025-04-04T18:00:00,long,100,82989,84277
2025-04-04T18:00:00,2025-04-04T19:00:00,short,100,84277,84047
2025-04-04T19:00:00,2025-04-04T19:30:00,long,100,84139,84047
2025-04-04T19:30:00,2025-04-04T20:30:00,short,100,84047,83909
2025-04-04T20:30:00,2025-04-04T22:30:00,long,100,83955,84001
2025-04-04T23:00:00,2025-04-04T23:30:00,short,100,83955,83817
2025-04-04T23:30:00,2025-04-05T00:00:00,long,100,83863,83725
2025-04-05T00:00:00,2025-04-05T01:00:00,short,100,83725,83817
2025-04-05T01:00:00,2025-04-05T01:30:00,long,100,83817,84047
2025-04-05T01:30:00,2025-04-05T02:30:00,short,100,84001,83955
2025-04-05T03:00:00,2025-04-05T04:00:00,short,100,83817,83725
2025-04-05T04:00:00,2025-04-05T04:30:00,long,100,83725,83679
2025-04-05T04:30:00,2025-04-05T05:00:00,short,100,83633,83771
2025-04-05T05:00:00,2025-04-05T05:30:00,long,100,83771,83725
2025-04-05T05:30:00,2025-04-05T09:00:00,short,100,83679,83587
2025-04-05T09:00:00,2025-04-05T10:30:00,long,100,83587,83633
2025-04-05T10:30:00,2025-04-05T14:30:00,short,100,83587,82897
2025-04-05T14:30:00,2025-04-05T15:00:00,long,100,82897,82759
2025-04-05T15:00:00,2025-04-05T16:30:00,short,100,82621,82713
2025-04-05T16:30:00,2025-04-05T19:30:00,long,100,82713,82851
2025-04-05T20:00:00,2025-04-05T21:30:00,long,100,82943,83035
2025-04-05T21:30:00,2025-04-05T22:00:00,short,100,82989,82989
2025-04-05T22:30:00,2025-04-06T01:30:00,long,100,83035,83449
2025-04-06T01:30:00,2025-04-06T04:00:00,short,100,83449,83403
2025-04-06T06:30:00,2025-04-06T08:30:00,short,100,83311,82897
2025-04-06T08:30:00,2025-04-06T10:00:00,long,100,82897,82897
2025-04-06T10:00:00,2025-04-06T14:30:00,short,100,82805,82437
2025-04-06T14:30:00,2025-04-06T15:00:00,long,100,82437,82529
2025-04-06T15:00:00,2025-04-06T15:30:00,short,100,82437,82529
2025-04-06T15:30:00,2025-04-06T16:00:00,long,100,82529,82391
2025-04-06T16:00:00,2025-04-06T19:00:00,short,100,82391,79217
2025-04-06T19:00:00,2025-04-06T20:00:00,long,100,79217,79401
2025-04-06T20:30:00,2025-04-06T21:00:00,short,100,79263,78987
2025-04-06T21:00:00,2025-04-06T21:30:00,long,100,78987,79033
2025-04-06T21:30:00,2025-04-06T22:00:00,short,100,78941,79033
2025-04-06T22:00:00,2025-04-06T22:30:00,long,100,79033,78941
2025-04-06T22:30:00,2025-04-06T23:30:00,short,100,78895,77561
2025-04-06T23:30:00,2025-04-07T00:00:00,long,100,77561,78251
2025-04-07T00:00:00,2025-04-07T01:00:00,short,100,78251,78389
2025-04-07T01:00:00,2025-04-07T02:00:00,long,100,78435,78941
2025-04-07T02:00:00,2025-04-07T05:00:00,short,100,78941,77101
2025-04-07T05:00:00,2025-04-07T05:30:00,long,100,77101,77055
2025-04-07T05:30:00,2025-04-07T07:00:00,short,100,76871,74939
2025-04-07T07:00:00,2025-04-07T10:30:00,long,100,74939,77055
2025-04-07T10:30:00,2025-04-07T11:00:00,short,100,77055,77055
2025-04-07T11:30:00,2025-04-07T12:00:00,short,100,76917,76779
2025-04-07T12:00:00,2025-04-07T12:30:00,long,100,76825,77285
2025-04-07T12:30:00,2025-04-07T13:30:00,short,100,77285,77009
2025-04-07T13:30:00,2025-04-07T14:00:00,long,100,77055,78205
2025-04-07T14:00:00,2025-04-07T14:30:00,short,100,78205,78205
2025-04-07T14:30:00,2025-04-07T15:00:00,long,100,78389,78895
2025-04-07T15:00:00,2025-04-07T15:30:00,short,100,78895,78113
2025-04-07T15:30:00,2025-04-07T16:00:00,long,100,78113,78343
2025-04-07T16:00:00,2025-04-07T17:00:00,short,100,78251,77561
2025-04-07T17:00:00,2025-04-07T18:00:00,long,100,77561,78849
2025-04-07T18:00:00,2025-04-07T20:00:00,short,100,78849,78251
2025-04-07T20:00:00,2025-04-07T23:00:00,long,100,78251,79769
2025-04-07T23:00:00,2025-04-08T00:00:00,short,100,79769,79309
2025-04-08T00:00:00,2025-04-08T00:30:00,long,100,79355,79217
2025-04-08T00:30:00,2025-04-08T01:00:00,short,100,79217,79079
2025-04-08T01:00:00,2025-04-08T02:00:00,long,100,79079,80413
2025-04-08T02:00:00,2025-04-08T03:00:00,short,100,80413,80091
2025-04-08T03:30:00,2025-04-08T04:00:00,short,100,79999,79999
2025-04-08T04:00:00,2025-04-08T05:00:00,long,100,79999,80091
2025-04-08T05:00:00,2025-04-08T05:30:00,short,100,80045,79677
2025-04-08T05:30:00,2025-04-08T06:00:00,long,100,79677,79723
2025-04-08T06:00:00,2025-04-08T07:00:00,short,100,79631,79493
2025-04-08T07:00:00,2025-04-08T08:00:00,long,100,79493,79401
2025-04-08T08:00:00,2025-04-08T08:30:00,short,100,79355,79033
2025-04-08T08:30:00,2025-04-08T09:00:00,long,100,79033,79033
2025-04-08T09:00:00,2025-04-08T10:00:00,short,100,78895,78941
2025-04-08T10:00:00,2025-04-08T12:30:00,long,100,78941,79769
2025-04-08T12:30:00,2025-04-08T13:00:00,short,100,79769,79907
2025-04-08T13:00:00,2025-04-08T13:30:00,long,100,80045,79999
2025-04-08T13:30:00,2025-04-08T15:30:00,short,100,79999,78343
2025-04-08T15:30:00,2025-04-08T16:00:00,long,100,78343,78343
2025-04-08T16:00:00,2025-04-08T17:30:00,short,100,78159,76779
2025-04-08T17:30:00,2025-04-08T18:30:00,long,100,76779,77193
2025-04-08T19:00:00,2025-04-08T20:30:00,short,100,77147,76825
2025-04-08T20:30:00,2025-04-08T21:00:00,long,100,76825,76963
2025-04-08T21:00:00,2025-04-08T21:30:00,short,100,76917,76917
2025-04-08T21:30:00,2025-04-08T22:00:00,long,100,76917,76963
2025-04-08T22:00:00,2025-04-09T00:00:00,short,100,76917,76457
2025-04-09T00:00:00,2025-04-09T00:30:00,long,100,76457,76503
2025-04-09T01:00:00,2025-04-09T01:30:00,short,100,76411,74801
2025-04-09T01:30:00,2025-04-09T02:00:00,long,100,74801,75905
2025-04-09T02:00:00,2025-04-09T04:00:00,short,100,75905,75215
2025-04-09T04:00:00,2025-04-09T08:00:00,long,100,75215,77515
2025-04-09T08:00:00,2025-04-09T09:30:00,short,100,77515,77377
2025-04-09T10:00:00,2025-04-09T12:30:00,short,100,77331,76365
2025-04-09T12:30:00,2025-04-09T14:30:00,long,100,76365,77469
2025-04-09T14:30:00,2025-04-09T15:00:00,short,100,77469,76963
2025-04-09T15:00:00,2025-04-09T15:30:00,long,100,77009,77239
2025-04-09T15:30:00,2025-04-09T16:00:00,short,100,77193,77331
2025-04-09T16:00:00,2025-04-09T18:30:00,long,100,77331,82391
2025-04-09T18:30:00,2025-04-09T19:00:00,short,100,82391,81885
2025-04-09T19:00:00,2025-04-09T19:30:00,long,100,81931,82253
2025-04-09T20:00:00,2025-04-09T20:30:00,short,100,82207,82207
2025-04-09T20:30:00,2025-04-09T22:30:00,long,100,82253,83173
2025-04-09T22:30:00,2025-04-10T02:00:00,short,100,83173,82391
2025-04-10T02:00:00,2025-04-10T02:30:00,long,100,82391,82299
2025-04-10T02:30:00,2025-04-10T04:30:00,short,100,82161,81793
2025-04-10T04:30:00,2025-04-10T07:00:00,long,100,81793,81977
2025-04-10T07:00:00,2025-04-10T08:00:00,short,100,81885,81701
2025-04-10T08:00:00,2025-04-10T08:30:00,long,100,81701,81609
2025-04-10T08:30:00,2025-04-10T09:00:00,short,100,81563,81655
2025-04-10T09:00:00,2025-04-10T10:00:00,long,100,81655,81839
2025-04-10T10:00:00,2025-04-10T11:30:00,short,100,81793,81747
2025-04-10T11:30:00,2025-04-10T12:30:00,long,100,81793,81839
2025-04-10T12:30:00,2025-04-10T14:00:00,short,100,81793,81011
2025-04-10T14:00:00,2025-04-10T15:00:00,long,100,81011,81149
2025-04-10T15:00:00,2025-04-10T16:30:00,short,100,81057,78895
2025-04-10T16:30:00,2025-04-10T17:00:00,long,100,78895,79309
2025-04-10T17:00:00,2025-04-10T17:30:00,short,100,79263,79263
2025-04-10T17:30:00,2025-04-10T18:30:00,long,100,79309,79539
2025-04-10T18:30:00,2025-04-10T19:30:00,short,100,79539,79493
2025-04-10T19:30:00,2025-04-10T21:30:00,long,100,79585,79723
2025-04-10T21:30:00,2025-04-10T23:30:00,short,100,79723,79585
2025-04-11T00:00:00,2025-04-11T01:00:00,short,100,79447,79171
2025-04-11T01:00:00,2025-04-11T02:30:00,long,100,79171,80505
2025-04-11T02:30:00,2025-04-11T03:00:00,short,100,80505,80367
2025-04-11T03:00:00,2025-04-11T04:30:00,long,100,80505,80827
2025-04-11T04:30:00,2025-04-11T06:00:00,short,100,80827,80919
2025-04-11T06:30:00,2025-04-11T07:00:00,long,100,81011,80919
2025-04-11T07:00:00,2025-04-11T07:30:00,short,100,80919,80965
2025-04-11T07:30:00,2025-04-11T11:00:00,long,100,81057,82529
2025-04-11T11:00:00,2025-04-11T12:00:00,short,100,82529,82253
2025-04-11T12:30:00,2025-04-11T13:30:00,short,100,82115,82207
2025-04-11T13:30:00,2025-04-11T14:00:00,long,100,82207,82759
2025-04-11T14:00:00,2025-04-11T14:30:00,short,100,82759,81563
2025-04-11T14:30:00,2025-04-11T16:00:00,long,100,81563,82345
2025-04-11T16:00:00,2025-04-11T16:30:00,short,100,82345,82345
2025-04-11T16:30:00,2025-04-11T18:30:00,long,100,82483,83817
2025-04-11T18:30:00,2025-04-11T19:00:00,short,100,83817,83679
2025-04-11T20:00:00,2025-04-11T21:30:00,long,100,83817,83725
2025-04-11T21:30:00,2025-04-11T23:30:00,short,100,83725,83357
2025-04-11T23:30:00,2025-04-12T01:00:00,long,100,83357,83265
2025-04-12T01:00:00,2025-04-12T03:00:00,short,100,83219,82943
2025-04-12T03:00:00,2025-04-12T03:30:00,long,100,82943,82897
2025-04-12T04:00:00,2025-04-12T08:00:00,long,100,83035,83541
2025-04-12T08:00:00,2025-04-12T11:00:00,short,100,83541,83541
2025-04-12T11:30:00,2025-04-12T12:00:00,short,100,83449,83587
2025-04-12T12:00:00,2025-04-12T15:30:00,long,100,83633,84967
2025-04-12T15:30:00,2025-04-12T17:30:00,short,100,84967,84737
2025-04-12T18:00:00,2025-04-12T19:00:00,long,100,84829,84967
2025-04-12T19:00:00,2025-04-12T20:00:00,short,100,84967,85059
2025-04-12T20:00:00,2025-04-12T21:00:00,long,100,85105,85335
2025-04-12T21:00:00,2025-04-12T22:00:00,short,100,85335,85473
2025-04-12T22:30:00,2025-04-13T00:30:00,short,100,85335,85289
2025-04-13T00:30:00,2025-04-13T01:30:00,long,100,85381,85657
2025-04-13T01:30:00,2025-04-13T02:30:00,short,100,85657,84967
2025-04-13T02:30:00,2025-04-13T04:00:00,long,100,84967,85243
2025-04-13T04:00:00,2025-04-13T06:00:00,short,100,85197,84645
2025-04-13T06:00:00,2025-04-13T06:30:00,long,100,84645,84553
2025-04-13T07:00:00,2025-04-13T07:30:00,long,100,84691,84553
2025-04-13T07:30:00,2025-04-13T08:00:00,short,100,84461,84507
2025-04-13T08:00:00,2025-04-13T10:00:00,long,100,84507,84691
2025-04-13T10:00:00,2025-04-13T10:30:00,short,100,84645,84645
2025-04-13T10:30:00,2025-04-13T11:00:00,long,100,84691,84553
2025-04-13T11:00:00,2025-04-13T12:30:00,short,100,84553,84415
2025-04-13T12:30:00,2025-04-13T13:00:00,long,100,84415,84323
2025-04-13T13:00:00,2025-04-13T14:00:00,short,100,84277,83725
2025-04-13T14:00:00,2025-04-13T15:00:00,long,100,83725,83909
2025-04-13T15:00:00,2025-04-13T16:00:00,short,100,83817,83909
2025-04-13T16:00:00,2025-04-13T16:30:00,long,100,83909,84139
2025-04-13T17:00:00,2025-04-13T18:00:00,long,100,84277,84553
2025-04-13T18:00:00,2025-04-13T18:30:00,short,100,84553,84645
2025-04-13T19:00:00,2025-04-13T20:00:00,short,100,84553,84093
2025-04-13T20:00:00,2025-04-13T20:30:00,long,100,84093,84047
2025-04-13T20:30:00,2025-04-13T21:00:00,short,100,83955,83587
2025-04-13T21:00:00,2025-04-13T21:30:00,long,100,83587,83541
2025-04-13T22:30:00,2025-04-13T23:00:00,short,100,83403,83449
2025-04-13T23:00:00,2025-04-14T00:30:00,long,100,83449,84599
2025-04-14T00:30:00,2025-04-14T01:00:00,short,100,84599,84415
2025-04-14T01:00:00,2025-04-14T01:30:00,long,100,84507,84415
2025-04-14T01:30:00,2025-04-14T02:00:00,short,100,84415,84323
2025-04-14T02:00:00,2025-04-14T03:00:00,long,100,84369,84921
2025-04-14T03:00:00,2025-04-14T04:00:00,short,100,84921,84691
2025-04-14T04:00:00,2025-04-14T05:00:00,long,100,84783,84691
2025-04-14T05:00:00,2025-04-14T06:30:00,short,100,84691,84461
2025-04-14T06:30:00,2025-04-14T07:00:00,long,100,84461,84461
2025-04-14T07:00:00,2025-04-14T07:30:00,short,100,84415,84553
2025-04-14T07:30:00,2025-04-14T09:00:00,long,100,84553,84553
2025-04-14T09:00:00,2025-04-14T10:00:00,short,100,84507,84553
2025-04-14T10:00:00,2025-04-14T13:00:00,long,100,84553,84921
2025-04-14T13:00:00,2025-04-14T14:00:00,short,100,84921,84507
2025-04-14T14:00:00,2025-04-14T15:00:00,long,100,84553,85197
2025-04-14T15:00:00,2025-04-14T16:30:00,short,100,85197,84231
2025-04-14T16:30:00,2025-04-14T20:00:00,long,100,84231,84783
2025-04-14T20:00:00,2025-04-14T20:30:00,short,100,84783,84737
2025-04-14T20:30:00,2025-04-14T21:00:00,long,100,84829,84691
2025-04-14T21:00:00,2025-04-14T23:00:00,short,100,84691,84599
2025-04-14T23:00:00,2025-04-15T00:00:00,long,100,84645,84507
2025-04-15T00:00:00,2025-04-15T00:30:00,short,100,84507,84645
2025-04-15T00:30:00,2025-04-15T02:00:00,long,100,84645,84783
2025-04-15T02:30:00,2025-04-15T04:00:00,long,100,84921,85197
2025-04-15T04:00:00,2025-04-15T04:30:00,short,100,85197,85243
2025-04-15T04:30:00,2025-04-15T06:30:00,long,100,85335,85335
2025-04-15T06:30:00,2025-04-15T07:00:00,short,100,85335,85473
2025-04-15T07:00:00,2025-04-15T10:00:00,long,100,85519,85795
2025-04-15T10:00:00,2025-04-15T12:30:00,short,100,85795,85611
2025-04-15T12:30:00,2025-04-15T13:30:00,long,100,85703,85657
2025-04-15T13:30:00,2025-04-15T14:30:00,short,100,85657,85059
2025-04-15T14:30:00,2025-04-15T15:30:00,long,100,85059,85013
2025-04-15T15:30:00,2025-04-15T16:00:00,short,100,84875,84967
2025-04-15T16:00:00,2025-04-15T16:30:00,long,100,84967,84875
2025-04-15T16:30:00,2025-04-15T21:30:00,short,100,84783,84139
2025-04-15T21:30:00,2025-04-15T22:00:00,long,100,84139,84001
2025-04-15T22:30:00,2025-04-16T01:00:00,short,100,83817,83265
2025-04-16T01:00:00,2025-04-16T03:30:00,long,100,83265,83679
2025-04-16T03:30:00,2025-04-16T06:30:00,short,100,83633,83495
2025-04-16T06:30:00,2025-04-16T07:00:00,long,100,83541,83495
2025-04-16T07:00:00,2025-04-16T08:00:00,short,100,83449,83449
2025-04-16T08:00:00,2025-04-16T09:30:00,long,100,83449,83587
2025-04-16T09:30:00,2025-04-16T10:00:00,short,100,83541,83679
2025-04-16T10:00:00,2025-04-16T12:30:00,long,100,83679,83955
2025-04-16T12:30:00,2025-04-16T14:00:00,short,100,83955,83817
2025-04-16T14:00:00,2025-04-16T15:30:00,long,100,83909,84875
2025-04-16T15:30:00,2025-04-16T16:30:00,short,100,84875,84921
2025-04-16T17:00:00,2025-04-16T17:30:00,long,100,85105,85105
2025-04-16T17:30:00,2025-04-16T18:00:00,short,100,85105,83357
2025-04-16T18:00:00,2025-04-16T18:30:00,long,100,83357,84231
2025-04-16T18:30:00,2025-04-16T19:30:00,short,100,84231,83955
2025-04-16T19:30:00,2025-04-16T20:30:00,long,100,84001,84415
2025-04-16T20:30:00,2025-04-16T21:00:00,short,100,84415,84369
2025-04-16T21:00:00,2025-04-16T22:00:00,long,100,84461,84415
2025-04-16T22:00:00,2025-04-16T22:30:00,short,100,84415,84415
2025-04-16T22:30:00,2025-04-16T23:00:00,long,100,84461,84323
2025-04-16T23:00:00,2025-04-17T00:30:00,short,100,84323,84139
2025-04-17T00:30:00,2025-04-17T02:00:00,long,100,84185,84185
2025-04-17T02:00:00,2025-04-17T03:30:00,short,100,84139,83955
2025-04-17T03:30:00,2025-04-17T07:30:00,long,100,83955,84737
2025-04-17T07:30:00,2025-04-17T09:30:00,short,100,84737,84461
2025-04-17T10:00:00,2025-04-17T11:00:00,short,100,84323,84415
2025-04-17T11:00:00,2025-04-17T13:00:00,long,100,84415,84599
2025-04-17T13:30:00,2025-04-17T15:00:00,short,100,84553,84139
2025-04-17T15:00:00,2025-04-17T18:30:00,long,100,84139,85059
2025-04-17T18:30:00,2025-04-17T19:30:00,short,100,85059,84829
2025-04-17T20:00:00,2025-04-17T21:00:00,long,100,84921,84921
2025-04-17T21:00:00,2025-04-17T21:30:00,short,100,84921,84967
2025-04-17T21:30:00,2025-04-17T22:30:00,long,100,85013,84921
2025-04-17T22:30:00,2025-04-17T23:00:00,short,100,84921,84783
2025-04-17T23:00:00,2025-04-18T00:00:00,long,100,84829,84829
2025-04-18T00:30:00,2025-04-18T01:00:00,short,100,84783,84921
2025-04-18T01:00:00,2025-04-18T01:30:00,long,100,84921,84967
2025-04-18T01:30:00,2025-04-18T05:30:00,short,100,84921,84691
2025-04-18T05:30:00,2025-04-18T07:00:00,long,100,84737,84599
2025-04-18T07:00:00,2025-04-18T07:30:00,short,100,84599,84599
2025-04-18T07:30:00,2025-04-18T09:00:00,long,100,84599,84553
2025-04-18T09:00:00,2025-04-18T11:30:00,short,100,84507,84645
2025-04-18T11:30:00,2025-04-18T13:00:00,long,100,84645,84507
2025-04-18T13:00:00,2025-04-18T16:00:00,short,100,84507,84461
2025-04-18T16:00:00,2025-04-18T22:00:00,long,100,84461,84415
2025-04-19T00:00:00,2025-04-19T01:00:00,short,100,84369,84507
2025-04-19T01:00:00,2025-04-19T06:00:00,long,100,84507,84967
2025-04-19T06:00:00,2025-04-19T07:00:00,short,100,84967,85059
2025-04-19T07:00:00,2025-04-19T10:00:00,long,100,85151,85151
2025-04-19T10:00:00,2025-04-19T12:00:00,short,100,85151,85289
2025-04-19T13:00:00,2025-04-19T15:30:00,long,100,85335,85289
2025-04-19T15:30:00,2025-04-19T17:00:00,short,100,85289,84967
2025-04-19T17:00:00,2025-04-19T19:30:00,long,100,85013,85013
2025-04-19T20:00:00,2025-04-19T23:00:00,long,100,85151,85151
2025-04-19T23:00:00,2025-04-20T01:00:00,short,100,85105,85197
2025-04-20T01:00:00,2025-04-20T03:30:00,long,100,85197,85105
2025-04-20T03:30:00,2025-04-20T12:00:00,short,100,85105,84139
2025-04-20T12:00:00,2025-04-20T13:30:00,long,100,84139,84231
2025-04-20T14:00:00,2025-04-20T15:00:00,long,100,84369,84415
2025-04-20T15:00:00,2025-04-20T16:00:00,short,100,84369,84461
2025-04-20T16:00:00,2025-04-20T17:00:00,long,100,84461,84415
2025-04-20T17:00:00,2025-04-20T17:30:00,short,100,84415,84553
2025-04-20T17:30:00,2025-04-20T21:00:00,long,100,84553,84921
2025-04-20T21:00:00,2025-04-20T22:30:00,short,100,84921,84829
2025-04-20T23:00:00,2025-04-21T03:30:00,long,100,84921,87175
2025-04-21T03:30:00,2025-04-21T04:30:00,short,100,87175,87221
2025-04-21T05:00:00,2025-04-21T07:00:00,long,100,87405,87359
2025-04-21T07:00:00,2025-04-21T08:00:00,short,100,87359,87497
2025-04-21T08:00:00,2025-04-21T08:30:00,long,100,87589,87497
2025-04-21T08:30:00,2025-04-21T09:30:00,short,100,87497,87451
2025-04-21T10:00:00,2025-04-21T11:30:00,short,100,87359,86945
2025-04-21T11:30:00,2025-04-21T12:30:00,long,100,86945,87129
2025-04-21T12:30:00,2025-04-21T13:00:00,short,100,87037,87129
2025-04-21T13:00:00,2025-04-21T13:30:00,long,100,87129,87083
2025-04-21T13:30:00,2025-04-21T14:00:00,short,100,87083,87129
2025-04-21T14:00:00,2025-04-21T14:30:00,long,100,87129,88187
2025-04-21T14:30:00,2025-04-21T19:00:00,short,100,88187,86899
2025-04-21T19:00:00,2025-04-21T20:00:00,long,100,86899,87221
2025-04-21T20:00:00,2025-04-21T20:30:00,short,100,87129,87221
2025-04-21T20:30:00,2025-04-21T21:00:00,long,100,87221,87221
2025-04-21T21:00:00,2025-04-21T21:30:00,short,100,87221,87267
2025-04-21T22:00:00,2025-04-21T22:30:00,short,100,87129,87083
2025-04-21T22:30:00,2025-04-22T02:00:00,long,100,87129,88187
2025-04-22T02:00:00,2025-04-22T02:30:00,short,100,88187,88141
2025-04-22T04:30:00,2025-04-22T05:00:00,short,100,88049,88141
2025-04-22T05:30:00,2025-04-22T06:00:00,long,100,88233,88187
2025-04-22T06:00:00,2025-04-22T06:30:00,short,100,88187,88141
2025-04-22T06:30:00,2025-04-22T10:00:00,long,100,88187,88371
2025-04-22T10:00:00,2025-04-22T10:30:00,short,100,88371,88417
2025-04-22T10:30:00,2025-04-22T16:00:00,long,100,88463,90717
2025-04-22T16:00:00,2025-04-22T17:00:00,short,100,90717,90717
2025-04-22T17:00:00,2025-04-22T18:00:00,long,100,90901,91177
2025-04-22T18:00:00,2025-04-22T18:30:00,short,100,91177,91269
2025-04-22T18:30:00,2025-04-22T19:30:00,long,100,91407,91407
2025-04-22T19:30:00,2025-04-22T21:00:00,short,100,91407,91223
2025-04-22T21:00:00,2025-04-22T22:30:00,long,100,91315,92787
2025-04-22T22:30:00,2025-04-22T23:00:00,short,100,92787,92833
2025-04-22T23:00:00,2025-04-22T23:30:00,long,100,93017,93431
2025-04-22T23:30:00,2025-04-23T01:00:00,short,100,93431,93017
2025-04-23T01:00:00,2025-04-23T01:30:00,long,100,93063,93109
2025-04-23T01:30:00,2025-04-23T02:00:00,short,100,93063,92741
2025-04-23T02:00:00,2025-04-23T02:30:00,long,100,92741,92833
2025-04-23T03:00:00,2025-04-23T05:00:00,long,100,92925,93431
2025-04-23T05:00:00,2025-04-23T05:30:00,short,100,93431,93477
2025-04-23T06:00:00,2025-04-23T07:00:00,long,100,93569,93523
2025-04-23T07:00:00,2025-04-23T07:30:00,short,100,93523,93615
2025-04-23T07:30:00,2025-04-23T09:00:00,long,100,93707,94075
2025-04-23T09:00:00,2025-04-23T12:00:00,short,100,94075,93569
2025-04-23T12:00:00,2025-04-23T13:30:00,long,100,93569,93799
2025-04-23T13:30:00,2025-04-23T14:00:00,short,100,93753,93109
2025-04-23T14:00:00,2025-04-23T14:30:00,long,100,93109,92971
2025-04-23T15:00:00,2025-04-23T15:30:00,short,100,92833,92281
2025-04-23T15:30:00,2025-04-23T18:30:00,long,100,92281,93707
2025-04-23T18:30:00,2025-04-23T19:30:00,short,100,93707,93109
2025-04-23T19:30:00,2025-04-23T21:30:00,long,100,93109,93523
2025-04-23T21:30:00,2025-04-23T22:30:00,short,100,93477,93523
2025-04-23T22:30:00,2025-04-23T23:00:00,long,100,93569,93615
2025-04-23T23:00:00,2025-04-24T01:30:00,short,100,93615,93385
2025-04-24T01:30:00,2025-04-24T02:30:00,long,100,93431,93339
2025-04-24T02:30:00,2025-04-24T03:00:00,short,100,93339,93155
2025-04-24T03:00:00,2025-04-24T03:30:00,long,100,93155,93109
2025-04-24T03:30:00,2025-04-24T04:00:00,short,100,93063,92741
2025-04-24T04:00:00,2025-04-24T06:00:00,long,100,92741,92603
2025-04-24T06:30:00,2025-04-24T08:30:00,short,100,92511,92005
2025-04-24T08:30:00,2025-04-24T16:30:00,long,100,92005,93293
2025-04-24T16:30:00,2025-04-24T18:00:00,short,100,93293,93109
2025-04-24T18:00:00,2025-04-24T20:30:00,long,100,93201,93339
2025-04-24T20:30:00,2025-04-24T21:30:00,short,100,93339,93293
2025-04-24T22:00:00,2025-04-25T00:00:00,long,100,93385,93753
2025-04-25T00:00:00,2025-04-25T00:30:00,short,100,93753,93707
2025-04-25T00:30:00,2025-04-25T01:00:00,long,100,93799,93707
2025-04-25T01:00:00,2025-04-25T03:00:00,short,100,93707,93109
2025-04-25T03:00:00,2025-04-25T04:30:00,long,100,93109,93109
2025-04-25T04:30:00,2025-04-25T05:00:00,short,100,93017,93109
2025-04-25T05:00:00,2025-04-25T05:30:00,long,100,93109,93247
2025-04-25T05:30:00,2025-04-25T06:00:00,short,100,93201,93293
2025-04-25T06:00:00,2025-04-25T08:30:00,long,100,93293,93615
2025-04-25T08:30:00,2025-04-25T09:30:00,short,100,93615,93753
2025-04-25T09:30:00,2025-04-25T10:00:00,long,100,93799,93661
2025-04-25T10:00:00,2025-04-25T11:00:00,short,100,93661,93753
2025-04-25T11:00:00,2025-04-25T12:00:00,long,100,93845,94443
2025-04-25T12:00:00,2025-04-25T13:30:00,short,100,94443,94305
2025-04-25T14:00:00,2025-04-25T15:30:00,long,100,94397,95179
2025-04-25T15:30:00,2025-04-25T16:30:00,short,100,95179,95133
2025-04-25T17:00:00,2025-04-25T17:30:00,long,100,95271,95179
2025-04-25T17:30:00,2025-04-25T18:00:00,short,100,95179,94581
2025-04-25T18:00:00,2025-04-25T20:00:00,long,100,94581,95041
2025-04-25T20:00:00,2025-04-25T22:00:00,short,100,94995,94719
2025-04-25T22:00:00,2025-04-25T23:00:00,long,100,94765,94673
2025-04-25T23:30:00,2025-04-26T00:30:00,short,100,94627,94765
2025-04-26T00:30:00,2025-04-26T02:00:00,long,100,94765,94811
2025-04-26T02:30:00,2025-04-26T03:00:00,long,100,94949,94811
2025-04-26T03:00:00,2025-04-26T06:30:00,short,100,94811,94627
2025-04-26T07:30:00,2025-04-26T08:00:00,short,100,94489,94627
2025-04-26T08:00:00,2025-04-26T08:30:00,long,100,94627,94489
2025-04-26T08:30:00,2025-04-26T12:00:00,short,100,94443,94259
2025-04-26T12:00:00,2025-04-26T13:00:00,long,100,94259,94121
2025-04-26T13:00:00,2025-04-26T13:30:00,short,100,94075,94121
2025-04-26T13:30:00,2025-04-26T18:30:00,long,100,94121,94167
2025-04-26T18:30:00,2025-04-26T19:00:00,short,100,94075,94213
2025-04-26T19:00:00,2025-04-26T20:30:00,long,100,94213,94121
2025-04-26T20:30:00,2025-04-26T21:00:00,short,100,94075,94167
2025-04-26T21:00:00,2025-04-26T23:30:00,long,100,94167,94581
2025-04-26T23:30:00,2025-04-27T00:00:00,short,100,94581,94673
2025-04-27T00:00:00,2025-04-27T00:30:00,long,100,94719,94811
2025-04-27T00:30:00,2025-04-27T02:00:00,short,100,94811,94213
2025-04-27T02:00:00,2025-04-27T03:00:00,long,100,94213,94167
2025-04-27T04:30:00,2025-04-27T05:30:00,short,100,94075,93891
2025-04-27T05:30:00,2025-04-27T10:00:00,long,100,93891,94029
2025-04-27T10:00:00,2025-04-27T13:30:00,short,100,93937,93845
2025-04-27T13:30:00,2025-04-27T15:00:00,long,100,93845,93891
2025-04-27T15:00:00,2025-04-27T15:30:00,short,100,93845,93845
2025-04-27T15:30:00,2025-04-27T16:00:00,long,100,93845,93753
2025-04-27T16:00:00,2025-04-27T17:00:00,short,100,93753,93891
2025-04-27T17:00:00,2025-04-27T20:00:00,long,100,93891,94213
2025-04-27T20:00:00,2025-04-27T21:00:00,short,100,94213,94351
2025-04-27T21:00:00,2025-04-27T22:00:00,long,100,94351,94213
2025-04-27T22:00:00,2025-04-27T22:30:00,short,100,94213,93891
2025-04-27T22:30:00,2025-04-27T23:00:00,long,100,93937,93799
2025-04-27T23:00:00,2025-04-28T02:00:00,short,100,93799,93063
2025-04-28T02:00:00,2025-04-28T04:30:00,long,100,93063,93937
2025-04-28T04:30:00,2025-04-28T05:00:00,short,100,93937,94075
2025-04-28T06:00:00,2025-04-28T08:30:00,long,100,94213,94627
2025-04-28T08:30:00,2025-04-28T10:30:00,short,100,94627,94719
2025-04-28T10:30:00,2025-04-28T11:30:00,long,100,94903,95271
2025-04-28T11:30:00,2025-04-28T14:00:00,short,100,95271,94075
2025-04-28T14:00:00,2025-04-28T14:30:00,long,100,94075,94489
2025-04-28T14:30:00,2025-04-28T17:30:00,short,100,94443,93661
2025-04-28T17:30:00,2025-04-28T18:00:00,long,100,93661,93937
2025-04-28T18:00:00,2025-04-28T18:30:00,short,100,93845,93937
2025-04-28T18:30:00,2025-04-28T20:00:00,long,100,93937,94581
2025-04-28T20:00:00,2025-04-28T21:30:00,short,100,94581,94535
2025-04-28T22:30:00,2025-04-29T01:30:00,long,100,94673,94857
2025-04-29T01:30:00,2025-04-29T04:00:00,short,100,94857,94719
2025-04-29T04:00:00,2025-04-29T04:30:00,long,100,94811,94719
2025-04-29T04:30:00,2025-04-29T06:00:00,short,100,94719,94397
2025-04-29T06:00:00,2025-04-29T10:30:00,long,100,94397,94811
2025-04-29T10:30:00,2025-04-29T11:00:00,short,100,94765,94903
2025-04-29T11:00:00,2025-04-29T11:30:00,long,100,94949,95087
2025-04-29T11:30:00,2025-04-29T14:30:00,short,100,95087,94857
2025-04-29T14:30:00,2025-04-29T15:00:00,long,100,94903,94903
2025-04-29T15:00:00,2025-04-29T16:00:00,short,100,94857,94949
2025-04-29T16:00:00,2025-04-29T16:30:00,long,100,94949,94995
2025-04-29T16:30:00,2025-04-29T17:00:00,short,100,94949,95041
2025-04-29T17:00:00,2025-04-29T20:00:00,long,100,95087,95179
2025-04-29T20:00:00,2025-04-29T21:30:00,short,100,95179,94673
2025-04-29T21:30:00,2025-04-29T22:00:00,long,100,94673,94581
2025-04-29T22:00:00,2025-04-29T23:30:00,short,100,94489,94029
2025-04-29T23:30:00,2025-04-30T05:30:00,long,100,94029,94857
2025-04-30T05:30:00,2025-04-30T06:00:00,short,100,94857,94949
2025-04-30T06:30:00,2025-04-30T08:30:00,short,100,94811,94627
2025-04-30T08:30:00,2025-04-30T12:00:00,long,100,94673,94949
2025-04-30T12:00:00,2025-04-30T14:00:00,short,100,94949,93155
2025-04-30T14:00:00,2025-04-30T14:30:00,long,100,93155,93937
2025-04-30T14:30:00,2025-04-30T15:00:00,short,100,93937,93799
2025-04-30T15:30:00,2025-04-30T16:00:00,long,100,93891,93799
2025-04-30T16:00:00,2025-04-30T16:30:00,short,100,93799,93799
2025-04-30T16:30:00,2025-04-30T19:00:00,long,100,93845,93937
2025-04-30T19:00:00,2025-04-30T19:30:00,short,100,93891,93845
2025-04-30T19:30:00,2025-04-30T20:30:00,long,100,93891,94489
2025-04-30T20:30:00,2025-04-30T21:00:00,short,100,94489,94627
2025-04-30T21:30:00,2025-04-30T23:00:00,short,100,94489,94213
2025-05-01T00:30:00,2025-05-01T03:30:00,long,100,94259,94719
2025-05-01T03:30:00,2025-05-01T04:30:00,short,100,94719,94857
2025-05-01T05:30:00,2025-05-01T06:00:00,long,100,94903,94949
2025-05-01T06:00:00,2025-05-01T07:30:00,short,100,94949,94995
2025-05-01T08:00:00,2025-05-01T10:30:00,long,100,95087,96099
2025-05-01T10:30:00,2025-05-01T11:30:00,short,100,96099,96053
2025-05-01T12:30:00,2025-05-01T13:30:00,long,100,96191,96421
2025-05-01T13:30:00,2025-05-01T14:00:00,short,100,96421,95869
2025-05-01T14:00:00,2025-05-01T15:30:00,long,100,95869,96927
2025-05-01T15:30:00,2025-05-01T16:00:00,short,100,96927,96927
2025-05-01T16:00:00,2025-05-01T16:30:00,long,100,97065,97019
2025-05-01T16:30:00,2025-05-01T18:30:00,short,100,97019,96605
2025-05-01T18:30:00,2025-05-01T19:00:00,long,100,96651,96697
2025-05-01T19:00:00,2025-05-01T19:30:00,short,100,96605,96513
2025-05-01T19:30:00,2025-05-01T20:30:00,long,100,96513,96467
2025-05-01T20:30:00,2025-05-01T21:00:00,short,100,96421,96467
2025-05-01T21:00:00,2025-05-01T21:30:00,long,100,96467,96421
2025-05-01T21:30:00,2025-05-01T22:00:00,short,100,96375,96513
2025-05-01T22:00:00,2025-05-01T22:30:00,long,100,96513,96421
2025-05-01T22:30:00,2025-05-01T23:30:00,short,100,96375,96421
2025-05-01T23:30:00,2025-05-02T04:30:00,long,100,96421,96881
2025-05-02T04:30:00,2025-05-02T08:00:00,short,100,96881,96467
2025-05-02T08:00:00,2025-05-02T12:00:00,long,100,96513,96743
2025-05-02T12:00:00,2025-05-02T12:30:00,short,100,96697,96835
2025-05-02T12:30:00,2025-05-02T13:00:00,long,100,96835,97019
2025-05-02T13:00:00,2025-05-02T14:00:00,short,100,97019,96881
2025-05-02T14:00:00,2025-05-02T15:00:00,long,100,96973,97525
2025-05-02T15:00:00,2025-05-02T15:30:00,short,100,97525,97203
2025-05-02T15:30:00,2025-05-02T16:30:00,long,100,97249,97387
2025-05-02T16:30:00,2025-05-02T18:00:00,short,100,97341,97387
2025-05-02T18:30:00,2025-05-02T23:30:00,short,100,97249,96789
2025-05-02T23:30:00,2025-05-03T00:00:00,long,100,96789,96697
2025-05-03T01:00:00,2025-05-03T02:00:00,short,100,96605,96605
2025-05-03T02:00:00,2025-05-03T02:30:00,long,100,96605,96513
2025-05-03T03:00:00,2025-05-03T04:00:00,short,100,96421,96467
2025-05-03T04:00:00,2025-05-03T06:00:00,long,100,96467,96329
2025-05-03T06:00:00,2025-05-03T07:30:00,short,100,96283,96283
2025-05-03T07:30:00,2025-05-03T09:30:00,long,100,96283,96191
2025-05-03T10:30:00,2025-05-03T11:00:00,short,100,96099,96007
2025-05-03T11:00:00,2025-05-03T11:30:00,long,100,96007,95869
2025-05-03T12:00:00,2025-05-03T16:00:00,long,100,96007,96191
2025-05-03T17:00:00,2025-05-03T19:00:00,short,100,96145,96237
2025-05-03T19:00:00,2025-05-03T21:30:00,long,100,96237,96191
2025-05-03T21:30:00,2025-05-04T01:30:00,short,100,96191,95961
2025-05-04T01:30:00,2025-05-04T02:30:00,long,100,96007,96007
2025-05-04T02:30:00,2025-05-04T04:00:00,short,100,95961,95823
2025-05-04T04:00:00,2025-05-04T04:30:00,long,100,95823,95777
2025-05-04T04:30:00,2025-05-04T05:00:00,short,100,95731,95777
2025-05-04T05:00:00,2025-05-04T06:30:00,long,100,95777,95823
2025-05-04T08:00:00,2025-05-04T14:00:00,short,100,95777,95501
2025-05-04T14:00:00,2025-05-04T15:30:00,long,100,95501,95409
2025-05-04T16:30:00,2025-05-04T18:00:00,short,100,95363,95455
2025-05-04T18:00:00,2025-05-04T18:30:00,long,100,95455,95317
2025-05-04T19:00:00,2025-05-04T22:00:00,long,100,95455,95501
2025-05-04T22:00:00,2025-05-05T00:00:00,short,100,95455,94397
2025-05-05T00:00:00,2025-05-05T01:00:00,long,100,94397,94581
2025-05-05T01:00:00,2025-05-05T02:00:00,short,100,94489,94029
2025-05-05T02:00:00,2025-05-05T03:00:00,long,100,94029,94121
2025-05-05T03:00:00,2025-05-05T04:00:00,short,100,94029,94075
2025-05-05T04:00:00,2025-05-05T06:00:00,long,100,94075,94535
2025-05-05T06:00:00,2025-05-05T06:30:00,short,100,94535,94673
2025-05-05T06:30:00,2025-05-05T07:00:00,long,100,94719,94627
2025-05-05T07:00:00,2025-05-05T07:30:00,short,100,94627,94627
2025-05-05T07:30:00,2025-05-05T08:00:00,long,100,94719,94581
2025-05-05T08:00:00,2025-05-05T12:00:00,short,100,94581,94121
2025-05-05T12:00:00,2025-05-05T13:00:00,long,100,94121,94167
2025-05-05T13:00:00,2025-05-05T13:30:00,short,100,94075,94213
2025-05-05T13:30:00,2025-05-05T14:00:00,long,100,94213,94075
2025-05-05T14:00:00,2025-05-05T16:00:00,short,100,94075,93891
2025-05-05T16:00:00,2025-05-05T19:30:00,long,100,93891,94535
2025-05-05T19:30:00,2025-05-05T21:00:00,short,100,94535,94305
2025-05-05T21:00:00,2025-05-05T23:00:00,long,100,94397,94857
2025-05-05T23:00:00,2025-05-06T01:00:00,short,100,94857,94719
2025-05-06T01:00:00,2025-05-06T01:30:00,long,100,94811,94673
2025-05-06T01:30:00,2025-05-06T02:30:00,short,100,94673,94213
2025-05-06T02:30:00,2025-05-06T05:00:00,long,100,94213,94397
2025-05-06T05:00:00,2025-05-06T06:30:00,short,100,94305,94443
2025-05-06T06:30:00,2025-05-06T07:00:00,long,100,94443,94351
2025-05-06T07:00:00,2025-05-06T08:30:00,short,100,94351,94167
2025-05-06T08:30:00,2025-05-06T09:00:00,long,100,94167,94259
2025-05-06T09:00:00,2025-05-06T12:30:00,short,100,94213,93937
2025-05-06T12:30:00,2025-05-06T13:00:00,long,100,93937,93799
2025-05-06T13:00:00,2025-05-06T14:00:00,short,100,93799,93753
2025-05-06T14:00:00,2025-05-06T14:30:00,long,100,93753,94167
2025-05-06T14:30:00,2025-05-06T15:00:00,short,100,94121,94213
2025-05-06T15:00:00,2025-05-06T16:30:00,long,100,94259,94351
2025-05-06T16:30:00,2025-05-06T17:00:00,short,100,94351,94305
2025-05-06T17:00:00,2025-05-06T17:30:00,long,100,94397,94535
2025-05-06T17:30:00,2025-05-06T18:00:00,short,100,94535,94581
2025-05-06T18:00:00,2025-05-06T19:30:00,long,100,94627,94903
2025-05-06T19:30:00,2025-05-06T21:30:00,short,100,94903,94627
2025-05-06T21:30:00,2025-05-07T01:30:00,long,100,94673,97341
2025-05-07T01:30:00,2025-05-07T04:00:00,short,100,97341,96559
2025-05-07T04:00:00,2025-05-07T05:00:00,long,100,96559,96421
2025-05-07T06:00:00,2025-05-07T09:00:00,long,100,96513,96835
2025-05-07T09:30:00,2025-05-07T10:00:00,long,100,96973,96835
2025-05-07T10:00:00,2025-05-07T10:30:00,short,100,96835,96927
2025-05-07T10:30:00,2025-05-07T11:00:00,long,100,96973,96881
2025-05-07T11:00:00,2025-05-07T11:30:00,short,100,96881,97019
2025-05-07T11:30:00,2025-05-07T13:00:00,long,100,97019,96881
2025-05-07T13:00:00,2025-05-07T13:30:00,short,100,96881,96789
2025-05-07T13:30:00,2025-05-07T14:30:00,long,100,96835,97249
2025-05-07T14:30:00,2025-05-07T15:00:00,short,100,97249,97019
2025-05-07T15:30:00,2025-05-07T16:30:00,short,100,96881,96651
2025-05-07T16:30:00,2025-05-07T17:00:00,long,100,96651,96697
2025-05-07T17:00:00,2025-05-07T18:30:00,short,100,96605,96467
2025-05-07T18:30:00,2025-05-07T19:00:00,long,100,96467,96421
2025-05-07T19:00:00,2025-05-07T19:30:00,short,100,96329,96099
2025-05-07T19:30:00,2025-05-07T22:00:00,long,100,96099,96973
2025-05-07T22:00:00,2025-05-07T22:30:00,short,100,96973,97111
2025-05-07T22:30:00,2025-05-07T23:30:00,long,100,97249,97111
2025-05-07T23:30:00,2025-05-08T00:00:00,short,100,97111,97111
2025-05-08T00:30:00,2025-05-08T01:30:00,long,100,97249,97801
2025-05-08T01:30:00,2025-05-08T02:00:00,short,100,97801,97893
2025-05-08T02:00:00,2025-05-08T04:30:00,long,100,98031,99135
2025-05-08T04:30:00,2025-05-08T06:30:00,short,100,99135,98859
2025-05-08T06:30:00,2025-05-08T11:00:00,long,100,98951,99641
2025-05-08T11:00:00,2025-05-08T13:00:00,short,100,99641,99411
2025-05-08T13:30:00,2025-05-08T14:00:00,short,100,99273,99365
2025-05-08T14:00:00,2025-05-08T14:30:00,long,100,99365,99365
2025-05-08T14:30:00,2025-05-08T15:00:00,short,100,99319,99457
2025-05-08T15:00:00,2025-05-08T17:30:00,long,100,99457,101343
2025-05-08T17:30:00,2025-05-08T18:00:00,short,100,101343,101113
2025-05-08T18:00:00,2025-05-08T19:00:00,long,100,101205,101159
2025-05-08T19:00:00,2025-05-08T19:30:00,short,100,101159,101297
2025-05-08T19:30:00,2025-05-08T21:30:00,long,100,101297,103137
2025-05-08T21:30:00,2025-05-08T22:30:00,short,100,103137,102907
2025-05-08T22:30:00,2025-05-08T23:00:00,long,100,102999,102907
2025-05-08T23:00:00,2025-05-08T23:30:00,short,100,102907,102953
2025-05-08T23:30:00,2025-05-09T00:00:00,long,100,102999,103137
2025-05-09T00:00:00,2025-05-09T01:30:00,short,100,103137,102907
2025-05-09T01:30:00,2025-05-09T02:00:00,long,100,102953,102953
2025-05-09T02:00:00,2025-05-09T04:00:00,short,100,102907,102585
2025-05-09T04:00:00,2025-05-09T07:30:00,long,100,102585,103597
2025-05-09T07:30:00,2025-05-09T09:30:00,short,100,103597,102723
2025-05-09T09:30:00,2025-05-09T11:00:00,long,100,102723,103183
2025-05-09T11:00:00,2025-05-09T12:00:00,short,100,103137,103091
2025-05-09T12:30:00,2025-05-09T13:00:00,short,100,102953,102999
2025-05-09T13:30:00,2025-05-09T14:00:00,long,100,103045,103459
2025-05-09T14:00:00,2025-05-09T14:30:00,short,100,103459,102723
2025-05-09T14:30:00,2025-05-09T15:00:00,long,100,102723,102999
2025-05-09T15:00:00,2025-05-09T17:00:00,short,100,102953,102631
2025-05-09T17:00:00,2025-05-09T19:00:00,long,100,102631,103045
2025-05-09T19:00:00,2025-05-09T19:30:00,short,100,102999,103091
2025-05-09T19:30:00,2025-05-09T20:30:00,long,100,103137,103137
2025-05-09T20:30:00,2025-05-09T22:00:00,short,100,103137,103045
2025-05-09T22:30:00,2025-05-09T23:00:00,short,100,102907,102861
2025-05-09T23:00:00,2025-05-10T00:30:00,long,100,102861,102815
2025-05-10T01:00:00,2025-05-10T01:30:00,long,100,102953,102907
2025-05-10T02:30:00,2025-05-10T03:00:00,long,100,103045,102999
2025-05-10T03:00:00,2025-05-10T03:30:00,short,100,102999,103091
2025-05-10T03:30:00,2025-05-10T04:00:00,long,100,103091,103091
2025-05-10T04:00:00,2025-05-10T05:30:00,short,100,103091,103229
2025-05-10T05:30:00,2025-05-10T07:00:00,long,100,103229,103735
2025-05-10T07:00:00,2025-05-10T08:00:00,short,100,103735,103827
2025-05-10T08:00:00,2025-05-10T08:30:00,long,100,103965,103873
2025-05-10T08:30:00,2025-05-10T09:30:00,short,100,103873,103735
2025-05-10T10:30:00,2025-05-10T12:00:00,short,100,103597,103551
2025-05-10T12:00:00,2025-05-10T13:00:00,long,100,103597,103551
2025-05-10T13:00:00,2025-05-10T16:00:00,short,100,103505,103275
2025-05-10T16:00:00,2025-05-10T17:30:00,long,100,103275,103229
2025-05-10T17:30:00,2025-05-10T21:30:00,short,100,103137,103275
2025-05-10T21:30:00,2025-05-10T22:00:00,long,100,103275,103597
2025-05-10T22:00:00,2025-05-10T23:00:00,short,100,103551,103689
2025-05-10T23:00:00,2025-05-11T00:00:00,long,100,103735,104655
2025-05-11T00:00:00,2025-05-11T00:30:00,short,100,104655,104011
2025-05-11T00:30:00,2025-05-11T01:30:00,long,100,104011,104287
2025-05-11T01:30:00,2025-05-11T03:00:00,short,100,104241,103873
2025-05-11T03:00:00,2025-05-11T05:00:00,long,100,103873,104057
2025-05-11T05:00:00,2025-05-11T08:00:00,short,100,104011,103505
2025-05-11T08:00:00,2025-05-11T11:00:00,long,100,103505,104471
2025-05-11T11:00:00,2025-05-11T11:30:00,short,100,104471,104609
2025-05-11T13:00:00,2025-05-11T14:30:00,short,100,104517,104057
2025-05-11T14:30:00,2025-05-11T15:30:00,long,100,104103,104149
2025-05-11T15:30:00,2025-05-11T18:30:00,short,100,104057,104057
2025-05-11T18:30:00,2025-05-11T19:30:00,long,100,104057,104379
2025-05-11T20:30:00,2025-05-11T21:30:00,short,100,104333,104287
2025-05-11T21:30:00,2025-05-11T22:00:00,long,100,104333,104195
2025-05-11T22:00:00,2025-05-11T23:00:00,short,100,104195,103919
2025-05-11T23:00:00,2025-05-12T01:00:00,long,100,103919,104379
2025-05-12T01:00:00,2025-05-12T03:30:00,short,100,104379,104011
2025-05-12T03:30:00,2025-05-12T04:00:00,long,100,104057,103965
2025-05-12T04:00:00,2025-05-12T04:30:00,short,100,103919,103965
2025-05-12T04:30:00,2025-05-12T05:00:00,long,100,103965,103919
2025-05-12T05:00:00,2025-05-12T05:30:00,short,100,103873,103873
2025-05-12T05:30:00,2025-05-12T07:30:00,long,100,103873,105253
2025-05-12T07:30:00,2025-05-12T08:30:00,short,100,105253,104425
2025-05-12T08:30:00,2025-05-12T09:00:00,long,100,104425,104471
2025-05-12T10:00:00,2025-05-12T10:30:00,short,100,104333,104425
2025-05-12T10:30:00,2025-05-12T11:00:00,long,100,104425,104379
2025-05-12T11:00:00,2025-05-12T12:00:00,short,100,104333,103873
2025-05-12T12:00:00,2025-05-12T12:30:00,long,100,103873,103827
2025-05-12T13:00:00,2025-05-12T14:00:00,long,100,103965,104149
2025-05-12T14:00:00,2025-05-12T15:00:00,short,100,104103,102907
2025-05-12T15:00:00,2025-05-12T15:30:00,long,100,102907,102815
2025-05-12T15:30:00,2025-05-12T16:00:00,short,100,102631,102585
2025-05-12T16:00:00,2025-05-12T16:30:00,long,100,102585,102815
2025-05-12T17:00:00,2025-05-12T17:30:00,long,100,102907,102769
2025-05-12T17:30:00,2025-05-12T19:30:00,short,100,102769,101757
2025-05-12T19:30:00,2025-05-12T21:00:00,long,100,101757,102493
2025-05-12T21:00:00,2025-05-12T21:30:00,short,100,102493,102447
2025-05-12T22:00:00,2025-05-12T23:30:00,long,100,102539,102907
2025-05-12T23:30:00,2025-05-13T01:00:00,short,100,102907,102401
2025-05-13T01:00:00,2025-05-13T02:00:00,long,100,102401,102309
2025-05-13T02:00:00,2025-05-13T04:00:00,short,100,102263,101757
2025-05-13T04:00:00,2025-05-13T05:00:00,long,100,101757,102539
2025-05-13T05:00:00,2025-05-13T06:30:00,short,100,102539,102493
2025-05-13T07:00:00,2025-05-13T08:00:00,long,100,102585,102585
2025-05-13T08:00:00,2025-05-13T08:30:00,short,100,102585,102677
2025-05-13T08:30:00,2025-05-13T12:00:00,long,100,102723,103551
2025-05-13T12:00:00,2025-05-13T12:30:00,short,100,103551,103643
2025-05-13T14:00:00,2025-05-13T15:00:00,short,100,103597,103321
2025-05-13T15:00:00,2025-05-13T16:30:00,long,100,103367,103965
2025-05-13T16:30:00,2025-05-13T17:00:00,short,100,103965,103827
2025-05-13T17:30:00,2025-05-13T20:00:00,long,100,103919,104609
2025-05-13T20:00:00,2025-05-13T23:30:00,short,100,104609,104103
2025-05-14T00:00:00,2025-05-14T04:00:00,short,100,103965,103689
2025-05-14T04:00:00,2025-05-14T06:30:00,long,100,103689,103689
2025-05-14T07:00:00,2025-05-14T07:30:00,short,100,103551,103597
2025-05-14T07:30:00,2025-05-14T08:30:00,long,100,103597,103551
2025-05-14T08:30:00,2025-05-14T09:00:00,short,100,103459,103275
2025-05-14T09:00:00,2025-05-14T10:30:00,long,100,103275,103643
2025-05-14T11:00:00,2025-05-14T13:30:00,long,100,103781,103919
2025-05-14T13:30:00,2025-05-14T14:30:00,short,100,103919,103229
2025-05-14T14:30:00,2025-05-14T16:30:00,long,100,103229,103321
2025-05-14T17:00:00,2025-05-14T17:30:00,short,100,103229,102999
2025-05-14T17:30:00,2025-05-14T19:30:00,long,100,102999,103321
2025-05-14T19:30:00,2025-05-14T20:00:00,short,100,103275,103413
2025-05-14T20:00:00,2025-05-15T01:00:00,long,100,103413,103597
2025-05-15T01:00:00,2025-05-15T04:30:00,short,100,103597,102861
2025-05-15T04:30:00,2025-05-15T05:00:00,long,100,102861,102769
2025-05-15T05:00:00,2025-05-15T06:00:00,short,100,102631,102493
2025-05-15T06:00:00,2025-05-15T06:30:00,long,100,102493,102493
2025-05-15T06:30:00,2025-05-15T08:00:00,short,100,102355,101895
2025-05-15T08:00:00,2025-05-15T09:00:00,long,100,101895,102079
2025-05-15T09:00:00,2025-05-15T11:00:00,short,100,101987,101941
2025-05-15T11:00:00,2025-05-15T13:30:00,long,100,101941,102401
2025-05-15T13:30:00,2025-05-15T15:00:00,short,100,102401,102125
2025-05-15T15:00:00,2025-05-15T18:00:00,long,100,102171,103781
2025-05-15T18:00:00,2025-05-15T19:30:00,short,100,103781,102815
2025-05-15T19:30:00,2025-05-15T21:00:00,long,100,102815,103229
2025-05-15T21:00:00,2025-05-15T21:30:00,short,100,103183,103137
2025-05-15T21:30:00,2025-05-15T22:30:00,long,100,103183,103505
2025-05-15T22:30:00,2025-05-15T23:30:00,short,100,103505,103597
2025-05-15T23:30:00,2025-05-16T03:30:00,long,100,103689,104103
2025-05-16T03:30:00,2025-05-16T07:00:00,short,100,104103,104011
2025-05-16T07:30:00,2025-05-16T09:00:00,short,100,103919,103413
2025-05-16T09:00:00,2025-05-16T11:00:00,long,100,103413,103597
2025-05-16T12:30:00,2025-05-16T13:30:00,short,100,103505,103643
2025-05-16T13:30:00,2025-05-16T14:00:00,long,100,103643,103827
2025-05-16T14:00:00,2025-05-16T15:00:00,short,100,103827,103689
2025-05-16T15:00:00,2025-05-16T16:00:00,long,100,103735,104011
2025-05-16T16:00:00,2025-05-16T16:30:00,short,100,104011,104011
2025-05-16T16:30:00,2025-05-16T17:30:00,long,100,104103,104057
2025-05-16T17:30:00,2025-05-16T19:30:00,short,100,104057,103781
2025-05-16T19:30:00,2025-05-16T20:00:00,long,100,103827,103873
2025-05-16T20:00:00,2025-05-16T23:00:00,short,100,103827,103597
2025-05-16T23:00:00,2025-05-16T23:30:00,long,100,103597,103459
2025-05-16T23:30:00,2025-05-17T02:00:00,short,100,103459,102953
2025-05-17T02:00:00,2025-05-17T05:30:00,long,100,102953,103459
2025-05-17T05:30:00,2025-05-17T06:30:00,short,100,103413,103413
2025-05-17T07:00:00,2025-05-17T07:30:00,long,100,103505,103413
2025-05-17T07:30:00,2025-05-17T11:30:00,short,100,103413,102907
2025-05-17T11:30:00,2025-05-17T13:30:00,long,100,102907,102815
2025-05-17T13:30:00,2025-05-17T14:00:00,short,100,102723,102815
2025-05-17T14:00:00,2025-05-17T15:30:00,long,100,102815,102907
2025-05-17T17:00:00,2025-05-17T17:30:00,long,100,103045,103091
2025-05-17T18:30:00,2025-05-17T19:30:00,short,100,103045,103137
2025-05-17T20:30:00,2025-05-17T21:00:00,long,100,103183,103183
2025-05-17T21:00:00,2025-05-17T23:00:00,short,100,103183,103045
2025-05-17T23:00:00,2025-05-18T01:00:00,long,100,103091,103183
2025-05-18T02:30:00,2025-05-18T03:00:00,long,100,103321,103183
2025-05-18T03:00:00,2025-05-18T03:30:00,short,100,103183,103229
2025-05-18T03:30:00,2025-05-18T06:00:00,long,100,103275,103459
2025-05-18T06:00:00,2025-05-18T07:00:00,short,100,103459,103597
2025-05-18T07:00:00,2025-05-18T10:00:00,long,100,103597,103781
2025-05-18T10:00:00,2025-05-18T10:30:00,short,100,103781,103873
2025-05-18T11:30:00,2025-05-18T12:00:00,short,100,103735,103873
2025-05-18T13:30:00,2025-05-18T17:00:00,long,100,103965,105621
2025-05-18T17:00:00,2025-05-18T20:30:00,short,100,105621,104011
2025-05-18T20:30:00,2025-05-18T21:30:00,long,100,104011,104103
2025-05-18T22:00:00,2025-05-19T00:00:00,long,100,104241,106265
2025-05-19T00:00:00,2025-05-19T05:30:00,short,100,106265,102861
2025-05-19T05:30:00,2025-05-19T06:00:00,long,100,102861,102907
2025-05-19T06:00:00,2025-05-19T07:00:00,short,100,102723,102355
2025-05-19T07:00:00,2025-05-19T09:30:00,long,100,102355,103045
2025-05-19T09:30:00,2025-05-19T11:00:00,short,100,103045,103045
2025-05-19T11:30:00,2025-05-19T13:30:00,short,100,102907,102585
2025-05-19T13:30:00,2025-05-19T17:00:00,long,100,102585,105161
2025-05-19T17:00:00,2025-05-19T17:30:00,short,100,105161,105299
2025-05-19T18:00:00,2025-05-19T19:30:00,short,100,105253,104931
2025-05-19T19:30:00,2025-05-19T20:30:00,long,100,104977,105529
2025-05-19T20:30:00,2025-05-19T21:30:00,short,100,105529,105161
2025-05-19T21:30:00,2025-05-19T22:00:00,long,100,105207,105299
2025-05-19T22:00:00,2025-05-19T22:30:00,short,100,105253,105299
2025-05-19T22:30:00,2025-05-20T02:30:00,long,100,105299,106265
2025-05-20T02:30:00,2025-05-20T04:30:00,short,100,106265,105713
2025-05-20T04:30:00,2025-05-20T05:30:00,long,100,105713,106127
2025-05-20T05:30:00,2025-05-20T08:30:00,short,100,106081,105023
2025-05-20T08:30:00,2025-05-20T10:30:00,long,100,105023,105115
2025-05-20T10:30:00,2025-05-20T11:00:00,short,100,104977,105115
2025-05-20T11:00:00,2025-05-20T12:00:00,long,100,105115,105023
2025-05-20T12:00:00,2025-05-20T14:00:00,short,100,104977,104563
2025-05-20T14:00:00,2025-05-20T14:30:00,long,100,104563,104517
2025-05-20T15:00:00,2025-05-20T16:30:00,long,100,104609,105161
2025-05-20T16:30:00,2025-05-20T17:00:00,short,100,105161,105299
2025-05-20T17:00:00,2025-05-20T18:00:00,long,100,105345,105989
2025-05-20T18:00:00,2025-05-20T19:00:00,short,100,105989,105391
2025-05-20T19:00:00,2025-05-20T20:00:00,long,100,105391,106817
2025-05-20T20:00:00,2025-05-20T20:30:00,short,100,106817,106771
2025-05-20T20:30:00,2025-05-20T21:00:00,long,100,106909,106771
2025-05-20T21:00:00,2025-05-20T21:30:00,short,100,106771,106403
2025-05-20T21:30:00,2025-05-20T22:00:00,long,100,106449,106449
2025-05-20T22:00:00,2025-05-20T22:30:00,short,100,106357,106449
2025-05-20T22:30:00,2025-05-21T00:00:00,long,100,106449,106771
2025-05-21T00:00:00,2025-05-21T00:30:00,short,100,106771,106679
2025-05-21T01:30:00,2025-05-21T02:30:00,short,100,106587,106587
2025-05-21T02:30:00,2025-05-21T03:30:00,long,100,106633,106817
2025-05-21T03:30:00,2025-05-21T04:30:00,short,100,106771,106909
2025-05-21T04:30:00,2025-05-21T06:30:00,long,100,106909,107691
2025-05-21T06:30:00,2025-05-21T10:30:00,short,100,107691,106311
2025-05-21T10:30:00,2025-05-21T11:30:00,long,100,106311,106495
2025-05-21T12:00:00,2025-05-21T12:30:00,long,100,106633,106679
2025-05-21T12:30:00,2025-05-21T13:30:00,short,100,106633,106587
2025-05-21T13:30:00,2025-05-21T17:00:00,long,100,106633,108933
2025-05-21T17:00:00,2025-05-21T18:30:00,short,100,108933,106725
2025-05-21T18:30:00,2025-05-21T20:00:00,long,100,106725,108427
2025-05-21T20:00:00,2025-05-21T21:30:00,short,100,108427,108197
2025-05-21T21:30:00,2025-05-21T23:30:00,long,100,108289,109577
2025-05-21T23:30:00,2025-05-22T00:30:00,short,100,109577,109715
2025-05-22T00:30:00,2025-05-22T04:00:00,long,100,109945,111601
2025-05-22T04:00:00,2025-05-22T07:00:00,short,100,111601,110727
2025-05-22T07:00:00,2025-05-22T08:00:00,long,100,110727,110865
2025-05-22T08:00:00,2025-05-22T09:00:00,short,100,110773,110543
2025-05-22T09:00:00,2025-05-22T10:30:00,long,100,110543,110727
2025-05-22T11:00:00,2025-05-22T11:30:00,short,100,110681,110635
2025-05-22T11:30:00,2025-05-22T13:00:00,long,100,110681,111417
2025-05-22T13:00:00,2025-05-22T14:00:00,short,100,111417,111049
2025-05-22T14:00:00,2025-05-22T14:30:00,long,100,111095,111095
2025-05-22T14:30:00,2025-05-22T15:00:00,short,100,111049,110957
2025-05-22T15:00:00,2025-05-22T17:30:00,long,100,110957,111509
2025-05-22T17:30:00,2025-05-22T18:00:00,short,100,111509,111601
2025-05-22T18:00:00,2025-05-22T19:30:00,long,100,111693,111693
2025-05-22T19:30:00,2025-05-22T22:00:00,short,100,111693,110957
2025-05-22T22:00:00,2025-05-23T00:00:00,long,100,110957,111509
2025-05-23T00:00:00,2025-05-23T00:30:00,short,100,111509,111555
2025-05-23T01:00:00,2025-05-23T02:00:00,short,100,111463,111371
2025-05-23T02:00:00,2025-05-23T02:30:00,long,100,111417,111417
2025-05-23T02:30:00,2025-05-23T05:30:00,short,100,111371,110865
2025-05-23T05:30:00,2025-05-23T06:00:00,long,100,110865,110727
2025-05-23T06:00:00,2025-05-23T07:00:00,short,100,110635,110635
2025-05-23T07:00:00,2025-05-23T07:30:00,long,100,110635,110681
2025-05-23T08:00:00,2025-05-23T10:00:00,long,100,110819,111141
2025-05-23T10:00:00,2025-05-23T10:30:00,short,100,111141,111049
2025-05-23T11:00:00,2025-05-23T13:00:00,short,100,110911,108565
2025-05-23T13:00:00,2025-05-23T14:00:00,long,100,108565,109485
2025-05-23T14:00:00,2025-05-23T14:30:00,short,100,109485,109623
2025-05-23T15:00:00,2025-05-23T16:30:00,short,100,109531,108841
2025-05-23T16:30:00,2025-05-23T17:30:00,long,100,108841,109577
2025-05-23T17:30:00,2025-05-23T19:00:00,short,100,109577,108933
2025-05-23T19:00:00,2025-05-23T19:30:00,long,100,108933,108795
2025-05-23T19:30:00,2025-05-23T21:00:00,short,100,108749,108381
2025-05-23T21:00:00,2025-05-23T21:30:00,long,100,108381,108289
2025-05-23T22:30:00,2025-05-24T00:30:00,short,100,108151,107369
2025-05-24T00:30:00,2025-05-24T01:30:00,long,100,107369,107507
2025-05-24T02:00:00,2025-05-24T05:00:00,long,100,107553,108289
2025-05-24T05:00:00,2025-05-24T07:00:00,short,100,108289,108105
2025-05-24T07:00:00,2025-05-24T07:30:00,long,100,108197,108059
2025-05-24T07:30:00,2025-05-24T08:00:00,short,100,108059,107691
2025-05-24T08:00:00,2025-05-24T09:30:00,long,100,107691,108151
2025-05-24T09:30:00,2025-05-24T10:00:00,short,100,108151,108243
2025-05-24T10:00:00,2025-05-24T12:00:00,long,100,108289,109117
2025-05-24T12:00:00,2025-05-24T13:00:00,short,100,109117,108887
2025-05-24T13:30:00,2025-05-24T14:00:00,short,100,108749,108703
2025-05-24T14:30:00,2025-05-24T16:00:00,long,100,108749,108749
2025-05-24T16:00:00,2025-05-24T16:30:00,short,100,108703,108841
2025-05-24T16:30:00,2025-05-24T17:30:00,long,100,108841,108841
2025-05-24T18:00:00,2025-05-24T18:30:00,long,100,108979,108841
2025-05-24T18:30:00,2025-05-24T19:30:00,short,100,108841,108887
2025-05-24T19:30:00,2025-05-24T20:30:00,long,100,108933,108795
2025-05-24T20:30:00,2025-05-25T00:00:00,short,100,108795,107875
2025-05-25T00:00:00,2025-05-25T00:30:00,long,100,107875,107875
2025-05-25T00:30:00,2025-05-25T01:00:00,short,100,107737,107507
2025-05-25T01:00:00,2025-05-25T01:30:00,long,100,107507,107737
2025-05-25T01:30:00,2025-05-25T02:00:00,short,100,107645,107737
2025-05-25T02:00:00,2025-05-25T04:00:00,long,100,107737,107967
2025-05-25T04:00:00,2025-05-25T04:30:00,short,100,107967,108059
2025-05-25T04:30:00,2025-05-25T05:00:00,long,100,108105,108105
2025-05-25T05:00:00,2025-05-25T07:30:00,short,100,108105,107645
2025-05-25T07:30:00,2025-05-25T08:00:00,long,100,107645,107553
2025-05-25T08:00:00,2025-05-25T11:00:00,short,100,107507,107093
2025-05-25T11:00:00,2025-05-25T14:30:00,long,100,107093,107415
2025-05-25T14:30:00,2025-05-25T15:30:00,short,100,107369,106955
2025-05-25T15:30:00,2025-05-25T16:00:00,long,100,106955,106817
2025-05-25T16:00:00,2025-05-25T16:30:00,short,100,106771,106817
2025-05-25T16:30:00,2025-05-25T20:00:00,long,100,106817,107507
2025-05-25T20:00:00,2025-05-25T20:30:00,short,100,107507,107645
2025-05-25T21:00:00,2025-05-25T22:00:00,short,100,107507,107553
2025-05-25T22:00:00,2025-05-25T23:00:00,long,100,107645,108979
2025-05-25T23:00:00,2025-05-25T23:30:00,short,100,108979,108749
2025-05-25T23:30:00,2025-05-26T00:00:00,long,100,108841,108841
2025-05-26T00:00:00,2025-05-26T00:30:00,short,100,108841,108887
2025-05-26T00:30:00,2025-05-26T01:00:00,long,100,108933,109393
2025-05-26T01:00:00,2025-05-26T01:30:00,short,100,109393,109393
2025-05-26T01:30:00,2025-05-26T02:30:00,long,100,109531,109393
2025-05-26T02:30:00,2025-05-26T03:00:00,short,100,109393,109485
2025-05-26T03:00:00,2025-05-26T04:30:00,long,100,109531,109485
2025-05-26T04:30:00,2025-05-26T05:30:00,short,100,109485,109623
2025-05-26T05:30:00,2025-05-26T08:00:00,long,100,109623,109899
2025-05-26T08:00:00,2025-05-26T09:00:00,short,100,109899,109807
2025-05-26T09:00:00,2025-05-26T09:30:00,long,100,109899,109761
2025-05-26T09:30:00,2025-05-26T10:00:00,short,100,109761,109807
2025-05-26T10:30:00,2025-05-26T11:00:00,short,100,109669,109715
2025-05-26T11:00:00,2025-05-26T13:30:00,long,100,109715,109669
2025-05-26T13:30:00,2025-05-26T14:00:00,short,100,109669,109669
2025-05-26T14:00:00,2025-05-26T16:00:00,long,100,109669,109807
2025-05-26T16:00:00,2025-05-26T16:30:00,short,100,109761,109393
2025-05-26T16:30:00,2025-05-26T17:30:00,long,100,109393,109255
2025-05-26T17:30:00,2025-05-26T18:00:00,short,100,109255,109255
2025-05-26T18:00:00,2025-05-26T18:30:00,long,100,109255,109163
2025-05-26T18:30:00,2025-05-26T20:00:00,short,100,109071,109209
2025-05-26T20:00:00,2025-05-26T21:00:00,long,100,109209,109393
2025-05-26T21:00:00,2025-05-26T22:00:00,short,100,109347,109393
2025-05-26T22:00:00,2025-05-26T22:30:00,long,100,109439,109347
2025-05-26T22:30:00,2025-05-26T23:30:00,short,100,109347,109255
2025-05-26T23:30:00,2025-05-27T00:00:00,long,100,109301,109301
2025-05-27T00:30:00,2025-05-27T02:00:00,short,100,109255,108473
2025-05-27T02:00:00,2025-05-27T02:30:00,long,100,108473,108427
2025-05-27T02:30:00,2025-05-27T03:00:00,short,100,108289,108335
2025-05-27T03:00:00,2025-05-27T05:00:00,long,100,108335,108841
2025-05-27T05:00:00,2025-05-27T05:30:00,short,100,108841,108749
2025-05-27T05:30:00,2025-05-27T06:30:00,long,100,108841,108887
2025-05-27T06:30:00,2025-05-27T07:00:00,short,100,108887,108887
2025-05-27T07:00:00,2025-05-27T09:00:00,long,100,108933,109485
2025-05-27T09:00:00,2025-05-27T09:30:00,short,100,109485,109577
2025-05-27T09:30:00,2025-05-27T10:30:00,long,100,109715,109669
2025-05-27T10:30:00,2025-05-27T12:00:00,short,100,109669,109623
2025-05-27T12:00:00,2025-05-27T12:30:00,long,100,109715,109623
2025-05-27T12:30:00,2025-05-27T13:00:00,short,100,109623,109669
2025-05-27T13:00:00,2025-05-27T13:30:00,long,100,109715,110267
2025-05-27T13:30:00,2025-05-27T15:00:00,short,100,110267,109485
2025-05-27T15:00:00,2025-05-27T18:00:00,long,100,109485,110037
2025-05-27T18:00:00,2025-05-27T19:30:00,short,100,110037,109761
2025-05-27T19:30:00,2025-05-27T20:00:00,long,100,109807,109715
2025-05-27T20:00:00,2025-05-28T00:00:00,short,100,109715,109025
2025-05-28T00:00:00,2025-05-28T01:00:00,long,100,109025,109025
2025-05-28T01:00:00,2025-05-28T02:30:00,short,100,108887,108611
2025-05-28T02:30:00,2025-05-28T04:00:00,long,100,108611,108657
2025-05-28T04:30:00,2025-05-28T06:00:00,long,100,108749,108841
2025-05-28T06:00:00,2025-05-28T07:00:00,short,100,108795,108841
2025-05-28T07:00:00,2025-05-28T07:30:00,long,100,108887,108749
2025-05-28T07:30:00,2025-05-28T08:00:00,short,100,108749,108887
2025-05-28T08:00:00,2025-05-28T09:00:00,long,100,108887,108841
2025-05-28T09:00:00,2025-05-28T09:30:00,short,100,108841,108657
2025-05-28T09:30:00,2025-05-28T10:00:00,long,100,108703,108657
2025-05-28T10:00:00,2025-05-28T10:30:00,short,100,108611,108749
2025-05-28T10:30:00,2025-05-28T11:00:00,long,100,108749,108703
2025-05-28T11:30:00,2025-05-28T13:00:00,long,100,108841,108795
2025-05-28T13:00:00,2025-05-28T16:00:00,short,100,108795,107231
2025-05-28T16:00:00,2025-05-28T18:00:00,long,100,107231,107461
2025-05-28T19:30:00,2025-05-28T20:00:00,short,100,107369,107047
2025-05-28T20:00:00,2025-05-28T22:00:00,long,100,107047,107323
2025-05-28T22:00:00,2025-05-28T22:30:00,short,100,107277,107323
2025-05-28T22:30:00,2025-05-28T23:30:00,long,100,107369,107783
2025-05-28T23:30:00,2025-05-29T00:00:00,short,100,107783,107829
2025-05-29T00:00:00,2025-05-29T01:00:00,long,100,107921,108105
2025-05-29T01:00:00,2025-05-29T01:30:00,short,100,108105,107967
2025-05-29T01:30:00,2025-05-29T02:00:00,long,100,108059,108013
2025-05-29T02:00:00,2025-05-29T02:30:00,short,100,108013,108151
2025-05-29T02:30:00,2025-05-29T03:00:00,long,100,108151,108289
2025-05-29T03:00:00,2025-05-29T06:00:00,short,100,108289,107691
2025-05-29T06:00:00,2025-05-29T12:00:00,long,100,107691,108611
2025-05-29T12:00:00,2025-05-29T14:30:00,short,100,108611,107185
2025-05-29T14:30:00,2025-05-29T15:00:00,long,100,107185,107461
2025-05-29T15:30:00,2025-05-29T19:00:00,short,100,107369,105943
2025-05-29T19:00:00,2025-05-29T19:30:00,long,100,105943,105805
2025-05-29T20:00:00,2025-05-29T22:00:00,long,100,105805,106265
2025-05-29T22:00:00,2025-05-30T00:00:00,short,100,106219,105713
2025-05-30T00:00:00,2025-05-30T00:30:00,long,100,105713,105897
2025-05-30T00:30:00,2025-05-30T01:00:00,short,100,105805,105023
2025-05-30T01:00:00,2025-05-30T03:30:00,long,100,105023,105943
2025-05-30T03:30:00,2025-05-30T04:30:00,short,100,105943,106081
2025-05-30T06:00:00,2025-05-30T08:00:00,short,100,105989,105161
2025-05-30T08:00:00,2025-05-30T11:00:00,long,100,105161,105713
2025-05-30T11:00:00,2025-05-30T11:30:00,short,100,105713,105851
2025-05-30T11:30:00,2025-05-30T12:00:00,long,100,105851,105713
2025-05-30T12:00:00,2025-05-30T12:30:00,short,100,105713,105621
2025-05-30T13:30:00,2025-05-30T14:30:00,short,100,105529,105345
2025-05-30T14:30:00,2025-05-30T15:30:00,long,100,105345,105529
2025-05-30T15:30:00,2025-05-30T17:30:00,short,100,105483,104057
2025-05-30T17:30:00,2025-05-30T19:30:00,long,100,104057,104701
2025-05-30T19:30:00,2025-05-30T20:30:00,short,100,104701,104563
2025-05-30T21:00:00,2025-05-30T21:30:00,long,100,104655,104609
2025-05-30T21:30:00,2025-05-30T23:30:00,short,100,104609,103965
2025-05-30T23:30:00,2025-05-31T00:00:00,long,100,103965,103827
2025-05-31T00:00:00,2025-05-31T00:30:00,short,100,103735,103873
2025-05-31T00:30:00,2025-05-31T01:00:00,long,100,103873,103827
2025-05-31T01:30:00,2025-05-31T02:00:00,short,100,103735,103597
2025-05-31T02:00:00,2025-05-31T02:30:00,long,100,103597,103551
2025-05-31T02:30:00,2025-05-31T03:00:00,short,100,103459,103275
2025-05-31T03:00:00,2025-05-31T05:30:00,long,100,103275,103597
2025-05-31T05:30:00,2025-05-31T06:00:00,short,100,103551,103597
2025-05-31T06:00:00,2025-05-31T07:00:00,long,100,103643,103643
2025-05-31T07:00:00,2025-05-31T12:00:00,short,100,103643,103551
2025-05-31T12:00:00,2025-05-31T15:30:00,long,100,103597,104563
2025-05-31T15:30:00,2025-05-31T16:00:00,short,100,104563,104609
2025-05-31T16:30:00,2025-05-31T18:00:00,short,100,104517,104471
2025-05-31T19:00:00,2025-05-31T22:30:00,long,100,104563,104609
2025-05-31T22:30:00,2025-06-01T03:30:00,short,100,104609,104241
2025-06-01T03:30:00,2025-06-01T06:00:00,long,100,104241,104425
2025-06-01T06:00:00,2025-06-01T08:30:00,short,100,104379,104379
2025-06-01T09:00:00,2025-06-01T11:00:00,short,100,104241,104057
2025-06-01T11:00:00,2025-06-01T12:30:00,long,100,104057,103919
2025-06-01T12:30:00,2025-06-01T13:00:00,short,100,103919,104057
2025-06-01T13:00:00,2025-06-01T18:00:00,long,100,104057,104931
2025-06-01T18:00:00,2025-06-01T18:30:00,short,100,104931,104793
2025-06-01T18:30:00,2025-06-01T20:30:00,long,100,104885,104977
2025-06-01T20:30:00,2025-06-01T21:00:00,short,100,104977,105023
2025-06-01T21:00:00,2025-06-02T00:00:00,long,100,105069,105483
2025-06-02T00:00:00,2025-06-02T06:00:00,short,100,105483,104885
2025-06-02T06:00:00,2025-06-02T08:30:00,long,100,104885,105621
2025-06-02T08:30:00,2025-06-02T12:30:00,short,100,105621,104195
2025-06-02T12:30:00,2025-06-02T13:00:00,long,100,104195,104057
2025-06-02T13:30:00,2025-06-02T14:00:00,short,100,103827,103919
2025-06-02T14:00:00,2025-06-02T14:30:00,long,100,103919,104287
2025-06-02T14:30:00,2025-06-02T15:00:00,short,100,104241,104241
2025-06-02T15:00:00,2025-06-02T16:00:00,long,100,104287,104241
2025-06-02T16:00:00,2025-06-02T16:30:00,short,100,104241,104195
2025-06-02T16:30:00,2025-06-02T18:30:00,long,100,104241,104425
2025-06-02T18:30:00,2025-06-02T20:00:00,short,100,104379,104425
2025-06-02T20:00:00,2025-06-03T02:00:00,long,100,104471,106311
2025-06-03T02:00:00,2025-06-03T05:30:00,short,100,106311,105299
2025-06-03T05:30:00,2025-06-03T06:00:00,long,100,105299,105299
2025-06-03T06:30:00,2025-06-03T07:00:00,long,100,105345,105253
2025-06-03T07:00:00,2025-06-03T08:30:00,short,100,105161,105069
2025-06-03T08:30:00,2025-06-03T16:00:00,long,100,105069,106495
2025-06-03T16:00:00,2025-06-03T17:00:00,short,100,106495,105943
2025-06-03T17:00:00,2025-06-03T18:00:00,long,100,105943,105851
2025-06-03T18:00:00,2025-06-03T18:30:00,short,100,105805,105805
2025-06-03T18:30:00,2025-06-03T20:00:00,long,100,105805,106127
2025-06-03T20:00:00,2025-06-03T20:30:00,short,100,106081,105713
2025-06-03T20:30:00,2025-06-03T21:00:00,long,100,105713,105575
2025-06-03T21:00:00,2025-06-03T22:00:00,short,100,105575,105483
2025-06-03T22:00:00,2025-06-03T22:30:00,long,100,105483,105667
2025-06-03T23:00:00,2025-06-04T00:30:00,short,100,105575,105391
2025-06-04T00:30:00,2025-06-04T02:30:00,long,100,105391,105483
2025-06-04T02:30:00,2025-06-04T03:00:00,short,100,105437,105575
2025-06-04T03:00:00,2025-06-04T03:30:00,long,100,105575,105483
2025-06-04T03:30:00,2025-06-04T08:00:00,short,100,105483,105391
2025-06-04T08:00:00,2025-06-04T08:30:00,long,100,105437,105391
2025-06-04T09:30:00,2025-06-04T10:00:00,long,100,105529,105667
2025-06-04T11:00:00,2025-06-04T14:30:00,short,100,105621,104793
2025-06-04T14:30:00,2025-06-04T16:00:00,long,100,104793,105207
2025-06-04T16:00:00,2025-06-04T16:30:00,short,100,105161,105207
2025-06-04T16:30:00,2025-06-04T17:00:00,long,100,105253,105299
2025-06-04T17:00:00,2025-06-04T18:00:00,short,100,105299,105161
2025-06-04T18:30:00,2025-06-04T21:30:00,short,100,105023,104747
2025-06-04T21:30:00,2025-06-04T22:00:00,long,100,104747,104747
2025-06-04T23:00:00,2025-06-05T00:00:00,short,100,104655,104793
2025-06-05T00:00:00,2025-06-05T01:30:00,long,100,104793,104793
2025-06-05T01:30:00,2025-06-05T02:00:00,short,100,104747,104839
2025-06-05T02:00:00,2025-06-05T05:00:00,long,100,104839,104977
2025-06-05T05:00:00,2025-06-05T07:00:00,short,100,104931,104563
2025-06-05T07:00:00,2025-06-05T10:00:00,long,100,104563,104701
2025-06-05T11:30:00,2025-06-05T13:30:00,long,100,104793,105483
2025-06-05T13:30:00,2025-06-05T14:30:00,short,100,105483,104425
2025-06-05T14:30:00,2025-06-05T15:30:00,long,100,104425,104655
2025-06-05T15:30:00,2025-06-05T17:00:00,short,100,104563,103367
2025-06-05T17:00:00,2025-06-05T17:30:00,long,100,103367,103275
2025-06-05T18:30:00,2025-06-05T21:00:00,short,100,103091,100607
2025-06-05T21:00:00,2025-06-05T22:00:00,long,100,100607,101343
2025-06-05T22:00:00,2025-06-05T22:30:00,short,100,101343,101389
2025-06-05T22:30:00,2025-06-05T23:30:00,long,100,101481,101573
2025-06-05T23:30:00,2025-06-06T00:30:00,short,100,101573,101573
2025-06-06T00:30:00,2025-06-06T01:00:00,long,100,101665,101757
2025-06-06T01:00:00,2025-06-06T02:30:00,short,100,101757,101757
2025-06-06T02:30:00,2025-06-06T07:30:00,long,100,101849,103137
2025-06-06T07:30:00,2025-06-06T08:00:00,short,100,103137,103229
2025-06-06T09:00:00,2025-06-06T12:30:00,long,100,103459,103735
2025-06-06T12:30:00,2025-06-06T13:00:00,short,100,103735,103827
2025-06-06T13:30:00,2025-06-06T16:30:00,long,100,104011,104885
2025-06-06T16:30:00,2025-06-06T17:30:00,short,100,104885,104655
2025-06-06T17:30:00,2025-06-06T18:00:00,long,100,104747,104793
2025-06-06T18:00:00,2025-06-06T20:00:00,short,100,104793,104333
2025-06-06T20:00:00,2025-06-06T21:00:00,long,100,104333,104287
2025-06-06T21:30:00,2025-06-06T23:00:00,long,100,104379,104287
2025-06-07T00:00:00,2025-06-07T00:30:00,short,100,104241,104287
2025-06-07T00:30:00,2025-06-07T01:00:00,long,100,104287,104379
2025-06-07T02:30:00,2025-06-07T04:00:00,long,100,104517,104655
2025-06-07T04:00:00,2025-06-07T04:30:00,short,100,104655,104747
2025-06-07T04:30:00,2025-06-07T07:00:00,long,100,104793,105115
2025-06-07T07:00:00,2025-06-07T09:00:00,short,100,105115,104885
2025-06-07T09:30:00,2025-06-07T10:00:00,short,100,104793,104931
2025-06-07T10:00:00,2025-06-07T14:00:00,long,100,104931,105391
2025-06-07T14:00:00,2025-06-07T15:30:00,short,100,105391,105483
2025-06-07T16:00:00,2025-06-07T17:00:00,short,100,105391,105483
2025-06-07T17:30:00,2025-06-07T18:00:00,short,100,105391,105483
2025-06-07T18:00:00,2025-06-07T18:30:00,long,100,105529,105621
2025-06-07T18:30:00,2025-06-07T19:00:00,short,100,105621,105713
2025-06-07T19:00:00,2025-06-07T19:30:00,long,100,105759,105713
2025-06-07T19:30:00,2025-06-07T20:00:00,short,100,105713,105805
2025-06-07T20:00:00,2025-06-07T21:30:00,long,100,105851,105713
2025-06-07T21:30:00,2025-06-08T01:30:00,short,100,105713,105621
2025-06-08T01:30:00,2025-06-08T02:00:00,long,100,105667,105529
2025-06-08T02:00:00,2025-06-08T04:30:00,short,100,105529,105529
2025-06-08T04:30:00,2025-06-08T05:30:00,long,100,105529,105483
2025-06-08T05:30:00,2025-06-08T06:00:00,short,100,105437,105529
2025-06-08T06:00:00,2025-06-08T06:30:00,long,100,105529,105391
2025-06-08T06:30:00,2025-06-08T10:30:00,short,100,105391,105207
2025-06-08T10:30:00,2025-06-08T13:30:00,long,100,105207,105529
2025-06-08T14:00:00,2025-06-08T17:30:00,long,100,105667,106081
2025-06-08T17:30:00,2025-06-08T18:00:00,short,100,106081,106173
2025-06-08T20:30:00,2025-06-08T21:00:00,short,100,106127,106219
2025-06-08T22:00:00,2025-06-09T03:30:00,short,100,106127,105621
2025-06-09T03:30:00,2025-06-09T04:30:00,long,100,105621,105529
2025-06-09T04:30:00,2025-06-09T06:00:00,short,100,105437,105483
2025-06-09T06:00:00,2025-06-09T07:00:00,long,100,105483,105483
2025-06-09T08:30:00,2025-06-09T12:00:00,long,100,105575,107553
2025-06-09T12:00:00,2025-06-09T12:30:00,short,100,107553,107645
2025-06-09T13:00:00,2025-06-09T14:00:00,short,100,107599,107139
2025-06-09T14:00:00,2025-06-09T15:30:00,long,100,107185,107737
2025-06-09T15:30:00,2025-06-09T16:00:00,short,100,107737,107691
2025-06-09T16:00:00,2025-06-09T16:30:00,long,100,107783,107783
2025-06-09T16:30:00,2025-06-09T17:00:00,short,100,107783,107783
2025-06-09T17:00:00,2025-06-09T19:30:00,long,100,107829,108473
2025-06-09T19:30:00,2025-06-09T20:00:00,short,100,108473,108611
2025-06-09T21:00:00,2025-06-09T21:30:00,long,100,108749,110359
2025-06-09T21:30:00,2025-06-09T22:00:00,short,100,110359,110037
2025-06-09T22:00:00,2025-06-09T23:00:00,long,100,110129,110037
2025-06-09T23:00:00,2025-06-09T23:30:00,short,100,110037,110129
2025-06-09T23:30:00,2025-06-10T00:30:00,long,100,110129,110129
2025-06-10T00:30:00,2025-06-10T04:30:00,short,100,110129,109531
2025-06-10T04:30:00,2025-06-10T05:00:00,long,100,109531,109393
2025-06-10T05:30:00,2025-06-10T06:30:00,short,100,109301,109439
2025-06-10T06:30:00,2025-06-10T07:30:00,long,100,109439,109347
2025-06-10T07:30:00,2025-06-10T09:00:00,short,100,109255,109209
2025-06-10T09:00:00,2025-06-10T10:00:00,long,100,109209,109347
2025-06-10T11:00:00,2025-06-10T11:30:00,long,100,109439,109577
2025-06-10T11:30:00,2025-06-10T12:30:00,short,100,109577,109577
2025-06-10T12:30:00,2025-06-10T13:30:00,long,100,109623,109531
2025-06-10T13:30:00,2025-06-10T15:00:00,short,100,109531,108749
2025-06-10T15:00:00,2025-06-10T16:00:00,long,100,108749,108933
2025-06-10T16:30:00,2025-06-10T17:00:00,short,100,108841,108841
2025-06-10T17:00:00,2025-06-10T17:30:00,long,100,108841,108703
2025-06-10T17:30:00,2025-06-10T18:00:00,short,100,108703,108795
2025-06-10T18:00:00,2025-06-10T19:30:00,long,100,108795,109853
2025-06-10T19:30:00,2025-06-10T20:30:00,short,100,109853,109577
2025-06-10T20:30:00,2025-06-10T21:00:00,long,100,109669,109807
2025-06-10T21:00:00,2025-06-10T21:30:00,short,100,109807,109853
2025-06-10T22:00:00,2025-06-10T22:30:00,long,100,109899,109761
2025-06-10T22:30:00,2025-06-10T23:30:00,short,100,109761,109807
2025-06-10T23:30:00,2025-06-11T00:00:00,long,100,109853,110129
2025-06-11T00:00:00,2025-06-11T03:00:00,short,100,110129,109715
2025-06-11T03:00:00,2025-06-11T04:00:00,long,100,109761,109623
2025-06-11T04:30:00,2025-06-11T06:30:00,short,100,109577,109577
2025-06-11T06:30:00,2025-06-11T07:30:00,long,100,109577,109439
2025-06-11T07:30:00,2025-06-11T08:00:00,short,100,109393,109531
2025-06-11T08:00:00,2025-06-11T09:00:00,long,100,109531,109393
2025-06-11T09:30:00,2025-06-11T12:30:00,short,100,109347,109393
2025-06-11T12:30:00,2025-06-11T14:30:00,long,100,109393,110037
2025-06-11T14:30:00,2025-06-11T17:00:00,short,100,110037,109577
2025-06-11T17:00:00,2025-06-11T17:30:00,long,100,109623,109531
2025-06-11T17:30:00,2025-06-11T18:30:00,short,100,109485,108657
2025-06-11T18:30:00,2025-06-11T21:30:00,long,100,108657,108703
2025-06-11T21:30:00,2025-06-11T22:30:00,short,100,108565,108427
2025-06-11T22:30:00,2025-06-12T01:00:00,long,100,108427,108519
2025-06-12T01:00:00,2025-06-12T01:30:00,short,100,108427,108473
2025-06-12T01:30:00,2025-06-12T02:30:00,long,100,108473,108381
2025-06-12T02:30:00,2025-06-12T04:30:00,short,100,108381,107737
2025-06-12T04:30:00,2025-06-12T07:00:00,long,100,107737,107691
2025-06-12T08:00:00,2025-06-12T09:00:00,long,100,107737,107645
2025-06-12T09:00:00,2025-06-12T13:30:00,short,100,107553,106955
2025-06-12T13:30:00,2025-06-12T15:00:00,long,100,106955,107415
2025-06-12T15:00:00,2025-06-12T16:00:00,short,100,107369,107139
2025-06-12T16:00:00,2025-06-12T18:00:00,long,100,107185,108105
2025-06-12T18:00:00,2025-06-12T19:00:00,short,100,108105,107691
2025-06-12T19:00:00,2025-06-12T19:30:00,long,100,107737,107645
2025-06-12T19:30:00,2025-06-12T20:00:00,short,100,107599,106863
2025-06-12T20:00:00,2025-06-12T20:30:00,long,100,106863,106771
2025-06-12T20:30:00,2025-06-12T21:00:00,short,100,106587,106035
2025-06-12T21:00:00,2025-06-12T21:30:00,long,100,106035,106265
2025-06-12T21:30:00,2025-06-12T23:00:00,short,100,106173,105943
2025-06-12T23:00:00,2025-06-12T23:30:00,long,100,105943,105943
2025-06-12T23:30:00,2025-06-13T01:30:00,short,100,105851,103367
2025-06-13T01:30:00,2025-06-13T02:30:00,long,100,103367,103597
2025-06-13T03:00:00,2025-06-13T04:00:00,long,100,103735,104103
2025-06-13T04:00:00,2025-06-13T04:30:00,short,100,104103,104149
2025-06-13T04:30:00,2025-06-13T05:00:00,long,100,104241,104241
2025-06-13T05:00:00,2025-06-13T06:30:00,short,100,104241,103965
2025-06-13T06:30:00,2025-06-13T08:30:00,long,100,104011,104885
2025-06-13T08:30:00,2025-06-13T09:30:00,short,100,104885,104793
2025-06-13T10:00:00,2025-06-13T10:30:00,short,100,104655,104747
2025-06-13T10:30:00,2025-06-13T11:00:00,long,100,104793,104701
2025-06-13T11:00:00,2025-06-13T11:30:00,short,100,104701,104839
2025-06-13T11:30:00,2025-06-13T12:30:00,long,100,104839,104885
2025-06-13T12:30:00,2025-06-13T14:30:00,short,100,104885,104287
2025-06-13T14:30:00,2025-06-13T15:30:00,long,100,104287,105437
2025-06-13T15:30:00,2025-06-13T16:00:00,short,100,105437,105529
2025-06-13T16:00:00,2025-06-13T17:00:00,long,100,105713,105667
2025-06-13T17:00:00,2025-06-13T17:30:00,short,100,105667,105115
2025-06-13T17:30:00,2025-06-13T18:00:00,long,100,105115,105207
2025-06-13T18:00:00,2025-06-13T18:30:00,short,100,105115,105069
2025-06-13T18:30:00,2025-06-13T19:00:00,long,100,105069,105023
2025-06-13T19:00:00,2025-06-13T20:00:00,short,100,104977,105115
2025-06-13T20:00:00,2025-06-14T00:00:00,long,100,105115,105897
2025-06-14T00:00:00,2025-06-14T04:00:00,short,100,105897,105345
2025-06-14T04:00:00,2025-06-14T05:30:00,long,100,105345,105207
2025-06-14T05:30:00,2025-06-14T10:00:00,short,100,105207,104977
2025-06-14T10:00:00,2025-06-14T12:00:00,long,100,104977,104885
2025-06-14T12:30:00,2025-06-14T13:00:00,long,100,104977,104885
2025-06-14T16:00:00,2025-06-14T17:00:00,short,100,104793,104563
2025-06-14T17:00:00,2025-06-14T19:30:00,long,100,104563,104701
2025-06-14T19:30:00,2025-06-14T20:30:00,short,100,104609,104701
2025-06-14T20:30:00,2025-06-15T01:00:00,long,100,104701,105437
2025-06-15T01:00:00,2025-06-15T02:00:00,short,100,105437,105529
2025-06-15T02:30:00,2025-06-15T03:00:00,short,100,105437,105529
2025-06-15T03:30:00,2025-06-15T04:30:00,short,100,105391,105529
2025-06-15T05:00:00,2025-06-15T06:00:00,long,100,105621,105897
2025-06-15T06:00:00,2025-06-15T07:30:00,short,100,105897,105391
2025-06-15T07:30:00,2025-06-15T08:00:00,long,100,105391,105253
2025-06-15T08:00:00,2025-06-15T10:30:00,short,100,105253,105069
2025-06-15T10:30:00,2025-06-15T11:00:00,long,100,105069,104977
2025-06-15T12:30:00,2025-06-15T14:00:00,long,100,105069,105345
2025-06-15T14:00:00,2025-06-15T14:30:00,short,100,105299,105437
2025-06-15T14:30:00,2025-06-15T15:30:00,long,100,105437,105529
2025-06-15T15:30:00,2025-06-15T16:30:00,short,100,105529,105529
2025-06-15T17:30:00,2025-06-15T18:00:00,long,100,105621,105483
2025-06-15T18:00:00,2025-06-15T22:00:00,short,100,105483,104839
2025-06-15T22:00:00,2025-06-16T00:00:00,long,100,104839,105391
2025-06-16T00:00:00,2025-06-16T01:30:00,short,100,105391,105207
2025-06-16T01:30:00,2025-06-16T05:30:00,long,100,105253,106495
2025-06-16T05:30:00,2025-06-16T06:00:00,short,100,106495,106633
2025-06-16T06:30:00,2025-06-16T07:00:00,short,100,106541,106633
2025-06-16T07:00:00,2025-06-16T09:00:00,long,100,106771,107001
2025-06-16T09:00:00,2025-06-16T10:00:00,short,100,107001,107047
2025-06-16T10:30:00,2025-06-16T11:30:00,short,100,106909,106817
2025-06-16T11:30:00,2025-06-16T12:00:00,long,100,106863,106725
2025-06-16T12:00:00,2025-06-16T13:30:00,short,100,106725,106771
2025-06-16T13:30:00,2025-06-16T17:30:00,long,100,106771,107691
2025-06-16T17:30:00,2025-06-16T18:00:00,short,100,107691,107829
2025-06-16T18:00:00,2025-06-16T19:30:00,long,100,108013,108565
2025-06-16T19:30:00,2025-06-16T20:30:00,short,100,108565,108703
2025-06-16T21:00:00,2025-06-16T22:00:00,short,100,108657,108657
2025-06-16T22:30:00,2025-06-17T00:30:00,short,100,108519,106909
2025-06-17T00:30:00,2025-06-17T01:00:00,long,100,106909,107093
2025-06-17T01:00:00,2025-06-17T01:30:00,short,100,106955,107093
2025-06-17T01:30:00,2025-06-17T02:00:00,long,100,107093,107047
2025-06-17T02:00:00,2025-06-17T02:30:00,short,100,107001,106771
2025-06-17T02:30:00,2025-06-17T04:00:00,long,100,106771,107415
2025-06-17T04:00:00,2025-06-17T07:30:00,short,100,107415,106587
2025-06-17T07:30:00,2025-06-17T08:30:00,long,100,106587,106587
2025-06-17T09:00:00,2025-06-17T12:00:00,short,100,106449,105667
2025-06-17T12:00:00,2025-06-17T12:30:00,long,100,105667,105529
2025-06-17T13:00:00,2025-06-17T13:30:00,long,100,105575,105483
2025-06-17T13:30:00,2025-06-17T17:00:00,short,100,105345,103735
2025-06-17T17:00:00,2025-06-17T17:30:00,long,100,103735,103735
2025-06-17T18:30:00,2025-06-17T19:30:00,long,100,103827,104931
2025-06-17T19:30:00,2025-06-17T21:00:00,short,100,104931,104471
2025-06-17T21:00:00,2025-06-17T22:30:00,long,100,104517,104379
2025-06-17T22:30:00,2025-06-17T23:00:00,short,100,104379,104287
2025-06-17T23:00:00,2025-06-18T00:00:00,long,100,104287,104425
2025-06-18T00:00:00,2025-06-18T00:30:00,short,100,104379,104471
2025-06-18T00:30:00,2025-06-18T01:30:00,long,100,104471,104701
2025-06-18T01:30:00,2025-06-18T02:00:00,short,100,104701,104839
2025-06-18T02:00:00,2025-06-18T02:30:00,long,100,104839,104931
2025-06-18T02:30:00,2025-06-18T03:00:00,short,100,104931,104931
2025-06-18T03:00:00,2025-06-18T06:00:00,long,100,105023,105299
2025-06-18T06:00:00,2025-06-18T08:00:00,short,100,105299,105069
2025-06-18T08:30:00,2025-06-18T11:00:00,short,100,104931,104379
2025-06-18T11:00:00,2025-06-18T12:00:00,long,100,104379,104655
2025-06-18T12:30:00,2025-06-18T13:30:00,short,100,104563,104011
2025-06-18T13:30:00,2025-06-18T14:30:00,long,100,104011,104977
2025-06-18T14:30:00,2025-06-18T15:00:00,short,100,104977,104701
2025-06-18T16:00:00,2025-06-18T17:30:00,short,100,104609,104195
2025-06-18T17:30:00,2025-06-18T18:00:00,long,100,104195,104149
2025-06-18T18:30:00,2025-06-18T19:00:00,short,100,104057,103735
2025-06-18T19:00:00,2025-06-18T22:00:00,long,100,103735,104885
2025-06-18T22:00:00,2025-06-19T00:00:00,short,100,104885,104931
2025-06-19T00:30:00,2025-06-19T03:00:00,short,100,104931,104747
2025-06-19T03:00:00,2025-06-19T04:00:00,long,100,104793,104885
2025-06-19T04:00:00,2025-06-19T04:30:00,short,100,104839,104931
2025-06-19T04:30:00,2025-06-19T05:30:00,long,100,104977,104931
2025-06-19T05:30:00,2025-06-19T08:00:00,short,100,104931,104747
2025-06-19T08:00:00,2025-06-19T08:30:00,long,100,104793,104701
2025-06-19T08:30:00,2025-06-19T09:00:00,short,100,104655,104793
2025-06-19T09:00:00,2025-06-19T10:30:00,long,100,104793,104839
2025-06-19T11:00:00,2025-06-19T14:00:00,short,100,104793,104425
2025-06-19T14:00:00,2025-06-19T14:30:00,long,100,104425,104471
2025-06-19T14:30:00,2025-06-19T15:00:00,short,100,104379,104241
2025-06-19T15:00:00,2025-06-19T15:30:00,long,100,104241,104149
2025-06-19T15:30:00,2025-06-19T16:00:00,short,100,104103,104195
2025-06-19T16:00:00,2025-06-19T16:30:00,long,100,104195,104195
2025-06-19T16:30:00,2025-06-19T17:00:00,short,100,104103,104103
2025-06-19T17:00:00,2025-06-19T18:30:00,long,100,104103,104333
2025-06-19T19:00:00,2025-06-19T22:00:00,short,100,104287,104379
2025-06-19T22:00:00,2025-06-20T01:00:00,long,100,104425,104517
2025-06-20T01:00:00,2025-06-20T01:30:00,short,100,104517,104471
2025-06-20T01:30:00,2025-06-20T02:00:00,long,100,104517,104609
2025-06-20T02:00:00,2025-06-20T05:30:00,short,100,104609,104379
2025-06-20T05:30:00,2025-06-20T08:30:00,long,100,104425,106219
2025-06-20T08:30:00,2025-06-20T09:30:00,short,100,106219,105943
2025-06-20T13:30:00,2025-06-20T15:00:00,short,100,105851,104057
2025-06-20T15:00:00,2025-06-20T16:00:00,long,100,104057,104103
2025-06-20T16:30:00,2025-06-20T17:30:00,short,100,103919,103045
2025-06-20T17:30:00,2025-06-20T18:00:00,long,100,103045,103137
2025-06-20T19:30:00,2025-06-20T21:00:00,long,100,103229,103505
2025-06-20T21:00:00,2025-06-20T23:00:00,short,100,103459,103229
2025-06-21T00:00:00,2025-06-21T02:00:00,long,100,103275,103321
2025-06-21T02:30:00,2025-06-21T03:30:00,long,100,103459,103459
2025-06-21T03:30:00,2025-06-21T06:30:00,short,100,103459,103505
2025-06-21T06:30:00,2025-06-21T07:30:00,long,100,103551,103413
2025-06-21T07:30:00,2025-06-21T08:00:00,short,100,103413,103505
2025-06-21T08:00:00,2025-06-21T10:30:00,long,100,103505,103781
2025-06-21T10:30:00,2025-06-21T14:30:00,short,100,103781,103505
2025-06-21T14:30:00,2025-06-21T15:00:00,long,100,103551,103413
2025-06-21T15:00:00,2025-06-21T15:30:00,short,100,103413,103459
2025-06-21T15:30:00,2025-06-21T16:30:00,long,100,103459,103459
2025-06-21T16:30:00,2025-06-21T20:00:00,short,100,103413,102401
2025-06-21T20:00:00,2025-06-21T21:00:00,long,100,102401,102585
2025-06-21T21:00:00,2025-06-21T22:00:00,short,100,102493,101573
2025-06-21T22:00:00,2025-06-21T22:30:00,long,100,101573,101757
2025-06-21T23:00:00,2025-06-21T23:30:00,short,100,101665,101527
2025-06-21T23:30:00,2025-06-22T01:00:00,long,100,101527,102631
2025-06-22T01:00:00,2025-06-22T02:30:00,short,100,102631,102309
2025-06-22T02:30:00,2025-06-22T03:00:00,long,100,102355,102217
2025-06-22T03:00:00,2025-06-22T03:30:00,short,100,102217,102263
2025-06-22T03:30:00,2025-06-22T06:30:00,long,100,102263,102677
2025-06-22T06:30:00,2025-06-22T08:00:00,short,100,102677,102539
2025-06-22T08:30:00,2025-06-22T09:00:00,long,100,102631,102539
2025-06-22T09:00:00,2025-06-22T10:00:00,short,100,102539,102309
2025-06-22T10:00:00,2025-06-22T13:00:00,long,100,102309,102539
2025-06-22T13:00:00,2025-06-22T16:30:00,short,100,102493,98905
2025-06-22T16:30:00,2025-06-22T17:00:00,long,100,98905,99503
2025-06-22T17:00:00,2025-06-22T20:30:00,short,100,99503,98629
2025-06-22T20:30:00,2025-06-22T21:00:00,long,100,98629,99411
2025-06-22T21:00:00,2025-06-22T21:30:00,short,100,99411,99181
2025-06-22T22:00:00,2025-06-23T00:00:00,long,100,99273,100791
2025-06-23T00:00:00,2025-06-23T00:30:00,short,100,100791,100837
2025-06-23T01:00:00,2025-06-23T01:30:00,short,100,100745,100699
2025-06-23T01:30:00,2025-06-23T03:00:00,long,100,100791,101113
2025-06-23T03:00:00,2025-06-23T04:00:00,short,100,101113,101205
2025-06-23T04:30:00,2025-06-23T05:00:00,short,100,101113,101251
2025-06-23T05:00:00,2025-06-23T09:00:00,long,100,101343,101757
2025-06-23T09:00:00,2025-06-23T12:30:00,short,100,101757,101297
2025-06-23T12:30:00,2025-06-23T13:00:00,long,100,101343,101527
2025-06-23T13:00:00,2025-06-23T13:30:00,short,100,101481,101205
2025-06-23T13:30:00,2025-06-23T14:00:00,long,100,101205,102217
2025-06-23T14:00:00,2025-06-23T16:30:00,short,100,102217,100377
2025-06-23T16:30:00,2025-06-23T22:30:00,long,100,100377,105805
2025-06-23T22:30:00,2025-06-24T01:30:00,short,100,105805,105253
2025-06-24T01:30:00,2025-06-24T02:00:00,long,100,105299,105299
2025-06-24T02:00:00,2025-06-24T03:00:00,short,100,105207,104885
2025-06-24T03:00:00,2025-06-24T03:30:00,long,100,104885,104839
2025-06-24T05:00:00,2025-06-24T07:30:00,long,100,104931,105437
2025-06-24T07:30:00,2025-06-24T08:00:00,short,100,105437,105023
2025-06-24T08:00:00,2025-06-24T08:30:00,long,100,105069,104931
2025-06-24T08:30:00,2025-06-24T09:00:00,short,100,104931,105069
2025-06-24T09:00:00,2025-06-24T09:30:00,long,100,105069,105253
2025-06-24T09:30:00,2025-06-24T11:00:00,short,100,105207,105299
2025-06-24T11:00:00,2025-06-24T11:30:00,long,100,105345,105207
2025-06-24T11:30:00,2025-06-24T14:00:00,short,100,105207,105207
2025-06-24T14:00:00,2025-06-24T15:30:00,long,100,105253,105437
2025-06-24T15:30:00,2025-06-24T16:00:00,short,100,105437,105299
2025-06-24T16:00:00,2025-06-24T17:00:00,long,100,105345,105989
2025-06-24T17:00:00,2025-06-24T17:30:00,short,100,105989,105713
2025-06-24T17:30:00,2025-06-24T18:00:00,long,100,105805,105897
2025-06-24T18:00:00,2025-06-24T19:30:00,short,100,105851,105575
2025-06-24T19:30:00,2025-06-24T22:00:00,long,100,105621,105851
2025-06-24T22:30:00,2025-06-24T23:00:00,long,100,105989,105851
2025-06-24T23:00:00,2025-06-24T23:30:00,short,100,105851,105897
2025-06-24T23:30:00,2025-06-25T01:00:00,long,100,105943,106173
2025-06-25T01:00:00,2025-06-25T01:30:00,short,100,106173,106219
2025-06-25T01:30:00,2025-06-25T03:30:00,long,100,106311,106357
2025-06-25T03:30:00,2025-06-25T06:00:00,short,100,106357,106265
2025-06-25T06:00:00,2025-06-25T08:00:00,long,100,106357,106403
2025-06-25T08:00:00,2025-06-25T08:30:00,short,100,106403,106541
2025-06-25T08:30:00,2025-06-25T09:30:00,long,100,106541,106633
2025-06-25T09:30:00,2025-06-25T10:00:00,short,100,106633,106725
2025-06-25T10:00:00,2025-06-25T11:00:00,long,100,106771,106955
2025-06-25T11:00:00,2025-06-25T11:30:00,short,100,106955,107047
2025-06-25T11:30:00,2025-06-25T12:00:00,long,100,107139,107047
2025-06-25T12:00:00,2025-06-25T12:30:00,short,100,107047,107093
2025-06-25T12:30:00,2025-06-25T14:00:00,long,100,107185,107737
2025-06-25T14:00:00,2025-06-25T14:30:00,short,100,107737,107599
2025-06-25T15:00:00,2025-06-25T16:00:00,short,100,107461,107139
2025-06-25T16:00:00,2025-06-25T16:30:00,long,100,107139,107185
2025-06-25T16:30:00,2025-06-25T17:00:00,short,100,107093,107231
2025-06-25T17:00:00,2025-06-25T20:00:00,long,100,107231,107645
2025-06-25T20:00:00,2025-06-25T20:30:00,short,100,107645,107737
2025-06-25T21:00:00,2025-06-25T23:30:00,short,100,107599,107323
2025-06-26T00:00:00,2025-06-26T04:00:00,long,100,107369,107737
2025-06-26T04:00:00,2025-06-26T07:00:00,short,100,107737,107783
2025-06-26T07:00:00,2025-06-26T07:30:00,long,100,107829,107829
2025-06-26T07:30:00,2025-06-26T11:30:00,short,100,107829,107323
2025-06-26T11:30:00,2025-06-26T12:00:00,long,100,107323,107185
2025-06-26T12:00:00,2025-06-26T14:00:00,short,100,107139,107093
2025-06-26T14:00:00,2025-06-26T15:00:00,long,100,107093,107231
2025-06-26T15:00:00,2025-06-26T15:30:00,short,100,107139,107001
2025-06-26T15:30:00,2025-06-26T16:30:00,long,100,107001,107139
2025-06-26T17:00:00,2025-06-26T17:30:00,long,100,107277,107185
2025-06-26T17:30:00,2025-06-26T18:00:00,short,100,107185,107277
2025-06-26T18:00:00,2025-06-26T21:00:00,long,100,107277,107599
2025-06-26T21:00:00,2025-06-26T22:00:00,short,100,107599,107139
2025-06-26T22:30:00,2025-06-27T00:00:00,short,100,107001,107047
2025-06-27T00:00:00,2025-06-27T00:30:00,long,100,107047,107001
2025-06-27T00:30:00,2025-06-27T01:00:00,short,100,106909,106771
2025-06-27T01:00:00,2025-06-27T05:00:00,long,100,106771,107323
2025-06-27T05:00:00,2025-06-27T08:30:00,short,100,107323,106817
2025-06-27T08:30:00,2025-06-27T09:00:00,long,100,106817,106863
2025-06-27T09:00:00,2025-06-27T09:30:00,short,100,106771,106909
2025-06-27T09:30:00,2025-06-27T10:00:00,long,100,106909,106955
2025-06-27T11:00:00,2025-06-27T12:00:00,short,100,106909,107047
2025-06-27T12:00:00,2025-06-27T12:30:00,long,100,107047,107001
2025-06-27T12:30:00,2025-06-27T13:30:00,short,100,107001,106771
2025-06-27T13:30:00,2025-06-27T14:00:00,long,100,106817,106679
2025-06-27T14:00:00,2025-06-27T15:00:00,short,100,106679,106587
2025-06-27T15:00:00,2025-06-27T17:00:00,long,100,106587,107277
2025-06-27T17:00:00,2025-06-27T20:00:00,short,100,107277,106817
2025-06-27T20:00:00,2025-06-27T23:00:00,long,100,106863,107001
2025-06-27T23:00:00,2025-06-28T01:30:00,short,100,106955,106955
2025-06-28T01:30:00,2025-06-28T09:00:00,long,100,107001,107277
2025-06-28T09:00:00,2025-06-28T11:30:00,short,100,107277,107369
2025-06-28T12:00:00,2025-06-28T14:00:00,short,100,107231,107231
2025-06-28T15:30:00,2025-06-28T16:00:00,long,100,107277,107277
2025-06-28T16:00:00,2025-06-28T17:30:00,short,100,107277,107415
2025-06-28T17:30:00,2025-06-28T18:00:00,long,100,107415,107323
2025-06-28T18:00:00,2025-06-28T21:30:00,short,100,107323,107277
2025-06-28T21:30:00,2025-06-29T01:30:00,long,100,107323,107277
2025-06-29T01:30:00,2025-06-29T06:00:00,short,100,107277,107323
2025-06-29T06:00:00,2025-06-29T12:00:00,long,100,107323,108289
2025-06-29T12:00:00,2025-06-29T17:30:00,short,100,108289,107507
2025-06-29T17:30:00,2025-06-29T19:30:00,long,100,107507,107415
2025-06-29T20:00:00,2025-06-29T20:30:00,long,100,107461,107323
2025-06-29T21:00:00,2025-06-30T01:30:00,long,100,107415,108519
2025-06-30T01:30:00,2025-06-30T02:00:00,short,100,108519,108565
2025-06-30T02:30:00,2025-06-30T07:00:00,short,100,108427,107691
2025-06-30T07:00:00,2025-06-30T07:30:00,long,100,107691,107553
2025-06-30T09:00:00,2025-06-30T09:30:00,long,100,107645,107507
2025-06-30T10:30:00,2025-06-30T11:30:00,long,100,107553,107645
2025-06-30T12:00:00,2025-06-30T12:30:00,long,100,107737,107599
2025-06-30T12:30:00,2025-06-30T13:00:00,short,100,107599,107645
2025-06-30T13:00:00,2025-06-30T13:30:00,long,100,107645,107691
2025-06-30T13:30:00,2025-06-30T15:00:00,short,100,107645,106955
2025-06-30T15:00:00,2025-06-30T16:00:00,long,100,106955,107369
2025-06-30T16:00:00,2025-06-30T16:30:00,short,100,107323,107369
2025-06-30T16:30:00,2025-06-30T17:30:00,long,100,107415,107553
2025-06-30T17:30:00,2025-06-30T19:00:00,short,100,107553,107369
2025-06-30T19:00:00,2025-06-30T20:00:00,long,100,107415,107553
2025-06-30T20:00:00,2025-06-30T22:00:00,short,100,107507,107231
2025-06-30T22:30:00,2025-07-01T00:30:00,short,100,107093,107185
2025-07-01T00:30:00,2025-07-01T01:30:00,long,100,107185,107231
2025-07-01T01:30:00,2025-07-01T02:00:00,short,100,107185,107277
2025-07-01T02:00:00,2025-07-01T02:30:00,long,100,107277,107185
2025-07-01T02:30:00,2025-07-01T03:00:00,short,100,107185,107185
2025-07-01T03:00:00,2025-07-01T04:00:00,long,100,107185,107047
2025-07-01T04:00:00,2025-07-01T05:30:00,short,100,107047,106863
2025-07-01T05:30:00,2025-07-01T06:00:00,long,100,106863,106771
2025-07-01T06:00:00,2025-07-01T06:30:00,short,100,106725,106863
2025-07-01T06:30:00,2025-07-01T08:00:00,long,100,106863,107001
2025-07-01T08:00:00,2025-07-01T11:30:00,short,100,106955,106587
2025-07-01T11:30:00,2025-07-01T12:00:00,long,100,106587,106449
2025-07-01T12:00:00,2025-07-01T13:00:00,short,100,106449,106495
2025-07-01T13:00:00,2025-07-01T14:00:00,long,100,106495,106633
2025-07-01T14:00:00,2025-07-01T16:00:00,short,100,106541,106035
2025-07-01T16:00:00,2025-07-01T16:30:00,long,100,106035,106035
2025-07-01T17:00:00,2025-07-01T18:00:00,long,100,106173,106035
2025-07-01T18:00:00,2025-07-01T20:00:00,short,100,105943,105529
2025-07-01T20:00:00,2025-07-01T21:30:00,long,100,105529,105759
2025-07-01T22:30:00,2025-07-01T23:30:00,short,100,105667,105621
2025-07-01T23:30:00,2025-07-02T00:30:00,long,100,105667,105529
2025-07-02T00:30:00,2025-07-02T01:00:00,short,100,105529,105483
2025-07-02T01:00:00,2025-07-02T07:00:00,long,100,105483,106817
2025-07-02T07:00:00,2025-07-02T07:30:00,short,100,106817,106955
2025-07-02T08:00:00,2025-07-02T09:00:00,long,100,107185,107553
2025-07-02T09:00:00,2025-07-02T09:30:00,short,100,107553,107599
2025-07-02T10:30:00,2025-07-02T11:30:00,long,100,107783,107645
2025-07-02T11:30:00,2025-07-02T13:00:00,short,100,107645,107461
2025-07-02T13:00:00,2025-07-02T17:30:00,long,100,107553,109209
2025-07-02T17:30:00,2025-07-02T18:00:00,short,100,109209,109209
2025-07-02T18:30:00,2025-07-02T20:00:00,long,100,109393,109485
2025-07-02T20:00:00,2025-07-02T21:30:00,short,100,109485,109255
2025-07-02T21:30:00,2025-07-02T22:00:00,long,100,109347,109301
2025-07-02T22:00:00,2025-07-03T01:00:00,short,100,109301,108979
2025-07-03T01:00:00,2025-07-03T01:30:00,long,100,108979,108933
2025-07-03T02:00:00,2025-07-03T04:00:00,short,100,108841,108749
2025-07-03T04:00:00,2025-07-03T04:30:00,long,100,108749,108795
2025-07-03T04:30:00,2025-07-03T05:00:00,short,100,108703,108841
2025-07-03T05:00:00,2025-07-03T07:00:00,long,100,108841,109255
2025-07-03T07:00:00,2025-07-03T08:00:00,short,100,109255,109301
2025-07-03T08:00:00,2025-07-03T08:30:00,long,100,109393,109393
2025-07-03T08:30:00,2025-07-03T09:00:00,short,100,109393,109439
2025-07-03T09:00:00,2025-07-03T10:00:00,long,100,109531,109853
2025-07-03T10:00:00,2025-07-03T10:30:00,short,100,109853,109807
2025-07-03T11:00:00,2025-07-03T13:00:00,short,100,109669,109301
2025-07-03T13:00:00,2025-07-03T14:00:00,long,100,109301,110083
2025-07-03T14:00:00,2025-07-03T16:30:00,short,100,110083,109255
2025-07-03T16:30:00,2025-07-03T21:00:00,long,100,109255,109761
2025-07-03T21:00:00,2025-07-04T01:00:00,short,100,109761,109577
2025-07-04T01:00:00,2025-07-04T01:30:00,long,100,109623,109485
2025-07-04T01:30:00,2025-07-04T03:00:00,short,100,109485,109301
2025-07-04T03:00:00,2025-07-04T03:30:00,long,100,109301,109209
2025-07-04T03:30:00,2025-07-04T05:00:00,short,100,109163,109117
2025-07-04T05:00:00,2025-07-04T05:30:00,long,100,109117,108979
2025-07-04T05:30:00,2025-07-04T06:30:00,short,100,108933,109025
2025-07-04T06:30:00,2025-07-04T07:00:00,long,100,109025,108887
2025-07-04T07:00:00,2025-07-04T09:00:00,short,100,108841,108841
2025-07-04T09:00:00,2025-07-04T10:00:00,long,100,108841,108887
2025-07-04T11:00:00,2025-07-04T11:30:00,long,100,109025,108933
2025-07-04T11:30:00,2025-07-04T16:30:00,short,100,108887,107645
2025-07-04T16:30:00,2025-07-04T18:00:00,long,100,107645,107645
2025-07-04T19:00:00,2025-07-04T19:30:00,short,100,107461,107415
2025-07-04T19:30:00,2025-07-04T23:00:00,long,100,107415,108059
2025-07-04T23:00:00,2025-07-05T00:30:00,short,100,108059,108105
2025-07-05T01:00:00,2025-07-05T02:30:00,short,100,108013,107921
2025-07-05T02:30:00,2025-07-05T03:30:00,long,100,107967,108059
2025-07-05T04:00:00,2025-07-05T04:30:00,long,100,108197,108243
2025-07-05T04:30:00,2025-07-05T06:00:00,short,100,108243,108197
2025-07-05T07:00:00,2025-07-05T09:30:00,short,100,108059,108059
2025-07-05T11:00:00,2025-07-05T12:00:00,long,100,108105,107967
2025-07-05T12:00:00,2025-07-05T12:30:00,short,100,107967,108105
2025-07-05T12:30:00,2025-07-05T15:30:00,long,100,108105,108013
2025-07-05T15:30:00,2025-07-05T16:30:00,short,100,108013,108105
2025-07-05T16:30:00,2025-07-05T17:00:00,long,100,108105,107967
2025-07-05T17:00:00,2025-07-05T19:30:00,short,100,107967,108105
2025-07-05T19:30:00,2025-07-05T20:00:00,long,100,108105,107967
2025-07-05T20:00:00,2025-07-05T20:30:00,short,100,107967,108059
2025-07-05T20:30:00,2025-07-06T01:00:00,long,100,108059,108013
2025-07-06T01:00:00,2025-07-06T01:30:00,short,100,108013,108151
2025-07-06T01:30:00,2025-07-06T02:00:00,long,100,108151,108059
2025-07-06T02:00:00,2025-07-06T06:00:00,short,100,108059,108105
2025-07-06T06:00:00,2025-07-06T07:30:00,long,100,108105,107967
2025-07-06T07:30:00,2025-07-06T10:30:00,short,100,107967,107967
2025-07-06T11:30:00,2025-07-06T15:00:00,long,100,108013,108749
2025-07-06T15:00:00,2025-07-06T15:30:00,short,100,108749,108887
2025-07-06T16:00:00,2025-07-06T17:30:00,short,100,108749,108887
2025-07-06T18:00:00,2025-07-06T20:00:00,short,100,108749,108565
2025-07-06T20:00:00,2025-07-06T22:30:00,long,100,108611,109255
2025-07-06T22:30:00,2025-07-06T23:30:00,short,100,109255,109163
2025-07-07T00:00:00,2025-07-07T01:30:00,short,100,109025,108933
2025-07-07T01:30:00,2025-07-07T03:30:00,long,100,108979,109439
2025-07-07T03:30:00,2025-07-07T07:00:00,short,100,109439,108887
2025-07-07T07:00:00,2025-07-07T08:00:00,long,100,108887,108887
2025-07-07T08:00:00,2025-07-07T08:30:00,short,100,108795,108933
2025-07-07T08:30:00,2025-07-07T09:00:00,long,100,108933,108841
2025-07-07T09:00:00,2025-07-07T13:30:00,short,100,108795,108473
2025-07-07T13:30:00,2025-07-07T14:00:00,long,100,108473,108381
2025-07-07T14:00:00,2025-07-07T15:00:00,short,100,108289,108243
2025-07-07T15:00:00,2025-07-07T15:30:00,long,100,108243,108381
2025-07-07T15:30:00,2025-07-07T17:00:00,short,100,108289,108105
2025-07-07T17:00:00,2025-07-07T17:30:00,long,100,108105,107967
2025-07-07T17:30:00,2025-07-07T18:30:00,short,100,107967,107691
2025-07-07T18:30:00,2025-07-07T19:30:00,long,100,107691,108013
2025-07-07T19:30:00,2025-07-07T21:30:00,short,100,107967,107921
2025-07-07T21:30:00,2025-07-07T22:00:00,long,100,107967,108013
2025-07-07T22:00:00,2025-07-07T23:00:00,short,100,107967,108059
2025-07-07T23:00:00,2025-07-08T00:30:00,long,100,108105,108243
2025-07-08T00:30:00,2025-07-08T02:00:00,short,100,108243,107829
2025-07-08T02:00:00,2025-07-08T02:30:00,long,100,107829,107783
2025-07-08T02:30:00,2025-07-08T03:00:00,short,100,107737,107875
2025-07-08T03:00:00,2025-07-08T08:30:00,long,100,107875,108289
2025-07-08T08:30:00,2025-07-08T09:00:00,short,100,108289,108335
2025-07-08T10:00:00,2025-07-08T11:30:00,long,100,108427,108703
2025-07-08T11:30:00,2025-07-08T12:30:00,short,100,108703,108841
2025-07-08T12:30:00,2025-07-08T14:00:00,long,100,108933,108841
2025-07-08T14:00:00,2025-07-08T16:00:00,short,100,108841,108381
2025-07-08T16:00:00,2025-07-08T19:00:00,long,100,108427,108979
2025-07-08T19:00:00,2025-07-08T20:00:00,short,100,108979,108887
2025-07-08T20:30:00,2025-07-08T21:00:00,short,100,108749,108703
2025-07-08T21:00:00,2025-07-09T01:00:00,long,100,108749,108749
2025-07-09T01:00:00,2025-07-09T04:30:00,short,100,108703,108473
2025-07-09T04:30:00,2025-07-09T07:30:00,long,100,108473,108657
2025-07-09T08:00:00,2025-07-09T08:30:00,long,100,108795,108657
2025-07-09T08:30:00,2025-07-09T09:30:00,short,100,108657,108749
2025-07-09T09:30:00,2025-07-09T12:30:00,long,100,108749,109301
2025-07-09T12:30:00,2025-07-09T13:00:00,short,100,109301,109393
2025-07-09T13:00:00,2025-07-09T13:30:00,long,100,109531,109439
2025-07-09T13:30:00,2025-07-09T15:30:00,short,100,109439,109025
2025-07-09T15:30:00,2025-07-09T17:00:00,long,100,109071,109209
2025-07-09T17:00:00,2025-07-09T18:00:00,short,100,109163,109209
2025-07-09T18:00:00,2025-07-09T20:00:00,long,100,109209,111555
2025-07-09T20:00:00,2025-07-09T21:00:00,short,100,111555,110865
2025-07-09T21:00:00,2025-07-09T21:30:00,long,100,110865,111095
2025-07-09T21:30:00,2025-07-09T22:00:00,short,100,111049,110911
2025-07-09T22:00:00,2025-07-09T23:30:00,long,100,110957,111187
2025-07-10T00:00:00,2025-07-10T01:00:00,short,100,111141,111049
2025-07-10T01:00:00,2025-07-10T03:00:00,long,100,111095,111095
2025-07-10T03:00:00,2025-07-10T04:30:00,short,100,111049,111141
2025-07-10T04:30:00,2025-07-10T05:00:00,long,100,111141,111003
2025-07-10T05:00:00,2025-07-10T05:30:00,short,100,111003,111095
2025-07-10T05:30:00,2025-07-10T07:30:00,long,100,111095,111187
2025-07-10T09:00:00,2025-07-10T11:00:00,short,100,111141,111141
2025-07-10T11:30:00,2025-07-10T13:00:00,short,100,111003,111003
2025-07-10T13:00:00,2025-07-10T13:30:00,long,100,111003,110865
2025-07-10T13:30:00,2025-07-10T14:00:00,short,100,110865,110865
2025-07-10T14:00:00,2025-07-10T18:00:00,long,100,110865,113533
2025-07-10T18:00:00,2025-07-10T18:30:00,short,100,113533,113257
2025-07-10T18:30:00,2025-07-10T19:00:00,long,100,113349,113257
2025-07-10T19:00:00,2025-07-10T20:00:00,short,100,113257,113395
2025-07-10T20:00:00,2025-07-10T22:00:00,long,100,113395,116339
2025-07-10T22:00:00,2025-07-10T22:30:00,short,100,116339,116017
2025-07-10T23:00:00,2025-07-10T23:30:00,short,100,115879,115879
2025-07-10T23:30:00,2025-07-11T00:00:00,long,100,115879,115879
2025-07-11T00:00:00,2025-07-11T01:00:00,short,100,115833,115603
2025-07-11T01:00:00,2025-07-11T03:00:00,long,100,115603,116477
2025-07-11T03:00:00,2025-07-11T03:30:00,short,100,116477,116615
2025-07-11T03:30:00,2025-07-11T04:00:00,long,100,116753,116753
2025-07-11T04:00:00,2025-07-11T04:30:00,short,100,116753,116661
2025-07-11T04:30:00,2025-07-11T06:30:00,long,100,116753,117949
2025-07-11T06:30:00,2025-07-11T07:00:00,short,100,117949,117765
2025-07-11T07:00:00,2025-07-11T07:30:00,long,100,117857,117765
2025-07-11T07:30:00,2025-07-11T08:00:00,short,100,117765,117627
2025-07-11T08:00:00,2025-07-11T10:00:00,long,100,117673,118317
2025-07-11T10:00:00,2025-07-11T12:30:00,short,100,118317,117857
2025-07-11T13:00:00,2025-07-11T13:30:00,short,100,117719,117765
2025-07-11T13:30:00,2025-07-11T14:30:00,long,100,117765,117857
2025-07-11T15:00:00,2025-07-11T16:00:00,short,100,117765,117075
2025-07-11T16:00:00,2025-07-11T18:00:00,long,100,117075,117489
2025-07-11T18:00:00,2025-07-11T18:30:00,short,100,117443,117443
2025-07-11T18:30:00,2025-07-11T20:00:00,long,100,117489,117903
2025-07-11T20:00:00,2025-07-11T21:00:00,short,100,117903,117811
2025-07-11T21:30:00,2025-07-11T22:30:00,short,100,117719,117397
2025-07-11T22:30:00,2025-07-11T23:30:00,long,100,117397,117489
2025-07-12T00:30:00,2025-07-12T01:00:00,short,100,117397,117535
2025-07-12T01:00:00,2025-07-12T02:30:00,long,100,117535,117535
2025-07-12T03:00:00,2025-07-12T04:30:00,long,100,117673,117673
2025-07-12T04:30:00,2025-07-12T06:00:00,short,100,117673,117719
2025-07-12T06:00:00,2025-07-12T06:30:00,long,100,117765,117765
2025-07-12T06:30:00,2025-07-12T07:00:00,short,100,117765,117903
2025-07-12T07:00:00,2025-07-12T07:30:00,long,100,117903,117811
2025-07-12T07:30:00,2025-07-12T08:00:00,short,100,117811,117811
2025-07-12T08:00:00,2025-07-12T11:00:00,long,100,117857,117949
2025-07-12T11:00:00,2025-07-12T13:30:00,short,100,117949,117443
2025-07-12T13:30:00,2025-07-12T14:30:00,long,100,117443,117489
2025-07-12T14:30:00,2025-07-12T16:00:00,short,100,117397,117259
2025-07-12T16:00:00,2025-07-12T16:30:00,long,100,117259,117167
2025-07-12T17:00:00,2025-07-12T20:00:00,long,100,117305,117397
2025-07-12T20:30:00,2025-07-12T21:00:00,short,100,117351,117167
2025-07-12T21:00:00,2025-07-12T23:00:00,long,100,117213,117305
2025-07-12T23:00:00,2025-07-12T23:30:00,short,100,117259,117397
2025-07-12T23:30:00,2025-07-13T00:30:00,long,100,117397,117305
2025-07-13T00:30:00,2025-07-13T01:00:00,short,100,117305,117397
2025-07-13T01:00:00,2025-07-13T02:00:00,long,100,117397,117351
2025-07-13T02:00:00,2025-07-13T02:30:00,short,100,117351,117489
2025-07-13T02:30:00,2025-07-13T08:00:00,long,100,117489,117811
2025-07-13T08:00:00,2025-07-13T08:30:00,short,100,117811,117903
2025-07-13T09:30:00,2025-07-13T10:00:00,short,100,117765,117811
2025-07-13T11:00:00,2025-07-13T13:00:00,long,100,117903,118225
2025-07-13T13:00:00,2025-07-13T13:30:00,short,100,118225,118363
2025-07-13T13:30:00,2025-07-13T14:30:00,long,100,118409,118961
2025-07-13T14:30:00,2025-07-13T15:00:00,short,100,118961,118823
2025-07-13T15:30:00,2025-07-13T16:00:00,short,100,118731,118731
2025-07-13T16:00:00,2025-07-13T16:30:00,long,100,118777,118685
2025-07-13T16:30:00,2025-07-13T17:00:00,short,100,118685,118593
2025-07-13T17:00:00,2025-07-13T19:30:00,long,100,118593,119053
2025-07-13T19:30:00,2025-07-13T20:00:00,short,100,119053,119053
2025-07-13T20:00:00,2025-07-13T20:30:00,long,100,119145,119145
2025-07-13T20:30:00,2025-07-13T23:00:00,short,100,119145,118547
2025-07-13T23:00:00,2025-07-14T00:30:00,long,100,118547,119007
2025-07-14T01:00:00,2025-07-14T01:30:00,short,100,118961,119053
2025-07-14T01:30:00,2025-07-14T02:30:00,long,100,119099,119651
2025-07-14T02:30:00,2025-07-14T03:00:00,short,100,119651,119743
2025-07-14T03:00:00,2025-07-14T06:30:00,long,100,119881,122319
2025-07-14T06:30:00,2025-07-14T07:00:00,short,100,122319,122273
2025-07-14T07:30:00,2025-07-14T08:00:00,long,100,122457,122595
2025-07-14T08:00:00,2025-07-14T08:30:00,short,100,122595,122549
2025-07-14T09:00:00,2025-07-14T12:00:00,short,100,122457,121629
2025-07-14T12:00:00,2025-07-14T13:00:00,long,100,121629,121767
2025-07-14T13:00:00,2025-07-14T16:00:00,short,100,121675,120019
2025-07-14T16:00:00,2025-07-14T17:00:00,long,100,120019,120111
2025-07-14T17:30:00,2025-07-14T18:00:00,short,100,119973,120065
2025-07-14T18:00:00,2025-07-14T18:30:00,long,100,120065,120019
2025-07-14T18:30:00,2025-07-14T19:00:00,short,100,119973,119743
2025-07-14T19:00:00,2025-07-14T21:00:00,long,100,119743,119973
2025-07-14T21:00:00,2025-07-14T22:00:00,short,100,119927,120065
2025-07-14T22:00:00,2025-07-14T22:30:00,long,100,120065,120157
2025-07-14T22:30:00,2025-07-15T02:30:00,short,100,120157,118087
2025-07-15T02:30:00,2025-07-15T03:00:00,long,100,118087,118179
2025-07-15T03:00:00,2025-07-15T04:30:00,short,100,118041,117397
2025-07-15T04:30:00,2025-07-15T05:30:00,long,100,117397,117397
2025-07-15T06:00:00,2025-07-15T09:00:00,short,100,117259,116937
2025-07-15T09:00:00,2025-07-15T09:30:00,long,100,116937,116845
2025-07-15T10:00:00,2025-07-15T11:00:00,long,100,116891,116937
2025-07-15T11:00:00,2025-07-15T11:30:00,short,100,116845,116615
2025-07-15T11:30:00,2025-07-15T12:00:00,long,100,116615,117029
2025-07-15T12:00:00,2025-07-15T12:30:00,short,100,116983,117029
2025-07-15T12:30:00,2025-07-15T14:00:00,long,100,117075,117903
2025-07-15T14:00:00,2025-07-15T15:00:00,short,100,117903,116155
2025-07-15T15:00:00,2025-07-15T18:00:00,long,100,116155,117351
2025-07-15T18:00:00,2025-07-15T19:00:00,short,100,117351,116891
2025-07-15T19:30:00,2025-07-15T20:00:00,short,100,116753,116569
2025-07-15T20:00:00,2025-07-15T20:30:00,long,100,116569,116431
2025-07-15T21:00:00,2025-07-15T23:00:00,long,100,116523,117673
2025-07-15T23:00:00,2025-07-15T23:30:00,short,100,117673,117719
2025-07-16T00:00:00,2025-07-16T00:30:00,short,100,117627,117719
2025-07-16T00:30:00,2025-07-16T01:00:00,long,100,117811,117995
2025-07-16T01:00:00,2025-07-16T03:30:00,short,100,117995,117489
2025-07-16T03:30:00,2025-07-16T10:30:00,long,100,117489,119053
2025-07-16T10:30:00,2025-07-16T11:00:00,short,100,119053,118823
2025-07-16T11:00:00,2025-07-16T11:30:00,long,100,118915,118777
2025-07-16T11:30:00,2025-07-16T12:00:00,short,100,118777,118869
2025-07-16T12:00:00,2025-07-16T12:30:00,long,100,118869,118777
2025-07-16T12:30:00,2025-07-16T13:00:00,short,100,118777,118685
2025-07-16T13:00:00,2025-07-16T13:30:00,long,100,118731,118685
2025-07-16T13:30:00,2025-07-16T14:30:00,short,100,118639,118593
2025-07-16T14:30:00,2025-07-16T15:30:00,long,100,118593,119283
2025-07-16T15:30:00,2025-07-16T16:30:00,short,100,119283,119191
2025-07-16T16:30:00,2025-07-16T17:30:00,long,100,119283,119467
2025-07-16T17:30:00,2025-07-16T18:00:00,short,100,119467,119145
2025-07-16T18:00:00,2025-07-16T19:00:00,long,100,119191,119329
2025-07-16T19:00:00,2025-07-16T20:00:00,short,100,119283,119283
2025-07-16T20:00:00,2025-07-16T21:30:00,long,100,119329,119743
2025-07-16T21:30:00,2025-07-17T00:00:00,short,100,119743,118777
2025-07-17T00:00:00,2025-07-17T01:00:00,long,100,118777,118731
2025-07-17T01:30:00,2025-07-17T02:00:00,short,100,118593,118271
2025-07-17T02:00:00,2025-07-17T02:30:00,long,100,118271,118271
2025-07-17T03:00:00,2025-07-17T03:30:00,short,100,118133,118041
2025-07-17T03:30:00,2025-07-17T06:30:00,long,100,118041,118501
2025-07-17T06:30:00,2025-07-17T07:30:00,short,100,118501,118087
2025-07-17T07:30:00,2025-07-17T09:30:00,long,100,118133,119007
2025-07-17T09:30:00,2025-07-17T12:30:00,short,100,119007,117627
2025-07-17T12:30:00,2025-07-17T15:00:00,long,100,117627,118593
2025-07-17T15:00:00,2025-07-17T15:30:00,short,100,118593,118639
2025-07-17T15:30:00,2025-07-17T16:00:00,long,100,118777,118777
2025-07-17T16:00:00,2025-07-17T17:00:00,short,100,118777,118685
2025-07-17T17:30:00,2025-07-17T18:30:00,long,100,118777,119559
2025-07-17T18:30:00,2025-07-17T19:00:00,short,100,119559,119697
2025-07-17T19:30:00,2025-07-17T20:00:00,short,100,119559,119053
2025-07-17T20:00:00,2025-07-17T21:30:00,long,100,119053,120755
2025-07-17T21:30:00,2025-07-18T00:00:00,short,100,120755,119329
2025-07-18T00:00:00,2025-07-18T02:00:00,long,100,119329,120203
2025-07-18T02:00:00,2025-07-18T03:30:00,short,100,120203,120203
2025-07-18T04:00:00,2025-07-18T04:30:00,short,100,120111,120203
2025-07-18T04:30:00,2025-07-18T06:00:00,long,100,120295,120433
2025-07-18T06:00:00,2025-07-18T06:30:00,short,100,120433,120295
2025-07-18T07:00:00,2025-07-18T09:30:00,short,100,120157,118823
2025-07-18T09:30:00,2025-07-18T10:00:00,long,100,118823,118777
2025-07-18T10:30:00,2025-07-18T11:00:00,long,100,118915,119145
2025-07-18T11:00:00,2025-07-18T11:30:00,short,100,119099,119007
2025-07-18T11:30:00,2025-07-18T13:00:00,long,100,119053,119283
2025-07-18T13:00:00,2025-07-18T14:30:00,short,100,119283,118133
2025-07-18T14:30:00,2025-07-18T15:00:00,long,100,118133,118041
2025-07-18T15:00:00,2025-07-18T15:30:00,short,100,117857,117857
2025-07-18T15:30:00,2025-07-18T16:00:00,long,100,117857,117719
2025-07-18T16:00:00,2025-07-18T17:00:00,short,100,117581,117719
2025-07-18T17:00:00,2025-07-18T17:30:00,long,100,117719,117811
2025-07-18T17:30:00,2025-07-18T18:00:00,short,100,117719,117719
2025-07-18T18:00:00,2025-07-18T18:30:00,long,100,117719,117581
2025-07-18T18:30:00,2025-07-18T19:00:00,short,100,117581,117443
2025-07-18T19:00:00,2025-07-18T19:30:00,long,100,117443,117673
2025-07-18T19:30:00,2025-07-18T20:30:00,short,100,117627,117167
2025-07-18T20:30:00,2025-07-18T22:30:00,long,100,117167,117719
2025-07-18T22:30:00,2025-07-18T23:00:00,short,100,117719,117811
2025-07-18T23:30:00,2025-07-19T00:30:00,long,100,117903,117811
2025-07-19T00:30:00,2025-07-19T01:00:00,short,100,117811,117857
2025-07-19T01:00:00,2025-07-19T04:30:00,long,100,117949,118133
2025-07-19T04:30:00,2025-07-19T05:30:00,short,100,118133,118225
2025-07-19T06:00:00,2025-07-19T06:30:00,short,100,118087,118179
2025-07-19T08:00:00,2025-07-19T09:00:00,short,100,118087,118179
2025-07-19T09:00:00,2025-07-19T11:30:00,long,100,118225,118271
2025-07-19T11:30:00,2025-07-19T15:00:00,short,100,118271,117811
2025-07-19T15:00:00,2025-07-19T15:30:00,long,100,117811,118087
2025-07-19T15:30:00,2025-07-19T16:00:00,short,100,118041,118133
2025-07-19T16:00:00,2025-07-19T16:30:00,long,100,118133,117995
2025-07-19T16:30:00,2025-07-19T18:00:00,short,100,117995,117949
2025-07-19T18:30:00,2025-07-19T19:30:00,short,100,117811,117949
2025-07-19T19:30:00,2025-07-19T20:30:00,long,100,117949,117857
2025-07-19T20:30:00,2025-07-19T22:30:00,short,100,117857,117811
2025-07-19T22:30:00,2025-07-20T00:00:00,long,100,117811,117673
2025-07-20T00:00:00,2025-07-20T00:30:00,short,100,117673,117765
2025-07-20T00:30:00,2025-07-20T02:00:00,long,100,117765,117811
2025-07-20T02:00:00,2025-07-20T02:30:00,short,100,117765,117903
2025-07-20T02:30:00,2025-07-20T03:00:00,long,100,117903,117857
2025-07-20T03:00:00,2025-07-20T04:00:00,short,100,117857,117995
2025-07-20T04:00:00,2025-07-20T04:30:00,long,100,117995,117949
2025-07-20T04:30:00,2025-07-20T07:00:00,short,100,117949,117949
2025-07-20T07:00:00,2025-07-20T09:00:00,long,100,117995,117995
2025-07-20T09:00:00,2025-07-20T12:30:00,short,100,117995,117995
2025-07-20T12:30:00,2025-07-20T14:30:00,long,100,118041,118455
2025-07-20T14:30:00,2025-07-20T15:00:00,short,100,118455,118547
2025-07-20T15:00:00,2025-07-20T16:30:00,long,100,118639,118593
2025-07-20T16:30:00,2025-07-20T18:00:00,short,100,118593,118179
2025-07-20T18:00:00,2025-07-20T19:30:00,long,100,118225,118363
2025-07-20T19:30:00,2025-07-20T22:30:00,short,100,118317,117397
2025-07-20T22:30:00,2025-07-20T23:00:00,long,100,117397,117351
2025-07-20T23:00:00,2025-07-21T00:30:00,short,100,117167,117029
2025-07-21T00:30:00,2025-07-21T01:00:00,long,100,117029,117213
2025-07-21T01:00:00,2025-07-21T01:30:00,short,100,117121,117213
2025-07-21T01:30:00,2025-07-21T04:30:00,long,100,117213,118317
2025-07-21T04:30:00,2025-07-21T05:30:00,short,100,118317,118363
2025-07-21T06:00:00,2025-07-21T07:30:00,long,100,118547,119467
2025-07-21T07:30:00,2025-07-21T12:00:00,short,100,119467,118225
2025-07-21T12:00:00,2025-07-21T12:30:00,long,100,118225,118317
2025-07-21T12:30:00,2025-07-21T13:00:00,short,100,118179,118271
2025-07-21T13:00:00,2025-07-21T15:00:00,long,100,118271,118731
2025-07-21T15:00:00,2025-07-21T17:30:00,short,100,118731,117719
2025-07-21T17:30:00,2025-07-21T18:30:00,long,100,117719,117811
2025-07-21T18:30:00,2025-07-21T20:00:00,short,100,117673,116891
2025-07-21T20:00:00,2025-07-21T20:30:00,long,100,116891,116937
2025-07-21T21:00:00,2025-07-22T00:30:00,long,100,117029,117305
2025-07-22T00:30:00,2025-07-22T01:00:00,short,100,117259,117213
2025-07-22T01:30:00,2025-07-22T02:00:00,long,100,117259,117535
2025-07-22T02:00:00,2025-07-22T03:30:00,short,100,117535,117167
2025-07-22T03:30:00,2025-07-22T04:00:00,long,100,117213,117075
2025-07-22T04:00:00,2025-07-22T05:00:00,short,100,117075,116661
2025-07-22T05:00:00,2025-07-22T07:30:00,long,100,116661,118363
2025-07-22T07:30:00,2025-07-22T08:30:00,short,100,118363,117857
2025-07-22T08:30:00,2025-07-22T09:00:00,long,100,117903,118133
2025-07-22T09:30:00,2025-07-22T13:30:00,long,100,118271,119145
2025-07-22T13:30:00,2025-07-22T14:00:00,short,100,119145,118271
2025-07-22T14:00:00,2025-07-22T15:00:00,long,100,118271,118915
2025-07-22T15:00:00,2025-07-22T16:00:00,short,100,118915,119007
2025-07-22T16:30:00,2025-07-22T17:30:00,short,100,118915,118777
2025-07-22T17:30:00,2025-07-22T19:30:00,long,100,118823,119605
2025-07-22T19:30:00,2025-07-22T20:00:00,short,100,119605,119421
2025-07-22T20:00:00,2025-07-22T20:30:00,long,100,119513,119697
2025-07-22T20:30:00,2025-07-22T22:00:00,short,100,119697,119605
2025-07-22T22:00:00,2025-07-22T23:30:00,long,100,119697,120019
2025-07-22T23:30:00,2025-07-23T04:00:00,short,100,120019,118777
2025-07-23T04:00:00,2025-07-23T05:00:00,long,100,118777,118823
2025-07-23T05:30:00,2025-07-23T10:00:00,short,100,118685,118133
2025-07-23T10:00:00,2025-07-23T12:30:00,long,100,118133,118409
2025-07-23T12:30:00,2025-07-23T13:00:00,short,100,118317,118041
2025-07-23T13:00:00,2025-07-23T13:30:00,long,100,118041,117949
2025-07-23T13:30:00,2025-07-23T14:00:00,short,100,117903,117443
2025-07-23T14:00:00,2025-07-23T15:00:00,long,100,117443,118041
2025-07-23T15:00:00,2025-07-23T15:30:00,short,100,118041,118179
2025-07-23T15:30:00,2025-07-23T16:00:00,long,100,118225,118409
2025-07-23T16:00:00,2025-07-23T17:30:00,short,100,118409,117765
2025-07-23T17:30:00,2025-07-23T20:00:00,long,100,117765,118179
2025-07-23T20:00:00,2025-07-23T21:30:00,short,100,118133,117673
2025-07-23T21:30:00,2025-07-24T02:00:00,long,100,117673,118915
2025-07-24T02:00:00,2025-07-24T02:30:00,short,100,118915,118961
2025-07-24T03:00:00,2025-07-24T03:30:00,long,100,119145,119099
2025-07-24T03:30:00,2025-07-24T06:00:00,short,100,119099,117719
2025-07-24T06:00:00,2025-07-24T06:30:00,long,100,117719,117673
2025-07-24T06:30:00,2025-07-24T07:00:00,short,100,117489,117535
2025-07-24T07:00:00,2025-07-24T09:00:00,long,100,117535,118593
2025-07-24T09:00:00,2025-07-24T10:30:00,short,100,118593,118271
2025-07-24T10:30:00,2025-07-24T13:30:00,long,100,118317,118501
2025-07-24T13:30:00,2025-07-24T14:30:00,short,100,118455,118271
2025-07-24T14:30:00,2025-07-24T16:00:00,long,100,118317,118915
2025-07-24T16:00:00,2025-07-24T17:00:00,short,100,118915,118685
2025-07-24T17:00:00,2025-07-24T18:30:00,long,100,118777,119099
2025-07-24T18:30:00,2025-07-24T19:00:00,short,100,119099,119145
2025-07-24T19:30:00,2025-07-25T04:30:00,short,100,119007,115465
2025-07-25T04:30:00,2025-07-25T05:00:00,long,100,115465,115925
2025-07-25T05:00:00,2025-07-25T07:00:00,short,100,115879,115419
2025-07-25T07:00:00,2025-07-25T07:30:00,long,100,115419,115419
2025-07-25T07:30:00,2025-07-25T08:00:00,short,100,115327,115419
2025-07-25T08:00:00,2025-07-25T08:30:00,long,100,115419,115603
2025-07-25T08:30:00,2025-07-25T09:00:00,short,100,115557,115327
2025-07-25T09:00:00,2025-07-25T11:30:00,long,100,115373,116523
2025-07-25T11:30:00,2025-07-25T13:30:00,short,100,116523,116247
2025-07-25T14:00:00,2025-07-25T15:00:00,short,100,116109,115097
2025-07-25T15:00:00,2025-07-25T17:30:00,long,100,115097,116017
2025-07-25T17:30:00,2025-07-25T18:00:00,short,100,116017,116155
2025-07-25T18:00:00,2025-07-26T00:30:00,long,100,116293,117443
2025-07-26T00:30:00,2025-07-26T02:00:00,short,100,117443,117305
2025-07-26T02:00:00,2025-07-26T02:30:00,long,100,117443,117443
2025-07-26T02:30:00,2025-07-26T08:00:00,short,100,117443,117443
2025-07-26T08:00:00,2025-07-26T11:30:00,long,100,117489,117811
2025-07-26T11:30:00,2025-07-26T12:00:00,short,100,117811,117903
2025-07-26T13:00:00,2025-07-26T15:00:00,long,100,117995,117949
2025-07-26T15:00:00,2025-07-26T15:30:00,short,100,117949,117995
2025-07-26T15:30:00,2025-07-26T17:30:00,long,100,118087,117995
2025-07-26T17:30:00,2025-07-26T19:00:00,short,100,117995,118133
2025-07-26T19:30:00,2025-07-26T20:00:00,long,100,118179,118041
2025-07-26T20:00:00,2025-07-26T21:30:00,short,100,118041,118041
2025-07-26T23:00:00,2025-07-27T01:00:00,short,100,117903,117995
2025-07-27T01:00:00,2025-07-27T03:30:00,long,100,118041,118133
2025-07-27T04:00:00,2025-07-27T07:00:00,long,100,118271,118133
2025-07-27T07:00:00,2025-07-27T10:00:00,short,100,118133,118041
2025-07-27T10:00:00,2025-07-27T11:30:00,long,100,118087,118041
2025-07-27T11:30:00,2025-07-27T13:00:00,short,100,118041,118133
2025-07-27T13:00:00,2025-07-27T16:30:00,long,100,118133,119237
2025-07-27T16:30:00,2025-07-27T17:00:00,short,100,119237,119191
2025-07-27T18:30:00,2025-07-27T21:00:00,short,100,119099,118915
2025-07-27T21:00:00,2025-07-27T22:30:00,long,100,118961,119513
2025-07-27T22:30:00,2025-07-28T00:00:00,short,100,119513,119605
2025-07-28T00:00:00,2025-07-28T00:30:00,long,100,119697,119559
2025-07-28T00:30:00,2025-07-28T01:00:00,short,100,119559,119375
2025-07-28T01:00:00,2025-07-28T01:30:00,long,100,119421,119283
2025-07-28T01:30:00,2025-07-28T02:00:00,short,100,119283,119145
2025-07-28T02:00:00,2025-07-28T03:00:00,long,100,119145,119375
2025-07-28T03:00:00,2025-07-28T05:00:00,short,100,119329,119329
2025-07-28T05:00:00,2025-07-28T07:00:00,long,100,119375,119375
2025-07-28T07:00:00,2025-07-28T08:00:00,short,100,119375,119053
2025-07-28T08:00:00,2025-07-28T09:00:00,long,100,119053,118915
2025-07-28T09:00:00,2025-07-28T09:30:00,short,100,118915,118961
2025-07-28T09:30:00,2025-07-28T10:30:00,long,100,118961,118823
2025-07-28T10:30:00,2025-07-28T11:30:00,short,100,118777,118731
2025-07-28T11:30:00,2025-07-28T13:00:00,long,100,118731,118777
2025-07-28T13:00:00,2025-07-28T15:00:00,short,100,118685,118133
2025-07-28T15:00:00,2025-07-28T15:30:00,long,100,118133,118317
2025-07-28T15:30:00,2025-07-28T16:00:00,short,100,118225,118271
2025-07-28T16:00:00,2025-07-28T16:30:00,long,100,118271,118179
2025-07-28T16:30:00,2025-07-28T18:30:00,short,100,118179,117719
2025-07-28T18:30:00,2025-07-28T20:00:00,long,100,117719,117903
2025-07-28T20:00:00,2025-07-28T20:30:00,short,100,117811,117627
2025-07-28T20:30:00,2025-07-28T22:30:00,long,100,117627,117949
2025-07-28T22:30:00,2025-07-28T23:00:00,short,100,117903,117949
2025-07-28T23:00:00,2025-07-29T00:30:00,long,100,117995,118041
2025-07-29T00:30:00,2025-07-29T01:00:00,short,100,118041,118087
2025-07-29T01:00:00,2025-07-29T01:30:00,long,100,118133,118087
2025-07-29T01:30:00,2025-07-29T02:00:00,short,100,118087,117857
2025-07-29T02:00:00,2025-07-29T04:00:00,long,100,117903,118593
2025-07-29T04:00:00,2025-07-29T05:30:00,short,100,118593,118685
2025-07-29T05:30:00,2025-07-29T06:30:00,long,100,118823,118731
2025-07-29T06:30:00,2025-07-29T07:30:00,short,100,118731,118869
2025-07-29T08:00:00,2025-07-29T08:30:00,short,100,118731,118869
2025-07-29T09:30:00,2025-07-29T11:00:00,short,100,118777,118455
2025-07-29T11:00:00,2025-07-29T13:30:00,long,100,118501,118777
2025-07-29T13:30:00,2025-07-29T16:30:00,short,100,118731,117443
2025-07-29T16:30:00,2025-07-29T17:30:00,long,100,117443,117719
2025-07-29T18:30:00,2025-07-29T20:00:00,short,100,117627,117581
2025-07-29T20:30:00,2025-07-29T21:30:00,short,100,117443,117489
2025-07-29T21:30:00,2025-07-30T00:00:00,long,100,117489,117765
2025-07-30T00:00:00,2025-07-30T01:30:00,short,100,117719,117719
2025-07-30T01:30:00,2025-07-30T04:30:00,long,100,117765,117995
2025-07-30T04:30:00,2025-07-30T06:00:00,short,100,117995,118087
2025-07-30T06:00:00,2025-07-30T07:30:00,long,100,118133,118179
2025-07-30T07:30:00,2025-07-30T08:30:00,short,100,118179,118225
2025-07-30T08:30:00,2025-07-30T09:00:00,long,100,118317,118225
2025-07-30T09:00:00,2025-07-30T10:00:00,short,100,118225,118225
2025-07-30T10:00:00,2025-07-30T10:30:00,long,100,118271,118179
2025-07-30T10:30:00,2025-07-30T12:00:00,short,100,118179,117719
2025-07-30T12:00:00,2025-07-30T13:00:00,long,100,117719,117581
2025-07-30T13:00:00,2025-07-30T13:30:00,short,100,117535,117581
2025-07-30T13:30:00,2025-07-30T15:00:00,long,100,117581,118547
2025-07-30T15:00:00,2025-07-30T19:30:00,short,100,118547,116569
2025-07-30T19:30:00,2025-07-30T21:00:00,long,100,116569,116983
2025-07-30T21:00:00,2025-07-30T21:30:00,short,100,116937,117075
2025-07-30T21:30:00,2025-07-31T01:30:00,long,100,117075,118225
2025-07-31T01:30:00,2025-07-31T02:00:00,short,100,118225,118133
2025-07-31T02:30:00,2025-07-31T05:00:00,long,100,118271,118317
2025-07-31T05:00:00,2025-07-31T06:30:00,short,100,118317,118455
2025-07-31T06:30:00,2025-07-31T07:30:00,long,100,118501,118639
2025-07-31T07:30:00,2025-07-31T12:00:00,short,100,118639,118501
2025-07-31T13:00:00,2025-07-31T13:30:00,short,100,118409,118225
2025-07-31T13:30:00,2025-07-31T14:00:00,long,100,118225,118409
2025-07-31T14:00:00,2025-07-31T15:00:00,short,100,118363,118041
2025-07-31T15:00:00,2025-07-31T17:00:00,long,100,118041,118363
2025-07-31T17:00:00,2025-07-31T18:00:00,short,100,118317,117903
2025-07-31T18:00:00,2025-07-31T18:30:00,long,100,117903,117765
2025-07-31T18:30:00,2025-07-31T21:00:00,short,100,117765,116615
2025-07-31T21:00:00,2025-07-31T21:30:00,long,100,116615,116615
2025-07-31T22:00:00,2025-08-01T01:30:00,short,100,116431,115327
2025-08-01T01:30:00,2025-08-01T03:30:00,long,100,115327,115833
2025-08-01T03:30:00,2025-08-01T04:30:00,short,100,115787,115649
2025-08-01T04:30:00,2025-08-01T05:00:00,long,100,115695,115557
2025-08-01T05:00:00,2025-08-01T07:30:00,short,100,115557,114959
2025-08-01T07:30:00,2025-08-01T08:00:00,long,100,114959,114913
2025-08-01T08:00:00,2025-08-01T08:30:00,short,100,114775,114499
2025-08-01T08:30:00,2025-08-01T09:30:00,long,100,114499,115097
2025-08-01T09:30:00,2025-08-01T11:00:00,short,100,115097,114867
2025-08-01T11:00:00,2025-08-01T13:30:00,long,100,114913,115511
2025-08-01T13:30:00,2025-08-01T14:00:00,short,100,115511,114453
2025-08-01T14:00:00,2025-08-01T14:30:00,long,100,114453,115603
2025-08-01T14:30:00,2025-08-01T15:30:00,short,100,115603,114913
2025-08-01T15:30:00,2025-08-01T16:30:00,long,100,114913,115419
2025-08-01T16:30:00,2025-08-01T20:00:00,short,100,115419,113441
2025-08-01T20:00:00,2025-08-01T21:30:00,long,100,113441,113809
2025-08-01T22:00:00,2025-08-01T23:00:00,short,100,113763,113257
2025-08-01T23:00:00,2025-08-01T23:30:00,long,100,113257,113395
2025-08-01T23:30:00,2025-08-02T00:00:00,short,100,113303,113349
2025-08-02T00:00:00,2025-08-02T01:00:00,long,100,113349,113625
2025-08-02T01:00:00,2025-08-02T01:30:00,short,100,113579,113625
2025-08-02T01:30:00,2025-08-02T06:00:00,long,100,113671,113855
2025-08-02T06:00:00,2025-08-02T06:30:00,short,100,113855,113625
2025-08-02T06:30:00,2025-08-02T08:30:00,long,100,113671,113763
2025-08-02T08:30:00,2025-08-02T11:00:00,short,100,113717,113671
2025-08-02T11:00:00,2025-08-02T11:30:00,long,100,113717,113717
2025-08-02T12:30:00,2025-08-02T13:30:00,short,100,113671,113395
2025-08-02T13:30:00,2025-08-02T14:00:00,long,100,113395,113303
2025-08-02T14:00:00,2025-08-02T15:00:00,short,100,113257,113211
2025-08-02T15:00:00,2025-08-02T15:30:00,long,100,113211,113073
2025-08-02T15:30:00,2025-08-02T16:00:00,short,100,113027,112935
2025-08-02T16:00:00,2025-08-02T17:30:00,long,100,112935,113165
2025-08-02T17:30:00,2025-08-02T19:00:00,short,100,113119,112475
2025-08-02T19:00:00,2025-08-02T19:30:00,long,100,112475,112567
2025-08-02T19:30:00,2025-08-02T20:00:00,short,100,112475,112291
2025-08-02T20:00:00,2025-08-02T21:00:00,long,100,112291,112613
2025-08-02T21:00:00,2025-08-02T21:30:00,short,100,112567,112659
2025-08-02T21:30:00,2025-08-02T22:00:00,long,100,112705,112705
2025-08-02T22:00:00,2025-08-02T22:30:00,short,100,112705,112659
2025-08-02T22:30:00,2025-08-02T23:00:00,long,100,112705,112705
2025-08-02T23:00:00,2025-08-02T23:30:00,short,100,112705,112383
2025-08-02T23:30:00,2025-08-03T00:00:00,long,100,112383,112383
2025-08-03T00:00:00,2025-08-03T00:30:00,short,100,112337,112475
2025-08-03T00:30:00,2025-08-03T04:30:00,long,100,112475,113395
2025-08-03T04:30:00,2025-08-03T05:00:00,short,100,113395,113533
2025-08-03T10:00:00,2025-08-03T11:30:00,long,100,113717,113809
2025-08-03T11:30:00,2025-08-03T12:30:00,short,100,113809,113901
2025-08-03T13:00:00,2025-08-03T13:30:00,short,100,113855,113947
2025-08-03T14:00:00,2025-08-03T14:30:00,short,100,113809,113717
2025-08-03T14:30:00,2025-08-03T19:30:00,long,100,113763,114315
2025-08-03T19:30:00,2025-08-03T20:30:00,short,100,114315,114315
2025-08-03T20:30:00,2025-08-03T22:00:00,long,100,114407,114269
2025-08-03T22:00:00,2025-08-03T22:30:00,short,100,114269,114177
2025-08-03T22:30:00,2025-08-03T23:30:00,long,100,114223,114177
2025-08-03T23:30:00,2025-08-04T00:00:00,short,100,114177,114269
2025-08-04T00:00:00,2025-08-04T01:30:00,long,100,114269,114729
2025-08-04T01:30:00,2025-08-04T02:30:00,short,100,114729,114775
2025-08-04T03:00:00,2025-08-04T05:30:00,short,100,114637,114361
2025-08-04T06:00:00,2025-08-04T06:30:00,short,100,114223,114315
2025-08-04T06:30:00,2025-08-04T08:00:00,long,100,114315,114453
2025-08-04T08:00:00,2025-08-04T08:30:00,short,100,114407,114545
2025-08-04T08:30:00,2025-08-04T09:30:00,long,100,114545,114453
2025-08-04T09:30:00,2025-08-04T11:00:00,short,100,114453,114361
2025-08-04T11:30:00,2025-08-04T13:00:00,long,100,114407,114315
2025-08-04T13:00:00,2025-08-04T13:30:00,short,100,114315,114269
2025-08-04T13:30:00,2025-08-04T14:30:00,long,100,114269,115235
2025-08-04T14:30:00,2025-08-04T15:30:00,short,100,115235,114821
2025-08-04T16:30:00,2025-08-04T17:30:00,long,100,114867,115327
2025-08-04T17:30:00,2025-08-04T18:00:00,short,100,115327,115281
2025-08-04T18:30:00,2025-08-04T21:00:00,short,100,115143,114867
2025-08-04T21:00:00,2025-08-04T23:30:00,long,100,114867,115143
2025-08-04T23:30:00,2025-08-05T02:30:00,short,100,115097,114729
2025-08-05T02:30:00,2025-08-05T03:00:00,long,100,114729,114591
2025-08-05T03:00:00,2025-08-05T05:00:00,short,100,114591,114361
2025-08-05T05:00:00,2025-08-05T06:30:00,long,100,114361,114269
2025-08-05T06:30:00,2025-08-05T08:00:00,short,100,114177,114085
2025-08-05T08:00:00,2025-08-05T08:30:00,long,100,114085,114223
2025-08-05T09:00:00,2025-08-05T10:30:00,long,100,114361,114775
2025-08-05T10:30:00,2025-08-05T11:00:00,short,100,114775,114913
2025-08-05T11:30:00,2025-08-05T13:00:00,short,100,114775,114085
2025-08-05T13:00:00,2025-08-05T14:00:00,long,100,114085,114177
2025-08-05T14:00:00,2025-08-05T16:00:00,short,100,114085,113027
2025-08-05T16:00:00,2025-08-05T18:00:00,long,100,113027,113441
2025-08-05T18:00:00,2025-08-05T18:30:00,short,100,113395,113533
2025-08-05T18:30:00,2025-08-05T20:30:00,long,100,113533,113809
2025-08-05T20:30:00,2025-08-05T21:00:00,short,100,113809,113763
2025-08-05T21:30:00,2025-08-05T22:00:00,short,100,113671,113671
2025-08-05T22:00:00,2025-08-06T00:00:00,long,100,113717,113947
2025-08-06T00:00:00,2025-08-06T01:30:00,short,100,113947,113717
2025-08-06T01:30:00,2025-08-06T02:00:00,long,100,113763,113671
2025-08-06T02:00:00,2025-08-06T05:00:00,short,100,113671,113579
2025-08-06T05:00:00,2025-08-06T06:00:00,long,100,113579,113947
2025-08-06T06:30:00,2025-08-06T08:00:00,long,100,114085,114085
2025-08-06T08:00:00,2025-08-06T09:00:00,short,100,114085,114085
2025-08-06T10:00:00,2025-08-06T10:30:00,short,100,113947,114039
2025-08-06T11:00:00,2025-08-06T12:00:00,long,100,114085,114039
2025-08-06T12:00:00,2025-08-06T13:30:00,short,100,114039,114039
2025-08-06T13:30:00,2025-08-06T14:00:00,long,100,114085,114085
2025-08-06T14:00:00,2025-08-06T14:30:00,short,100,114085,114177
2025-08-06T14:30:00,2025-08-06T15:00:00,long,100,114177,115051
2025-08-06T15:00:00,2025-08-06T15:30:00,short,100,115051,115005
2025-08-06T15:30:00,2025-08-06T16:00:00,long,100,115143,115281
2025-08-06T16:00:00,2025-08-06T17:00:00,short,100,115281,115235
2025-08-06T17:00:00,2025-08-06T19:00:00,long,100,115327,115327
2025-08-06T19:00:00,2025-08-07T01:00:00,short,100,115327,115005
2025-08-07T01:00:00,2025-08-07T01:30:00,long,100,115051,115005
2025-08-07T01:30:00,2025-08-07T05:30:00,short,100,114959,114499
2025-08-07T05:30:00,2025-08-07T08:30:00,long,100,114499,114959
2025-08-07T08:30:00,2025-08-07T09:30:00,short,100,114913,115051
2025-08-07T10:00:00,2025-08-07T11:30:00,long,100,115097,116615
2025-08-07T11:30:00,2025-08-07T13:30:00,short,100,116615,116477
2025-08-07T13:30:00,2025-08-07T14:00:00,long,100,116615,116477
2025-08-07T14:00:00,2025-08-07T15:00:00,short,100,116477,116431
2025-08-07T15:00:00,2025-08-07T16:30:00,long,100,116477,116477
2025-08-07T16:30:00,2025-08-07T17:00:00,short,100,116477,116339
2025-08-07T17:00:00,2025-08-07T18:00:00,long,100,116385,116293
2025-08-07T18:30:00,2025-08-07T20:30:00,long,100,116431,117259
2025-08-07T20:30:00,2025-08-07T21:00:00,short,100,117259,117259
2025-08-07T21:30:00,2025-08-07T22:00:00,short,100,117167,117167
2025-08-07T22:00:00,2025-08-07T23:00:00,long,100,117259,117351
2025-08-07T23:00:00,2025-08-07T23:30:00,short,100,117351,117397
2025-08-07T23:30:00,2025-08-08T00:00:00,long,100,117443,117305
2025-08-08T00:00:00,2025-08-08T00:30:00,short,100,117305,117213
2025-08-08T00:30:00,2025-08-08T01:00:00,long,100,117259,117121
2025-08-08T01:00:00,2025-08-08T03:00:00,short,100,117121,116845
2025-08-08T03:00:00,2025-08-08T03:30:00,long,100,116845,116753
2025-08-08T03:30:00,2025-08-08T06:30:00,short,100,116661,116661
2025-08-08T06:30:00,2025-08-08T07:30:00,long,100,116661,116753
2025-08-08T08:00:00,2025-08-08T09:30:00,short,100,116661,116661
2025-08-08T09:30:00,2025-08-08T10:00:00,long,100,116661,116523
2025-08-08T10:00:00,2025-08-08T11:00:00,short,100,116523,116569
2025-08-08T11:00:00,2025-08-08T12:00:00,long,100,116569,116707
2025-08-08T12:00:00,2025-08-08T13:00:00,short,100,116661,116615
2025-08-08T13:00:00,2025-08-08T14:00:00,long,100,116661,116707
2025-08-08T14:00:00,2025-08-08T16:30:00,short,100,116661,116201
2025-08-08T16:30:00,2025-08-08T18:00:00,long,100,116201,116523
2025-08-08T18:30:00,2025-08-08T20:30:00,short,100,116477,116569
2025-08-08T20:30:00,2025-08-08T21:00:00,long,100,116569,116753
2025-08-08T21:00:00,2025-08-08T21:30:00,short,100,116753,116891
2025-08-08T21:30:00,2025-08-08T23:00:00,long,100,116891,116799
2025-08-08T23:00:00,2025-08-09T05:00:00,short,100,116799,116523
2025-08-09T05:00:00,2025-08-09T05:30:00,long,100,116569,116845
2025-08-09T05:30:00,2025-08-09T07:00:00,short,100,116799,116753
2025-08-09T07:00:00,2025-08-09T07:30:00,long,100,116799,116753
2025-08-09T07:30:00,2025-08-09T08:00:00,short,100,116753,116845
2025-08-09T08:00:00,2025-08-09T10:30:00,long,100,116845,117581
2025-08-09T10:30:00,2025-08-09T17:00:00,short,100,117581,116753
2025-08-09T17:00:00,2025-08-09T17:30:00,long,100,116753,116615
2025-08-09T20:00:00,2025-08-09T21:00:00,long,100,116661,116569
2025-08-09T21:00:00,2025-08-09T21:30:00,short,100,116431,116477
2025-08-09T21:30:00,2025-08-09T22:30:00,long,100,116477,116477
2025-08-10T00:00:00,2025-08-10T01:30:00,long,100,116569,116523
2025-08-10T02:00:00,2025-08-10T04:30:00,long,100,116661,118455
2025-08-10T04:30:00,2025-08-10T05:30:00,short,100,118455,118041
2025-08-10T06:00:00,2025-08-10T06:30:00,short,100,117903,117949
2025-08-10T06:30:00,2025-08-10T07:30:00,long,100,117949,117949
2025-08-10T07:30:00,2025-08-10T08:00:00,short,100,117903,117903
2025-08-10T08:00:00,2025-08-10T10:00:00,long,100,117903,118133
2025-08-10T10:30:00,2025-08-10T11:00:00,short,100,118087,118133
2025-08-10T11:00:00,2025-08-10T15:00:00,long,100,118179,118639
2025-08-10T15:00:00,2025-08-10T15:30:00,short,100,118639,118777
2025-08-10T16:00:00,2025-08-10T19:30:00,short,100,118685,118593
2025-08-10T20:00:00,2025-08-10T21:30:00,short,100,118501,118363
2025-08-10T21:30:00,2025-08-11T00:30:00,long,100,118409,119237
2025-08-11T00:30:00,2025-08-11T01:30:00,short,100,119237,119237
2025-08-11T01:30:00,2025-08-11T03:30:00,long,100,119375,121675
2025-08-11T03:30:00,2025-08-11T04:30:00,short,100,121675,121813
2025-08-11T04:30:00,2025-08-11T05:00:00,long,100,122089,121951
2025-08-11T05:00:00,2025-08-11T05:30:00,short,100,121951,122089
2025-08-11T06:30:00,2025-08-11T07:00:00,long,100,122273,122135
2025-08-11T07:00:00,2025-08-11T08:00:00,short,100,122135,121721
2025-08-11T08:00:00,2025-08-11T09:00:00,long,100,121767,121629
2025-08-11T09:00:00,2025-08-11T09:30:00,short,100,121629,121399
2025-08-11T09:30:00,2025-08-11T10:00:00,long,100,121399,121307
2025-08-11T10:30:00,2025-08-11T13:30:00,short,100,121215,119697
2025-08-11T13:30:00,2025-08-11T14:00:00,long,100,119697,119881
2025-08-11T14:30:00,2025-08-11T15:00:00,long,100,119973,120111
2025-08-11T15:00:00,2025-08-11T15:30:00,short,100,120065,120203
2025-08-11T15:30:00,2025-08-11T16:30:00,long,100,120203,120387
2025-08-11T16:30:00,2025-08-11T18:30:00,short,100,120387,119651
2025-08-11T18:30:00,2025-08-11T19:00:00,long,100,119651,119651
2025-08-11T19:00:00,2025-08-11T21:00:00,short,100,119513,118961
2025-08-11T21:00:00,2025-08-11T21:30:00,long,100,118961,118869
2025-08-11T21:30:00,2025-08-11T22:30:00,short,100,118685,118685
2025-08-11T22:30:00,2025-08-11T23:00:00,long,100,118685,118731
2025-08-11T23:00:00,2025-08-12T00:00:00,short,100,118639,118777
2025-08-12T00:00:00,2025-08-12T03:00:00,long,100,118777,118915
2025-08-12T03:00:00,2025-08-12T04:00:00,short,100,118869,119007
2025-08-12T04:00:00,2025-08-12T05:00:00,long,100,119007,118869
2025-08-12T05:00:00,2025-08-12T05:30:00,short,100,118869,118685
2025-08-12T05:30:00,2025-08-12T06:30:00,long,100,118731,118777
2025-08-12T07:00:00,2025-08-12T07:30:00,long,100,118915,118961
2025-08-12T07:30:00,2025-08-12T12:30:00,short,100,118961,118547
2025-08-12T12:30:00,2025-08-12T13:00:00,long,100,118547,119145
2025-08-12T13:00:00,2025-08-12T14:00:00,short,100,119145,118961
2025-08-12T14:00:00,2025-08-12T16:00:00,long,100,119053,119743
2025-08-12T16:00:00,2025-08-12T18:00:00,short,100,119743,119375
2025-08-12T18:00:00,2025-08-12T18:30:00,long,100,119421,119605
2025-08-12T18:30:00,2025-08-12T19:00:00,short,100,119559,119421
2025-08-12T19:00:00,2025-08-12T19:30:00,long,100,119467,119651
2025-08-12T19:30:00,2025-08-12T20:00:00,short,100,119605,119743
2025-08-12T20:00:00,2025-08-12T21:30:00,long,100,119743,119973
2025-08-12T21:30:00,2025-08-12T22:30:00,short,100,119973,119927
2025-08-12T22:30:00,2025-08-13T00:00:00,long,100,120019,119973
2025-08-13T00:00:00,2025-08-13T02:30:00,short,100,119973,119421
2025-08-13T02:30:00,2025-08-13T03:00:00,long,100,119421,119375
2025-08-13T04:00:00,2025-08-13T04:30:00,long,100,119513,119421
2025-08-13T04:30:00,2025-08-13T05:00:00,short,100,119329,119421
2025-08-13T05:00:00,2025-08-13T05:30:00,long,100,119421,119467
2025-08-13T05:30:00,2025-08-13T06:00:00,short,100,119421,119145
2025-08-13T06:00:00,2025-08-13T09:00:00,long,100,119145,119881
2025-08-13T09:00:00,2025-08-13T09:30:00,short,100,119881,119973
2025-08-13T09:30:00,2025-08-13T12:30:00,long,100,120111,120479
2025-08-13T12:30:00,2025-08-13T13:00:00,short,100,120479,120387
2025-08-13T13:00:00,2025-08-13T14:30:00,long,100,120525,121629
2025-08-13T14:30:00,2025-08-13T15:30:00,short,100,121629,120709
2025-08-13T15:30:00,2025-08-13T18:00:00,long,100,120709,121629
2025-08-13T18:00:00,2025-08-13T19:00:00,short,100,121629,121721
2025-08-13T19:00:00,2025-08-13T21:00:00,long,100,121859,122779
2025-08-13T21:00:00,2025-08-13T22:00:00,short,100,122779,122733
2025-08-13T22:00:00,2025-08-14T00:30:00,long,100,122871,124159
2025-08-14T00:30:00,2025-08-14T02:30:00,short,100,124159,123515
2025-08-14T02:30:00,2025-08-14T03:00:00,long,100,123515,123607
2025-08-14T03:30:00,2025-08-14T06:30:00,short,100,123515,121767
2025-08-14T06:30:00,2025-08-14T07:00:00,long,100,121767,121675
2025-08-14T07:30:00,2025-08-14T08:30:00,long,100,121767,121859
2025-08-14T08:30:00,2025-08-14T09:00:00,short,100,121767,121767
2025-08-14T09:00:00,2025-08-14T09:30:00,long,100,121767,121721
2025-08-14T09:30:00,2025-08-14T12:00:00,short,100,121675,121031
2025-08-14T12:00:00,2025-08-14T12:30:00,long,100,121031,121031
2025-08-14T12:30:00,2025-08-14T13:30:00,short,100,120893,118363
2025-08-14T13:30:00,2025-08-14T15:00:00,long,100,118363,118593
2025-08-14T15:00:00,2025-08-14T15:30:00,short,100,118501,118225
2025-08-14T15:30:00,2025-08-14T16:00:00,long,100,118225,118087
2025-08-14T16:00:00,2025-08-14T16:30:00,short,100,118041,117719
2025-08-14T16:30:00,2025-08-14T17:30:00,long,100,117719,117903
2025-08-14T18:00:00,2025-08-14T18:30:00,short,100,117811,117949
2025-08-14T18:30:00,2025-08-14T19:30:00,long,100,117949,118087
2025-08-14T19:30:00,2025-08-14T20:00:00,short,100,118041,118041
2025-08-14T20:00:00,2025-08-14T20:30:00,long,100,118087,117995
2025-08-14T20:30:00,2025-08-14T21:30:00,short,100,117995,117765
2025-08-14T21:30:00,2025-08-14T23:30:00,long,100,117765,118317
2025-08-14T23:30:00,2025-08-15T01:00:00,short,100,118317,118317
2025-08-15T01:00:00,2025-08-15T04:30:00,long,100,118409,118961
2025-08-15T04:30:00,2025-08-15T05:30:00,short,100,118961,118869
2025-08-15T06:00:00,2025-08-15T07:00:00,long,100,119007,118915
2025-08-15T07:00:00,2025-08-15T07:30:00,short,100,118915,118961
2025-08-15T08:00:00,2025-08-15T08:30:00,long,100,119007,118869
2025-08-15T08:30:00,2025-08-15T10:00:00,short,100,118869,118823
2025-08-15T10:00:00,2025-08-15T10:30:00,long,100,118869,118823
2025-08-15T11:00:00,2025-08-15T12:00:00,long,100,118961,118869
2025-08-15T12:00:00,2025-08-15T15:30:00,short,100,118869,117167
2025-08-15T15:30:00,2025-08-15T16:00:00,long,100,117167,117121
2025-08-15T16:30:00,2025-08-15T18:00:00,long,100,117121,117397
2025-08-15T18:00:00,2025-08-15T20:00:00,short,100,117351,117075
2025-08-15T20:00:00,2025-08-15T23:00:00,long,100,117121,117489
2025-08-15T23:00:00,2025-08-15T23:30:00,short,100,117489,117259
2025-08-15T23:30:00,2025-08-16T02:00:00,long,100,117305,117627
2025-08-16T02:00:00,2025-08-16T03:00:00,short,100,117627,117627
2025-08-16T03:30:00,2025-08-16T04:00:00,short,100,117489,117489
2025-08-16T04:00:00,2025-08-16T05:00:00,long,100,117535,117673
2025-08-16T05:00:00,2025-08-16T07:30:00,short,100,117627,117535
2025-08-16T07:30:00,2025-08-16T08:00:00,long,100,117581,117443
2025-08-16T08:00:00,2025-08-16T08:30:00,short,100,117443,117581
2025-08-16T08:30:00,2025-08-16T09:30:00,long,100,117581,117489
2025-08-16T09:30:00,2025-08-16T10:30:00,short,100,117489,117397
2025-08-16T10:30:00,2025-08-16T20:00:00,long,100,117397,117581
2025-08-16T21:30:00,2025-08-17T01:30:00,short,100,117535,117351
2025-08-17T01:30:00,2025-08-17T05:30:00,long,100,117397,117949
2025-08-17T05:30:00,2025-08-17T06:00:00,short,100,117949,118087
2025-08-17T06:30:00,2025-08-17T07:30:00,short,100,117949,117995
2025-08-17T08:30:00,2025-08-17T10:00:00,long,100,118087,118179
2025-08-17T10:00:00,2025-08-17T10:30:00,short,100,118179,118271
2025-08-17T10:30:00,2025-08-17T11:30:00,long,100,118317,118225
2025-08-17T11:30:00,2025-08-17T13:30:00,short,100,118225,118271
2025-08-17T13:30:00,2025-08-17T14:00:00,long,100,118317,118271
2025-08-17T14:00:00,2025-08-17T19:00:00,short,100,118271,117673
2025-08-17T19:00:00,2025-08-17T19:30:00,long,100,117673,117581
2025-08-17T21:30:00,2025-08-17T23:00:00,long,100,117673,117765
2025-08-17T23:00:00,2025-08-18T00:30:00,short,100,117673,117259
2025-08-18T00:30:00,2025-08-18T01:00:00,long,100,117259,117121
2025-08-18T01:00:00,2025-08-18T04:00:00,short,100,117029,115419
2025-08-18T04:00:00,2025-08-18T06:00:00,long,100,115419,115511
2025-08-18T06:00:00,2025-08-18T07:00:00,short,100,115373,115281
2025-08-18T07:00:00,2025-08-18T07:30:00,long,100,115281,115189
2025-08-18T08:00:00,2025-08-18T08:30:00,long,100,115281,115189
2025-08-18T08:30:00,2025-08-18T09:30:00,short,100,115143,114821
2025-08-18T09:30:00,2025-08-18T10:00:00,long,100,114821,114913
2025-08-18T10:30:00,2025-08-18T11:30:00,long,100,115051,114913
2025-08-18T11:30:00,2025-08-18T12:00:00,short,100,114867,115005
2025-08-18T12:00:00,2025-08-18T13:30:00,long,100,115005,115465
2025-08-18T13:30:00,2025-08-18T14:00:00,short,100,115465,114913
2025-08-18T14:00:00,2025-08-18T16:00:00,long,100,114913,115971
2025-08-18T16:00:00,2025-08-18T17:00:00,short,100,115971,116109
2025-08-18T17:00:00,2025-08-18T17:30:00,long,100,116293,116385
2025-08-18T17:30:00,2025-08-18T18:30:00,short,100,116385,116477
2025-08-18T19:00:00,2025-08-18T20:00:00,short,100,116339,116431
2025-08-18T20:30:00,2025-08-18T21:00:00,short,100,116339,116477
2025-08-18T21:00:00,2025-08-18T22:30:00,long,100,116523,116707
2025-08-18T22:30:00,2025-08-19T00:30:00,short,100,116707,116063
2025-08-19T00:30:00,2025-08-19T01:00:00,long,100,116063,116431
2025-08-19T01:00:00,2025-08-19T04:30:00,short,100,116385,114913
2025-08-19T04:30:00,2025-08-19T05:30:00,long,100,114913,115189
2025-08-19T05:30:00,2025-08-19T06:00:00,short,100,115097,115051
2025-08-19T06:00:00,2025-08-19T06:30:00,long,100,115051,115005
2025-08-19T06:30:00,2025-08-19T07:30:00,short,100,114959,114821
2025-08-19T07:30:00,2025-08-19T13:30:00,long,100,114821,115557
2025-08-19T13:30:00,2025-08-19T15:00:00,short,100,115557,113993
2025-08-19T15:00:00,2025-08-19T15:30:00,long,100,113993,113901
2025-08-19T16:00:00,2025-08-19T19:00:00,short,100,113671,113165
2025-08-19T19:00:00,2025-08-19T19:30:00,long,100,113165,113257
2025-08-19T19:30:00,2025-08-19T20:00:00,short,100,113119,113211
2025-08-19T20:00:00,2025-08-19T21:30:00,long,100,113211,113349
2025-08-19T22:00:00,2025-08-20T00:00:00,short,100,113303,112981
2025-08-20T00:00:00,2025-08-20T01:00:00,long,100,112981,113027
2025-08-20T01:00:00,2025-08-20T02:00:00,short,100,112935,113027
2025-08-20T02:00:00,2025-08-20T07:30:00,long,100,113027,113533
2025-08-20T07:30:00,2025-08-20T08:00:00,short,100,113533,113579
2025-08-20T08:00:00,2025-08-20T09:00:00,long,100,113671,113809
2025-08-20T09:00:00,2025-08-20T10:30:00,short,100,113809,113717
2025-08-20T11:00:00,2025-08-20T11:30:00,short,100,113625,113533
2025-08-20T11:30:00,2025-08-20T13:00:00,long,100,113579,113533
2025-08-20T13:00:00,2025-08-20T14:00:00,short,100,113487,112797
2025-08-20T14:00:00,2025-08-20T15:30:00,long,100,112797,114085
2025-08-20T15:30:00,2025-08-20T16:00:00,short,100,114085,113441
2025-08-20T16:00:00,2025-08-20T16:30:00,long,100,113441,114131
2025-08-20T16:30:00,2025-08-20T17:30:00,short,100,114131,113901
2025-08-20T17:30:00,2025-08-20T18:00:00,long,100,113993,114039
2025-08-20T18:00:00,2025-08-20T18:30:00,short,100,113993,113395
2025-08-20T18:30:00,2025-08-20T20:00:00,long,100,113395,114085
2025-08-20T20:00:00,2025-08-20T20:30:00,short,100,114085,114223
2025-08-20T20:30:00,2025-08-20T21:00:00,long,100,114315,114223
2025-08-20T21:00:00,2025-08-20T21:30:00,short,100,114223,114131
2025-08-20T21:30:00,2025-08-20T23:00:00,long,100,114223,114361
2025-08-20T23:00:00,2025-08-21T00:30:00,short,100,114361,114223
2025-08-21T00:30:00,2025-08-21T01:00:00,long,100,114269,114131
2025-08-21T01:00:00,2025-08-21T01:30:00,short,100,114131,114177
2025-08-21T01:30:00,2025-08-21T02:00:00,long,100,114177,114591
2025-08-21T02:00:00,2025-08-21T03:00:00,short,100,114591,114085
2025-08-21T03:00:00,2025-08-21T03:30:00,long,100,114085,114085
2025-08-21T03:30:00,2025-08-21T05:30:00,short,100,113993,113855
2025-08-21T05:30:00,2025-08-21T06:00:00,long,100,113855,113809
2025-08-21T06:00:00,2025-08-21T06:30:00,short,100,113717,113671
2025-08-21T06:30:00,2025-08-21T08:30:00,long,100,113671,113671
2025-08-21T08:30:00,2025-08-21T11:00:00,short,100,113579,113487
2025-08-21T11:00:00,2025-08-21T11:30:00,long,100,113487,113349
2025-08-21T11:30:00,2025-08-21T12:00:00,short,100,113349,113211
2025-08-21T12:00:00,2025-08-21T12:30:00,long,100,113211,113073
2025-08-21T12:30:00,2025-08-21T13:00:00,short,100,113027,113165
2025-08-21T13:00:00,2025-08-21T14:30:00,long,100,113165,113533
2025-08-21T14:30:00,2025-08-21T17:30:00,short,100,113487,112383
2025-08-21T17:30:00,2025-08-21T19:00:00,long,100,112383,112383
2025-08-21T19:00:00,2025-08-21T20:00:00,short,100,112245,112337
2025-08-21T20:00:00,2025-08-21T22:30:00,long,100,112337,112429
2025-08-22T00:00:00,2025-08-22T02:30:00,long,100,112567,113303
2025-08-22T02:30:00,2025-08-22T05:30:00,short,100,113303,112981
2025-08-22T05:30:00,2025-08-22T06:30:00,long,100,113027,113073
2025-08-22T06:30:00,2025-08-22T07:00:00,short,100,113027,113073
2025-08-22T07:00:00,2025-08-22T07:30:00,long,100,113073,113027
2025-08-22T07:30:00,2025-08-22T08:00:00,short,100,113027,113165
2025-08-22T08:00:00,2025-08-22T08:30:00,long,100,113165,113119
2025-08-22T08:30:00,2025-08-22T12:30:00,short,100,113119,112153
2025-08-22T12:30:00,2025-08-22T15:30:00,long,100,112153,116523
2025-08-22T15:30:00,2025-08-22T16:00:00,short,100,116523,116431
2025-08-22T16:30:00,2025-08-22T17:00:00,short,100,116293,116247
2025-08-22T17:00:00,2025-08-22T18:00:00,long,100,116293,116845
2025-08-22T18:00:00,2025-08-22T20:00:00,short,100,116845,116799
2025-08-22T20:00:00,2025-08-22T21:00:00,long,100,116891,116937
2025-08-22T21:00:00,2025-08-22T22:30:00,short,100,116937,116753
2025-08-22T23:30:00,2025-08-23T01:00:00,long,100,116799,116753
2025-08-23T01:00:00,2025-08-23T04:00:00,short,100,116753,115695
2025-08-23T04:00:00,2025-08-23T06:00:00,long,100,115695,115787
2025-08-23T08:00:00,2025-08-23T09:30:00,short,100,115649,115741
2025-08-23T09:30:00,2025-08-23T10:00:00,long,100,115741,115649
2025-08-23T10:00:00,2025-08-23T14:00:00,short,100,115603,115005
2025-08-23T14:00:00,2025-08-23T14:30:00,long,100,115005,114867
2025-08-23T14:30:00,2025-08-23T15:00:00,short,100,114729,114683
2025-08-23T15:00:00,2025-08-23T21:00:00,long,100,114683,115143
2025-08-23T21:00:00,2025-08-23T22:00:00,short,100,115097,115143
2025-08-23T22:00:00,2025-08-24T01:00:00,long,100,115189,115235
2025-08-24T01:00:00,2025-08-24T01:30:00,short,100,115235,115373
2025-08-24T01:30:00,2025-08-24T02:30:00,long,100,115373,115327
2025-08-24T02:30:00,2025-08-24T04:00:00,short,100,115327,115097
2025-08-24T04:00:00,2025-08-24T05:00:00,long,100,115143,115097
2025-08-24T05:00:00,2025-08-24T07:00:00,short,100,115051,115005
2025-08-24T07:00:00,2025-08-24T07:30:00,long,100,115005,114913
2025-08-24T07:30:00,2025-08-24T15:00:00,short,100,114913,114591
2025-08-24T15:00:00,2025-08-24T15:30:00,long,100,114591,114499
2025-08-24T15:30:00,2025-08-24T17:30:00,short,100,114407,114407
2025-08-24T17:30:00,2025-08-24T19:30:00,long,100,114407,114545
2025-08-24T19:30:00,2025-08-24T20:00:00,short,100,114453,112705
2025-08-24T20:00:00,2025-08-24T22:00:00,long,100,112705,112797
2025-08-24T22:00:00,2025-08-24T22:30:00,short,100,112659,112751
2025-08-24T22:30:00,2025-08-24T23:30:00,long,100,112751,113441
2025-08-24T23:30:00,2025-08-25T01:00:00,short,100,113441,112751
2025-08-25T01:00:00,2025-08-25T03:30:00,long,100,112751,113211
2025-08-25T03:30:00,2025-08-25T08:00:00,short,100,113165,111647
2025-08-25T08:00:00,2025-08-25T08:30:00,long,100,111647,111509
2025-08-25T09:30:00,2025-08-25T10:00:00,long,100,111509,111647
2025-08-25T10:00:00,2025-08-25T11:30:00,short,100,111555,111141
2025-08-25T11:30:00,2025-08-25T12:30:00,long,100,111141,111509
2025-08-25T13:00:00,2025-08-25T13:30:00,long,100,111647,111509
2025-08-25T13:30:00,2025-08-25T14:00:00,short,100,111509,111555
2025-08-25T14:00:00,2025-08-25T15:30:00,long,100,111601,112245
2025-08-25T15:30:00,2025-08-25T16:00:00,short,100,112245,112245
2025-08-25T16:00:00,2025-08-25T16:30:00,long,100,112383,112475
2025-08-25T16:30:00,2025-08-25T17:00:00,short,100,112475,112567
2025-08-25T17:00:00,2025-08-25T17:30:00,long,100,112659,112567
2025-08-25T17:30:00,2025-08-25T18:00:00,short,100,112567,112521
2025-08-25T18:30:00,2025-08-25T21:30:00,short,100,112429,109623
2025-08-25T21:30:00,2025-08-25T22:30:00,long,100,109623,110175
2025-08-25T22:30:00,2025-08-25T23:30:00,short,100,110129,110037
2025-08-25T23:30:00,2025-08-26T00:00:00,long,100,110083,109945
2025-08-26T00:00:00,2025-08-26T01:00:00,short,100,109945,109209
2025-08-26T01:00:00,2025-08-26T02:30:00,long,100,109209,109715
2025-08-26T02:30:00,2025-08-26T03:30:00,short,100,109669,109807
2025-08-26T03:30:00,2025-08-26T06:00:00,long,100,109853,109991
2025-08-26T06:00:00,2025-08-26T07:30:00,short,100,109991,110083
2025-08-26T07:30:00,2025-08-26T08:00:00,long,100,110175,110129
2025-08-26T08:00:00,2025-08-26T09:00:00,short,100,110129,110129
2025-08-26T09:00:00,2025-08-26T09:30:00,long,100,110221,110175
2025-08-26T09:30:00,2025-08-26T10:00:00,short,100,110175,110221
2025-08-26T10:00:00,2025-08-26T10:30:00,long,100,110267,110175
2025-08-26T10:30:00,2025-08-26T12:30:00,short,100,110175,109853
2025-08-26T12:30:00,2025-08-26T13:00:00,long,100,109853,110083
2025-08-26T13:00:00,2025-08-26T13:30:00,short,100,110037,109945
2025-08-26T13:30:00,2025-08-26T15:00:00,long,100,109991,110175
2025-08-26T15:00:00,2025-08-26T16:30:00,short,100,110129,109807
2025-08-26T16:30:00,2025-08-26T17:00:00,long,100,109807,110037
2025-08-26T17:00:00,2025-08-26T17:30:00,short,100,109991,109945
2025-08-26T17:30:00,2025-08-26T23:30:00,long,100,109991,111739
2025-08-26T23:30:00,2025-08-27T03:30:00,short,100,111739,111095
2025-08-27T03:30:00,2025-08-27T05:00:00,long,100,111095,111371
2025-08-27T05:00:00,2025-08-27T08:30:00,short,100,111325,110727
2025-08-27T08:30:00,2025-08-27T09:30:00,long,100,110727,110773
2025-08-27T10:00:00,2025-08-27T10:30:00,long,100,110911,110911
2025-08-27T11:00:00,2025-08-27T12:00:00,long,100,111049,111141
2025-08-27T12:00:00,2025-08-27T12:30:00,short,100,111141,111187
2025-08-27T12:30:00,2025-08-27T14:30:00,long,100,111233,111969
2025-08-27T14:30:00,2025-08-27T15:30:00,short,100,111969,111877
2025-08-27T15:30:00,2025-08-27T16:00:00,long,100,112015,111877
2025-08-27T16:00:00,2025-08-27T16:30:00,short,100,111877,111923
2025-08-27T16:30:00,2025-08-27T18:30:00,long,100,111969,112245
2025-08-27T18:30:00,2025-08-27T19:00:00,short,100,112245,112015
2025-08-27T20:30:00,2025-08-27T21:00:00,long,100,112061,112199
2025-08-27T21:00:00,2025-08-28T00:30:00,short,100,112153,111279
2025-08-28T00:30:00,2025-08-28T02:30:00,long,100,111279,111463
2025-08-28T03:00:00,2025-08-28T05:00:00,long,100,111555,112797
2025-08-28T05:00:00,2025-08-28T06:00:00,short,100,112797,112935
2025-08-28T06:30:00,2025-08-28T08:00:00,long,100,113165,113027
2025-08-28T08:00:00,2025-08-28T08:30:00,short,100,113027,113119
2025-08-28T09:00:00,2025-08-28T10:30:00,short,100,112981,112981
2025-08-28T10:30:00,2025-08-28T11:00:00,long,100,113073,112981
2025-08-28T11:00:00,2025-08-28T12:30:00,short,100,112981,112981
2025-08-28T12:30:00,2025-08-28T13:00:00,long,100,113027,113073
2025-08-28T13:00:00,2025-08-28T14:30:00,short,100,113073,112751
2025-08-28T14:30:00,2025-08-28T15:00:00,long,100,112797,113027
2025-08-28T15:00:00,2025-08-28T15:30:00,short,100,112981,112659
2025-08-28T15:30:00,2025-08-28T16:30:00,long,100,112659,112797
2025-08-28T16:30:00,2025-08-28T17:00:00,short,100,112751,112429
2025-08-28T17:00:00,2025-08-28T17:30:00,long,100,112429,112383
2025-08-28T18:00:00,2025-08-28T18:30:00,long,100,112475,112521
2025-08-28T18:30:00,2025-08-28T20:00:00,short,100,112475,112015
2025-08-28T20:00:00,2025-08-28T20:30:00,long,100,112015,111877
2025-08-28T21:00:00,2025-08-29T00:30:00,long,100,111969,112383
2025-08-29T00:30:00,2025-08-29T03:00:00,short,100,112337,111555
2025-08-29T03:00:00,2025-08-29T04:30:00,long,100,111555,111509
2025-08-29T05:00:00,2025-08-29T06:30:00,short,100,111371,111141
2025-08-29T06:30:00,2025-08-29T07:00:00,long,100,111141,111141
2025-08-29T07:00:00,2025-08-29T09:30:00,short,100,111003,109761
2025-08-29T09:30:00,2025-08-29T13:00:00,long,100,109761,110497
2025-08-29T13:00:00,2025-08-29T15:00:00,short,100,110497,108335
2025-08-29T15:00:00,2025-08-29T17:00:00,long,100,108335,108519
2025-08-29T17:00:00,2025-08-29T19:00:00,short,100,108381,108243
2025-08-29T19:00:00,2025-08-29T19:30:00,long,100,108243,108473
2025-08-29T19:30:00,2025-08-29T21:00:00,short,100,108427,107921
2025-08-29T21:00:00,2025-08-30T00:00:00,long,100,107921,108243
2025-08-30T01:00:00,2025-08-30T02:00:00,short,100,108197,107553
2025-08-30T02:00:00,2025-08-30T04:30:00,long,100,107553,108427
2025-08-30T04:30:00,2025-08-30T05:30:00,short,100,108427,108335
2025-08-30T06:00:00,2025-08-30T07:30:00,short,100,108197,108335
2025-08-30T07:30:00,2025-08-30T08:30:00,long,100,108381,108519
2025-08-30T08:30:00,2025-08-30T10:00:00,short,100,108519,108657
2025-08-30T10:00:00,2025-08-30T10:30:00,long,100,108657,108565
2025-08-30T10:30:00,2025-08-30T11:00:00,short,100,108565,108519
2025-08-30T11:30:00,2025-08-30T12:00:00,long,100,108565,108473
2025-08-30T12:00:00,2025-08-30T12:30:00,short,100,108473,108611
2025-08-30T12:30:00,2025-08-30T13:00:00,long,100,108611,108473
2025-08-30T13:00:00,2025-08-30T13:30:00,short,100,108473,108519
2025-08-30T14:30:00,2025-08-30T16:00:00,long,100,108565,108657
2025-08-30T16:30:00,2025-08-30T18:00:00,long,100,108795,108657
2025-08-30T18:00:00,2025-08-30T19:00:00,short,100,108657,108749
2025-08-30T19:00:00,2025-08-30T20:30:00,long,100,108795,108657
2025-08-30T20:30:00,2025-08-30T23:00:00,short,100,108657,108657
2025-08-30T23:00:00,2025-08-31T02:30:00,long,100,108703,109209
2025-08-31T02:30:00,2025-08-31T06:30:00,short,100,109209,108703
2025-08-31T06:30:00,2025-08-31T09:30:00,long,100,108703,108795
2025-08-31T09:30:00,2025-08-31T13:30:00,short,100,108703,108427
2025-08-31T13:30:00,2025-08-31T16:00:00,long,100,108427,108611
2025-08-31T16:30:00,2025-08-31T19:00:00,long,100,108749,108933
2025-08-31T19:00:00,2025-08-31T20:30:00,short,100,108933,109071
2025-08-31T20:30:00,2025-08-31T21:00:00,long,100,109071,108979
2025-08-31T21:00:00,2025-08-31T22:00:00,short,100,108979,109117
2025-08-31T22:00:00,2025-08-31T22:30:00,long,100,109163,109025
2025-08-31T22:30:00,2025-09-01T00:30:00,short,100,109025,107967
2025-09-01T00:30:00,2025-09-01T02:00:00,long,100,107967,108059
2025-09-01T02:00:00,2025-09-01T03:30:00,short,100,107921,107645
2025-09-01T03:30:00,2025-09-01T04:00:00,long,100,107645,107507
2025-09-01T04:00:00,2025-09-01T05:00:00,short,100,107415,107553
2025-09-01T05:00:00,2025-09-01T09:30:00,long,100,107553,109531
2025-09-01T09:30:00,2025-09-01T11:30:00,short,100,109531,108703
2025-09-01T11:30:00,2025-09-01T13:30:00,long,100,108703,109255
2025-09-01T13:30:00,2025-09-01T14:30:00,short,100,109255,109117
2025-09-01T15:00:00,2025-09-01T16:00:00,short,100,108979,108795
2025-09-01T16:00:00,2025-09-01T16:30:00,long,100,108795,108795
2025-09-01T16:30:00,2025-09-01T17:30:00,short,100,108703,108749
2025-09-01T17:30:00,2025-09-01T20:00:00,long,100,108749,109025
2025-09-01T20:30:00,2025-09-01T22:00:00,short,100,108979,107921
2025-09-01T22:00:00,2025-09-02T00:00:00,long,100,107921,109025
2025-09-02T00:00:00,2025-09-02T01:00:00,short,100,109025,109117
2025-09-02T02:00:00,2025-09-02T03:00:00,long,100,109301,110083
2025-09-02T03:00:00,2025-09-02T03:30:00,short,100,110083,110221
2025-09-02T05:00:00,2025-09-02T05:30:00,short,100,110175,110221
2025-09-02T06:00:00,2025-09-02T07:00:00,long,100,110359,110221
2025-09-02T07:00:00,2025-09-02T08:00:00,short,100,110221,110313
2025-09-02T09:30:00,2025-09-02T10:00:00,long,100,110405,110267
2025-09-02T10:00:00,2025-09-02T13:00:00,short,100,110267,108933
2025-09-02T13:00:00,2025-09-02T14:30:00,long,100,108933,111279
2025-09-02T14:30:00,2025-09-02T16:30:00,short,100,111279,110635
2025-09-02T16:30:00,2025-09-02T18:00:00,long,100,110635,110727
2025-09-02T18:00:00,2025-09-02T18:30:00,short,100,110635,110543
2025-09-02T18:30:00,2025-09-02T19:00:00,long,100,110543,110497
2025-09-02T19:00:00,2025-09-02T19:30:00,short,100,110451,110589
2025-09-02T19:30:00,2025-09-02T21:30:00,long,100,110589,111187
2025-09-02T21:30:00,2025-09-02T22:30:00,short,100,111187,111187
2025-09-02T23:00:00,2025-09-02T23:30:00,short,100,111095,111141
2025-09-02T23:30:00,2025-09-03T00:30:00,long,100,111187,111417
2025-09-03T00:30:00,2025-09-03T01:30:00,short,100,111417,111095
2025-09-03T01:30:00,2025-09-03T03:00:00,long,100,111141,111187
2025-09-03T03:00:00,2025-09-03T06:00:00,short,100,111141,110819
2025-09-03T06:00:00,2025-09-03T06:30:00,long,100,110819,110681
2025-09-03T07:30:00,2025-09-03T08:30:00,long,100,110819,110957
2025-09-03T09:00:00,2025-09-03T12:30:00,long,100,111095,111325
2025-09-03T12:30:00,2025-09-03T13:00:00,short,100,111325,111187
2025-09-03T13:00:00,2025-09-03T15:00:00,long,100,111279,112061
2025-09-03T15:00:00,2025-09-03T15:30:00,short,100,112061,112015
2025-09-03T15:30:00,2025-09-03T16:00:00,long,100,112153,112061
2025-09-03T16:00:00,2025-09-03T17:00:00,short,100,112061,111969
2025-09-03T17:00:00,2025-09-03T17:30:00,long,100,112015,112291
2025-09-03T17:30:00,2025-09-03T19:30:00,short,100,112291,112061
2025-09-03T19:30:00,2025-09-03T21:00:00,long,100,112107,112015
2025-09-03T21:00:00,2025-09-04T00:00:00,short,100,112015,111831
2025-09-04T00:00:00,2025-09-04T01:00:00,long,100,111831,111877
2025-09-04T01:00:00,2025-09-04T01:30:00,short,100,111785,111877
2025-09-04T01:30:00,2025-09-04T02:00:00,long,100,111877,111785
2025-09-04T02:00:00,2025-09-04T08:00:00,short,100,111785,110543
2025-09-04T08:00:00,2025-09-04T08:30:00,long,100,110543,110635
2025-09-04T09:00:00,2025-09-04T10:30:00,long,100,110727,110681
2025-09-04T10:30:00,2025-09-04T11:00:00,short,100,110635,110681
2025-09-04T11:00:00,2025-09-04T11:30:00,long,100,110681,110773
2025-09-04T12:30:00,2025-09-04T13:00:00,long,100,110911,110773
2025-09-04T13:00:00,2025-09-04T17:00:00,short,100,110773,109531
2025-09-04T17:00:00,2025-09-04T19:30:00,long,100,109531,109807
2025-09-04T20:00:00,2025-09-04T23:00:00,long,100,109899,111325
2025-09-04T23:00:00,2025-09-05T01:00:00,short,100,111325,110589
2025-09-05T01:00:00,2025-09-05T03:00:00,long,100,110589,111141
2025-09-05T03:00:00,2025-09-05T03:30:00,short,100,111141,111233
2025-09-05T03:30:00,2025-09-05T08:00:00,long,100,111279,112751
2025-09-05T08:00:00,2025-09-05T11:00:00,short,100,112751,112337
2025-09-05T12:00:00,2025-09-05T13:00:00,long,100,112383,113027
2025-09-05T13:00:00,2025-09-05T13:30:00,short,100,113027,113027
2025-09-05T14:00:00,2025-09-05T15:00:00,short,100,112935,110681
2025-09-05T15:00:00,2025-09-05T15:30:00,long,100,110681,110727
2025-09-05T16:30:00,2025-09-05T17:00:00,long,100,110819,110681
2025-09-05T17:30:00,2025-09-05T18:00:00,short,100,110589,110727
2025-09-05T18:00:00,2025-09-05T20:00:00,long,100,110727,111417
2025-09-05T20:00:00,2025-09-05T20:30:00,short,100,111417,111463
2025-09-05T20:30:00,2025-09-05T21:00:00,long,100,111601,111463
2025-09-05T21:00:00,2025-09-05T22:30:00,short,100,111463,110727
2025-09-05T22:30:00,2025-09-05T23:30:00,long,100,110727,110635
2025-09-06T00:30:00,2025-09-06T02:00:00,long,100,110727,110681
2025-09-06T02:30:00,2025-09-06T03:30:00,long,100,110819,111049
2025-09-06T03:30:00,2025-09-06T08:30:00,short,100,111003,110865
2025-09-06T08:30:00,2025-09-06T09:00:00,long,100,110911,110819
2025-09-06T09:00:00,2025-09-06T10:30:00,short,100,110819,110773
2025-09-06T10:30:00,2025-09-06T11:00:00,long,100,110773,110635
2025-09-06T11:00:00,2025-09-06T11:30:00,short,100,110635,110773
2025-09-06T11:30:00,2025-09-06T14:30:00,long,100,110773,110727
2025-09-06T15:30:00,2025-09-06T20:30:00,short,100,110681,110175
2025-09-06T20:30:00,2025-09-07T04:00:00,long,100,110175,110497
2025-09-07T05:00:00,2025-09-07T06:00:00,long,100,110635,110543
2025-09-07T06:00:00,2025-09-07T07:00:00,short,100,110543,110635
2025-09-07T07:30:00,2025-09-07T08:30:00,long,100,110681,111049
2025-09-07T08:30:00,2025-09-07T09:00:00,short,100,111049,111141
2025-09-07T10:00:00,2025-09-07T10:30:00,short,100,111003,111141
2025-09-07T11:30:00,2025-09-07T12:00:00,long,100,111233,111095
2025-09-07T12:00:00,2025-09-07T13:30:00,short,100,111095,111187
2025-09-07T15:00:00,2025-09-07T16:00:00,long,100,111233,111141
2025-09-07T16:00:00,2025-09-07T19:00:00,short,100,111141,111095
2025-09-07T19:00:00,2025-09-07T21:00:00,long,100,111141,111141
2025-09-07T21:00:00,2025-09-07T22:00:00,short,100,111141,111187
2025-09-07T22:00:00,2025-09-07T22:30:00,long,100,111187,111187
2025-09-07T22:30:00,2025-09-07T23:00:00,short,100,111187,111325
2025-09-07T23:00:00,2025-09-07T23:30:00,long,100,111325,111325
2025-09-07T23:30:00,2025-09-08T00:00:00,short,100,111325,111187
2025-09-08T00:00:00,2025-09-08T00:30:00,long,100,111233,111095
2025-09-08T00:30:00,2025-09-08T02:30:00,short,100,111095,110911
2025-09-08T02:30:00,2025-09-08T03:00:00,long,100,110911,111095
2025-09-08T03:30:00,2025-09-08T06:00:00,short,100,111049,111095
2025-09-08T06:00:00,2025-09-08T07:30:00,long,100,111095,111279
2025-09-08T07:30:00,2025-09-08T08:00:00,short,100,111279,111371
2025-09-08T08:00:00,2025-09-08T11:00:00,long,100,111417,111969
2025-09-08T11:00:00,2025-09-08T11:30:00,short,100,111969,111923
2025-09-08T11:30:00,2025-09-08T12:00:00,long,100,112061,111923
2025-09-08T12:00:00,2025-09-08T12:30:00,short,100,111923,112015
2025-09-08T13:00:00,2025-09-08T13:30:00,long,100,112061,112015
2025-09-08T13:30:00,2025-09-08T14:00:00,short,100,112015,111969
2025-09-08T14:00:00,2025-09-08T15:30:00,long,100,112015,112613
2025-09-08T15:30:00,2025-09-08T17:00:00,short,100,112613,112521
2025-09-08T17:30:00,2025-09-08T18:00:00,short,100,112383,112291
2025-09-08T18:00:00,2025-09-08T19:00:00,long,100,112337,112291
2025-09-08T19:00:00,2025-09-08T21:00:00,short,100,112245,112061
2025-09-08T21:00:00,2025-09-08T23:00:00,long,100,112061,112107
2025-09-09T00:00:00,2025-09-09T03:00:00,short,100,112015,111417
2025-09-09T03:00:00,2025-09-09T07:30:00,long,100,111417,113027
2025-09-09T07:30:00,2025-09-09T08:00:00,short,100,113027,113073
2025-09-09T08:30:00,2025-09-09T12:00:00,short,100,112935,112567
2025-09-09T12:00:00,2025-09-09T12:30:00,long,100,112613,112659
2025-09-09T12:30:00,2025-09-09T13:00:00,short,100,112613,112751
2025-09-09T13:00:00,2025-09-09T14:00:00,long,100,112751,112659
2025-09-09T14:00:00,2025-09-09T17:30:00,short,100,112659,111003
2025-09-09T17:30:00,2025-09-09T20:00:00,long,100,111003,111095
2025-09-09T20:30:00,2025-09-09T21:00:00,long,100,111233,111371
2025-09-09T21:00:00,2025-09-09T22:00:00,short,100,111325,111417
2025-09-09T22:30:00,2025-09-09T23:00:00,long,100,111463,111371
2025-09-09T23:00:00,2025-09-09T23:30:00,short,100,111371,111509
2025-09-09T23:30:00,2025-09-10T00:00:00,long,100,111509,111417
2025-09-10T00:00:00,2025-09-10T02:00:00,short,100,111417,111049
2025-09-10T02:00:00,2025-09-10T08:30:00,long,100,111049,112475
2025-09-10T08:30:00,2025-09-10T12:00:00,short,100,112475,112383
2025-09-10T12:00:00,2025-09-10T14:30:00,long,100,112521,113901
2025-09-10T14:30:00,2025-09-10T17:30:00,short,100,113901,113625
2025-09-10T17:30:00,2025-09-10T18:00:00,long,100,113717,113579
2025-09-10T18:00:00,2025-09-10T18:30:00,short,100,113579,113487
2025-09-10T18:30:00,2025-09-10T19:00:00,long,100,113487,113441
2025-09-10T19:00:00,2025-09-10T19:30:00,short,100,113395,113303
2025-09-10T19:30:00,2025-09-10T20:30:00,long,100,113303,113533
2025-09-10T20:30:00,2025-09-10T21:00:00,short,100,113487,113625
2025-09-10T21:00:00,2025-09-11T00:00:00,long,100,113625,113763
2025-09-11T00:00:00,2025-09-11T01:00:00,short,100,113763,113901
2025-09-11T01:00:00,2025-09-11T02:00:00,long,100,113901,113809
2025-09-11T02:00:00,2025-09-11T02:30:00,short,100,113809,113809
2025-09-11T03:00:00,2025-09-11T04:00:00,long,100,113901,114223
2025-09-11T04:00:00,2025-09-11T05:30:00,short,100,114223,114223
2025-09-11T07:00:00,2025-09-11T08:00:00,short,100,114131,114131
2025-09-11T08:30:00,2025-09-11T10:30:00,short,100,113993,114039
2025-09-11T11:00:00,2025-09-11T11:30:00,short,100,113901,113993
2025-09-11T11:30:00,2025-09-11T12:30:00,long,100,113993,114177
2025-09-11T12:30:00,2025-09-11T13:30:00,short,100,114131,113855
2025-09-11T13:30:00,2025-09-11T14:00:00,long,100,113901,114453
2025-09-11T14:00:00,2025-09-11T14:30:00,short,100,114453,114223
2025-09-11T14:30:00,2025-09-11T15:00:00,long,100,114269,114315
2025-09-11T15:30:00,2025-09-11T16:00:00,short,100,114269,114315
2025-09-11T16:30:00,2025-09-11T18:00:00,long,100,114361,114407
2025-09-11T18:00:00,2025-09-11T18:30:00,short,100,114407,114269
2025-09-11T19:30:00,2025-09-11T20:00:00,long,100,114315,114223
2025-09-11T20:00:00,2025-09-11T20:30:00,short,100,114223,114361
2025-09-11T20:30:00,2025-09-12T01:00:00,long,100,114361,115649
2025-09-12T01:00:00,2025-09-12T02:00:00,short,100,115649,115511
2025-09-12T02:30:00,2025-09-12T04:30:00,short,100,115373,115327
2025-09-12T05:00:00,2025-09-12T06:00:00,long,100,115373,115419
2025-09-12T06:00:00,2025-09-12T09:30:00,short,100,115373,115051
2025-09-12T09:30:00,2025-09-12T10:30:00,long,100,115051,114913
2025-09-12T10:30:00,2025-09-12T11:00:00,short,100,114913,115051
2025-09-12T11:00:00,2025-09-12T11:30:00,long,100,115051,114959
2025-09-12T11:30:00,2025-09-12T12:00:00,short,100,114867,115005
2025-09-12T12:00:00,2025-09-12T13:00:00,long,100,115005,114959
2025-09-12T13:00:00,2025-09-12T13:30:00,short,100,114913,115005
2025-09-12T13:30:00,2025-09-12T15:00:00,long,100,115005,115051
2025-09-12T15:00:00,2025-09-12T15:30:00,short,100,115005,115051
2025-09-12T15:30:00,2025-09-12T20:00:00,long,100,115051,116431
2025-09-12T20:00:00,2025-09-12T20:30:00,short,100,116431,116109
2025-09-12T21:00:00,2025-09-12T22:00:00,short,100,115971,115971
2025-09-12T22:00:00,2025-09-12T22:30:00,long,100,115971,115971
2025-09-13T00:30:00,2025-09-13T01:00:00,long,100,116109,116063
2025-09-13T01:00:00,2025-09-13T02:00:00,short,100,116017,115879
2025-09-13T02:00:00,2025-09-13T02:30:00,long,100,115925,115833
2025-09-13T03:30:00,2025-09-13T04:00:00,long,100,115971,115833
2025-09-13T04:00:00,2025-09-13T08:00:00,short,100,115833,115833
2025-09-13T08:00:00,2025-09-13T09:00:00,long,100,115833,115787
2025-09-13T09:30:00,2025-09-13T10:30:00,long,100,115925,115879
2025-09-13T13:30:00,2025-09-13T14:00:00,short,100,115833,115879
2025-09-13T14:00:00,2025-09-13T14:30:00,long,100,115879,115741
2025-09-13T14:30:00,2025-09-13T17:30:00,short,100,115741,115465
2025-09-13T17:30:00,2025-09-14T01:00:00,long,100,115465,115787
2025-09-14T01:30:00,2025-09-14T02:30:00,long,100,115925,115787
2025-09-14T02:30:00,2025-09-14T05:00:00,short,100,115787,115787
2025-09-14T08:00:00,2025-09-14T11:00:00,long,100,115833,115833
2025-09-14T11:00:00,2025-09-14T14:00:00,short,100,115833,115465
2025-09-14T14:00:00,2025-09-14T14:30:00,long,100,115465,115327
2025-09-14T14:30:00,2025-09-14T16:00:00,short,100,115327,115327
2025-09-14T16:00:00,2025-09-14T18:00:00,long,100,115327,115419
2025-09-14T19:30:00,2025-09-14T22:00:00,long,100,115511,115879
2025-09-14T22:00:00,2025-09-14T22:30:00,short,100,115879,115971
2025-09-14T23:00:00,2025-09-15T01:30:00,short,100,115833,115189
2025-09-15T01:30:00,2025-09-15T06:00:00,long,100,115189,116339
2025-09-15T06:00:00,2025-09-15T09:00:00,short,100,116339,114867
2025-09-15T09:00:00,2025-09-15T09:30:00,long,100,114867,114959
2025-09-15T09:30:00,2025-09-15T11:00:00,short,100,114821,114913
2025-09-15T11:00:00,2025-09-15T12:00:00,long,100,114913,114867
2025-09-15T12:00:00,2025-09-15T13:00:00,short,100,114821,114867
2025-09-15T13:00:00,2025-09-15T13:30:00,long,100,114867,114867
2025-09-15T13:30:00,2025-09-15T14:00:00,short,100,114821,114729
2025-09-15T14:00:00,2025-09-15T14:30:00,long,100,114729,114867
2025-09-15T14:30:00,2025-09-15T15:30:00,short,100,114821,114729
2025-09-15T15:30:00,2025-09-15T16:00:00,long,100,114775,114683
2025-09-15T16:00:00,2025-09-15T17:30:00,short,100,114637,114775
2025-09-15T17:30:00,2025-09-15T18:00:00,long,100,114775,114959
2025-09-15T18:00:00,2025-09-15T18:30:00,short,100,114913,115005
2025-09-15T18:30:00,2025-09-15T19:00:00,long,100,115051,115143
2025-09-15T19:00:00,2025-09-15T19:30:00,short,100,115143,115189
2025-09-15T19:30:00,2025-09-15T22:30:00,long,100,115235,115327
2025-09-15T22:30:00,2025-09-15T23:00:00,short,100,115327,115373
2025-09-15T23:00:00,2025-09-15T23:30:00,long,100,115465,115327
2025-09-15T23:30:00,2025-09-16T01:00:00,short,100,115327,115143
2025-09-16T01:00:00,2025-09-16T01:30:00,long,100,115189,115281
2025-09-16T01:30:00,2025-09-16T02:00:00,short,100,115235,115097
2025-09-16T02:00:00,2025-09-16T02:30:00,long,100,115143,115005
2025-09-16T02:30:00,2025-09-16T03:00:00,short,100,115005,115097
2025-09-16T03:00:00,2025-09-16T06:00:00,long,100,115097,115741
2025-09-16T06:00:00,2025-09-16T07:00:00,short,100,115741,115787
2025-09-16T08:00:00,2025-09-16T12:30:00,short,100,115695,115373
2025-09-16T12:30:00,2025-09-16T13:30:00,long,100,115419,115281
2025-09-16T13:30:00,2025-09-16T14:30:00,short,100,115281,115143
2025-09-16T14:30:00,2025-09-16T15:00:00,long,100,115143,115143
2025-09-16T15:00:00,2025-09-16T15:30:00,short,100,115051,115189
2025-09-16T15:30:00,2025-09-16T16:00:00,long,100,115189,115787
2025-09-16T16:00:00,2025-09-16T16:30:00,short,100,115787,115925
2025-09-16T16:30:00,2025-09-16T17:30:00,long,100,116017,116569
2025-09-16T17:30:00,2025-09-16T19:30:00,short,100,116569,116523
2025-09-16T19:30:00,2025-09-16T20:00:00,long,100,116661,116661
2025-09-16T20:00:00,2025-09-16T20:30:00,short,100,116661,116799
2025-09-16T21:00:00,2025-09-16T21:30:00,short,100,116661,116707
2025-09-16T21:30:00,2025-09-16T23:00:00,long,100,116799,116661
2025-09-16T23:00:00,2025-09-16T23:30:00,short,100,116661,116799
2025-09-16T23:30:00,2025-09-17T00:00:00,long,100,116799,116661
2025-09-17T00:00:00,2025-09-17T01:00:00,short,100,116661,116707
2025-09-17T03:00:00,2025-09-17T05:00:00,short,100,116569,116431
2025-09-17T05:00:00,2025-09-17T08:00:00,long,100,116477,117029
2025-09-17T08:00:00,2025-09-17T15:30:00,short,100,117029,115741
2025-09-17T15:30:00,2025-09-17T16:00:00,long,100,115741,115741
2025-09-17T17:30:00,2025-09-17T18:00:00,short,100,115557,115603
2025-09-17T18:00:00,2025-09-17T18:30:00,long,100,115603,115833
2025-09-17T18:30:00,2025-09-17T19:00:00,short,100,115787,115327
2025-09-17T19:00:00,2025-09-17T19:30:00,long,100,115327,115603
2025-09-17T19:30:00,2025-09-17T20:00:00,short,100,115557,115695
2025-09-17T20:00:00,2025-09-17T20:30:00,long,100,115695,115649
2025-09-17T20:30:00,2025-09-17T21:00:00,short,100,115649,115695
2025-09-17T21:00:00,2025-09-18T00:00:00,long,100,115741,116339
2025-09-18T00:00:00,2025-09-18T00:30:00,short,100,116339,116247
2025-09-18T00:30:00,2025-09-18T02:00:00,long,100,116339,116431
2025-09-18T02:00:00,2025-09-18T02:30:00,short,100,116431,116569
2025-09-18T02:30:00,2025-09-18T03:30:00,long,100,116569,117581
2025-09-18T03:30:00,2025-09-18T04:30:00,short,100,117581,117489
2025-09-18T05:00:00,2025-09-18T06:30:00,short,100,117443,117075
2025-09-18T06:30:00,2025-09-18T10:00:00,long,100,117075,117121
2025-09-18T11:00:00,2025-09-18T11:30:00,long,100,117213,117075
2025-09-18T11:30:00,2025-09-18T12:00:00,short,100,117075,117121
2025-09-18T12:00:00,2025-09-18T12:30:00,long,100,117121,117075
2025-09-18T13:00:00,2025-09-18T15:00:00,long,100,117213,117489
2025-09-18T15:00:00,2025-09-18T15:30:00,short,100,117489,117397
2025-09-18T15:30:00,2025-09-18T16:30:00,long,100,117489,117489
2025-09-18T16:30:00,2025-09-18T18:00:00,short,100,117489,117627
2025-09-18T18:00:00,2025-09-18T19:00:00,long,100,117627,117627
2025-09-18T19:00:00,2025-09-18T20:30:00,short,100,117627,117535
2025-09-18T21:00:00,2025-09-18T23:30:00,short,100,117397,116937
2025-09-18T23:30:00,2025-09-19T01:30:00,long,100,116937,117213
2025-09-19T01:30:00,2025-09-19T07:00:00,short,100,117167,116799
2025-09-19T07:00:00,2025-09-19T08:30:00,long,100,116799,116891
2025-09-19T09:00:00,2025-09-19T13:30:00,short,100,116799,116293
2025-09-19T13:30:00,2025-09-19T14:30:00,long,100,116293,116155
2025-09-19T14:30:00,2025-09-19T16:00:00,short,100,116063,115925
2025-09-19T16:00:00,2025-09-19T17:00:00,long,100,115925,115879
2025-09-19T17:00:00,2025-09-19T20:00:00,short,100,115741,115235
2025-09-19T20:00:00,2025-09-19T23:00:00,long,100,115235,115419
2025-09-19T23:30:00,2025-09-20T02:00:00,long,100,115511,115511
2025-09-20T02:00:00,2025-09-20T04:30:00,short,100,115465,115557
2025-09-20T04:30:00,2025-09-20T08:00:00,long,100,115557,115741
2025-09-20T08:00:00,2025-09-20T11:30:00,short,100,115741,115787
2025-09-20T11:30:00,2025-09-20T12:00:00,long,100,115833,115741
2025-09-20T12:00:00,2025-09-20T13:00:00,short,100,115741,115879
2025-09-20T13:00:00,2025-09-20T16:00:00,long,100,115879,115879
2025-09-20T16:00:00,2025-09-20T16:30:00,short,100,115879,116017
2025-09-20T16:30:00,2025-09-20T17:00:00,long,100,116017,115879
2025-09-20T17:00:00,2025-09-20T21:00:00,short,100,115879,115787
2025-09-20T21:00:00,2025-09-20T21:30:00,long,100,115833,115695
2025-09-20T21:30:00,2025-09-21T02:30:00,short,100,115695,115603
2025-09-21T02:30:00,2025-09-21T04:00:00,long,100,115603,115511
2025-09-21T04:00:00,2025-09-21T05:30:00,short,100,115511,115603
2025-09-21T05:30:00,2025-09-21T06:30:00,long,100,115603,115603
2025-09-21T07:30:00,2025-09-21T08:00:00,long,100,115741,115649
2025-09-21T08:00:00,2025-09-21T09:30:00,short,100,115649,115603
2025-09-21T09:30:00,2025-09-21T10:30:00,long,100,115649,115511
2025-09-21T10:30:00,2025-09-21T11:00:00,short,100,115511,115603
2025-09-21T11:00:00,2025-09-21T14:00:00,long,100,115603,115511
2025-09-21T14:00:00,2025-09-21T17:30:00,short,100,115511,115465
2025-09-21T17:30:00,2025-09-21T18:00:00,long,100,115465,115465
2025-09-21T20:30:00,2025-09-21T21:30:00,short,100,115419,115373
2025-09-21T21:30:00,2025-09-21T22:00:00,long,100,115373,115281
2025-09-21T22:00:00,2025-09-21T22:30:00,short,100,115281,115373
2025-09-21T22:30:00,2025-09-21T23:00:00,long,100,115373,115373
2025-09-21T23:00:00,2025-09-22T01:00:00,short,100,115327,114499
2025-09-22T01:00:00,2025-09-22T01:30:00,long,100,114499,114499
2025-09-22T01:30:00,2025-09-22T02:00:00,short,100,114361,114361
2025-09-22T02:00:00,2025-09-22T02:30:00,long,100,114361,114361
2025-09-22T02:30:00,2025-09-22T03:00:00,short,100,114269,114269
2025-09-22T03:00:00,2025-09-22T04:00:00,long,100,114269,114453
2025-09-22T04:30:00,2025-09-22T08:00:00,short,100,114407,112613
2025-09-22T08:00:00,2025-09-22T09:00:00,long,100,112613,112475
2025-09-22T10:00:00,2025-09-22T12:00:00,long,100,112475,112659
2025-09-22T12:00:00,2025-09-22T12:30:00,short,100,112567,112659
2025-09-22T12:30:00,2025-09-22T14:30:00,long,100,112659,113165
2025-09-22T14:30:00,2025-09-22T15:30:00,short,100,113165,112797
2025-09-22T16:30:00,2025-09-22T18:00:00,short,100,112659,112521
2025-09-22T18:00:00,2025-09-22T18:30:00,long,100,112521,112521
2025-09-22T18:30:00,2025-09-22T20:00:00,short,100,112429,112245
2025-09-22T20:00:00,2025-09-22T22:00:00,long,100,112245,112751
2025-09-22T22:00:00,2025-09-23T00:00:00,short,100,112751,112705
2025-09-23T00:30:00,2025-09-23T01:00:00,short,100,112613,112475
2025-09-23T01:30:00,2025-09-23T03:00:00,short,100,112337,111923
2025-09-23T03:00:00,2025-09-23T04:00:00,long,100,111923,112153
2025-09-23T04:00:00,2025-09-23T04:30:00,short,100,112061,112107
2025-09-23T04:30:00,2025-09-23T05:30:00,long,100,112107,112613
2025-09-23T05:30:00,2025-09-23T06:00:00,short,100,112613,112751
2025-09-23T06:00:00,2025-09-23T09:00:00,long,100,112843,112935
2025-09-23T09:00:00,2025-09-23T11:30:00,short,100,112935,112981
2025-09-23T12:00:00,2025-09-23T12:30:00,short,100,112843,112935
2025-09-23T14:00:00,2025-09-23T15:00:00,short,100,112797,112751
2025-09-23T15:00:00,2025-09-23T15:30:00,long,100,112797,112797
2025-09-23T17:00:00,2025-09-23T20:30:00,short,100,112751,111739
2025-09-23T20:30:00,2025-09-23T22:00:00,long,100,111739,111969
2025-09-23T22:30:00,2025-09-23T23:00:00,long,100,112061,112015
2025-09-23T23:00:00,2025-09-23T23:30:00,short,100,112015,111969
2025-09-24T00:00:00,2025-09-24T02:00:00,long,100,112015,112245
2025-09-24T02:00:00,2025-09-24T04:00:00,short,100,112245,111831
2025-09-24T04:00:00,2025-09-24T08:00:00,long,100,111831,112429
2025-09-24T08:00:00,2025-09-24T08:30:00,short,100,112429,112521
2025-09-24T08:30:00,2025-09-24T13:30:00,long,100,112613,112843
2025-09-24T13:30:00,2025-09-24T14:00:00,short,100,112843,112889
2025-09-24T14:00:00,2025-09-24T15:30:00,long,100,113027,113533
2025-09-24T15:30:00,2025-09-24T16:00:00,short,100,113533,113441
2025-09-24T16:00:00,2025-09-24T18:30:00,long,100,113579,113579
2025-09-24T18:30:00,2025-09-24T20:00:00,short,100,113579,113533
2025-09-24T21:30:00,2025-09-24T22:00:00,short,100,113395,113395
2025-09-24T22:00:00,2025-09-24T22:30:00,long,100,113441,113303
2025-09-24T22:30:00,2025-09-25T02:30:00,short,100,113303,112797
2025-09-25T02:30:00,2025-09-25T03:00:00,long,100,112797,112751
2025-09-25T03:00:00,2025-09-25T03:30:00,short,100,112613,112429
2025-09-25T03:30:00,2025-09-25T04:00:00,long,100,112429,112383
2025-09-25T04:00:00,2025-09-25T05:00:00,short,100,112245,111877
2025-09-25T05:00:00,2025-09-25T05:30:00,long,100,111877,111831
2025-09-25T05:30:00,2025-09-25T07:00:00,short,100,111693,111647
2025-09-25T07:00:00,2025-09-25T07:30:00,long,100,111647,111693
2025-09-25T08:00:00,2025-09-25T08:30:00,long,100,111831,111877
2025-09-25T08:30:00,2025-09-25T09:00:00,short,100,111831,111785
2025-09-25T09:00:00,2025-09-25T09:30:00,long,100,111831,111923
2025-09-25T09:30:00,2025-09-25T10:00:00,short,100,111877,111647
2025-09-25T10:00:00,2025-09-25T10:30:00,long,100,111693,111601
2025-09-25T11:00:00,2025-09-25T13:00:00,short,100,111555,111233
2025-09-25T13:00:00,2025-09-25T13:30:00,long,100,111233,111463
2025-09-25T13:30:00,2025-09-25T14:00:00,short,100,111371,111095
2025-09-25T14:00:00,2025-09-25T15:00:00,long,100,111095,111325
2025-09-25T15:00:00,2025-09-25T15:30:00,short,100,111279,111049
2025-09-25T15:30:00,2025-09-25T16:00:00,long,100,111095,111417
2025-09-25T16:00:00,2025-09-25T18:00:00,short,100,111371,108979
2025-09-25T18:00:00,2025-09-25T19:30:00,long,100,108979,109623
2025-09-25T19:30:00,2025-09-25T21:00:00,short,100,109623,109301
2025-09-25T21:30:00,2025-09-25T23:30:00,long,100,109347,109301
2025-09-25T23:30:00,2025-09-26T00:00:00,short,100,109255,109071
2025-09-26T00:00:00,2025-09-26T03:00:00,long,100,109071,109485
2025-09-26T03:00:00,2025-09-26T03:30:00,short,100,109439,109439
2025-09-26T03:30:00,2025-09-26T04:00:00,long,100,109531,109439
2025-09-26T04:00:00,2025-09-26T05:00:00,short,100,109439,109485
2025-09-26T05:00:00,2025-09-26T05:30:00,long,100,109531,109393
2025-09-26T05:30:00,2025-09-26T06:00:00,short,100,109393,109347
2025-09-26T06:00:00,2025-09-26T06:30:00,long,100,109393,109347
2025-09-26T06:30:00,2025-09-26T08:00:00,short,100,109301,109393
2025-09-26T08:00:00,2025-09-26T10:00:00,long,100,109393,109439
2025-09-26T10:00:00,2025-09-26T11:30:00,short,100,109393,108887
2025-09-26T11:30:00,2025-09-26T13:00:00,long,100,108887,109163
2025-09-26T13:00:00,2025-09-26T13:30:00,short,100,109117,109255
2025-09-26T13:30:00,2025-09-26T14:00:00,long,100,109255,109531
2025-09-26T14:00:00,2025-09-26T15:00:00,short,100,109531,108979
2025-09-26T15:00:00,2025-09-26T15:30:00,long,100,108979,109163
2025-09-26T15:30:00,2025-09-26T16:00:00,short,100,109071,109117
2025-09-26T16:00:00,2025-09-26T18:30:00,long,100,109117,109991
2025-09-26T18:30:00,2025-09-26T20:30:00,short,100,109991,109255
2025-09-26T20:30:00,2025-09-27T01:00:00,long,100,109255,109439
2025-09-27T02:00:00,2025-09-27T03:00:00,short,100,109347,109485
2025-09-27T03:00:00,2025-09-27T06:00:00,long,100,109485,109485
2025-09-27T07:30:00,2025-09-27T09:30:00,short,100,109439,109209
2025-09-27T09:30:00,2025-09-27T11:00:00,long,100,109209,109255
2025-09-27T12:30:00,2025-09-27T13:30:00,long,100,109393,109255
2025-09-27T13:30:00,2025-09-27T15:30:00,short,100,109255,109393
2025-09-27T15:30:00,2025-09-27T17:00:00,long,100,109393,109255
2025-09-27T17:00:00,2025-09-27T18:00:00,short,100,109255,109393
2025-09-27T18:00:00,2025-09-27T23:00:00,long,100,109393,109485
2025-09-27T23:30:00,2025-09-28T00:30:00,long,100,109623,109577
2025-09-28T00:30:00,2025-09-28T02:00:00,short,100,109577,109485
2025-09-28T04:00:00,2025-09-28T06:30:00,short,100,109347,109393
2025-09-28T06:30:00,2025-09-28T10:30:00,long,100,109393,109347
2025-09-28T10:30:00,2025-09-28T12:00:00,short,100,109301,109393
2025-09-28T12:00:00,2025-09-28T12:30:00,long,100,109393,109301
2025-09-28T12:30:00,2025-09-28T13:00:00,short,100,109301,109393
2025-09-28T13:00:00,2025-09-29T01:00:00,long,100,109393,112061
2025-09-29T01:00:00,2025-09-29T05:30:00,short,100,112061,111739
2025-09-29T06:30:00,2025-09-29T07:30:00,short,100,111601,111693
2025-09-29T07:30:00,2025-09-29T08:30:00,long,100,111693,112015
2025-09-29T08:30:00,2025-09-29T09:00:00,short,100,112015,112153
2025-09-29T09:00:00,2025-09-29T09:30:00,long,100,112153,112015
2025-09-29T09:30:00,2025-09-29T10:00:00,short,100,112015,112153
2025-09-29T10:00:00,2025-09-29T10:30:00,long,100,112199,112061
2025-09-29T10:30:00,2025-09-29T11:30:00,short,100,112061,112061
2025-09-29T11:30:00,2025-09-29T12:30:00,long,100,112107,112153
2025-09-29T12:30:00,2025-09-29T13:00:00,short,100,112153,112107
2025-09-29T13:00:00,2025-09-29T15:00:00,long,100,112153,113809
2025-09-29T15:00:00,2025-09-29T16:00:00,short,100,113809,113855
2025-09-29T16:30:00,2025-09-29T17:00:00,short,100,113717,113717
2025-09-29T17:00:00,2025-09-29T21:00:00,long,100,113809,114085
2025-09-29T21:00:00,2025-09-29T22:30:00,short,100,114085,114177
2025-09-30T00:00:00,2025-09-30T00:30:00,short,100,114085,114223
2025-09-30T00:30:00,2025-09-30T02:00:00,long,100,114269,114407
2025-09-30T02:00:00,2025-09-30T11:30:00,short,100,114407,112935
2025-09-30T11:30:00,2025-09-30T14:00:00,long,100,112935,113211
2025-09-30T14:00:00,2025-09-30T14:30:00,short,100,113119,113165
2025-09-30T14:30:00,2025-09-30T15:00:00,long,100,113165,113441
2025-09-30T15:00:00,2025-09-30T17:00:00,short,100,113441,112981
2025-09-30T17:00:00,2025-09-30T21:00:00,long,100,112981,114407
2025-09-30T21:00:00,2025-09-30T23:30:00,short,100,114407,114039
2025-10-01T00:30:00,2025-10-01T02:00:00,long,100,114085,114361
2025-10-01T02:00:00,2025-10-01T03:00:00,short,100,114361,114407
2025-10-01T03:00:00,2025-10-01T03:30:00,long,100,114453,114315
2025-10-01T03:30:00,2025-10-01T04:00:00,short,100,114315,114269
2025-10-01T04:00:00,2025-10-01T04:30:00,long,100,114315,114453
2025-10-01T04:30:00,2025-10-01T05:00:00,short,100,114407,114361
2025-10-01T05:00:00,2025-10-01T06:00:00,long,100,114407,114453
2025-10-01T06:00:00,2025-10-01T07:00:00,short,100,114407,114407
2025-10-01T07:00:00,2025-10-01T10:00:00,long,100,114453,116201
2025-10-01T10:00:00,2025-10-01T11:00:00,short,100,116201,116339
2025-10-01T11:30:00,2025-10-01T12:00:00,long,100,116569,116569
2025-10-01T12:00:00,2025-10-01T13:00:00,short,100,116569,116569
2025-10-01T13:30:00,2025-10-01T16:30:00,long,100,116707,117673
2025-10-01T16:30:00,2025-10-01T18:00:00,short,100,117673,116891
2025-10-01T18:00:00,2025-10-02T00:30:00,long,100,116891,118777
2025-10-02T00:30:00,2025-10-02T01:00:00,short,100,118777,118501
2025-10-02T02:30:00,2025-10-02T03:30:00,long,100,118593,118731
2025-10-02T03:30:00,2025-10-02T06:30:00,short,100,118731,118501
2025-10-02T06:30:00,2025-10-02T07:00:00,long,100,118547,118501
2025-10-02T07:00:00,2025-10-02T08:00:00,short,100,118455,118593
2025-10-02T08:00:00,2025-10-02T10:00:00,long,100,118593,118685
2025-10-02T10:00:00,2025-10-02T11:00:00,short,100,118639,118685
2025-10-02T12:00:00,2025-10-02T13:00:00,long,100,118731,119191
2025-10-02T13:00:00,2025-10-02T13:30:00,short,100,119191,119237
2025-10-02T13:30:00,2025-10-02T14:30:00,long,100,119329,119513
2025-10-02T14:30:00,2025-10-02T15:00:00,short,100,119513,118915
2025-10-02T15:00:00,2025-10-02T16:30:00,long,100,118915,119835
2025-10-02T16:30:00,2025-10-02T17:30:00,short,100,119835,119559
2025-10-02T17:30:00,2025-10-02T20:00:00,long,100,119651,120617
2025-10-02T20:00:00,2025-10-02T20:30:00,short,100,120617,120617
2025-10-02T21:00:00,2025-10-02T22:00:00,short,100,120479,120295
2025-10-02T22:00:00,2025-10-02T22:30:00,long,100,120341,120203
2025-10-02T22:30:00,2025-10-02T23:00:00,short,100,120203,120341
2025-10-02T23:00:00,2025-10-03T00:00:00,long,100,120341,120433
2025-10-03T00:00:00,2025-10-03T02:30:00,short,100,120387,120019
2025-10-03T02:30:00,2025-10-03T04:30:00,long,100,120019,120019
2025-10-03T05:30:00,2025-10-03T08:30:00,short,100,119927,119789
2025-10-03T08:30:00,2025-10-03T11:00:00,long,100,119789,120295
2025-10-03T11:00:00,2025-10-03T12:30:00,short,100,120295,120341
2025-10-03T13:00:00,2025-10-03T13:30:00,long,100,120433,120341
2025-10-03T13:30:00,2025-10-03T14:00:00,short,100,120341,120433
2025-10-03T14:30:00,2025-10-03T16:30:00,long,100,120479,123469
2025-10-03T16:30:00,2025-10-03T18:00:00,short,100,123469,122227
2025-10-03T18:00:00,2025-10-03T19:30:00,long,100,122227,122595
2025-10-03T20:00:00,2025-10-03T20:30:00,short,100,122549,122273
2025-10-03T20:30:00,2025-10-03T21:00:00,long,100,122319,122273
2025-10-03T21:00:00,2025-10-03T22:00:00,short,100,122227,122365
2025-10-03T22:00:00,2025-10-03T23:00:00,long,100,122365,122319
2025-10-03T23:00:00,2025-10-04T03:00:00,short,100,122273,121951
2025-10-04T03:00:00,2025-10-04T05:30:00,long,100,121951,122503
2025-10-04T05:30:00,2025-10-04T13:00:00,short,100,122503,122089
2025-10-04T13:00:00,2025-10-04T14:30:00,long,100,122135,122181
2025-10-04T14:30:00,2025-10-04T17:00:00,short,100,122135,121813
2025-10-04T17:00:00,2025-10-04T17:30:00,long,100,121813,121675
2025-10-04T18:30:00,2025-10-04T19:00:00,short,100,121629,121721
2025-10-04T19:00:00,2025-10-04T20:30:00,long,100,121721,121859
2025-10-04T21:00:00,2025-10-04T21:30:00,long,100,121951,122181
2025-10-04T21:30:00,2025-10-04T22:30:00,short,100,122181,122273
2025-10-04T23:00:00,2025-10-04T23:30:00,short,100,122135,122273
2025-10-04T23:30:00,2025-10-05T00:30:00,long,100,122319,122227
2025-10-05T00:30:00,2025-10-05T01:00:00,short,100,122227,122227
2025-10-05T01:30:00,2025-10-05T03:00:00,long,100,122273,123883
2025-10-05T03:00:00,2025-10-05T04:00:00,short,100,123883,123929
2025-10-05T04:30:00,2025-10-05T05:30:00,long,100,124113,125217
2025-10-05T05:30:00,2025-10-05T11:00:00,short,100,125217,123147
2025-10-05T11:00:00,2025-10-05T12:00:00,long,100,123147,123285
2025-10-05T12:00:00,2025-10-05T13:00:00,short,100,123147,123193
2025-10-05T13:00:00,2025-10-05T13:30:00,long,100,123193,123147
2025-10-05T13:30:00,2025-10-05T16:00:00,short,100,123101,122917
2025-10-05T16:00:00,2025-10-05T17:30:00,long,100,122917,123055
2025-10-05T18:30:00,2025-10-05T20:00:00,short,100,122963,122733
2025-10-05T20:00:00,2025-10-06T00:30:00,long,100,122733,123469
2025-10-06T00:30:00,2025-10-06T01:00:00,short,100,123469,123423
2025-10-06T01:00:00,2025-10-06T02:00:00,long,100,123561,123837
2025-10-06T02:00:00,2025-10-06T02:30:00,short,100,123837,123929
2025-10-06T02:30:00,2025-10-06T03:00:00,long,100,124021,123975
2025-10-06T03:00:00,2025-10-06T04:00:00,short,100,123975,123975
2025-10-06T04:30:00,2025-10-06T06:00:00,short,100,123837,123653
2025-10-06T06:00:00,2025-10-06T07:30:00,long,100,123699,123745
2025-10-06T07:30:00,2025-10-06T08:00:00,short,100,123699,123469
2025-10-06T08:00:00,2025-10-06T11:30:00,long,100,123469,124159
2025-10-06T11:30:00,2025-10-06T12:00:00,short,100,124159,124297
2025-10-06T12:30:00,2025-10-06T14:00:00,long,100,124389,124803
2025-10-06T14:00:00,2025-10-06T15:00:00,short,100,124803,124665
2025-10-06T15:00:00,2025-10-06T15:30:00,long,100,124757,125033
2025-10-06T15:30:00,2025-10-06T16:30:00,short,100,125033,124987
2025-10-06T16:30:00,2025-10-06T17:30:00,long,100,125079,125447
2025-10-06T17:30:00,2025-10-06T18:30:00,short,100,125447,125355
2025-10-06T18:30:00,2025-10-06T19:00:00,long,100,125447,125861
2025-10-06T19:00:00,2025-10-06T21:30:00,short,100,125861,124941
2025-10-06T21:30:00,2025-10-06T22:30:00,long,100,124941,124987
2025-10-06T23:00:00,2025-10-07T00:30:00,short,100,124849,124803
2025-10-07T00:30:00,2025-10-07T01:00:00,long,100,124803,124757
2025-10-07T01:00:00,2025-10-07T03:30:00,short,100,124665,124297
2025-10-07T03:30:00,2025-10-07T06:00:00,long,100,124297,124297
2025-10-07T06:00:00,2025-10-07T08:30:00,short,100,124159,123791
2025-10-07T08:30:00,2025-10-07T13:30:00,long,100,123791,124711
2025-10-07T13:30:00,2025-10-07T16:30:00,short,100,124711,121261
2025-10-07T16:30:00,2025-10-07T17:00:00,long,100,121261,121537
2025-10-07T17:00:00,2025-10-07T18:30:00,short,100,121445,120847
2025-10-07T18:30:00,2025-10-07T20:30:00,long,100,120847,121997
2025-10-07T20:30:00,2025-10-07T21:00:00,short,100,121997,121997
2025-10-07T21:00:00,2025-10-07T21:30:00,long,100,122135,122089
2025-10-07T21:30:00,2025-10-08T00:00:00,short,100,122089,121445
2025-10-08T00:00:00,2025-10-08T02:30:00,long,100,121445,121997
2025-10-08T02:30:00,2025-10-08T04:00:00,short,100,121997,121491
2025-10-08T04:00:00,2025-10-08T05:30:00,long,100,121491,121445
2025-10-08T05:30:00,2025-10-08T06:30:00,short,100,121353,121445
2025-10-08T06:30:00,2025-10-08T07:00:00,long,100,121445,121629
2025-10-08T07:00:00,2025-10-08T08:00:00,short,100,121583,121629
2025-10-08T08:00:00,2025-10-08T11:30:00,long,100,121675,122825
2025-10-08T11:30:00,2025-10-08T13:30:00,short,100,122825,122595
2025-10-08T14:30:00,2025-10-08T15:00:00,short,100,122457,122411
2025-10-08T15:00:00,2025-10-08T15:30:00,long,100,122457,122319
2025-10-08T15:30:00,2025-10-08T16:00:00,short,100,122319,122273
2025-10-08T16:00:00,2025-10-08T18:00:00,long,100,122273,123837
2025-10-08T18:00:00,2025-10-08T19:00:00,short,100,123837,123561
2025-10-08T19:30:00,2025-10-08T20:00:00,short,100,123469,123515
2025-10-08T20:00:00,2025-10-08T20:30:00,long,100,123515,123377
2025-10-08T20:30:00,2025-10-08T21:00:00,short,100,123377,122917
2025-10-08T21:00:00,2025-10-08T22:30:00,long,100,122917,123101
2025-10-08T23:00:00,2025-10-08T23:30:00,long,100,123239,123331
2025-10-08T23:30:00,2025-10-09T03:00:00,short,100,123331,121767
2025-10-09T03:00:00,2025-10-09T05:00:00,long,100,121767,122043
2025-10-09T05:00:00,2025-10-09T05:30:00,short,100,121951,122089
2025-10-09T05:30:00,2025-10-09T06:30:00,long,100,122089,121951
2025-10-09T06:30:00,2025-10-09T09:00:00,short,100,121951,121307
2025-10-09T09:00:00,2025-10-09T13:30:00,long,100,121307,123331
2025-10-09T13:30:00,2025-10-09T16:00:00,short,100,123331,121169
2025-10-09T16:00:00,2025-10-09T16:30:00,long,100,121169,121077
2025-10-09T16:30:00,2025-10-09T17:00:00,short,100,120847,119881
2025-10-09T17:00:00,2025-10-09T18:00:00,long,100,119881,120755
2025-10-09T18:00:00,2025-10-09T19:00:00,short,100,120755,120755
2025-10-09T19:00:00,2025-10-09T19:30:00,long,100,120893,120939
2025-10-09T19:30:00,2025-10-09T20:30:00,short,100,120939,120985
2025-10-09T20:30:00,2025-10-09T23:00:00,long,100,121077,121491
2025-10-09T23:00:00,2025-10-09T23:30:00,short,100,121491,121583
2025-10-10T00:00:00,2025-10-10T00:30:00,long,100,121721,121675
2025-10-10T00:30:00,2025-10-10T01:00:00,short,100,121675,121813
2025-10-10T01:30:00,2025-10-10T03:00:00,short,100,121675,121169
2025-10-10T03:00:00,2025-10-10T03:30:00,long,100,121169,121307
2025-10-10T03:30:00,2025-10-10T04:00:00,short,100,121215,121077
2025-10-10T04:00:00,2025-10-10T06:30:00,long,100,121077,121399
2025-10-10T06:30:00,2025-10-10T08:00:00,short,100,121353,121077
2025-10-10T08:00:00,2025-10-10T09:30:00,long,100,121123,121537
2025-10-10T09:30:00,2025-10-10T10:30:00,short,100,121537,121399
2025-10-10T10:30:00,2025-10-10T13:30:00,long,100,121491,121767
2025-10-10T13:30:00,2025-10-10T19:30:00,short,100,121767,116201
2025-10-10T19:30:00,2025-10-10T20:30:00,long,100,116201,116845
2025-10-10T20:30:00,2025-10-10T21:30:00,short,100,116845,109439
2025-10-10T21:30:00,2025-10-10T22:00:00,long,100,109439,113165
2025-10-10T22:00:00,2025-10-10T22:30:00,short,100,113165,112475
2025-10-10T22:30:00,2025-10-10T23:30:00,long,100,112475,113533
2025-10-10T23:30:00,2025-10-11T02:00:00,short,100,113533,111233
2025-10-11T02:00:00,2025-10-11T03:00:00,long,100,111233,113027
2025-10-11T03:00:00,2025-10-11T03:30:00,short,100,113027,111969
2025-10-11T03:30:00,2025-10-11T05:00:00,long,100,111969,112751
2025-10-11T05:00:00,2025-10-11T05:30:00,short,100,112751,112107
2025-10-11T05:30:00,2025-10-11T06:30:00,long,100,112107,112475
2025-10-11T06:30:00,2025-10-11T08:00:00,short,100,112429,110497
2025-10-11T08:00:00,2025-10-11T09:30:00,long,100,110497,111555
2025-10-11T09:30:00,2025-10-11T10:00:00,short,100,111555,111693
2025-10-11T10:00:00,2025-10-11T12:30:00,long,100,111877,112291
2025-10-11T12:30:00,2025-10-11T15:00:00,short,100,112291,112107
2025-10-11T15:00:00,2025-10-11T15:30:00,long,100,112199,112061
2025-10-11T15:30:00,2025-10-11T17:00:00,short,100,112061,111877
2025-10-11T17:00:00,2025-10-11T17:30:00,long,100,111923,111969
2025-10-11T17:30:00,2025-10-11T21:00:00,short,100,111923,110359
2025-10-11T21:00:00,2025-10-11T23:30:00,long,100,110359,110819
2025-10-11T23:30:00,2025-10-12T01:00:00,short,100,110773,109761
2025-10-12T01:00:00,2025-10-12T02:30:00,long,100,109761,110267
2025-10-12T02:30:00,2025-10-12T03:00:00,short,100,110221,110221
2025-10-12T03:00:00,2025-10-12T03:30:00,long,100,110313,110819
2025-10-12T03:30:00,2025-10-12T04:00:00,short,100,110819,110773
2025-10-12T04:00:00,2025-10-12T06:30:00,long,100,110911,111739
2025-10-12T06:30:00,2025-10-12T08:00:00,short,100,111739,111647
2025-10-12T08:30:00,2025-10-12T09:00:00,short,100,111601,111371
2025-10-12T09:30:00,2025-10-12T10:00:00,long,100,111417,111601
2025-10-12T10:00:00,2025-10-12T11:00:00,short,100,111555,111693
2025-10-12T11:00:00,2025-10-12T12:30:00,long,100,111693,111785
2025-10-12T12:30:00,2025-10-12T14:00:00,short,100,111785,111417
2025-10-12T14:00:00,2025-10-12T17:30:00,long,100,111463,114131
2025-10-12T17:30:00,2025-10-12T18:00:00,short,100,114131,113855
2025-10-12T19:00:00,2025-10-12T20:30:00,long,100,113947,115005
2025-10-12T20:30:00,2025-10-12T22:00:00,short,100,115005,114959
2025-10-12T22:00:00,2025-10-12T23:30:00,long,100,115097,115051
2025-10-12T23:30:00,2025-10-13T00:00:00,short,100,115051,115005
2025-10-13T00:00:00,2025-10-13T02:00:00,long,100,115097,115511
2025-10-13T02:00:00,2025-10-13T02:30:00,short,100,115511,115281
2025-10-13T03:00:00,2025-10-13T06:00:00,short,100,115189,114729
2025-10-13T06:00:00,2025-10-13T08:00:00,long,100,114729,115281
2025-10-13T08:00:00,2025-10-13T09:30:00,short,100,115281,115051
2025-10-13T09:30:00,2025-10-13T10:00:00,long,100,115097,114959
2025-10-13T10:00:00,2025-10-13T11:30:00,short,100,114959,113763
2025-10-13T11:30:00,2025-10-13T14:00:00,long,100,113763,115143
2025-10-13T14:00:00,2025-10-13T15:00:00,short,100,115143,114131
2025-10-13T15:00:00,2025-10-13T20:00:00,long,100,114131,115557
2025-10-13T20:00:00,2025-10-13T20:30:00,short,100,115557,115557
2025-10-13T21:00:00,2025-10-13T21:30:00,short,100,115557,115695
2025-10-13T22:00:00,2025-10-14T03:30:00,short,100,115557,113441
2025-10-14T03:30:00,2025-10-14T04:30:00,long,100,113441,113349
2025-10-14T04:30:00,2025-10-14T08:00:00,short,100,113119,111831
2025-10-14T08:00:00,2025-10-14T08:30:00,long,100,111831,111831
2025-10-14T09:30:00,2025-10-14T10:30:00,short,100,111647,110497
2025-10-14T10:30:00,2025-10-14T11:30:00,long,100,110497,111279
2025-10-14T11:30:00,2025-10-14T13:30:00,short,100,111279,110911
2025-10-14T13:30:00,2025-10-14T14:30:00,long,100,110957,111601
2025-10-14T14:30:00,2025-10-14T15:30:00,short,100,111601,111509
2025-10-14T15:30:00,2025-10-14T16:00:00,long,100,111601,112705
2025-10-14T16:00:00,2025-10-14T17:00:00,short,100,112705,112429
2025-10-14T17:00:00,2025-10-14T18:30:00,long,100,112521,112935
2025-10-14T18:30:00,2025-10-14T19:00:00,short,100,112935,112889
2025-10-14T19:00:00,2025-10-14T19:30:00,long,100,112981,113165
2025-10-14T19:30:00,2025-10-14T20:00:00,short,100,113165,112659
2025-10-14T20:00:00,2025-10-14T23:30:00,long,100,112659,113211
2025-10-14T23:30:00,2025-10-15T00:30:00,short,100,113211,112935
2025-10-15T00:30:00,2025-10-15T01:00:00,long,100,112981,112843
2025-10-15T01:00:00,2025-10-15T01:30:00,short,100,112843,112567
2025-10-15T01:30:00,2025-10-15T02:30:00,long,100,112567,113349
2025-10-15T02:30:00,2025-10-15T04:00:00,short,100,113349,112153
2025-10-15T04:00:00,2025-10-15T06:00:00,long,100,112153,112245
2025-10-15T06:00:00,2025-10-15T06:30:00,short,100,112107,112015
2025-10-15T06:30:00,2025-10-15T07:00:00,long,100,112015,112291
2025-10-15T07:30:00,2025-10-15T08:30:00,long,100,112429,112935
2025-10-15T08:30:00,2025-10-15T12:30:00,short,100,112935,111601
2025-10-15T12:30:00,2025-10-15T13:00:00,long,100,111601,111555
2025-10-15T13:00:00,2025-10-15T14:00:00,short,100,111371,111509
2025-10-15T14:00:00,2025-10-15T14:30:00,long,100,111509,111739
2025-10-15T14:30:00,2025-10-15T15:00:00,short,100,111693,111141
2025-10-15T15:00:00,2025-10-15T15:30:00,long,100,111141,111049
2025-10-15T15:30:00,2025-10-15T16:00:00,short,100,110957,110865
2025-10-15T16:00:00,2025-10-15T16:30:00,long,100,110865,110819
2025-10-15T16:30:00,2025-10-15T17:30:00,short,100,110727,110543
2025-10-15T17:30:00,2025-10-15T19:30:00,long,100,110543,111279
2025-10-15T19:30:00,2025-10-15T22:00:00,short,100,111279,110957
2025-10-15T22:00:00,2025-10-15T22:30:00,long,100,111003,111003
2025-10-15T22:30:00,2025-10-15T23:00:00,short,100,110957,110727
2025-10-15T23:00:00,2025-10-15T23:30:00,long,100,110727,110727
2025-10-16T00:30:00,2025-10-16T01:00:00,short,100,110635,110543
2025-10-16T01:00:00,2025-10-16T03:30:00,long,100,110543,111509
2025-10-16T03:30:00,2025-10-16T04:00:00,short,100,111509,111417
2025-10-16T04:30:00,2025-10-16T05:00:00,short,100,111371,111049
2025-10-16T05:00:00,2025-10-16T05:30:00,long,100,111049,110911
2025-10-16T05:30:00,2025-10-16T06:00:00,short,100,110911,111003
2025-10-16T06:00:00,2025-10-16T07:00:00,long,100,111003,111463
2025-10-16T07:00:00,2025-10-16T08:30:00,short,100,111463,110681
2025-10-16T08:30:00,2025-10-16T09:00:00,long,100,110681,110635
2025-10-16T09:30:00,2025-10-16T11:00:00,long,100,110727,111279
2025-10-16T11:00:00,2025-10-16T11:30:00,short,100,111279,111187
2025-10-16T11:30:00,2025-10-16T13:00:00,long,100,111279,111325
2025-10-16T13:00:00,2025-10-16T14:30:00,short,100,111325,110451
2025-10-16T14:30:00,2025-10-16T15:00:00,long,100,110451,110359
2025-10-16T15:00:00,2025-10-16T16:30:00,short,100,110221,108243
2025-10-16T16:30:00,2025-10-16T17:00:00,long,100,108243,109071
2025-10-16T17:00:00,2025-10-16T18:30:00,short,100,109071,108013
2025-10-16T18:30:00,2025-10-16T19:00:00,long,100,108013,108519
2025-10-16T19:00:00,2025-10-16T19:30:00,short,100,108473,108013
2025-10-16T19:30:00,2025-10-16T20:00:00,long,100,108013,108059
2025-10-16T20:00:00,2025-10-16T21:00:00,short,100,107967,107967
2025-10-16T21:00:00,2025-10-16T22:00:00,long,100,107967,108243
2025-10-16T22:00:00,2025-10-16T23:00:00,short,100,108197,107921
2025-10-16T23:00:00,2025-10-16T23:30:00,long,100,107967,108151
2025-10-16T23:30:00,2025-10-17T00:00:00,short,100,108105,108243
2025-10-17T00:00:00,2025-10-17T02:00:00,long,100,108243,108611
2025-10-17T02:00:00,2025-10-17T02:30:00,short,100,108611,108473
2025-10-17T02:30:00,2025-10-17T04:00:00,long,100,108565,108933
2025-10-17T04:00:00,2025-10-17T09:00:00,short,100,108933,105023
2025-10-17T09:00:00,2025-10-17T09:30:00,long,100,105023,104977
2025-10-17T09:30:00,2025-10-17T10:30:00,short,100,104747,104149
2025-10-17T10:30:00,2025-10-17T11:30:00,long,100,104149,106035
2025-10-17T11:30:00,2025-10-17T13:00:00,short,100,106035,105437
2025-10-17T13:00:00,2025-10-17T14:00:00,long,100,105437,105621
2025-10-17T14:00:00,2025-10-17T14:30:00,short,100,105575,105115
2025-10-17T14:30:00,2025-10-17T16:30:00,long,100,105115,106587
2025-10-17T16:30:00,2025-10-17T17:30:00,short,100,106587,106357
2025-10-17T17:30:00,2025-10-17T18:30:00,long,100,106449,106679
2025-10-17T18:30:00,2025-10-17T20:00:00,short,100,106679,106587
2025-10-17T20:00:00,2025-10-17T21:30:00,long,100,106679,107231
2025-10-17T21:30:00,2025-10-18T00:00:00,short,100,107231,106541
2025-10-18T00:00:00,2025-10-18T01:30:00,long,100,106541,107093
2025-10-18T01:30:00,2025-10-18T03:00:00,short,100,107093,106725
2025-10-18T03:00:00,2025-10-18T04:00:00,long,100,106771,106863
2025-10-18T04:00:00,2025-10-18T05:30:00,short,100,106817,106587
2025-10-18T05:30:00,2025-10-18T07:30:00,long,100,106587,106863
2025-10-18T07:30:00,2025-10-18T09:00:00,short,100,106817,106771
2025-10-18T09:00:00,2025-10-18T12:30:00,long,100,106817,107001
2025-10-18T12:30:00,2025-10-18T14:30:00,short,100,107001,107001
2025-10-18T15:30:00,2025-10-18T17:00:00,short,100,106863,106771
2025-10-18T17:00:00,2025-10-18T18:00:00,long,100,106817,106771
2025-10-18T18:00:00,2025-10-18T19:00:00,short,100,106725,106863
2025-10-18T19:00:00,2025-10-18T20:30:00,long,100,106863,107047
2025-10-18T20:30:00,2025-10-18T21:00:00,short,100,107001,107093
2025-10-18T22:00:00,2025-10-18T22:30:00,long,100,107139,107047
2025-10-18T22:30:00,2025-10-19T03:00:00,short,100,107047,106955
2025-10-19T03:00:00,2025-10-19T04:00:00,long,100,107001,107093
2025-10-19T04:00:00,2025-10-19T09:30:00,short,100,107047,106265
2025-10-19T09:30:00,2025-10-19T12:00:00,long,100,106265,107691
2025-10-19T12:00:00,2025-10-19T12:30:00,short,100,107691,107599
2025-10-19T13:00:00,2025-10-19T13:30:00,short,100,107507,107599
2025-10-19T13:30:00,2025-10-19T16:00:00,long,100,107645,108289
2025-10-19T16:00:00,2025-10-19T16:30:00,short,100,108289,108427
2025-10-19T16:30:00,2025-10-19T19:00:00,long,100,108565,109163
2025-10-19T19:00:00,2025-10-19T22:00:00,short,100,109163,108749
2025-10-19T22:00:00,2025-10-19T23:00:00,long,100,108795,109025
2025-10-19T23:00:00,2025-10-20T00:30:00,short,100,108979,107783
2025-10-20T00:30:00,2025-10-20T07:30:00,long,100,107783,111141
2025-10-20T07:30:00,2025-10-20T08:00:00,short,100,111141,111233
2025-10-20T08:30:00,2025-10-20T09:30:00,short,100,111095,110911
2025-10-20T10:30:00,2025-10-20T11:00:00,short,100,110819,110819
2025-10-20T11:00:00,2025-10-20T12:30:00,long,100,110819,110865
2025-10-20T12:30:00,2025-10-20T13:30:00,short,100,110819,110865
2025-10-20T13:30:00,2025-10-20T15:30:00,long,100,110865,111095
2025-10-20T15:30:00,2025-10-20T18:00:00,short,100,111049,110405
2025-10-20T18:00:00,2025-10-20T19:00:00,long,100,110405,110727
2025-10-20T20:00:00,2025-10-20T21:00:00,long,100,110865,110911
2025-10-20T21:00:00,2025-10-20T22:30:00,short,100,110911,110681
2025-10-20T22:30:00,2025-10-20T23:30:00,long,100,110727,110635
2025-10-20T23:30:00,2025-10-21T00:30:00,short,100,110635,110451
2025-10-21T00:30:00,2025-10-21T01:00:00,long,100,110451,110313
2025-10-21T01:00:00,2025-10-21T06:00:00,short,100,110313,107691
2025-10-21T06:00:00,2025-10-21T08:00:00,long,100,107691,107875
2025-10-21T08:30:00,2025-10-21T10:30:00,short,100,107737,107783
2025-10-21T10:30:00,2025-10-21T11:00:00,long,100,107783,108335
2025-10-21T11:00:00,2025-10-21T11:30:00,short,100,108335,108427
2025-10-21T11:30:00,2025-10-21T12:30:00,long,100,108519,108933
2025-10-21T12:30:00,2025-10-21T14:00:00,short,100,108933,108565
2025-10-21T14:00:00,2025-10-21T16:30:00,long,100,108611,113441
2025-10-21T16:30:00,2025-10-21T18:30:00,short,100,113441,111969
2025-10-21T18:30:00,2025-10-21T19:00:00,long,100,111969,111831
2025-10-21T20:00:00,2025-10-21T21:30:00,short,100,111601,110635
2025-10-21T21:30:00,2025-10-21T22:00:00,long,100,110635,110681
2025-10-21T22:00:00,2025-10-22T01:00:00,short,100,110497,108105
2025-10-22T01:00:00,2025-10-22T02:30:00,long,100,108105,108381
2025-10-22T02:30:00,2025-10-22T04:00:00,short,100,108289,108289
2025-10-22T04:00:00,2025-10-22T05:00:00,long,100,108289,108381
2025-10-22T05:00:00,2025-10-22T05:30:00,short,100,108335,108105
2025-10-22T05:30:00,2025-10-22T06:30:00,long,100,108105,108059
2025-10-22T06:30:00,2025-10-22T07:30:00,short,100,108013,108059
2025-10-22T07:30:00,2025-10-22T08:00:00,long,100,108059,108197
2025-10-22T09:30:00,2025-10-22T11:00:00,short,100,108151,107783
2025-10-22T11:00:00,2025-10-22T11:30:00,long,100,107783,107645
2025-10-22T11:30:00,2025-10-22T12:00:00,short,100,107645,107645
2025-10-22T12:00:00,2025-10-22T14:00:00,long,100,107645,108565
2025-10-22T14:00:00,2025-10-22T14:30:00,short,100,108565,108013
2025-10-22T14:30:00,2025-10-22T15:00:00,long,100,108013,108795
2025-10-22T15:00:00,2025-10-22T15:30:00,short,100,108795,108013
2025-10-22T15:30:00,2025-10-22T16:30:00,long,100,108013,108335
2025-10-22T16:30:00,2025-10-22T18:00:00,short,100,108289,107921
2025-10-22T18:00:00,2025-10-22T19:30:00,long,100,107921,107921
2025-10-22T19:30:00,2025-10-22T21:30:00,short,100,107829,106909
2025-10-22T21:30:00,2025-10-22T22:00:00,long,100,106909,107047
2025-10-22T22:30:00,2025-10-22T23:30:00,long,100,107139,107599
2025-10-22T23:30:00,2025-10-23T00:30:00,short,100,107599,107645
2025-10-23T00:30:00,2025-10-23T03:30:00,long,100,107737,108473
2025-10-23T03:30:00,2025-10-23T04:00:00,short,100,108473,108427
2025-10-23T04:30:00,2025-10-23T07:00:00,long,100,108565,110037
2025-10-23T07:00:00,2025-10-23T08:00:00,short,100,110037,109393
2025-10-23T08:00:00,2025-10-23T08:30:00,long,100,109393,109623
2025-10-23T08:30:00,2025-10-23T11:00:00,short,100,109577,109531
2025-10-23T11:30:00,2025-10-23T13:30:00,short,100,109393,109255
2025-10-23T13:30:00,2025-10-23T14:00:00,long,100,109255,109347
2025-10-23T14:00:00,2025-10-23T14:30:00,short,100,109255,109393
2025-10-23T14:30:00,2025-10-23T18:00:00,long,100,109393,111003
2025-10-23T18:00:00,2025-10-23T21:00:00,short,100,111003,109623
2025-10-23T21:00:00,2025-10-23T21:30:00,long,100,109623,109485
2025-10-23T22:00:00,2025-10-24T01:00:00,long,100,109623,110313
2025-10-24T01:00:00,2025-10-24T01:30:00,short,100,110313,110313
2025-10-24T01:30:00,2025-10-24T02:00:00,long,100,110405,110451
2025-10-24T02:00:00,2025-10-24T02:30:00,short,100,110451,110497
2025-10-24T03:00:00,2025-10-24T04:00:00,short,100,110405,110543
2025-10-24T04:00:00,2025-10-24T05:00:00,long,100,110589,110957
2025-10-24T05:00:00,2025-10-24T05:30:00,short,100,110957,111095
2025-10-24T05:30:00,2025-10-24T07:00:00,long,100,111187,111279
2025-10-24T07:00:00,2025-10-24T08:30:00,short,100,111279,110957
2025-10-24T08:30:00,2025-10-24T10:00:00,long,100,111003,111233
2025-10-24T10:00:00,2025-10-24T12:30:00,short,100,111187,111141
2025-10-24T12:30:00,2025-10-24T13:00:00,long,100,111187,111141
2025-10-24T13:00:00,2025-10-24T14:30:00,short,100,111141,110129
2025-10-24T14:30:00,2025-10-24T15:30:00,long,100,110129,110405
2025-10-24T15:30:00,2025-10-24T16:00:00,short,100,110313,110129
2025-10-24T16:00:00,2025-10-24T16:30:00,long,100,110129,110221
2025-10-24T17:00:00,2025-10-24T17:30:00,long,100,110359,110359
2025-10-24T17:30:00,2025-10-24T18:00:00,short,100,110313,110313
2025-10-24T18:00:00,2025-10-24T19:30:00,long,100,110359,110727
2025-10-24T19:30:00,2025-10-24T20:00:00,short,100,110727,110681
2025-10-24T20:30:00,2025-10-25T00:00:00,long,100,110773,110865
2025-10-25T00:00:00,2025-10-25T01:00:00,short,100,110865,110911
2025-10-25T01:00:00,2025-10-25T02:00:00,long,100,110957,110957
2025-10-25T02:00:00,2025-10-25T04:00:00,short,100,110957,111095
2025-10-25T04:00:00,2025-10-25T04:30:00,long,100,111095,111141
2025-10-25T04:30:00,2025-10-25T05:30:00,short,100,111141,111279
2025-10-25T05:30:00,2025-10-25T06:00:00,long,100,111325,111233
2025-10-25T06:00:00,2025-10-25T07:00:00,short,100,111233,111371
2025-10-25T07:00:00,2025-10-25T07:30:00,long,100,111417,111463
2025-10-25T07:30:00,2025-10-25T08:00:00,short,100,111463,111555
2025-10-25T08:00:00,2025-10-25T09:30:00,long,100,111647,111555
2025-10-25T09:30:00,2025-10-25T11:00:00,short,100,111555,111601
2025-10-25T12:30:00,2025-10-25T13:00:00,long,100,111693,111693
2025-10-25T13:00:00,2025-10-25T16:30:00,short,100,111693,111325
2025-10-25T16:30:00,2025-10-25T20:00:00,long,100,111371,111509
2025-10-25T20:00:00,2025-10-25T22:30:00,short,100,111463,111555
2025-10-25T22:30:00,2025-10-26T02:30:00,long,100,111555,111555
2025-10-26T02:30:00,2025-10-26T04:00:00,short,100,111555,111371
2025-10-26T05:00:00,2025-10-26T09:30:00,long,100,111417,112475
2025-10-26T09:30:00,2025-10-26T10:30:00,short,100,112475,112429
2025-10-26T11:00:00,2025-10-26T14:30:00,long,100,112567,113533
2025-10-26T14:30:00,2025-10-26T15:30:00,short,100,113533,113625
2025-10-26T16:00:00,2025-10-26T16:30:00,short,100,113533,113487
2025-10-26T17:00:00,2025-10-26T17:30:00,long,100,113579,113441
2025-10-26T17:30:00,2025-10-26T18:30:00,short,100,113441,113533
2025-10-26T18:30:00,2025-10-26T20:00:00,long,100,113579,113487
2025-10-26T20:00:00,2025-10-26T21:30:00,short,100,113487,113211
2025-10-26T21:30:00,2025-10-26T23:00:00,long,100,113257,114499
2025-10-26T23:00:00,2025-10-26T23:30:00,short,100,114499,114453
2025-10-27T00:00:00,2025-10-27T00:30:00,long,100,114591,114683
2025-10-27T00:30:00,2025-10-27T01:00:00,short,100,114683,114821
2025-10-27T01:00:00,2025-10-27T02:00:00,long,100,114867,115051
2025-10-27T02:00:00,2025-10-27T04:00:00,short,100,115051,115005
2025-10-27T04:00:00,2025-10-27T07:00:00,long,100,115097,115879
2025-10-27T07:00:00,2025-10-27T09:00:00,short,100,115879,115143
2025-10-27T09:00:00,2025-10-27T11:00:00,long,100,115143,115281
2025-10-27T12:30:00,2025-10-27T13:30:00,short,100,115189,115189
2025-10-27T13:30:00,2025-10-27T14:00:00,long,100,115189,115097
2025-10-27T14:00:00,2025-10-27T15:00:00,short,100,115097,114913
2025-10-27T15:00:00,2025-10-27T15:30:00,long,100,114913,114913
2025-10-27T16:00:00,2025-10-27T17:00:00,long,100,115051,115281
2025-10-27T17:30:00,2025-10-27T18:00:00,long,100,115419,115557
2025-10-27T18:00:00,2025-10-27T21:30:00,short,100,115557,114315
2025-10-27T21:30:00,2025-10-27T22:30:00,long,100,114315,114223
2025-10-27T23:00:00,2025-10-28T00:00:00,short,100,114039,114177
2025-10-28T00:00:00,2025-10-28T00:30:00,long,100,114177,114085
2025-10-28T00:30:00,2025-10-28T01:00:00,short,100,113947,114039
2025-10-28T01:00:00,2025-10-28T02:00:00,long,100,114039,114223
2025-10-28T02:00:00,2025-10-28T06:00:00,short,100,114177,113717
2025-10-28T06:00:00,2025-10-28T09:00:00,long,100,113717,114223
2025-10-28T09:00:00,2025-10-28T09:30:00,short,100,114223,114315
2025-10-28T09:30:00,2025-10-28T11:30:00,long,100,114361,114407
2025-10-28T11:30:00,2025-10-28T12:30:00,short,100,114407,114315
2025-10-28T12:30:00,2025-10-28T14:30:00,long,100,114407,115741
2025-10-28T14:30:00,2025-10-28T16:00:00,short,100,115741,114729
2025-10-28T16:00:00,2025-10-28T17:30:00,long,100,114729,115281
2025-10-28T17:30:00,2025-10-28T18:30:00,short,100,115281,115005
2025-10-28T19:00:00,2025-10-28T20:30:00,short,100,114867,112659
2025-10-28T20:30:00,2025-10-28T21:00:00,long,100,112659,112659
2025-10-28T21:30:00,2025-10-28T23:00:00,long,100,112797,113027
2025-10-28T23:00:00,2025-10-29T01:30:00,short,100,112981,112337
2025-10-29T01:30:00,2025-10-29T03:00:00,long,100,112337,112475
2025-10-29T04:00:00,2025-10-29T08:00:00,long,100,112567,113349
2025-10-29T08:00:00,2025-10-29T11:00:00,short,100,113349,112981
2025-10-29T11:00:00,2025-10-29T13:30:00,long,100,113027,113349
2025-10-29T13:30:00,2025-10-29T14:30:00,short,100,113349,112429
2025-10-29T14:30:00,2025-10-29T15:00:00,long,100,112429,112337
2025-10-29T15:00:00,2025-10-29T17:30:00,short,100,112199,111233
2025-10-29T17:30:00,2025-10-29T18:00:00,long,100,111233,111693
2025-10-29T18:00:00,2025-10-29T19:00:00,short,100,111647,110911
2025-10-29T19:00:00,2025-10-29T19:30:00,long,100,110911,110773
2025-10-29T19:30:00,2025-10-29T20:00:00,short,100,110635,110727
2025-10-29T20:00:00,2025-10-29T22:00:00,long,100,110727,111417
2025-10-29T22:00:00,2025-10-30T00:00:00,short,100,111417,110175
2025-10-30T00:00:00,2025-10-30T01:00:00,long,100,110175,110359
2025-10-30T01:30:00,2025-10-30T03:00:00,long,100,110451,110773
2025-10-30T03:00:00,2025-10-30T04:30:00,short,100,110773,108519
2025-10-30T04:30:00,2025-10-30T08:00:00,long,100,108519,111141
2025-10-30T08:00:00,2025-10-30T14:00:00,short,100,111141,107737
2025-10-30T14:00:00,2025-10-30T15:00:00,long,100,107737,108059
2025-10-30T15:00:00,2025-10-30T16:00:00,short,100,107967,107829
2025-10-30T16:00:00,2025-10-30T17:00:00,long,100,107875,108013
2025-10-30T17:00:00,2025-10-30T17:30:00,short,100,107967,107231
2025-10-30T17:30:00,2025-10-30T18:00:00,long,100,107231,107323
2025-10-30T18:30:00,2025-10-30T19:00:00,short,100,107185,106955
2025-10-30T19:00:00,2025-10-30T19:30:00,long,100,106955,106863
2025-10-30T19:30:00,2025-10-30T20:00:00,short,100,106771,106633
2025-10-30T20:00:00,2025-10-30T22:00:00,long,100,106633,107691
2025-10-30T22:00:00,2025-10-30T22:30:00,short,100,107691,107645
2025-10-30T22:30:00,2025-10-30T23:00:00,long,100,107783,107737
2025-10-30T23:00:00,2025-10-30T23:30:00,short,100,107737,107783
2025-10-30T23:30:00,2025-10-31T01:30:00,long,100,107875,109669
2025-10-31T01:30:00,2025-10-31T03:00:00,short,100,109669,108979
2025-10-31T03:00:00,2025-10-31T05:00:00,long,100,108979,109899
2025-10-31T05:00:00,2025-10-31T08:00:00,short,100,109899,109577
2025-10-31T08:00:00,2025-10-31T09:30:00,long,100,109623,109853
2025-10-31T09:30:00,2025-10-31T11:30:00,short,100,109807,109669
2025-10-31T11:30:00,2025-10-31T12:00:00,long,100,109715,110267
2025-10-31T12:00:00,2025-10-31T13:00:00,short,100,110267,109761
2025-10-31T13:00:00,2025-10-31T14:00:00,long,100,109761,109991
2025-10-31T14:00:00,2025-10-31T14:30:00,short,100,109945,109899
2025-10-31T14:30:00,2025-10-31T15:00:00,long,100,109945,110635
2025-10-31T15:00:00,2025-10-31T17:00:00,short,100,110635,108979
2025-10-31T17:00:00,2025-10-31T20:00:00,long,100,108979,109669
2025-10-31T20:00:00,2025-10-31T22:00:00,short,100,109669,109623
2025-10-31T22:30:00,2025-11-01T00:30:00,short,100,109531,109669
2025-11-01T00:30:00,2025-11-01T01:30:00,long,100,109715,109761
2025-11-01T01:30:00,2025-11-01T02:30:00,short,100,109761,109761
2025-11-01T03:00:00,2025-11-01T05:00:00,long,100,109807,110129
2025-11-01T05:00:00,2025-11-01T07:00:00,short,100,110129,110129
2025-11-01T07:30:00,2025-11-01T08:00:00,short,100,110037,110129
2025-11-01T08:00:00,2025-11-01T09:30:00,long,100,110175,110037
2025-11-01T09:30:00,2025-11-01T10:30:00,short,100,110037,110083
2025-11-01T10:30:00,2025-11-01T11:00:00,long,100,110129,110037
2025-11-01T11:00:00,2025-11-01T11:30:00,short,100,110037,110129
2025-11-01T11:30:00,2025-11-01T12:30:00,long,100,110129,109991
2025-11-01T12:30:00,2025-11-01T15:00:00,short,100,109991,109991
2025-11-01T15:00:00,2025-11-01T17:00:00,long,100,110037,110267
2025-11-01T17:00:00,2025-11-01T18:30:00,short,100,110221,110313
2025-11-01T20:00:00,2025-11-01T21:30:00,long,100,110359,110267
2025-11-01T21:30:00,2025-11-01T22:00:00,short,100,110267,109945
2025-11-01T22:00:00,2025-11-02T00:30:00,long,100,109991,109899
2025-11-02T01:00:00,2025-11-02T01:30:00,long,100,110037,109945
2025-11-02T01:30:00,2025-11-02T02:30:00,short,100,109899,110037
2025-11-02T02:30:00,2025-11-02T05:00:00,long,100,110037,110451
2025-11-02T05:00:00,2025-11-02T06:30:00,short,100,110451,110543
2025-11-02T06:30:00,2025-11-02T07:00:00,long,100,110635,110497
2025-11-02T07:00:00,2025-11-02T07:30:00,short,100,110497,110589
2025-11-02T07:30:00,2025-11-02T08:00:00,long,100,110681,110727
2025-11-02T08:00:00,2025-11-02T09:00:00,short,100,110727,110865
2025-11-02T09:00:00,2025-11-02T09:30:00,long,100,110911,110819
2025-11-02T09:30:00,2025-11-02T11:00:00,short,100,110819,110635
2025-11-02T11:00:00,2025-11-02T12:00:00,long,100,110681,111003
2025-11-02T12:00:00,2025-11-02T13:30:00,short,100,111003,110543
2025-11-02T13:30:00,2025-11-02T14:00:00,long,100,110543,110405
2025-11-02T14:00:00,2025-11-02T14:30:00,short,100,110405,110359
2025-11-02T14:30:00,2025-11-02T15:30:00,long,100,110359,110313
2025-11-02T15:30:00,2025-11-02T17:30:00,short,100,110221,110175
2025-11-02T17:30:00,2025-11-02T19:00:00,long,100,110175,110129
2025-11-02T19:00:00,2025-11-02T19:30:00,short,100,110037,110037
2025-11-02T19:30:00,2025-11-02T20:00:00,long,100,110037,110037
2025-11-02T20:00:00,2025-11-02T20:30:00,short,100,109945,109991
2025-11-02T20:30:00,2025-11-02T21:00:00,long,100,109991,109945
2025-11-02T22:30:00,2025-11-02T23:00:00,short,100,109899,110037
2025-11-02T23:00:00,2025-11-03T00:00:00,long,100,110037,110359
2025-11-03T00:00:00,2025-11-03T05:00:00,short,100,110359,107967
2025-11-03T05:00:00,2025-11-03T05:30:00,long,100,107967,107829
2025-11-03T05:30:00,2025-11-03T07:00:00,short,100,107599,107599
2025-11-03T07:00:00,2025-11-03T07:30:00,long,100,107599,107507
2025-11-03T08:00:00,2025-11-03T08:30:00,short,100,107323,107369
2025-11-03T08:30:00,2025-11-03T09:00:00,long,100,107369,107461
2025-11-03T09:00:00,2025-11-03T10:00:00,short,100,107369,107323
2025-11-03T10:00:00,2025-11-03T10:30:00,long,100,107323,107415
2025-11-03T10:30:00,2025-11-03T11:00:00,short,100,107369,107001
2025-11-03T11:00:00,2025-11-03T12:30:00,long,100,107001,108059
2025-11-03T12:30:00,2025-11-03T13:30:00,short,100,108059,107829
2025-11-03T14:00:00,2025-11-03T14:30:00,short,100,107737,107645
2025-11-03T14:30:00,2025-11-03T15:00:00,long,100,107645,107921
2025-11-03T15:00:00,2025-11-03T16:00:00,short,100,107875,105897
2025-11-03T16:00:00,2025-11-03T18:00:00,long,100,105897,107277
2025-11-03T18:00:00,2025-11-03T19:30:00,short,100,107277,107047
2025-11-03T20:00:00,2025-11-03T21:30:00,short,100,106909,106771
2025-11-03T21:30:00,2025-11-03T22:00:00,long,100,106771,106725
2025-11-03T22:00:00,2025-11-03T22:30:00,short,100,106679,106265
2025-11-03T22:30:00,2025-11-04T00:00:00,long,100,106265,106403
2025-11-04T00:00:00,2025-11-04T00:30:00,short,100,106311,105943
2025-11-04T00:30:00,2025-11-04T02:00:00,long,100,105943,106863
2025-11-04T02:00:00,2025-11-04T03:00:00,short,100,106863,106633
2025-11-04T03:00:00,2025-11-04T04:00:00,long,100,106725,106955
2025-11-04T04:00:00,2025-11-04T06:00:00,short,100,106955,104333
2025-11-04T06:00:00,2025-11-04T06:30:00,long,100,104333,104839
2025-11-04T06:30:00,2025-11-04T11:00:00,short,100,104793,103873
2025-11-04T11:00:00,2025-11-04T12:00:00,long,100,103873,104379
2025-11-04T12:00:00,2025-11-04T13:30:00,short,100,104333,103827
2025-11-04T13:30:00,2025-11-04T14:00:00,long,100,103827,103781
2025-11-04T14:30:00,2025-11-04T15:00:00,long,100,103873,104379
2025-11-04T15:00:00,2025-11-04T18:30:00,short,100,104379,100837
2025-11-04T18:30:00,2025-11-04T19:30:00,long,100,100837,101205
2025-11-04T19:30:00,2025-11-04T20:30:00,short,100,101159,100653
2025-11-04T20:30:00,2025-11-04T21:00:00,long,100,100653,100607
2025-11-04T21:00:00,2025-11-04T21:30:00,short,100,100515,100009
2025-11-04T21:30:00,2025-11-05T00:00:00,long,100,100009,101297
2025-11-05T00:00:00,2025-11-05T01:30:00,short,100,101297,99273
2025-11-05T01:30:00,2025-11-05T04:00:00,long,100,99273,101941
2025-11-05T04:00:00,2025-11-05T04:30:00,short,100,101941,101665
2025-11-05T04:30:00,2025-11-05T05:00:00,long,100,101757,101849
2025-11-05T05:00:00,2025-11-05T06:30:00,short,100,101849,101941
2025-11-05T06:30:00,2025-11-05T07:00:00,long,100,101941,101941
2025-11-05T07:00:00,2025-11-05T07:30:00,short,100,101941,101895
2025-11-05T07:30:00,2025-11-05T08:00:00,long,100,101941,101849
2025-11-05T08:00:00,2025-11-05T08:30:00,short,100,101849,101527
2025-11-05T08:30:00,2025-11-05T10:00:00,long,100,101527,101803
2025-11-05T10:00:00,2025-11-05T11:00:00,short,100,101757,101527
2025-11-05T11:00:00,2025-11-05T13:00:00,long,100,101573,102493
2025-11-05T13:00:00,2025-11-05T13:30:00,short,100,102493,102585
2025-11-05T13:30:00,2025-11-05T14:00:00,long,100,102769,102815
2025-11-05T14:00:00,2025-11-05T14:30:00,short,100,102815,102723
2025-11-05T14:30:00,2025-11-05T16:00:00,long,100,102815,103505
2025-11-05T16:00:00,2025-11-05T16:30:00,short,100,103505,103597
2025-11-05T16:30:00,2025-11-05T19:00:00,long,100,103735,104149
2025-11-05T19:00:00,2025-11-05T22:30:00,short,100,104149,103505
2025-11-05T22:30:00,2025-11-06T00:00:00,long,100,103505,103735
2025-11-06T00:00:00,2025-11-06T00:30:00,short,100,103689,103505
2025-11-06T00:30:00,2025-11-06T01:00:00,long,100,103551,103505
2025-11-06T01:00:00,2025-11-06T01:30:00,short,100,103459,102907
2025-11-06T01:30:00,2025-11-06T02:00:00,long,100,102907,103229
2025-11-06T02:00:00,2025-11-06T02:30:00,short,100,103183,102999
2025-11-06T02:30:00,2025-11-06T05:00:00,long,100,103045,103827
2025-11-06T05:00:00,2025-11-06T06:00:00,short,100,103827,103275
2025-11-06T06:00:00,2025-11-06T06:30:00,long,100,103275,103367
2025-11-06T06:30:00,2025-11-06T07:00:00,short,100,103275,103413
2025-11-06T07:00:00,2025-11-06T07:30:00,long,100,103413,103275
2025-11-06T07:30:00,2025-11-06T08:00:00,short,100,103275,103275
2025-11-06T08:00:00,2025-11-06T08:30:00,long,100,103275,103183
2025-11-06T08:30:00,2025-11-06T10:00:00,short,100,103183,102953
2025-11-06T10:00:00,2025-11-06T12:00:00,long,100,102953,103045
2025-11-06T12:00:00,2025-11-06T13:00:00,short,100,102953,102677
2025-11-06T13:00:00,2025-11-06T13:30:00,long,100,102677,103321
2025-11-06T13:30:00,2025-11-06T15:00:00,short,100,103321,102263
2025-11-06T15:00:00,2025-11-06T15:30:00,long,100,102263,102263
2025-11-06T15:30:00,2025-11-06T17:00:00,short,100,102125,101021
2025-11-06T17:00:00,2025-11-06T18:00:00,long,100,101021,101619
2025-11-06T18:00:00,2025-11-06T18:30:00,short,100,101619,101435
2025-11-06T18:30:00,2025-11-06T19:30:00,long,100,101481,101619
2025-11-06T19:30:00,2025-11-06T21:30:00,short,100,101573,101021
2025-11-06T21:30:00,2025-11-07T00:00:00,long,100,101021,101205
2025-11-07T00:00:00,2025-11-07T00:30:00,short,100,101113,101021
2025-11-07T00:30:00,2025-11-07T01:30:00,long,100,101021,101481
2025-11-07T01:30:00,2025-11-07T02:30:00,short,100,101481,101389
2025-11-07T02:30:00,2025-11-07T03:30:00,long,100,101481,102079
2025-11-07T03:30:00,2025-11-07T04:00:00,short,100,102079,101987
2025-11-07T05:00:00,2025-11-07T06:00:00,long,100,102125,102263
2025-11-07T06:00:00,2025-11-07T07:30:00,short,100,102263,101941
2025-11-07T07:30:00,2025-11-07T08:00:00,long,100,101987,101895
2025-11-07T08:00:00,2025-11-07T11:30:00,short,100,101849,100055
2025-11-07T11:30:00,2025-11-07T12:00:00,long,100,100055,100285
2025-11-07T12:00:00,2025-11-07T13:00:00,short,100,100193,99779
2025-11-07T13:00:00,2025-11-07T15:30:00,long,100,99779,100837
2025-11-07T15:30:00,2025-11-07T16:00:00,short,100,100837,100883
2025-11-07T16:00:00,2025-11-07T16:30:00,long,100,101067,101389
2025-11-07T16:30:00,2025-11-07T17:00:00,short,100,101389,101251
2025-11-07T17:00:00,2025-11-07T20:00:00,long,100,101343,103183
2025-11-07T20:00:00,2025-11-07T20:30:00,short,100,103183,103275
2025-11-07T20:30:00,2025-11-07T21:00:00,long,100,103505,103643
2025-11-07T21:00:00,2025-11-07T21:30:00,short,100,103643,103505
2025-11-07T21:30:00,2025-11-07T22:30:00,long,100,103597,103735
2025-11-07T22:30:00,2025-11-08T01:00:00,short,100,103735,102861
2025-11-08T01:00:00,2025-11-08T02:30:00,long,100,102861,103045
2025-11-08T02:30:00,2025-11-08T03:00:00,short,100,102953,102953
2025-11-08T03:00:00,2025-11-08T03:30:00,long,100,102953,102953
2025-11-08T03:30:00,2025-11-08T07:30:00,short,100,102907,102217
2025-11-08T07:30:00,2025-11-08T11:30:00,long,100,102217,102355
2025-11-08T11:30:00,2025-11-08T12:00:00,short,100,102263,101941
2025-11-08T12:00:00,2025-11-08T13:30:00,long,100,101941,101895
2025-11-08T13:30:00,2025-11-08T15:30:00,short,100,101803,101711
2025-11-08T15:30:00,2025-11-08T19:00:00,long,100,101711,101941
2025-11-08T19:00:00,2025-11-08T19:30:00,short,100,101895,101895
2025-11-08T19:30:00,2025-11-08T23:30:00,long,100,101941,102263
2025-11-08T23:30:00,2025-11-09T01:30:00,short,100,102263,101895
2025-11-09T01:30:00,2025-11-09T02:00:00,long,100,101941,101895
2025-11-09T02:00:00,2025-11-09T03:30:00,short,100,101849,101619
2025-11-09T03:30:00,2025-11-09T04:30:00,long,100,101619,101895
2025-11-09T04:30:00,2025-11-09T05:00:00,short,100,101849,101803
2025-11-09T05:00:00,2025-11-09T05:30:00,long,100,101849,101849
2025-11-09T06:30:00,2025-11-09T07:30:00,short,100,101803,101849
2025-11-09T07:30:00,2025-11-09T09:30:00,long,100,101895,101803
2025-11-09T09:30:00,2025-11-09T10:00:00,short,100,101803,101711
2025-11-09T10:00:00,2025-11-09T12:30:00,long,100,101757,102033
2025-11-09T13:00:00,2025-11-09T14:30:00,long,100,102171,103689
2025-11-09T14:30:00,2025-11-09T15:00:00,short,100,103689,103137
2025-11-09T15:00:00,2025-11-09T16:00:00,long,100,103183,103551
2025-11-09T16:00:00,2025-11-09T16:30:00,short,100,103505,103597
2025-11-09T16:30:00,2025-11-09T17:00:00,long,100,103643,103689
2025-11-09T17:00:00,2025-11-09T18:30:00,short,100,103689,103689
2025-11-09T18:30:00,2025-11-09T20:00:00,long,100,103781,104609
2025-11-09T20:00:00,2025-11-09T20:30:00,short,100,104609,104563
2025-11-09T21:30:00,2025-11-09T22:30:00,short,100,104471,104471
2025-11-09T22:30:00,2025-11-09T23:00:00,long,100,104517,104563
2025-11-09T23:00:00,2025-11-09T23:30:00,short,100,104563,104701
2025-11-09T23:30:00,2025-11-10T01:00:00,long,100,104701,106127
2025-11-10T01:00:00,2025-11-10T02:30:00,short,100,106127,105851
2025-11-10T02:30:00,2025-11-10T05:30:00,long,100,105943,106035
2025-11-10T05:30:00,2025-11-10T06:30:00,short,100,106035,106173
2025-11-10T06:30:00,2025-11-10T08:00:00,long,100,106173,106265
2025-11-10T08:00:00,2025-11-10T09:00:00,short,100,106265,106081
2025-11-10T09:00:00,2025-11-10T10:00:00,long,100,106127,106265
2025-11-10T10:00:00,2025-11-10T11:00:00,short,100,106219,106127
2025-11-10T12:00:00,2025-11-10T13:00:00,short,100,105989,105989
2025-11-10T13:00:00,2025-11-10T14:00:00,long,100,105989,106357
2025-11-10T14:00:00,2025-11-10T15:00:00,short,100,106357,105023
2025-11-10T15:00:00,2025-11-10T15:30:00,long,100,105023,105345
2025-11-10T15:30:00,2025-11-10T16:00:00,short,100,105253,105161
2025-11-10T17:00:00,2025-11-10T18:30:00,long,100,105207,105759
2025-11-10T18:30:00,2025-11-10T19:00:00,short,100,105759,105575
2025-11-10T19:00:00,2025-11-10T21:00:00,long,100,105667,105851
2025-11-10T21:00:00,2025-11-10T21:30:00,short,100,105851,105621
2025-11-10T22:30:00,2025-11-10T23:30:00,long,100,105667,105989
2025-11-10T23:30:00,2025-11-11T00:30:00,short,100,105989,105851
2025-11-11T00:30:00,2025-11-11T01:30:00,long,100,105897,106587
2025-11-11T01:30:00,2025-11-11T02:00:00,short,100,106587,106173
2025-11-11T02:00:00,2025-11-11T03:30:00,long,100,106219,106587
2025-11-11T03:30:00,2025-11-11T06:30:00,short,100,106587,105161
2025-11-11T06:30:00,2025-11-11T07:00:00,long,100,105161,105115
2025-11-11T07:30:00,2025-11-11T08:00:00,short,100,104931,104931
2025-11-11T08:00:00,2025-11-11T09:30:00,long,100,104931,105115
2025-11-11T09:30:00,2025-11-11T10:00:00,short,100,105023,105069
2025-11-11T10:00:00,2025-11-11T12:00:00,long,100,105069,105115
2025-11-11T12:00:00,2025-11-11T14:00:00,short,100,105069,104471
2025-11-11T14:00:00,2025-11-11T15:00:00,long,100,104471,104379
2025-11-11T15:00:00,2025-11-11T19:00:00,short,100,104241,103413
2025-11-11T19:00:00,2025-11-11T19:30:00,long,100,103413,103275
2025-11-11T19:30:00,2025-11-11T22:00:00,short,100,103045,102769
2025-11-11T22:00:00,2025-11-12T00:30:00,long,100,102769,102907
2025-11-12T01:00:00,2025-11-12T02:30:00,long,100,102953,103091
2025-11-12T03:00:00,2025-11-12T04:00:00,long,100,103229,103183
2025-11-12T04:00:00,2025-11-12T05:00:00,short,100,103183,103275
2025-11-12T05:00:00,2025-11-12T06:30:00,long,100,103321,103321
2025-11-12T06:30:00,2025-11-12T07:00:00,short,100,103321,103413
2025-11-12T07:30:00,2025-11-12T08:00:00,short,100,103275,103183
2025-11-12T08:00:00,2025-11-12T09:30:00,long,100,103229,104563
2025-11-12T09:30:00,2025-11-12T10:00:00,short,100,104563,104609
2025-11-12T10:30:00,2025-11-12T14:00:00,long,100,104793,104839
2025-11-12T14:00:00,2025-11-12T17:00:00,short,100,104839,101573
2025-11-12T17:00:00,2025-11-12T18:30:00,long,100,101573,101527
2025-11-12T19:00:00,2025-11-12T19:30:00,short,100,101297,101205
2025-11-12T19:30:00,2025-11-12T20:30:00,long,100,101205,101527
2025-11-12T20:30:00,2025-11-12T21:00:00,short,100,101481,101619
2025-11-12T21:00:00,2025-11-12T22:00:00,long,100,101619,101711
2025-11-12T22:00:00,2025-11-12T22:30:00,short,100,101711,101757
2025-11-12T22:30:00,2025-11-12T23:00:00,long,100,101803,101803
2025-11-12T23:00:00,2025-11-13T00:30:00,short,100,101803,101619
2025-11-13T00:30:00,2025-11-13T07:30:00,long,100,101665,103735
2025-11-13T07:30:00,2025-11-13T08:00:00,short,100,103735,103551
2025-11-13T08:00:00,2025-11-13T09:00:00,long,100,103689,103551
2025-11-13T09:00:00,2025-11-13T10:00:00,short,100,103551,102953
2025-11-13T10:00:00,2025-11-13T11:00:00,long,100,102953,102907
2025-11-13T12:30:00,2025-11-13T13:00:00,long,100,102999,102999
2025-11-13T13:00:00,2025-11-13T14:00:00,short,100,102907,102447
2025-11-13T14:00:00,2025-11-13T15:00:00,long,100,102447,102677
2025-11-13T15:00:00,2025-11-13T19:00:00,short,100,102585,98721
2025-11-13T19:00:00,2025-11-13T19:30:00,long,100,98721,98997
2025-11-13T19:30:00,2025-11-13T21:00:00,short,100,98905,98307
2025-11-13T21:00:00,2025-11-13T23:30:00,long,100,98307,100009
2025-11-13T23:30:00,2025-11-14T01:00:00,short,100,100009,99089
2025-11-14T01:00:00,2025-11-14T03:00:00,long,100,99089,99503
2025-11-14T03:00:00,2025-11-14T05:30:00,short,100,99457,97433
2025-11-14T05:30:00,2025-11-14T06:00:00,long,100,97433,97387
2025-11-14T06:00:00,2025-11-14T06:30:00,short,100,97203,97065
2025-11-14T06:30:00,2025-11-14T07:30:00,long,100,97065,97525
2025-11-14T07:30:00,2025-11-14T08:30:00,short,100,97479,97065
2025-11-14T08:30:00,2025-11-14T09:00:00,long,100,97065,97203
2025-11-14T09:00:00,2025-11-14T10:00:00,short,100,97111,96973
2025-11-14T10:00:00,2025-11-14T10:30:00,long,100,96973,96835
2025-11-14T10:30:00,2025-11-14T13:30:00,short,100,96835,95225
2025-11-14T13:30:00,2025-11-14T17:00:00,long,100,95225,96835
2025-11-14T17:00:00,2025-11-14T18:00:00,short,100,96835,96007
2025-11-14T18:00:00,2025-11-14T18:30:00,long,100,96007,95915
2025-11-14T18:30:00,2025-11-14T19:00:00,short,100,95777,95133
2025-11-14T19:00:00,2025-11-14T20:00:00,long,100,95133,95593
2025-11-14T20:00:00,2025-11-14T21:00:00,short,100,95547,94489
2025-11-14T21:00:00,2025-11-14T23:00:00,long,100,94489,95087
2025-11-14T23:00:00,2025-11-14T23:30:00,short,100,95087,94397
2025-11-14T23:30:00,2025-11-15T00:30:00,long,100,94397,95179
2025-11-15T00:30:00,2025-11-15T01:30:00,short,100,95179,95225
2025-11-15T01:30:00,2025-11-15T03:30:00,long,100,95363,96467
2025-11-15T03:30:00,2025-11-15T05:30:00,short,100,96467,96237
2025-11-15T05:30:00,2025-11-15T06:30:00,long,100,96329,96237
2025-11-15T06:30:00,2025-11-15T07:00:00,short,100,96237,96237
2025-11-15T07:00:00,2025-11-15T08:00:00,long,100,96283,96191
2025-11-15T08:00:00,2025-11-15T10:30:00,short,100,96191,95961
2025-11-15T10:30:00,2025-11-15T11:00:00,long,100,95961,95823
2025-11-15T11:00:00,2025-11-15T12:00:00,short,100,95823,95823
2025-11-15T12:00:00,2025-11-15T14:00:00,long,100,95823,96191
2025-11-15T14:00:00,2025-11-15T14:30:00,short,100,96145,96237
2025-11-15T15:00:00,2025-11-15T15:30:00,long,100,96283,96191
2025-11-15T15:30:00,2025-11-15T16:30:00,short,100,96191,95915
2025-11-15T16:30:00,2025-11-15T17:00:00,long,100,95961,96007
2025-11-15T17:00:00,2025-11-15T17:30:00,short,100,95961,96099
2025-11-15T17:30:00,2025-11-15T18:00:00,long,100,96099,96099
2025-11-15T18:00:00,2025-11-15T21:00:00,short,100,96053,95409
2025-11-15T21:00:00,2025-11-15T21:30:00,long,100,95409,95271
2025-11-15T22:00:00,2025-11-16T00:00:00,long,100,95363,95455
2025-11-16T00:00:00,2025-11-16T00:30:00,short,100,95363,95363
2025-11-16T00:30:00,2025-11-16T01:30:00,long,100,95363,95271
2025-11-16T01:30:00,2025-11-16T02:00:00,short,100,95271,95363
2025-11-16T02:00:00,2025-11-16T03:00:00,long,100,95363,95777
2025-11-16T03:00:00,2025-11-16T06:00:00,short,100,95777,95915
2025-11-16T06:00:00,2025-11-16T06:30:00,long,100,95915,95823
2025-11-16T06:30:00,2025-11-16T07:30:00,short,100,95823,95869
2025-11-16T07:30:00,2025-11-16T08:00:00,long,100,95961,95961
2025-11-16T08:00:00,2025-11-16T08:30:00,short,100,95961,95961
2025-11-16T08:30:00,2025-11-16T10:00:00,long,100,96007,96467
2025-11-16T10:00:00,2025-11-16T12:00:00,short,100,96467,95731
2025-11-16T12:00:00,2025-11-16T12:30:00,long,100,95731,95685
2025-11-16T13:00:00,2025-11-16T14:30:00,short,100,95547,95501
2025-11-16T14:30:00,2025-11-16T15:00:00,long,100,95501,95363
2025-11-16T15:30:00,2025-11-16T17:00:00,short,100,95271,94351
2025-11-16T17:00:00,2025-11-16T18:30:00,long,100,94351,94627
2025-11-16T18:30:00,2025-11-16T19:00:00,short,100,94535,94121
2025-11-16T19:00:00,2025-11-16T19:30:00,long,100,94121,94259
2025-11-16T19:30:00,2025-11-16T20:00:00,short,100,94167,94121
2025-11-16T20:00:00,2025-11-16T20:30:00,long,100,94121,94489
2025-11-16T20:30:00,2025-11-16T22:00:00,short,100,94489,93661
2025-11-16T22:00:00,2025-11-17T01:00:00,long,100,93661,95087
2025-11-17T01:00:00,2025-11-17T02:00:00,short,100,95087,94903
2025-11-17T02:00:00,2025-11-17T02:30:00,long,100,94995,95041
2025-11-17T02:30:00,2025-11-17T03:00:00,short,100,95041,95087
2025-11-17T03:00:00,2025-11-17T04:30:00,long,100,95133,95317
2025-11-17T04:30:00,2025-11-17T06:30:00,short,100,95317,95179
2025-11-17T06:30:00,2025-11-17T08:30:00,long,100,95271,95639
2025-11-17T08:30:00,2025-11-17T09:00:00,short,100,95639,95685
2025-11-17T09:30:00,2025-11-17T11:00:00,short,100,95593,95731
2025-11-17T11:30:00,2025-11-17T14:00:00,short,100,95593,94075
2025-11-17T14:00:00,2025-11-17T15:00:00,long,100,94075,94581
2025-11-17T15:00:00,2025-11-17T16:30:00,short,100,94535,93615
2025-11-17T16:30:00,2025-11-17T17:00:00,long,100,93615,94167
2025-11-17T17:00:00,2025-11-17T20:30:00,short,100,94167,91821
2025-11-17T20:30:00,2025-11-17T21:00:00,long,100,91821,91775
2025-11-17T21:30:00,2025-11-17T23:00:00,long,100,91913,92051
2025-11-17T23:00:00,2025-11-17T23:30:00,short,100,91959,91959
2025-11-17T23:30:00,2025-11-18T00:00:00,long,100,92005,92051
2025-11-18T00:00:00,2025-11-18T00:30:00,short,100,92005,92097
2025-11-18T00:30:00,2025-11-18T01:00:00,long,100,92097,92005
2025-11-18T01:00:00,2025-11-18T03:30:00,short,100,92005,90165
2025-11-18T03:30:00,2025-11-18T04:00:00,long,100,90165,90717
2025-11-18T04:00:00,2025-11-18T04:30:00,short,100,90671,90027
2025-11-18T04:30:00,2025-11-18T06:00:00,long,100,90027,90027
2025-11-18T06:30:00,2025-11-18T07:00:00,short,100,89889,89797
2025-11-18T07:00:00,2025-11-18T09:00:00,long,100,89797,91039
2025-11-18T09:00:00,2025-11-18T09:30:00,short,100,91039,91039
2025-11-18T09:30:00,2025-11-18T10:00:00,long,100,91223,91269
2025-11-18T10:00:00,2025-11-18T10:30:00,short,100,91269,91407
2025-11-18T10:30:00,2025-11-18T11:00:00,long,100,91499,91453
2025-11-18T11:00:00,2025-11-18T12:30:00,short,100,91453,91361
2025-11-18T12:30:00,2025-11-18T13:00:00,long,100,91453,91361
2025-11-18T13:00:00,2025-11-18T13:30:00,short,100,91361,91361
2025-11-18T13:30:00,2025-11-18T14:30:00,long,100,91407,91591
2025-11-18T14:30:00,2025-11-18T15:00:00,short,100,91591,91453
2025-11-18T15:00:00,2025-11-18T16:30:00,long,100,91499,93523
2025-11-18T16:30:00,2025-11-18T17:30:00,short,100,93523,93109
2025-11-18T17:30:00,2025-11-18T19:30:00,long,100,93155,93247
2025-11-18T19:30:00,2025-11-18T21:00:00,short,100,93201,92925
2025-11-18T21:00:00,2025-11-18T21:30:00,long,100,92925,92787
2025-11-18T21:30:00,2025-11-18T22:00:00,short,100,92787,92603
2025-11-18T22:00:00,2025-11-18T22:30:00,long,100,92603,93109
2025-11-18T22:30:00,2025-11-18T23:30:00,short,100,93109,92971
2025-11-19T00:00:00,2025-11-19T00:30:00,short,100,92833,92373
2025-11-19T00:30:00,2025-11-19T03:00:00,long,100,92373,92419
2025-11-19T03:00:00,2025-11-19T06:00:00,short,100,92327,90579
2025-11-19T06:00:00,2025-11-19T08:30:00,long,100,90579,91729
2025-11-19T08:30:00,2025-11-19T09:30:00,short,100,91729,91407
2025-11-19T09:30:00,2025-11-19T10:30:00,long,100,91453,91361
2025-11-19T10:30:00,2025-11-19T11:00:00,short,100,91361,91407
2025-11-19T11:00:00,2025-11-19T11:30:00,long,100,91407,91407
2025-11-19T11:30:00,2025-11-19T12:30:00,short,100,91361,91499
2025-11-19T12:30:00,2025-11-19T13:30:00,long,100,91499,91637
2025-11-19T13:30:00,2025-11-19T14:30:00,short,100,91637,91269
2025-11-19T14:30:00,2025-11-19T15:00:00,long,100,91315,91545
2025-11-19T15:00:00,2025-11-19T16:30:00,short,100,91499,89843
2025-11-19T16:30:00,2025-11-19T17:00:00,long,100,89843,89751
2025-11-19T17:00:00,2025-11-19T18:30:00,short,100,89521,89199
2025-11-19T18:30:00,2025-11-19T19:00:00,long,100,89199,89107
2025-11-19T19:00:00,2025-11-19T20:00:00,short,100,88923,89015
2025-11-19T20:00:00,2025-11-20T03:00:00,long,100,89015,92419
2025-11-20T03:00:00,2025-11-20T04:30:00,short,100,92419,92419
2025-11-20T04:30:00,2025-11-20T05:00:00,long,100,92603,92833
2025-11-20T05:00:00,2025-11-20T07:30:00,short,100,92833,92051
2025-11-20T07:30:00,2025-11-20T08:30:00,long,100,92051,92143
2025-11-20T08:30:00,2025-11-20T10:00:00,short,100,92051,91959
2025-11-20T10:00:00,2025-11-20T10:30:00,long,100,91959,91821
2025-11-20T10:30:00,2025-11-20T11:30:00,short,100,91821,91729
2025-11-20T11:30:00,2025-11-20T12:00:00,long,100,91729,91775
2025-11-20T12:00:00,2025-11-20T12:30:00,short,100,91683,91821
2025-11-20T12:30:00,2025-11-20T13:30:00,long,100,91821,91729
2025-11-20T13:30:00,2025-11-20T19:00:00,short,100,91683,86623
2025-11-20T19:00:00,2025-11-20T20:30:00,long,100,86623,86853
2025-11-20T20:30:00,2025-11-20T21:00:00,short,100,86761,86577
2025-11-20T21:00:00,2025-11-20T23:00:00,long,100,86577,87957
2025-11-20T23:00:00,2025-11-21T00:00:00,short,100,87957,86761
2025-11-21T00:00:00,2025-11-21T01:30:00,long,100,86761,87129
2025-11-21T01:30:00,2025-11-21T03:00:00,short,100,87083,85565
2025-11-21T03:00:00,2025-11-21T06:00:00,long,100,85565,86025
2025-11-21T06:00:00,2025-11-21T08:00:00,short,100,85979,84185
2025-11-21T08:00:00,2025-11-21T08:30:00,long,100,84185,84093
2025-11-21T08:30:00,2025-11-21T10:30:00,short,100,83863,82207
2025-11-21T10:30:00,2025-11-21T11:30:00,long,100,82207,82759
2025-11-21T11:30:00,2025-11-21T12:30:00,short,100,82713,81103
2025-11-21T12:30:00,2025-11-21T14:00:00,long,100,81103,83909
2025-11-21T14:00:00,2025-11-21T14:30:00,short,100,83909,83771
2025-11-21T14:30:00,2025-11-21T15:00:00,long,100,83909,84691
2025-11-21T15:00:00,2025-11-21T16:00:00,short,100,84691,83081
2025-11-21T16:00:00,2025-11-21T17:30:00,long,100,83081,85013
2025-11-21T17:30:00,2025-11-21T18:30:00,short,100,85013,84185
2025-11-21T18:30:00,2025-11-21T19:30:00,long,100,84185,84691
2025-11-21T19:30:00,2025-11-21T20:30:00,short,100,84691,83679
2025-11-21T20:30:00,2025-11-21T22:00:00,long,100,83679,84967
2025-11-21T22:00:00,2025-11-21T23:00:00,short,100,84967,84415
2025-11-21T23:00:00,2025-11-22T00:00:00,long,100,84415,84921
2025-11-22T00:00:00,2025-11-22T01:00:00,short,100,84921,84875
2025-11-22T01:30:00,2025-11-22T02:00:00,long,100,84967,84967
2025-11-22T02:00:00,2025-11-22T04:30:00,short,100,84967,84139
2025-11-22T04:30:00,2025-11-22T05:00:00,long,100,84139,84093
2025-11-22T05:30:00,2025-11-22T07:00:00,long,100,84185,84461
2025-11-22T07:00:00,2025-11-22T07:30:00,short,100,84415,84553
2025-11-22T07:30:00,2025-11-22T08:00:00,long,100,84553,84415
2025-11-22T08:00:00,2025-11-22T11:00:00,short,100,84415,83817
2025-11-22T11:00:00,2025-11-22T11:30:00,long,100,83817,84093
2025-11-22T11:30:00,2025-11-22T12:30:00,short,100,84047,83771
2025-11-22T12:30:00,2025-11-22T15:00:00,long,100,83771,84369
2025-11-22T15:00:00,2025-11-22T16:00:00,short,100,84369,84415
2025-11-22T16:00:00,2025-11-22T17:30:00,long,100,84507,84507
2025-11-22T17:30:00,2025-11-22T18:30:00,short,100,84507,84645
2025-11-22T20:00:00,2025-11-22T20:30:00,long,100,84691,84553
2025-11-22T20:30:00,2025-11-22T22:00:00,short,100,84553,84461
2025-11-22T22:00:00,2025-11-22T23:00:00,long,100,84553,84875
2025-11-22T23:00:00,2025-11-23T00:00:00,short,100,84875,84875
2025-11-23T00:00:00,2025-11-23T00:30:00,long,100,84967,84921
2025-11-23T00:30:00,2025-11-23T01:00:00,short,100,84921,85059
2025-11-23T01:00:00,2025-11-23T05:00:00,long,100,85059,86347
2025-11-23T05:00:00,2025-11-23T05:30:00,short,100,86347,86301
2025-11-23T06:00:00,2025-11-23T07:30:00,short,100,86209,85657
2025-11-23T07:30:00,2025-11-23T10:00:00,long,100,85657,86209
2025-11-23T10:00:00,2025-11-23T11:30:00,short,100,86209,86163
2025-11-23T11:30:00,2025-11-23T12:30:00,long,100,86255,86577
2025-11-23T12:30:00,2025-11-23T13:30:00,short,100,86577,86623
2025-11-23T13:30:00,2025-11-23T14:00:00,long,100,86715,86761
2025-11-23T14:00:00,2025-11-23T15:00:00,short,100,86761,86669
2025-11-23T15:30:00,2025-11-23T16:30:00,long,100,86761,86899
2025-11-23T16:30:00,2025-11-23T17:00:00,short,100,86899,86761
2025-11-23T17:00:00,2025-11-23T17:30:00,long,100,86807,86761
2025-11-23T17:30:00,2025-11-23T18:00:00,short,100,86761,86807
2025-11-23T18:00:00,2025-11-23T20:30:00,long,100,86807,87451
2025-11-23T20:30:00,2025-11-23T21:00:00,short,100,87451,87543
2025-11-23T21:30:00,2025-11-23T23:00:00,long,100,87681,87819
2025-11-23T23:00:00,2025-11-24T00:30:00,short,100,87819,86577
2025-11-24T00:30:00,2025-11-24T02:30:00,long,100,86577,87497
2025-11-24T02:30:00,2025-11-24T03:00:00,short,100,87497,87589
2025-11-24T03:30:00,2025-11-24T04:30:00,short,100,87451,86715
2025-11-24T04:30:00,2025-11-24T05:30:00,long,100,86715,87451
2025-11-24T05:30:00,2025-11-24T07:30:00,short,100,87451,86991
2025-11-24T07:30:00,2025-11-24T08:00:00,long,100,87037,86899
2025-11-24T08:00:00,2025-11-24T08:30:00,short,100,86853,86899
2025-11-24T08:30:00,2025-11-24T09:00:00,long,100,86899,86807
2025-11-24T09:00:00,2025-11-24T10:30:00,short,100,86761,85933
2025-11-24T10:30:00,2025-11-24T12:30:00,long,100,85933,86071
2025-11-24T12:30:00,2025-11-24T13:00:00,short,100,85933,86071
2025-11-24T13:00:00,2025-11-24T13:30:00,long,100,86071,86347
2025-11-24T13:30:00,2025-11-24T14:30:00,short,100,86301,86071
2025-11-24T14:30:00,2025-11-24T15:00:00,long,100,86117,86025
2025-11-24T15:30:00,2025-11-24T19:30:00,long,100,86163,88509
2025-11-24T19:30:00,2025-11-24T20:00:00,short,100,88509,88417
2025-11-24T20:00:00,2025-11-24T21:00:00,long,100,88555,88877
2025-11-24T21:00:00,2025-11-25T00:30:00,short,100,88877,88003
2025-11-25T00:30:00,2025-11-25T01:30:00,long,100,88003,87957
2025-11-25T01:30:00,2025-11-25T02:30:00,short,100,87819,87773
2025-11-25T02:30:00,2025-11-25T03:30:00,long,100,87773,87773
2025-11-25T04:00:00,2025-11-25T05:00:00,long,100,87911,88141
2025-11-25T05:00:00,2025-11-25T05:30:00,short,100,88095,88095
2025-11-25T06:00:00,2025-11-25T08:00:00,short,100,87957,87543
2025-11-25T08:00:00,2025-11-25T08:30:00,long,100,87543,87405
2025-11-25T08:30:00,2025-11-25T09:30:00,short,100,87359,86807
2025-11-25T09:30:00,2025-11-25T12:30:00,long,100,86807,87451
2025-11-25T12:30:00,2025-11-25T13:00:00,short,100,87451,87589
2025-11-25T13:30:00,2025-11-25T14:00:00,short,100,87451,87129
2025-11-25T14:00:00,2025-11-25T14:30:00,long,100,87175,87037
2025-11-25T14:30:00,2025-11-25T15:30:00,short,100,87037,86807
2025-11-25T15:30:00,2025-11-25T18:30:00,long,100,86807,87451
2025-11-25T18:30:00,2025-11-25T19:30:00,short,100,87451,86439
2025-11-25T19:30:00,2025-11-25T21:30:00,long,100,86439,87175
2025-11-25T21:30:00,2025-11-25T22:00:00,short,100,87175,87129
2025-11-25T22:30:00,2025-11-25T23:30:00,long,100,87221,87451
2025-11-25T23:30:00,2025-11-26T00:00:00,short,100,87451,87451
2025-11-26T00:00:00,2025-11-26T02:00:00,long,100,87543,87727
2025-11-26T02:00:00,2025-11-26T05:00:00,short,100,87727,87267
2025-11-26T05:00:00,2025-11-26T08:00:00,long,100,87267,87727
2025-11-26T08:00:00,2025-11-26T11:30:00,short,100,87727,86991
2025-11-26T11:30:00,2025-11-26T12:00:00,long,100,86991,86945
2025-11-26T12:00:00,2025-11-26T12:30:00,short,100,86807,86577
2025-11-26T12:30:00,2025-11-26T14:30:00,long,100,86577,87129
2025-11-26T14:30:00,2025-11-26T15:00:00,short,100,87129,86991
2025-11-26T15:00:00,2025-11-26T15:30:00,long,100,87083,87129
2025-11-26T15:30:00,2025-11-26T16:00:00,short,100,87129,87037
2025-11-26T16:00:00,2025-11-26T18:30:00,long,100,87083,90165
2025-11-26T18:30:00,2025-11-26T19:30:00,short,100,90165,89935
2025-11-26T20:30:00,2025-11-26T21:00:00,short,100,89797,89935
2025-11-26T21:00:00,2025-11-26T21:30:00,long,100,89981,90119
2025-11-26T21:30:00,2025-11-26T22:00:00,short,100,90119,90257
2025-11-26T22:00:00,2025-11-27T00:00:00,long,100,90257,90303
2025-11-27T00:00:00,2025-11-27T00:30:00,short,100,90303,90303
2025-11-27T00:30:00,2025-11-27T03:00:00,long,100,90395,91269
2025-11-27T03:00:00,2025-11-27T04:30:00,short,100,91269,91223
2025-11-27T05:00:00,2025-11-27T05:30:00,long,100,91361,91315
2025-11-27T05:30:00,2025-11-27T06:00:00,short,100,91315,91039
2025-11-27T06:00:00,2025-11-27T06:30:00,long,100,91085,91223
2025-11-27T06:30:00,2025-11-27T07:00:00,short,100,91177,91315
2025-11-27T07:00:00,2025-11-27T11:00:00,long,100,91315,91453
2025-11-27T11:00:00,2025-11-27T13:30:00,short,100,91453,90855
2025-11-27T13:30:00,2025-11-27T14:30:00,long,100,90855,90763
2025-11-27T15:00:00,2025-11-27T19:00:00,long,100,90855,91591
2025-11-27T19:00:00,2025-11-27T22:00:00,short,100,91591,91545
2025-11-27T22:30:00,2025-11-28T02:30:00,short,100,91407,90809
2025-11-28T02:30:00,2025-11-28T06:00:00,long,100,90809,91407
2025-11-28T06:00:00,2025-11-28T07:00:00,short,100,91407,91407
2025-11-28T07:30:00,2025-11-28T08:00:00,short,100,91315,90993
2025-11-28T08:00:00,2025-11-28T10:00:00,long,100,90993,91499
2025-11-28T10:00:00,2025-11-28T10:30:00,short,100,91499,91637
2025-11-28T10:30:00,2025-11-28T11:00:00,long,100,91637,91683
2025-11-28T11:00:00,2025-11-28T11:30:00,short,100,91683,91361
2025-11-28T11:30:00,2025-11-28T14:30:00,long,100,91407,92741
2025-11-28T14:30:00,2025-11-28T15:00:00,short,100,92741,92327
2025-11-28T15:00:00,2025-11-28T15:30:00,long,100,92373,92511
2025-11-28T15:30:00,2025-11-28T17:30:00,short,100,92465,90625
2025-11-28T17:30:00,2025-11-28T21:30:00,long,100,90625,90993
2025-11-28T21:30:00,2025-11-28T22:30:00,short,100,90947,90947
2025-11-28T22:30:00,2025-11-28T23:00:00,long,100,90993,90947
2025-11-28T23:00:00,2025-11-29T04:30:00,short,100,90947,90809
2025-11-29T04:30:00,2025-11-29T05:30:00,long,100,90855,90763
2025-11-29T05:30:00,2025-11-29T08:00:00,short,100,90717,90625
2025-11-29T08:00:00,2025-11-29T09:00:00,long,100,90625,90487
2025-11-29T09:00:00,2025-11-29T11:30:00,short,100,90487,90625
2025-11-29T11:30:00,2025-11-29T12:00:00,long,100,90625,90533
2025-11-29T12:00:00,2025-11-29T12:30:00,short,100,90487,90625
2025-11-29T12:30:00,2025-11-29T14:30:00,long,100,90625,90579
2025-11-29T15:00:00,2025-11-29T16:00:00,long,100,90717,90901
2025-11-29T16:00:00,2025-11-29T16:30:00,short,100,90901,90993
2025-11-29T17:00:00,2025-11-29T18:30:00,short,100,90855,90441
2025-11-29T18:30:00,2025-11-29T19:30:00,long,100,90441,90625
2025-11-29T20:30:00,2025-11-29T22:00:00,long,100,90763,90809
2025-11-29T22:00:00,2025-11-29T23:00:00,short,100,90809,90809
2025-11-30T00:30:00,2025-11-30T02:30:00,long,100,90855,90763
2025-11-30T02:30:00,2025-11-30T03:30:00,short,100,90763,90809
2025-11-30T03:30:00,2025-11-30T05:00:00,long,100,90855,90763
2025-11-30T05:00:00,2025-11-30T05:30:00,short,100,90763,90763
2025-11-30T06:00:00,2025-11-30T10:30:00,long,100,90809,91223
2025-11-30T10:30:00,2025-11-30T12:00:00,short,100,91223,91177
2025-11-30T12:00:00,2025-11-30T14:00:00,long,100,91269,91637
2025-11-30T14:00:00,2025-11-30T16:00:00,short,100,91637,91591
2025-11-30T16:00:00,2025-11-30T17:00:00,long,100,91683,91637
2025-11-30T17:00:00,2025-11-30T17:30:00,short,100,91637,91453
2025-11-30T17:30:00,2025-11-30T18:00:00,long,100,91499,91361
2025-11-30T18:00:00,2025-11-30T18:30:00,short,100,91361,91453
2025-11-30T18:30:00,2025-11-30T19:00:00,long,100,91453,91315
2025-11-30T19:00:00,2025-11-30T19:30:00,short,100,91315,91453
2025-11-30T19:30:00,2025-11-30T20:00:00,long,100,91453,91315
2025-11-30T20:00:00,2025-11-30T22:00:00,short,100,91315,91223
2025-11-30T22:00:00,2025-11-30T23:00:00,long,100,91223,91085
2025-11-30T23:00:00,2025-12-01T01:00:00,short,100,91085,87129
2025-12-01T01:00:00,2025-12-01T01:30:00,long,100,87129,87129
2025-12-01T02:30:00,2025-12-01T05:00:00,short,100,86945,85887
2025-12-01T05:00:00,2025-12-01T09:00:00,long,100,85887,86669
2025-12-01T09:00:00,2025-12-01T09:30:00,short,100,86669,86669
2025-12-01T10:00:00,2025-12-01T13:00:00,short,100,86531,85565
2025-12-01T13:00:00,2025-12-01T14:30:00,long,100,85565,86071
2025-12-01T14:30:00,2025-12-01T17:00:00,short,100,86025,84691
2025-12-01T17:00:00,2025-12-01T19:00:00,long,100,84691,85105
2025-12-01T19:00:00,2025-12-01T19:30:00,short,100,85059,84829
2025-12-01T19:30:00,2025-12-01T23:30:00,long,100,84875,86531
2025-12-01T23:30:00,2025-12-02T00:00:00,short,100,86531,86347
2025-12-02T01:00:00,2025-12-02T01:30:00,long,100,86485,86531
2025-12-02T01:30:00,2025-12-02T02:00:00,short,100,86531,86531
2025-12-02T02:00:00,2025-12-02T02:30:00,long,100,86577,86531
2025-12-02T02:30:00,2025-12-02T03:30:00,short,100,86531,86485
2025-12-02T03:30:00,2025-12-02T05:00:00,long,100,86531,86853
2025-12-02T05:00:00,2025-12-02T05:30:00,short,100,86853,86991
2025-12-02T05:30:00,2025-12-02T06:00:00,long,100,86991,86853
2025-12-02T06:00:00,2025-12-02T06:30:00,short,100,86853,86991
2025-12-02T06:30:00,2025-12-02T07:00:00,long,100,87083,86945
2025-12-02T07:00:00,2025-12-02T07:30:00,short,100,86945,86991
2025-12-02T08:00:00,2025-12-02T09:00:00,short,100,86853,86577
2025-12-02T09:00:00,2025-12-02T09:30:00,long,100,86577,86715
2025-12-02T10:30:00,2025-12-02T12:30:00,long,100,86853,87267
2025-12-02T12:30:00,2025-12-02T13:30:00,short,100,87267,87359
2025-12-02T13:30:00,2025-12-02T16:00:00,long,100,87451,90671
2025-12-02T16:00:00,2025-12-02T16:30:00,short,100,90671,90349
2025-12-02T16:30:00,2025-12-02T17:30:00,long,100,90441,91545
2025-12-02T17:30:00,2025-12-02T18:00:00,short,100,91545,91545
2025-12-02T18:00:00,2025-12-02T19:30:00,long,100,91729,91821
2025-12-02T19:30:00,2025-12-02T21:00:00,short,100,91821,91085
2025-12-02T21:00:00,2025-12-02T23:00:00,long,100,91085,91775
2025-12-02T23:00:00,2025-12-03T00:30:00,short,100,91775,91315
2025-12-03T00:30:00,2025-12-03T03:30:00,long,100,91361,92649
2025-12-03T03:30:00,2025-12-03T04:00:00,short,100,92649,92695
2025-12-03T04:30:00,2025-12-03T06:30:00,long,100,92879,93753
2025-12-03T06:30:00,2025-12-03T09:00:00,short,100,93753,92925
2025-12-03T09:00:00,2025-12-03T10:30:00,long,100,92925,93017
2025-12-03T10:30:00,2025-12-03T12:30:00,short,100,92925,92833
2025-12-03T12:30:00,2025-12-03T14:00:00,long,100,92833,92925
2025-12-03T14:00:00,2025-12-03T17:00:00,short,100,92879,92373
2025-12-03T17:00:00,2025-12-03T18:30:00,long,100,92373,92925
2025-12-03T18:30:00,2025-12-03T19:00:00,short,100,92925,92695
2025-12-03T19:30:00,2025-12-03T22:00:00,long,100,92741,93477
2025-12-03T22:00:00,2025-12-03T22:30:00,short,100,93477,93477
2025-12-03T22:30:00,2025-12-03T23:00:00,long,100,93615,93615
2025-12-03T23:00:00,2025-12-04T00:30:00,short,100,93615,92971
2025-12-04T00:30:00,2025-12-04T01:30:00,long,100,92971,93201
2025-12-04T02:00:00,2025-12-04T03:00:00,long,100,93293,93753
2025-12-04T03:00:00,2025-12-04T06:00:00,short,100,93753,93109
2025-12-04T06:00:00,2025-12-04T07:00:00,long,100,93109,93063
2025-12-04T07:30:00,2025-12-04T08:00:00,long,100,93201,93247
2025-12-04T08:00:00,2025-12-04T08:30:00,short,100,93201,93201
2025-12-04T08:30:00,2025-12-04T10:00:00,long,100,93201,93247
2025-12-04T11:00:00,2025-12-04T12:30:00,short,100,93201,92971
2025-12-04T12:30:00,2025-12-04T13:00:00,long,100,92971,92833
2025-12-04T13:00:00,2025-12-04T14:00:00,short,100,92833,92649
2025-12-04T14:00:00,2025-12-04T14:30:00,long,100,92649,92649
2025-12-04T14:30:00,2025-12-04T15:00:00,short,100,92557,92005
2025-12-04T15:00:00,2025-12-04T16:30:00,long,100,92005,92787
2025-12-04T16:30:00,2025-12-04T17:30:00,short,100,92787,92235
2025-12-04T17:30:00,2025-12-04T18:30:00,long,100,92235,92281
2025-12-04T18:30:00,2025-12-04T19:30:00,short,100,92189,91453
2025-12-04T19:30:00,2025-12-04T21:00:00,long,100,91453,92281
2025-12-04T21:00:00,2025-12-04T22:30:00,short,100,92281,92281
2025-12-04T23:00:00,2025-12-05T00:00:00,short,100,92189,92189
2025-12-05T00:00:00,2025-12-05T01:30:00,long,100,92281,92327
2025-12-05T01:30:00,2025-12-05T02:00:00,short,100,92327,92465
2025-12-05T02:00:00,2025-12-05T03:00:00,long,100,92465,92419
2025-12-05T03:00:00,2025-12-05T06:30:00,short,100,92419,92051
2025-12-05T06:30:00,2025-12-05T07:30:00,long,100,92097,92235
2025-12-05T07:30:00,2025-12-05T10:00:00,short,100,92189,91269
2025-12-05T10:00:00,2025-12-05T10:30:00,long,100,91269,91223
2025-12-05T11:00:00,2025-12-05T12:00:00,long,100,91361,91269
2025-12-05T12:00:00,2025-12-05T15:00:00,short,100,91177,90395
2025-12-05T15:00:00,2025-12-05T15:30:00,long,100,90395,91085
2025-12-05T15:30:00,2025-12-05T17:30:00,short,100,91085,88877
2025-12-05T17:30:00,2025-12-05T18:30:00,long,100,88877,89199
2025-12-05T18:30:00,2025-12-05T19:00:00,short,100,89107,89015
2025-12-05T19:00:00,2025-12-05T20:30:00,long,100,89061,89429
2025-12-05T20:30:00,2025-12-05T21:00:00,short,100,89429,89383
2025-12-05T21:30:00,2025-12-05T22:00:00,short,100,89291,89245
2025-12-05T23:30:00,2025-12-06T00:00:00,long,100,89291,89153
2025-12-06T00:00:00,2025-12-06T00:30:00,short,100,89153,89291
2025-12-06T00:30:00,2025-12-06T01:30:00,long,100,89291,89291
2025-12-06T02:00:00,2025-12-06T02:30:00,short,100,89245,89383
2025-12-06T02:30:00,2025-12-06T07:00:00,long,100,89383,89567
2025-12-06T07:00:00,2025-12-06T09:00:00,short,100,89567,89429
2025-12-06T09:00:00,2025-12-06T10:00:00,long,100,89475,89475
2025-12-06T10:00:00,2025-12-06T11:30:00,short,100,89475,89613
2025-12-06T11:30:00,2025-12-06T15:00:00,long,100,89613,89797
2025-12-06T15:00:00,2025-12-06T15:30:00,short,100,89797,89705
2025-12-06T16:00:00,2025-12-06T16:30:00,long,100,89797,89659
2025-12-06T16:30:00,2025-12-06T17:00:00,short,100,89659,89797
2025-12-06T17:00:00,2025-12-06T17:30:00,long,100,89797,89705
2025-12-06T17:30:00,2025-12-06T20:30:00,short,100,89705,89521
2025-12-06T21:00:00,2025-12-06T23:30:00,short,100,89383,89153
2025-12-06T23:30:00,2025-12-07T01:30:00,long,100,89153,89291
2025-12-07T02:00:00,2025-12-07T04:30:00,long,100,89383,89521
2025-12-07T04:30:00,2025-12-07T06:00:00,short,100,89475,89613
2025-12-07T06:00:00,2025-12-07T07:00:00,long,100,89613,89521
2025-12-07T07:00:00,2025-12-07T10:30:00,short,100,89521,89245
2025-12-07T11:00:00,2025-12-07T12:00:00,short,100,89107,89245
2025-12-07T12:00:00,2025-12-07T13:00:00,long,100,89245,89291
2025-12-07T13:00:00,2025-12-07T13:30:00,short,100,89245,89015
2025-12-07T13:30:00,2025-12-07T14:00:00,long,100,89015,88877
2025-12-07T14:00:00,2025-12-07T14:30:00,short,100,88877,88003
2025-12-07T14:30:00,2025-12-07T16:00:00,long,100,88003,89337
2025-12-07T16:00:00,2025-12-07T16:30:00,short,100,89337,89429
2025-12-07T16:30:00,2025-12-07T18:30:00,long,100,89613,91361
2025-12-07T18:30:00,2025-12-07T19:30:00,short,100,91361,91407
2025-12-07T21:00:00,2025-12-07T23:00:00,short,100,91269,89751
2025-12-07T23:00:00,2025-12-08T00:00:00,long,100,89751,90211
2025-12-08T00:30:00,2025-12-08T01:30:00,long,100,90349,90947
2025-12-08T01:30:00,2025-12-08T02:00:00,short,100,90947,90993
2025-12-08T02:30:00,2025-12-08T03:00:00,long,100,91131,91177
2025-12-08T03:00:00,2025-12-08T04:00:00,short,100,91177,91223
2025-12-08T06:00:00,2025-12-08T07:30:00,long,100,91315,91499
2025-12-08T07:30:00,2025-12-08T08:00:00,short,100,91499,91637
2025-12-08T08:30:00,2025-12-08T11:30:00,long,100,91729,91913
2025-12-08T11:30:00,2025-12-08T16:00:00,short,100,91913,90073
2025-12-08T16:00:00,2025-12-08T16:30:00,long,100,90073,90165
2025-12-08T16:30:00,2025-12-08T17:30:00,short,100,90027,90073
2025-12-08T17:30:00,2025-12-08T18:00:00,long,100,90073,90119
2025-12-08T18:30:00,2025-12-08T19:00:00,short,100,90027,90027
2025-12-08T19:00:00,2025-12-08T22:00:00,long,100,90027,91085
2025-12-08T22:00:00,2025-12-09T02:00:00,short,100,91085,90165
2025-12-09T02:00:00,2025-12-09T02:30:00,long,100,90165,90165
2025-12-09T02:30:00,2025-12-09T03:30:00,short,100,90027,90165
2025-12-09T03:30:00,2025-12-09T04:30:00,long,100,90165,90257
2025-12-09T04:30:00,2025-12-09T06:30:00,short,100,90211,89981
2025-12-09T06:30:00,2025-12-09T09:00:00,long,100,89981,90303
2025-12-09T09:00:00,2025-12-09T10:30:00,short,100,90257,90257
2025-12-09T10:30:00,2025-12-09T13:30:00,long,100,90303,90487
2025-12-09T13:30:00,2025-12-09T15:00:00,short,100,90487,90395
2025-12-09T15:00:00,2025-12-09T17:00:00,long,100,90441,93983
2025-12-09T17:00:00,2025-12-09T17:30:00,short,100,93983,93845
2025-12-09T18:00:00,2025-12-09T18:30:00,long,100,93983,93891
2025-12-09T18:30:00,2025-12-09T22:30:00,short,100,93891,92649
2025-12-09T22:30:00,2025-12-09T23:30:00,long,100,92649,92741
2025-12-09T23:30:00,2025-12-10T01:00:00,short,100,92603,92235
2025-12-10T01:00:00,2025-12-10T08:00:00,long,100,92235,92603
2025-12-10T09:00:00,2025-12-10T09:30:00,short,100,92557,92603
2025-12-10T09:30:00,2025-12-10T10:00:00,long,100,92649,92787
2025-12-10T10:00:00,2025-12-10T15:30:00,short,100,92787,91959
2025-12-10T15:30:00,2025-12-10T16:30:00,long,100,91959,92281
2025-12-10T16:30:00,2025-12-10T17:00:00,short,100,92235,92235
2025-12-10T17:00:00,2025-12-10T18:00:00,long,100,92281,92235
2025-12-10T18:00:00,2025-12-10T18:30:00,short,100,92235,92327
2025-12-10T18:30:00,2025-12-10T20:30:00,long,100,92327,93385
2025-12-10T20:30:00,2025-12-10T22:30:00,short,100,93385,92465
2025-12-10T22:30:00,2025-12-10T23:00:00,long,100,92465,92373
2025-12-10T23:00:00,2025-12-11T04:00:00,short,100,92235,89889
2025-12-11T04:00:00,2025-12-11T05:00:00,long,100,89889,90257
2025-12-11T05:00:00,2025-12-11T06:30:00,short,100,90211,90257
2025-12-11T06:30:00,2025-12-11T07:00:00,long,100,90303,90165
2025-12-11T07:00:00,2025-12-11T07:30:00,short,100,90165,90211
2025-12-11T07:30:00,2025-12-11T08:00:00,long,100,90257,90119
2025-12-11T08:00:00,2025-12-11T09:00:00,short,100,90119,90211
2025-12-11T09:00:00,2025-12-11T09:30:00,long,100,90211,90303
2025-12-11T09:30:00,2025-12-11T10:30:00,short,100,90257,90303
2025-12-11T11:30:00,2025-12-11T12:00:00,short,100,90165,90303
2025-12-11T12:00:00,2025-12-11T12:30:00,long,100,90303,90165
2025-12-11T12:30:00,2025-12-11T14:00:00,short,100,90165,90119
2025-12-11T14:30:00,2025-12-11T15:00:00,short,100,89981,89659
2025-12-11T15:00:00,2025-12-11T15:30:00,long,100,89659,90119
2025-12-11T15:30:00,2025-12-11T16:30:00,short,100,90073,89705
2025-12-11T16:30:00,2025-12-11T19:30:00,long,100,89751,90901
2025-12-11T19:30:00,2025-12-11T20:00:00,short,100,90901,90901
2025-12-11T20:30:00,2025-12-11T21:30:00,long,100,91085,93109
2025-12-11T21:30:00,2025-12-11T23:00:00,short,100,93109,92465
2025-12-11T23:00:00,2025-12-12T00:00:00,long,100,92465,92327
2025-12-12T00:30:00,2025-12-12T01:00:00,short,100,92281,91683
2025-12-12T01:00:00,2025-12-12T03:00:00,long,100,91683,92373
2025-12-12T03:00:00,2025-12-12T04:30:00,short,100,92373,92327
2025-12-12T05:00:00,2025-12-12T05:30:00,short,100,92235,92235
2025-12-12T05:30:00,2025-12-12T07:00:00,long,100,92281,92419
2025-12-12T07:00:00,2025-12-12T09:30:00,short,100,92419,92235
2025-12-12T09:30:00,2025-12-12T11:00:00,long,100,92281,92373
2025-12-12T11:00:00,2025-12-12T12:30:00,short,100,92327,92327
2025-12-12T12:30:00,2025-12-12T13:00:00,long,100,92373,92281
2025-12-12T13:00:00,2025-12-12T14:30:00,short,100,92281,92235
2025-12-12T14:30:00,2025-12-12T15:00:00,long,100,92281,92281
2025-12-12T15:00:00,2025-12-12T16:00:00,short,100,92235,90073
2025-12-12T16:00:00,2025-12-12T16:30:00,long,100,90073,90257
2025-12-12T16:30:00,2025-12-12T17:30:00,short,100,90119,89935
2025-12-12T17:30:00,2025-12-12T18:30:00,long,100,89935,90349
2025-12-12T18:30:00,2025-12-12T20:30:00,short,100,90303,90119
2025-12-12T20:30:00,2025-12-13T11:00:00,long,100,90165,90395
2025-12-13T11:30:00,2025-12-13T14:30:00,short,100,90349,90073
2025-12-13T18:00:00,2025-12-13T21:00:00,long,100,90119,89981
2025-12-13T21:00:00,2025-12-13T21:30:00,short,100,89981,90027
2025-12-13T21:30:00,2025-12-14T01:30:00,long,100,90027,90257
2025-12-14T04:30:00,2025-12-14T05:30:00,short,100,90211,90211
2025-12-14T06:00:00,2025-12-14T07:30:00,short,100,90073,90211
2025-12-14T07:30:00,2025-12-14T08:00:00,long,100,90211,90119
2025-12-14T08:00:00,2025-12-14T13:30:00,short,100,90119,89383
2025-12-14T13:30:00,2025-12-14T14:00:00,long,100,89383,89337
2025-12-14T14:30:00,2025-12-14T16:00:00,short,100,89199,89153
2025-12-14T16:00:00,2025-12-14T16:30:00,long,100,89153,89107
2025-12-14T16:30:00,2025-12-14T18:30:00,short,100,89015,88923
2025-12-14T18:30:00,2025-12-14T19:00:00,long,100,88923,88831
2025-12-14T19:00:00,2025-12-14T23:30:00,short,100,88739,88141
2025-12-14T23:30:00,2025-12-15T02:30:00,long,100,88141,89475
2025-12-15T02:30:00,2025-12-15T04:30:00,short,100,89475,89383
2025-12-15T04:30:00,2025-12-15T06:00:00,long,100,89521,89521
2025-12-15T06:00:00,2025-12-15T06:30:00,short,100,89521,89659
2025-12-15T06:30:00,2025-12-15T07:00:00,long,100,89705,89567
2025-12-15T07:00:00,2025-12-15T07:30:00,short,100,89567,89659
2025-12-15T07:30:00,2025-12-15T11:30:00,long,100,89705,89705
2025-12-15T11:30:00,2025-12-15T12:30:00,short,100,89705,89705
2025-12-15T13:00:00,2025-12-15T15:30:00,short,100,89567,86991
2025-12-15T15:30:00,2025-12-15T16:00:00,long,100,86991,86899
2025-12-15T16:30:00,2025-12-15T18:30:00,short,100,86669,85749
2025-12-15T18:30:00,2025-12-15T20:00:00,long,100,85749,86025
2025-12-15T20:00:00,2025-12-15T21:00:00,short,100,85933,85841
2025-12-15T21:00:00,2025-12-15T22:00:00,long,100,85841,86025
2025-12-15T22:00:00,2025-12-15T22:30:00,short,100,85979,86117
2025-12-15T22:30:00,2025-12-16T00:30:00,long,100,86117,86255
2025-12-16T00:30:00,2025-12-16T02:00:00,short,100,86255,85933
2025-12-16T02:00:00,2025-12-16T02:30:00,long,100,85979,86071
2025-12-16T02:30:00,2025-12-16T03:30:00,short,100,86025,85841
2025-12-16T03:30:00,2025-12-16T04:00:00,long,100,85841,85749
2025-12-16T04:00:00,2025-12-16T04:30:00,short,100,85749,85749
2025-12-16T04:30:00,2025-12-16T07:00:00,long,100,85749,86301
2025-12-16T07:00:00,2025-12-16T08:00:00,short,100,86301,86117
2025-12-16T08:00:00,2025-12-16T12:00:00,long,100,86209,87083
2025-12-16T12:00:00,2025-12-16T13:00:00,short,100,87083,87221
2025-12-16T13:30:00,2025-12-16T14:00:00,short,100,87221,86531
2025-12-16T14:00:00,2025-12-16T15:00:00,long,100,86531,87129
2025-12-16T15:00:00,2025-12-16T15:30:00,short,100,87129,87267
2025-12-16T15:30:00,2025-12-16T16:00:00,long,100,87313,87819
2025-12-16T16:00:00,2025-12-16T18:00:00,short,100,87819,87267
2025-12-16T18:00:00,2025-12-16T19:00:00,long,100,87267,87589
2025-12-16T19:00:00,2025-12-16T19:30:00,short,100,87543,87497
2025-12-16T19:30:00,2025-12-16T23:00:00,long,100,87543,87681
2025-12-16T23:00:00,2025-12-16T23:30:00,short,100,87681,87727
2025-12-16T23:30:00,2025-12-17T00:00:00,long,100,87773,87727
2025-12-17T00:00:00,2025-12-17T01:00:00,short,100,87727,87589
2025-12-17T01:00:00,2025-12-17T01:30:00,long,100,87635,87635
2025-12-17T01:30:00,2025-12-17T02:30:00,short,100,87589,87451
2025-12-17T02:30:00,2025-12-17T03:00:00,long,100,87497,87359
2025-12-17T03:00:00,2025-12-17T05:30:00,short,100,87359,86577
2025-12-17T05:30:00,2025-12-17T07:00:00,long,100,86577,86669
2025-12-17T07:30:00,2025-12-17T08:00:00,long,100,86807,86899
2025-12-17T08:00:00,2025-12-17T10:00:00,short,100,86853,86485
2025-12-17T10:00:00,2025-12-17T15:30:00,long,100,86485,89751
2025-12-17T15:30:00,2025-12-17T16:30:00,short,100,89751,86485
2025-12-17T16:30:00,2025-12-17T17:00:00,long,100,86485,86853
2025-12-17T17:00:00,2025-12-17T19:30:00,short,100,86807,85841
2025-12-17T19:30:00,2025-12-17T20:30:00,long,100,85841,85933
2025-12-17T20:30:00,2025-12-17T21:30:00,short,100,85795,85933
2025-12-17T21:30:00,2025-12-17T23:00:00,long,100,85933,86163
2025-12-17T23:00:00,2025-12-17T23:30:00,short,100,86117,86117
2025-12-17T23:30:00,2025-12-18T01:00:00,long,100,86163,86117
2025-12-18T01:00:00,2025-12-18T01:30:00,short,100,86117,86071
2025-12-18T01:30:00,2025-12-18T03:00:00,long,100,86117,86485
2025-12-18T03:00:00,2025-12-18T03:30:00,short,100,86485,86393
2025-12-18T03:30:00,2025-12-18T05:00:00,long,100,86485,86623
2025-12-18T05:00:00,2025-12-18T06:30:00,short,100,86623,86577
2025-12-18T07:00:00,2025-12-18T11:00:00,long,100,86669,87175
2025-12-18T11:00:00,2025-12-18T11:30:00,short,100,87175,87267
2025-12-18T12:00:00,2025-12-18T12:30:00,short,100,87129,87221
2025-12-18T13:00:00,2025-12-18T14:00:00,long,100,87313,88647
2025-12-18T14:00:00,2025-12-18T15:00:00,short,100,88647,88509
2025-12-18T15:30:00,2025-12-18T17:30:00,short,100,88463,86025
2025-12-18T17:30:00,2025-12-18T18:00:00,long,100,86025,86347
2025-12-18T18:30:00,2025-12-18T20:00:00,short,100,86255,84599
2025-12-18T20:00:00,2025-12-18T20:30:00,long,100,84599,84829
2025-12-18T20:30:00,2025-12-18T21:00:00,short,100,84737,84645
2025-12-18T21:00:00,2025-12-18T23:00:00,long,100,84645,85427
2025-12-18T23:00:00,2025-12-19T00:30:00,short,100,85427,85565
2025-12-19T01:00:00,2025-12-19T01:30:00,short,100,85473,85243
2025-12-19T01:30:00,2025-12-19T03:30:00,long,100,85289,86945
2025-12-19T03:30:00,2025-12-19T04:00:00,short,100,86945,86991
2025-12-19T05:00:00,2025-12-19T05:30:00,short,100,86899,86853
2025-12-19T05:30:00,2025-12-19T06:00:00,long,100,86945,86991
2025-12-19T06:00:00,2025-12-19T06:30:00,short,100,86991,87129
2025-12-19T06:30:00,2025-12-19T08:00:00,long,100,87129,87773
2025-12-19T08:00:00,2025-12-19T08:30:00,short,100,87773,87819
2025-12-19T08:30:00,2025-12-19T09:00:00,long,100,87957,87957
2025-12-19T09:00:00,2025-12-19T09:30:00,short,100,87957,88095
2025-12-19T10:00:00,2025-12-19T10:30:00,short,100,87957,88049
2025-12-19T10:30:00,2025-12-19T11:30:00,long,100,88141,88141
2025-12-19T11:30:00,2025-12-19T13:00:00,short,100,88141,88003
2025-12-19T13:00:00,2025-12-19T15:30:00,long,100,88049,88003
2025-12-19T15:30:00,2025-12-19T16:00:00,short,100,88003,88049
2025-12-19T16:00:00,2025-12-19T16:30:00,long,100,88049,88279
2025-12-19T16:30:00,2025-12-19T18:00:00,short,100,88279,87083
2025-12-19T18:00:00,2025-12-19T18:30:00,long,100,87083,87221
2025-12-19T19:00:00,2025-12-19T21:30:00,long,100,87267,87865
2025-12-19T21:30:00,2025-12-19T22:00:00,short,100,87865,87911
2025-12-19T22:00:00,2025-12-19T23:30:00,long,100,88049,88141
2025-12-19T23:30:00,2025-12-20T01:00:00,short,100,88141,88141
2025-12-20T01:30:00,2025-12-20T02:30:00,short,100,88003,88141
2025-12-20T02:30:00,2025-12-20T07:00:00,long,100,88187,88187
2025-12-20T07:00:00,2025-12-20T08:00:00,short,100,88187,88325
2025-12-20T08:00:00,2025-12-20T08:30:00,long,100,88325,88233
2025-12-20T08:30:00,2025-12-20T11:30:00,short,100,88233,88279
2025-12-20T13:00:00,2025-12-20T13:30:00,short,100,88141,88095
2025-12-20T13:30:00,2025-12-20T14:00:00,long,100,88141,88141
2025-12-20T14:00:00,2025-12-20T14:30:00,short,100,88095,88187
2025-12-20T14:30:00,2025-12-20T15:00:00,long,100,88187,88095
2025-12-20T15:00:00,2025-12-20T15:30:00,short,100,88095,88187
2025-12-20T15:30:00,2025-12-20T21:30:00,long,100,88187,88141
2025-12-20T21:30:00,2025-12-20T22:30:00,short,100,88141,88279
2025-12-20T22:30:00,2025-12-21T01:00:00,long,100,88279,88233
2025-12-21T01:00:00,2025-12-21T03:30:00,short,100,88233,88095
2025-12-21T07:30:00,2025-12-21T10:00:00,long,100,88141,88739
2025-12-21T10:00:00,2025-12-21T12:00:00,short,100,88739,88739
2025-12-21T12:30:00,2025-12-21T14:00:00,short,100,88693,87819
2025-12-21T14:00:00,2025-12-21T15:00:00,long,100,87819,87865
2025-12-21T15:30:00,2025-12-21T18:00:00,long,100,88003,88141
2025-12-21T18:00:00,2025-12-21T18:30:00,short,100,88095,88233
2025-12-21T18:30:00,2025-12-21T20:00:00,long,100,88233,88279
2025-12-21T20:00:00,2025-12-21T22:00:00,short,100,88279,88279
2025-12-21T22:00:00,2025-12-22T00:30:00,long,100,88325,88831
2025-12-22T00:30:00,2025-12-22T01:00:00,short,100,88831,88693
2025-12-22T01:00:00,2025-12-22T01:30:00,long,100,88785,88877
2025-12-22T01:30:00,2025-12-22T02:30:00,short,100,88877,88463
2025-12-22T02:30:00,2025-12-22T05:00:00,long,100,88463,88739
2025-12-22T06:30:00,2025-12-22T08:30:00,long,100,88877,89659
2025-12-22T08:30:00,2025-12-22T09:00:00,short,100,89659,89429
2025-12-22T09:00:00,2025-12-22T13:00:00,long,100,89521,90119
2025-12-22T13:00:00,2025-12-22T14:30:00,short,100,90119,90073
2025-12-22T15:00:00,2025-12-22T15:30:00,short,100,89981,89705
2025-12-22T16:00:00,2025-12-22T16:30:00,long,100,89751,89889
2025-12-22T16:30:00,2025-12-22T18:00:00,short,100,89843,89429
2025-12-22T18:00:00,2025-12-22T18:30:00,long,100,89429,89337
2025-12-22T18:30:00,2025-12-22T20:30:00,short,100,89245,88187
2025-12-22T20:30:00,2025-12-22T21:30:00,long,100,88187,88233
2025-12-22T22:00:00,2025-12-23T01:00:00,long,100,88371,88601
2025-12-23T01:00:00,2025-12-23T02:00:00,short,100,88555,88647
2025-12-23T02:00:00,2025-12-23T02:30:00,long,100,88693,88555
2025-12-23T02:30:00,2025-12-23T06:30:00,short,100,88555,87359
2025-12-23T06:30:00,2025-12-23T08:30:00,long,100,87359,87451
2025-12-23T09:30:00,2025-12-23T12:00:00,long,100,87543,87681
2025-12-23T12:00:00,2025-12-23T12:30:00,short,100,87635,87727
2025-12-23T12:30:00,2025-12-23T13:30:00,long,100,87727,87635
2025-12-23T13:30:00,2025-12-23T15:00:00,short,100,87635,86991
2025-12-23T15:00:00,2025-12-23T17:00:00,long,100,86991,87819
2025-12-23T17:00:00,2025-12-23T18:00:00,short,100,87819,87313
2025-12-23T18:00:00,2025-12-23T19:00:00,long,100,87313,87819
2025-12-23T19:00:00,2025-12-23T19:30:00,short,100,87819,87773
2025-12-23T20:30:00,2025-12-23T21:00:00,short,100,87635,87773
2025-12-23T21:00:00,2025-12-23T21:30:00,long,100,87819,87681
2025-12-23T21:30:00,2025-12-24T00:30:00,short,100,87681,87497
2025-12-24T00:30:00,2025-12-24T02:00:00,long,100,87543,87543
2025-12-24T02:00:00,2025-12-24T03:30:00,short,100,87497,87267
2025-12-24T03:30:00,2025-12-24T04:30:00,long,100,87267,87221
2025-12-24T04:30:00,2025-12-24T10:00:00,short,100,87129,86899
2025-12-24T10:00:00,2025-12-24T13:00:00,long,100,86899,87221
2025-12-24T14:30:00,2025-12-24T15:30:00,short,100,87175,86991
2025-12-24T15:30:00,2025-12-24T17:30:00,long,100,87037,87267
2025-12-24T18:00:00,2025-12-24T23:00:00,long,100,87405,87819
2025-12-24T23:00:00,2025-12-24T23:30:00,short,100,87819,87681
2025-12-25T00:00:00,2025-12-25T01:00:00,short,100,87543,87681
2025-12-25T01:00:00,2025-12-25T04:00:00,long,100,87727,87681
2025-12-25T04:00:00,2025-12-25T06:30:00,short,100,87681,87819
2025-12-25T06:30:00,2025-12-25T08:00:00,long,100,87819,87681
2025-12-25T08:00:00,2025-12-25T08:30:00,short,100,87681,87543
2025-12-25T08:30:00,2025-12-25T09:00:00,long,100,87589,87451
2025-12-25T09:00:00,2025-12-25T11:00:00,short,100,87451,87543
2025-12-25T11:00:00,2025-12-25T16:30:00,long,100,87543,88233
2025-12-25T16:30:00,2025-12-25T18:00:00,short,100,88233,88187
2025-12-25T19:00:00,2025-12-25T21:00:00,short,100,88095,87911
2025-12-25T21:00:00,2025-12-25T22:00:00,long,100,87957,87819
2025-12-25T22:00:00,2025-12-26T02:00:00,short,100,87819,87175
2025-12-26T02:00:00,2025-12-26T03:00:00,long,100,87175,89015
2025-12-26T03:00:00,2025-12-26T04:30:00,short,100,89015,88831
2025-12-26T04:30:00,2025-12-26T07:30:00,long,100,88969,89199
2025-12-26T07:30:00,2025-12-26T08:00:00,short,100,89199,88555
2025-12-26T08:00:00,2025-12-26T11:00:00,long,100,88555,88647
2025-12-26T11:00:00,2025-12-26T12:00:00,short,100,88555,88693
2025-12-26T12:00:00,2025-12-26T14:30:00,long,100,88693,88785
2025-12-26T14:30:00,2025-12-26T15:30:00,short,100,88739,87129
2025-12-26T15:30:00,2025-12-26T16:30:00,long,100,87129,87083
2025-12-26T16:30:00,2025-12-26T17:00:00,short,100,86899,86945
2025-12-26T17:00:00,2025-12-26T21:30:00,long,100,86945,87405
2025-12-26T22:30:00,2025-12-26T23:00:00,long,100,87543,87405
2025-12-26T23:00:00,2025-12-27T01:30:00,short,100,87405,87451
2025-12-27T07:00:00,2025-12-27T11:30:00,long,100,87543,87405
2025-12-27T11:30:00,2025-12-27T14:30:00,short,100,87405,87543
2025-12-27T14:30:00,2025-12-27T16:00:00,long,100,87543,87405
2025-12-27T16:00:00,2025-12-27T17:00:00,short,100,87405,87543
2025-12-27T17:00:00,2025-12-27T22:30:00,long,100,87543,87497
2025-12-27T22:30:00,2025-12-27T23:00:00,short,100,87497,87635
2025-12-27T23:00:00,2025-12-28T00:00:00,long,100,87635,87681
2025-12-28T00:00:00,2025-12-28T00:30:00,short,100,87681,87819
2025-12-28T00:30:00,2025-12-28T01:30:00,long,100,87819,87727
2025-12-28T01:30:00,2025-12-28T06:00:00,short,100,87727,87727
2025-12-28T08:30:00,2025-12-28T15:30:00,long,100,87773,87773
2025-12-28T15:30:00,2025-12-28T22:00:00,short,100,87773,87635
2025-12-28T22:30:00,2025-12-28T23:00:00,long,100,87681,87727
2025-12-28T23:00:00,2025-12-28T23:30:00,short,100,87681,87819
2025-12-28T23:30:00,2025-12-29T01:00:00,long,100,87819,88141
2025-12-29T01:00:00,2025-12-29T01:30:00,short,100,88141,88095
2025-12-29T01:30:00,2025-12-29T05:30:00,long,100,88187,89935
2025-12-29T05:30:00,2025-12-29T08:00:00,short,100,89935,89659
2025-12-29T08:00:00,2025-12-29T08:30:00,long,100,89751,89613
2025-12-29T08:30:00,2025-12-29T13:30:00,short,100,89613,87405
2025-12-29T13:30:00,2025-12-29T14:30:00,long,100,87405,87405
2025-12-29T15:00:00,2025-12-29T16:00:00,long,100,87543,87589
2025-12-29T16:00:00,2025-12-29T16:30:00,short,100,87497,87635
2025-12-29T16:30:00,2025-12-29T17:00:00,long,100,87635,87497
2025-12-29T17:00:00,2025-12-29T17:30:00,short,100,87497,87543
2025-12-29T17:30:00,2025-12-29T18:00:00,long,100,87543,87727
2025-12-29T18:00:00,2025-12-29T21:30:00,short,100,87681,87359
2025-12-29T21:30:00,2025-12-29T22:00:00,long,100,87359,87221
2025-12-29T22:00:00,2025-12-29T22:30:00,short,100,87221,87313
2025-12-29T22:30:00,2025-12-29T23:00:00,long,100,87313,87221
2025-12-29T23:00:00,2025-12-30T00:00:00,short,100,87175,87313
2025-12-30T00:00:00,2025-12-30T01:00:00,long,100,87313,87175
2025-12-30T01:30:00,2025-12-30T02:30:00,long,100,87313,87175
2025-12-30T02:30:00,2025-12-30T03:00:00,short,100,87129,87175
2025-12-30T03:00:00,2025-12-30T04:30:00,long,100,87175,87267
2025-12-30T06:00:00,2025-12-30T09:00:00,long,100,87405,87681
2025-12-30T09:00:00,2025-12-30T09:30:00,short,100,87681,87773
2025-12-30T09:30:00,2025-12-30T11:00:00,long,100,87865,87865
2025-12-30T11:00:00,2025-12-30T12:00:00,short,100,87865,88003
2025-12-30T13:00:00,2025-12-30T15:00:00,long,100,88049,88693
2025-12-30T15:00:00,2025-12-30T15:30:00,short,100,88693,88555
2025-12-30T15:30:00,2025-12-30T16:30:00,long,100,88693,89015
2025-12-30T16:30:00,2025-12-30T21:00:00,short,100,89015,88095
2025-12-30T21:00:00,2025-12-31T00:00:00,long,100,88095,88371
2025-12-31T00:30:00,2025-12-31T01:00:00,short,100,88279,88417
2025-12-31T01:00:00,2025-12-31T03:00:00,long,100,88417,88509
2025-12-31T03:00:00,2025-12-31T05:00:00,short,100,88509,88463
2025-12-31T07:30:00,2025-12-31T08:30:00,long,100,88509,88463
2025-12-31T08:30:00,2025-12-31T09:00:00,short,100,88463,88509
2025-12-31T09:00:00,2025-12-31T12:30:00,long,100,88555,88831
2025-12-31T12:30:00,2025-12-31T13:30:00,short,100,88831,88877
2025-12-31T13:30:00,2025-12-31T14:30:00,long,100,88969,88831
2025-12-31T14:30:00,2025-12-31T18:00:00,short,100,88831,87773
2025-12-31T18:00:00,2025-12-31T18:30:00,long,100,87773,87819
2025-12-31T18:30:00,2025-12-31T20:30:00,short,100,87681,87635
2025-12-31T20:30:00,2025-12-31T22:30:00,long,100,87635,87681
2026-01-01T00:00:00,2026-01-01T04:00:00,long,100,87773,87773
2026-01-01T04:00:00,2026-01-01T05:00:00,short,100,87727,87727
2026-01-01T06:30:00,2026-01-01T08:00:00,short,100,87589,87727
2026-01-01T08:00:00,2026-01-01T14:00:00,long,100,87727,87819
2026-01-01T14:30:00,2026-01-01T18:00:00,long,100,87957,88141
2026-01-01T18:00:00,2026-01-01T18:30:00,short,100,88141,88187
2026-01-01T19:30:00,2026-01-01T20:30:00,long,100,88279,88187
2026-01-01T20:30:00,2026-01-01T21:00:00,short,100,88187,88325
2026-01-01T21:00:00,2026-01-02T00:00:00,long,100,88371,88647
2026-01-02T00:00:00,2026-01-02T00:30:00,short,100,88647,88785
2026-01-02T01:00:00,2026-01-02T02:30:00,short,100,88693,88555
2026-01-02T02:30:00,2026-01-02T04:00:00,long,100,88647,88739
2026-01-02T04:00:00,2026-01-02T05:30:00,short,100,88739,88693
2026-01-02T05:30:00,2026-01-02T11:00:00,long,100,88739,89475
2026-01-02T11:00:00,2026-01-02T11:30:00,short,100,89475,89475
2026-01-02T12:30:00,2026-01-02T13:00:00,short,100,89337,89475
2026-01-02T13:30:00,2026-01-02T14:30:00,short,100,89383,89015
2026-01-02T14:30:00,2026-01-02T15:00:00,long,100,89015,89429
2026-01-02T15:00:00,2026-01-02T15:30:00,short,100,89383,89245
2026-01-02T15:30:00,2026-01-02T17:30:00,long,100,89291,90395
2026-01-02T17:30:00,2026-01-02T19:00:00,short,100,90395,89889
2026-01-02T19:00:00,2026-01-02T20:30:00,long,100,89935,89797
2026-01-02T20:30:00,2026-01-02T21:00:00,short,100,89751,89889
2026-01-02T21:00:00,2026-01-02T23:00:00,long,100,89889,89981
2026-01-02T23:00:00,2026-01-03T00:00:00,short,100,89935,90027
2026-01-03T00:00:00,2026-01-03T04:30:00,long,100,90027,90119
2026-01-03T04:30:00,2026-01-03T07:30:00,short,100,90119,89567
2026-01-03T07:30:00,2026-01-03T15:30:00,long,100,89567,89981
2026-01-03T15:30:00,2026-01-03T16:00:00,short,100,89935,90073
2026-01-03T16:00:00,2026-01-04T01:00:00,long,100,90073,91131
2026-01-04T01:00:00,2026-01-04T01:30:00,short,100,91131,91223
2026-01-04T02:30:00,2026-01-04T03:30:00,short,100,91085,91223
2026-01-04T04:30:00,2026-01-04T06:30:00,long,100,91361,91361
2026-01-04T06:30:00,2026-01-04T07:00:00,short,100,91361,91315
2026-01-04T07:30:00,2026-01-04T08:00:00,long,100,91407,91315
2026-01-04T08:00:00,2026-01-04T08:30:00,short,100,91315,91315
2026-01-04T08:30:00,2026-01-04T11:00:00,long,100,91361,91407
2026-01-04T11:00:00,2026-01-04T13:30:00,short,100,91407,91269
2026-01-04T16:00:00,2026-01-04T18:00:00,long,100,91315,91177
2026-01-04T18:00:00,2026-01-04T20:00:00,short,100,91177,91269
2026-01-04T20:00:00,2026-01-04T22:30:00,long,100,91269,91177
2026-01-04T22:30:00,2026-01-04T23:00:00,short,100,91177,91315
2026-01-04T23:00:00,2026-01-05T02:00:00,long,100,91315,92787
2026-01-05T02:00:00,2026-01-05T02:30:00,short,100,92787,92833
2026-01-05T02:30:00,2026-01-05T03:30:00,long,100,93017,92879
2026-01-05T03:30:00,2026-01-05T04:30:00,short,100,92879,92603
2026-01-05T05:00:00,2026-01-05T05:30:00,long,100,92649,92511
2026-01-05T05:30:00,2026-01-05T06:30:00,short,100,92511,92419
2026-01-05T06:30:00,2026-01-05T08:30:00,long,100,92419,92511
2026-01-05T08:30:00,2026-01-05T09:00:00,short,100,92465,92557
2026-01-05T09:00:00,2026-01-05T12:00:00,long,100,92557,92925
2026-01-05T12:00:00,2026-01-05T14:30:00,short,100,92925,92879
2026-01-05T14:30:00,2026-01-05T16:00:00,long,100,92971,93753
2026-01-05T16:00:00,2026-01-05T17:30:00,short,100,93753,93569
2026-01-05T17:30:00,2026-01-05T18:00:00,long,100,93661,94167
2026-01-05T18:00:00,2026-01-05T18:30:00,short,100,94167,94121
2026-01-05T18:30:00,2026-01-05T19:30:00,long,100,94259,94305
2026-01-05T19:30:00,2026-01-05T20:00:00,short,100,94305,94351
2026-01-05T20:00:00,2026-01-05T20:30:00,long,100,94443,94581
2026-01-05T20:30:00,2026-01-05T21:30:00,short,100,94581,93983
2026-01-05T21:30:00,2026-01-05T23:00:00,long,100,93983,94029
2026-01-05T23:00:00,2026-01-06T01:00:00,short,100,93937,93937
2026-01-06T01:00:00,2026-01-06T01:30:00,long,100,93937,93983
2026-01-06T01:30:00,2026-01-06T03:00:00,short,100,93937,93753
2026-01-06T03:00:00,2026-01-06T05:00:00,long,100,93753,93661
2026-01-06T05:30:00,2026-01-06T06:00:00,short,100,93615,93707
2026-01-06T06:00:00,2026-01-06T07:00:00,long,100,93707,93615
2026-01-06T07:00:00,2026-01-06T09:00:00,short,100,93569,93385
2026-01-06T09:00:00,2026-01-06T13:00:00,long,100,93385,93661
2026-01-06T14:00:00,2026-01-06T14:30:00,long,100,93799,94167
2026-01-06T14:30:00,2026-01-06T15:00:00,short,100,94167,93937
2026-01-06T15:00:00,2026-01-06T15:30:00,long,100,94029,93983
2026-01-06T15:30:00,2026-01-06T18:00:00,short,100,93983,91729
2026-01-06T18:00:00,2026-01-06T19:30:00,long,100,91729,92051
2026-01-06T20:00:00,2026-01-06T21:30:00,long,100,92189,93339
2026-01-06T21:30:00,2026-01-06T22:30:00,short,100,93339,93293
2026-01-06T23:00:00,2026-01-07T00:00:00,long,100,93431,93569
2026-01-07T00:00:00,2026-01-07T02:00:00,short,100,93569,92603
2026-01-07T02:00:00,2026-01-07T03:30:00,long,100,92603,92833
2026-01-07T03:30:00,2026-01-07T06:00:00,short,100,92741,92695
2026-01-07T06:00:00,2026-01-07T06:30:00,long,100,92695,92695
2026-01-07T06:30:00,2026-01-07T07:00:00,short,100,92649,92695
2026-01-07T07:00:00,2026-01-07T08:30:00,long,100,92695,92695
2026-01-07T08:30:00,2026-01-07T10:30:00,short,100,92649,91821
2026-01-07T10:30:00,2026-01-07T12:30:00,long,100,91821,91959
2026-01-07T13:00:00,2026-01-07T13:30:00,long,100,92097,92097
2026-01-07T13:30:00,2026-01-07T14:30:00,short,100,92051,91683
2026-01-07T14:30:00,2026-01-07T15:00:00,long,100,91683,91821
2026-01-07T15:00:00,2026-01-07T16:00:00,short,100,91729,91361
2026-01-07T16:00:00,2026-01-07T16:30:00,long,100,91361,91453
2026-01-07T16:30:00,2026-01-07T17:00:00,short,100,91361,91361
2026-01-07T17:00:00,2026-01-07T17:30:00,long,100,91361,91453
2026-01-07T17:30:00,2026-01-07T19:30:00,short,100,91407,91039
2026-01-07T19:30:00,2026-01-07T20:00:00,long,100,91039,91039
2026-01-07T20:00:00,2026-01-07T20:30:00,short,100,90947,90993
2026-01-07T20:30:00,2026-01-08T00:00:00,long,100,90993,91177
2026-01-08T00:00:00,2026-01-08T00:30:00,short,100,91131,91223
2026-01-08T00:30:00,2026-01-08T02:00:00,long,100,91223,91315
2026-01-08T02:00:00,2026-01-08T04:00:00,short,100,91315,90947
2026-01-08T04:00:00,2026-01-08T05:00:00,long,100,90993,90947
2026-01-08T05:30:00,2026-01-08T07:00:00,short,100,90901,90027
2026-01-08T07:00:00,2026-01-08T08:30:00,long,100,90027,90533
2026-01-08T08:30:00,2026-01-08T10:00:00,short,100,90487,90165
2026-01-08T10:00:00,2026-01-08T11:00:00,long,100,90211,90211
2026-01-08T11:00:00,2026-01-08T13:00:00,short,100,90165,90073
2026-01-08T13:00:00,2026-01-08T13:30:00,long,100,90073,89935
2026-01-08T13:30:00,2026-01-08T14:30:00,short,100,89935,89751
2026-01-08T14:30:00,2026-01-08T18:00:00,long,100,89751,91177
2026-01-08T18:00:00,2026-01-08T20:30:00,short,100,91177,90717
2026-01-08T20:30:00,2026-01-08T23:30:00,long,100,90763,91085
2026-01-08T23:30:00,2026-01-09T00:30:00,short,100,91039,91177
2026-01-09T00:30:00,2026-01-09T01:30:00,long,100,91223,91315
2026-01-09T01:30:00,2026-01-09T02:00:00,short,100,91315,91131
2026-01-09T02:00:00,2026-01-09T02:30:00,long,100,91177,91131
2026-01-09T02:30:00,2026-01-09T03:30:00,short,100,91131,91131
2026-01-09T03:30:00,2026-01-09T04:00:00,long,100,91131,91085
2026-01-09T04:00:00,2026-01-09T06:30:00,short,100,91085,91131
2026-01-09T06:30:00,2026-01-09T07:00:00,long,100,91131,90993
2026-01-09T07:00:00,2026-01-09T09:00:00,short,100,90993,90165
2026-01-09T09:00:00,2026-01-09T11:30:00,long,100,90165,90395
2026-01-09T12:00:00,2026-01-09T12:30:00,short,100,90303,90441
2026-01-09T12:30:00,2026-01-09T14:30:00,long,100,90441,90395
2026-01-09T14:30:00,2026-01-09T15:00:00,short,100,90395,90257
2026-01-09T15:00:00,2026-01-09T15:30:00,long,100,90303,91545
2026-01-09T15:30:00,2026-01-09T16:00:00,short,100,91545,91269
2026-01-09T16:00:00,2026-01-09T17:00:00,long,100,91361,91453
2026-01-09T17:00:00,2026-01-09T17:30:00,short,100,91407,91223
2026-01-09T17:30:00,2026-01-09T18:00:00,long,100,91269,91269
2026-01-09T18:00:00,2026-01-09T18:30:00,short,100,91223,90671
2026-01-09T18:30:00,2026-01-09T19:00:00,long,100,90671,90671
2026-01-09T19:00:00,2026-01-09T20:00:00,short,100,90533,90395
2026-01-09T20:00:00,2026-01-09T20:30:00,long,100,90395,90349
2026-01-09T20:30:00,2026-01-09T21:00:00,short,100,90257,90395
2026-01-09T21:00:00,2026-01-10T00:30:00,long,100,90395,90533
2026-01-10T01:00:00,2026-01-10T03:00:00,long,100,90671,90579
2026-01-10T03:00:00,2026-01-10T05:00:00,short,100,90579,90579
2026-01-10T06:30:00,2026-01-10T07:00:00,short,100,90441,90579
2026-01-10T07:00:00,2026-01-10T13:30:00,long,100,90579,90625
2026-01-10T14:30:00,2026-01-10T17:00:00,short,100,90579,90717
2026-01-10T17:00:00,2026-01-10T17:30:00,long,100,90717,90625
2026-01-10T17:30:00,2026-01-10T19:00:00,short,100,90625,90625
2026-01-10T21:00:00,2026-01-10T23:00:00,short,100,90487,90533
2026-01-10T23:00:00,2026-01-11T15:00:00,long,100,90533,90901
2026-01-11T15:00:00,2026-01-11T16:00:00,short,100,90901,90993
2026-01-11T16:00:00,2026-01-11T18:00:00,long,100,91039,90901
2026-01-11T18:00:00,2026-01-11T20:30:00,short,100,90901,90671
2026-01-11T21:30:00,2026-01-11T22:30:00,long,100,90717,90579
2026-01-11T22:30:00,2026-01-11T23:00:00,short,100,90579,90625
2026-01-11T23:00:00,2026-01-12T03:30:00,long,100,90625,92189
2026-01-12T03:30:00,2026-01-12T04:00:00,short,100,92189,91913
2026-01-12T04:00:00,2026-01-12T05:30:00,long,100,92005,92051
2026-01-12T05:30:00,2026-01-12T11:00:00,short,100,92051,90579
2026-01-12T11:00:00,2026-01-12T13:30:00,long,100,90579,90579
2026-01-12T14:00:00,2026-01-12T14:30:00,short,100,90395,90395
2026-01-12T14:30:00,2026-01-12T17:00:00,long,100,90395,92005
2026-01-12T17:00:00,2026-01-12T18:00:00,short,100,92005,91637
2026-01-12T18:00:00,2026-01-12T18:30:00,long,100,91683,91775
2026-01-12T18:30:00,2026-01-12T19:00:00,short,100,91729,91775
2026-01-12T19:00:00,2026-01-12T20:00:00,long,100,91821,91683
2026-01-12T20:00:00,2026-01-12T22:00:00,short,100,91683,91177
2026-01-12T22:00:00,2026-01-13T01:00:00,long,100,91177,91269
2026-01-13T01:30:00,2026-01-13T03:00:00,short,100,91177,91269
2026-01-13T03:00:00,2026-01-13T05:30:00,long,100,91269,91913
2026-01-13T05:30:00,2026-01-13T06:30:00,short,100,91913,92005
2026-01-13T06:30:00,2026-01-13T07:00:00,long,100,92143,92051
2026-01-13T07:00:00,2026-01-13T08:30:00,short,100,92051,92097
2026-01-13T08:30:00,2026-01-13T09:30:00,long,100,92189,92373
2026-01-13T09:30:00,2026-01-13T13:00:00,short,100,92373,92143
2026-01-13T13:30:00,2026-01-13T14:00:00,short,100,92005,92143
2026-01-13T14:00:00,2026-01-13T16:00:00,long,100,92143,93247
2026-01-13T16:00:00,2026-01-13T16:30:00,short,100,93247,93293
2026-01-13T17:30:00,2026-01-13T18:00:00,short,100,93247,93293
2026-01-13T18:00:00,2026-01-13T21:30:00,long,100,93385,94213
2026-01-13T21:30:00,2026-01-13T22:00:00,short,100,94213,94167
2026-01-13T22:00:00,2026-01-13T23:00:00,long,100,94305,95547
2026-01-13T23:00:00,2026-01-14T00:00:00,short,100,95547,95455
2026-01-14T00:30:00,2026-01-14T01:00:00,short,100,95317,95317
2026-01-14T01:00:00,2026-01-14T01:30:00,long,100,95363,95317
2026-01-14T01:30:00,2026-01-14T02:00:00,short,100,95317,95317
2026-01-14T02:00:00,2026-01-14T02:30:00,long,100,95363,95363
2026-01-14T02:30:00,2026-01-14T03:30:00,short,100,95317,95409
2026-01-14T03:30:00,2026-01-14T04:00:00,long,100,95409,95547
2026-01-14T04:00:00,2026-01-14T06:30:00,short,100,95547,94811
2026-01-14T06:30:00,2026-01-14T08:30:00,long,100,94811,94995
2026-01-14T08:30:00,2026-01-14T09:00:00,short,100,94903,94995
2026-01-14T09:00:00,2026-01-14T11:00:00,long,100,94995,94949
2026-01-14T11:00:00,2026-01-14T12:00:00,short,100,94903,94949
2026-01-14T12:00:00,2026-01-14T13:30:00,long,100,94949,94995
2026-01-14T13:30:00,2026-01-14T14:00:00,short,100,94949,95087
2026-01-14T14:00:00,2026-01-14T17:30:00,long,100,95087,97341
2026-01-14T17:30:00,2026-01-14T18:00:00,short,100,97341,97019
2026-01-14T18:30:00,2026-01-14T19:00:00,short,100,96881,96881
2026-01-14T19:00:00,2026-01-14T19:30:00,long,100,96881,97433
2026-01-14T19:30:00,2026-01-14T20:00:00,short,100,97433,97341
2026-01-14T20:30:00,2026-01-14T22:00:00,long,100,97433,97433
2026-01-14T22:00:00,2026-01-14T23:00:00,short,100,97433,96973
2026-01-14T23:00:00,2026-01-15T00:00:00,long,100,96973,96835
2026-01-15T00:00:00,2026-01-15T02:00:00,short,100,96789,96513
2026-01-15T02:00:00,2026-01-15T02:30:00,long,100,96513,96375
2026-01-15T03:00:00,2026-01-15T04:00:00,short,100,96237,96053
2026-01-15T04:00:00,2026-01-15T06:30:00,long,100,96053,96283
2026-01-15T06:30:00,2026-01-15T07:00:00,short,100,96191,96329
2026-01-15T07:00:00,2026-01-15T08:00:00,long,100,96329,96421
2026-01-15T08:00:00,2026-01-15T08:30:00,short,100,96375,96467
2026-01-15T08:30:00,2026-01-15T10:00:00,long,100,96513,96835
2026-01-15T10:00:00,2026-01-15T11:00:00,short,100,96835,96881
2026-01-15T11:30:00,2026-01-15T12:30:00,short,100,96743,96651
2026-01-15T12:30:00,2026-01-15T13:30:00,long,100,96697,96835
2026-01-15T13:30:00,2026-01-15T15:30:00,short,100,96789,96007
2026-01-15T15:30:00,2026-01-15T16:00:00,long,100,96007,96605
2026-01-15T16:00:00,2026-01-15T16:30:00,short,100,96605,96513
2026-01-15T16:30:00,2026-01-15T17:30:00,long,100,96605,96559
2026-01-15T17:30:00,2026-01-15T21:00:00,short,100,96559,95317
2026-01-15T21:00:00,2026-01-15T22:30:00,long,100,95317,95501
2026-01-16T00:00:00,2026-01-16T00:30:00,long,100,95639,95547
2026-01-16T02:00:00,2026-01-16T02:30:00,long,100,95685,95547
2026-01-16T02:30:00,2026-01-16T05:30:00,short,100,95547,95409
2026-01-16T05:30:00,2026-01-16T07:00:00,long,100,95455,95547
2026-01-16T08:00:00,2026-01-16T08:30:00,long,100,95685,95639
2026-01-16T08:30:00,2026-01-16T09:00:00,short,100,95639,95731
2026-01-16T09:00:00,2026-01-16T09:30:00,long,100,95731,95593
2026-01-16T09:30:00,2026-01-16T12:00:00,short,100,95593,95455
2026-01-16T12:00:00,2026-01-16T12:30:00,long,100,95501,95409
2026-01-16T14:00:00,2026-01-16T14:30:00,long,100,95547,95547
2026-01-16T14:30:00,2026-01-16T16:00:00,short,100,95501,94719
2026-01-16T16:00:00,2026-01-16T17:00:00,long,100,94719,94719
2026-01-16T17:30:00,2026-01-16T18:30:00,long,100,94857,94995
2026-01-16T18:30:00,2026-01-16T19:30:00,short,100,94949,94995
2026-01-16T20:00:00,2026-01-16T21:00:00,long,100,95041,95363
2026-01-16T21:00:00,2026-01-16T21:30:00,short,100,95363,95501
2026-01-16T22:00:00,2026-01-16T22:30:00,short,100,95363,95455
2026-01-17T01:30:00,2026-01-17T08:30:00,short,100,95363,95225
2026-01-17T10:30:00,2026-01-17T11:00:00,short,100,95087,95179
2026-01-17T11:00:00,2026-01-17T16:30:00,long,100,95179,95363
2026-01-17T16:30:00,2026-01-17T17:00:00,short,100,95317,95409
2026-01-17T17:00:00,2026-01-17T19:00:00,long,100,95409,95271
2026-01-17T19:00:00,2026-01-18T03:00:00,short,100,95271,95087
2026-01-18T03:00:00,2026-01-18T07:30:00,long,100,95133,94995
2026-01-18T07:30:00,2026-01-18T08:30:00,short,100,94995,95133
2026-01-18T08:30:00,2026-01-18T10:00:00,long,100,95133,95087
2026-01-18T13:00:00,2026-01-18T13:30:00,short,100,95041,95087
2026-01-18T13:30:00,2026-01-18T14:30:00,long,100,95087,94995
2026-01-18T14:30:00,2026-01-18T15:00:00,short,100,94995,95041
2026-01-18T15:00:00,2026-01-18T20:30:00,long,100,95041,95271
2026-01-18T20:30:00,2026-01-18T21:30:00,short,100,95225,95363
2026-01-18T21:30:00,2026-01-18T23:00:00,long,100,95363,95271
2026-01-18T23:00:00,2026-01-19T03:30:00,short,100,95271,92603
2026-01-19T03:30:00,2026-01-19T05:30:00,long,100,92603,92557
2026-01-19T07:00:00,2026-01-19T09:00:00,long,100,92603,93063
2026-01-19T09:00:00,2026-01-19T11:00:00,short,100,93063,93109
2026-01-19T12:00:00,2026-01-19T15:30:00,short,100,92971,92971
2026-01-19T15:30:00,2026-01-19T18:00:00,long,100,93017,93109
2026-01-19T18:00:00,2026-01-19T18:30:00,short,100,93109,93063
2026-01-19T20:00:00,2026-01-19T21:00:00,long,100,93109,93063
2026-01-19T21:00:00,2026-01-20T00:30:00,short,100,93063,92603
2026-01-20T00:30:00,2026-01-20T01:30:00,long,100,92603,92649
2026-01-20T02:00:00,2026-01-20T07:30:00,short,100,92557,91085
2026-01-20T07:30:00,2026-01-20T09:00:00,long,100,91085,91039
2026-01-20T10:00:00,2026-01-20T11:30:00,long,100,91131,91223
2026-01-20T12:00:00,2026-01-20T12:30:00,short,100,91131,91269
2026-01-20T12:30:00,2026-01-20T13:00:00,long,100,91269,91131
2026-01-20T13:00:00,2026-01-20T13:30:00,short,100,91131,90947
2026-01-20T13:30:00,2026-01-20T14:30:00,long,100,90947,90809
2026-01-20T14:30:00,2026-01-20T15:00:00,short,100,90809,90625
2026-01-20T15:00:00,2026-01-20T16:30:00,long,100,90625,90487
2026-01-20T16:30:00,2026-01-20T19:30:00,short,100,90441,89613
2026-01-20T19:30:00,2026-01-20T21:00:00,long,100,89613,89613
2026-01-20T22:30:00,2026-01-20T23:30:00,short,100,89429,88233
2026-01-20T23:30:00,2026-01-21T06:30:00,long,100,88233,89751
2026-01-21T06:30:00,2026-01-21T09:00:00,short,100,89751,89337
2026-01-21T09:00:00,2026-01-21T09:30:00,long,100,89383,89245
2026-01-21T09:30:00,2026-01-21T10:00:00,short,100,89245,89199
2026-01-21T10:00:00,2026-01-21T10:30:00,long,100,89199,89199
2026-01-21T11:00:00,2026-01-21T11:30:00,long,100,89337,89199
2026-01-21T11:30:00,2026-01-21T12:30:00,short,100,89153,88509
2026-01-21T12:30:00,2026-01-21T13:30:00,long,100,88509,88647
2026-01-21T14:00:00,2026-01-21T16:00:00,long,100,88739,90073
2026-01-21T16:00:00,2026-01-21T17:00:00,short,100,90073,87727
2026-01-21T17:00:00,2026-01-21T20:00:00,long,100,87727,90165
2026-01-21T20:00:00,2026-01-21T20:30:00,short,100,90165,89843
2026-01-21T20:30:00,2026-01-21T21:00:00,long,100,89935,90073
2026-01-21T21:00:00,2026-01-21T21:30:00,short,100,90027,90165
2026-01-21T21:30:00,2026-01-21T22:00:00,long,100,90165,90119
2026-01-21T22:00:00,2026-01-21T23:00:00,short,100,90119,89889
2026-01-21T23:00:00,2026-01-21T23:30:00,long,100,89935,89889
2026-01-21T23:30:00,2026-01-22T00:00:00,short,100,89843,89521
2026-01-22T00:00:00,2026-01-22T02:30:00,long,100,89521,90119
2026-01-22T02:30:00,2026-01-22T05:30:00,short,100,90119,90027
2026-01-22T06:30:00,2026-01-22T07:00:00,long,100,90119,89981
2026-01-22T07:00:00,2026-01-22T09:00:00,short,100,89981,89935
2026-01-22T09:00:00,2026-01-22T11:00:00,long,100,89981,89889
2026-01-22T11:00:00,2026-01-22T12:00:00,short,100,89889,90027
2026-01-22T12:00:00,2026-01-22T13:30:00,long,100,90027,89981
2026-01-22T13:30:00,2026-01-22T15:30:00,short,100,89981,88785
2026-01-22T15:30:00,2026-01-22T18:30:00,long,100,88785,89429
2026-01-22T18:30:00,2026-01-22T19:00:00,short,100,89429,89429
2026-01-22T19:30:00,2026-01-22T20:00:00,long,100,89521,89567
2026-01-22T20:00:00,2026-01-22T21:00:00,short,100,89567,89521
2026-01-22T21:30:00,2026-01-22T22:00:00,short,100,89429,89337
2026-01-22T22:00:00,2026-01-22T22:30:00,long,100,89383,89291
2026-01-22T23:00:00,2026-01-23T02:00:00,long,100,89429,89751
2026-01-23T02:00:00,2026-01-23T03:00:00,short,100,89751,89797
2026-01-23T03:00:00,2026-01-23T05:00:00,long,100,89889,89797
2026-01-23T05:00:00,2026-01-23T07:00:00,short,100,89797,89613
2026-01-23T07:30:00,2026-01-23T10:00:00,short,100,89475,89107
2026-01-23T10:00:00,2026-01-23T14:30:00,long,100,89107,89475
2026-01-23T14:30:00,2026-01-23T15:30:00,short,100,89429,89107
2026-01-23T15:30:00,2026-01-23T16:00:00,long,100,89107,89613
2026-01-23T16:00:00,2026-01-23T16:30:00,short,100,89613,89659
2026-01-23T16:30:00,2026-01-23T17:30:00,long,100,89751,90809
2026-01-23T17:30:00,2026-01-23T18:00:00,short,100,90809,90717
2026-01-23T18:00:00,2026-01-23T18:30:00,long,100,90855,90717
2026-01-23T18:30:00,2026-01-23T19:30:00,short,100,90717,89981
2026-01-23T19:30:00,2026-01-23T20:00:00,long,100,89981,89843
2026-01-23T20:30:00,2026-01-23T22:00:00,short,100,89705,89475
2026-01-23T22:00:00,2026-01-23T22:30:00,long,100,89475,89567
2026-01-24T00:00:00,2026-01-24T01:00:00,short,100,89429,89567
2026-01-24T01:00:00,2026-01-24T03:30:00,long,100,89567,89751
2026-01-24T03:30:00,2026-01-24T04:30:00,short,100,89705,89843
2026-01-24T04:30:00,2026-01-24T06:00:00,long,100,89843,89705
2026-01-24T06:00:00,2026-01-24T14:00:00,short,100,89705,89475
2026-01-24T15:00:00,2026-01-24T17:00:00,short,100,89337,89383
2026-01-24T17:00:00,2026-01-24T19:00:00,long,100,89383,89245
2026-01-24T20:00:00,2026-01-24T23:30:00,long,100,89383,89245
2026-01-24T23:30:00,2026-01-25T00:30:00,short,100,89199,89291
2026-01-25T00:30:00,2026-01-25T01:00:00,long,100,89291,89153
2026-01-25T01:00:00,2026-01-25T09:00:00,short,100,89153,88417
2026-01-25T09:00:00,2026-01-25T09:30:00,long,100,88417,88325
2026-01-25T10:00:00,2026-01-25T14:00:00,long,100,88463,88739
2026-01-25T14:00:00,2026-01-25T20:30:00,short,100,88693,86623
2026-01-25T20:30:00,2026-01-25T21:30:00,long,100,86623,86761
2026-01-25T21:30:00,2026-01-25T22:30:00,short,100,86623,86439
2026-01-25T22:30:00,2026-01-26T02:30:00,long,100,86439,87727
2026-01-26T02:30:00,2026-01-26T04:00:00,short,100,87727,87405
2026-01-26T04:00:00,2026-01-26T04:30:00,long,100,87497,87681
2026-01-26T05:00:00,2026-01-26T07:00:00,long,100,87819,87773
2026-01-26T07:00:00,2026-01-26T07:30:00,short,100,87773,87865
2026-01-26T07:30:00,2026-01-26T08:30:00,long,100,87911,88003
2026-01-26T08:30:00,2026-01-26T10:00:00,short,100,88003,87819
2026-01-26T10:00:00,2026-01-26T11:00:00,long,100,87865,87773
2026-01-26T11:00:00,2026-01-26T12:00:00,short,100,87773,87865
2026-01-26T12:00:00,2026-01-26T12:30:00,long,100,87865,87727
2026-01-26T12:30:00,2026-01-26T13:00:00,short,100,87727,87865
2026-01-26T13:00:00,2026-01-26T14:00:00,long,100,87865,87773
2026-01-26T14:00:00,2026-01-26T14:30:00,short,100,87773,87773
2026-01-26T14:30:00,2026-01-26T15:30:00,long,100,87773,88325
2026-01-26T15:30:00,2026-01-26T17:30:00,short,100,88325,87543
2026-01-26T17:30:00,2026-01-26T19:00:00,long,100,87543,88233
2026-01-26T19:00:00,2026-01-26T21:00:00,short,100,88233,87773
2026-01-26T21:00:00,2026-01-26T23:30:00,long,100,87819,88279
2026-01-26T23:30:00,2026-01-27T01:00:00,short,100,88279,88417
2026-01-27T01:30:00,2026-01-27T04:30:00,long,100,88463,88647
2026-01-27T04:30:00,2026-01-27T07:00:00,short,100,88647,88463
2026-01-27T07:30:00,2026-01-27T10:00:00,short,100,88371,88003
2026-01-27T10:00:00,2026-01-27T10:30:00,long,100,88003,87865
2026-01-27T10:30:00,2026-01-27T11:00:00,short,100,87819,87865
2026-01-27T11:00:00,2026-01-27T13:00:00,long,100,87865,87865
2026-01-27T13:00:00,2026-01-27T13:30:00,short,100,87773,87911
2026-01-27T13:30:00,2026-01-27T14:30:00,long,100,87911,88049
2026-01-27T14:30:00,2026-01-27T15:30:00,short,100,88003,87773
2026-01-27T15:30:00,2026-01-27T17:00:00,long,100,87819,88463
2026-01-27T17:00:00,2026-01-27T18:00:00,short,100,88463,87681
2026-01-27T18:00:00,2026-01-27T21:00:00,long,100,87681,89199
2026-01-27T21:00:00,2026-01-27T22:30:00,short,100,89199,89199
2026-01-27T23:00:00,2026-01-27T23:30:00,long,100,89383,89337
2026-01-27T23:30:00,2026-01-28T00:30:00,short,100,89337,89337
2026-01-28T00:30:00,2026-01-28T01:00:00,long,100,89429,89337
2026-01-28T01:00:00,2026-01-28T05:30:00,short,100,89337,89015
2026-01-28T05:30:00,2026-01-28T07:30:00,long,100,89061,89153
2026-01-28T07:30:00,2026-01-28T09:30:00,short,100,89107,89061
2026-01-28T09:30:00,2026-01-28T10:00:00,long,100,89107,89429
2026-01-28T10:00:00,2026-01-28T11:00:00,short,100,89429,89429
2026-01-28T11:30:00,2026-01-28T12:00:00,long,100,89521,89889
2026-01-28T12:00:00,2026-01-28T12:30:00,short,100,89889,89935
2026-01-28T13:00:00,2026-01-28T14:00:00,long,100,90073,90073
2026-01-28T14:00:00,2026-01-28T15:30:00,short,100,90073,89383
2026-01-28T15:30:00,2026-01-28T16:30:00,long,100,89383,89567
2026-01-28T17:30:00,2026-01-28T18:00:00,long,100,89705,90027
2026-01-28T18:00:00,2026-01-28T20:00:00,short,100,90027,89521
2026-01-28T20:00:00,2026-01-28T20:30:00,long,100,89521,89659
2026-01-28T20:30:00,2026-01-28T21:30:00,short,100,89567,89199
2026-01-28T21:30:00,2026-01-28T22:00:00,long,100,89199,89245
2026-01-28T22:30:00,2026-01-28T23:00:00,long,100,89383,89245
2026-01-29T00:00:00,2026-01-29T00:30:00,short,100,89199,89153
2026-01-29T00:30:00,2026-01-29T01:00:00,long,100,89153,89015
2026-01-29T01:00:00,2026-01-29T03:00:00,short,100,89015,88049
2026-01-29T03:00:00,2026-01-29T05:00:00,long,100,88049,88141
2026-01-29T06:00:00,2026-01-29T08:30:00,long,100,88279,88279
2026-01-29T08:30:00,2026-01-29T12:00:00,short,100,88233,87911
2026-01-29T12:00:00,2026-01-29T13:30:00,long,100,87911,88003
2026-01-29T14:00:00,2026-01-29T16:30:00,short,100,87911,84645
2026-01-29T16:30:00,2026-01-29T17:00:00,long,100,84645,85105
2026-01-29T17:00:00,2026-01-29T19:00:00,short,100,85059,83633
2026-01-29T19:00:00,2026-01-30T00:00:00,long,100,83633,84461
2026-01-30T00:00:00,2026-01-30T02:30:00,short,100,84461,81609
2026-01-30T02:30:00,2026-01-30T05:30:00,long,100,81609,83081
2026-01-30T05:30:00,2026-01-30T06:30:00,short,100,83081,82529
2026-01-30T06:30:00,2026-01-30T08:00:00,long,100,82529,82621
2026-01-30T09:00:00,2026-01-30T10:00:00,short,100,82529,82483
2026-01-30T10:00:00,2026-01-30T12:00:00,long,100,82483,82943
2026-01-30T12:00:00,2026-01-30T12:30:00,short,100,82943,82805
2026-01-30T13:00:00,2026-01-30T14:00:00,short,100,82667,82805
2026-01-30T14:00:00,2026-01-30T15:00:00,long,100,82805,82897
2026-01-30T15:00:00,2026-01-30T15:30:00,short,100,82851,82713
2026-01-30T15:30:00,2026-01-30T17:30:00,long,100,82759,83219
2026-01-30T17:30:00,2026-01-30T18:30:00,short,100,83219,82621
2026-01-30T18:30:00,2026-01-30T20:00:00,long,100,82621,84093
2026-01-30T20:00:00,2026-01-30T21:00:00,short,100,84093,84047
2026-01-30T21:00:00,2026-01-30T22:00:00,long,100,84185,84139
2026-01-30T22:00:00,2026-01-30T22:30:00,short,100,84139,84001
2026-01-30T22:30:00,2026-01-30T23:00:00,long,100,84047,84093
2026-01-30T23:00:00,2026-01-30T23:30:00,short,100,84047,84139
2026-01-30T23:30:00,2026-01-31T00:00:00,long,100,84139,84093
2026-01-31T00:00:00,2026-01-31T02:30:00,short,100,84093,84001
2026-01-31T02:30:00,2026-01-31T03:30:00,long,100,84047,84001
2026-01-31T03:30:00,2026-01-31T04:00:00,short,100,83955,84093
2026-01-31T04:00:00,2026-01-31T04:30:00,long,100,84093,84001
2026-01-31T04:30:00,2026-01-31T10:30:00,short,100,84001,83173
2026-01-31T10:30:00,2026-01-31T11:00:00,long,100,83173,83035
2026-01-31T12:30:00,2026-01-31T20:30:00,short,100,82897,77515
2026-01-31T20:30:00,2026-01-31T21:00:00,long,100,77515,77837
2026-01-31T21:30:00,2026-01-31T22:30:00,long,100,77929,78159
2026-01-31T22:30:00,2026-01-31T23:00:00,short,100,78159,78251
2026-01-31T23:00:00,2026-01-31T23:30:00,long,100,78297,78803
2026-01-31T23:30:00,2026-02-01T00:00:00,short,100,78803,78803
2026-02-01T00:00:00,2026-02-01T00:30:00,long,100,78941,78941
2026-02-01T00:30:00,2026-02-01T02:30:00,short,100,78941,78665
2026-02-01T02:30:00,2026-02-01T03:00:00,long,100,78711,78757
2026-02-01T03:00:00,2026-02-01T03:30:00,short,100,78711,78849
2026-02-01T03:30:00,2026-02-01T05:30:00,long,100,78849,78757
2026-02-01T05:30:00,2026-02-01T06:00:00,short,100,78757,78711
2026-02-01T06:30:00,2026-02-01T07:30:00,short,100,78573,78343
2026-02-01T07:30:00,2026-02-01T10:30:00,long,100,78343,78849
2026-02-01T10:30:00,2026-02-01T11:00:00,short,100,78849,78343
2026-02-01T11:00:00,2026-02-01T12:00:00,long,100,78343,78573
2026-02-01T12:00:00,2026-02-01T13:00:00,short,100,78527,78527
2026-02-01T13:00:00,2026-02-01T13:30:00,long,100,78573,78527
2026-02-01T13:30:00,2026-02-01T14:30:00,short,100,78527,77975
2026-02-01T14:30:00,2026-02-01T15:00:00,long,100,77975,78067
2026-02-01T15:00:00,2026-02-01T15:30:00,short,100,77975,77101
2026-02-01T15:30:00,2026-02-01T16:00:00,long,100,77101,77469
2026-02-01T17:30:00,2026-02-01T18:30:00,long,100,77607,77975
2026-02-01T18:30:00,2026-02-01T20:30:00,short,100,77975,76825
2026-02-01T20:30:00,2026-02-01T21:00:00,long,100,76825,76963
2026-02-01T21:30:00,2026-02-01T22:00:00,short,100,76825,76641
2026-02-01T22:00:00,2026-02-01T23:00:00,long,100,76641,77055
2026-02-01T23:00:00,2026-02-01T23:30:00,short,100,77009,76871
2026-02-01T23:30:00,2026-02-02T00:30:00,long,100,76917,77745
2026-02-02T00:30:00,2026-02-02T01:00:00,short,100,77745,77745
2026-02-02T01:30:00,2026-02-02T03:30:00,short,100,77653,75215
2026-02-02T03:30:00,2026-02-02T04:30:00,long,100,75215,76273
2026-02-02T04:30:00,2026-02-02T05:30:00,short,100,76273,75215
2026-02-02T05:30:00,2026-02-02T07:00:00,long,100,75215,76365
2026-02-02T07:00:00,2026-02-02T07:30:00,short,100,76365,76503
2026-02-02T08:00:00,2026-02-02T10:30:00,long,100,76687,77515
2026-02-02T10:30:00,2026-02-02T11:00:00,short,100,77515,77607
2026-02-02T12:00:00,2026-02-02T12:30:00,long,100,77837,77975
2026-02-02T12:30:00,2026-02-02T13:30:00,short,100,77975,78067
2026-02-02T13:30:00,2026-02-02T14:00:00,long,100,78205,78067
2026-02-02T14:00:00,2026-02-02T15:00:00,short,100,78067,77975
2026-02-02T15:00:00,2026-02-02T16:30:00,long,100,78067,78987
2026-02-02T16:30:00,2026-02-02T17:00:00,short,100,78987,78711
2026-02-02T17:00:00,2026-02-02T18:00:00,long,100,78803,78803
2026-02-02T18:00:00,2026-02-02T18:30:00,short,100,78757,78527
2026-02-02T18:30:00,2026-02-02T19:00:00,long,100,78527,78435
2026-02-02T19:30:00,2026-02-02T21:00:00,short,100,78389,78113
2026-02-02T21:00:00,2026-02-02T23:00:00,long,100,78113,78619
2026-02-02T23:00:00,2026-02-02T23:30:00,short,100,78619,78711
2026-02-03T00:00:00,2026-02-03T01:00:00,long,100,78757,78895
2026-02-03T01:00:00,2026-02-03T01:30:00,short,100,78895,78987
2026-02-03T02:00:00,2026-02-03T03:00:00,short,100,78895,77929
2026-02-03T03:00:00,2026-02-03T04:00:00,long,100,77929,78573
2026-02-03T04:00:00,2026-02-03T04:30:00,short,100,78573,78573
2026-02-03T04:30:00,2026-02-03T05:00:00,long,100,78665,78665
2026-02-03T05:00:00,2026-02-03T06:00:00,short,100,78665,78389
2026-02-03T06:00:00,2026-02-03T09:00:00,long,100,78435,78665
2026-02-03T09:00:00,2026-02-03T09:30:00,short,100,78619,78021
2026-02-03T09:30:00,2026-02-03T10:30:00,long,100,78021,78251
2026-02-03T10:30:00,2026-02-03T12:00:00,short,100,78159,78159
2026-02-03T12:00:00,2026-02-03T13:30:00,long,100,78205,78251
2026-02-03T14:00:00,2026-02-03T14:30:00,long,100,78389,78251
2026-02-03T14:30:00,2026-02-03T15:00:00,short,100,78251,77285
2026-02-03T15:00:00,2026-02-03T16:00:00,long,100,77285,77929
2026-02-03T16:00:00,2026-02-03T19:00:00,short,100,77929,73283
2026-02-03T19:00:00,2026-02-03T21:30:00,long,100,73283,76319
2026-02-03T21:30:00,2026-02-04T00:00:00,short,100,76319,75813
2026-02-04T00:00:00,2026-02-04T00:30:00,long,100,75859,75859
2026-02-04T01:00:00,2026-02-04T02:00:00,long,100,75997,76319
2026-02-04T02:00:00,2026-02-04T03:00:00,short,100,76319,76089
2026-02-04T03:00:00,2026-02-04T04:30:00,long,100,76135,76503
2026-02-04T04:30:00,2026-02-04T06:00:00,short,100,76503,76411
2026-02-04T06:00:00,2026-02-04T07:00:00,long,100,76503,76457
2026-02-04T07:00:00,2026-02-04T08:30:00,short,100,76457,76273
2026-02-04T08:30:00,2026-02-04T09:00:00,long,100,76319,76457
2026-02-04T09:00:00,2026-02-04T10:30:00,short,100,76411,76227
2026-02-04T10:30:00,2026-02-04T11:00:00,long,100,76273,76181
2026-02-04T11:00:00,2026-02-04T11:30:00,short,100,76135,75951
2026-02-04T11:30:00,2026-02-04T13:00:00,long,100,75951,75997
2026-02-04T13:00:00,2026-02-04T14:00:00,short,100,75905,75031
2026-02-04T14:00:00,2026-02-04T14:30:00,long,100,75031,75169
2026-02-04T14:30:00,2026-02-04T15:00:00,short,100,75031,74433
2026-02-04T15:00:00,2026-02-04T15:30:00,long,100,74433,74755
2026-02-04T15:30:00,2026-02-04T18:00:00,short,100,74709,72639
2026-02-04T18:00:00,2026-02-04T19:00:00,long,100,72639,73283
2026-02-04T19:00:00,2026-02-04T19:30:00,short,100,73283,73237
2026-02-04T19:30:00,2026-02-04T20:00:00,long,100,73329,73789
2026-02-04T20:00:00,2026-02-04T22:00:00,short,100,73789,72961
2026-02-04T22:00:00,2026-02-04T22:30:00,long,100,72961,73375
2026-02-04T22:30:00,2026-02-04T23:00:00,short,100,73329,72639
2026-02-04T23:00:00,2026-02-04T23:30:00,long,100,72639,73237
2026-02-04T23:30:00,2026-02-05T05:30:00,short,100,73237,70569
2026-02-05T05:30:00,2026-02-05T06:00:00,long,100,70569,70569
2026-02-05T06:30:00,2026-02-05T07:30:00,long,100,70615,71213
2026-02-05T07:30:00,2026-02-05T08:00:00,short,100,71213,70845
2026-02-05T08:00:00,2026-02-05T08:30:00,long,100,70891,71213
2026-02-05T08:30:00,2026-02-05T09:00:00,short,100,71213,71121
2026-02-05T09:00:00,2026-02-05T09:30:00,long,100,71167,71581
2026-02-05T09:30:00,2026-02-05T10:00:00,short,100,71581,71673
2026-02-05T10:30:00,2026-02-05T11:30:00,short,100,71581,70201
2026-02-05T11:30:00,2026-02-05T12:00:00,long,100,70201,70155
2026-02-05T12:00:00,2026-02-05T13:30:00,short,100,69971,69419
2026-02-05T13:30:00,2026-02-05T14:30:00,long,100,69419,69925
2026-02-05T14:30:00,2026-02-05T15:30:00,short,100,69879,66981
2026-02-05T15:30:00,2026-02-05T17:00:00,long,100,66981,68131
2026-02-05T17:00:00,2026-02-05T18:30:00,short,100,68131,65969
2026-02-05T18:30:00,2026-02-05T19:00:00,long,100,65969,66199
2026-02-05T19:00:00,2026-02-05T21:00:00,short,100,66107,63945
2026-02-05T21:00:00,2026-02-05T21:30:00,long,100,63945,63853
2026-02-05T21:30:00,2026-02-05T22:00:00,short,100,63623,63301
2026-02-05T22:00:00,2026-02-05T22:30:00,long,100,63301,63991
2026-02-05T22:30:00,2026-02-05T23:00:00,short,100,63991,63991
2026-02-05T23:00:00,2026-02-05T23:30:00,long,100,64083,64267
2026-02-05T23:30:00,2026-02-06T00:30:00,short,100,64267,61461
2026-02-06T00:30:00,2026-02-06T02:00:00,long,100,61461,65509
2026-02-06T02:00:00,2026-02-06T02:30:00,short,100,65509,64681
2026-02-06T02:30:00,2026-02-06T03:00:00,long,100,64681,64865
2026-02-06T03:00:00,2026-02-06T04:00:00,short,100,64773,64313
2026-02-06T04:00:00,2026-02-06T06:00:00,long,100,64313,66199
2026-02-06T06:00:00,2026-02-06T09:00:00,short,100,66199,64957
2026-02-06T09:00:00,2026-02-06T12:00:00,long,100,64957,66429
2026-02-06T12:00:00,2026-02-06T12:30:00,short,100,66429,66475
2026-02-06T13:00:00,2026-02-06T14:00:00,long,100,66659,67119
2026-02-06T14:00:00,2026-02-06T14:30:00,short,100,67119,67165
2026-02-06T14:30:00,2026-02-06T17:30:00,long,100,67349,70707
2026-02-06T17:30:00,2026-02-06T18:30:00,short,100,70707,69695
2026-02-06T18:30:00,2026-02-06T20:00:00,long,100,69695,70523
2026-02-06T20:00:00,2026-02-06T21:00:00,short,100,70523,70109
2026-02-06T21:00:00,2026-02-06T23:00:00,long,100,70155,71167
2026-02-06T23:00:00,2026-02-07T01:30:00,short,100,71167,70063
2026-02-07T01:30:00,2026-02-07T02:30:00,long,100,70063,70339
2026-02-07T03:00:00,2026-02-07T04:30:00,long,100,70431,70983
2026-02-07T04:30:00,2026-02-07T08:00:00,short,100,70983,68131
2026-02-07T08:00:00,2026-02-07T09:30:00,long,100,68131,68315
2026-02-07T09:30:00,2026-02-07T12:00:00,short,100,68177,68085
2026-02-07T12:00:00,2026-02-07T12:30:00,long,100,68085,69189
2026-02-07T12:30:00,2026-02-07T13:00:00,short,100,69189,69097
2026-02-07T13:00:00,2026-02-07T13:30:00,long,100,69235,69097
2026-02-07T13:30:00,2026-02-07T15:00:00,short,100,69097,68775
2026-02-07T15:00:00,2026-02-07T15:30:00,long,100,68821,69143
2026-02-07T15:30:00,2026-02-07T16:00:00,short,100,69097,69235
2026-02-07T16:00:00,2026-02-07T16:30:00,long,100,69281,69143
2026-02-07T16:30:00,2026-02-07T17:00:00,short,100,69143,69051
2026-02-07T17:00:00,2026-02-07T19:30:00,long,100,69097,69327
2026-02-07T19:30:00,2026-02-07T20:30:00,short,100,69327,69465
2026-02-07T20:30:00,2026-02-07T21:00:00,long,100,69465,69511
2026-02-07T21:00:00,2026-02-07T23:30:00,short,100,69511,69143
2026-02-07T23:30:00,2026-02-08T00:00:00,long,100,69189,69143
2026-02-08T00:00:00,2026-02-08T00:30:00,short,100,69097,69143
2026-02-08T00:30:00,2026-02-08T03:30:00,long,100,69143,69235
2026-02-08T03:30:00,2026-02-08T04:00:00,short,100,69189,69189
2026-02-08T04:00:00,2026-02-08T09:00:00,long,100,69235,70477
2026-02-08T09:00:00,2026-02-08T10:30:00,short,100,70477,70201
2026-02-08T11:00:00,2026-02-08T14:00:00,long,100,70293,71305
2026-02-08T14:00:00,2026-02-08T15:30:00,short,100,71305,71029
2026-02-08T15:30:00,2026-02-08T16:30:00,long,100,71121,71029
2026-02-08T16:30:00,2026-02-08T17:00:00,short,100,71029,70523
2026-02-08T17:00:00,2026-02-08T20:00:00,long,100,70523,71213
2026-02-08T20:00:00,2026-02-08T21:00:00,short,100,71213,70983
2026-02-08T21:30:00,2026-02-08T22:00:00,short,100,70845,70799
2026-02-08T22:00:00,2026-02-08T23:00:00,long,100,70799,70845
2026-02-08T23:00:00,2026-02-09T00:00:00,short,100,70799,70477
2026-02-09T00:00:00,2026-02-09T01:30:00,long,100,70477,70523
2026-02-09T01:30:00,2026-02-09T02:00:00,short,100,70431,70431
2026-02-09T02:00:00,2026-02-09T04:30:00,long,100,70431,71121
2026-02-09T04:30:00,2026-02-09T06:30:00,short,100,71121,70569
2026-02-09T06:30:00,2026-02-09T07:30:00,long,100,70569,70523
2026-02-09T07:30:00,2026-02-09T11:00:00,short,100,70431,68867
2026-02-09T11:00:00,2026-02-09T13:30:00,long,100,68867,69097
2026-02-09T13:30:00,2026-02-09T14:00:00,short,100,69005,68683
2026-02-09T14:00:00,2026-02-09T15:00:00,long,100,68683,69097
2026-02-09T15:00:00,2026-02-09T15:30:00,short,100,69051,69005
2026-02-09T15:30:00,2026-02-09T18:00:00,long,100,69051,70431
2026-02-09T18:00:00,2026-02-09T18:30:00,short,100,70431,70385
2026-02-09T19:00:00,2026-02-09T20:00:00,long,100,70523,70753
2026-02-09T20:00:00,2026-02-09T20:30:00,short,100,70753,70615
2026-02-09T20:30:00,2026-02-09T21:00:00,long,100,70707,70569
2026-02-09T21:00:00,2026-02-09T21:30:00,short,100,70569,70385
2026-02-09T23:00:00,2026-02-10T01:00:00,short,100,70247,69971
2026-02-10T01:00:00,2026-02-10T02:00:00,long,100,69971,70293
2026-02-10T02:00:00,2026-02-10T04:00:00,short,100,70247,69649
2026-02-10T04:00:00,2026-02-10T05:00:00,long,100,69649,69695
2026-02-10T05:00:00,2026-02-10T07:00:00,short,100,69603,69051
2026-02-10T07:00:00,2026-02-10T07:30:00,long,100,69051,68959
2026-02-10T08:00:00,2026-02-10T09:30:00,long,100,69005,69097
2026-02-10T10:30:00,2026-02-10T12:00:00,short,100,69005,68637
2026-02-10T12:00:00,2026-02-10T12:30:00,long,100,68637,68591
2026-02-10T13:00:00,2026-02-10T14:30:00,long,100,68683,69005
2026-02-10T14:30:00,2026-02-10T15:00:00,short,100,68959,68545
2026-02-10T15:00:00,2026-02-10T18:00:00,long,100,68545,69741
2026-02-10T18:00:00,2026-02-10T19:30:00,short,100,69741,69005
2026-02-10T19:30:00,2026-02-10T20:00:00,long,100,69005,68913
2026-02-10T20:00:00,2026-02-10T23:30:00,short,100,68821,68775
2026-02-10T23:30:00,2026-02-11T01:00:00,long,100,68775,69005
2026-02-11T01:00:00,2026-02-11T02:00:00,short,100,68959,69051
2026-02-11T02:00:00,2026-02-11T02:30:00,long,100,69051,68913
2026-02-11T02:30:00,2026-02-11T07:00:00,short,100,68913,66935
2026-02-11T07:00:00,2026-02-11T09:30:00,long,100,66935,66843
2026-02-11T10:30:00,2026-02-11T11:00:00,short,100,66613,66659
2026-02-11T11:00:00,2026-02-11T13:00:00,long,100,66659,67027
2026-02-11T13:00:00,2026-02-11T13:30:00,short,100,66981,67119
2026-02-11T13:30:00,2026-02-11T14:30:00,long,100,67119,67809
2026-02-11T14:30:00,2026-02-11T15:30:00,short,100,67809,66337
2026-02-11T15:30:00,2026-02-11T16:30:00,long,100,66337,66429
2026-02-11T16:30:00,2026-02-11T17:00:00,short,100,66291,66153
2026-02-11T17:00:00,2026-02-11T17:30:00,long,100,66153,66521
2026-02-11T17:30:00,2026-02-11T18:00:00,short,100,66475,66613
2026-02-11T18:00:00,2026-02-11T20:00:00,long,100,66613,67395
2026-02-11T20:00:00,2026-02-11T20:30:00,short,100,67395,67303
2026-02-11T20:30:00,2026-02-11T21:30:00,long,100,67441,67993
2026-02-11T21:30:00,2026-02-12T00:00:00,short,100,67993,67165
2026-02-12T00:00:00,2026-02-12T02:00:00,long,100,67165,67625
2026-02-12T02:00:00,2026-02-12T03:30:00,short,100,67579,67533
2026-02-12T03:30:00,2026-02-12T04:00:00,long,100,67579,67441
2026-02-12T04:00:00,2026-02-12T05:30:00,short,100,67441,67027
2026-02-12T05:30:00,2026-02-12T06:30:00,long,100,67027,67119
2026-02-12T07:00:00,2026-02-12T08:00:00,long,100,67211,67073
2026-02-12T08:00:00,2026-02-12T08:30:00,short,100,67073,67027
2026-02-12T08:30:00,2026-02-12T11:30:00,long,100,67027,68039
2026-02-12T11:30:00,2026-02-12T13:30:00,short,100,68039,67901
2026-02-12T13:30:00,2026-02-12T14:00:00,long,100,68039,68223
2026-02-12T14:00:00,2026-02-12T15:00:00,short,100,68223,67717
2026-02-12T15:00:00,2026-02-12T15:30:00,long,100,67717,67717
2026-02-12T15:30:00,2026-02-12T17:00:00,short,100,67625,66015
2026-02-12T17:00:00,2026-02-12T17:30:00,long,100,66015,66015
2026-02-12T17:30:00,2026-02-12T18:30:00,short,100,65831,65463
2026-02-12T18:30:00,2026-02-12T20:00:00,long,100,65463,65601
2026-02-12T20:00:00,2026-02-12T21:00:00,short,100,65509,65555
2026-02-12T21:00:00,2026-02-13T00:00:00,long,100,65555,66199
2026-02-13T00:00:00,2026-02-13T01:00:00,short,100,66199,66061
2026-02-13T01:00:00,2026-02-13T04:00:00,long,100,66153,66475
2026-02-13T04:00:00,2026-02-13T06:30:00,short,100,66475,66245
2026-02-13T06:30:00,2026-02-13T07:30:00,long,100,66291,66337
2026-02-13T07:30:00,2026-02-13T08:00:00,short,100,66291,66291
2026-02-13T08:00:00,2026-02-13T15:30:00,long,100,66337,68729
2026-02-13T15:30:00,2026-02-13T16:00:00,short,100,68729,68775
2026-02-13T16:00:00,2026-02-13T16:30:00,long,100,68959,68913
2026-02-13T16:30:00,2026-02-13T17:30:00,short,100,68913,69051
2026-02-13T19:30:00,2026-02-13T21:00:00,short,100,68913,68913
2026-02-13T23:30:00,2026-02-14T00:30:00,short,100,68821,68959
2026-02-14T00:30:00,2026-02-14T01:30:00,long,100,69005,68959
2026-02-14T01:30:00,2026-02-14T06:00:00,short,100,68959,68913
2026-02-14T07:30:00,2026-02-14T09:00:00,long,100,68959,69557
2026-02-14T09:00:00,2026-02-14T09:30:00,short,100,69557,69695
2026-02-14T10:00:00,2026-02-14T11:00:00,short,100,69557,69695
2026-02-14T11:00:00,2026-02-14T12:00:00,long,100,69833,70293
2026-02-14T12:00:00,2026-02-14T13:30:00,short,100,70293,69419
2026-02-14T13:30:00,2026-02-14T16:00:00,long,100,69419,69695
2026-02-14T16:00:00,2026-02-14T16:30:00,short,100,69603,69511
2026-02-14T16:30:00,2026-02-14T23:00:00,long,100,69557,69833
2026-02-14T23:00:00,2026-02-15T01:30:00,short,100,69787,69649
2026-02-15T01:30:00,2026-02-15T02:00:00,long,100,69695,69557
2026-02-15T02:00:00,2026-02-15T03:30:00,short,100,69557,69557
2026-02-15T03:30:00,2026-02-15T08:00:00,long,100,69557,70615
2026-02-15T08:00:00,2026-02-15T09:00:00,short,100,70615,70569
2026-02-15T09:30:00,2026-02-15T14:00:00,short,100,70477,69051
2026-02-15T14:00:00,2026-02-15T15:00:00,long,100,69051,69005
2026-02-15T15:00:00,2026-02-15T15:30:00,short,100,68821,68959
2026-02-15T15:30:00,2026-02-15T16:30:00,long,100,68959,68959
2026-02-15T17:30:00,2026-02-15T20:00:00,short,100,68867,68453
2026-02-15T20:00:00,2026-02-15T23:00:00,long,100,68453,68821
2026-02-15T23:00:00,2026-02-15T23:30:00,short,100,68775,68729
2026-02-15T23:30:00,2026-02-16T01:00:00,long,100,68775,68683
2026-02-16T01:00:00,2026-02-16T03:30:00,short,100,68683,68315
2026-02-16T03:30:00,2026-02-16T05:00:00,long,100,68315,68683
2026-02-16T05:00:00,2026-02-16T07:00:00,short,100,68637,68499
2026-02-16T07:00:00,2026-02-16T10:00:00,long,100,68545,68821
2026-02-16T10:00:00,2026-02-16T12:00:00,short,100,68821,68821
2026-02-16T12:00:00,2026-02-16T13:00:00,long,100,68867,69603
2026-02-16T13:00:00,2026-02-16T16:00:00,short,100,69603,67671
2026-02-16T16:00:00,2026-02-16T18:30:00,long,100,67671,67947
2026-02-16T18:30:00,2026-02-16T19:00:00,short,100,67855,67947
2026-02-16T19:00:00,2026-02-16T19:30:00,long,100,67947,67855
2026-02-16T19:30:00,2026-02-16T20:00:00,short,100,67855,67993
2026-02-16T20:00:00,2026-02-16T22:00:00,long,100,67993,68683
2026-02-16T22:00:00,2026-02-16T23:30:00,short,100,68683,68683
2026-02-16T23:30:00,2026-02-17T01:30:00,long,100,68821,68775
2026-02-17T01:30:00,2026-02-17T02:00:00,short,100,68775,68729
2026-02-17T02:00:00,2026-02-17T02:30:00,long,100,68821,68913
2026-02-17T02:30:00,2026-02-17T04:00:00,short,100,68913,68591
2026-02-17T04:30:00,2026-02-17T05:30:00,short,100,68453,68177
2026-02-17T05:30:00,2026-02-17T07:00:00,long,100,68177,68223
2026-02-17T07:30:00,2026-02-17T08:30:00,long,100,68315,68223
2026-02-17T08:30:00,2026-02-17T12:00:00,short,100,68177,67993
2026-02-17T12:00:00,2026-02-17T12:30:00,long,100,67993,67947
2026-02-17T12:30:00,2026-02-17T13:00:00,short,100,67901,67993
2026-02-17T13:00:00,2026-02-17T14:00:00,long,100,67993,67993
2026-02-17T14:30:00,2026-02-17T15:30:00,short,100,67947,66981
2026-02-17T15:30:00,2026-02-17T17:30:00,long,100,66981,67349
2026-02-17T17:30:00,2026-02-17T18:00:00,short,100,67303,67349
2026-02-17T18:00:00,2026-02-17T19:00:00,long,100,67395,67901
2026-02-17T19:00:00,2026-02-17T22:00:00,short,100,67901,67717
2026-02-17T22:30:00,2026-02-18T02:00:00,short,100,67579,67211
2026-02-18T02:00:00,2026-02-18T05:30:00,long,100,67211,67625
2026-02-18T05:30:00,2026-02-18T06:00:00,short,100,67579,67717
2026-02-18T06:00:00,2026-02-18T07:00:00,long,100,67717,67717
2026-02-18T07:00:00,2026-02-18T07:30:00,short,100,67717,67855
2026-02-18T07:30:00,2026-02-18T08:30:00,long,100,67901,68085
2026-02-18T08:30:00,2026-02-18T12:00:00,short,100,68085,67533
2026-02-18T12:00:00,2026-02-18T12:30:00,long,100,67533,67441
2026-02-18T12:30:00,2026-02-18T14:30:00,short,100,67395,67211
2026-02-18T14:30:00,2026-02-18T16:00:00,long,100,67211,67533
2026-02-18T16:00:00,2026-02-18T20:00:00,short,100,67487,66291
2026-02-18T20:00:00,2026-02-19T04:30:00,long,100,66291,66797
2026-02-19T04:30:00,2026-02-19T05:30:00,short,100,66751,66889
2026-02-19T06:00:00,2026-02-19T08:00:00,long,100,66935,67027
2026-02-19T08:00:00,2026-02-19T09:00:00,short,100,67027,67027
2026-02-19T09:00:00,2026-02-19T09:30:00,long,100,67119,66981
2026-02-19T09:30:00,2026-02-19T12:00:00,short,100,66981,66613
2026-02-19T12:00:00,2026-02-19T12:30:00,long,100,66613,66521
2026-02-19T12:30:00,2026-02-19T14:30:00,short,100,66475,66061
2026-02-19T14:30:00,2026-02-19T15:00:00,long,100,66061,66291
2026-02-19T15:00:00,2026-02-19T15:30:00,short,100,66199,66153
2026-02-19T15:30:00,2026-02-19T16:00:00,long,100,66199,66245
2026-02-19T16:00:00,2026-02-19T16:30:00,short,100,66199,66291
2026-02-19T16:30:00,2026-02-19T17:30:00,long,100,66291,66429
2026-02-19T17:30:00,2026-02-19T18:00:00,short,100,66429,66475
2026-02-19T18:00:00,2026-02-19T20:00:00,long,100,66521,66889
2026-02-19T20:00:00,2026-02-19T20:30:00,short,100,66889,67027
2026-02-19T20:30:00,2026-02-19T21:00:00,long,100,67119,67027
2026-02-19T21:00:00,2026-02-19T22:30:00,short,100,67027,66889
2026-02-19T23:00:00,2026-02-20T00:30:00,long,100,66981,67211
2026-02-20T00:30:00,2026-02-20T03:00:00,short,100,67211,67303
2026-02-20T03:00:00,2026-02-20T04:00:00,long,100,67349,67257
2026-02-20T04:00:00,2026-02-20T05:00:00,short,100,67257,67303
2026-02-20T05:00:00,2026-02-20T07:30:00,long,100,67395,67763
2026-02-20T07:30:00,2026-02-20T09:00:00,short,100,67763,67901
2026-02-20T09:00:00,2026-02-20T10:30:00,long,100,67993,68039
2026-02-20T10:30:00,2026-02-20T12:30:00,short,100,68039,67441
2026-02-20T12:30:00,2026-02-20T13:00:00,long,100,67441,67395
2026-02-20T13:00:00,2026-02-20T14:00:00,short,100,67303,66935
2026-02-20T14:00:00,2026-02-20T16:00:00,long,100,66935,67395
2026-02-20T16:00:00,2026-02-20T16:30:00,short,100,67349,67395
2026-02-20T16:30:00,2026-02-20T17:00:00,long,100,67441,67671
2026-02-20T17:00:00,2026-02-20T17:30:00,short,100,67671,67119
2026-02-20T17:30:00,2026-02-20T19:00:00,long,100,67119,67763
2026-02-20T19:00:00,2026-02-20T20:30:00,short,100,67763,67717
2026-02-20T22:00:00,2026-02-21T00:00:00,long,100,67809,67901
2026-02-21T00:00:00,2026-02-21T02:00:00,short,100,67901,67993
2026-02-21T02:00:00,2026-02-21T03:00:00,long,100,68039,67901
2026-02-21T03:00:00,2026-02-21T04:30:00,short,100,67901,67809
2026-02-21T08:00:00,2026-02-21T11:30:00,long,100,67855,68039
2026-02-21T12:00:00,2026-02-21T12:30:00,short,100,67993,68085
2026-02-21T12:30:00,2026-02-21T16:00:00,long,100,68131,68407
2026-02-21T16:00:00,2026-02-21T17:30:00,short,100,68407,68361
2026-02-21T17:30:00,2026-02-21T21:00:00,long,100,68453,68407
2026-02-21T21:00:00,2026-02-21T23:00:00,short,100,68407,68085
2026-02-21T23:30:00,2026-02-22T01:00:00,short,100,67947,67993
2026-02-22T01:00:00,2026-02-22T02:00:00,long,100,67993,67993
2026-02-22T02:30:00,2026-02-22T03:30:00,short,100,67901,68039
2026-02-22T03:30:00,2026-02-22T05:00:00,long,100,68039,67901
2026-02-22T05:00:00,2026-02-22T06:00:00,short,100,67901,68039
2026-02-22T06:00:00,2026-02-22T07:30:00,long,100,68039,67947
2026-02-22T10:00:00,2026-02-22T12:00:00,long,100,68085,68039
2026-02-22T12:30:00,2026-02-22T15:00:00,short,100,67993,67579
2026-02-22T15:00:00,2026-02-22T16:00:00,long,100,67579,67487
2026-02-22T16:30:00,2026-02-22T17:00:00,long,100,67625,67487
2026-02-22T17:30:00,2026-02-22T21:30:00,short,100,67395,67487
2026-02-22T21:30:00,2026-02-23T00:00:00,long,100,67487,67487
2026-02-23T00:30:00,2026-02-23T02:00:00,short,100,67395,64543
2026-02-23T02:00:00,2026-02-23T04:00:00,long,100,64543,64727
2026-02-23T05:00:00,2026-02-23T08:00:00,long,100,64865,65785
2026-02-23T08:00:00,2026-02-23T09:00:00,short,100,65785,65785
2026-02-23T09:30:00,2026-02-23T11:30:00,long,100,65923,66199
2026-02-23T11:30:00,2026-02-23T12:30:00,short,100,66199,66291
2026-02-23T13:00:00,2026-02-23T17:30:00,short,100,66153,64727
2026-02-23T17:30:00,2026-02-23T18:30:00,long,100,64727,64681
2026-02-23T19:00:00,2026-02-23T20:30:00,short,100,64497,64129
2026-02-23T20:30:00,2026-02-23T22:30:00,long,100,64129,64727
2026-02-23T22:30:00,2026-02-23T23:00:00,short,100,64727,64819
2026-02-23T23:30:00,2026-02-24T00:00:00,short,100,64681,64727
2026-02-24T00:00:00,2026-02-24T01:00:00,long,100,64819,64773
2026-02-24T01:00:00,2026-02-24T02:00:00,short,100,64773,64313
2026-02-24T02:00:00,2026-02-24T02:30:00,long,100,64313,64175
2026-02-24T02:30:00,2026-02-24T04:30:00,short,100,64129,63347
2026-02-24T04:30:00,2026-02-24T05:00:00,long,100,63347,63209
2026-02-24T05:00:00,2026-02-24T05:30:00,short,100,63025,62933
2026-02-24T05:30:00,2026-02-24T06:30:00,long,100,62933,63025
2026-02-24T07:00:00,2026-02-24T07:30:00,long,100,63163,63117
2026-02-24T08:00:00,2026-02-24T09:00:00,long,100,63255,63209
2026-02-24T09:00:00,2026-02-24T09:30:00,short,100,63209,63209
2026-02-24T09:30:00,2026-02-24T11:00:00,long,100,63255,63117
2026-02-24T11:00:00,2026-02-24T12:00:00,short,100,63117,63255
2026-02-24T12:00:00,2026-02-24T12:30:00,long,100,63255,63163
2026-02-24T12:30:00,2026-02-24T14:30:00,short,100,63163,63025
2026-02-24T14:30:00,2026-02-24T21:00:00,long,100,63071,64267
2026-02-24T21:00:00,2026-02-24T21:30:00,short,100,64267,63991
2026-02-24T22:00:00,2026-02-24T23:30:00,long,100,64083,63991
2026-02-24T23:30:00,2026-02-25T00:30:00,short,100,63991,64083
2026-02-25T00:30:00,2026-02-25T02:30:00,long,100,64083,65923
2026-02-25T02:30:00,2026-02-25T04:00:00,short,100,65923,65509
2026-02-25T04:00:00,2026-02-25T04:30:00,long,100,65555,65463
2026-02-25T04:30:00,2026-02-25T06:00:00,short,100,65463,65003
2026-02-25T06:00:00,2026-02-25T06:30:00,long,100,65003,64865
2026-02-25T07:00:00,2026-02-25T10:00:00,long,100,65003,65371
2026-02-25T10:00:00,2026-02-25T12:00:00,short,100,65325,65463
2026-02-25T12:00:00,2026-02-25T19:00:00,long,100,65463,69143
2026-02-25T19:00:00,2026-02-25T19:30:00,short,100,69143,69051
2026-02-25T20:00:00,2026-02-25T20:30:00,short,100,68913,68913
2026-02-25T20:30:00,2026-02-25T21:00:00,long,100,68959,69005
2026-02-25T21:00:00,2026-02-25T21:30:00,short,100,69005,68913
2026-02-25T22:30:00,2026-02-26T00:00:00,short,100,68775,68131
2026-02-26T00:00:00,2026-02-26T01:30:00,long,100,68131,68177
2026-02-26T02:00:00,2026-02-26T02:30:00,short,100,68039,68085
2026-02-26T02:30:00,2026-02-26T03:00:00,long,100,68085,68131
2026-02-26T03:00:00,2026-02-26T03:30:00,short,100,68039,68177
2026-02-26T03:30:00,2026-02-26T05:00:00,long,100,68177,68361
2026-02-26T05:00:00,2026-02-26T05:30:00,short,100,68315,68453
2026-02-26T05:30:00,2026-02-26T06:00:00,long,100,68453,68315
2026-02-26T06:00:00,2026-02-26T08:00:00,short,100,68315,67947
2026-02-26T08:00:00,2026-02-26T08:30:00,long,100,67947,67901
2026-02-26T09:00:00,2026-02-26T10:00:00,long,100,68039,68407
2026-02-26T10:00:00,2026-02-26T12:30:00,short,100,68407,68177
2026-02-26T13:30:00,2026-02-26T14:00:00,short,100,68039,67993
2026-02-26T14:00:00,2026-02-26T14:30:00,long,100,67993,67947
2026-02-26T14:30:00,2026-02-26T15:30:00,short,100,67901,67119
2026-02-26T15:30:00,2026-02-26T16:30:00,long,100,67119,67257
2026-02-26T16:30:00,2026-02-26T17:00:00,short,100,67119,66751
2026-02-26T17:00:00,2026-02-26T17:30:00,long,100,66751,66797
2026-02-26T18:30:00,2026-02-26T20:30:00,long,100,66935,67395
2026-02-26T20:30:00,2026-02-26T21:00:00,short,100,67395,67487
2026-02-26T22:00:00,2026-02-26T22:30:00,short,100,67349,67487
2026-02-26T22:30:00,2026-02-26T23:30:00,long,100,67579,67441
2026-02-26T23:30:00,2026-02-27T01:30:00,short,100,67441,67211
2026-02-27T01:30:00,2026-02-27T02:30:00,long,100,67257,67211
2026-02-27T03:00:00,2026-02-27T03:30:00,short,100,67165,67257
2026-02-27T03:30:00,2026-02-27T04:30:00,long,100,67257,67763
2026-02-27T04:30:00,2026-02-27T05:00:00,short,100,67763,67809
2026-02-27T05:30:00,2026-02-27T07:30:00,short,100,67671,67625
2026-02-27T07:30:00,2026-02-27T09:30:00,long,100,67671,67855
2026-02-27T09:30:00,2026-02-27T13:30:00,short,100,67855,66061
2026-02-27T13:30:00,2026-02-27T14:00:00,long,100,66061,66153
2026-02-27T14:30:00,2026-02-27T15:00:00,short,100,66015,66015
2026-02-27T15:00:00,2026-02-27T16:00:00,long,100,66015,65969
2026-02-27T16:30:00,2026-02-27T17:30:00,short,100,65877,65371
2026-02-27T17:30:00,2026-02-27T18:00:00,long,100,65371,65555
2026-02-27T18:30:00,2026-02-27T20:00:00,short,100,65463,65463
2026-02-27T20:00:00,2026-02-27T21:30:00,long,100,65463,65509
2026-02-27T22:00:00,2026-02-27T22:30:00,short,100,65463,65601
2026-02-27T22:30:00,2026-02-28T01:30:00,long,100,65601,65739
2026-02-28T01:30:00,2026-02-28T02:00:00,short,100,65739,65877
2026-02-28T02:00:00,2026-02-28T03:30:00,long,100,65877,65785
2026-02-28T03:30:00,2026-02-28T07:00:00,short,100,65785,63347
2026-02-28T07:00:00,2026-02-28T08:00:00,long,100,63347,63623
2026-02-28T08:30:00,2026-02-28T09:00:00,short,100,63531,63623
2026-02-28T09:00:00,2026-02-28T09:30:00,long,100,63623,63715
2026-02-28T09:30:00,2026-02-28T10:00:00,short,100,63669,63761
2026-02-28T10:00:00,2026-02-28T11:30:00,long,100,63807,64037
2026-02-28T11:30:00,2026-02-28T12:00:00,short,100,64037,63945
2026-02-28T13:30:00,2026-02-28T14:00:00,long,100,64037,64911
2026-02-28T14:00:00,2026-02-28T15:00:00,short,100,64911,64543
2026-02-28T15:00:00,2026-02-28T18:00:00,long,100,64589,65233
2026-02-28T18:00:00,2026-02-28T18:30:00,short,100,65233,65279
2026-02-28T18:30:00,2026-02-28T19:00:00,long,100,65417,65785
2026-02-28T19:00:00,2026-02-28T19:30:00,short,100,65785,65831
2026-02-28T19:30:00,2026-02-28T21:00:00,long,100,65969,66751
2026-02-28T21:00:00,2026-02-28T21:30:00,short,100,66751,66567
2026-02-28T21:30:00,2026-02-28T23:00:00,long,100,66659,66935
2026-02-28T23:00:00,2026-02-28T23:30:00,short,100,66935,66981
2026-03-01T00:00:00,2026-03-01T01:30:00,short,100,66843,66475
2026-03-01T01:30:00,2026-03-01T02:30:00,long,100,66475,67579
2026-03-01T02:30:00,2026-03-01T05:00:00,short,100,67579,67441
2026-03-01T05:30:00,2026-03-01T07:30:00,short,100,67303,67073
2026-03-01T07:30:00,2026-03-01T08:30:00,long,100,67073,67027
2026-03-01T08:30:00,2026-03-01T10:00:00,short,100,66981,66567
2026-03-01T10:00:00,2026-03-01T10:30:00,long,100,66567,66429
2026-03-01T11:00:00,2026-03-01T11:30:00,long,100,66567,66429
2026-03-01T12:30:00,2026-03-01T13:30:00,short,100,66337,66429
2026-03-01T13:30:00,2026-03-01T15:30:00,long,100,66429,66889
2026-03-01T15:30:00,2026-03-01T16:00:00,short,100,66889,66935
2026-03-01T16:00:00,2026-03-01T16:30:00,long,100,67027,66889
2026-03-01T16:30:00,2026-03-01T18:00:00,short,100,66889,66107
2026-03-01T18:00:00,2026-03-01T18:30:00,long,100,66107,66291
2026-03-01T19:00:00,2026-03-01T21:00:00,short,100,66199,65417
2026-03-01T21:00:00,2026-03-01T22:30:00,long,100,65417,65693
2026-03-01T22:30:00,2026-03-01T23:00:00,short,100,65601,65371
2026-03-01T23:00:00,2026-03-02T02:00:00,long,100,65371,66383
2026-03-02T02:00:00,2026-03-02T02:30:00,short,100,66383,66291
2026-03-02T03:00:00,2026-03-02T05:00:00,long,100,66429,66751
2026-03-02T05:00:00,2026-03-02T05:30:00,short,100,66751,66751
2026-03-02T06:00:00,2026-03-02T07:30:00,short,100,66613,65923
2026-03-02T07:30:00,2026-03-02T08:00:00,long,100,65923,65877
2026-03-02T08:00:00,2026-03-02T08:30:00,short,100,65739,65831
2026-03-02T08:30:00,2026-03-02T09:30:00,long,100,65831,66199
2026-03-02T09:30:00,2026-03-02T10:00:00,short,100,66153,66245
2026-03-02T11:00:00,2026-03-02T11:30:00,short,100,66107,66153
2026-03-02T11:30:00,2026-03-02T12:00:00,long,100,66199,66245
2026-03-02T12:00:00,2026-03-02T14:00:00,short,100,66245,65601
2026-03-02T14:00:00,2026-03-02T17:30:00,long,100,65601,69235
2026-03-02T17:30:00,2026-03-02T19:30:00,short,100,69235,68959
2026-03-02T21:00:00,2026-03-02T23:00:00,long,100,69051,69281
2026-03-02T23:00:00,2026-03-03T00:30:00,short,100,69281,68959
2026-03-03T00:30:00,2026-03-03T01:00:00,long,100,69005,68959
2026-03-03T01:00:00,2026-03-03T05:00:00,short,100,68913,68269
2026-03-03T05:00:00,2026-03-03T05:30:00,long,100,68269,68269
2026-03-03T05:30:00,2026-03-03T06:30:00,short,100,68131,68039
2026-03-03T06:30:00,2026-03-03T08:00:00,long,100,68039,68039
2026-03-03T08:00:00,2026-03-03T10:30:00,short,100,67947,66659
2026-03-03T10:30:00,2026-03-03T12:30:00,long,100,66659,67395
2026-03-03T12:30:00,2026-03-03T14:00:00,short,100,67395,67073
2026-03-03T14:00:00,2026-03-03T14:30:00,long,100,67119,66981
2026-03-03T14:30:00,2026-03-03T15:00:00,short,100,66981,66659
2026-03-03T15:00:00,2026-03-03T16:30:00,long,100,66659,68637
2026-03-03T16:30:00,2026-03-03T17:30:00,short,100,68637,68269
2026-03-03T17:30:00,2026-03-03T19:30:00,long,100,68315,68453
2026-03-03T19:30:00,2026-03-03T22:00:00,short,100,68407,68085
2026-03-03T22:00:00,2026-03-03T23:30:00,long,100,68085,68315
2026-03-03T23:30:00,2026-03-04T01:00:00,short,100,68269,68223
2026-03-04T01:30:00,2026-03-04T02:00:00,long,100,68269,68223
2026-03-04T02:00:00,2026-03-04T02:30:00,short,100,68223,68177
2026-03-04T02:30:00,2026-03-04T03:00:00,long,100,68223,68177
2026-03-04T03:00:00,2026-03-04T04:30:00,short,100,68131,67717
2026-03-04T04:30:00,2026-03-04T08:00:00,long,100,67717,69327
2026-03-04T08:00:00,2026-03-04T08:30:00,short,100,69327,69419
2026-03-04T08:30:00,2026-03-04T10:30:00,long,100,69649,71351
2026-03-04T10:30:00,2026-03-04T12:30:00,short,100,71351,70753
2026-03-04T12:30:00,2026-03-04T16:00:00,long,100,70753,73191
2026-03-04T16:00:00,2026-03-04T16:30:00,short,100,73191,73053
2026-03-04T16:30:00,2026-03-04T17:00:00,long,100,73191,73145
2026-03-04T17:00:00,2026-03-04T17:30:00,short,100,73145,73145
2026-03-04T17:30:00,2026-03-04T19:00:00,long,100,73191,73513
2026-03-04T19:00:00,2026-03-04T21:00:00,short,100,73513,73145
2026-03-04T21:30:00,2026-03-04T22:30:00,long,100,73191,73099
2026-03-04T22:30:00,2026-03-04T23:30:00,short,100,73053,72685
2026-03-04T23:30:00,2026-03-05T01:30:00,long,100,72685,72777
2026-03-05T01:30:00,2026-03-05T02:00:00,short,100,72685,72639
2026-03-05T02:00:00,2026-03-05T02:30:00,long,100,72639,72593
2026-03-05T02:30:00,2026-03-05T04:00:00,short,100,72547,72593
2026-03-05T04:00:00,2026-03-05T05:00:00,long,100,72593,72639
2026-03-05T05:00:00,2026-03-05T06:30:00,short,100,72593,72547
2026-03-05T06:30:00,2026-03-05T07:30:00,long,100,72547,72409
2026-03-05T07:30:00,2026-03-05T08:30:00,short,100,72409,71995
2026-03-05T08:30:00,2026-03-05T11:00:00,long,100,71995,73191
2026-03-05T11:00:00,2026-03-05T14:30:00,short,100,73191,72593
2026-03-05T14:30:00,2026-03-05T15:00:00,long,100,72593,72455
2026-03-05T15:00:00,2026-03-05T15:30:00,short,100,72455,71397
2026-03-05T15:30:00,2026-03-05T16:00:00,long,100,71397,71489
2026-03-05T16:00:00,2026-03-05T16:30:00,short,100,71351,71075
2026-03-05T16:30:00,2026-03-05T17:00:00,long,100,71075,71167
2026-03-05T17:00:00,2026-03-05T18:30:00,short,100,71075,70845
2026-03-05T18:30:00,2026-03-05T19:30:00,long,100,70845,70937
2026-03-05T19:30:00,2026-03-05T20:00:00,short,100,70845,70983
2026-03-05T20:00:00,2026-03-05T21:30:00,long,100,70983,71305
2026-03-05T21:30:00,2026-03-05T22:30:00,short,100,71305,71213
2026-03-05T23:30:00,2026-03-06T00:30:00,short,100,71075,70983
2026-03-06T01:00:00,2026-03-06T01:30:00,short,100,70845,70523
2026-03-06T01:30:00,2026-03-06T03:00:00,long,100,70523,71121
2026-03-06T03:00:00,2026-03-06T06:30:00,short,100,71121,70523
2026-03-06T06:30:00,2026-03-06T08:00:00,long,100,70523,70891
2026-03-06T08:30:00,2026-03-06T09:30:00,short,100,70845,70523
2026-03-06T09:30:00,2026-03-06T10:30:00,long,100,70569,70569
2026-03-06T10:30:00,2026-03-06T13:00:00,short,100,70523,70063
2026-03-06T13:00:00,2026-03-06T13:30:00,long,100,70063,69925
2026-03-06T13:30:00,2026-03-06T15:00:00,short,100,69833,68545
2026-03-06T15:00:00,2026-03-06T15:30:00,long,100,68545,68729
2026-03-06T15:30:00,2026-03-06T18:00:00,short,100,68591,68085
2026-03-06T18:00:00,2026-03-06T18:30:00,long,100,68085,68131
2026-03-06T20:00:00,2026-03-06T20:30:00,short,100,67993,67993
2026-03-06T20:30:00,2026-03-06T21:00:00,long,100,67993,67993
2026-03-06T21:30:00,2026-03-06T23:30:00,long,100,68085,68177
2026-03-06T23:30:00,2026-03-07T00:00:00,short,100,68131,68223
2026-03-07T00:00:00,2026-03-07T02:00:00,long,100,68223,68085
2026-03-07T02:00:00,2026-03-07T02:30:00,short,100,68085,68223
2026-03-07T02:30:00,2026-03-07T03:00:00,long,100,68223,68223
2026-03-07T03:00:00,2026-03-07T07:30:00,short,100,68223,67855
2026-03-07T07:30:00,2026-03-07T08:30:00,long,100,67855,67763
2026-03-07T09:00:00,2026-03-07T11:30:00,long,100,67901,67947
2026-03-07T13:30:00,2026-03-07T14:30:00,short,100,67901,67947
2026-03-07T14:30:00,2026-03-07T15:30:00,long,100,67947,67855
2026-03-07T15:30:00,2026-03-07T20:00:00,short,100,67855,67211
2026-03-07T20:00:00,2026-03-07T22:00:00,long,100,67211,67257
2026-03-07T23:00:00,2026-03-07T23:30:00,long,100,67349,67211
2026-03-08T00:00:00,2026-03-08T00:30:00,long,100,67349,67211
2026-03-08T00:30:00,2026-03-08T01:30:00,short,100,67165,67303
2026-03-08T01:30:00,2026-03-08T02:00:00,long,100,67303,67165
2026-03-08T02:00:00,2026-03-08T05:00:00,short,100,67165,66751
2026-03-08T05:00:00,2026-03-08T09:30:00,long,100,66751,67671
2026-03-08T09:30:00,2026-03-08T10:00:00,short,100,67671,67763
2026-03-08T10:00:00,2026-03-08T10:30:00,long,100,67901,67901
2026-03-08T10:30:00,2026-03-08T14:30:00,short,100,67901,67303
2026-03-08T14:30:00,2026-03-08T15:00:00,long,100,67303,67211
2026-03-08T15:00:00,2026-03-08T17:00:00,short,100,67119,66981
2026-03-08T17:00:00,2026-03-08T18:00:00,long,100,66981,66935
2026-03-08T18:30:00,2026-03-08T19:00:00,short,100,66843,66935
2026-03-08T19:00:00,2026-03-08T20:00:00,long,100,66935,67165
2026-03-08T20:00:00,2026-03-08T20:30:00,short,100,67119,67119
2026-03-08T20:30:00,2026-03-08T21:00:00,long,100,67165,67073
2026-03-08T21:00:00,2026-03-08T21:30:00,short,100,67073,67027
2026-03-08T22:00:00,2026-03-08T22:30:00,short,100,66889,66015
2026-03-08T22:30:00,2026-03-08T23:30:00,long,100,66015,66291
2026-03-08T23:30:00,2026-03-09T00:00:00,short,100,66199,66061
2026-03-09T00:00:00,2026-03-09T01:30:00,long,100,66061,66291
2026-03-09T01:30:00,2026-03-09T02:30:00,short,100,66245,66245
2026-03-09T02:30:00,2026-03-09T04:30:00,long,100,66291,67395
2026-03-09T04:30:00,2026-03-09T05:00:00,short,100,67395,67211
2026-03-09T05:00:00,2026-03-09T06:00:00,long,100,67303,67717
2026-03-09T06:00:00,2026-03-09T07:30:00,short,100,67717,67349
2026-03-09T07:30:00,2026-03-09T10:00:00,long,100,67395,67809
2026-03-09T10:00:00,2026-03-09T11:30:00,short,100,67809,67625
2026-03-09T11:30:00,2026-03-09T15:30:00,long,100,67671,68959
2026-03-09T15:30:00,2026-03-09T16:00:00,short,100,68959,68959
2026-03-09T17:00:00,2026-03-09T19:00:00,short,100,68821,68499
2026-03-09T19:00:00,2026-03-09T19:30:00,long,100,68545,69235
2026-03-09T19:30:00,2026-03-10T00:00:00,short,100,69235,68545
2026-03-10T00:00:00,2026-03-10T01:00:00,long,100,68545,68959
2026-03-10T01:00:00,2026-03-10T01:30:00,short,100,68913,69051
2026-03-10T01:30:00,2026-03-10T03:00:00,long,100,69051,70109
2026-03-10T03:00:00,2026-03-10T04:00:00,short,100,70109,69557
2026-03-10T04:00:00,2026-03-10T06:30:00,long,100,69557,69971
2026-03-10T06:30:00,2026-03-10T07:00:00,short,100,69925,70017
2026-03-10T07:00:00,2026-03-10T08:30:00,long,100,70063,70661
2026-03-10T08:30:00,2026-03-10T09:00:00,short,100,70661,70753
2026-03-10T09:00:00,2026-03-10T09:30:00,long,100,70891,71075
2026-03-10T09:30:00,2026-03-10T12:30:00,short,100,71075,70523
2026-03-10T12:30:00,2026-03-10T13:30:00,long,100,70523,70661
2026-03-10T13:30:00,2026-03-10T14:30:00,short,100,70569,69925
2026-03-10T14:30:00,2026-03-10T15:00:00,long,100,69925,71351
2026-03-10T15:00:00,2026-03-10T20:00:00,short,100,71351,70109
2026-03-10T20:00:00,2026-03-10T21:00:00,long,100,70109,70109
2026-03-10T21:00:00,2026-03-10T23:00:00,short,100,69925,69741
2026-03-10T23:00:00,2026-03-11T02:30:00,long,100,69741,69879
2026-03-11T02:30:00,2026-03-11T04:00:00,short,100,69787,69649
2026-03-11T04:00:00,2026-03-11T05:00:00,long,100,69649,69925
2026-03-11T05:00:00,2026-03-11T06:00:00,short,100,69879,69649
2026-03-11T06:00:00,2026-03-11T07:00:00,long,100,69695,69741
2026-03-11T07:30:00,2026-03-11T08:30:00,short,100,69695,69649
2026-03-11T08:30:00,2026-03-11T09:00:00,long,100,69649,69511
2026-03-11T09:00:00,2026-03-11T10:30:00,short,100,69511,69603
2026-03-11T10:30:00,2026-03-11T11:00:00,long,100,69603,69465
2026-03-11T11:00:00,2026-03-11T12:00:00,short,100,69465,69327
2026-03-11T12:00:00,2026-03-11T12:30:00,long,100,69327,69281
2026-03-11T13:00:00,2026-03-11T15:00:00,long,100,69419,70477
2026-03-11T15:00:00,2026-03-11T16:00:00,short,100,70477,70293
2026-03-11T16:00:00,2026-03-11T17:30:00,long,100,70385,71075
2026-03-11T17:30:00,2026-03-11T20:30:00,short,100,71075,70569
2026-03-11T20:30:00,2026-03-11T21:00:00,long,100,70615,70477
2026-03-11T21:30:00,2026-03-11T22:00:00,long,100,70615,70615
2026-03-11T22:00:00,2026-03-12T03:00:00,short,100,70569,69419
2026-03-12T03:00:00,2026-03-12T05:00:00,long,100,69419,69281
2026-03-12T05:30:00,2026-03-12T09:00:00,long,100,69327,69695
2026-03-12T09:00:00,2026-03-12T09:30:00,short,100,69649,69787
2026-03-12T09:30:00,2026-03-12T12:30:00,long,100,69787,70339
2026-03-12T12:30:00,2026-03-12T15:00:00,short,100,70339,69695
2026-03-12T15:00:00,2026-03-12T16:00:00,long,100,69695,70155
2026-03-12T16:00:00,2026-03-12T16:30:00,short,100,70109,70155
2026-03-12T16:30:00,2026-03-12T17:30:00,long,100,70247,70201
2026-03-12T17:30:00,2026-03-12T19:00:00,short,100,70201,69971
2026-03-12T19:00:00,2026-03-12T20:00:00,long,100,70017,70247
2026-03-12T20:30:00,2026-03-12T21:00:00,short,100,70201,70293
2026-03-12T22:00:00,2026-03-12T23:00:00,short,100,70155,70247
2026-03-12T23:00:00,2026-03-13T02:00:00,long,100,70293,71489
2026-03-13T02:00:00,2026-03-13T03:30:00,short,100,71489,71259
2026-03-13T03:30:00,2026-03-13T04:00:00,long,100,71351,71259
2026-03-13T04:00:00,2026-03-13T04:30:00,short,100,71259,71397
2026-03-13T04:30:00,2026-03-13T06:00:00,long,100,71397,71351
2026-03-13T06:00:00,2026-03-13T06:30:00,short,100,71351,71351
2026-03-13T07:00:00,2026-03-13T11:00:00,long,100,71397,72271
2026-03-13T11:00:00,2026-03-13T12:00:00,short,100,72271,72363
2026-03-13T12:30:00,2026-03-13T14:30:00,long,100,72547,73513
2026-03-13T14:30:00,2026-03-13T15:00:00,short,100,73513,72455
2026-03-13T15:00:00,2026-03-13T15:30:00,long,100,72455,72317
2026-03-13T15:30:00,2026-03-13T16:30:00,short,100,72133,71535
2026-03-13T16:30:00,2026-03-13T17:00:00,long,100,71535,71719
2026-03-13T17:00:00,2026-03-13T18:00:00,short,100,71627,71167
2026-03-13T18:00:00,2026-03-13T18:30:00,long,100,71167,71075
2026-03-13T19:30:00,2026-03-13T21:00:00,long,100,71121,71167
2026-03-13T21:30:00,2026-03-13T22:30:00,short,100,71075,70799
2026-03-13T22:30:00,2026-03-14T00:30:00,long,100,70799,70753
2026-03-14T00:30:00,2026-03-14T01:00:00,short,100,70661,70707
2026-03-14T01:00:00,2026-03-14T04:30:00,long,100,70707,70983
2026-03-14T05:00:00,2026-03-14T05:30:00,long,100,71121,70983
2026-03-14T05:30:00,2026-03-14T11:00:00,short,100,70983,70615
2026-03-14T11:00:00,2026-03-14T14:30:00,long,100,70615,70707
2026-03-14T14:30:00,2026-03-14T17:00:00,short,100,70615,70707
2026-03-14T17:00:00,2026-03-14T17:30:00,long,100,70707,70615
2026-03-14T17:30:00,2026-03-14T19:30:00,short,100,70615,70707
2026-03-14T19:30:00,2026-03-15T00:00:00,long,100,70707,71029
2026-03-15T00:00:00,2026-03-15T02:00:00,short,100,71029,71075
2026-03-15T02:00:00,2026-03-15T03:00:00,long,100,71167,71259
2026-03-15T03:00:00,2026-03-15T04:00:00,short,100,71259,71397
2026-03-15T04:00:00,2026-03-15T05:30:00,long,100,71443,71443
2026-03-15T05:30:00,2026-03-15T07:00:00,short,100,71443,71581
2026-03-15T07:30:00,2026-03-15T08:00:00,short,100,71443,71535
2026-03-15T08:30:00,2026-03-15T11:00:00,long,100,71627,71673
2026-03-15T11:00:00,2026-03-15T11:30:00,short,100,71673,71765
2026-03-15T11:30:00,2026-03-15T12:00:00,long,100,71811,71673
2026-03-15T12:00:00,2026-03-15T14:30:00,short,100,71673,71581
2026-03-15T14:30:00,2026-03-15T15:00:00,long,100,71627,71489
2026-03-15T15:00:00,2026-03-15T17:30:00,short,100,71489,71535
2026-03-15T17:30:00,2026-03-15T18:00:00,long,100,71535,71673
2026-03-15T18:30:00,2026-03-15T19:00:00,short,100,71627,71535
2026-03-15T20:30:00,2026-03-15T22:00:00,long,100,71581,71903
2026-03-15T22:00:00,2026-03-15T22:30:00,short,100,71903,72041
2026-03-15T22:30:00,2026-03-15T23:00:00,long,100,72041,72593
2026-03-15T23:00:00,2026-03-15T23:30:00,short,100,72593,72593
2026-03-15T23:30:00,2026-03-16T00:00:00,long,100,72731,72685
2026-03-16T00:00:00,2026-03-16T01:00:00,short,100,72685,72593
2026-03-16T01:30:00,2026-03-16T02:00:00,long,100,72685,72593
2026-03-16T02:00:00,2026-03-16T03:00:00,short,100,72593,72547
2026-03-16T03:00:00,2026-03-16T06:00:00,long,100,72593,74019
2026-03-16T06:00:00,2026-03-16T07:00:00,short,100,74019,73789
2026-03-16T07:30:00,2026-03-16T09:00:00,short,100,73697,73283
2026-03-16T09:00:00,2026-03-16T11:00:00,long,100,73283,73605
2026-03-16T11:00:00,2026-03-16T12:00:00,short,100,73559,73651
2026-03-16T12:00:00,2026-03-16T14:00:00,long,100,73651,73927
2026-03-16T14:00:00,2026-03-16T15:00:00,short,100,73927,73697
2026-03-16T15:00:00,2026-03-16T15:30:00,long,100,73743,73697
2026-03-16T15:30:00,2026-03-16T16:00:00,short,100,73697,73375
2026-03-16T16:00:00,2026-03-16T18:30:00,long,100,73375,74065
2026-03-16T18:30:00,2026-03-16T19:00:00,short,100,74065,74019
2026-03-16T19:00:00,2026-03-16T19:30:00,long,100,74111,73973
2026-03-16T19:30:00,2026-03-16T20:30:00,short,100,73973,74065
2026-03-16T20:30:00,2026-03-16T23:00:00,long,100,74111,74571
2026-03-16T23:00:00,2026-03-16T23:30:00,short,100,74571,74709
2026-03-16T23:30:00,2026-03-17T01:30:00,long,100,74801,75767
2026-03-17T01:30:00,2026-03-17T05:00:00,short,100,75767,74387
2026-03-17T05:00:00,2026-03-17T05:30:00,long,100,74387,74249
2026-03-17T05:30:00,2026-03-17T06:00:00,short,100,74019,74111
2026-03-17T06:00:00,2026-03-17T06:30:00,long,100,74111,74065
2026-03-17T07:00:00,2026-03-17T07:30:00,long,100,74157,74249
2026-03-17T09:30:00,2026-03-17T11:00:00,short,100,74157,73881
2026-03-17T11:00:00,2026-03-17T12:00:00,long,100,73881,73881
2026-03-17T12:00:00,2026-03-17T14:00:00,short,100,73789,73743
2026-03-17T14:00:00,2026-03-17T15:00:00,long,100,73743,74203
2026-03-17T15:00:00,2026-03-17T16:00:00,short,100,74203,74065
2026-03-17T16:00:00,2026-03-17T18:00:00,long,100,74157,74341
2026-03-17T18:00:00,2026-03-17T18:30:00,short,100,74341,74479
2026-03-17T18:30:00,2026-03-17T19:30:00,long,100,74479,74525
2026-03-17T19:30:00,2026-03-17T20:00:00,short,100,74525,74571
2026-03-17T20:00:00,2026-03-17T20:30:00,long,100,74663,74525
2026-03-17T20:30:00,2026-03-17T21:00:00,short,100,74525,74571
2026-03-17T21:30:00,2026-03-17T22:00:00,long,100,74617,74479
2026-03-17T22:00:00,2026-03-18T00:30:00,short,100,74479,73881
2026-03-18T00:30:00,2026-03-18T04:00:00,long,100,73881,74341
2026-03-18T04:00:00,2026-03-18T06:00:00,short,100,74295,74065
2026-03-18T06:00:00,2026-03-18T06:30:00,long,100,74111,74019
2026-03-18T06:30:00,2026-03-18T08:00:00,short,100,73973,73973
2026-03-18T08:00:00,2026-03-18T10:30:00,long,100,73973,73973
2026-03-18T10:30:00,2026-03-18T15:00:00,short,100,73927,71305
2026-03-18T15:00:00,2026-03-18T16:00:00,long,100,71305,71305
2026-03-18T16:30:00,2026-03-18T18:30:00,long,100,71305,71489
2026-03-18T18:30:00,2026-03-18T19:00:00,short,100,71443,71167
2026-03-18T19:00:00,2026-03-18T19:30:00,long,100,71167,71121
2026-03-18T19:30:00,2026-03-18T20:30:00,short,100,71075,71121
2026-03-18T20:30:00,2026-03-18T22:00:00,long,100,71121,71075
2026-03-18T22:00:00,2026-03-18T22:30:00,short,100,71029,71167
2026-03-18T22:30:00,2026-03-19T00:30:00,long,100,71167,71121
2026-03-19T00:30:00,2026-03-19T01:00:00,short,100,71075,71075
2026-03-19T01:00:00,2026-03-19T02:30:00,long,100,71075,71075
2026-03-19T02:30:00,2026-03-19T03:00:00,short,100,71029,71121
2026-03-19T03:00:00,2026-03-19T03:30:00,long,100,71121,71351
2026-03-19T03:30:00,2026-03-19T05:30:00,short,100,71351,70845
2026-03-19T05:30:00,2026-03-19T06:00:00,long,100,70845,70707
2026-03-19T06:00:00,2026-03-19T07:30:00,short,100,70661,69925
2026-03-19T07:30:00,2026-03-19T08:00:00,long,100,69925,70017
2026-03-19T09:00:00,2026-03-19T10:30:00,long,100,70109,70293
2026-03-19T10:30:00,2026-03-19T13:30:00,short,100,70247,69419
2026-03-19T13:30:00,2026-03-19T14:00:00,long,100,69419,69741
2026-03-19T14:00:00,2026-03-19T14:30:00,short,100,69695,69235
2026-03-19T14:30:00,2026-03-19T15:00:00,long,100,69235,69327
2026-03-19T15:00:00,2026-03-19T15:30:00,short,100,69235,69281
2026-03-19T15:30:00,2026-03-19T18:00:00,long,100,69281,69649
2026-03-19T18:00:00,2026-03-19T18:30:00,short,100,69649,69741
2026-03-19T18:30:00,2026-03-19T21:30:00,long,100,69787,70339
2026-03-19T21:30:00,2026-03-20T00:00:00,short,100,70339,70063
2026-03-20T00:30:00,2026-03-20T02:00:00,long,100,70155,70201
2026-03-20T02:30:00,2026-03-20T04:30:00,long,100,70339,70753
2026-03-20T04:30:00,2026-03-20T07:30:00,short,100,70753,70569
2026-03-20T07:30:00,2026-03-20T08:30:00,long,100,70661,71075
2026-03-20T08:30:00,2026-03-20T10:30:00,short,100,71075,70477
2026-03-20T10:30:00,2026-03-20T11:30:00,long,100,70477,70523
2026-03-20T11:30:00,2026-03-20T13:00:00,short,100,70431,70477
2026-03-20T13:00:00,2026-03-20T13:30:00,long,100,70477,70339
2026-03-20T13:30:00,2026-03-20T15:30:00,short,100,70339,69879
2026-03-20T15:30:00,2026-03-20T16:30:00,long,100,69879,69833
2026-03-20T17:00:00,2026-03-20T17:30:00,short,100,69695,69787
2026-03-20T17:30:00,2026-03-20T18:00:00,long,100,69787,69879
2026-03-20T18:00:00,2026-03-20T18:30:00,short,100,69787,69741
2026-03-20T18:30:00,2026-03-20T20:00:00,long,100,69741,69971
2026-03-20T20:00:00,2026-03-20T20:30:00,short,100,69925,70063
2026-03-20T20:30:00,2026-03-20T23:00:00,long,100,70063,70569
2026-03-20T23:00:00,2026-03-21T00:00:00,short,100,70569,70569
2026-03-21T01:30:00,2026-03-21T02:00:00,short,100,70523,70569
2026-03-21T02:00:00,2026-03-21T04:30:00,long,100,70661,70569
2026-03-21T04:30:00,2026-03-21T05:00:00,short,100,70569,70707
2026-03-21T05:00:00,2026-03-21T05:30:00,long,100,70707,70661
2026-03-21T05:30:00,2026-03-21T06:00:00,short,100,70661,70799
2026-03-21T06:00:00,2026-03-21T07:30:00,long,100,70799,70707
2026-03-21T07:30:00,2026-03-21T09:30:00,short,100,70707,70661
2026-03-21T10:00:00,2026-03-21T11:30:00,short,100,70523,70661
2026-03-21T11:30:00,2026-03-21T14:30:00,long,100,70661,70753
2026-03-21T14:30:00,2026-03-21T19:00:00,short,100,70707,70431
2026-03-21T21:00:00,2026-03-22T01:00:00,short,100,70293,69005
2026-03-22T01:00:00,2026-03-22T04:00:00,long,100,69005,69235
2026-03-22T04:30:00,2026-03-22T05:00:00,long,100,69373,69235
2026-03-22T05:00:00,2026-03-22T08:30:00,short,100,69189,68729
2026-03-22T08:30:00,2026-03-22T09:00:00,long,100,68729,68637
2026-03-22T09:30:00,2026-03-22T10:00:00,long,100,68729,68683
2026-03-22T11:00:00,2026-03-22T12:00:00,short,100,68591,68361
2026-03-22T12:00:00,2026-03-22T14:30:00,long,100,68361,68637
2026-03-22T15:00:00,2026-03-22T15:30:00,long,100,68775,68775
2026-03-22T15:30:00,2026-03-22T17:00:00,short,100,68775,68821
2026-03-22T17:30:00,2026-03-22T20:00:00,short,100,68683,68315
2026-03-22T20:00:00,2026-03-22T20:30:00,long,100,68315,68177
2026-03-22T20:30:00,2026-03-22T22:00:00,short,100,68177,67947
2026-03-22T22:00:00,2026-03-22T23:00:00,long,100,67947,68131
2026-03-22T23:00:00,2026-03-23T00:00:00,short,100,68039,67993
2026-03-23T00:00:00,2026-03-23T00:30:00,long,100,67993,67855
2026-03-23T00:30:00,2026-03-23T01:00:00,short,100,67855,67763
2026-03-23T01:00:00,2026-03-23T01:30:00,long,100,67763,67947
2026-03-23T01:30:00,2026-03-23T02:00:00,short,100,67901,67993
2026-03-23T02:00:00,2026-03-23T03:30:00,long,100,67993,68131
2026-03-23T03:30:00,2026-03-23T04:00:00,short,100,68131,68177
2026-03-23T04:00:00,2026-03-23T06:00:00,long,100,68223,68729
2026-03-23T06:00:00,2026-03-23T07:30:00,short,100,68729,67947
2026-03-23T07:30:00,2026-03-23T09:00:00,long,100,67947,68269
2026-03-23T09:00:00,2026-03-23T10:00:00,short,100,68223,68361
2026-03-23T10:00:00,2026-03-23T11:30:00,long,100,68361,70523
2026-03-23T11:30:00,2026-03-23T12:00:00,short,100,70523,70201
2026-03-23T12:00:00,2026-03-23T14:00:00,long,100,70293,71305
2026-03-23T14:00:00,2026-03-23T14:30:00,short,100,71305,71443
2026-03-23T15:00:00,2026-03-23T16:30:00,short,100,71305,70293
2026-03-23T16:30:00,2026-03-23T18:00:00,long,100,70293,70891
2026-03-23T18:00:00,2026-03-23T18:30:00,short,100,70891,70983
2026-03-23T18:30:00,2026-03-23T19:30:00,long,100,71075,70937
2026-03-23T19:30:00,2026-03-23T20:00:00,short,100,70937,70799
2026-03-23T20:30:00,2026-03-23T22:00:00,long,100,70845,70707
2026-03-23T22:00:00,2026-03-23T22:30:00,short,100,70707,70707
2026-03-23T22:30:00,2026-03-23T23:00:00,long,100,70707,70661
2026-03-23T23:30:00,2026-03-24T00:00:00,long,100,70799,70753
2026-03-24T00:00:00,2026-03-24T01:00:00,short,100,70707,70799
2026-03-24T01:00:00,2026-03-24T01:30:00,long,100,70799,70707
2026-03-24T01:30:00,2026-03-24T06:00:00,short,100,70707,70339
2026-03-24T06:00:00,2026-03-24T08:00:00,long,100,70339,71121
2026-03-24T08:00:00,2026-03-24T09:00:00,short,100,71121,71029
2026-03-24T09:30:00,2026-03-24T10:00:00,long,100,71121,71121
2026-03-24T10:00:00,2026-03-24T10:30:00,short,100,71121,71213
2026-03-24T10:30:00,2026-03-24T11:00:00,long,100,71259,71121
2026-03-24T11:00:00,2026-03-24T11:30:00,short,100,71121,71167
2026-03-24T12:00:00,2026-03-24T15:00:00,short,100,71029,70017
2026-03-24T15:00:00,2026-03-24T15:30:00,long,100,70017,69879
2026-03-24T16:30:00,2026-03-24T18:00:00,short,100,69695,69327
2026-03-24T18:00:00,2026-03-24T19:30:00,long,100,69327,69373
2026-03-24T20:00:00,2026-03-24T22:00:00,long,100,69465,70155
2026-03-24T22:00:00,2026-03-24T22:30:00,short,100,70155,70293
2026-03-24T23:00:00,2026-03-24T23:30:00,long,100,70431,70569
2026-03-24T23:30:00,2026-03-25T00:00:00,short,100,70569,70661
2026-03-25T00:30:00,2026-03-25T01:30:00,long,100,70799,70661
2026-03-25T01:30:00,2026-03-25T03:30:00,short,100,70661,70661
2026-03-25T04:00:00,2026-03-25T06:30:00,long,100,70753,71029
2026-03-25T06:30:00,2026-03-25T07:00:00,short,100,71029,71075
2026-03-25T07:30:00,2026-03-25T08:00:00,short,100,70937,71029
2026-03-25T08:00:00,2026-03-25T11:30:00,long,100,71121,71673
2026-03-25T11:30:00,2026-03-25T12:30:00,short,100,71673,71489
2026-03-25T12:30:00,2026-03-25T13:00:00,long,100,71581,71581
2026-03-25T13:00:00,2026-03-25T16:00:00,short,100,71581,70983
2026-03-25T16:00:00,2026-03-25T16:30:00,long,100,70983,71351
2026-03-25T16:30:00,2026-03-25T18:00:00,short,100,71305,70937
2026-03-25T18:00:00,2026-03-25T18:30:00,long,100,70937,70845
2026-03-25T18:30:00,2026-03-25T19:00:00,short,100,70799,70891
2026-03-25T19:00:00,2026-03-25T19:30:00,long,100,70891,70845
2026-03-25T20:00:00,2026-03-25T20:30:00,short,100,70753,70845
2026-03-25T20:30:00,2026-03-26T02:00:00,long,100,70845,71167
2026-03-26T02:00:00,2026-03-26T03:30:00,short,100,71121,70845
2026-03-26T03:30:00,2026-03-26T04:30:00,long,100,70891,70753
2026-03-26T04:30:00,2026-03-26T08:30:00,short,100,70753,69971
2026-03-26T08:30:00,2026-03-26T09:30:00,long,100,69971,69879
2026-03-26T09:30:00,2026-03-26T10:00:00,short,100,69695,69649
2026-03-26T10:00:00,2026-03-26T10:30:00,long,100,69649,69511
2026-03-26T11:00:00,2026-03-26T12:00:00,short,100,69373,69419
2026-03-26T12:00:00,2026-03-26T14:30:00,long,100,69419,69465
2026-03-26T15:00:00,2026-03-26T17:00:00,short,100,69373,69005
2026-03-26T17:00:00,2026-03-26T17:30:00,long,100,69005,68959
2026-03-26T17:30:00,2026-03-26T18:30:00,short,100,68821,68315
2026-03-26T18:30:00,2026-03-26T19:00:00,long,100,68315,68361
2026-03-26T19:30:00,2026-03-26T20:30:00,long,100,68499,68959
2026-03-26T20:30:00,2026-03-26T21:00:00,short,100,68959,69097
2026-03-26T21:30:00,2026-03-26T22:30:00,short,100,68959,68867
2026-03-26T23:00:00,2026-03-26T23:30:00,short,100,68775,68821
2026-03-27T00:00:00,2026-03-27T01:00:00,short,100,68683,68821
2026-03-27T01:00:00,2026-03-27T02:30:00,long,100,68821,68867
2026-03-27T03:00:00,2026-03-27T06:00:00,short,100,68821,68683
2026-03-27T06:00:00,2026-03-27T06:30:00,long,100,68729,68637
2026-03-27T06:30:00,2026-03-27T07:00:00,short,100,68591,68729
2026-03-27T07:00:00,2026-03-27T07:30:00,long,100,68729,68775
2026-03-27T07:30:00,2026-03-27T11:00:00,short,100,68729,66613
2026-03-27T11:00:00,2026-03-27T12:00:00,long,100,66613,66567
2026-03-27T12:30:00,2026-03-27T13:30:00,long,100,66613,66521
2026-03-27T13:30:00,2026-03-27T14:30:00,short,100,66383,65877
2026-03-27T14:30:00,2026-03-27T15:30:00,long,100,65877,66153
2026-03-27T15:30:00,2026-03-27T18:30:00,short,100,66061,65785
2026-03-27T18:30:00,2026-03-27T20:00:00,long,100,65785,65877
2026-03-27T20:30:00,2026-03-27T22:00:00,long,100,65969,65969
2026-03-27T23:00:00,2026-03-28T01:00:00,long,100,66107,66245
2026-03-28T01:00:00,2026-03-28T03:30:00,short,100,66245,66199
2026-03-28T05:00:00,2026-03-28T08:30:00,long,100,66291,66383
2026-03-28T08:30:00,2026-03-28T11:00:00,short,100,66383,66291
2026-03-28T12:00:00,2026-03-28T16:30:00,long,100,66337,66889
2026-03-28T16:30:00,2026-03-28T18:00:00,short,100,66889,66889
2026-03-28T21:30:00,2026-03-28T22:00:00,short,100,66751,66751
2026-03-28T23:00:00,2026-03-29T00:30:00,short,100,66613,66475
2026-03-29T00:30:00,2026-03-29T04:00:00,long,100,66475,66797
2026-03-29T04:00:00,2026-03-29T05:30:00,short,100,66751,66751
2026-03-29T07:00:00,2026-03-29T11:00:00,short,100,66613,66613
2026-03-29T11:00:00,2026-03-29T12:00:00,long,100,66659,66705
2026-03-29T12:30:00,2026-03-29T13:00:00,long,100,66843,66705
2026-03-29T13:00:00,2026-03-29T16:00:00,short,100,66705,66567
2026-03-29T16:00:00,2026-03-29T16:30:00,long,100,66613,66475
2026-03-29T16:30:00,2026-03-29T17:30:00,short,100,66475,66383
2026-03-29T17:30:00,2026-03-29T22:00:00,long,100,66383,66521
2026-03-29T22:00:00,2026-03-29T23:00:00,short,100,66475,65969
2026-03-29T23:00:00,2026-03-30T00:30:00,long,100,65969,66383
2026-03-30T00:30:00,2026-03-30T01:00:00,short,100,66337,66383
2026-03-30T01:00:00,2026-03-30T05:30:00,long,100,66429,67487
2026-03-30T05:30:00,2026-03-30T07:30:00,short,100,67487,67441
2026-03-30T07:30:00,2026-03-30T09:00:00,long,100,67579,67579
2026-03-30T09:00:00,2026-03-30T11:00:00,short,100,67579,67579
2026-03-30T11:00:00,2026-03-30T13:30:00,long,100,67671,67717
2026-03-30T13:30:00,2026-03-30T14:30:00,short,100,67717,67441
2026-03-30T14:30:00,2026-03-30T15:00:00,long,100,67487,67671
2026-03-30T15:00:00,2026-03-30T15:30:00,short,100,67625,67625
2026-03-30T16:00:00,2026-03-30T19:30:00,short,100,67487,66429
2026-03-30T19:30:00,2026-03-30T23:00:00,long,100,66429,66659
2026-03-30T23:30:00,2026-03-31T03:00:00,long,100,66797,67855
2026-03-31T03:00:00,2026-03-31T05:30:00,short,100,67855,67671
2026-03-31T06:00:00,2026-03-31T06:30:00,short,100,67533,67487
2026-03-31T07:00:00,2026-03-31T07:30:00,short,100,67349,67395
2026-03-31T07:30:00,2026-03-31T08:00:00,long,100,67395,67257
2026-03-31T08:00:00,2026-03-31T10:00:00,short,100,67257,66245
2026-03-31T10:00:00,2026-03-31T12:30:00,long,100,66245,66613
2026-03-31T13:00:00,2026-03-31T14:30:00,long,100,66751,67533
2026-03-31T14:30:00,2026-03-31T15:00:00,short,100,67533,66659
2026-03-31T15:00:00,2026-03-31T15:30:00,long,100,66659,66797
2026-03-31T15:30:00,2026-03-31T16:00:00,short,100,66705,66843
2026-03-31T16:00:00,2026-03-31T17:30:00,long,100,66843,67855
2026-03-31T17:30:00,2026-03-31T18:00:00,short,100,67855,67625
2026-03-31T18:00:00,2026-03-31T21:00:00,long,100,67717,68085
2026-03-31T21:00:00,2026-03-31T21:30:00,short,100,68085,68131
2026-03-31T21:30:00,2026-03-31T22:00:00,long,100,68223,68131
2026-03-31T22:00:00,2026-03-31T23:00:00,short,100,68131,68223
2026-03-31T23:00:00,2026-04-01T00:00:00,long,100,68269,68131
2026-04-01T00:00:00,2026-04-01T00:30:00,short,100,68131,68085
2026-04-01T00:30:00,2026-04-01T01:00:00,long,100,68131,68177
2026-04-01T01:00:00,2026-04-01T03:00:00,short,100,68131,67763
2026-04-01T03:00:00,2026-04-01T05:30:00,long,100,67763,68407
2026-04-01T05:30:00,2026-04-01T06:00:00,short,100,68407,68545
2026-04-01T06:00:00,2026-04-01T07:00:00,long,100,68637,68913
2026-04-01T07:00:00,2026-04-01T11:30:00,short,100,68913,68637
2026-04-01T12:00:00,2026-04-01T13:00:00,short,100,68545,68545
2026-04-01T13:00:00,2026-04-01T13:30:00,long,100,68545,68407
2026-04-01T13:30:00,2026-04-01T14:00:00,short,100,68407,68223
2026-04-01T14:00:00,2026-04-01T17:00:00,long,100,68223,68729
2026-04-01T17:00:00,2026-04-01T19:00:00,short,100,68729,68223
2026-04-01T19:00:00,2026-04-01T19:30:00,long,100,68223,68131
2026-04-01T20:00:00,2026-04-01T20:30:00,short,100,68085,68177
2026-04-01T20:30:00,2026-04-01T22:00:00,long,100,68177,68269
2026-04-01T22:00:00,2026-04-02T00:30:00,short,100,68223,68269
2026-04-02T00:30:00,2026-04-02T01:00:00,long,100,68269,68453
2026-04-02T01:00:00,2026-04-02T05:00:00,short,100,68407,66475
2026-04-02T05:00:00,2026-04-02T08:00:00,long,100,66475,66751
2026-04-02T08:00:00,2026-04-02T13:30:00,short,100,66659,66199
2026-04-02T13:30:00,2026-04-02T17:30:00,long,100,66199,67027
2026-04-02T17:30:00,2026-04-02T18:30:00,short,100,67027,66751
2026-04-02T18:30:00,2026-04-02T21:00:00,long,100,66843,66843
2026-04-02T21:00:00,2026-04-02T21:30:00,short,100,66797,66935
2026-04-02T21:30:00,2026-04-03T00:00:00,long,100,66935,66797
2026-04-03T00:00:00,2026-04-03T03:00:00,short,100,66797,66613
2026-04-03T04:00:00,2026-04-03T04:30:00,short,100,66475,66613
2026-04-03T04:30:00,2026-04-03T09:00:00,long,100,66613,66889
2026-04-03T09:00:00,2026-04-03T10:30:00,short,100,66843,66889
2026-04-03T11:30:00,2026-04-03T12:30:00,long,100,66935,66935
2026-04-03T12:30:00,2026-04-03T14:00:00,short,100,66935,66797
2026-04-03T14:00:00,2026-04-03T17:30:00,long,100,66843,66797
2026-04-03T21:30:00,2026-04-03T22:30:00,long,100,66935,66843
2026-04-03T22:30:00,2026-04-03T23:30:00,short,100,66843,66981
2026-04-03T23:30:00,2026-04-04T00:30:00,long,100,66981,66843
2026-04-04T00:30:00,2026-04-04T06:30:00,short,100,66843,66981
2026-04-04T06:30:00,2026-04-04T07:00:00,long,100,66981,66889
2026-04-04T07:00:00,2026-04-04T07:30:00,short,100,66889,67027
2026-04-04T07:30:00,2026-04-04T08:30:00,long,100,67027,66889
2026-04-04T08:30:00,2026-04-04T10:30:00,short,100,66889,67027
2026-04-04T10:30:00,2026-04-04T12:30:00,long,100,67027,67027
2026-04-04T12:30:00,2026-04-04T13:30:00,short,100,67027,67165
2026-04-04T13:30:00,2026-04-04T18:30:00,long,100,67165,67257
2026-04-04T18:30:00,2026-04-04T22:00:00,short,100,67257,67395
2026-04-04T22:00:00,2026-04-04T23:00:00,long,100,67395,67303
2026-04-04T23:00:00,2026-04-05T04:00:00,short,100,67303,67211
2026-04-05T04:30:00,2026-04-05T08:30:00,short,100,67073,66889
2026-04-05T08:30:00,2026-04-05T12:00:00,long,100,66889,66843
2026-04-05T12:30:00,2026-04-05T13:30:00,short,100,66797,66843
2026-04-05T13:30:00,2026-04-05T15:30:00,long,100,66843,67303
2026-04-05T15:30:00,2026-04-05T17:00:00,short,100,67303,67349
2026-04-05T19:00:00,2026-04-05T19:30:00,long,100,67441,67303
2026-04-05T19:30:00,2026-04-05T20:00:00,short,100,67303,67441
2026-04-05T20:00:00,2026-04-05T21:00:00,long,100,67487,67487
2026-04-05T21:00:00,2026-04-05T22:30:00,short,100,67487,67579
2026-04-05T22:30:00,2026-04-06T01:00:00,long,100,67625,69005
2026-04-06T01:00:00,2026-04-06T02:00:00,short,100,69005,68959
2026-04-06T02:00:00,2026-04-06T03:30:00,long,100,69143,69097
2026-04-06T03:30:00,2026-04-06T04:30:00,short,100,69097,69143
2026-04-06T06:00:00,2026-04-06T06:30:00,short,100,69005,68913
2026-04-06T06:30:00,2026-04-06T09:30:00,long,100,68959,69741
2026-04-06T09:30:00,2026-04-06T14:00:00,short,100,69741,69511
2026-04-06T14:30:00,2026-04-06T16:30:00,long,100,69603,69787
2026-04-06T16:30:00,2026-04-06T18:00:00,short,100,69787,69649
2026-04-06T18:00:00,2026-04-06T19:30:00,long,100,69695,69695
2026-04-06T19:30:00,2026-04-06T20:00:00,short,100,69695,69833
2026-04-06T20:00:00,2026-04-06T20:30:00,long,100,69833,69787
2026-04-06T20:30:00,2026-04-06T23:30:00,short,100,69787,68683
2026-04-06T23:30:00,2026-04-07T00:30:00,long,100,68683,68729
2026-04-07T01:30:00,2026-04-07T02:00:00,short,100,68591,68545
2026-04-07T02:00:00,2026-04-07T04:00:00,long,100,68545,68591
2026-04-07T04:30:00,2026-04-07T05:00:00,long,100,68683,68729
2026-04-07T05:00:00,2026-04-07T08:00:00,short,100,68683,68729
2026-04-07T08:00:00,2026-04-07T10:00:00,long,100,68775,68959
2026-04-07T10:00:00,2026-04-07T11:00:00,short,100,68959,68361
2026-04-07T11:00:00,2026-04-07T13:30:00,long,100,68361,68315
2026-04-07T13:30:00,2026-04-07T15:00:00,short,100,68223,67993
2026-04-07T15:00:00,2026-04-07T16:30:00,long,100,67993,68223
2026-04-07T17:00:00,2026-04-07T18:30:00,long,100,68315,68499
2026-04-07T18:30:00,2026-04-07T19:00:00,short,100,68499,68545
2026-04-07T19:00:00,2026-04-07T23:30:00,long,100,68591,72593
2026-04-07T23:30:00,2026-04-08T03:00:00,short,100,72593,71489
2026-04-08T03:00:00,2026-04-08T03:30:00,long,100,71489,71351
2026-04-08T04:00:00,2026-04-08T06:30:00,long,100,71397,71673
2026-04-08T07:00:00,2026-04-08T07:30:00,long,100,71811,71673
2026-04-08T07:30:00,2026-04-08T08:00:00,short,100,71673,71719
2026-04-08T08:00:00,2026-04-08T09:00:00,long,100,71765,71627
2026-04-08T09:00:00,2026-04-08T11:00:00,short,100,71627,71627
2026-04-08T11:00:00,2026-04-08T13:30:00,long,100,71673,72317
2026-04-08T13:30:00,2026-04-08T15:00:00,short,100,72317,71075
2026-04-08T15:00:00,2026-04-08T18:00:00,long,100,71075,71673
2026-04-08T18:00:00,2026-04-08T19:30:00,short,100,71673,71213
2026-04-08T19:30:00,2026-04-08T21:30:00,long,100,71213,71489
2026-04-08T22:00:00,2026-04-09T01:30:00,short,100,71443,70753
2026-04-09T01:30:00,2026-04-09T03:00:00,long,100,70753,70891
2026-04-09T03:30:00,2026-04-09T04:00:00,long,100,70983,70845
2026-04-09T04:00:00,2026-04-09T05:00:00,short,100,70845,70937
2026-04-09T05:00:00,2026-04-09T06:00:00,long,100,70937,70845
2026-04-09T06:00:00,2026-04-09T06:30:00,short,100,70845,70937
2026-04-09T06:30:00,2026-04-09T10:00:00,long,100,70937,71351
2026-04-09T10:00:00,2026-04-09T12:00:00,short,100,71351,71213
2026-04-09T13:00:00,2026-04-09T14:30:00,short,100,71121,70753
2026-04-09T14:30:00,2026-04-09T18:00:00,long,100,70753,72133
2026-04-09T18:00:00,2026-04-09T19:30:00,short,100,72133,71949
2026-04-09T19:30:00,2026-04-09T21:00:00,long,100,72041,72225
2026-04-09T21:00:00,2026-04-09T22:00:00,short,100,72225,72271
2026-04-09T22:00:00,2026-04-09T22:30:00,long,100,72363,72501
2026-04-09T22:30:00,2026-04-10T00:30:00,short,100,72501,71903
2026-04-10T00:30:00,2026-04-10T01:00:00,long,100,71903,71811
2026-04-10T01:30:00,2026-04-10T02:30:00,long,100,71949,71995
2026-04-10T02:30:00,2026-04-10T04:30:00,short,100,71903,71949
2026-04-10T04:30:00,2026-04-10T06:00:00,long,100,71949,72041
2026-04-10T06:00:00,2026-04-10T08:00:00,short,100,71995,71627
2026-04-10T08:00:00,2026-04-10T15:00:00,long,100,71627,72777
2026-04-10T15:00:00,2026-04-10T16:00:00,short,100,72777,72593
2026-04-10T16:00:00,2026-04-10T18:00:00,long,100,72685,72915
2026-04-10T18:00:00,2026-04-10T18:30:00,short,100,72915,73053
2026-04-10T18:30:00,2026-04-10T19:00:00,long,100,73099,72961
2026-04-10T19:00:00,2026-04-10T19:30:00,short,100,72961,73053
2026-04-10T19:30:00,2026-04-10T21:00:00,long,100,73145,73145
2026-04-10T21:00:00,2026-04-10T21:30:00,short,100,73145,73191
2026-04-10T22:00:00,2026-04-11T01:30:00,short,100,73053,72961
2026-04-11T03:30:00,2026-04-11T09:00:00,short,100,72823,72777
2026-04-11T09:00:00,2026-04-11T13:00:00,long,100,72777,72731
2026-04-11T13:00:00,2026-04-11T14:00:00,short,100,72685,72685
2026-04-11T14:00:00,2026-04-11T20:00:00,long,100,72685,73467
2026-04-11T20:00:00,2026-04-11T21:30:00,short,100,73467,73421
2026-04-11T23:00:00,2026-04-12T02:00:00,short,100,73283,71765
2026-04-12T02:00:00,2026-04-12T03:30:00,long,100,71765,71627
2026-04-12T05:00:00,2026-04-12T09:00:00,long,100,71581,71535
2026-04-12T12:00:00,2026-04-12T14:00:00,short,100,71397,71029
2026-04-12T14:00:00,2026-04-12T14:30:00,long,100,71029,70937
2026-04-12T14:30:00,2026-04-12T15:30:00,short,100,70799,70845
2026-04-12T15:30:00,2026-04-12T22:00:00,long,100,70845,71167
2026-04-12T22:00:00,2026-04-12T22:30:00,short,100,71121,70753
2026-04-12T22:30:00,2026-04-12T23:00:00,long,100,70753,70753
2026-04-12T23:00:00,2026-04-13T00:00:00,short,100,70661,70799
2026-04-13T00:00:00,2026-04-13T02:30:00,long,100,70799,71029
2026-04-13T03:30:00,2026-04-13T06:00:00,short,100,70983,70983
2026-04-13T06:00:00,2026-04-13T07:00:00,long,100,71029,70891
2026-04-13T07:00:00,2026-04-13T07:30:00,short,100,70891,70799
2026-04-13T08:30:00,2026-04-13T09:00:00,short,100,70661,70753
2026-04-13T09:00:00,2026-04-13T15:00:00,long,100,70753,72179
2026-04-13T15:00:00,2026-04-13T16:00:00,short,100,72179,71995
2026-04-13T16:00:00,2026-04-13T17:30:00,long,100,72087,72225
2026-04-13T17:30:00,2026-04-13T18:30:00,short,100,72225,72225
2026-04-13T18:30:00,2026-04-13T20:00:00,long,100,72317,73099
2026-04-13T20:00:00,2026-04-13T21:30:00,short,100,73099,73191
2026-04-13T22:00:00,2026-04-13T23:30:00,long,100,73375,74525
2026-04-13T23:30:00,2026-04-14T01:00:00,short,100,74525,74295
2026-04-14T03:30:00,2026-04-14T05:00:00,long,100,74387,74295
2026-04-14T05:00:00,2026-04-14T06:00:00,short,100,74295,74341
2026-04-14T06:00:00,2026-04-14T07:30:00,long,100,74387,74479
2026-04-14T07:30:00,2026-04-14T08:00:00,short,100,74479,74617
2026-04-14T08:00:00,2026-04-14T09:30:00,long,100,74617,74571
2026-04-14T09:30:00,2026-04-14T10:00:00,short,100,74571,74571
2026-04-14T10:30:00,2026-04-14T12:30:00,short,100,74433,74433
2026-04-14T13:30:00,2026-04-14T14:30:00,long,100,74479,75629
2026-04-14T14:30:00,2026-04-14T15:30:00,short,100,75629,74939
2026-04-14T15:30:00,2026-04-14T16:00:00,long,100,74939,75169
2026-04-14T16:30:00,2026-04-14T19:30:00,short,100,75123,74203
2026-04-14T19:30:00,2026-04-14T20:30:00,long,100,74203,74065
2026-04-14T21:30:00,2026-04-14T22:00:00,long,100,74203,74111
2026-04-14T22:00:00,2026-04-14T22:30:00,short,100,73973,73973
2026-04-14T22:30:00,2026-04-15T02:00:00,long,100,73973,74479
2026-04-15T02:00:00,2026-04-15T08:00:00,short,100,74479,73835
2026-04-15T08:00:00,2026-04-15T09:00:00,long,100,73835,73927
2026-04-15T09:30:00,2026-04-15T10:00:00,long,100,74019,73881
2026-04-15T10:00:00,2026-04-15T11:00:00,short,100,73881,73973
2026-04-15T11:00:00,2026-04-15T13:30:00,long,100,73973,74203
2026-04-15T13:30:00,2026-04-15T14:00:00,short,100,74157,74157
2026-04-15T14:00:00,2026-04-15T14:30:00,long,100,74203,74295
2026-04-15T14:30:00,2026-04-15T16:00:00,short,100,74295,73973
2026-04-15T16:00:00,2026-04-15T16:30:00,long,100,74019,73927
2026-04-15T16:30:00,2026-04-15T17:00:00,short,100,73881,74019
2026-04-15T17:00:00,2026-04-15T20:00:00,long,100,74019,74801
2026-04-15T20:00:00,2026-04-15T20:30:00,short,100,74801,74847
2026-04-15T21:00:00,2026-04-15T21:30:00,short,100,74709,74709
2026-04-15T22:00:00,2026-04-15T23:00:00,long,100,74801,74801
2026-04-15T23:00:00,2026-04-16T00:30:00,short,100,74801,74755
2026-04-16T00:30:00,2026-04-16T01:00:00,long,100,74801,74663
2026-04-16T01:00:00,2026-04-16T02:00:00,short,100,74663,74709
2026-04-16T02:00:00,2026-04-16T03:30:00,long,100,74709,74847
2026-04-16T05:00:00,2026-04-16T07:00:00,long,100,74985,74939
2026-04-16T07:00:00,2026-04-16T09:00:00,short,100,74939,74801
2026-04-16T09:30:00,2026-04-16T11:30:00,short,100,74663,74433
2026-04-16T11:30:00,2026-04-16T13:30:00,long,100,74433,74801
2026-04-16T13:30:00,2026-04-16T14:30:00,short,100,74755,73881
2026-04-16T14:30:00,2026-04-16T16:00:00,long,100,73881,74525
2026-04-16T16:00:00,2026-04-16T17:30:00,short,100,74525,74295
2026-04-16T17:30:00,2026-04-16T20:00:00,long,100,74341,75169
2026-04-16T20:00:00,2026-04-16T23:00:00,short,100,75169,74985
2026-04-16T23:30:00,2026-04-17T00:00:00,long,100,75077,74939
2026-04-17T00:00:00,2026-04-17T03:00:00,short,100,74939,74755
2026-04-17T03:30:00,2026-04-17T04:00:00,short,100,74617,74709
2026-04-17T04:00:00,2026-04-17T05:00:00,long,100,74709,74617
2026-04-17T06:00:00,2026-04-17T09:30:00,long,100,74755,76089
2026-04-17T09:30:00,2026-04-17T11:00:00,short,100,76089,75353
2026-04-17T11:00:00,2026-04-17T16:30:00,long,100,75353,77929
2026-04-17T16:30:00,2026-04-17T17:30:00,short,100,77929,77331
2026-04-17T17:30:00,2026-04-17T18:00:00,long,100,77331,77331
2026-04-17T18:00:00,2026-04-17T19:30:00,short,100,77239,77285
2026-04-17T19:30:00,2026-04-17T22:30:00,long,100,77285,77239
2026-04-17T23:00:00,2026-04-18T00:00:00,short,100,77193,77193
2026-04-18T00:00:00,2026-04-18T03:00:00,long,100,77193,77101
2026-04-18T03:30:00,2026-04-18T04:30:00,short,100,77055,77101
2026-04-18T04:30:00,2026-04-18T07:30:00,long,100,77101,76963
2026-04-18T07:30:00,2026-04-18T12:30:00,short,100,76963,76181
2026-04-18T12:30:00,2026-04-18T13:00:00,long,100,76181,76043
2026-04-18T14:30:00,2026-04-18T15:30:00,long,100,76181,76089
2026-04-18T16:30:00,2026-04-18T21:30:00,short,100,75951,75767
2026-04-18T21:30:00,2026-04-18T22:00:00,long,100,75767,75629
2026-04-18T22:30:00,2026-04-18T23:30:00,long,100,75767,75629
2026-04-19T01:00:00,2026-04-19T04:00:00,short,100,75537,75629
2026-04-19T04:00:00,2026-04-19T05:00:00,long,100,75629,75537
2026-04-19T06:00:00,2026-04-19T07:30:00,short,100,75445,75077
2026-04-19T07:30:00,2026-04-19T08:00:00,long,100,75077,75077
2026-04-19T08:30:00,2026-04-19T09:00:00,long,100,75215,75123
2026-04-19T09:00:00,2026-04-19T10:30:00,short,100,75031,75123
2026-04-19T10:30:00,2026-04-19T13:30:00,long,100,75123,75859
2026-04-19T13:30:00,2026-04-19T14:30:00,short,100,75859,75997
2026-04-19T15:30:00,2026-04-19T19:00:00,short,100,75859,74893
2026-04-19T19:00:00,2026-04-19T20:00:00,long,100,74893,74801
2026-04-19T20:30:00,2026-04-20T00:00:00,short,100,74617,73927
2026-04-20T00:00:00,2026-04-20T02:00:00,long,100,73927,74387
2026-04-20T03:30:00,2026-04-20T04:00:00,long,100,74525,74479
2026-04-20T04:00:00,2026-04-20T05:30:00,short,100,74479,74249
2026-04-20T06:00:00,2026-04-20T07:30:00,long,100,74295,75031
2026-04-20T07:30:00,2026-04-20T09:00:00,short,100,75031,74847
2026-04-20T09:00:00,2026-04-20T10:30:00,long,100,74939,75123
2026-04-20T10:30:00,2026-04-20T11:00:00,short,100,75123,75123
2026-04-20T12:00:00,2026-04-20T12:30:00,long,100,75215,75215
2026-04-20T12:30:00,2026-04-20T14:00:00,short,100,75215,75307
2026-04-20T14:00:00,2026-04-20T14:30:00,long,100,75353,75399
2026-04-20T14:30:00,2026-04-20T15:00:00,short,100,75399,75123
2026-04-20T15:00:00,2026-04-20T15:30:00,long,100,75169,75629
2026-04-20T15:30:00,2026-04-20T17:00:00,short,100,75629,75445
2026-04-20T17:00:00,2026-04-20T19:00:00,long,100,75537,76227
2026-04-20T19:00:00,2026-04-20T19:30:00,short,100,76227,76273
2026-04-20T21:00:00,2026-04-20T23:30:00,short,100,76135,75767
2026-04-20T23:30:00,2026-04-21T01:30:00,long,100,75813,75905
2026-04-21T01:30:00,2026-04-21T04:30:00,short,100,75859,75721
2026-04-21T04:30:00,2026-04-21T05:30:00,long,100,75721,75721
2026-04-21T06:30:00,2026-04-21T09:00:00,long,100,75859,76319
2026-04-21T09:00:00,2026-04-21T09:30:00,short,100,76319,76319
2026-04-21T10:00:00,2026-04-21T11:30:00,long,100,76411,76549
2026-04-21T11:30:00,2026-04-21T14:00:00,short,100,76549,76043
2026-04-21T14:00:00,2026-04-21T14:30:00,long,100,76043,75951
2026-04-21T14:30:00,2026-04-21T15:30:00,short,100,75905,75721
2026-04-21T15:30:00,2026-04-21T17:00:00,long,100,75721,75675
2026-04-21T17:00:00,2026-04-21T17:30:00,short,100,75583,75399
2026-04-21T17:30:00,2026-04-21T18:00:00,long,100,75399,75399
2026-04-21T18:30:00,2026-04-21T19:30:00,long,100,75537,75583
2026-04-21T19:30:00,2026-04-21T20:00:00,short,100,75537,75123
2026-04-21T20:00:00,2026-04-21T21:30:00,long,100,75123,75491
2026-04-21T22:00:00,2026-04-21T22:30:00,short,100,75445,75491
2026-04-21T22:30:00,2026-04-22T01:00:00,long,100,75537,76181
2026-04-22T01:00:00,2026-04-22T01:30:00,short,100,76181,76227
2026-04-22T02:00:00,2026-04-22T05:30:00,long,100,76365,78067
2026-04-22T05:30:00,2026-04-22T07:30:00,short,100,78067,78021
2026-04-22T09:30:00,2026-04-22T10:00:00,short,100,77975,78067
2026-04-22T11:00:00,2026-04-22T12:00:00,long,100,78159,78113
2026-04-22T12:00:00,2026-04-22T13:00:00,short,100,78113,78251
2026-04-22T13:00:00,2026-04-22T16:00:00,long,100,78251,79079
2026-04-22T16:00:00,2026-04-22T17:30:00,short,100,79079,78849
2026-04-22T18:30:00,2026-04-22T19:30:00,long,100,78941,78849
2026-04-22T19:30:00,2026-04-22T21:00:00,short,100,78849,78573
2026-04-22T21:00:00,2026-04-22T22:00:00,long,100,78573,78573
2026-04-22T22:00:00,2026-04-23T00:00:00,short,100,78481,78297
2026-04-23T00:00:00,2026-04-23T01:00:00,long,100,78297,78297
2026-04-23T01:00:00,2026-04-23T01:30:00,short,100,78205,78159
2026-04-23T01:30:00,2026-04-23T02:00:00,long,100,78159,78205
2026-04-23T02:00:00,2026-04-23T04:00:00,short,100,78113,77791
2026-04-23T04:00:00,2026-04-23T07:00:00,long,100,77791,78067
2026-04-23T07:30:00,2026-04-23T11:30:00,short,100,78021,77515
2026-04-23T11:30:00,2026-04-23T13:00:00,long,100,77515,77653
2026-04-23T13:00:00,2026-04-23T14:00:00,short,100,77561,77653
2026-04-23T14:00:00,2026-04-23T16:00:00,long,100,77653,78205
2026-04-23T16:00:00,2026-04-23T17:30:00,short,100,78205,77699
2026-04-23T17:30:00,2026-04-23T18:30:00,long,100,77699,77699
2026-04-23T18:30:00,2026-04-23T19:00:00,short,100,77607,77745
2026-04-23T19:00:00,2026-04-23T19:30:00,long,100,77745,77699
2026-04-23T19:30:00,2026-04-23T20:30:00,short,100,77653,77791
2026-04-23T20:30:00,2026-04-24T01:00:00,long,100,77791,78205
2026-04-24T01:00:00,2026-04-24T01:30:00,short,100,78205,78113
2026-04-24T01:30:00,2026-04-24T02:00:00,long,100,78205,78251
2026-04-24T02:00:00,2026-04-24T05:30:00,short,100,78251,77699
2026-04-24T05:30:00,2026-04-24T06:00:00,long,100,77699,77791
2026-04-24T07:00:00,2026-04-24T08:00:00,short,100,77699,77791
2026-04-24T08:00:00,2026-04-24T08:30:00,long,100,77791,77699
2026-04-24T09:00:00,2026-04-24T10:00:00,short,100,77653,77607
2026-04-24T10:00:00,2026-04-24T13:00:00,long,100,77607,78113
2026-04-24T13:00:00,2026-04-24T14:30:00,short,100,78113,77837
2026-04-24T14:30:00,2026-04-24T15:00:00,long,100,77883,77883
2026-04-24T15:00:00,2026-04-24T15:30:00,short,100,77837,77883
2026-04-24T15:30:00,2026-04-24T16:00:00,long,100,77883,77883
2026-04-24T16:00:00,2026-04-24T18:30:00,short,100,77837,77607
2026-04-24T18:30:00,2026-04-24T20:00:00,long,100,77607,77469
2026-04-24T20:00:00,2026-04-24T20:30:00,short,100,77469,77607
2026-04-24T20:30:00,2026-04-24T21:00:00,long,100,77607,77561
2026-04-24T22:30:00,2026-04-25T00:30:00,short,100,77469,77423
2026-04-25T00:30:00,2026-04-25T05:00:00,long,100,77423,77469
2026-04-25T05:00:00,2026-04-25T08:00:00,short,100,77423,77561
2026-04-25T08:00:00,2026-04-25T11:00:00,long,100,77561,77607
2026-04-25T12:30:00,2026-04-25T14:00:00,short,100,77561,77699
2026-04-25T14:00:00,2026-04-25T15:30:00,long,100,77699,77561
2026-04-25T15:30:00,2026-04-25T20:00:00,short,100,77561,77377
2026-04-25T20:00:00,2026-04-26T00:00:00,long,100,77423,77423
2026-04-26T02:00:00,2026-04-26T03:00:00,long,100,77561,77423
2026-04-26T03:00:00,2026-04-26T04:30:00,short,100,77423,77515
2026-04-26T04:30:00,2026-04-26T06:00:00,long,100,77515,77883
2026-04-26T06:00:00,2026-04-26T07:30:00,short,100,77883,78021
2026-04-26T07:30:00,2026-04-26T09:00:00,long,100,78067,77929
2026-04-26T09:00:00,2026-04-26T11:00:00,short,100,77929,78067
2026-04-26T11:00:00,2026-04-26T12:00:00,long,100,78113,77975
2026-04-26T12:00:00,2026-04-26T13:30:00,short,100,77975,77975
2026-04-26T16:30:00,2026-04-26T17:00:00,short,100,77883,78021
2026-04-26T17:00:00,2026-04-26T22:30:00,long,100,78021,78343
2026-04-26T22:30:00,2026-04-26T23:30:00,short,100,78343,78251
2026-04-26T23:30:00,2026-04-27T00:00:00,long,100,78343,78481
2026-04-27T00:00:00,2026-04-27T00:30:00,short,100,78481,78573
2026-04-27T00:30:00,2026-04-27T01:00:00,long,100,78619,79125
2026-04-27T01:00:00,2026-04-27T01:30:00,short,100,79125,78987
2026-04-27T01:30:00,2026-04-27T02:00:00,long,100,79079,79125
2026-04-27T02:00:00,2026-04-27T03:00:00,short,100,79125,79217
2026-04-27T03:30:00,2026-04-27T08:30:00,short,100,79079,77699
2026-04-27T08:30:00,2026-04-27T12:00:00,long,100,77699,77699
2026-04-27T14:00:00,2026-04-27T14:30:00,long,100,77791,77745
2026-04-27T15:00:00,2026-04-27T17:00:00,short,100,77653,76733
2026-04-27T17:00:00,2026-04-27T17:30:00,long,100,76733,76687
2026-04-27T18:30:00,2026-04-27T19:00:00,long,100,76825,76687
2026-04-27T19:00:00,2026-04-27T19:30:00,short,100,76549,76687
2026-04-27T19:30:00,2026-04-27T21:30:00,long,100,76687,76779
2026-04-27T22:00:00,2026-04-28T00:00:00,long,100,76871,77193
2026-04-28T00:00:00,2026-04-28T00:30:00,short,100,77193,77285
2026-04-28T00:30:00,2026-04-28T01:00:00,long,100,77331,77239
2026-04-28T01:00:00,2026-04-28T04:30:00,short,100,77239,76871
2026-04-28T05:00:00,2026-04-28T05:30:00,long,100,76917,76871
2026-04-28T05:30:00,2026-04-28T07:30:00,short,100,76825,76779
2026-04-28T07:30:00,2026-04-28T08:30:00,long,100,76779,76779
2026-04-28T09:30:00,2026-04-28T12:30:00,short,100,76733,76365
2026-04-28T12:30:00,2026-04-28T13:00:00,long,100,76365,76227
2026-04-28T13:00:00,2026-04-28T14:30:00,short,100,76181,75951
2026-04-28T14:30:00,2026-04-28T21:00:00,long,100,75951,76273
2026-04-28T21:00:00,2026-04-28T21:30:00,short,100,76227,76365
2026-04-28T21:30:00,2026-04-28T22:30:00,long,100,76365,76227
2026-04-28T22:30:00,2026-04-28T23:30:00,short,100,76227,76319
2026-04-29T00:30:00,2026-04-29T01:00:00,long,100,76365,76319
2026-04-29T01:00:00,2026-04-29T01:30:00,short,100,76319,76319
2026-04-29T01:30:00,2026-04-29T02:00:00,long,100,76365,76411
2026-04-29T02:00:00,2026-04-29T03:00:00,short,100,76411,76549
2026-04-29T03:00:00,2026-04-29T06:00:00,long,100,76549,77101
2026-04-29T06:00:00,2026-04-29T09:30:00,short,100,77101,77147
2026-04-29T09:30:00,2026-04-29T10:30:00,long,100,77285,77699
2026-04-29T10:30:00,2026-04-29T17:30:00,short,100,77699,75951
2026-04-29T17:30:00,2026-04-29T18:00:00,long,100,75951,76043
2026-04-29T18:00:00,2026-04-29T18:30:00,short,100,75905,75215
2026-04-29T18:30:00,2026-04-29T23:00:00,long,100,75215,75721
2026-04-30T00:30:00,2026-04-30T02:00:00,long,100,75859,76135
2026-04-30T02:00:00,2026-04-30T03:00:00,short,100,76135,75813
2026-04-30T03:00:00,2026-04-30T04:00:00,long,100,75859,75721
2026-04-30T04:00:00,2026-04-30T05:30:00,short,100,75721,75537
2026-04-30T05:30:00,2026-04-30T09:30:00,long,100,75537,76043
2026-04-30T09:30:00,2026-04-30T12:00:00,short,100,76043,76135
2026-04-30T12:00:00,2026-04-30T13:00:00,long,100,76181,76181
2026-04-30T13:00:00,2026-04-30T13:30:00,short,100,76181,76273
2026-04-30T13:30:00,2026-04-30T14:00:00,long,100,76365,76273
2026-04-30T14:00:00,2026-04-30T15:00:00,short,100,76273,76411
2026-04-30T15:00:00,2026-04-30T16:00:00,long,100,76457,76365
2026-04-30T16:00:00,2026-04-30T18:00:00,short,100,76365,76273
2026-04-30T19:00:00,2026-04-30T21:00:00,long,100,76319,76273
2026-04-30T21:00:00,2026-04-30T22:00:00,short,100,76273,76365
2026-04-30T22:00:00,2026-04-30T22:30:00,long,100,76365,76273
2026-04-30T22:30:00,2026-04-30T23:00:00,short,100,76273,76319
2026-04-30T23:00:00,2026-05-01T04:00:00,long,100,76319,77009
2026-05-01T04:00:00,2026-05-01T05:30:00,short,100,77009,77101
2026-05-01T06:30:00,2026-05-01T07:30:00,short,100,77009,77055
2026-05-01T08:00:00,2026-05-01T09:30:00,long,100,77147,77239
2026-05-01T09:30:00,2026-05-01T10:00:00,short,100,77239,77331
2026-05-01T11:30:00,2026-05-01T14:00:00,long,100,77377,78527
2026-05-01T14:00:00,2026-05-01T14:30:00,short,100,78527,78343
2026-05-01T15:00:00,2026-05-01T16:00:00,long,100,78435,78343
2026-05-01T16:00:00,2026-05-01T17:30:00,short,100,78343,78343
2026-05-01T17:30:00,2026-05-01T18:30:00,long,100,78389,78389
2026-05-01T18:30:00,2026-05-01T21:00:00,short,100,78389,78021
2026-05-01T21:00:00,2026-05-01T22:30:00,long,100,78021,78159
2026-05-01T22:30:00,2026-05-01T23:30:00,short,100,78067,78159
2026-05-01T23:30:00,2026-05-02T04:00:00,long,100,78159,78205
2026-05-02T04:30:00,2026-05-02T06:30:00,short,100,78159,78251
2026-05-02T06:30:00,2026-05-02T07:30:00,long,100,78251,78159
2026-05-02T07:30:00,2026-05-02T08:30:00,short,100,78159,78297
2026-05-02T08:30:00,2026-05-02T10:30:00,long,100,78297,78159
2026-05-02T10:30:00,2026-05-02T12:00:00,short,100,78159,78251
2026-05-02T12:00:00,2026-05-02T23:30:00,long,100,78251,78619
2026-05-02T23:30:00,2026-05-03T05:30:00,short,100,78619,78251
2026-05-03T06:00:00,2026-05-03T06:30:00,short,100,78113,78205
2026-05-03T06:30:00,2026-05-03T10:00:00,long,100,78205,78343
2026-05-03T11:00:00,2026-05-03T13:00:00,long,100,78481,78573
2026-05-03T13:00:00,2026-05-03T14:30:00,short,100,78573,78711
2026-05-03T14:30:00,2026-05-03T16:00:00,long,100,78711,78573
2026-05-03T16:00:00,2026-05-03T17:00:00,short,100,78573,78711
2026-05-03T20:00:00,2026-05-03T23:00:00,long,100,78757,78987
2026-05-03T23:00:00,2026-05-04T00:30:00,short,100,78987,78481
2026-05-04T00:30:00,2026-05-04T05:00:00,long,100,78481,80137
2026-05-04T05:00:00,2026-05-04T06:30:00,short,100,80137,79815
2026-05-04T07:30:00,2026-05-04T09:30:00,short,100,79723,79769
2026-05-04T09:30:00,2026-05-04T10:00:00,long,100,79769,79677
2026-05-04T10:00:00,2026-05-04T10:30:00,short,100,79677,78573
2026-05-04T10:30:00,2026-05-04T11:30:00,long,100,78573,78803
2026-05-04T11:30:00,2026-05-04T12:00:00,short,100,78711,78849
2026-05-04T12:00:00,2026-05-04T12:30:00,long,100,78849,78803
2026-05-04T12:30:00,2026-05-04T13:00:00,short,100,78803,78941
2026-05-04T13:00:00,2026-05-04T13:30:00,long,100,78941,78803
2026-05-04T13:30:00,2026-05-04T14:00:00,short,100,78803,78849
2026-05-04T14:00:00,2026-05-04T15:00:00,long,100,78849,79999
2026-05-04T15:00:00,2026-05-04T15:30:00,short,100,79999,79769
2026-05-04T15:30:00,2026-05-04T16:30:00,long,100,79861,80045
2026-05-04T16:30:00,2026-05-04T17:00:00,short,100,80045,80091
2026-05-04T17:00:00,2026-05-04T18:00:00,long,100,80137,80275
2026-05-04T18:00:00,2026-05-04T19:30:00,short,100,80275,80045
2026-05-04T20:30:00,2026-05-04T21:00:00,short,100,79907,79999
2026-05-04T21:00:00,2026-05-04T22:30:00,long,100,79999,80045
2026-05-04T22:30:00,2026-05-05T00:30:00,short,100,79999,79953
2026-05-05T00:30:00,2026-05-05T06:00:00,long,100,79999,80873
2026-05-05T06:00:00,2026-05-05T06:30:00,short,100,80873,80919
2026-05-05T07:30:00,2026-05-05T10:00:00,short,100,80827,80689
2026-05-05T10:00:00,2026-05-05T13:30:00,long,100,80735,81241
2026-05-05T13:30:00,2026-05-05T14:00:00,short,100,81241,81379
2026-05-05T14:30:00,2026-05-05T15:00:00,short,100,81241,81379
2026-05-05T15:00:00,2026-05-05T15:30:00,long,100,81471,81471
2026-05-05T15:30:00,2026-05-05T18:00:00,short,100,81471,81379
2026-05-05T19:00:00,2026-05-05T21:00:00,long,100,81471,81471
2026-05-05T21:00:00,2026-05-06T00:30:00,short,100,81471,81011
2026-05-06T00:30:00,2026-05-06T02:00:00,long,100,81011,81241
2026-05-06T02:00:00,2026-05-06T02:30:00,short,100,81195,81195
2026-05-06T02:30:00,2026-05-06T04:00:00,long,100,81241,81425
2026-05-06T04:00:00,2026-05-06T06:30:00,short,100,81425,81379
2026-05-06T06:30:00,2026-05-06T07:30:00,long,100,81425,81333
2026-05-06T07:30:00,2026-05-06T08:00:00,short,100,81333,81425
2026-05-06T08:00:00,2026-05-06T09:00:00,long,100,81425,81747
2026-05-06T09:00:00,2026-05-06T09:30:00,short,100,81747,81839
2026-05-06T09:30:00,2026-05-06T11:30:00,long,100,81885,82483
2026-05-06T11:30:00,2026-05-06T15:00:00,short,100,82483,81655
2026-05-06T15:00:00,2026-05-06T16:00:00,long,100,81655,81517
2026-05-06T16:00:00,2026-05-06T16:30:00,short,100,81425,81563
2026-05-06T16:30:00,2026-05-06T17:00:00,long,100,81563,81471
2026-05-06T17:00:00,2026-05-06T19:30:00,short,100,81379,81425
2026-05-06T19:30:00,2026-05-06T20:30:00,long,100,81425,81333
2026-05-06T21:30:00,2026-05-06T22:00:00,long,100,81471,81379
2026-05-06T22:00:00,2026-05-06T22:30:00,short,100,81333,81333
2026-05-06T22:30:00,2026-05-07T00:00:00,long,100,81333,81241
2026-05-07T00:00:00,2026-05-07T01:00:00,short,100,81195,81149
2026-05-07T01:00:00,2026-05-07T02:00:00,long,100,81149,81057
2026-05-07T02:00:00,2026-05-07T02:30:00,short,100,81011,80965
2026-05-07T02:30:00,2026-05-07T03:00:00,long,100,80965,80965
2026-05-07T03:30:00,2026-05-07T04:30:00,short,100,80873,80965
2026-05-07T04:30:00,2026-05-07T08:00:00,long,100,80965,81379
2026-05-07T08:00:00,2026-05-07T10:30:00,short,100,81379,80735
2026-05-07T10:30:00,2026-05-07T13:00:00,long,100,80735,80965
2026-05-07T13:00:00,2026-05-07T16:00:00,short,100,80873,79999
2026-05-07T16:00:00,2026-05-07T16:30:00,long,100,79999,79861
2026-05-07T17:00:00,2026-05-07T17:30:00,short,100,79677,79815
2026-05-07T17:30:00,2026-05-07T19:00:00,long,100,79815,79999
2026-05-07T19:00:00,2026-05-07T19:30:00,short,100,79907,80045
2026-05-07T19:30:00,2026-05-07T20:30:00,long,100,80045,79999
2026-05-07T20:30:00,2026-05-07T22:00:00,short,100,79999,79861
2026-05-07T23:30:00,2026-05-08T00:30:00,long,100,79907,79815
2026-05-08T00:30:00,2026-05-08T04:00:00,short,100,79769,79631
2026-05-08T04:00:00,2026-05-08T04:30:00,long,100,79631,79585
2026-05-08T06:00:00,2026-05-08T07:30:00,short,100,79539,79493
2026-05-08T07:30:00,2026-05-08T12:30:00,long,100,79493,80091
2026-05-08T12:30:00,2026-05-08T14:00:00,short,100,80091,79723
2026-05-08T14:00:00,2026-05-08T15:00:00,long,100,79769,79953
2026-05-08T15:00:00,2026-05-08T15:30:00,short,100,79907,79769
2026-05-08T15:30:00,2026-05-08T16:00:00,long,100,79815,79999
2026-05-08T16:00:00,2026-05-08T17:00:00,short,100,79953,79907
2026-05-08T17:00:00,2026-05-08T18:30:00,long,100,79953,80045
2026-05-08T19:00:00,2026-05-08T19:30:00,short,100,79999,80137
2026-05-08T19:30:00,2026-05-08T23:00:00,long,100,80137,80137
2026-05-08T23:00:00,2026-05-09T01:30:00,short,100,80137,80275
2026-05-09T01:30:00,2026-05-09T06:00:00,long,100,80275,80275
2026-05-09T06:00:00,2026-05-09T08:00:00,short,100,80275,80321
2026-05-09T08:00:00,2026-05-09T09:00:00,long,100,80367,80275
2026-05-09T09:00:00,2026-05-09T11:00:00,short,100,80275,80321
2026-05-09T12:00:00,2026-05-09T18:30:00,long,100,80367,80827
2026-05-09T18:30:00,2026-05-10T02:00:00,short,100,80827,80735
2026-05-10T06:00:00,2026-05-10T06:30:00,short,100,80597,80735
2026-05-10T08:00:00,2026-05-10T16:00:00,long,100,80781,81241
2026-05-10T16:00:00,2026-05-10T16:30:00,short,100,81241,81333
2026-05-10T17:30:00,2026-05-10T18:00:00,long,100,81425,81287
2026-05-10T18:00:00,2026-05-10T19:00:00,short,100,81287,81379
2026-05-10T19:00:00,2026-05-10T20:00:00,long,100,81471,81333
2026-05-10T20:00:00,2026-05-10T22:00:00,short,100,81333,80827
2026-05-10T22:00:00,2026-05-11T00:00:00,long,100,80827,82023
2026-05-11T00:00:00,2026-05-11T01:00:00,short,100,82023,81609
2026-05-11T01:30:00,2026-05-11T03:30:00,short,100,81471,80735
2026-05-11T03:30:00,2026-05-11T05:30:00,long,100,80735,80781
2026-05-11T06:00:00,2026-05-11T06:30:00,long,100,80919,80827
2026-05-11T07:00:00,2026-05-11T09:00:00,short,100,80735,80781
2026-05-11T09:00:00,2026-05-11T10:30:00,long,100,80781,80965
2026-05-11T10:30:00,2026-05-11T11:00:00,short,100,80919,81011
2026-05-11T11:00:00,2026-05-11T12:30:00,long,100,81011,81103
2026-05-11T12:30:00,2026-05-11T13:00:00,short,100,81103,81149
2026-05-11T13:30:00,2026-05-11T14:30:00,short,100,81011,80873
2026-05-11T14:30:00,2026-05-11T16:30:00,long,100,80919,81563
2026-05-11T16:30:00,2026-05-11T17:30:00,short,100,81563,81655
2026-05-11T17:30:00,2026-05-11T18:30:00,long,100,81793,81839
2026-05-11T18:30:00,2026-05-11T19:30:00,short,100,81839,81931
2026-05-11T20:30:00,2026-05-11T21:30:00,short,100,81793,81747
2026-05-11T22:00:00,2026-05-11T22:30:00,short,100,81655,81793
2026-05-11T22:30:00,2026-05-11T23:00:00,long,100,81793,81655
2026-05-11T23:00:00,2026-05-11T23:30:00,short,100,81655,81701
2026-05-11T23:30:00,2026-05-12T00:00:00,long,100,81701,81563
2026-05-12T00:00:00,2026-05-12T04:00:00,short,100,81563,81195
2026-05-12T04:00:00,2026-05-12T06:30:00,long,100,81195,81103
2026-05-12T06:30:00,2026-05-12T11:30:00,short,100,81011,80781
2026-05-12T11:30:00,2026-05-12T13:00:00,long,100,80781,80689
2026-05-12T13:30:00,2026-05-12T14:00:00,short,100,80551,80597
2026-05-12T14:00:00,2026-05-12T14:30:00,long,100,80597,80505
2026-05-12T15:00:00,2026-05-12T17:00:00,short,100,80413,80137
2026-05-12T17:00:00,2026-05-12T20:30:00,long,100,80137,80643
2026-05-12T20:30:00,2026-05-13T00:00:00,short,100,80643,80643
2026-05-13T01:00:00,2026-05-13T05:00:00,long,100,80735,81057
2026-05-13T05:00:00,2026-05-13T08:30:00,short,100,81057,81057
2026-05-13T08:30:00,2026-05-13T10:00:00,long,100,81149,81103
2026-05-13T10:00:00,2026-05-13T14:00:00,short,100,81103,79769
2026-05-13T14:00:00,2026-05-13T14:30:00,long,100,79769,79723
2026-05-13T15:00:00,2026-05-13T16:00:00,short,100,79539,78941
2026-05-13T16:00:00,2026-05-13T18:30:00,long,100,78941,79585
2026-05-13T18:30:00,2026-05-13T19:30:00,short,100,79585,79631
2026-05-13T21:00:00,2026-05-14T00:00:00,short,100,79493,79447
2026-05-14T00:30:00,2026-05-14T02:30:00,long,100,79493,79447
2026-05-14T02:30:00,2026-05-14T04:00:00,short,100,79447,79171
2026-05-14T04:00:00,2026-05-14T09:30:00,long,100,79171,79631
2026-05-14T09:30:00,2026-05-14T12:00:00,short,100,79631,79355
2026-05-14T12:00:00,2026-05-14T13:30:00,long,100,79401,79769
2026-05-14T13:30:00,2026-05-14T14:00:00,short,100,79769,79769
2026-05-14T14:00:00,2026-05-14T17:00:00,long,100,79861,81701
2026-05-14T17:00:00,2026-05-14T17:30:00,short,100,81701,81517
2026-05-14T17:30:00,2026-05-14T18:30:00,long,100,81655,81655
2026-05-14T18:30:00,2026-05-14T20:30:00,short,100,81655,81379
2026-05-14T23:30:00,2026-05-15T00:00:00,short,100,81241,81149
2026-05-15T00:00:00,2026-05-15T01:30:00,long,100,81149,81287
2026-05-15T01:30:00,2026-05-15T02:30:00,short,100,81195,81057
2026-05-15T02:30:00,2026-05-15T03:30:00,long,100,81057,81149
2026-05-15T03:30:00,2026-05-15T06:00:00,short,100,81103,80505
2026-05-15T06:00:00,2026-05-15T08:00:00,long,100,80505,80689
2026-05-15T08:00:00,2026-05-15T08:30:00,short,100,80597,80597
2026-05-15T08:30:00,2026-05-15T09:00:00,long,100,80597,80505
2026-05-15T09:00:00,2026-05-15T10:30:00,short,100,80505,80597
2026-05-15T10:30:00,2026-05-15T11:00:00,long,100,80597,80551
2026-05-15T12:00:00,2026-05-15T14:00:00,short,100,80505,78895
2026-05-15T14:00:00,2026-05-15T18:00:00,long,100,78895,79263
2026-05-15T18:00:00,2026-05-15T22:00:00,short,100,79217,79079
2026-05-16T00:00:00,2026-05-16T01:00:00,long,100,79125,78987
2026-05-16T01:00:00,2026-05-16T01:30:00,short,100,78987,79125
2026-05-16T01:30:00,2026-05-16T03:30:00,long,100,79125,79033
2026-05-16T05:00:00,2026-05-16T10:30:00,short,100,78987,77929
2026-05-16T10:30:00,2026-05-16T12:00:00,long,100,77929,77929
2026-05-16T14:30:00,2026-05-16T22:30:00,long,100,78067,78113
2026-05-17T00:30:00,2026-05-17T02:00:00,short,100,78021,77837
2026-05-17T02:00:00,2026-05-17T11:00:00,long,100,77837,78297
2026-05-17T11:00:00,2026-05-17T12:00:00,short,100,78297,78435
2026-05-17T12:00:00,2026-05-17T12:30:00,long,100,78435,78297
2026-05-17T12:30:00,2026-05-17T16:00:00,short,100,78297,78113
2026-05-17T16:30:00,2026-05-17T18:00:00,short,100,77975,78113
2026-05-17T18:00:00,2026-05-17T20:30:00,long,100,78113,78205
2026-05-17T21:00:00,2026-05-17T22:00:00,long,100,78343,78297
2026-05-17T22:00:00,2026-05-18T01:30:00,short,100,78297,77009
2026-05-18T01:30:00,2026-05-18T02:30:00,long,100,77009,76963
2026-05-18T02:30:00,2026-05-18T03:00:00,short,100,76779,76917
2026-05-18T03:00:00,2026-05-18T04:00:00,long,100,76917,76825
2026-05-18T04:30:00,2026-05-18T05:30:00,long,100,76917,76871
2026-05-18T06:00:00,2026-05-18T06:30:00,short,100,76779,76871
2026-05-18T06:30:00,2026-05-18T09:30:00,long,100,76871,76871
2026-05-18T10:00:00,2026-05-18T11:30:00,short,100,76825,76917
2026-05-18T11:30:00,2026-05-18T13:00:00,long,100,76917,77423
2026-05-18T13:00:00,2026-05-18T15:30:00,short,100,77423,76227
2026-05-18T15:30:00,2026-05-18T16:00:00,long,100,76227,76273
2026-05-18T16:30:00,2026-05-18T18:00:00,long,100,76365,76503
2026-05-18T18:00:00,2026-05-18T19:00:00,short,100,76457,76365
2026-05-18T19:00:00,2026-05-18T20:30:00,long,100,76411,76963
2026-05-18T20:30:00,2026-05-18T21:00:00,short,100,76963,76963
2026-05-18T21:30:00,2026-05-18T23:00:00,long,100,77055,76963
2026-05-18T23:00:00,2026-05-19T00:00:00,short,100,76963,77101
2026-05-19T00:00:00,2026-05-19T01:00:00,long,100,77147,77055
2026-05-19T01:00:00,2026-05-19T02:00:00,short,100,77055,76779
2026-05-19T02:00:00,2026-05-19T02:30:00,long,100,76825,76687
2026-05-19T02:30:00,2026-05-19T03:00:00,short,100,76687,76687
2026-05-19T03:00:00,2026-05-19T08:00:00,long,100,76687,77055
2026-05-19T08:00:00,2026-05-19T10:30:00,short,100,77009,76917
2026-05-19T10:30:00,2026-05-19T11:00:00,long,100,76963,76871
2026-05-19T11:00:00,2026-05-19T12:00:00,short,100,76871,76825
2026-05-19T12:30:00,2026-05-19T13:00:00,long,100,76871,76733
2026-05-19T13:00:00,2026-05-19T13:30:00,short,100,76733,76687
2026-05-19T13:30:00,2026-05-19T14:00:00,long,100,76687,76733
2026-05-19T14:00:00,2026-05-19T16:00:00,short,100,76687,76549
2026-05-19T16:00:00,2026-05-19T22:00:00,long,100,76549,76825
2026-05-19T22:00:00,2026-05-19T23:00:00,short,100,76779,76733
2026-05-19T23:00:00,2026-05-20T00:00:00,long,100,76779,76733
2026-05-20T00:00:00,2026-05-20T00:30:00,short,100,76733,76779
2026-05-20T00:30:00,2026-05-20T01:00:00,long,100,76779,76641
2026-05-20T01:00:00,2026-05-20T01:30:00,short,100,76641,76687
2026-05-20T01:30:00,2026-05-20T02:30:00,long,100,76687,76687
2026-05-20T02:30:00,2026-05-20T03:00:00,short,100,76641,76779
2026-05-20T03:00:00,2026-05-20T07:30:00,long,100,76779,77239
2026-05-20T07:30:00,2026-05-20T08:30:00,short,100,77239,77377
2026-05-20T08:30:00,2026-05-20T11:00:00,long,100,77423,77423
2026-05-20T11:00:00,2026-05-20T12:30:00,short,100,77423,77515
2026-05-20T12:30:00,2026-05-20T13:00:00,long,100,77607,77469
2026-05-20T13:00:00,2026-05-20T14:00:00,short,100,77469,77331
2026-05-20T14:00:00,2026-05-20T15:30:00,long,100,77377,77377
2026-05-20T15:30:00,2026-05-20T16:30:00,short,100,77377,77239
2026-05-20T16:30:00,2026-05-20T18:30:00,long,100,77285,77377
2026-05-20T18:30:00,2026-05-20T19:00:00,short,100,77331,77469
2026-05-20T19:00:00,2026-05-20T21:30:00,long,100,77469,77515
2026-05-20T21:30:00,2026-05-20T23:30:00,short,100,77515,77515
2026-05-21T00:00:00,2026-05-21T01:30:00,long,100,77561,77791
2026-05-21T01:30:00,2026-05-21T02:00:00,short,100,77791,77929
2026-05-21T02:00:00,2026-05-21T02:30:00,long,100,77929,77883
2026-05-21T02:30:00,2026-05-21T03:00:00,short,100,77883,78021
2026-05-21T05:00:00,2026-05-21T07:30:00,short,100,77883,77745
2026-05-21T07:30:00,2026-05-21T09:30:00,long,100,77791,77837
2026-05-21T09:30:00,2026-05-21T11:00:00,short,100,77791,77331
2026-05-21T11:00:00,2026-05-21T11:30:00,long,100,77331,77193
2026-05-21T11:30:00,2026-05-21T12:30:00,short,100,77147,77239
2026-05-21T12:30:00,2026-05-21T13:30:00,long,100,77239,77147
2026-05-21T13:30:00,2026-05-21T15:00:00,short,100,77055,77101
2026-05-21T15:00:00,2026-05-21T17:30:00,long,100,77101,77791
2026-05-21T17:30:00,2026-05-21T19:00:00,short,100,77791,77515
2026-05-21T19:30:00,2026-05-21T21:30:00,long,100,77561,77607
2026-05-22T00:00:00,2026-05-22T01:30:00,short,100,77561,77515
2026-05-22T01:30:00,2026-05-22T04:30:00,long,100,77561,77607
2026-05-22T05:30:00,2026-05-22T11:30:00,short,100,77561,77377
2026-05-22T11:30:00,2026-05-22T13:00:00,long,100,77423,77331
2026-05-22T13:00:00,2026-05-22T15:00:00,short,100,77285,76917
2026-05-22T15:00:00,2026-05-22T15:30:00,long,100,76917,76779
2026-05-22T16:00:00,2026-05-22T17:30:00,long,100,76871,76871
2026-05-22T17:30:00,2026-05-22T21:00:00,short,100,76779,75997
2026-05-22T21:00:00,2026-05-22T21:30:00,long,100,75997,75905
2026-05-22T22:30:00,2026-05-23T01:30:00,short,100,75721,75491
2026-05-23T01:30:00,2026-05-23T05:00:00,long,100,75491,75445
2026-05-23T07:00:00,2026-05-23T10:00:00,short,100,75307,74755
2026-05-23T10:00:00,2026-05-23T21:00:00,long,100,74755,77101
2026-05-23T21:00:00,2026-05-23T21:30:00,short,100,77101,76825
2026-05-23T22:00:00,2026-05-23T23:00:00,short,100,76687,76641
2026-05-23T23:00:00,2026-05-24T02:00:00,long,100,76641,76687
2026-05-24T02:30:00,2026-05-24T03:30:00,long,100,76825,76733
2026-05-24T03:30:00,2026-05-24T05:30:00,short,100,76733,76825
2026-05-24T05:30:00,2026-05-24T06:00:00,long,100,76825,76687
2026-05-24T06:00:00,2026-05-24T06:30:00,short,100,76687,76825
2026-05-24T06:30:00,2026-05-24T07:00:00,long,100,76825,76825
2026-05-24T07:00:00,2026-05-24T09:00:00,short,100,76825,76917
2026-05-24T09:00:00,2026-05-24T12:00:00,long,100,76917,77147
2026-05-24T12:00:00,2026-05-24T16:00:00,short,100,77147,76503
2026-05-24T16:00:00,2026-05-24T20:30:00,long,100,76503,76595
2026-05-24T21:00:00,2026-05-24T22:00:00,short,100,76503,76273
2026-05-24T22:00:00,2026-05-25T01:30:00,long,100,76273,77009
2026-05-25T01:30:00,2026-05-25T02:00:00,short,100,77009,77009
2026-05-25T02:00:00,2026-05-25T03:00:00,long,100,77147,77009
2026-05-25T03:00:00,2026-05-25T04:00:00,short,100,77009,77147
2026-05-25T04:30:00,2026-05-25T07:00:00,long,100,77193,77239
2026-05-25T07:00:00,2026-05-25T07:30:00,short,100,77239,77285
2026-05-25T07:30:00,2026-05-25T08:00:00,long,100,77377,77285
2026-05-25T08:00:00,2026-05-25T08:30:00,short,100,77285,77423
2026-05-25T08:30:00,2026-05-25T11:00:00,long,100,77423,77423
2026-05-25T11:00:00,2026-05-25T14:00:00,short,100,77423,77469
2026-05-25T14:00:00,2026-05-25T16:00:00,long,100,77515,77515
2026-05-25T16:00:00,2026-05-25T16:30:00,short,100,77515,77653
2026-05-25T16:30:00,2026-05-25T17:30:00,long,100,77653,77561
2026-05-25T17:30:00,2026-05-25T18:00:00,short,100,77561,77653
2026-05-25T18:30:00,2026-05-25T23:00:00,short,100,77515,77239
2026-05-25T23:00:00,2026-05-26T00:00:00,long,100,77285,77147
2026-05-26T00:00:00,2026-05-26T04:00:00,short,100,77101,76733
2026-05-26T04:00:00,2026-05-26T07:00:00,long,100,76733,76733
2026-05-26T08:00:00,2026-05-26T09:30:00,long,100,76779,76641
2026-05-26T09:30:00,2026-05-26T10:00:00,short,100,76595,76733
2026-05-26T10:00:00,2026-05-26T11:00:00,long,100,76733,77239
2026-05-26T11:00:00,2026-05-26T13:30:00,short,100,77239,76917
2026-05-26T13:30:00,2026-05-26T14:30:00,long,100,76963,77745
2026-05-26T14:30:00,2026-05-26T18:00:00,short,100,77745,76089
2026-05-26T18:00:00,2026-05-26T18:30:00,long,100,76089,75951
2026-05-26T19:30:00,2026-05-26T21:00:00,long,100,75951,75997
2026-05-26T22:00:00,2026-05-26T23:00:00,short,100,75859,75905
2026-05-26T23:00:00,2026-05-27T01:00:00,long,100,75905,75905
2026-05-27T01:00:00,2026-05-27T05:00:00,short,100,75859,75629
2026-05-27T05:00:00,2026-05-27T08:30:00,long,100,75629,75859
2026-05-27T08:30:00,2026-05-27T10:00:00,short,100,75813,75951
2026-05-27T10:00:00,2026-05-27T10:30:00,long,100,75951,75859
2026-05-27T10:30:00,2026-05-27T12:00:00,short,100,75859,75905
2026-05-27T12:00:00,2026-05-27T12:30:00,long,100,75951,75813
2026-05-27T12:30:00,2026-05-27T14:30:00,short,100,75813,75031
2026-05-27T14:30:00,2026-05-27T16:00:00,long,100,75031,75169
2026-05-27T16:00:00,2026-05-27T16:30:00,short,100,75077,75169
2026-05-27T16:30:00,2026-05-27T17:00:00,long,100,75169,75169
2026-05-27T17:00:00,2026-05-27T18:30:00,short,100,75123,74985
2026-05-27T18:30:00,2026-05-27T21:00:00,long,100,74985,75077
2026-05-27T21:00:00,2026-05-27T22:00:00,short,100,75031,74617
2026-05-27T22:00:00,2026-05-27T22:30:00,long,100,74617,74479
2026-05-27T22:30:00,2026-05-27T23:30:00,short,100,74433,74433
2026-05-27T23:30:00,2026-05-28T01:00:00,long,100,74433,74387
2026-05-28T01:00:00,2026-05-28T04:30:00,short,100,74295,73145
2026-05-28T04:30:00,2026-05-28T05:00:00,long,100,73145,73053
2026-05-28T06:30:00,2026-05-28T08:00:00,long,100,73053,73329
2026-05-28T08:00:00,2026-05-28T09:00:00,short,100,73283,73375
2026-05-28T09:00:00,2026-05-28T10:00:00,long,100,73375,73375
2026-05-28T10:00:00,2026-05-28T11:30:00,short,100,73375,73513
2026-05-28T11:30:00,2026-05-28T12:00:00,long,100,73513,73375
2026-05-28T12:00:00,2026-05-28T12:30:00,short,100,73375,73467
2026-05-28T12:30:00,2026-05-28T13:00:00,long,100,73513,73375
2026-05-28T13:00:00,2026-05-28T16:00:00,short,100,73375,73053
2026-05-28T16:00:00,2026-05-28T19:30:00,long,100,73053,73467
2026-05-28T19:30:00,2026-05-28T20:00:00,short,100,73421,73513
2026-05-28T20:00:00,2026-05-28T22:00:00,long,100,73559,73651
2026-05-28T22:00:00,2026-05-28T23:00:00,short,100,73651,73605
2026-05-28T23:00:00,2026-05-28T23:30:00,long,100,73697,73559
2026-05-28T23:30:00,2026-05-29T00:00:00,short,100,73559,73697
2026-05-29T00:00:00,2026-05-29T01:00:00,long,100,73697,73651
2026-05-29T01:00:00,2026-05-29T03:00:00,short,100,73651,73375
2026-05-29T03:30:00,2026-05-29T04:00:00,short,100,73237,73375
2026-05-29T04:00:00,2026-05-29T07:30:00,long,100,73375,73605
2026-05-29T07:30:00,2026-05-29T08:00:00,short,100,73559,73605
2026-05-29T08:00:00,2026-05-29T08:30:00,long,100,73651,73651
2026-05-29T08:30:00,2026-05-29T09:00:00,short,100,73651,73743
2026-05-29T09:00:00,2026-05-29T09:30:00,long,100,73743,73743
2026-05-29T09:30:00,2026-05-29T14:30:00,short,100,73743,72869
2026-05-29T14:30:00,2026-05-29T16:00:00,long,100,72869,73605
2026-05-29T16:00:00,2026-05-29T16:30:00,short,100,73605,73743
2026-05-29T16:30:00,2026-05-29T17:30:00,long,100,73835,74019
2026-05-29T17:30:00,2026-05-29T19:30:00,short,100,74019,73467
2026-05-29T19:30:00,2026-05-29T21:00:00,long,100,73467,73513
2026-05-29T21:30:00,2026-05-30T00:30:00,short,100,73421,73513
2026-05-30T00:30:00,2026-05-30T03:00:00,long,100,73513,73605
2026-05-30T03:30:00,2026-05-30T05:00:00,short,100,73559,73467
2026-05-30T05:00:00,2026-05-30T16:00:00,long,100,73513,73835
2026-05-30T16:00:00,2026-05-30T17:30:00,short,100,73835,73973
2026-05-30T17:30:00,2026-05-30T22:00:00,long,100,73973,73881
2026-05-30T22:00:00,2026-05-31T00:00:00,short,100,73881,73973
2026-05-31T01:00:00,2026-05-31T02:00:00,long,100,74065,73927
2026-05-31T02:00:00,2026-05-31T02:30:00,short,100,73927,74065
2026-05-31T02:30:00,2026-05-31T05:30:00,long,100,74111,74019
2026-05-31T05:30:00,2026-05-31T11:00:00,short,100,74019,73927
2026-05-31T11:00:00,2026-05-31T13:30:00,long,100,73973,73835
2026-05-31T13:30:00,2026-05-31T15:00:00,short,100,73835,73743
2026-05-31T15:00:00,2026-05-31T15:30:00,long,100,73743,73605
2026-05-31T15:30:00,2026-05-31T17:30:00,short,100,73605,73651
2026-05-31T17:30:00,2026-05-31T18:00:00,long,100,73651,73559
2026-05-31T19:00:00,2026-05-31T20:00:00,short,100,73513,73651
2026-05-31T20:00:00,2026-05-31T23:30:00,long,100,73651,73743
2026-05-31T23:30:00,2026-06-01T00:00:00,short,100,73697,73789
2026-06-01T00:00:00,2026-06-01T00:30:00,long,100,73789,73835
2026-06-01T00:30:00,2026-06-01T02:00:00,short,100,73835,73421
2026-06-01T02:00:00,2026-06-01T03:30:00,long,100,73421,73743
2026-06-01T03:30:00,2026-06-01T08:30:00,short,100,73697,72869
2026-06-01T08:30:00,2026-06-01T09:30:00,long,100,72869,72823
2026-06-01T11:00:00,2026-06-01T16:30:00,short,100,72685,71213
2026-06-01T16:30:00,2026-06-01T18:00:00,long,100,71213,71535
2026-06-01T19:00:00,2026-06-01T20:30:00,long,100,71627,71489
2026-06-01T20:30:00,2026-06-01T22:00:00,short,100,71489,71167
2026-06-01T22:00:00,2026-06-01T23:00:00,long,100,71167,71213
2026-06-01T23:30:00,2026-06-02T00:00:00,long,100,71351,71259
2026-06-02T00:00:00,2026-06-02T02:00:00,short,100,71213,70753
2026-06-02T02:00:00,2026-06-02T04:30:00,long,100,70753,70799
2026-06-02T05:00:00,2026-06-02T06:00:00,short,100,70707,70385
2026-06-02T06:00:00,2026-06-02T06:30:00,long,100,70385,70247
2026-06-02T06:30:00,2026-06-02T07:30:00,short,100,70155,70063
2026-06-02T07:30:00,2026-06-02T08:00:00,long,100,70063,69971
2026-06-02T08:30:00,2026-06-02T10:00:00,short,100,69833,69557
2026-06-02T10:00:00,2026-06-02T11:00:00,long,100,69557,69511
2026-06-02T12:00:00,2026-06-02T14:30:00,short,100,69373,68039
2026-06-02T14:30:00,2026-06-02T15:00:00,long,100,68039,67901
2026-06-02T15:00:00,2026-06-02T16:00:00,short,100,67671,67441
2026-06-02T16:00:00,2026-06-02T16:30:00,long,100,67441,67717
2026-06-02T16:30:00,2026-06-02T17:00:00,short,100,67625,67533
2026-06-02T17:00:00,2026-06-02T17:30:00,long,100,67579,67579
2026-06-02T17:30:00,2026-06-02T19:30:00,short,100,67533,67119
2026-06-02T19:30:00,2026-06-02T20:00:00,long,100,67119,67165
2026-06-02T20:00:00,2026-06-02T20:30:00,short,100,67073,67027
2026-06-02T20:30:00,2026-06-02T21:30:00,long,100,67027,67717
2026-06-02T21:30:00,2026-06-02T23:30:00,short,100,67717,66521
2026-06-02T23:30:00,2026-06-03T02:00:00,long,100,66521,66843
2026-06-03T02:00:00,2026-06-03T04:00:00,short,100,66751,65969
2026-06-03T04:00:00,2026-06-03T04:30:00,long,100,65969,66429
2026-06-03T05:00:00,2026-06-03T06:30:00,long,100,66567,67119
2026-06-03T06:30:00,2026-06-03T07:00:00,short,100,67119,67073
2026-06-03T07:00:00,2026-06-03T08:00:00,long,100,67211,67073
2026-06-03T08:00:00,2026-06-03T09:30:00,short,100,67073,66981
2026-06-03T09:30:00,2026-06-03T11:30:00,long,100,67027,67165
2026-06-03T11:30:00,2026-06-03T16:30:00,short,100,67119,65739
2026-06-03T16:30:00,2026-06-03T17:00:00,long,100,65739,65923
2026-06-03T19:00:00,2026-06-03T21:00:00,short,100,65831,65141
2026-06-03T21:00:00,2026-06-03T22:00:00,long,100,65141,65555
2026-06-03T22:00:00,2026-06-04T02:00:00,short,100,65509,62289
2026-06-04T02:00:00,2026-06-04T04:30:00,long,100,62289,64405
2026-06-04T04:30:00,2026-06-04T06:00:00,short,100,64405,63991
2026-06-04T06:00:00,2026-06-04T06:30:00,long,100,64037,64129
2026-06-04T06:30:00,2026-06-04T08:30:00,short,100,64083,63623
2026-06-04T08:30:00,2026-06-04T09:00:00,long,100,63623,63485
2026-06-04T09:00:00,2026-06-04T09:30:00,short,100,63439,62933
2026-06-04T09:30:00,2026-06-04T10:00:00,long,100,62933,63117
2026-06-04T10:00:00,2026-06-04T11:00:00,short,100,63025,62565
2026-06-04T11:00:00,2026-06-04T13:00:00,long,100,62565,63577
2026-06-04T13:00:00,2026-06-04T13:30:00,short,100,63577,63301
2026-06-04T13:30:00,2026-06-04T14:00:00,long,100,63393,64083
2026-06-04T14:00:00,2026-06-04T17:30:00,short,100,64083,63393
2026-06-04T17:30:00,2026-06-04T19:30:00,long,100,63393,63945
2026-06-04T19:30:00,2026-06-04T20:30:00,short,100,63945,63485
2026-06-04T20:30:00,2026-06-04T21:00:00,long,100,63485,63485
2026-06-04T21:30:00,2026-06-04T22:30:00,short,100,63393,63439
2026-06-04T22:30:00,2026-06-04T23:00:00,long,100,63439,63623
2026-06-04T23:00:00,2026-06-04T23:30:00,short,100,63577,63531
2026-06-04T23:30:00,2026-06-05T00:30:00,long,100,63577,63761
2026-06-05T00:30:00,2026-06-05T03:30:00,short,100,63715,62749
2026-06-05T03:30:00,2026-06-05T05:30:00,long,100,62749,63439
2026-06-05T05:30:00,2026-06-05T06:30:00,short,100,63439,61783
2026-06-05T06:30:00,2026-06-05T08:00:00,long,100,61783,62933
2026-06-05T08:00:00,2026-06-05T09:00:00,short,100,62933,62611
2026-06-05T09:00:00,2026-06-05T09:30:00,long,100,62657,62979
2026-06-05T09:30:00,2026-06-05T12:00:00,short,100,62979,62105
2026-06-05T12:00:00,2026-06-05T12:30:00,long,100,62105,62059
2026-06-05T12:30:00,2026-06-05T13:00:00,short,100,61921,62059
2026-06-05T13:00:00,2026-06-05T13:30:00,long,100,62059,61967
2026-06-05T13:30:00,2026-06-05T14:30:00,short,100,61875,60541
2026-06-05T14:30:00,2026-06-05T15:00:00,long,100,60541,60725
2026-06-05T15:30:00,2026-06-05T16:00:00,short,100,60587,60587
2026-06-05T16:00:00,2026-06-05T17:00:00,long,100,60587,61185
2026-06-05T17:00:00,2026-06-05T17:30:00,short,100,61185,60771
2026-06-05T17:30:00,2026-06-05T18:00:00,long,100,60817,60679
2026-06-05T18:00:00,2026-06-05T19:00:00,short,100,60679,59529
2026-06-05T19:00:00,2026-06-05T22:00:00,long,100,59529,61507
2026-06-05T22:00:00,2026-06-05T22:30:00,short,100,61507,61599
2026-06-05T23:00:00,2026-06-05T23:30:00,short,100,61461,61047
2026-06-06T00:00:00,2026-06-06T01:30:00,long,100,61093,61139
2026-06-06T01:30:00,2026-06-06T02:30:00,short,100,61093,60955
2026-06-06T02:30:00,2026-06-06T03:00:00,long,100,60955,60817
2026-06-06T03:00:00,2026-06-06T04:30:00,short,100,60817,60081
2026-06-06T04:30:00,2026-06-06T06:30:00,long,100,60081,60863
2026-06-06T06:30:00,2026-06-06T07:00:00,short,100,60863,60909
2026-06-06T08:00:00,2026-06-06T08:30:00,long,100,61047,61231
2026-06-06T08:30:00,2026-06-06T11:00:00,short,100,61231,60679
2026-06-06T11:00:00,2026-06-06T12:00:00,long,100,60679,60679
2026-06-06T12:30:00,2026-06-06T13:00:00,long,100,60817,60909
2026-06-06T13:00:00,2026-06-06T16:30:00,short,100,60863,60771
2026-06-06T17:00:00,2026-06-06T18:00:00,short,100,60633,60725
2026-06-06T18:00:00,2026-06-06T18:30:00,long,100,60725,60587
2026-06-06T18:30:00,2026-06-06T21:00:00,short,100,60587,60725
2026-06-06T21:00:00,2026-06-06T21:30:00,long,100,60725,60771
2026-06-06T21:30:00,2026-06-06T23:00:00,short,100,60725,60587
2026-06-06T23:00:00,2026-06-07T01:30:00,long,100,60633,61461
2026-06-07T01:30:00,2026-06-07T02:30:00,short,100,61461,61369
2026-06-07T02:30:00,2026-06-07T04:00:00,long,100,61507,61507
2026-06-07T04:00:00,2026-06-07T04:30:00,short,100,61507,61645
2026-06-07T04:30:00,2026-06-07T05:00:00,long,100,61645,61737
2026-06-07T05:00:00,2026-06-07T06:00:00,short,100,61737,61829
2026-06-07T06:00:00,2026-06-07T09:00:00,long,100,61921,62657
2026-06-07T09:00:00,2026-06-07T11:00:00,short,100,62657,62519
2026-06-07T12:00:00,2026-06-07T14:00:00,short,100,62427,61829
2026-06-07T14:00:00,2026-06-07T14:30:00,long,100,61829,61967
2026-06-07T14:30:00,2026-06-07T15:30:00,short,100,61875,62013
2026-06-07T15:30:00,2026-06-07T18:30:00,long,100,62013,62059
2026-06-07T18:30:00,2026-06-07T20:00:00,short,100,62013,61461
2026-06-07T20:00:00,2026-06-08T01:00:00,long,100,61461,63439
2026-06-08T01:00:00,2026-06-08T01:30:00,short,100,63439,62933
2026-06-08T01:30:00,2026-06-08T02:00:00,long,100,62979,63071
2026-06-08T04:00:00,2026-06-08T06:00:00,short,100,63025,62841
2026-06-08T06:00:00,2026-06-08T06:30:00,long,100,62841,62933
2026-06-08T07:00:00,2026-06-08T08:00:00,long,100,63071,63117
2026-06-08T08:00:00,2026-06-08T09:00:00,short,100,63117,63209
2026-06-08T09:00:00,2026-06-08T10:00:00,long,100,63209,63301
2026-06-08T10:00:00,2026-06-08T11:00:00,short,100,63301,63255
2026-06-08T11:00:00,2026-06-08T11:30:00,long,100,63347,63485
2026-06-08T11:30:00,2026-06-08T12:30:00,short,100,63485,63255
2026-06-08T12:30:00,2026-06-08T13:00:00,long,100,63301,63715
2026-06-08T13:00:00,2026-06-08T13:30:00,short,100,63715,63669
2026-06-08T13:30:00,2026-06-08T15:30:00,long,100,63761,63807
2026-06-08T15:30:00,2026-06-08T16:00:00,short,100,63807,63853
2026-06-08T16:30:00,2026-06-08T17:00:00,short,100,63715,63623
2026-06-08T17:30:00,2026-06-08T18:00:00,short,100,63485,63623
2026-06-08T18:00:00,2026-06-08T18:30:00,long,100,63623,63485
2026-06-08T18:30:00,2026-06-08T20:30:00,short,100,63485,63301
2026-06-08T20:30:00,2026-06-08T22:00:00,long,100,63301,63531
2026-06-08T22:00:00,2026-06-08T22:30:00,short,100,63485,63439
2026-06-08T23:00:00,2026-06-09T01:00:00,short,100,63301,62703
2026-06-09T01:00:00,2026-06-09T06:30:00,long,100,62703,63255
2026-06-09T06:30:00,2026-06-09T07:30:00,short,100,63255,63163
2026-06-09T08:00:00,2026-06-09T16:30:00,short,100,63071,61185
2026-06-09T16:30:00,2026-06-09T21:00:00,long,100,61185,61967
2026-06-09T21:00:00,2026-06-10T00:00:00,short,100,61967,61829
2026-06-10T01:30:00,2026-06-10T03:00:00,short,100,61737,61415
2026-06-10T03:00:00,2026-06-10T04:00:00,long,100,61415,61415
2026-06-10T04:30:00,2026-06-10T06:30:00,short,100,61323,61415
2026-06-10T06:30:00,2026-06-10T08:00:00,long,100,61415,61507
2026-06-10T08:30:00,2026-06-10T09:30:00,short,100,61461,61323
2026-06-10T11:00:00,2026-06-10T11:30:00,short,100,61185,61047
2026-06-10T11:30:00,2026-06-10T16:00:00,long,100,61047,62427
2026-06-10T16:00:00,2026-06-10T19:30:00,short,100,62427,61921
2026-06-10T20:30:00,2026-06-10T23:00:00,short,100,61783,61415
2026-06-10T23:00:00,2026-06-11T02:00:00,long,100,61415,62013
2026-06-11T02:00:00,2026-06-11T02:30:00,short,100,62013,62151
2026-06-11T03:30:00,2026-06-11T06:30:00,long,100,62197,62703
2026-06-11T06:30:00,2026-06-11T08:00:00,short,100,62703,62841
2026-06-11T09:00:00,2026-06-11T09:30:00,short,100,62795,62933
2026-06-11T10:00:00,2026-06-11T10:30:00,short,100,62795,62933
2026-06-11T10:30:00,2026-06-11T12:00:00,long,100,63025,63025
2026-06-11T12:00:00,2026-06-11T12:30:00,short,100,63025,62795
2026-06-11T12:30:00,2026-06-11T13:00:00,long,100,62841,62887
2026-06-11T13:00:00,2026-06-11T13:30:00,short,100,62841,62933
2026-06-11T13:30:00,2026-06-11T14:30:00,long,100,62933,62933
2026-06-11T14:30:00,2026-06-11T17:00:00,short,100,62933,62703
2026-06-11T17:00:00,2026-06-11T18:00:00,long,100,62749,63439
2026-06-11T18:00:00,2026-06-11T19:00:00,short,100,63439,63485
2026-06-11T20:00:00,2026-06-11T21:00:00,short,100,63439,63485
2026-06-11T23:00:00,2026-06-11T23:30:00,short,100,63393,63485
2026-06-11T23:30:00,2026-06-12T01:00:00,long,100,63531,63485
2026-06-12T01:00:00,2026-06-12T01:30:00,short,100,63485,63439
2026-06-12T02:00:00,2026-06-12T03:00:00,long,100,63485,63439
2026-06-12T03:00:00,2026-06-12T03:30:00,short,100,63439,63531
2026-06-12T03:30:00,2026-06-12T05:00:00,long,100,63531,63623
2026-06-12T05:00:00,2026-06-12T07:30:00,short,100,63623,63117
2026-06-12T07:30:00,2026-06-12T10:00:00,long,100,63117,63577
2026-06-12T10:30:00,2026-06-12T12:00:00,long,100,63715,63623
2026-06-12T12:00:00,2026-06-12T14:00:00,short,100,63623,63347
2026-06-12T14:00:00,2026-06-12T15:30:00,long,100,63393,63945
2026-06-12T15:30:00,2026-06-12T16:00:00,short,100,63945,63669
2026-06-12T16:00:00,2026-06-12T17:00:00,long,100,63715,63807
2026-06-12T17:00:00,2026-06-12T22:00:00,short,100,63761,63577
2026-06-12T22:00:00,2026-06-12T22:30:00,long,100,63623,63485
2026-06-12T22:30:00,2026-06-12T23:30:00,short,100,63485,63577
2026-06-12T23:30:00,2026-06-13T02:00:00,long,100,63577,63669
2026-06-13T02:30:00,2026-06-13T06:00:00,short,100,63623,63623
2026-06-13T06:00:00,2026-06-13T13:30:00,long,100,63669,64037
2026-06-13T13:30:00,2026-06-13T14:30:00,short,100,64037,64175
2026-06-13T14:30:00,2026-06-13T16:00:00,long,100,64221,64129
2026-06-13T16:00:00,2026-06-13T17:00:00,short,100,64129,64083
2026-06-13T17:30:00,2026-06-13T18:00:00,short,100,63945,64083
2026-06-13T18:00:00,2026-06-14T02:30:00,long,100,64129,64451
2026-06-14T02:30:00,2026-06-14T07:30:00,short,100,64451,64405
2026-06-14T09:00:00,2026-06-14T09:30:00,short,100,64313,64451
2026-06-14T09:30:00,2026-06-14T10:30:00,long,100,64497,64497
2026-06-14T10:30:00,2026-06-14T11:00:00,short,100,64497,64589
2026-06-14T12:00:00,2026-06-14T16:00:00,short,100,64451,64129
2026-06-14T16:00:00,2026-06-14T16:30:00,long,100,64129,63991
2026-06-14T16:30:00,2026-06-14T20:00:00,short,100,63991,63853
2026-06-14T20:00:00,2026-06-14T22:00:00,long,100,63853,65141
2026-06-14T22:00:00,2026-06-14T22:30:00,short,100,65141,65279
2026-06-14T23:00:00,2026-06-15T00:30:00,long,100,65463,65555
2026-06-15T00:30:00,2026-06-15T01:30:00,short,100,65555,65509
2026-06-15T02:30:00,2026-06-15T03:00:00,short,100,65463,65555
2026-06-15T03:00:00,2026-06-15T04:00:00,long,100,65601,65739
2026-06-15T04:00:00,2026-06-15T05:00:00,short,100,65739,65785
2026-06-15T06:00:00,2026-06-15T06:30:00,long,100,65877,65739
2026-06-15T06:30:00,2026-06-15T07:00:00,short,100,65739,65877
2026-06-15T07:00:00,2026-06-15T07:30:00,long,100,65923,65831
2026-06-15T07:30:00,2026-06-15T10:30:00,short,100,65831,65739
2026-06-15T10:30:00,2026-06-15T13:30:00,long,100,65785,66659
2026-06-15T13:30:00,2026-06-15T14:00:00,short,100,66659,66521
2026-06-15T15:00:00,2026-06-15T17:00:00,long,100,66613,67073
2026-06-15T17:00:00,2026-06-15T23:30:00,short,100,67073,66291
2026-06-15T23:30:00,2026-06-16T00:00:00,long,100,66291,66199
2026-06-16T01:00:00,2026-06-16T02:00:00,long,100,66337,66245
2026-06-16T02:00:00,2026-06-16T03:00:00,short,100,66153,65877
2026-06-16T03:00:00,2026-06-16T04:00:00,long,100,65877,65969
2026-06-16T04:30:00,2026-06-16T05:00:00,short,100,65877,65969
2026-06-16T05:00:00,2026-06-16T09:00:00,long,100,65969,66705
2026-06-16T09:00:00,2026-06-16T10:00:00,short,100,66705,66659
2026-06-16T10:30:00,2026-06-16T15:00:00,short,100,66521,65693
2026-06-16T15:00:00,2026-06-16T16:30:00,long,100,65693,65693
2026-06-16T17:30:00,2026-06-16T18:30:00,long,100,65831,65831
2026-06-16T19:00:00,2026-06-16T20:30:00,short,100,65739,65831
2026-06-16T20:30:00,2026-06-16T21:00:00,long,100,65831,65693
2026-06-16T21:00:00,2026-06-17T01:30:00,short,100,65693,65739
2026-06-17T01:30:00,2026-06-17T02:30:00,long,100,65739,65923
2026-06-17T02:30:00,2026-06-17T09:00:00,short,100,65877,65049
2026-06-17T09:00:00,2026-06-17T09:30:00,long,100,65049,64911
2026-06-17T11:00:00,2026-06-17T11:30:00,short,100,64773,64819
2026-06-17T11:30:00,2026-06-17T12:00:00,long,100,64819,64681
2026-06-17T12:30:00,2026-06-17T13:00:00,long,100,64773,64911
2026-06-17T13:30:00,2026-06-17T14:30:00,long,100,65003,65141
2026-06-17T14:30:00,2026-06-17T15:00:00,short,100,65141,65187
2026-06-17T15:00:00,2026-06-17T16:30:00,long,100,65233,66061
2026-06-17T16:30:00,2026-06-17T17:00:00,short,100,66061,65969
2026-06-17T18:00:00,2026-06-17T18:30:00,short,100,65923,65509
2026-06-17T18:30:00,2026-06-17T19:00:00,long,100,65509,65371
2026-06-17T19:00:00,2026-06-17T20:30:00,short,100,65325,64451
2026-06-17T20:30:00,2026-06-17T21:00:00,long,100,64451,64313
2026-06-17T22:00:00,2026-06-18T00:30:00,long,100,64359,64405
2026-06-18T01:00:00,2026-06-18T01:30:00,long,100,64543,64543
2026-06-18T01:30:00,2026-06-18T02:00:00,short,100,64497,64635
2026-06-18T02:00:00,2026-06-18T03:00:00,long,100,64635,64543
2026-06-18T03:00:00,2026-06-18T06:30:00,short,100,64543,64037
2026-06-18T06:30:00,2026-06-18T08:30:00,long,100,64037,64405
2026-06-18T08:30:00,2026-06-18T12:00:00,short,100,64359,64129
2026-06-18T12:00:00,2026-06-18T13:30:00,long,100,64175,64175
2026-06-18T13:30:00,2026-06-18T16:00:00,short,100,64129,62519
2026-06-18T16:00:00,2026-06-18T17:00:00,long,100,62519,62519
2026-06-18T18:00:00,2026-06-18T18:30:00,long,100,62657,62703
2026-06-18T19:00:00,2026-06-18T21:00:00,long,100,62795,62933
2026-06-18T21:00:00,2026-06-19T00:00:00,short,100,62933,62979
2026-06-19T03:00:00,2026-06-19T05:00:00,short,100,62841,62565
2026-06-19T05:00:00,2026-06-19T07:00:00,long,100,62565,62703
2026-06-19T07:30:00,2026-06-19T10:00:00,short,100,62657,62519
2026-06-19T10:00:00,2026-06-19T15:00:00,long,100,62519,63071
2026-06-19T15:00:00,2026-06-19T15:30:00,short,100,63071,63163
2026-06-19T16:00:00,2026-06-19T16:30:00,long,100,63255,63117
2026-06-19T16:30:00,2026-06-19T17:30:00,short,100,63117,63071
2026-06-19T17:30:00,2026-06-19T18:00:00,long,100,63163,63071
2026-06-19T18:00:00,2026-06-19T20:30:00,short,100,63071,63163
2026-06-19T20:30:00,2026-06-19T21:00:00,long,100,63163,63117
2026-06-19T21:00:00,2026-06-19T22:00:00,short,100,63117,63209
2026-06-19T22:00:00,2026-06-20T01:00:00,long,100,63209,63439
2026-06-20T01:00:00,2026-06-20T01:30:00,short,100,63439,63577
2026-06-20T01:30:00,2026-06-20T02:00:00,long,100,63577,63439
2026-06-20T02:00:00,2026-06-20T03:30:00,short,100,63439,63485
2026-06-20T05:00:00,2026-06-20T07:30:00,long,100,63577,63623
2026-06-20T07:30:00,2026-06-20T09:00:00,short,100,63623,63577
2026-06-20T09:30:00,2026-06-20T13:00:00,long,100,63623,63531
2026-06-20T13:00:00,2026-06-20T14:30:00,short,100,63531,63439
2026-06-20T14:30:00,2026-06-20T16:00:00,long,100,63485,63991
2026-06-20T16:00:00,2026-06-20T19:30:00,short,100,63991,63945
2026-06-20T22:00:00,2026-06-21T04:30:00,long,100,64037,64359
2026-06-21T04:30:00,2026-06-21T09:30:00,short,100,64359,64175
2026-06-21T10:00:00,2026-06-21T11:30:00,long,100,64267,64221
2026-06-21T11:30:00,2026-06-21T12:30:00,short,100,64221,64175
2026-06-21T14:00:00,2026-06-21T14:30:00,short,100,64037,64129
2026-06-21T14:30:00,2026-06-21T16:30:00,long,100,64129,64083
2026-06-21T18:00:00,2026-06-21T18:30:00,short,100,64037,64175
2026-06-21T18:30:00,2026-06-21T20:00:00,long,100,64175,64083
2026-06-21T20:00:00,2026-06-22T00:00:00,short,100,64083,63439
2026-06-22T00:00:00,2026-06-22T02:30:00,long,100,63439,64451
2026-06-22T02:30:00,2026-06-22T04:30:00,short,100,64451,64083
2026-06-22T05:00:00,2026-06-22T06:00:00,long,100,64129,64083
2026-06-22T06:30:00,2026-06-22T07:00:00,short,100,64037,64129
2026-06-22T07:00:00,2026-06-22T08:30:00,long,100,64129,64129
2026-06-22T11:00:00,2026-06-22T13:00:00,long,100,64267,64957
2026-06-22T13:00:00,2026-06-22T13:30:00,short,100,64957,65095
2026-06-22T13:30:00,2026-06-22T14:00:00,long,100,65233,65463
2026-06-22T14:00:00,2026-06-22T15:00:00,short,100,65463,65049
2026-06-22T15:30:00,2026-06-22T19:30:00,short,100,64911,64451
2026-06-22T19:30:00,2026-06-22T21:00:00,long,100,64451,64313
2026-06-22T22:00:00,2026-06-23T00:30:00,short,100,64175,63991
2026-06-23T00:30:00,2026-06-23T03:00:00,long,100,63991,64037
2026-06-23T04:30:00,2026-06-23T06:30:00,short,100,63899,62887
2026-06-23T06:30:00,2026-06-23T08:00:00,long,100,62887,62795
2026-06-23T08:00:00,2026-06-23T08:30:00,short,100,62611,62105
2026-06-23T08:30:00,2026-06-23T09:30:00,long,100,62105,62335
2026-06-23T11:00:00,2026-06-23T12:00:00,long,100,62473,62427
2026-06-23T12:00:00,2026-06-23T13:30:00,short,100,62381,62197
2026-06-23T13:30:00,2026-06-23T15:00:00,long,100,62243,62381
2026-06-23T15:00:00,2026-06-23T15:30:00,short,100,62335,62381
2026-06-23T15:30:00,2026-06-23T17:30:00,long,100,62427,62473
2026-06-23T17:30:00,2026-06-23T19:00:00,short,100,62473,62381
2026-06-23T19:00:00,2026-06-24T02:00:00,long,100,62427,62841
2026-06-24T02:00:00,2026-06-24T03:30:00,short,100,62841,62749
2026-06-24T04:00:00,2026-06-24T04:30:00,short,100,62611,62703
2026-06-24T04:30:00,2026-06-24T07:00:00,long,100,62749,62703
2026-06-24T07:00:00,2026-06-24T08:30:00,short,100,62703,62749
2026-06-24T08:30:00,2026-06-24T09:00:00,long,100,62749,62657
2026-06-24T09:00:00,2026-06-24T11:30:00,short,100,62657,62519
2026-06-24T11:30:00,2026-06-24T12:00:00,long,100,62565,62795
2026-06-24T12:30:00,2026-06-24T16:00:00,short,100,62749,60403
2026-06-24T16:00:00,2026-06-24T16:30:00,long,100,60403,60403
2026-06-24T16:30:00,2026-06-24T18:00:00,short,100,60219,59529
2026-06-24T18:00:00,2026-06-24T18:30:00,long,100,59529,59575
2026-06-24T19:00:00,2026-06-24T22:00:00,long,100,59667,60909
2026-06-24T22:00:00,2026-06-24T23:00:00,short,100,60909,61001
2026-06-25T00:00:00,2026-06-25T04:00:00,short,100,60909,60909
2026-06-25T04:30:00,2026-06-25T08:00:00,long,100,61001,61737
2026-06-25T08:00:00,2026-06-25T12:30:00,short,100,61737,61231
2026-06-25T13:30:00,2026-06-25T14:00:00,short,100,61093,58379
2026-06-25T14:00:00,2026-06-25T15:00:00,long,100,58379,59299
2026-06-25T15:00:00,2026-06-25T15:30:00,short,100,59299,59345
2026-06-25T15:30:00,2026-06-25T16:30:00,long,100,59483,59575
2026-06-25T16:30:00,2026-06-25T17:00:00,short,100,59575,59391
2026-06-25T17:00:00,2026-06-25T18:30:00,long,100,59483,59529
2026-06-25T18:30:00,2026-06-25T20:00:00,short,100,59529,59483
2026-06-25T20:00:00,2026-06-25T20:30:00,long,100,59529,59483
2026-06-25T20:30:00,2026-06-25T21:00:00,short,100,59483,59529
2026-06-25T21:00:00,2026-06-25T22:00:00,long,100,59529,60035
2026-06-25T22:00:00,2026-06-25T23:00:00,short,100,60035,59897
2026-06-25T23:00:00,2026-06-25T23:30:00,long,100,59989,59943
2026-06-25T23:30:00,2026-06-26T01:30:00,short,100,59943,59437
2026-06-26T01:30:00,2026-06-26T02:00:00,long,100,59437,59299
2026-06-26T02:00:00,2026-06-26T03:00:00,short,100,59253,58701
2026-06-26T03:00:00,2026-06-26T08:00:00,long,100,58701,60403
2026-06-26T08:00:00,2026-06-26T11:00:00,short,100,60403,59437
2026-06-26T11:00:00,2026-06-26T12:30:00,long,100,59437,59575
2026-06-26T12:30:00,2026-06-26T13:30:00,short,100,59483,59069
2026-06-26T13:30:00,2026-06-26T14:00:00,long,100,59069,60035
2026-06-26T14:00:00,2026-06-26T15:00:00,short,100,60035,59713
2026-06-26T15:00:00,2026-06-26T16:00:00,long,100,59759,60127
2026-06-26T16:00:00,2026-06-26T17:00:00,short,100,60127,60127
2026-06-26T17:30:00,2026-06-26T19:00:00,short,100,60035,59805
2026-06-26T19:00:00,2026-06-26T19:30:00,long,100,59851,59805
2026-06-26T19:30:00,2026-06-26T21:00:00,short,100,59759,59851
2026-06-26T21:00:00,2026-06-27T01:30:00,long,100,59851,59897
2026-06-27T02:00:00,2026-06-27T04:30:00,long,100,60035,60219
2026-06-27T04:30:00,2026-06-27T06:30:00,short,100,60219,60311
2026-06-27T06:30:00,2026-06-27T09:00:00,long,100,60357,60357
2026-06-27T09:00:00,2026-06-27T10:00:00,short,100,60357,60449
2026-06-27T11:00:00,2026-06-27T11:30:00,short,100,60311,60357
2026-06-27T13:00:00,2026-06-27T16:00:00,long,100,60403,60679
2026-06-27T16:00:00,2026-06-27T16:30:00,short,100,60679,60817
2026-06-27T17:00:00,2026-06-27T20:30:00,short,100,60679,60311
2026-06-27T21:00:00,2026-06-27T21:30:00,long,100,60357,60265
2026-06-27T21:30:00,2026-06-28T00:00:00,short,100,60219,60127
2026-06-28T00:00:00,2026-06-28T04:30:00,long,100,60127,60081
2026-06-28T05:00:00,2026-06-28T05:30:00,short,100,59989,59989
2026-06-28T05:30:00,2026-06-28T10:00:00,long,100,59989,60173
2026-06-28T10:00:00,2026-06-28T11:00:00,short,100,60127,60219
2026-06-28T11:00:00,2026-06-28T13:00:00,long,100,60219,60173
2026-06-28T13:00:00,2026-06-28T20:00:00,short,100,60173,59621
2026-06-28T20:00:00,2026-06-28T21:30:00,long,100,59621,59575
2026-06-28T21:30:00,2026-06-28T23:00:00,short,100,59483,59207
2026-06-28T23:00:00,2026-06-29T00:00:00,long,100,59207,59391
2026-06-29T00:00:00,2026-06-29T00:30:00,short,100,59299,59299
2026-06-29T00:30:00,2026-06-29T01:00:00,long,100,59299,59529
2026-06-29T01:00:00,2026-06-29T01:30:00,short,100,59483,59391
2026-06-29T01:30:00,2026-06-29T03:30:00,long,100,59437,59989
2026-06-29T03:30:00,2026-06-29T05:30:00,short,100,59989,59851
2026-06-29T05:30:00,2026-06-29T07:30:00,long,100,59943,59989
2026-06-29T07:30:00,2026-06-29T09:30:00,short,100,59989,59989
2026-06-29T09:30:00,2026-06-29T10:30:00,long,100,60035,60035
2026-06-29T10:30:00,2026-06-29T12:00:00,short,100,60035,60081
2026-06-29T12:00:00,2026-06-29T12:30:00,long,100,60127,60311
2026-06-29T12:30:00,2026-06-29T15:30:00,short,100,60311,59621
2026-06-29T15:30:00,2026-06-29T16:00:00,long,100,59621,59713
2026-06-29T16:00:00,2026-06-29T16:30:00,short,100,59621,59713
2026-06-29T16:30:00,2026-06-29T17:30:00,long,100,59713,60357
2026-06-29T17:30:00,2026-06-29T19:00:00,short,100,60357,60403
2026-06-29T20:30:00,2026-06-29T21:30:00,short,100,60311,60403
2026-06-29T21:30:00,2026-06-29T22:30:00,long,100,60495,60357
2026-06-29T22:30:00,2026-06-30T01:00:00,short,100,60357,59989
2026-06-30T01:00:00,2026-06-30T01:30:00,long,100,59989,59897
2026-06-30T03:00:00,2026-06-30T05:30:00,short,100,59851,59529
2026-06-30T05:30:00,2026-06-30T07:00:00,long,100,59529,59529
2026-06-30T08:00:00,2026-06-30T13:30:00,short,100,59391,58563
2026-06-30T13:30:00,2026-06-30T14:30:00,long,100,58563,58885
2026-06-30T14:30:00,2026-06-30T16:30:00,short,100,58793,58471
2026-06-30T16:30:00,2026-06-30T17:00:00,long,100,58471,58379
2026-06-30T17:00:00,2026-06-30T18:00:00,short,100,58333,58471
2026-06-30T18:00:00,2026-06-30T21:00:00,long,100,58471,58655
2026-06-30T21:00:00,2026-07-01T00:30:00,short,100,58609,58517
2026-07-01T00:30:00,2026-07-01T01:00:00,long,100,58563,58425
2026-07-01T01:00:00,2026-07-01T01:30:00,short,100,58425,58425
2026-07-01T01:30:00,2026-07-01T03:00:00,long,100,58425,58885
2026-07-01T03:00:00,2026-07-01T03:30:00,short,100,58885,59023
2026-07-01T03:30:00,2026-07-01T05:00:00,long,100,59069,59161
2026-07-01T05:00:00,2026-07-01T08:30:00,short,100,59161,58747
2026-07-01T08:30:00,2026-07-01T09:00:00,long,100,58793,58839
2026-07-01T10:00:00,2026-07-01T13:00:00,short,100,58793,58655
2026-07-01T13:00:00,2026-07-01T14:30:00,long,100,58655,59621
2026-07-01T14:30:00,2026-07-01T15:00:00,short,100,59621,59667
2026-07-01T15:00:00,2026-07-01T15:30:00,long,100,59805,60173
2026-07-01T15:30:00,2026-07-01T17:00:00,short,100,60173,60081
2026-07-01T19:30:00,2026-07-01T20:30:00,short,100,60035,60127
2026-07-01T21:00:00,2026-07-01T22:00:00,long,100,60173,60633
2026-07-01T22:00:00,2026-07-02T01:00:00,short,100,60633,59897
2026-07-02T01:00:00,2026-07-02T04:00:00,long,100,59897,60863
2026-07-02T04:00:00,2026-07-02T08:00:00,short,100,60863,60311
2026-07-02T08:00:00,2026-07-02T14:00:00,long,100,60311,61737
2026-07-02T14:00:00,2026-07-02T16:30:00,short,100,61737,61323
2026-07-02T16:30:00,2026-07-02T17:30:00,long,100,61369,61691
2026-07-02T17:30:00,2026-07-02T18:00:00,short,100,61691,61783
2026-07-02T18:00:00,2026-07-02T18:30:00,long,100,61829,61737
2026-07-02T18:30:00,2026-07-02T20:30:00,short,100,61737,61553
2026-07-02T20:30:00,2026-07-02T22:30:00,long,100,61599,61461
2026-07-02T22:30:00,2026-07-02T23:30:00,short,100,61461,61553
2026-07-02T23:30:00,2026-07-03T00:00:00,long,100,61553,61415
2026-07-03T00:00:00,2026-07-03T01:00:00,short,100,61415,61415
2026-07-03T01:00:00,2026-07-03T02:00:00,long,100,61415,61415
2026-07-03T02:00:00,2026-07-03T03:00:00,short,100,61369,61507
2026-07-03T03:00:00,2026-07-03T03:30:00,long,100,61507,61415
2026-07-03T03:30:00,2026-07-03T05:00:00,short,100,61415,61507
2026-07-03T05:00:00,2026-07-03T08:30:00,long,100,61507,61599
2026-07-03T08:30:00,2026-07-03T09:00:00,short,100,61553,61691
2026-07-03T09:00:00,2026-07-03T14:00:00,long,100,61691,61921
2026-07-03T14:00:00,2026-07-03T14:30:00,short,100,61921,62013
2026-07-03T14:30:00,2026-07-03T15:00:00,long,100,62059,62013
2026-07-03T15:00:00,2026-07-03T16:00:00,short,100,62013,62059
2026-07-03T17:00:00,2026-07-03T21:00:00,long,100,62151,62611
2026-07-03T21:00:00,2026-07-03T21:30:00,short,100,62611,62749
2026-07-03T22:00:00,2026-07-04T00:00:00,short,100,62611,62703
2026-07-04T01:00:00,2026-07-04T03:30:00,short,100,62611,62611
2026-07-04T05:00:00,2026-07-04T07:00:00,short,100,62519,62565
2026-07-04T09:00:00,2026-07-04T12:00:00,short,100,62427,62565
2026-07-04T12:00:00,2026-07-04T20:00:00,long,100,62565,63209
2026-07-04T20:00:00,2026-07-04T20:30:00,short,100,63209,63255
2026-07-04T21:00:00,2026-07-04T21:30:00,long,100,63393,63255
2026-07-04T21:30:00,2026-07-05T04:00:00,short,100,63255,62795
2026-07-05T04:00:00,2026-07-05T04:30:00,long,100,62795,62749
2026-07-05T07:30:00,2026-07-05T08:00:00,long,100,62887,62887
2026-07-05T09:00:00,2026-07-05T10:30:00,short,100,62841,62749
2026-07-05T10:30:00,2026-07-05T11:00:00,long,100,62749,62611
2026-07-05T11:00:00,2026-07-05T12:00:00,short,100,62611,62703
2026-07-05T12:00:00,2026-07-05T16:00:00,long,100,62703,62611
2026-07-05T16:00:00,2026-07-05T17:00:00,short,100,62565,62703
2026-07-05T17:00:00,2026-07-05T17:30:00,long,100,62703,62565
2026-07-05T17:30:00,2026-07-05T18:00:00,short,100,62565,62703
2026-07-05T18:00:00,2026-07-06T00:00:00,long,100,62703,63577
2026-07-06T00:00:00,2026-07-06T00:30:00,short,100,63577,63485
2026-07-06T00:30:00,2026-07-06T01:30:00,long,100,63623,63623
2026-07-06T01:30:00,2026-07-06T07:30:00,short,100,63623,63117
2026-07-06T07:30:00,2026-07-06T08:30:00,long,100,63117,62979
2026-07-06T08:30:00,2026-07-06T10:00:00,short,100,62933,62795
2026-07-06T10:00:00,2026-07-06T11:30:00,long,100,62795,62749
2026-07-06T11:30:00,2026-07-06T13:30:00,short,100,62611,61599
2026-07-06T13:30:00,2026-07-06T17:30:00,long,100,61599,63715
2026-07-06T17:30:00,2026-07-06T18:00:00,short,100,63715,63669
2026-07-06T21:00:00,2026-07-06T22:00:00,long,100,63853,64313
2026-07-06T22:00:00,2026-07-07T00:00:00,short,100,64313,64175
2026-07-07T00:00:00,2026-07-07T01:00:00,long,100,64267,64129
2026-07-07T01:00:00,2026-07-07T05:30:00,short,100,64129,63071
2026-07-07T05:30:00,2026-07-07T07:30:00,long,100,63071,63163
2026-07-07T07:30:00,2026-07-07T09:00:00,short,100,63025,63163
2026-07-07T09:00:00,2026-07-07T11:00:00,long,100,63163,63117
2026-07-07T11:30:00,2026-07-07T12:30:00,long,100,63255,63531
2026-07-07T12:30:00,2026-07-07T14:30:00,short,100,63531,63209
2026-07-07T14:30:00,2026-07-07T18:00:00,long,100,63255,63991
2026-07-07T18:00:00,2026-07-07T19:30:00,short,100,63991,63761
2026-07-07T20:00:00,2026-07-07T23:00:00,short,100,63669,63577
2026-07-07T23:00:00,2026-07-07T23:30:00,long,100,63577,63531
2026-07-07T23:30:00,2026-07-08T00:00:00,short,100,63485,63439
2026-07-08T00:00:00,2026-07-08T01:00:00,long,100,63439,63485
2026-07-08T01:00:00,2026-07-08T03:00:00,short,100,63439,63025
2026-07-08T03:00:00,2026-07-08T03:30:00,long,100,63025,62933
2026-07-08T03:30:00,2026-07-08T04:00:00,short,100,62841,62841
2026-07-08T04:00:00,2026-07-08T04:30:00,long,100,62841,62749
2026-07-08T05:30:00,2026-07-08T07:00:00,short,100,62657,62749
2026-07-08T07:00:00,2026-07-08T08:00:00,long,100,62749,62703
2026-07-08T08:00:00,2026-07-08T09:30:00,short,100,62611,62059
2026-07-08T09:30:00,2026-07-08T12:30:00,long,100,62059,62105
2026-07-08T12:30:00,2026-07-08T13:30:00,short,100,61967,61967
2026-07-08T13:30:00,2026-07-08T14:30:00,long,100,61967,61829
2026-07-08T15:00:00,2026-07-08T16:00:00,short,100,61783,61783
2026-07-08T16:00:00,2026-07-08T17:30:00,long,100,61783,62105
2026-07-08T17:30:00,2026-07-08T18:00:00,short,100,62059,62197
2026-07-08T18:00:00,2026-07-08T20:30:00,long,100,62197,62105
2026-07-08T20:30:00,2026-07-08T21:30:00,short,100,62105,62197
2026-07-08T22:00:00,2026-07-09T00:00:00,long,100,62243,62151
2026-07-09T00:00:00,2026-07-09T01:00:00,short,100,62151,62289
2026-07-09T01:00:00,2026-07-09T01:30:00,long,100,62289,62243
2026-07-09T01:30:00,2026-07-09T02:00:00,short,100,62243,62013
2026-07-09T02:30:00,2026-07-09T03:00:00,short,100,61875,61875
2026-07-09T03:00:00,2026-07-09T05:00:00,long,100,61875,62243
2026-07-09T05:30:00,2026-07-09T08:30:00,long,100,62381,62887
2026-07-09T08:30:00,2026-07-09T13:00:00,short,100,62887,62749
2026-07-09T13:30:00,2026-07-09T14:00:00,long,100,62841,62841
2026-07-09T14:00:00,2026-07-09T14:30:00,short,100,62841,62979
2026-07-09T14:30:00,2026-07-09T15:30:00,long,100,62979,62887
2026-07-09T15:30:00,2026-07-09T17:00:00,short,100,62887,62841
2026-07-09T17:30:00,2026-07-09T18:30:00,long,100,62887,63209
2026-07-09T18:30:00,2026-07-09T20:00:00,short,100,63209,63301
2026-07-09T22:30:00,2026-07-10T01:00:00,short,100,63163,63255
2026-07-10T01:00:00,2026-07-10T06:00:00,long,100,63347,63945
2026-07-10T06:00:00,2026-07-10T07:00:00,short,100,63945,63991
2026-07-10T08:00:00,2026-07-10T08:30:00,long,100,64129,64175
2026-07-10T08:30:00,2026-07-10T09:00:00,short,100,64175,64313
2026-07-10T09:00:00,2026-07-10T12:30:00,long,100,64405,64313
2026-07-10T12:30:00,2026-07-10T13:30:00,short,100,64313,64313
2026-07-10T13:30:00,2026-07-10T14:00:00,long,100,64405,64359
2026-07-10T14:00:00,2026-07-10T15:00:00,short,100,64359,64083
2026-07-10T15:00:00,2026-07-10T15:30:00,long,100,64129,63991
2026-07-10T15:30:00,2026-07-10T16:30:00,short,100,63991,64129
2026-07-10T16:30:00,2026-07-10T17:00:00,long,100,64129,63991
2026-07-10T17:00:00,2026-07-10T19:30:00,short,100,63945,63945
2026-07-10T19:30:00,2026-07-10T20:00:00,long,100,63945,63807
2026-07-10T20:00:00,2026-07-10T20:30:00,short,100,63807,63807
2026-07-10T20:30:00,2026-07-11T01:30:00,long,100,63807,64037
2026-07-11T01:30:00,2026-07-11T02:30:00,short,100,63991,64083
2026-07-11T02:30:00,2026-07-11T15:30:00,long,100,64083,64267
2026-07-11T15:30:00,2026-07-11T17:00:00,short,100,64267,64267
2026-07-11T19:00:00,2026-07-11T19:30:00,short,100,64175,64313
2026-07-11T19:30:00,2026-07-11T22:00:00,long,100,64313,64221
2026-07-11T22:00:00,2026-07-12T01:00:00,short,100,64221,63945
2026-07-12T01:30:00,2026-07-12T04:00:00,long,100,63991,64037
2026-07-12T04:30:00,2026-07-12T07:00:00,short,100,63991,63807
2026-07-12T07:00:00,2026-07-12T09:00:00,long,100,63807,63807
2026-07-12T09:30:00,2026-07-12T10:30:00,long,100,63945,63807
2026-07-12T11:30:00,2026-07-12T17:30:00,long,100,63945,64037
2026-07-12T18:30:00,2026-07-12T21:00:00,long,100,64175,64037
2026-07-12T21:00:00,2026-07-13T00:00:00,short,100,64037,63899
2026-07-13T00:00:00,2026-07-13T00:30:00,long,100,63945,64037
2026-07-13T01:00:00,2026-07-13T05:30:00,short,100,63991,62795
2026-07-13T05:30:00,2026-07-13T10:30:00,long,100,62795,63025
2026-07-13T10:30:00,2026-07-13T11:00:00,short,100,62933,62979
2026-07-13T11:00:00,2026-07-13T11:30:00,long,100,62979,62887
2026-07-13T11:30:00,2026-07-13T14:00:00,short,100,62887,62473
2026-07-13T14:00:00,2026-07-13T15:30:00,long,100,62473,62657
2026-07-13T15:30:00,2026-07-13T19:30:00,short,100,62565,62059
2026-07-13T19:30:00,2026-07-13T20:00:00,long,100,62059,62151
2026-07-13T21:00:00,2026-07-13T22:00:00,short,100,62059,62151
2026-07-13T22:00:00,2026-07-13T22:30:00,long,100,62151,62013
2026-07-13T22:30:00,2026-07-13T23:00:00,short,100,62013,62013
2026-07-13T23:00:00,2026-07-14T02:00:00,long,100,62013,62381
2026-07-14T02:00:00,2026-07-14T02:30:00,short,100,62335,62473
2026-07-14T02:30:00,2026-07-14T03:00:00,long,100,62519,62427
2026-07-14T03:00:00,2026-07-14T03:30:00,short,100,62427,62565
2026-07-14T04:00:00,2026-07-14T06:00:00,long,100,62611,62657
2026-07-14T06:00:00,2026-07-14T08:30:00,short,100,62657,62703
2026-07-14T09:30:00,2026-07-14T10:30:00,short,100,62565,62703
2026-07-14T10:30:00,2026-07-14T17:00:00,long,100,62749,64635
2026-07-14T17:00:00,2026-07-14T17:30:00,short,100,64635,64635
2026-07-14T18:00:00,2026-07-14T20:30:00,short,100,64497,64589
2026-07-14T22:00:00,2026-07-15T00:00:00,long,100,64681,64865
2026-07-15T00:00:00,2026-07-15T03:00:00,short,100,64865,64635
2026-07-15T03:30:00,2026-07-15T05:00:00,long,100,64681,64589
2026-07-15T05:00:00,2026-07-15T05:30:00,short,100,64589,64727
2026-07-15T05:30:00,2026-07-15T06:30:00,long,100,64727,64819
2026-07-15T06:30:00,2026-07-15T08:30:00,short,100,64773,64681
2026-07-15T08:30:00,2026-07-15T09:30:00,long,100,64727,64635
2026-07-15T09:30:00,2026-07-15T12:30:00,short,100,64635,64773
2026-07-15T12:30:00,2026-07-15T13:30:00,long,100,64773,65141
2026-07-15T13:30:00,2026-07-15T14:00:00,short,100,65141,65233
2026-07-15T14:00:00,2026-07-15T16:00:00,long,100,65325,65233
2026-07-15T16:00:00,2026-07-15T20:00:00,short,100,65233,65003
2026-07-15T21:00:00,2026-07-16T01:30:00,short,100,64865,64681
2026-07-16T01:30:00,2026-07-16T02:30:00,long,100,64681,64589
2026-07-16T05:00:00,2026-07-16T06:00:00,long,100,64727,64819
2026-07-16T06:00:00,2026-07-16T10:00:00,short,100,64773,64175
2026-07-16T10:00:00,2026-07-16T12:30:00,long,100,64175,64083
2026-07-16T12:30:00,2026-07-16T13:00:00,short,100,63945,64037
2026-07-16T13:00:00,2026-07-16T14:30:00,long,100,64037,64589
2026-07-16T14:30:00,2026-07-16T15:00:00,short,100,64589,64635
2026-07-16T15:00:00,2026-07-16T15:30:00,long,100,64727,64681
2026-07-16T15:30:00,2026-07-16T18:00:00,short,100,64681,64221
2026-07-16T18:00:00,2026-07-16T20:30:00,long,100,64221,64083
2026-07-16T20:30:00,2026-07-17T01:00:00,short,100,64083,63945
2026-07-17T01:00:00,2026-07-17T01:30:00,long,100,63945,63853
2026-07-17T01:30:00,2026-07-17T03:00:00,short,100,63761,63623
2026-07-17T03:00:00,2026-07-17T03:30:00,long,100,63623,63531
2026-07-17T04:00:00,2026-07-17T09:00:00,short,100,63439,62933
2026-07-17T09:00:00,2026-07-17T12:30:00,long,100,62933,63117
2026-07-17T13:00:00,2026-07-17T13:30:00,short,100,63025,62979
2026-07-17T13:30:00,2026-07-17T19:00:00,long,100,62979,64083
2026-07-17T19:00:00,2026-07-17T19:30:00,short,100,64083,64175
2026-07-17T20:00:00,2026-07-17T20:30:00,short,100,64037,64129
2026-07-17T22:00:00,2026-07-18T03:30:00,short,100,63991,64037
2026-07-18T05:30:00,2026-07-18T07:00:00,short,100,63899,64037
2026-07-18T09:00:00,2026-07-18T11:00:00,short,100,63899,64037
2026-07-18T11:00:00,2026-07-18T13:00:00,long,100,64037,64037
2026-07-18T13:00:00,2026-07-18T13:30:00,short,100,64037,64129
2026-07-18T13:30:00,2026-07-19T03:00:00,long,100,64129,64635
2026-07-19T03:00:00,2026-07-19T12:30:00,short,100,64635,64451
2026-07-19T14:30:00,2026-07-19T18:00:00,long,100,64543,64451
2026-07-19T18:00:00,2026-07-19T20:00:00,short,100,64451,64497
2026-07-19T20:00:00,2026-07-19T21:30:00,long,100,64497,64359
2026-07-19T21:30:00,2026-07-19T22:00:00,short,100,64359,64497
2026-07-19T22:00:00,2026-07-19T22:30:00,long,100,64497,64635
2026-07-20T00:00:00,2026-07-20T00:30:00,long,100,64773,64727
2026-07-20T00:30:00,2026-07-20T01:00:00,short,100,64727,64635
2026-07-20T01:00:00,2026-07-20T01:30:00,long,100,64681,64727
2026-07-20T01:30:00,2026-07-20T02:30:00,short,100,64727,64727
2026-07-20T02:30:00,2026-07-20T03:00:00,long,100,64773,64681
2026-07-20T03:00:00,2026-07-20T03:30:00,short,100,64681,64773
2026-07-20T03:30:00,2026-07-20T04:00:00,long,100,64773,64727
2026-07-20T04:00:00,2026-07-20T07:00:00,short,100,64727,64037
2026-07-20T07:00:00,2026-07-20T08:30:00,long,100,64037,64083
2026-07-20T09:00:00,2026-07-20T12:00:00,long,100,64129,64819
2026-07-20T12:00:00,2026-07-20T15:00:00,short,100,64819,64497
2026-07-20T15:00:00,2026-07-20T16:00:00,long,100,64543,65417
2026-07-20T16:00:00,2026-07-20T17:30:00,short,100,65417,65555
2026-07-20T18:30:00,2026-07-20T20:00:00,short,100,65463,65279
2026-07-20T22:00:00,2026-07-21T00:00:00,short,100,65187,65279
2026-07-21T00:00:00,2026-07-21T01:30:00,long,100,65279,65371
2026-07-21T01:30:00,2026-07-21T02:30:00,short,100,65325,65325
2026-07-21T02:30:00,2026-07-21T10:30:00,long,100,65371,66199
2026-07-21T10:30:00,2026-07-21T11:30:00,short,100,66199,66291
2026-07-21T12:30:00,2026-07-21T13:00:00,long,100,66475,66383
2026-07-21T13:00:00,2026-07-21T13:30:00,short,100,66383,66521
2026-07-21T13:30:00,2026-07-21T15:00:00,long,100,66613,66659
2026-07-21T15:00:00,2026-07-21T18:30:00,short,100,66659,66337
2026-07-21T19:30:00,2026-07-21T22:00:00,long,100,66383,66245
2026-07-21T22:00:00,2026-07-21T23:00:00,short,100,66245,66383
2026-07-21T23:00:00,2026-07-22T01:00:00,long,100,66383,66475
2026-07-22T01:00:00,2026-07-22T01:30:00,short,100,66429,66429
2026-07-22T02:30:00,2026-07-22T04:00:00,short,100,66291,66337
2026-07-22T04:00:00,2026-07-22T05:00:00,long,100,66337,66245
2026-07-22T05:00:00,2026-07-22T08:00:00,short,100,66245,65969
2026-07-22T08:00:00,2026-07-22T09:30:00,long,100,65969,65877
2026-07-22T10:30:00,2026-07-22T12:00:00,long,100,66015,65923
2026-07-22T12:00:00,2026-07-22T13:30:00,short,100,65831,65739
2026-07-22T13:30:00,2026-07-22T14:00:00,long,100,65739,65831
2026-07-22T14:00:00,2026-07-22T14:30:00,short,100,65739,65693
2026-07-22T14:30:00,2026-07-22T17:00:00,long,100,65693,66061
2026-07-22T17:00:00,2026-07-22T21:30:00,short,100,66061,66015
2026-07-22T23:00:00,2026-07-22T23:30:00,short,100,65923,66061
2026-07-22T23:30:00,2026-07-23T00:30:00,long,100,66061,66061
2026-07-23T00:30:00,2026-07-23T05:00:00,short,100,66061,65739
2026-07-23T07:00:00,2026-07-23T08:00:00,short,100,65601,65509
2026-07-23T08:00:00,2026-07-23T11:00:00,long,100,65509,65601
2026-07-23T12:00:00,2026-07-23T14:00:00,short,100,65509,65003
2026-07-23T14:00:00,2026-07-23T14:30:00,long,100,65003,65003
2026-07-23T14:30:00,2026-07-23T18:00:00,short,100,64865,64819
2026-07-23T18:00:00,2026-07-24T00:00:00,long,100,64819,65003
2026-07-24T00:00:00,2026-07-24T00:30:00,short,100,64957,64957
2026-07-24T00:30:00,2026-07-24T04:30:00,long,100,64957,65279
2026-07-24T04:30:00,2026-07-24T06:00:00,short,100,65279,65417
2026-07-24T06:00:00,2026-07-24T07:30:00,long,100,65417,65463
2026-07-24T07:30:00,2026-07-24T09:30:00,short,100,65463,65095
2026-07-24T10:00:00,2026-07-24T11:30:00,short,100,64957,65095
2026-07-24T11:30:00,2026-07-24T12:00:00,long,100,65095,64957
2026-07-24T12:30:00,2026-07-24T14:30:00,short,100,64911,63991
2026-07-24T14:30:00,2026-07-24T16:30:00,long,100,63991,63945
2026-07-24T17:00:00,2026-07-24T21:30:00,long,100,64037,64083
2026-07-25T04:30:00,2026-07-25T05:30:00,long,100,64175,64037
2026-07-25T05:30:00,2026-07-25T09:30:00,short,100,64037,63991
2026-07-25T09:30:00,2026-07-26T05:30:00,long,100,63991,64359
2026-07-26T05:30:00,2026-07-26T06:30:00,short,100,64359,64451
2026-07-26T07:00:00,2026-07-26T08:30:00,short,100,64313,64451
2026-07-26T08:30:00,2026-07-26T12:30:00,long,100,64497,64405
2026-07-26T12:30:00,2026-07-26T13:30:00,short,100,64405,64543
2026-07-26T13:30:00,2026-07-26T17:30:00,long,100,64543,64635
2026-07-26T17:30:00,2026-07-26T21:00:00,short,100,64635,64773
2026-07-26T21:00:00,2026-07-27T00:00:00,long,100,64773,65233
2026-07-27T00:00:00,2026-07-27T01:30:00,short,100,65233,65141
2026-07-27T01:30:00,2026-07-27T07:30:00,long,100,65233,65325
2026-07-27T07:30:00,2026-07-27T09:30:00,short,100,65325,65279
2026-07-27T11:00:00,2026-07-27T13:30:00,short,100,65187,65095
2026-07-27T13:30:00,2026-07-27T14:00:00,long,100,65141,65095
2026-07-27T14:00:00,2026-07-27T16:00:00,short,100,65049,64681
2026-07-27T16:00:00,2026-07-27T18:30:00,long,100,64681,64819
2026-07-27T19:00:00,2026-07-27T21:00:00,long,100,64957,64865
2026-07-27T21:00:00,2026-07-28T03:00:00,short,100,64819,63301
2026-07-28T03:00:00,2026-07-28T07:30:00,long,100,63301,63439
2026-07-28T12:30:00,2026-07-28T13:00:00,long,100,63531,63393
2026-07-28T13:00:00,2026-07-28T14:30:00,short,100,63347,63255
2026-07-28T14:30:00,2026-07-28T17:00:00,long,100,63255,63853
2026-07-28T17:00:00,2026-07-28T19:30:00,short,100,63853,63853
2026-07-28T21:30:00,2026-07-28T22:30:00,long,100,63945,63807
2026-07-28T22:30:00,2026-07-28T23:30:00,short,100,63807,63761
2026-07-28T23:30:00,2026-07-29T01:00:00,long,100,63807,63853
2026-07-29T01:00:00,2026-07-29T02:00:00,short,100,63853,63853
2026-07-29T02:00:00,2026-07-29T03:00:00,long,100,63899,63899
2026-07-29T03:00:00,2026-07-29T04:30:00,short,100,63899,63899
2026-07-29T04:30:00,2026-07-29T08:00:00,long,100,63945,64405
2026-07-29T08:00:00,2026-07-29T08:30:00,short,100,64405,64405
2026-07-29T09:30:00,2026-07-29T10:30:00,long,100,64497,64497
2026-07-29T10:30:00,2026-07-29T13:30:00,short,100,64497,64359
2026-07-29T13:30:00,2026-07-29T14:00:00,long,100,64405,64543
2026-07-29T14:00:00,2026-07-29T17:30:00,short,100,64497,63899
2026-07-29T17:30:00,2026-07-29T18:00:00,long,100,63899,64129
2026-07-29T18:00:00,2026-07-29T18:30:00,short,100,64037,64175
2026-07-29T18:30:00,2026-07-29T19:00:00,long,100,64175,64359
2026-07-29T19:00:00,2026-07-29T21:30:00,short,100,64359,63669
2026-07-29T21:30:00,2026-07-30T00:30:00,long,100,63669,63853
2026-07-30T00:30:00,2026-07-30T01:00:00,short,100,63761,63807
2026-07-30T01:00:00,2026-07-30T02:30:00,long,100,63807,64175
2026-07-30T02:30:00,2026-07-30T03:00:00,short,100,64175,64267
2026-07-30T03:30:00,2026-07-30T08:00:00,short,100,64129,64129
2026-07-30T08:00:00,2026-07-30T14:00:00,long,100,64221,64819
2026-07-30T14:00:00,2026-07-30T16:00:00,short,100,64819,64819
2026-07-30T18:00:00,2026-07-30T19:00:00,short,100,64773,64819
2026-07-30T19:30:00,2026-07-30T22:00:00,short,100,64727,64865
2026-07-30T22:00:00,2026-07-30T22:30:00,long,100,64865,64865
2026-07-30T22:30:00,2026-07-30T23:00:00,short,100,64865,64957
2026-07-30T23:00:00,2026-07-30T23:30:00,long,100,64957,64819
2026-07-30T23:30:00,2026-07-31T01:00:00,short,100,64819,64865
2026-07-31T01:00:00,2026-07-31T01:30:00,long,100,64911,65049
2026-07-31T01:30:00,2026-07-31T06:00:00,short,100,65049,64451
2026-07-31T06:00:00,2026-07-31T06:30:00,long,100,64451,64313
2026-07-31T06:30:00,2026-07-31T10:30:00,short,100,64267,63853
2026-07-31T10:30:00,2026-07-31T11:30:00,long,100,63853,63761
2026-07-31T13:30:00,2026-07-31T16:00:00,short,100,63623,62749
2026-07-31T16:00:00,2026-07-31T18:00:00,long,100,62749,63071
2026-07-31T19:30:00,2026-08-01T02:00:00,short,100,62979,63025
2026-08-01T02:00:00,2026-08-01T16:00:00,long,100,63071,62933
2026-08-01T16:00:00,2026-08-01T20:30:00,short,100,62933,62657
2026-08-01T20:30:00,2026-08-02T05:30:00,long,100,62657,63393
2026-08-02T05:30:00,2026-08-02T12:00:00,short,100,63393,63163
2026-08-02T13:00:00,2026-08-02T16:30:00,short,100,63025,63163
2026-08-02T16:30:00,2026-08-02T22:30:00,long,100,63163,63439
2026-08-02T22:30:00,2026-08-02T23:00:00,short,100,63439,63531
2026-08-03T00:00:00,2026-08-03T00:30:00,short,100,63393,63347
2026-08-03T01:00:00,2026-08-03T08:30:00,short,100,63209,62473
2026-08-03T08:30:00,2026-08-03T11:00:00,long,100,62473,62657
2026-08-03T11:30:00,2026-08-03T12:30:00,short,100,62565,62703
2026-08-03T12:30:00,2026-08-03T15:00:00,long,100,62703,63761
2026-08-03T15:00:00,2026-08-03T16:00:00,short,100,63761,63807
2026-08-03T16:30:00,2026-08-03T17:30:00,short,100,63761,63853
2026-08-03T20:30:00,2026-08-04T01:00:00,short,100,63761,63485
2026-08-04T01:00:00,2026-08-04T02:00:00,long,100,63531,63669
2026-08-04T02:30:00,2026-08-04T03:00:00,long,100,63807,63715
2026-08-04T03:00:00,2026-08-04T04:00:00,short,100,63715,63853
2026-08-04T04:00:00,2026-08-04T05:00:00,long,100,63853,63853
2026-08-04T05:00:00,2026-08-04T10:30:00,short,100,63853,63623
2026-08-04T10:30:00,2026-08-04T13:30:00,long,100,63669,63761
2026-08-04T13:30:00,2026-08-04T14:00:00,short,100,63715,63807
2026-08-04T14:00:00,2026-08-04T15:00:00,long,100,63807,63945
2026-08-04T15:00:00,2026-08-04T15:30:00,short,100,63945,64037
2026-08-04T15:30:00,2026-08-04T16:00:00,long,100,64083,63991
2026-08-04T16:00:00,2026-08-04T17:00:00,short,100,63991,64083
2026-08-04T17:00:00,2026-08-04T17:30:00,long,100,64129,64037
2026-08-04T17:30:00,2026-08-04T18:00:00,short,100,64037,64037
2026-08-04T18:00:00,2026-08-04T19:00:00,long,100,64083,64221
2026-08-04T19:00:00,2026-08-04T20:30:00,short,100,64221,64267
2026-08-04T20:30:00,2026-08-04T21:00:00,long,100,64313,64221
2026-08-04T21:00:00,2026-08-05T01:00:00,short,100,64221,64129
2026-08-05T01:30:00,2026-08-05T03:00:00,long,100,64175,64221
2026-08-05T03:00:00,2026-08-05T03:30:00,short,100,64175,64129
2026-08-05T03:30:00,2026-08-05T06:00:00,long,100,64175,64267
2026-08-05T07:00:00,2026-08-05T08:00:00,short,100,64221,64221
2026-08-05T08:00:00,2026-08-05T08:30:00,long,100,64267,64129
2026-08-05T08:30:00,2026-08-05T10:00:00,short,100,64129,64221
2026-08-05T10:00:00,2026-08-05T10:30:00,long,100,64221,64083
2026-08-05T10:30:00,2026-08-05T12:00:00,short,100,64083,64175
2026-08-05T12:00:00,2026-08-05T12:30:00,long,100,64175,64405
2026-08-05T12:30:00,2026-08-05T13:30:00,short,100,64359,64267
2026-08-05T13:30:00,2026-08-05T17:00:00,long,100,64313,64543
2026-08-05T17:00:00,2026-08-05T17:30:00,short,100,64543,64681
2026-08-05T17:30:00,2026-08-05T20:30:00,long,100,64681,64819
2026-08-05T20:30:00,2026-08-06T04:00:00,short,100,64819,64635
2026-08-06T05:00:00,2026-08-06T09:00:00,long,100,64727,64773
2026-08-06T09:00:00,2026-08-06T13:30:00,short,100,64727,64405
2026-08-06T13:30:00,2026-08-06T15:30:00,long,100,64405,64635
2026-08-06T15:30:00,2026-08-06T16:30:00,short,100,64589,64727
2026-08-06T16:30:00,2026-08-06T17:00:00,long,100,64727,64635
2026-08-06T17:00:00,2026-08-07T01:00:00,short,100,64635,64405
2026-08-07T02:00:00,2026-08-07T02:30:00,short,100,64267,64405
2026-08-07T02:30:00,2026-08-07T03:00:00,long,100,64405,64267
2026-08-07T05:00:00,2026-08-07T05:30:00,short,100,64221,64313
2026-08-07T05:30:00,2026-08-07T13:00:00,long,100,64313,65095
2026-08-07T13:00:00,2026-08-07T14:00:00,short,100,65095,65141
2026-08-07T14:30:00,2026-08-07T17:30:00,short,100,65049,64727
2026-08-07T17:30:00,2026-08-07T22:30:00,long,100,64773,64819
2026-08-08T03:00:00,2026-08-08T19:00:00,long,100,64957,64957
2026-08-08T19:30:00,2026-08-08T21:30:00,long,100,65095,64957
2026-08-08T21:30:00,2026-08-09T08:00:00,short,100,64957,64911
2026-08-09T08:30:00,2026-08-09T10:00:00,short,100,64773,64911
2026-08-09T10:00:00,2026-08-09T20:00:00,long,100,64911,65095
2026-08-09T22:00:00,2026-08-09T22:30:00,long,100,65233,65095
2026-08-09T22:30:00,2026-08-10T01:30:00,short,100,65095,65049
2026-08-10T01:30:00,2026-08-10T02:00:00,long,100,65095,65049
2026-08-10T02:00:00,2026-08-10T02:30:00,short,100,65049,65049
2026-08-10T02:30:00,2026-08-10T03:30:00,long,100,65095,64957
2026-08-10T03:30:00,2026-08-10T04:00:00,short,100,64957,65049
2026-08-10T04:00:00,2026-08-10T09:00:00,long,100,65049,65141
2026-08-10T09:30:00,2026-08-10T11:00:00,short,100,65095,65095
2026-08-10T12:30:00,2026-08-10T14:00:00,short,100,64957,64681
2026-08-10T14:00:00,2026-08-10T14:30:00,long,100,64681,64635
2026-08-10T15:00:00,2026-08-10T19:00:00,short,100,64543,64037
2026-08-10T19:00:00,2026-08-10T21:30:00,long,100,64037,63991
2026-08-11T01:00:00,2026-08-11T05:00:00,long,100,64083,63945
2026-08-11T07:30:00,2026-08-11T13:00:00,long,100,64037,64221
2026-08-11T13:00:00,2026-08-11T19:30:00,short,100,64175,63485
2026-08-11T19:30:00,2026-08-11T23:00:00,long,100,63485,63577
2026-08-12T00:30:00,2026-08-12T02:30:00,long,100,63715,63715
2026-08-12T02:30:00,2026-08-12T07:00:00,short,100,63669.0,63761.0
2026-08-12T05:00:00,2026-08-12T06:00:00,long,100,63853,63715
2026-08-12T06:00:00,2026-08-12T07:30:00,short,100,63715,63761
2026-08-12T07:30:00,2026-08-12T12:30:00,long,100,63807,64221
2026-08-12T12:30:00,2026-08-12T15:00:00,short,100,64221,63531
2026-08-12T15:00:00,2026-08-12T15:30:00,long,100,63531,63393
2026-08-12T16:00:00,2026-08-12T16:30:00,long,100,63531,63439
2026-08-12T20:00:00,2026-08-12T21:00:00,long,100,63531,63439
2026-08-13T00:00:00,2026-08-13T01:00:00,long,100,63577,63485
2026-08-13T01:00:00,2026-08-13T02:30:00,short,100,63439,63531
2026-08-13T02:30:00,2026-08-13T06:00:00,long,100,63531,63761
2026-08-13T06:30:00,2026-08-13T07:30:00,long,100,63899,63807
2026-08-13T07:30:00,2026-08-13T09:30:00,short,100,63807,63807
2026-08-13T10:00:00,2026-08-13T12:00:00,short,100,63669,63577
2026-08-13T12:30:00,2026-08-13T15:00:00,long,100,63623,63669
2026-08-13T15:00:00,2026-08-13T18:30:00,short,100,63623,63255
2026-08-13T18:30:00,2026-08-13T23:00:00,long,100,63255,63439
2026-08-14T01:30:00,2026-08-14T02:00:00,long,100,63577,63439
2026-08-14T02:00:00,2026-08-14T04:00:00,short,100,63439,63439
2026-08-14T05:00:00,2026-08-14T07:00:00,short,100,63301,63117
2026-08-14T07:00:00,2026-08-14T07:30:00,long,100,63117,62979
2026-08-14T07:30:00,2026-08-14T08:30:00,short,100,62979,62933
2026-08-14T08:30:00,2026-08-14T09:00:00,long,100,62933,62795
2026-08-14T09:00:00,2026-08-14T10:00:00,short,100,62749,62887
2026-08-14T10:00:00,2026-08-14T10:30:00,long,100,62887,62749
2026-08-14T11:00:00,2026-08-14T12:30:00,long,100,62887,62749
2026-08-14T12:30:00,2026-08-14T15:00:00,short,100,62703,62749
2026-08-14T15:00:00,2026-08-14T17:30:00,long,100,62749,63025
2026-08-14T17:30:00,2026-08-14T23:30:00,short,100,62979,62979
2026-08-14T23:30:00,2026-08-15T06:00:00,long,100,63025,62979
2026-08-15T06:00:00,2026-08-15T06:30:00,short,100,62979,63117
2026-08-15T06:30:00,2026-08-15T08:30:00,long,100,63117,62979
2026-08-15T08:30:00,2026-08-15T09:30:00,short,100,62979,63025
2026-08-15T15:30:00,2026-08-16T09:30:00,long,100,63071,62979
2026-08-16T09:30:00,2026-08-16T13:00:00,short,100,62979,63071
2026-08-16T13:00:00,2026-08-16T17:00:00,long,100,63071,63163
2026-08-16T17:00:00,2026-08-17T01:00:00,short,100,63163,62979
2026-08-16T17:30:00,2026-08-17T01:00:00,short,100,63117.0,62979.0
2026-08-17T01:00:00,2026-08-17T07:30:00,long,100,63025,63485
2026-08-17T07:30:00,2026-08-17T10:00:00,short,100,63485,63439
2026-08-17T10:30:00,2026-08-17T13:00:00,long,100,63531,63485
2026-08-17T13:00:00,2026-08-17T13:30:00,short,100,63485,63577
2026-08-17T13:30:00,2026-08-17T16:00:00,long,100,63623,64037
2026-08-17T16:00:00,2026-08-17T17:00:00,short,100,64037,64175
2026-08-17T17:30:00,2026-08-17T19:30:00,long,100,64267,64313
2026-08-17T19:30:00,2026-08-17T20:00:00,short,100,64313,64405
2026-08-17T21:00:00,2026-08-17T23:00:00,short,100,64267,64405
2026-08-17T23:00:00,2026-08-18T00:30:00,long,100,64497,64359
2026-08-18T00:30:00,2026-08-18T04:30:00,short,100,64359,64221
2026-08-18T06:00:00,2026-08-18T07:30:00,long,100,64267,64175
2026-08-18T07:30:00,2026-08-18T08:30:00,short,100,64175,64313
2026-08-18T08:30:00,2026-08-18T09:00:00,long,100,64313,64175
2026-08-18T09:00:00,2026-08-18T11:00:00,short,100,64175,64267
2026-08-18T11:00:00,2026-08-18T12:30:00,long,100,64267,64221
2026-08-18T12:30:00,2026-08-18T13:30:00,short,100,64221,64221
2026-08-18T13:30:00,2026-08-18T14:30:00,long,100,64221,64819
2026-08-18T14:30:00,2026-08-18T15:00:00,short,100,64819,64819
2026-08-18T16:00:00,2026-08-18T16:30:00,short,100,64681,64773
2026-08-18T17:30:00,2026-08-18T18:00:00,short,100,64681,64773
2026-08-18T19:30:00,2026-08-18T23:00:00,short,100,64635,64727
2026-08-18T23:00:00,2026-08-19T00:00:00,long,100,64727,64589
2026-08-19T00:00:00,2026-08-19T06:30:00,short,100,64589,64359
2026-08-19T06:30:00,2026-08-19T16:30:00,long,100,64359,68729
2026-08-19T16:30:00,2026-08-19T17:30:00,short,100,68729,68131
2026-08-19T17:30:00,2026-08-19T19:00:00,long,100,68131,68223
2026-08-19T19:00:00,2026-08-19T19:30:00,short,100,68131,68269
2026-08-19T19:30:00,2026-08-19T22:00:00,long,100,68269,69511
2026-08-19T22:00:00,2026-08-19T22:30:00,short,100,69511,69235
2026-08-19T23:00:00,2026-08-20T00:30:00,long,100,69327,69465
2026-08-20T00:30:00,2026-08-20T01:30:00,short,100,69465,69465
2026-08-20T01:30:00,2026-08-20T02:00:00,long,100,69511,69603
2026-08-20T02:00:00,2026-08-20T03:30:00,short,100,69603,69143
2026-08-20T03:30:00,2026-08-20T05:30:00,long,100,69143,69419
2026-08-20T05:30:00,2026-08-20T06:00:00,short,100,69373,69511
2026-08-20T06:00:00,2026-08-20T07:00:00,long,100,69511,69695
2026-08-20T07:00:00,2026-08-20T07:30:00,short,100,69695,69787
2026-08-20T07:30:00,2026-08-20T11:00:00,long,100,69833,71857
2026-08-20T11:00:00,2026-08-20T14:30:00,short,100,71857,71581
2026-08-20T14:30:00,2026-08-20T18:00:00,long,100,71673,72639
2026-08-20T18:00:00,2026-08-20T19:00:00,short,100,72639,72547
2026-08-20T20:00:00,2026-08-20T20:30:00,long,100,72685,72639
2026-08-20T20:30:00,2026-08-20T22:00:00,short,100,72639,72777
2026-08-20T22:30:00,2026-08-20T23:00:00,short,100,72639,72777
2026-08-20T23:00:00,2026-08-20T23:30:00,long,100,72823,73053
2026-08-20T23:30:00,2026-08-21T00:00:00,short,100,73053,73099
2026-08-21T00:00:00,2026-08-21T02:00:00,long,100,73191,74939
2026-08-21T02:00:00,2026-08-21T03:00:00,short,100,74939,74571
2026-08-21T03:00:00,2026-08-21T03:30:00,long,100,74617,74479
2026-08-21T03:30:00,2026-08-21T04:00:00,short,100,74479,74617
2026-08-21T04:00:00,2026-08-21T09:00:00,long,100,74617,79125
2026-08-21T09:00:00,2026-08-21T09:30:00,short,100,79125,77837
2026-08-21T09:30:00,2026-08-21T10:30:00,long,100,77837,77791
2026-08-21T11:00:00,2026-08-21T12:30:00,short,100,77607,76871
2026-08-21T12:30:00,2026-08-21T13:00:00,long,100,76871,77101
2026-08-21T13:30:00,2026-08-21T14:00:00,long,100,77239,77147
2026-08-21T14:00:00,2026-08-21T14:30:00,short,100,77101,77193
2026-08-21T14:30:00,2026-08-21T15:30:00,long,100,77193,77469
2026-08-21T15:30:00,2026-08-21T16:00:00,short,100,77469,77331
2026-08-21T16:00:00,2026-08-21T17:30:00,long,100,77423,77377
2026-08-21T17:30:00,2026-08-21T19:00:00,short,100,77377,77285
2026-08-21T19:00:00,2026-08-21T19:30:00,long,100,77331,77193
2026-08-21T19:30:00,2026-08-21T20:00:00,short,100,77193,77101
2026-08-21T20:00:00,2026-08-21T23:30:00,long,100,77101,78343
2026-08-21T23:30:00,2026-08-22T02:00:00,short,100,78343,77975
2026-08-22T02:00:00,2026-08-22T03:30:00,long,100,78021,78573
2026-08-22T03:30:00,2026-08-22T04:00:00,short,100,78573,78527
2026-08-22T04:00:00,2026-08-22T04:30:00,long,100,78619,78481
2026-08-22T04:30:00,2026-08-22T06:30:00,short,100,78481,77423
2026-08-22T06:30:00,2026-08-22T07:30:00,long,100,77423,77377
2026-08-22T09:30:00,2026-08-22T11:30:00,short,100,77193,77101
2026-08-22T11:30:00,2026-08-22T13:00:00,long,100,77101,77193
2026-08-22T13:30:00,2026-08-22T14:00:00,long,100,77285,77193
2026-08-22T14:00:00,2026-08-22T16:00:00,short,100,77147,77147
2026-08-22T16:00:00,2026-08-22T17:00:00,long,100,77147,77147
2026-08-22T17:00:00,2026-08-22T17:30:00,short,100,77101,77239
2026-08-22T17:30:00,2026-08-22T20:00:00,long,100,77239,77285
2026-08-22T21:00:00,2026-08-22T22:00:00,short,100,77239,77009
2026-08-22T22:00:00,2026-08-22T22:30:00,long,100,77055,76963
2026-08-22T23:30:00,2026-08-23T02:00:00,long,100,77101,77147
2026-08-23T02:00:00,2026-08-23T06:00:00,short,100,77101,76227
2026-08-23T06:00:00,2026-08-23T06:30:00,long,100,76227,76135
2026-08-23T07:00:00,2026-08-23T07:30:00,long,100,76227,76135
2026-08-23T07:30:00,2026-08-23T08:00:00,short,100,75997,76135
2026-08-23T08:00:00,2026-08-23T12:00:00,long,100,76135,77147
2026-08-23T12:00:00,2026-08-23T12:30:00,short,100,77147,77147
2026-08-23T13:00:00,2026-08-23T14:30:00,long,100,77285,77331
2026-08-23T14:30:00,2026-08-23T16:00:00,short,100,77331,77285
2026-08-23T16:30:00,2026-08-23T17:00:00,long,100,77377,77239
2026-08-23T17:00:00,2026-08-23T18:00:00,short,100,77239,77331
2026-08-23T20:30:00,2026-08-23T21:30:00,long,100,77377,77837
2026-08-23T21:30:00,2026-08-23T23:30:00,short,100,77837,77745
2026-08-24T00:00:00,2026-08-24T00:30:00,short,100,77607,77515
2026-08-24T00:30:00,2026-08-24T01:00:00,long,100,77561,77561
2026-08-24T01:00:00,2026-08-24T02:00:00,short,100,77515,77055
2026-08-24T02:00:00,2026-08-24T03:00:00,long,100,77055,77331
2026-08-24T03:00:00,2026-08-24T04:00:00,short,100,77285,77101
2026-08-24T04:00:00,2026-08-24T04:30:00,long,100,77147,77101
2026-08-24T04:30:00,2026-08-24T05:00:00,short,100,77055,77009
2026-08-24T05:00:00,2026-08-24T07:30:00,long,100,77009,77423
2026-08-24T07:30:00,2026-08-24T08:30:00,short,100,77423,77055
2026-08-24T09:00:00,2026-08-24T10:30:00,long,100,77101,77699
2026-08-24T10:30:00,2026-08-24T11:00:00,short,100,77699,77745
2026-08-24T11:00:00,2026-08-24T13:00:00,long,100,77837,78987
2026-08-24T13:00:00,2026-08-24T14:00:00,short,100,78987,78757
2026-08-24T14:00:00,2026-08-24T15:30:00,long,100,78849,79723
2026-08-24T15:30:00,2026-08-24T16:00:00,short,100,79723,79171
2026-08-24T16:00:00,2026-08-24T16:30:00,long,100,79171,79539
2026-08-24T16:30:00,2026-08-24T17:30:00,short,100,79493,78665
2026-08-24T17:30:00,2026-08-24T19:00:00,long,100,78665,78803
2026-08-24T20:00:00,2026-08-24T20:30:00,short,100,78711,78849
2026-08-24T20:30:00,2026-08-24T22:00:00,long,100,78849,78803
2026-08-24T22:00:00,2026-08-24T23:00:00,short,100,78757,78849
2026-08-24T23:00:00,2026-08-25T00:00:00,long,100,78849,78803
2026-08-25T00:00:00,2026-08-25T00:30:00,short,100,78803,78895
2026-08-25T00:30:00,2026-08-25T02:30:00,long,100,78895,80827
2026-08-25T02:30:00,2026-08-25T05:00:00,short,100,80827,80413
2026-08-25T05:00:00,2026-08-25T06:30:00,long,100,80459,80551
2026-08-25T06:30:00,2026-08-25T08:00:00,short,100,80505.0,79815.0
2026-08-25T07:00:00,2026-08-25T07:30:00,long,100,80689,80551
2026-08-25T07:30:00,2026-08-25T08:00:00,short,100,80551,79769
2026-08-25T08:00:00,2026-08-25T08:30:00,long,100,79769,80045
2026-08-25T08:30:00,2026-08-25T10:30:00,short,100,79953,79309
2026-08-25T10:30:00,2026-08-25T11:30:00,long,100,79309,79171
2026-08-25T12:00:00,2026-08-25T14:00:00,short,100,79033,78803
2026-08-25T14:00:00,2026-08-25T16:00:00,long,100,78803,79309
2026-08-25T16:00:00,2026-08-25T17:30:00,short,100,79263,78941
2026-08-25T17:30:00,2026-08-25T18:30:00,long,100,78987,79079
2026-08-25T19:00:00,2026-08-25T21:00:00,short,100,79033,78343
2026-08-25T21:00:00,2026-08-25T23:00:00,long,100,78343,78711
2026-08-25T23:00:00,2026-08-26T01:00:00,short,100,78665,78665
2026-08-26T01:00:00,2026-08-26T02:30:00,long,100,78711,79033
2026-08-26T02:30:00,2026-08-26T05:00:00,short,100,79033,78941
2026-08-26T05:00:00,2026-08-26T06:00:00,long,100,79033,78895
2026-08-26T06:00:00,2026-08-26T08:00:00,short,100,78895,78987
2026-08-26T08:00:00,2026-08-26T08:30:00,long,100,78987,78849
2026-08-26T08:30:00,2026-08-26T10:00:00,short,100,78849,78573
2026-08-26T10:00:00,2026-08-26T11:30:00,long,100,78573,78527
2026-08-26T11:30:00,2026-08-26T12:00:00,short,100,78435,78573
2026-08-26T12:00:00,2026-08-26T12:30:00,long,100,78573,78573
2026-08-26T12:30:00,2026-08-26T13:30:00,short,100,78527,78159
2026-08-26T13:30:00,2026-08-26T14:00:00,long,100,78159,78297
2026-08-26T14:00:00,2026-08-26T15:00:00,short,100,78205,77929
2026-08-26T15:00:00,2026-08-26T15:30:00,long,100,77929,78021
2026-08-26T17:00:00,2026-08-26T17:30:00,long,100,78113,78389
2026-08-26T17:30:00,2026-08-26T19:00:00,short,100,78389,78527
2026-08-26T19:00:00,2026-08-26T20:00:00,long,100,78527,78389
2026-08-26T20:00:00,2026-08-26T21:00:00,short,100,78389,78481
2026-08-26T21:00:00,2026-08-27T00:00:00,long,100,78573,78849
2026-08-27T00:00:00,2026-08-27T01:00:00,short,100,78849,78803
2026-08-27T01:00:00,2026-08-27T02:00:00,long,100,78895,78803
2026-08-27T02:00:00,2026-08-27T03:00:00,short,100,78803,78849
2026-08-27T03:00:00,2026-08-27T04:00:00,long,100,78895,78757
2026-08-27T04:00:00,2026-08-27T05:30:00,short,100,78757,78803
2026-08-27T05:30:00,2026-08-27T06:00:00,long,100,78849,78803
2026-08-27T06:00:00,2026-08-27T06:30:00,short,100,78803,78757
2026-08-27T06:30:00,2026-08-27T09:30:00,long,100,78803,80321
2026-08-27T09:30:00,2026-08-27T13:30:00,short,100,80321,79401
2026-08-27T13:00:00,2026-08-27T15:30:00,long,100,79401.0,80413.0
2026-08-27T13:30:00,2026-08-27T15:30:00,long,100,79401,80413
2026-08-27T15:30:00,2026-08-27T16:00:00,short,100,80413,80413
2026-08-27T17:00:00,2026-08-27T17:30:00,long,100,80551,80551
2026-08-27T17:30:00,2026-08-27T18:30:00,short,100,80551,80045
2026-08-27T18:30:00,2026-08-27T19:30:00,long,100,80045,79999
2026-08-27T19:30:00,2026-08-27T20:00:00,short,100,79907,79999
2026-08-27T20:00:00,2026-08-28T01:30:00,long,100,79999,80965
2026-08-28T01:30:00,2026-08-28T06:00:00,short,100,80965,79769
2026-08-28T06:00:00,2026-08-28T07:30:00,long,100,79769,79723
2026-08-28T08:00:00,2026-08-28T08:30:00,long,100,79769,79631
2026-08-28T08:30:00,2026-08-28T10:30:00,short,100,79539,79401
2026-08-28T10:30:00,2026-08-28T12:00:00,long,100,79401,79493
2026-08-28T12:30:00,2026-08-28T13:30:00,short,100,79401,79309
2026-08-28T13:30:00,2026-08-28T14:00:00,long,100,79309,79171
2026-08-28T14:00:00,2026-08-28T14:30:00,short,100,79171,79033
2026-08-28T14:30:00,2026-08-28T15:00:00,long,100,79033,79401
2026-08-28T15:00:00,2026-08-28T16:30:00,short,100,79355,77699
2026-08-28T16:30:00,2026-08-28T18:00:00,long,100,77699,77745
2026-08-28T18:00:00,2026-08-28T19:00:00,short,100,77561,77699
2026-08-28T19:00:00,2026-08-28T19:30:00,long,100,77699,77561
2026-08-28T19:30:00,2026-08-28T22:00:00,short,100,77515,77515
2026-08-28T22:00:00,2026-08-29T00:30:00,long,100,77515,77699
2026-08-29T02:00:00,2026-08-29T04:30:00,short,100,77653,77653
2026-08-29T06:00:00,2026-08-29T07:00:00,short,100,77515,77515
2026-08-29T07:00:00,2026-08-29T15:00:00,long,100,77515,77837
2026-08-29T16:00:00,2026-08-29T20:30:00,long,100,77975,78067
2026-08-29T20:30:00,2026-08-29T22:30:00,short,100,78067,78205
2026-08-30T01:00:00,2026-08-30T02:30:00,short,100,78067,78113
2026-08-30T06:30:00,2026-08-30T07:30:00,long,100,78205,78113
2026-08-30T07:30:00,2026-08-30T10:30:00,short,100,78113,78113
2026-08-30T10:30:00,2026-08-30T17:00:00,long,100,78159,79171
2026-08-30T17:00:00,2026-08-30T17:30:00,short,100,79171,79033
2026-08-30T19:00:00,2026-08-31T00:00:00,short,100,78895,77791
2026-08-31T00:00:00,2026-08-31T01:00:00,long,100,77791,77745
2026-08-31T02:00:00,2026-08-31T02:30:00,long,100,77791,77745
2026-08-31T02:30:00,2026-08-31T03:00:00,short,100,77653,77561
2026-08-31T03:00:00,2026-08-31T04:00:00,long,100,77561,77561
2026-08-31T04:00:00,2026-08-31T04:30:00,short,100,77469,77607
2026-08-31T04:30:00,2026-08-31T09:30:00,long,100,77607,78481
2026-08-31T09:30:00,2026-08-31T10:30:00,short,100,78481,78573
2026-08-31T10:30:00,2026-08-31T11:00:00,long,100,78711,78573
2026-08-31T11:00:00,2026-08-31T13:00:00,short,100,78573,78067
2026-08-31T13:00:00,2026-08-31T13:30:00,long,100,78067,77929
2026-08-31T13:30:00,2026-08-31T14:00:00,short,100,77929,77975
2026-08-31T14:00:00,2026-08-31T15:00:00,long,100,77975,78389
2026-08-31T15:30:00,2026-08-31T17:00:00,long,100,78527,78481
2026-08-31T17:00:00,2026-08-31T17:30:00,short,100,78481,78619
2026-08-31T17:30:00,2026-08-31T19:30:00,long,100,78665,78895
2026-08-31T19:30:00,2026-09-01T00:00:00,short,100,78895,78711
2026-09-01T00:00:00,2026-09-01T00:30:00,long,100,78803,78711
2026-09-01T00:30:00,2026-09-01T02:30:00,short,100,78711,78343
2026-09-01T02:30:00,2026-09-01T04:30:00,long,100,78343,78665
2026-09-01T05:00:00,2026-09-01T06:00:00,long,100,78803,78987
2026-09-01T06:00:00,2026-09-01T10:00:00,short,100,78987,78021
2026-09-01T10:00:00,2026-09-01T13:00:00,long,100,78021,77883
2026-09-01T13:30:00,2026-09-01T15:00:00,long,100,77975,78067
2026-09-01T15:00:00,2026-09-01T19:00:00,short,100,77975,77193
2026-09-01T19:00:00,2026-09-01T21:00:00,long,100,77193,77285
2026-09-01T21:00:00,2026-09-01T22:30:00,short,100,77147,77193
2026-09-01T22:30:00,2026-09-02T00:00:00,long,100,77193,77239
2026-09-02T00:00:00,2026-09-02T02:00:00,short,100,77193,77147
2026-09-02T02:00:00,2026-09-02T04:00:00,long,100,77147,77469
2026-09-02T04:00:00,2026-09-02T04:30:00,short,100,77423,77515
2026-09-02T04:30:00,2026-09-02T06:00:00,long,100,77561,77561
2026-09-02T06:00:00,2026-09-02T10:30:00,short,100,77561,76687
2026-09-02T10:30:00,2026-09-02T11:00:00,long,100,76687,76549
2026-09-02T11:30:00,2026-09-02T12:30:00,long,100,76595,76825
2026-09-02T12:30:00,2026-09-02T13:00:00,short,100,76733,76687
2026-09-02T13:00:00,2026-09-02T14:30:00,long,100,76733,77147
2026-09-02T14:30:00,2026-09-02T15:30:00,short,100,77147,77147
2026-09-02T15:30:00,2026-09-02T16:30:00,long,100,77239,77285
2026-09-02T16:30:00,2026-09-02T17:30:00,short,100,77285,77239
2026-09-02T17:30:00,2026-09-02T19:00:00,long,100,77331,77239
2026-09-02T19:00:00,2026-09-02T19:30:00,short,100,77239,77239
2026-09-02T19:30:00,2026-09-02T22:00:00,long,100,77285,77193
2026-09-02T22:00:00,2026-09-02T23:00:00,short,100,77193,77101
2026-09-02T23:00:00,2026-09-03T00:00:00,long,100,77147,77147
2026-09-03T00:00:00,2026-09-03T01:00:00,short,100,77101,77101
2026-09-03T01:00:00,2026-09-03T01:30:00,long,100,77101,77285
2026-09-03T02:00:00,2026-09-03T03:30:00,long,100,77423.0,77653.0
2026-09-03T03:30:00,2026-09-03T04:30:00,short,100,77653.0,77699.0
2026-09-03T04:30:00,2026-09-03T05:00:00,long,100,77791.0,77653.0
2026-09-03T05:00:00,2026-09-03T05:30:00,short,100,77653.0,77285.0
2026-09-03T05:30:00,2026-09-03T07:30:00,long,100,77331.0,77745.0
2026-09-03T07:30:00,2026-09-03T08:00:00,short,100,77745.0,77745.0
2026-09-03T08:00:00,2026-09-03T08:30:00,long,100,77837.0,77837.0
2026-09-03T08:30:00,2026-09-03T10:30:00,short,100,77837.0,77745.0
2026-09-03T11:00:00,2026-09-03T13:00:00,long,100,77791.0,78481.0
2026-09-03T13:00:00,2026-09-03T13:30:00,short,100,78481.0,78573.0
2026-09-03T13:30:00,2026-09-03T16:00:00,long,100,78711.0,81149.0
2026-09-03T16:00:00,2026-09-03T16:30:00,short,100,81149.0,80873.0
2026-09-03T16:30:00,2026-09-03T20:00:00,long,100,80965.0,81563.0
2026-09-03T20:00:00,2026-09-03T21:00:00,short,100,81563.0,81609.0
2026-09-03T21:00:00,2026-09-03T21:30:00,long,100,81747.0,81609.0
2026-09-03T21:30:00,2026-09-03T23:00:00,short,100,81609.0,81241.0
2026-09-03T23:00:00,2026-09-04T00:00:00,long,100,81287.0,81149.0
2026-09-04T00:00:00,2026-09-04T01:30:00,short,100,81103.0,80965.0
2026-09-04T01:30:00,2026-09-04T02:00:00,long,100,80965.0,80781.0
2026-09-04T02:00:00,2026-09-04T02:30:00,short,100,80781.0,80827.0
2026-09-04T02:30:00,2026-09-04T04:30:00,long,100,80827.0,81057.0
2026-09-04T04:30:00,2026-09-04T07:00:00,short,100,81011.0,80873.0
2026-09-04T07:30:00,2026-09-04T08:00:00,short,100,80735.0,80735.0
2026-09-04T08:00:00,2026-09-04T09:00:00,long,100,80735.0,80965.0
2026-09-04T10:30:00,2026-09-04T12:30:00,long,100,81103.0,81149.0
2026-09-04T12:30:00,2026-09-04T15:00:00,short,100,81149.0,79033.0
2026-09-04T15:00:00,2026-09-04T17:00:00,long,100,79033.0,79539.0
2026-09-04T17:00:00,2026-09-04T18:30:00,short,100,79493.0,79585.0
2026-09-04T19:00:00,2026-09-04T20:30:00,long,100,79631.0,79631.0
2026-09-04T20:30:00,2026-09-04T21:00:00,short,100,79631.0,79769.0
2026-09-04T21:00:00,2026-09-04T21:30:00,long,100,79769.0,79631.0
2026-09-04T21:30:00,2026-09-04T23:00:00,short,100,79631.0,79723.0
2026-09-04T23:30:00,2026-09-05T06:00:00,short,100,79585.0,79631.0
2026-09-05T07:00:00,2026-09-05T13:30:00,long,100,79677.0,79539.0
2026-09-05T13:30:00,2026-09-05T14:00:00,short,100,79539.0,79677.0
2026-09-05T14:00:00,2026-09-05T18:00:00,long,100,79677.0,79907.0
2026-09-05T18:00:00,2026-09-05T21:00:00,short,100,79907.0,79861.0
2026-09-05T22:30:00,2026-09-06T00:00:00,short,100,79723.0,79861.0
2026-09-06T00:00:00,2026-09-06T04:00:00,long,100,79907.0,79861.0
2026-09-06T04:00:00,2026-09-06T05:30:00,short,100,79861.0,79999.0
2026-09-06T05:30:00,2026-09-06T06:00:00,long,100,79999.0,79861.0
2026-09-06T06:00:00,2026-09-06T09:00:00,short,100,79861.0,79907.0
2026-09-06T09:00:00,2026-09-06T09:30:00,long,100,79953.0,79815.0
2026-09-06T09:30:00,2026-09-06T10:00:00,short,100,79815.0,79953.0
2026-09-06T10:00:00,2026-09-06T13:00:00,long,100,79953.0,79815.0
2026-09-06T13:00:00,2026-09-06T15:30:00,short,100,79815.0,79677.0
2026-09-06T15:30:00,2026-09-06T19:30:00,long,100,79723.0,79769.0
2026-09-06T20:00:00,2026-09-06T22:00:00,long,100,79907.0,79769.0
2026-09-06T22:00:00,2026-09-06T22:30:00,short,100,79769.0,79907.0
2026-09-06T22:30:00,2026-09-07T00:00:00,long,100,79907.0,80137.0
2026-09-07T00:00:00,2026-09-07T02:00:00,short,100,80137.0,80045.0
2026-09-07T02:30:00,2026-09-07T04:30:00,short,100,79907.0,79723.0
2026-09-07T04:30:00,2026-09-07T06:00:00,long,100,79723.0,79677.0
2026-09-07T06:30:00,2026-09-07T11:00:00,short,100,79631.0,79447.0
2026-09-07T11:00:00,2026-09-07T13:30:00,long,100,79447.0,79447.0
2026-09-07T13:30:00,2026-09-07T14:30:00,short,100,79355.0,79171.0
2026-09-07T14:30:00,2026-09-07T15:00:00,long,100,79171.0,79033.0
2026-09-07T15:00:00,2026-09-07T16:30:00,short,100,78987.0,78941.0
2026-09-07T16:30:00,2026-09-07T20:00:00,long,100,78941.0,79171.0
2026-09-07T22:00:00,2026-09-07T23:30:00,short,100,79125.0,79079.0
2026-09-07T23:30:00,2026-09-08T00:00:00,long,100,79125.0,78987.0
2026-09-08T00:00:00,2026-09-08T00:30:00,short,100,78987.0,79079.0
2026-09-08T00:30:00,2026-09-08T02:00:00,long,100,79079.0,79263.0
2026-09-08T02:00:00,2026-09-08T03:30:00,short,100,79217.0,78895.0
2026-09-08T04:00:00,2026-09-08T05:00:00,short,100,78757.0,78803.0
2026-09-08T05:00:00,2026-09-08T05:30:00,long,100,78803.0,78665.0
2026-09-08T05:30:00,2026-09-08T07:00:00,short,100,78619.0,78435.0
2026-09-08T07:00:00,2026-09-08T10:30:00,long,100,78435.0,78665.0
2026-09-08T10:30:00,2026-09-08T14:00:00,short,100,78573.0,78113.0
2026-09-08T14:00:00,2026-09-08T15:00:00,long,100,78113.0,78389.0
2026-09-08T15:30:00,2026-09-08T16:00:00,long,100,78527.0,78757.0
2026-09-08T16:00:00,2026-09-08T16:30:00,short,100,78757.0,78711.0
2026-09-08T17:00:00,2026-09-08T18:00:00,short,100,78573.0,78619.0
2026-09-08T18:00:00,2026-09-08T18:30:00,long,100,78665.0,78573.0
2026-09-08T18:30:00,2026-09-08T20:00:00,short,100,78573.0,78527.0
2026-09-08T20:00:00,2026-09-08T20:30:00,long,100,78573.0,78435.0
2026-09-08T20:30:00,2026-09-08T22:30:00,short,100,78435.0,78573.0
2026-09-08T22:30:00,2026-09-08T23:00:00,long,100,78573.0,78435.0
2026-09-08T23:00:00,2026-09-09T00:00:00,short,100,78435.0,78573.0
2026-09-09T00:00:00,2026-09-09T02:30:00,long,100,78573.0,78711.0
2026-09-09T02:30:00,2026-09-09T04:00:00,short,100,78665.0,78711.0
2026-09-09T04:00:00,2026-09-09T05:30:00,long,100,78757.0,78987.0
2026-09-09T05:30:00,2026-09-09T06:00:00,short,100,78987.0,79033.0
2026-09-09T06:00:00,2026-09-09T09:00:00,long,100,79125.0,79493.0
2026-09-09T09:00:00,2026-09-09T10:00:00,short,100,79493.0,79079.0
2026-09-09T10:30:00,2026-09-09T11:00:00,short,100,78941.0,78987.0
2026-09-09T11:00:00,2026-09-09T13:30:00,long,100,78987.0,79447.0
2026-09-09T13:30:00,2026-09-09T14:00:00,short,100,79447.0,79217.0
2026-09-09T14:00:00,2026-09-09T14:30:00,long,100,79263.0,79125.0
2026-09-09T14:30:00,2026-09-09T15:30:00,short,100,79125.0,78527.0
2026-09-09T15:30:00,2026-09-09T18:00:00,long,100,78527.0,78665.0
2026-09-09T18:00:00,2026-09-09T20:30:00,short,100,78573.0,78251.0
2026-09-09T20:30:00,2026-09-09T21:30:00,long,100,78251.0,78159.0
2026-09-09T22:00:00,2026-09-09T23:00:00,short,100,78067.0,78067.0
2026-09-09T23:00:00,2026-09-10T00:30:00,long,100,78067.0,78159.0
2026-09-10T02:00:00,2026-09-10T02:30:00,short,100,78067.0,78159.0
2026-09-10T02:30:00,2026-09-10T06:05:03,long,100,78159.0,78427.37
2026-09-10T11:30:00,2026-09-10T13:30:00,short,100,77883.0,77009.0
2026-09-10T13:30:00,2026-09-10T15:00:00,long,100,77009.0,77239.0
2026-09-10T15:00:00,2026-09-10T15:30:00,short,100,77147.0,77193.0
2026-09-10T15:30:00,2026-09-10T16:00:00,long,100,77193.0,77101.0
2026-09-10T16:00:00,2026-09-10T16:30:00,short,100,77101.0,77009.0
2026-09-10T16:30:00,2026-09-10T18:00:00,long,100,77009.0,77147.0
2026-09-10T18:00:00,2026-09-10T18:30:00,short,100,77101.0,77147.0
2026-09-10T18:30:00,2026-09-10T19:30:00,long,100,77147.0,77101.0
2026-09-10T19:30:00,2026-09-10T20:00:00,short,100,77101.0,77239.0
2026-09-10T20:00:00,2026-09-10T21:30:00,long,100,77239.0,77147.0
2026-09-10T21:30:00,2026-09-11T00:00:00,short,100,77147.0,76687.0
2026-09-11T00:00:00,2026-09-11T02:00:00,long,100,76687.0,76779.0
2026-09-11T04:00:00,2026-09-11T04:30:00,long,100,76917.0,77055.0
2026-09-11T05:30:00,2026-09-11T09:00:00,long,100,77193.0,77193.0
2026-09-11T09:00:00,2026-09-11T11:30:00,short,100,77193.0,76963.0
2026-09-11T11:30:00,2026-09-11T13:00:00,long,100,77009.0,77837.0
2026-09-11T13:00:00,2026-09-11T13:30:00,short,100,77837.0,77607.0
2026-09-11T13:30:00,2026-09-11T14:00:00,long,100,77699.0,79125.0
2026-09-11T14:00:00,2026-09-11T16:30:00,short,100,79125.0,77791.0
2026-09-11T16:30:00,2026-09-11T17:30:00,long,100,77791.0,77745.0
2026-09-11T17:30:00,2026-09-11T19:00:00,short,100,77561.0,77193.0
2026-09-11T19:00:00,2026-09-11T21:30:00,long,100,77193.0,77193.0
2026-09-11T21:30:00,2026-09-11T23:00:00,short,100,77055.0,77193.0
2026-09-11T23:00:00,2026-09-12T05:00:00,long,100,77193.0,77147.0
2026-09-12T06:30:00,2026-09-12T17:00:00,long,100,77285.0,77285.0
2026-09-12T17:00:00,2026-09-12T21:30:00,short,100,77239.0,77239.0
2026-09-13T01:30:00,2026-09-13T03:30:00,long,100,77285.0,77147.0
2026-09-13T03:30:00,2026-09-13T05:00:00,short,100,77147.0,77285.0
2026-09-13T05:00:00,2026-09-13T06:30:00,long,100,77285.0,77147.0
2026-09-13T06:30:00,2026-09-13T09:30:00,short,100,77147.0,76779.0
2026-09-13T09:30:00,2026-09-13T10:30:00,long,100,76779.0,76641.0
2026-09-13T10:30:00,2026-09-13T13:30:00,short,100,76595.0,76687.0
2026-09-13T13:30:00,2026-09-13T15:00:00,long,100,76687.0,77009.0
2026-09-13T15:30:00,2026-09-13T22:00:00,long,100,77147.0,77239.0
2026-09-13T22:00:00,2026-09-14T00:30:00,short,100,77239.0,76595.0
2026-09-14T00:30:00,2026-09-14T03:30:00,long,100,76595.0,77653.0
2026-09-14T03:30:00,2026-09-14T07:00:00,short,100,77653.0,77653.0
2026-09-14T07:30:00,2026-09-14T08:00:00,long,100,77791.0,77699.0
2026-09-14T08:00:00,2026-09-14T09:30:00,short,100,77699.0,77837.0
2026-09-14T09:30:00,2026-09-14T10:00:00,long,100,77883.0,78021.0
2026-09-14T10:00:00,2026-09-14T12:00:00,short,100,78021.0,77929.0
2026-09-14T12:30:00,2026-09-14T13:00:00,short,100,77837.0,77791.0
2026-09-14T13:00:00,2026-09-14T15:00:00,long,100,77837.0,78343.0
2026-09-14T15:00:00,2026-09-14T15:30:00,short,100,78343.0,78481.0
2026-09-14T15:30:00,2026-09-14T19:30:00,long,100,78573.0,79033.0
2026-09-14T19:30:00,2026-09-14T20:00:00,short,100,79033.0,79079.0
2026-09-14T20:00:00,2026-09-14T20:30:00,long,100,79217.0,79309.0
2026-09-14T20:30:00,2026-09-15T05:30:00,short,100,79309.0,77515.0
2026-09-15T05:30:00,2026-09-15T06:00:00,long,100,77515.0,77469.0
2026-09-15T06:30:00,2026-09-15T08:30:00,short,100,77285.0,77009.0
2026-09-15T08:30:00,2026-09-15T09:00:00,long,100,77009.0,76871.0
2026-09-15T10:30:00,2026-09-15T11:30:00,long,100,77009.0,76917.0
2026-09-15T13:30:00,2026-09-15T15:00:00,short,100,76779.0,76089.0
2026-09-15T15:00:00,2026-09-15T16:30:00,long,100,76089.0,76319.0
2026-09-15T17:00:00,2026-09-15T18:30:00,long,100,76457.0,76779.0
2026-09-15T18:30:00,2026-09-15T19:30:00,short,100,76779.0,76043.0
2026-09-15T19:30:00,2026-09-15T20:00:00,long,100,76043.0,76043.0
2026-09-15T20:00:00,2026-09-15T20:30:00,short,100,75905.0,75813.0
2026-09-15T20:30:00,2026-09-15T21:00:00,long,100,75813.0,75813.0
2026-09-15T21:00:00,2026-09-15T22:30:00,short,100,75721.0,75583.0
2026-09-15T22:30:00,2026-09-16T01:30:00,long,100,75583.0,75675.0
2026-09-16T01:30:00,2026-09-16T02:00:00,short,100,75583.0,75583.0
2026-09-16T02:00:00,2026-09-16T03:00:00,long,100,75583.0,75813.0
2026-09-16T05:30:00,2026-09-16T07:00:00,long,100,75951.0,75859.0
2026-09-16T07:00:00,2026-09-16T08:30:00,short,100,75859.0,75552.5
2026-09-16T08:30:00,2026-09-16T12:00:00,long,100,75598.5,76039.5
2026-09-16T12:00:00,2026-09-16T14:00:00,short,100,76039.5,75775.5
2026-09-16T14:00:00,2026-09-16T14:30:00,long,100,75821.5,75677.5
2026-09-16T14:30:00,2026-09-16T15:30:00,short,100,75677.5,75764.0
2026-09-16T15:30:00,2026-09-16T17:00:00,long,100,75764.0,75654.0
2026-09-16T17:00:00,2026-09-16T18:00:00,short,100,75654.0,
2026-09-16T18:00:00,2026-09-16T18:30:00,long,100,75792.0,75811.0
2026-09-16T18:30:00,2026-09-16T19:30:00,short,100,75765.0,75693.5
2026-09-16T19:30:00,2026-09-16T21:00:00,long,100,75739.5,76014.5
2026-09-16T21:30:00,2026-09-16T23:00:00,short,100,75970.5,75830.5
2026-09-16T23:00:00,2026-09-17T01:30:00,long,100,75876.5,76439.5
2026-09-17T01:30:00,2026-09-17T02:30:00,short,100,76439.5,76299.5
2026-09-17T02:30:00,2026-09-17T04:00:00,long,100,76391.5,76298.0
2026-09-17T04:00:00,2026-09-17T04:30:00,short,100,76298.0,76284.5
2026-09-17T04:30:00,2026-09-17T05:30:00,long,100,76330.5,76396.5
2026-09-17T05:30:00,2026-09-17T06:00:00,short,100,76350.5,76440.0
2026-09-17T06:00:00,2026-09-17T09:30:00,long,100,76455.0,76483.5
2026-09-17T09:30:00,2026-09-17T11:30:00,short,100,76483.5,76457.0
2026-09-17T11:30:00,2026-09-17T12:30:00,long,100,76503.0,76825.0
2026-09-17T12:30:00,2026-09-17T13:30:00,short,100,76825.0,76595.0
2026-09-17T13:30:00,2026-09-17T14:30:00,long,100,76641.0,76779.0
2026-09-17T14:30:00,2026-09-17T15:30:00,short,100,76733.0,76595.0
2026-09-17T15:30:00,2026-09-17T17:30:00,long,100,76641.0,76733.0
2026-09-17T17:30:00,2026-09-17T20:00:00,short,100,76687.0,76687.0
2026-09-17T20:30:00,2026-09-17T21:02:06,short,100,76549.0,76568.91426863
2026-09-17T22:30:00,2026-09-18T00:00:00,long,100,76411.0,76319.0
2026-09-18T00:30:00,2026-09-18T04:00:00,long,100,76457.0,77239.0
2026-09-18T04:00:00,2026-09-18T04:30:00,short,100,77239.0,77377.0
2026-09-18T04:30:00,PENDING,long,100,77515.0,
